host_timestamp_ns,device_timestamp,sequence,gyro_raw_x,gyro_raw_y,gyro_raw_z,accel_raw_x,accel_raw_y,accel_raw_z,gyro_x,gyro_y,gyro_z,accel_x,accel_y,accel_z
181862274746400,62956456955061,153,-4704,1312,-2752,-4608,127552,518272,,,,,,
181862274759900,62956457955936,154,-4448,736,-2432,-4352,126528,523776,,,,,,
181862275289200,62956458959603,155,-5408,1152,-2656,-2752,127872,525632,,,,,,
181862276319200,62956459956436,156,-4448,1152,-2656,-3008,128704,522304,,,,,,
181862277137600,62956460954103,157,-5088,1312,-2464,-5056,127808,523328,,,,,,
181862278144600,62956461953603,158,-4992,1568,-2496,-3776,128576,523904,,,,,,
181862279118800,62956462954353,159,-4640,1216,-2304,-4224,125952,521024,,,,,,
181862280118700,62956463954686,160,-4864,1184,-2080,-2752,128384,522048,,,,,,
181862281120500,62956464953644,161,-4320,1024,-2368,-4608,126272,520960,,,,,,
181862282123500,62956465953603,162,-4960,1568,-2688,-3840,124032,522752,,,,,,
181862283123300,62956466953478,163,-4512,800,-2400,-4480,127744,520704,,,,,,
181862284226500,62956467953478,164,-4832,1376,-2400,-3648,126080,521792,,,,,,
181862285162700,62956468953811,165,-4416,1056,-2176,-5376,125952,521216,,,,,,
181862286132700,62956469955103,166,-4480,992,-1920,-4352,127360,524672,,,,,,
181862287121700,62956470953811,167,-4736,992,-2688,-4160,128576,523648,,,,,,
181862288123100,62956471953603,168,-4320,832,-1888,-4416,127232,520640,,,,,,
181862289125200,62956472956061,169,-3744,1376,-2240,-6208,127104,522816,,,,,,
181862290119400,62956473953644,170,-4480,1344,-2240,-4736,128704,521216,,,,,,
181862291119300,62956474953811,171,-3776,1216,-2624,-4672,126976,521216,,,,,,
181862292137600,62956475953561,172,-4192,1696,-3072,-3648,127808,520192,,,,,,
181862293169000,62956476953811,173,-3968,1408,-1632,-4672,128576,523648,,,,,,
181862294136700,62956477953603,174,-3968,1568,-1632,-3136,127232,521344,,,,,,
181862295119100,62956478953519,175,-4512,1152,-2496,-3200,128960,521728,,,,,,
181862296117700,62956479953561,176,-4704,1376,-2592,-5440,128192,521216,,,,,,
181862297123400,62956480953603,177,-4192,1568,-2496,-2560,129856,523392,,,,,,
181862298123900,62956481955186,178,-4736,1056,-2016,-3840,125952,524736,,,,,,
181862299122400,62956482953519,179,-4192,1408,-2624,-2816,128576,524544,,,,,,
181862300120900,62956483953603,180,-4384,1504,-2208,-4864,127232,522816,,,,,,
181862301118600,62956484953478,181,-4352,960,-2112,-2432,128384,520768,,,,,,
181862302125600,62956485953561,182,-5088,832,-2304,-2688,128448,523456,,,,,,
181862303115700,62956486953644,183,-4672,1216,-3040,-3072,128320,524160,,,,,,
181862304119000,62956487953561,184,-4832,1024,-1824,-3648,128320,521792,,,,,,
181862305119300,62956488953686,185,-4640,1120,-2496,-3648,129408,522048,,,,,,
181862306123700,62956489953644,186,-4480,1184,-2560,-3968,127808,522240,,,,,,
181862307122600,62956490954061,187,-5056,1152,-2752,-3584,128256,523456,,,,,,
181862308122300,62956491953603,188,-5536,544,-2176,-2560,127808,521984,,,,,,
181862309117800,62956492954353,189,-5120,1536,-2688,-5568,127872,520448,,,,,,
181862310130600,62956493953728,190,-5248,1088,-2656,-3776,127040,524096,,,,,,
181862311139100,62956494953561,191,-5216,1248,-2400,-2560,127744,522752,,,,,,
181862312118800,62956495953811,192,-5120,1312,-2272,-4224,128192,524352,,,,,,
181862313119400,62956496953478,193,-5568,1248,-2752,-2496,128640,523904,,,,,,
181862314121600,62956497953686,194,-5376,1184,-2528,-3456,127488,524160,,,,,,
181862315125300,62956498955019,195,-4768,1024,-3008,-3520,126400,524800,,,,,,
181862316250800,62956499953686,196,-5056,1312,-3264,-4608,128128,523520,,,,,,
181862317111500,62956500956269,197,-5184,1216,-1536,-2688,127744,526144,,,,,,
181862318124700,62956501953561,198,-5472,1760,-3104,-3392,127232,524224,,,,,,
181862319119400,62956502955769,199,-4832,960,-2048,-4736,126912,525056,,,,,,
181862320119700,62956503953603,200,-4416,1312,-2464,-1216,127424,523776,,,,,,
181862321241100,62956504953394,201,-5088,1024,-2400,-2944,126784,523776,,,,,,
181862322117100,62956505953686,202,-4896,832,-2368,-3008,126656,526080,,,,,,
181862323116600,62956506953478,203,-4576,1248,-2336,-4672,128320,525632,,,,,,
181862324119600,62956507953769,204,-4576,1344,-2176,-2432,128000,526272,,,,,,
181862325208500,62956508953603,205,-4416,1120,-2464,-3520,127808,523136,,,,,,
181862326109800,62956509955061,206,-4320,1088,-2080,-5120,128640,524032,,,,,,
181862327125500,62956510955269,207,-4704,1440,-2080,-4032,126144,523264,,,,,,
181862328119400,62956511953394,208,-3968,928,-1632,-3456,129472,523008,,,,,,
181862329118600,62956512954519,209,-4448,1440,-2144,-3328,128064,524160,,,,,,
181862330116200,62956513953561,210,-4256,1632,-2592,-4992,128704,524800,,,,,,
181862331106100,62956514953686,211,-4448,928,-1600,-3392,128000,526912,,,,,,
181862332118300,62956515953561,212,-4128,1696,-2144,-4608,128128,523136,,,,,,
181862333121700,62956516953686,213,-4576,1184,-2496,-3328,129664,523264,,,,,,
181862334124500,62956517956311,214,-4256,1504,-2624,-4480,127680,526464,,,,,,
181862335121500,62956518953519,215,-4160,1312,-2080,-4288,130432,525632,,,,,,
181862336120100,62956519953728,216,-4640,1344,-2432,-3584,129728,523264,,,,,,
181862337120800,62956520954686,217,-5056,1216,-2336,-2176,129024,524736,,,,,,
181862338122800,62956521953603,218,-4832,1312,-2560,-4800,128256,524416,,,,,,
181862339117400,62956522953603,219,-4608,1344,-2560,-2496,126016,525312,,,,,,
181862340120700,62956523953686,220,-4000,1152,-2240,-5248,129472,524416,,,,,,
181862341122900,62956524953603,221,-4576,1120,-2240,-2944,126784,526272,,,,,,
181862342120300,62956525953561,222,-3872,1504,-2752,-3712,127872,523456,,,,,,
181862343122900,62956526953644,223,-4480,928,-1920,-4352,128832,526016,,,,,,
181862344138300,62956527953644,224,-4928,1344,-2496,-3520,131200,526272,,,,,,
181862345120400,62956528953644,225,-4480,1088,-2240,-2944,128640,524032,,,,,,
181862346120500,62956529955603,226,-4896,1024,-1728,-4544,129408,527168,,,,,,
181862347125300,62956530955019,227,-4928,1504,-2528,-2240,128960,525056,,,,,,
181862348122000,62956531953603,228,-4800,1440,-1920,-3072,129024,522624,,,,,,
181862349122100,62956532953478,229,-4960,1536,-2784,-3968,126976,524672,,,,,,
181862350117100,62956533953603,230,-4640,1344,-2720,-3712,128384,526784,,,,,,
181862351123800,62956534955019,231,-4928,1152,-2432,-5248,129024,526080,,,,,,
181862352121000,62956535953728,232,-5408,1344,-2752,-3904,129280,525248,,,,,,
181862353120900,62956536953561,233,-4960,1152,-2528,-4672,128640,525248,,,,,,
181862354122000,62956537953561,234,-4960,1056,-1952,-3840,131648,525824,,,,,,
181862355116700,62956538953644,235,-5024,1312,-3072,-4864,128768,524992,,,,,,
181862356244600,62956539955311,236,-4608,1408,-2880,-4032,130688,524032,,,,,,
181862357111800,62956540956478,237,-4960,1152,-2656,-3328,129152,524480,,,,,,
181862358112800,62956541953436,238,-5632,1152,-2816,-3840,128000,526592,,,,,,
181862359128000,62956542953769,239,-4576,1312,-2560,-3456,129792,524416,,,,,,
181862360126600,62956543953603,240,-4576,1152,-2016,-2688,128320,524928,,,,,,
181862361129000,62956544953519,241,-5152,1184,-2208,-3072,128960,527168,,,,,,
181862362128600,62956545953603,242,-4448,1280,-3104,-3456,129024,525632,,,,,,
181862363117800,62956546953519,243,-4320,1344,-2368,-3456,128256,526336,,,,,,
181862364131900,62956547955644,244,-5024,992,-2400,-4928,128448,525504,,,,,,
181862365117300,62956548953519,245,-4864,1120,-3008,-4224,128256,525312,,,,,,
181862366117200,62956549953728,246,-4576,1216,-2560,-5056,127808,524608,,,,,,
181862367113700,62956550953769,247,-5120,1376,-2240,-5120,127872,522240,,,,,,
181862368122100,62956551953519,248,-4288,704,-2304,-4736,127936,526592,,,,,,
181862369132700,62956552953686,249,-4320,1600,-2528,-4608,126592,525248,,,,,,
181862370109500,62956553953519,250,-4736,1184,-2624,-4800,128128,525824,,,,,,
181862371121400,62956554953811,251,-4544,1056,-2720,-4928,127808,523584,,,,,,
181862372107700,62956555953644,252,-4704,1504,-3072,-5056,128064,523456,,,,,,
181862373112300,62956556953519,253,-4896,896,-2080,-5248,129152,526976,,,,,,
181862374107800,62956557953603,254,-4000,1216,-2016,-4544,126464,523968,,,,,,
181862375139600,62956558953436,255,-4288,1120,-2688,-4864,129088,524608,,,,,,
181862376118600,62956559953603,0,-4320,512,-2528,-4352,129472,526848,,,,,,
181862377148400,62956560954436,1,-4352,864,-2176,-3264,127040,525632,,,,,,
181862378118100,62956561953644,2,-4032,1088,-1792,-5504,126144,526400,,,,,,
181862379118000,62956562953644,3,-4064,1344,-2528,-3200,129472,522368,,,,,,
181862380121100,62956563953394,4,-4800,1440,-2080,-4416,130112,523904,,,,,,
181862381207000,62956564954728,5,-4448,1120,-2624,-4224,128064,526208,,,,,,
181862382114600,62956565953311,6,-4736,1056,-2752,-3904,127936,523072,,,,,,
181862383126900,62956566953561,7,-4576,1248,-2304,-3904,127424,523392,,,,,,
181862384112500,62956567953478,8,-4928,1184,-2688,-4992,128384,522432,,,,,,
181862385110800,62956568953561,9,-4480,928,-1984,-3584,127296,523584,,,,,,
181862386125100,62956569954936,10,-4672,1216,-2240,-5120,127616,524800,,,,,,
181862387109000,62956570953478,11,-4672,704,-2272,-5184,128704,524032,,,,,,
181862388114600,62956571953353,12,-5696,1216,-2272,-3008,127936,524224,,,,,,
181862389120200,62956572953519,13,-4960,1184,-2272,-4096,128960,526016,,,,,,
181862390109300,62956573953603,14,-4992,1344,-3264,-3008,130176,524544,,,,,,
181862391115700,62956574953603,15,-5152,832,-1984,-6720,128640,524864,,,,,,
181862392118100,62956575953644,16,-4832,1120,-2944,-4608,127040,527168,,,,,,
181862393122500,62956576955186,17,-4736,1376,-2208,-3712,128832,524672,,,,,,
181862394110800,62956577953561,18,-4992,1216,-2656,-5568,130560,523904,,,,,,
181862395115200,62956578953644,19,-5088,608,-2528,-3328,128640,524416,,,,,,
181862396128700,62956579953519,20,-5120,928,-2496,-4928,128704,525440,,,,,,
181862397122900,62956580954728,21,-4640,1312,-2272,-2624,129024,524800,,,,,,
181862398122500,62956581955603,22,-4704,1664,-2848,-3136,128256,524800,,,,,,
181862399123000,62956582953561,23,-4384,1504,-2208,-2560,127808,526528,,,,,,
181862400122600,62956583953519,24,-4640,1024,-2784,-4864,129024,524352,,,,,,
181862401138000,62956584953644,25,-5120,1472,-2688,-3968,128064,526656,,,,,,
181862402121700,62956585953603,26,-4768,1536,-2080,-3456,129472,525440,,,,,,
181862403131300,62956586953519,27,-4384,896,-2464,-5376,127552,525376,,,,,,
181862404120200,62956587955061,28,-4672,1664,-2720,-3712,130048,526464,,,,,,
181862405118900,62956588953228,29,-4896,1664,-2400,-4608,128320,525888,,,,,,
181862406119300,62956589953353,30,-4576,1152,-1984,-3584,126144,526144,,,,,,
181862407109900,62956590955144,31,-4864,1952,-3136,-5184,127232,524032,,,,,,
181862408120800,62956591953519,32,-4032,1056,-2112,-2560,126976,525568,,,,,,
181862409126400,62956592953769,33,-4800,832,-2080,-4096,126784,525952,,,,,,
181862410161800,62956593953478,34,-4320,1088,-2816,-3520,128896,523712,,,,,,
181862411119000,62956594953603,35,-5024,1056,-2656,-4544,127616,522816,,,,,,
181862412121200,62956595953519,36,-3744,1536,-2496,-3008,126976,524032,,,,,,
181862413122700,62956596953394,37,-4128,1216,-2624,-5184,127232,524544,,,,,,
181862414124900,62956597953519,38,-4480,1440,-1920,-3200,126016,526208,,,,,,
181862415125000,62956598953603,39,-4512,1344,-2304,-3264,129408,521024,,,,,,
181862416128300,62956599953728,40,-4032,1504,-2112,-4288,127488,523008,,,,,,
181862417119900,62956600955811,41,-4256,1472,-2720,-3008,128320,523776,,,,,,
181862418125200,62956601953769,42,-4384,1344,-2208,-2368,127808,524480,,,,,,
181862419121400,62956602953519,43,-4288,1344,-2752,-5312,128768,522560,,,,,,
181862420123200,62956603953478,44,-4224,1632,-2432,-2432,127296,522944,,,,,,
181862421125700,62956604953478,45,-4096,1472,-1440,-2880,128384,523648,,,,,,
181862422120000,62956605953394,46,-4384,928,-2528,-5248,128960,523584,,,,,,
181862423120300,62956606953561,47,-3264,832,-2272,-4416,127168,521344,,,,,,
181862424117700,62956607953394,48,-3776,1312,-1728,-3264,129344,518528,,,,,,
181862425126100,62956608953353,49,-4704,1344,-2752,-4928,129088,523264,,,,,,
181862426126400,62956609953519,50,-4352,1152,-2400,-3200,128000,520000,,,,,,
181862427120300,62956610954894,51,-3808,1216,-1984,-5568,126976,519232,,,,,,
181862428120200,62956611953603,52,-4736,1312,-2304,-1728,128256,520704,,,,,,
181862429124300,62956612953436,53,-4544,1024,-2592,-3968,127488,522944,,,,,,
181862430123700,62956613953644,54,-4512,1504,-2368,-3904,127424,518272,,,,,,
181862431122800,62956614953519,55,-4448,1760,-2944,-3712,129024,520000,,,,,,
181862432123200,62956615953644,56,-4928,1376,-2304,-4992,128128,522048,,,,,,
181862433123600,62956616953728,57,-4480,1376,-2688,-3968,127424,522944,,,,,,
181862434125500,62956617953478,58,-5408,1632,-2720,-3968,129152,522240,,,,,,
181862435123500,62956618953644,59,-4192,1152,-2528,-4864,127808,522880,,,,,,
181862436119700,62956619953394,60,-4864,1184,-2656,-3904,128640,523008,,,,,,
181862437121300,62956620955811,61,-4832,1312,-3008,-3968,127552,521024,,,,,,
181862438122900,62956621953561,62,-4768,1408,-2816,-3200,128448,523840,,,,,,
181862439122600,62956622953478,63,-4800,896,-2144,-3776,128000,522944,,,,,,
181862440124900,62956623953644,64,-5408,1120,-2720,-3328,126016,521728,,,,,,
181862441122300,62956624954186,65,-4928,1152,-2592,-4800,128128,521600,,,,,,
181862442118900,62956625953603,66,-4928,1216,-2080,-2880,128128,519936,,,,,,
181862443297700,62956626953644,67,-5376,768,-2528,-4672,126784,524032,,,,,,
181862444124800,62956627953603,68,-4960,1088,-2688,-3520,127808,525696,,,,,,
181862445122600,62956628953519,69,-4928,1120,-2400,-2496,128000,523392,,,,,,
181862446137000,62956629953353,70,-4320,1056,-2304,-3840,127872,522368,,,,,,
181862447110900,62956630954603,71,-4480,1056,-2048,-4800,127232,523776,,,,,,
181862448124200,62956631953603,72,-5472,1088,-2912,-2944,127744,523008,,,,,,
181862449124200,62956632954728,73,-4864,1152,-2176,-2752,126848,524544,,,,,,
181862450122100,62956633953603,74,-4768,1152,-2432,-5184,128128,525760,,,,,,
181862451267200,62956634953728,75,-4896,1248,-2272,-3520,128448,524352,,,,,,
181862452119100,62956635953686,76,-5056,928,-2688,-2432,127040,522560,,,,,,
181862453120800,62956636953519,77,-4960,1472,-2400,-4480,128448,523776,,,,,,
181862454122000,62956637953561,78,-4544,1376,-2400,-5440,127104,523008,,,,,,
181862455123900,62956638953478,79,-4320,960,-1952,-3328,125632,523520,,,,,,
181862456241300,62956639953686,80,-4512,1696,-2400,-3328,128704,522944,,,,,,
181862457170500,62956640953728,81,-4640,1152,-2336,-3200,129856,522880,,,,,,
181862458118600,62956641956311,82,-4416,1440,-2624,-2752,128768,525632,,,,,,
181862459113700,62956642953603,83,-4224,1344,-2208,-2368,127168,522688,,,,,,
181862460126800,62956643955019,84,-4160,1248,-2976,-3200,128320,523072,,,,,,
181862461119800,62956644953561,85,-4320,1664,-1920,-4288,128448,522560,,,,,,
181862462117700,62956645953436,86,-4512,1312,-2560,-5248,127360,523776,,,,,,
181862463119300,62956646954394,87,-4576,896,-1632,-2368,128704,524096,,,,,,
181862464116700,62956647955436,88,-4576,1152,-2976,-2368,127168,524544,,,,,,
181862465119600,62956648953394,89,-4640,1792,-2080,-3776,128832,521280,,,,,,
181862466117400,62956649953436,90,-4864,1280,-2464,-3840,127488,522752,,,,,,
181862467115900,62956650953519,91,-4704,1504,-3008,-3968,128256,523136,,,,,,
181862468118100,62956651953603,92,-4320,1472,-2176,-5120,127872,519808,,,,,,
181862469132600,62956652955394,93,-5280,1184,-2016,-4928,128448,524416,,,,,,
181862470121900,62956653953811,94,-4288,1408,-2048,-6016,128896,524608,,,,,,
181862471118000,62956654953519,95,-4768,1408,-3040,-4416,126592,521856,,,,,,
181862472117200,62956655953436,96,-4768,1344,-2080,-4736,128128,521600,,,,,,
181862473118700,62956656953436,97,-4448,896,-1856,-1600,128192,523840,,,,,,
181862474118700,62956657954936,98,-5216,1248,-2528,-3456,129280,525184,,,,,,
181862475117600,62956658953644,99,-4160,1024,-2176,-3968,126912,523456,,,,,,
181862476157500,62956659953519,100,-4064,1440,-2144,-4416,126208,525376,,,,,,
181862477112700,62956660953769,101,-4448,1184,-2368,-3264,129600,522816,,,,,,
181862478111100,62956661953686,102,-4608,1568,-2560,-4032,129600,523456,,,,,,
181862479110600,62956662953436,103,-4288,1568,-3168,-3392,126912,523840,,,,,,
181862480108300,62956663953519,104,-4192,1344,-2016,-2560,127872,522432,,,,,,
181862481108200,62956664953394,105,-5024,1408,-2144,-5312,128064,522560,,,,,,
181862482111400,62956665953644,106,-4448,1504,-2464,-4672,127936,522816,,,,,,
181862483108100,62956666954353,107,-4544,1152,-2720,-4160,128640,522368,,,,,,
181862484139300,62956667955269,108,-5120,1312,-2240,-4160,127744,519808,,,,,,
181862485117900,62956668953561,109,-4800,1472,-2592,-3648,126720,522560,,,,,,
181862486123800,62956669953644,110,-4576,1600,-2912,-5952,129536,524800,,,,,,
181862487117700,62956670954228,111,-4640,1504,-2400,-5824,128832,522816,,,,,,
181862488113000,62956671953436,112,-4544,1472,-2560,-3968,127424,523008,,,,,,
181862489115600,62956672953769,113,-5184,1248,-2496,-2816,126912,523136,,,,,,
181862490292100,62956673953603,114,-5024,1408,-2432,-4800,130176,524096,,,,,,
181862491116700,62956674953394,115,-4544,1344,-2592,-4416,128576,524160,,,,,,
181862492138400,62956675953686,116,-4736,1184,-2240,-1536,129408,525056,,,,,,
181862493141600,62956676953353,117,-4256,1280,-1920,-6592,128384,523968,,,,,,
181862494117400,62956677953269,118,-4512,1536,-2752,-3648,129664,524672,,,,,,
181862495120100,62956678953478,119,-4064,992,-1888,-3840,127616,525824,,,,,,
181862496109000,62956679953519,120,-4800,1216,-2592,-2944,129728,525312,,,,,,
181862497104000,62956680953603,121,-4928,1344,-2944,-3648,127744,522368,,,,,,
181862498124300,62956681953478,122,-3968,1248,-2272,-4544,128000,523072,,,,,,
181862499116700,62956682953519,123,-4800,1024,-2368,-2496,128832,524480,,,,,,
181862500117700,62956683953478,124,-4352,800,-2208,-6080,127936,526912,,,,,,
181862501128800,62956684953644,125,-4928,1184,-3360,-3904,129856,524096,,,,,,
181862502132700,62956685953686,126,-4256,1504,-2368,-4160,128768,526144,,,,,,
181862503117600,62956686953728,127,-5088,1280,-2848,-4864,127104,526784,,,,,,
181862504121600,62956687954894,128,-4576,1472,-2816,-3776,128704,526464,,,,,,
181862505122800,62956688953353,129,-4448,1184,-2272,-3776,127232,526144,,,,,,
181862506111000,62956689953519,130,-4704,1024,-1920,-4480,128576,527232,,,,,,
181862507118100,62956690953603,131,-4832,1280,-2496,-1664,127168,524928,,,,,,
181862508115400,62956691953561,132,-4192,1344,-2752,-2688,127936,526272,,,,,,
181862509112000,62956692953603,133,-4576,1504,-2688,-5312,128576,524992,,,,,,
181862510123000,62956693953644,134,-4192,1440,-2816,-6208,129152,526336,,,,,,
181862511114900,62956694953436,135,-4736,1440,-1824,-2944,129024,526848,,,,,,
181862512121900,62956695953478,136,-4736,1024,-2592,-3584,128960,525120,,,,,,
181862513157600,62956696953519,137,-4192,1728,-2528,-3520,129472,526464,,,,,,
181862514127800,62956697953269,138,-4704,1376,-2720,-3968,129728,527616,,,,,,
181862515116900,62956698953603,139,-4960,1504,-2592,-3776,127808,526784,,,,,,
181862516117400,62956699954061,140,-4672,1408,-3072,-2816,128768,521024,,,,,,
181862517110400,62956700953769,141,-5120,1472,-2080,-4288,130496,525056,,,,,,
181862518122800,62956701953561,142,-4576,1184,-1760,-4160,127680,524416,,,,,,
181862519128400,62956702953228,143,-4640,1408,-2624,-4416,130304,525696,,,,,,
181862520120400,62956703953728,144,-4576,1216,-2720,-3712,127616,524800,,,,,,
181862521117600,62956704953394,145,-5504,1408,-2912,-3648,128640,524864,,,,,,
181862522119900,62956705953644,146,-4128,832,-1632,-2624,128704,525376,,,,,,
181862523119900,62956706953519,147,-4640,928,-2720,-4352,129856,522112,,,,,,
181862524120100,62956707954769,148,-4320,1248,-2528,-3328,127872,523776,,,,,,
181862525118400,62956708953603,149,-4704,1280,-3008,-3968,128128,527744,,,,,,
181862526130100,62956709953394,150,-4768,1504,-2368,-4160,129152,524992,,,,,,
181862527121000,62956710953769,151,-4224,768,-2176,-2816,129408,524032,,,,,,
181862528122300,62956711956561,152,-4896,1312,-2720,-3584,128576,523968,,,,,,
181862529119200,62956712953728,153,-4480,1152,-2208,-3968,127936,527488,,,,,,
181862530119500,62956713953603,154,-4384,1568,-2464,-4160,128256,523392,,,,,,
181862531116200,62956714953394,155,-4128,1216,-1920,-1792,128064,524544,,,,,,
181862532119300,62956715953644,156,-4096,864,-2208,-1664,129216,525760,,,,,,
181862533113300,62956716953519,157,-5120,1248,-3008,-1408,128128,523456,,,,,,
181862534125000,62956717953686,158,-4256,1312,-1984,-4608,127552,523712,,,,,,
181862535126600,62956718956478,159,-4768,1120,-2368,-3008,126528,521728,,,,,,
181862536109600,62956719955853,160,-4480,1184,-2304,-4288,128320,525632,,,,,,
181862537108800,62956720953644,161,-4768,544,-2400,-3968,126400,524224,,,,,,
181862538107900,62956721953353,162,-4736,1120,-2528,-2368,127744,520768,,,,,,
181862539118000,62956722953644,163,-4256,1152,-2784,-4672,128256,525184,,,,,,
181862540107000,62956723953436,164,-3808,768,-2144,-2816,129344,523904,,,,,,
181862541119200,62956724953561,165,-4928,1280,-2048,-1856,128512,524608,,,,,,
181862542114800,62956725953519,166,-4832,1408,-2560,-4928,129024,523328,,,,,,
181862543114900,62956726953603,167,-4928,1248,-2720,-4224,129984,526208,,,,,,
181862544164700,62956727953478,168,-4320,1408,-2880,-3328,129152,523776,,,,,,
181862545235200,62956728953561,169,-5088,960,-3008,-2304,128576,522624,,,,,,
181862546187500,62956729956228,170,-4192,928,-2816,-3264,128384,522752,,,,,,
181862547118000,62956730953478,171,-4480,1056,-2976,-3264,129472,525056,,,,,,
181862548120200,62956731953644,172,-4864,832,-1952,-4416,130624,525504,,,,,,
181862549110500,62956732953561,173,-4448,1312,-2496,-3840,128064,524672,,,,,,
181862550108800,62956733953644,174,-4768,1376,-2048,-3264,127680,525376,,,,,,
181862551119100,62956734953561,175,-5408,1088,-2720,-1984,128192,522944,,,,,,
181862552129000,62956735953394,176,-4768,1152,-2784,-4544,128576,525056,,,,,,
181862553124800,62956736953561,177,-5056,1184,-2912,-4992,128064,526400,,,,,,
181862554111700,62956737953561,178,-5024,960,-2496,-5312,128640,525632,,,,,,
181862555120000,62956738953561,179,-4544,1248,-2688,-3968,128704,523328,,,,,,
181862556118000,62956739953269,180,-4928,1088,-1952,-3648,128576,523840,,,,,,
181862557117500,62956740954478,181,-4384,896,-2880,-4928,128256,525184,,,,,,
181862558112200,62956741954894,182,-4064,736,-2496,-2624,130560,522688,,,,,,
181862559119100,62956742953478,183,-4960,800,-2272,-5696,127744,521216,,,,,,
181862560117600,62956743953561,184,-5280,864,-2080,-4544,129472,523648,,,,,,
181862561110100,62956744953561,185,-4320,1280,-2656,-4608,129664,524096,,,,,,
181862562111400,62956745953603,186,-4608,1056,-3008,-3968,128960,523968,,,,,,
181862563244200,62956746953645,187,-4800,896,-2976,-3072,129152,524160,,,,,,
181862564112300,62956747953478,188,-4704,1600,-2752,-4032,128064,523200,,,,,,
181862565111100,62956748953520,189,-4800,1440,-2752,-1984,128576,523520,,,,,,
181862566110400,62956749953478,190,-4544,1472,-2560,-5376,127936,525120,,,,,,
181862567110100,62956750954728,191,-5088,1152,-2016,-5312,129408,525056,,,,,,
181862568113200,62956751953395,192,-4576,1184,-1536,-2304,127104,524608,,,,,,
181862569112100,62956752954103,193,-4832,1152,-2336,-4544,127616,522880,,,,,,
181862570111500,62956753954895,194,-4288,1504,-2688,-4672,128512,524736,,,,,,
181862571112000,62956754953561,195,-4288,1568,-2816,-3264,127744,524096,,,,,,
181862572114600,62956755953436,196,-4416,1408,-3136,-3264,128000,523520,,,,,,
181862573110800,62956756953103,197,-4192,1280,-2208,-4352,126656,523712,,,,,,
181862574107400,62956757953728,198,-4480,1312,-2432,-4416,128448,522752,,,,,,
181862575110600,62956758953520,199,-4576,1152,-2400,-5312,128384,522688,,,,,,
181862576115900,62956759953686,200,-4192,1408,-2528,-5376,129600,522112,,,,,,
181862577123200,62956760955270,201,-4128,1504,-3072,-4352,128064,523264,,,,,,
181862578112300,62956761953603,202,-4672,928,-2048,-4160,128000,523008,,,,,,
181862579110200,62956762953603,203,-4928,1536,-2688,-4864,128448,521536,,,,,,
181862580110400,62956763953561,204,-4384,1152,-2144,-3264,127680,523264,,,,,,
181862581114000,62956764954228,205,-4480,1120,-2272,-2944,128000,521792,,,,,,
181862582121100,62956765958603,206,-4832,1312,-2208,-4608,128640,521920,,,,,,
181862583129600,62956766953770,207,-4576,1312,-2496,-5568,130048,523392,,,,,,
181862584115800,62956767953770,208,-4896,1216,-2336,-5056,129152,523712,,,,,,
181862585118500,62956768953436,209,-4256,1376,-2432,-4672,127488,519488,,,,,,
181862586111800,62956769953561,210,-4352,1184,-1600,-5568,129152,523136,,,,,,
181862587106800,62956770953686,211,-4160,1280,-2496,-4224,125888,522240,,,,,,
181862588098300,62956771953311,212,-4768,1376,-1984,-7232,128256,523328,,,,,,
181862589109100,62956772953603,213,-4448,1632,-2624,-4672,127616,520768,,,,,,
181862590107500,62956773953478,214,-5056,1376,-2016,-1664,127616,521216,,,,,,
181862591109500,62956774953603,215,-4704,832,-2624,-2432,127360,522688,,,,,,
181862592117300,62956775953520,216,-4736,1024,-2720,-3072,126720,521984,,,,,,
181862593123200,62956776953395,217,-4832,928,-2240,-4608,126720,524352,,,,,,
181862594103500,62956777953686,218,-5152,1344,-2752,-6080,128064,521472,,,,,,
181862595122000,62956778953603,219,-5088,992,-2400,-4352,129088,521088,,,,,,
181862596119600,62956779953561,220,-4832,992,-3040,-4480,128128,524096,,,,,,
181862597116500,62956780953603,221,-5152,1152,-2272,-4352,128064,522048,,,,,,
181862598108600,62956781954728,222,-5408,1728,-2784,-4736,128256,524480,,,,,,
181862599107800,62956782954895,223,-4544,1344,-3040,-3008,128960,522752,,,,,,
181862600109700,62956783953561,224,-4576,1248,-1888,-4032,127552,523712,,,,,,
181862601121100,62956784953561,225,-4736,1120,-2592,-4480,128320,524416,,,,,,
181862602125200,62956785953561,226,-4256,768,-2432,-4416,128768,521600,,,,,,
181862603112200,62956786953061,227,-4896,1344,-2816,-5440,129408,523712,,,,,,
181862604116000,62956787953561,228,-4160,1024,-1696,-2816,127808,522688,,,,,,
181862605109200,62956788953728,229,-4896,1248,-2560,-3712,128768,522752,,,,,,
181862606110000,62956789954353,230,-4832,896,-2208,-4480,125504,524416,,,,,,
181862607105700,62956790953686,231,-4736,1184,-2880,-3136,126336,521024,,,,,,
181862608103500,62956791953353,232,-4896,1088,-2784,-6208,128256,522688,,,,,,
181862609123500,62956792953728,233,-4736,768,-2400,-2496,128064,523648,,,,,,
181862610108500,62956793953561,234,-4608,1312,-2464,-2688,127552,524096,,,,,,
181862611110800,62956794953645,235,-4384,928,-2080,-4096,126592,522176,,,,,,
181862612115200,62956795953520,236,-4224,960,-2624,-3776,126400,524608,,,,,,
181862613112900,62956796953478,237,-5056,1376,-2848,-4608,129600,523776,,,,,,
181862614113100,62956797953603,238,-4256,1408,-2752,-5376,128384,521728,,,,,,
181862615111900,62956798953520,239,-4160,960,-1472,-2752,128768,522944,,,,,,
181862616112500,62956799953561,240,-4640,1536,-2272,-2880,127808,524352,,,,,,
181862617130200,62956800957353,241,-5280,1568,-2336,-3264,128640,523008,,,,,,
181862618132600,62956801953520,242,-4960,960,-3008,-3648,127232,525504,,,,,,
181862619113200,62956802953645,243,-4512,992,-1824,-1856,126848,522176,,,,,,
181862620113200,62956803952895,244,-4640,1440,-2880,-3968,128384,520896,,,,,,
181862621107400,62956804953645,245,-4256,832,-2912,-3776,129792,524544,,,,,,
181862622122400,62956805953478,246,-4384,1280,-2208,-3968,128704,523328,,,,,,
181862623108500,62956806953478,247,-4768,1440,-2048,-3008,128256,521728,,,,,,
181862624109200,62956807953520,248,-4256,896,-2080,-2752,127936,525440,,,,,,
181862625112700,62956808953395,249,-4256,1184,-2176,-3136,128704,523712,,,,,,
181862626109200,62956809953686,250,-4480,1088,-1792,-3456,127232,523712,,,,,,
181862627111400,62956810953728,251,-4928,1088,-2432,-1984,128768,524928,,,,,,
181862628107600,62956811954561,252,-4448,1408,-3200,-5120,126784,523264,,,,,,
181862629109300,62956812953686,253,-3456,864,-1888,-3968,129408,522304,,,,,,
181862630109300,62956813954728,254,-4928,1216,-2144,-3968,130752,523008,,,,,,
181862631110500,62956814953561,255,-5120,896,-2624,-1216,129152,524224,,,,,,
181862632109400,62956815953478,0,-4960,1248,-3040,-5568,128448,522752,,,,,,
181862633119300,62956816953686,1,-4608,1248,-2304,-4352,127360,525248,,,,,,
181862634112200,62956817953603,2,-5056,1184,-2080,-3456,128384,524608,,,,,,
181862635109700,62956818955353,3,-4800,1504,-2656,-3072,127936,523456,,,,,,
181862636114300,62956819953436,4,-4608,736,-2592,-4544,128448,527168,,,,,,
181862637115100,62956820953561,5,-4576,928,-2112,-4480,129472,523968,,,,,,
181862638113000,62956821953561,6,-4768,1696,-2240,-3456,129984,524672,,,,,,
181862639117700,62956822953686,7,-5184,1568,-2912,-2304,128960,524160,,,,,,
181862640112300,62956823953811,8,-5056,1536,-2400,-3648,128960,523648,,,,,,
181862641122800,62956824954311,9,-4128,896,-1984,-5760,129280,525888,,,,,,
181862642108600,62956825953561,10,-4992,992,-2048,-4160,128576,525248,,,,,,
181862643116900,62956826953561,11,-5120,1344,-1888,-1664,128064,525568,,,,,,
181862644117400,62956827953478,12,-4128,800,-2624,-2752,126976,525312,,,,,,
181862645121800,62956828953145,13,-4608,896,-2048,-2944,129408,523904,,,,,,
181862646102500,62956829953478,14,-5152,1248,-2432,-3648,127680,524032,,,,,,
181862647109900,62956830955061,15,-4736,1248,-2016,-3200,129600,524352,,,,,,
181862648102400,62956831954561,16,-4832,1792,-2464,-4608,130048,524608,,,,,,
181862649123200,62956832953395,17,-5088,1120,-2496,-4672,126592,522688,,,,,,
181862650119200,62956833953228,18,-4960,928,-2848,-2048,128448,526592,,,,,,
181862651118400,62956834953395,19,-4064,1408,-2784,-3456,129472,526272,,,,,,
181862652101600,62956835953478,20,-4352,1280,-2400,-2688,129536,527168,,,,,,
181862653115600,62956836954311,21,-4928,1024,-2400,-4160,128064,524672,,,,,,
181862654117700,62956837953561,22,-4480,928,-2336,-5824,130112,526528,,,,,,
181862655117200,62956838953186,23,-4416,1440,-2304,-3904,128448,527488,,,,,,
181862656109400,62956839953311,24,-4576,1312,-2784,-4544,129024,524352,,,,,,
181862657115700,62956840955728,25,-4736,768,-2784,-4096,127936,526144,,,,,,
181862658101900,62956841953520,26,-4992,1184,-2208,-4160,129472,526848,,,,,,
181862659115300,62956842953561,27,-4608,1312,-2560,-3840,131008,528064,,,,,,
181862660114200,62956843953145,28,-4512,1376,-2144,-5056,130304,524800,,,,,,
181862661111900,62956844953686,29,-4928,1024,-3040,-4480,128448,524928,,,,,,
181862662107800,62956845953478,30,-4352,1376,-2752,-5952,126464,525760,,,,,,
181862663106700,62956846953436,31,-4544,992,-2048,-4096,128384,525568,,,,,,
181862664106500,62956847954353,32,-4672,1344,-1824,-4224,128448,525376,,,,,,
181862665106100,62956848954061,33,-4864,1376,-2848,-6528,130048,525760,,,,,,
181862666136300,62956849953561,34,-4288,1120,-2048,-3264,129600,525760,,,,,,
181862667105800,62956850953478,35,-4928,1344,-2688,-4096,128960,527424,,,,,,
181862668117700,62956851953645,36,-4416,1280,-2208,-3264,127872,524096,,,,,,
181862669107200,62956852953478,37,-4864,1600,-2304,-4800,128960,526272,,,,,,
181862670108800,62956853954186,38,-4416,1440,-2528,-4736,128064,526336,,,,,,
181862671106400,62956854953561,39,-4800,1472,-2464,-3264,127552,524480,,,,,,
181862672128000,62956855953811,40,-4160,1536,-2624,-4480,127040,525312,,,,,,
181862673114200,62956856953645,41,-4928,1312,-2912,-5056,129280,529856,,,,,,
181862674104800,62956857953478,42,-3872,800,-2208,-4288,128512,524992,,,,,,
181862675105100,62956858953686,43,-4704,1568,-2048,-5824,128704,524480,,,,,,
181862676112000,62956859954853,44,-4448,1600,-2400,-6784,130176,521728,,,,,,
181862677106800,62956860953478,45,-4576,1408,-2496,-2944,129344,524800,,,,,,
181862678114200,62956861953686,46,-4320,1408,-2080,-3584,128960,524864,,,,,,
181862679122600,62956862953395,47,-4160,896,-2176,-5440,126336,526016,,,,,,
181862680111600,62956863953603,48,-4800,1600,-3264,-4480,127936,525568,,,,,,
181862681103400,62956864953478,49,-4480,1184,-2144,-4544,127232,523072,,,,,,
181862682106800,62956865953603,50,-4768,1536,-1888,-2944,129536,524608,,,,,,
181862683122800,62956866953561,51,-5088,1344,-2592,-3712,129024,523392,,,,,,
181862684121400,62956867953395,52,-4736,1184,-2688,-2880,128128,523008,,,,,,
181862685115100,62956868953728,53,-4736,1600,-2720,-4480,130752,521664,,,,,,
181862686112700,62956869953395,54,-4256,1216,-2592,-4032,125504,523264,,,,,,
181862687111100,62956870953686,55,-5056,640,-2336,-5248,129216,524672,,,,,,
181862688119200,62956871953561,56,-4384,992,-2336,-4672,125888,524672,,,,,,
181862689118400,62956872953395,57,-4480,960,-2368,-3136,129728,524352,,,,,,
181862690121100,62956873953561,58,-4576,1696,-2112,-4224,127808,524160,,,,,,
181862691121600,62956874953478,59,-4992,1440,-2688,-3200,127872,524352,,,,,,
181862692131100,62956875953270,60,-4736,1120,-2528,-4736,127168,521216,,,,,,
181862693126000,62956876953520,61,-4544,800,-3072,-4800,128704,523712,,,,,,
181862694112600,62956877953603,62,-4480,1024,-1824,-4800,127680,519808,,,,,,
181862695123500,62956878953478,63,-4672,896,-2272,-4608,127936,524672,,,,,,
181862696127300,62956879953395,64,-5024,960,-2432,-4672,127168,521024,,,,,,
181862697120700,62956880953520,65,-4384,896,-2080,-5056,126976,524096,,,,,,
181862698121100,62956881953561,66,-4480,1216,-2880,-2368,128192,522816,,,,,,
181862699113600,62956882953561,67,-4928,1152,-2560,-4480,128512,522944,,,,,,
181862700111600,62956883954353,68,-4512,1024,-2464,-4096,127808,522880,,,,,,
181862701114100,62956884953686,69,-4832,1056,-2112,-4160,130880,522880,,,,,,
181862702113700,62956885953603,70,-5184,736,-2176,-3328,129920,521856,,,,,,
181862703119800,62956886953353,71,-4768,1088,-2496,-4416,128704,524480,,,,,,
181862704120700,62956887953478,72,-4960,1376,-2944,-4800,128384,522560,,,,,,
181862705124600,62956888953395,73,-4800,1120,-2656,-1280,128000,525056,,,,,,
181862706122900,62956889953520,74,-4608,896,-3040,-4608,127744,524288,,,,,,
181862707126500,62956890953478,75,-5120,1024,-2272,-4608,127168,522688,,,,,,
181862708182300,62956891953478,76,-4608,1760,-3008,-3072,128448,523456,,,,,,
181862709120300,62956892953561,77,-5088,736,-2176,-3904,128064,522368,,,,,,
181862710135600,62956893953520,78,-4384,896,-1920,-3840,127616,525120,,,,,,
181862711120900,62956894955145,79,-4800,1280,-2848,-2688,127040,524544,,,,,,
181862712123400,62956895954603,80,-4768,1152,-2048,-5888,128384,523584,,,,,,
181862713123400,62956896955103,81,-4640,1216,-2304,-4160,129728,524224,,,,,,
181862714123900,62956897953478,82,-4992,1088,-2208,-2112,128704,525760,,,,,,
181862715124200,62956898953436,83,-4736,1088,-1856,-1856,128512,524608,,,,,,
181862716125500,62956899953478,84,-4384,832,-2464,-4096,129728,523968,,,,,,
181862717120000,62956900953061,85,-5088,1216,-2560,-3072,129856,524608,,,,,,
181862718129900,62956901953645,86,-4192,1312,-2400,-4160,127680,520832,,,,,,
181862719124700,62956902953395,87,-4544,832,-1856,-2688,128192,521792,,,,,,
181862720125000,62956903954395,88,-5280,768,-2656,-3456,128960,524224,,,,,,
181862721130400,62956904953520,89,-4832,1440,-2496,-3776,128064,523520,,,,,,
181862722276600,62956905953770,90,-4576,1344,-2624,-3136,126336,522496,,,,,,
181862723123600,62956906953603,91,-4800,1152,-2528,-6848,126592,524032,,,,,,
181862724125900,62956907956311,92,-5152,1440,-2624,-3200,127872,522048,,,,,,
181862725124100,62956908953561,93,-4576,992,-2496,-4544,128320,521920,,,,,,
181862726125200,62956909953395,94,-5056,864,-2272,-4800,129472,521344,,,,,,
181862727137400,62956910954811,95,-4480,1280,-2560,-3584,129344,519552,,,,,,
181862728127300,62956911953561,96,-4896,960,-2496,-4032,126912,522496,,,,,,
181862729123900,62956912953353,97,-4384,1120,-2208,-2752,127168,524800,,,,,,
181862730124900,62956913953520,98,-4608,1536,-2656,-5184,127552,524224,,,,,,
181862731125000,62956914953478,99,-4928,512,-2336,-2560,128576,523392,,,,,,
181862732124800,62956915954103,100,-4544,1216,-1920,-4032,128768,522752,,,,,,
181862733123200,62956916953520,101,-5184,1408,-2496,-3264,127232,522496,,,,,,
181862734117300,62956917953520,102,-4704,1408,-2560,-3392,128512,523520,,,,,,
181862735116300,62956918954270,103,-5376,1312,-3008,-2944,127872,523328,,,,,,
181862736129700,62956919956186,104,-5024,960,-1824,-2880,126592,521600,,,,,,
181862737126200,62956920954270,105,-4256,1248,-1696,-2496,129472,520640,,,,,,
181862738125700,62956921953478,106,-4608,1344,-1888,-4352,126208,522880,,,,,,
181862739125900,62956922953520,107,-5248,1376,-2176,-4672,129408,520320,,,,,,
181862740120800,62956923953686,108,-4352,1248,-2560,-6592,127872,524416,,,,,,
181862741113700,62956924953353,109,-4832,1120,-2528,-3328,127680,522304,,,,,,
181862742122100,62956925953853,110,-5056,1344,-2208,-4288,127680,522880,,,,,,
181862743128400,62956926953436,111,-4352,1152,-2016,-2432,126720,522944,,,,,,
181862744114000,62956927953478,112,-4160,928,-2400,-3392,128576,523520,,,,,,
181862745107400,62956928953478,113,-4480,928,-2112,-4352,128320,523072,,,,,,
181862746120900,62956929953520,114,-4448,1152,-2240,-4288,126912,524608,,,,,,
181862747108900,62956930954270,115,-4448,1280,-1760,-4352,126976,522496,,,,,,
181862748104900,62956931953395,116,-4672,1280,-2784,-3904,128128,519488,,,,,,
181862749112400,62956932953561,117,-4736,992,-2176,-4992,128064,522304,,,,,,
181862750107900,62956933953520,118,-5024,1184,-2528,-3520,128256,522240,,,,,,
181862751124400,62956934953603,119,-5504,1504,-3040,-4800,127360,522560,,,,,,
181862752111600,62956935954603,120,-4224,704,-2240,-4352,130368,523200,,,,,,
181862753115800,62956936953561,121,-4992,1088,-2400,-3904,128576,524416,,,,,,
181862754113400,62956937953603,122,-4352,928,-2464,-3648,130240,526656,,,,,,
181862755116800,62956938953478,123,-5472,1184,-2592,-4352,127232,523072,,,,,,
181862756107100,62956939953561,124,-4800,1632,-2784,-4928,128768,523712,,,,,,
181862757110000,62956940953561,125,-4896,1152,-3168,-2624,128448,525248,,,,,,
181862758106500,62956941953561,126,-4736,1152,-2560,-2624,129344,524544,,,,,,
181862759118900,62956942954728,127,-4992,928,-2624,-2944,127872,522752,,,,,,
181862760115900,62956943953436,128,-4960,1280,-2976,-3840,127552,525376,,,,,,
181862761109400,62956944953603,129,-4256,736,-2016,-3136,129280,524800,,,,,,
181862762121500,62956945953436,130,-4864,1440,-2112,-4672,128192,525760,,,,,,
181862763113600,62956946953603,131,-4864,1120,-2592,-1472,127488,523968,,,,,,
181862764110500,62956947953686,132,-5088,1280,-2368,-2752,129600,526464,,,,,,
181862765113300,62956948957936,133,-4896,1024,-2624,-5568,129600,523840,,,,,,
181862766113400,62956949953936,134,-5280,1216,-2432,-2688,125824,524864,,,,,,
181862767112700,62956950953436,135,-4704,1088,-2688,-4032,126912,524800,,,,,,
181862768123000,62956951953686,136,-4864,1664,-2688,-5184,129152,526720,,,,,,
181862769113100,62956952954436,137,-4992,960,-2848,-2560,127360,524544,,,,,,
181862770107100,62956953953603,138,-4512,1312,-2880,-5312,128128,526528,,,,,,
181862771116100,62956954956353,139,-4224,1376,-2176,-2112,129728,524608,,,,,,
181862772109900,62956955953728,140,-4768,736,-2656,-5120,128256,525248,,,,,,
181862773107300,62956956953561,141,-5504,1312,-2272,-5696,130240,525888,,,,,,
181862774109100,62956957953395,142,-4576,1600,-2848,-2304,127808,522880,,,,,,
181862775112600,62956958953478,143,-4512,1344,-2656,-4160,129344,527680,,,,,,
181862776128100,62956959953395,144,-4864,1504,-2240,-4736,127936,525504,,,,,,
181862777110800,62956960956520,145,-4736,1216,-2528,-3584,128512,525504,,,,,,
181862778119700,62956961953520,146,-4928,1344,-2080,-3776,129216,523840,,,,,,
181862779110900,62956962953853,147,-4480,1792,-2176,-3200,127296,524672,,,,,,
181862780109200,62956963953520,148,-4672,992,-1984,-3328,128256,526592,,,,,,
181862781125100,62956964954395,149,-4832,1568,-2752,-2944,128448,525824,,,,,,
181862782109300,62956965953686,150,-4512,1312,-2336,-4480,129664,523968,,,,,,
181862783106700,62956966953395,151,-4224,1472,-2112,-4032,128384,526080,,,,,,
181862784114300,62956967953728,152,-4320,1632,-2560,-3136,129152,524672,,,,,,
181862785124500,62956968953395,153,-4352,1344,-2144,-4672,128128,525056,,,,,,
181862786109300,62956969953478,154,-4480,1472,-2048,-3328,128896,525376,,,,,,
181862787116900,62956970953686,155,-4800,1440,-3104,-2816,129024,523968,,,,,,
181862788113300,62956971953436,156,-4768,1664,-2432,-2880,127424,524160,,,,,,
181862789107500,62956972953645,157,-4416,1248,-2368,-3968,128576,523456,,,,,,
181862790102300,62956973953478,158,-4480,1376,-2368,-4544,126976,526016,,,,,,
181862791100600,62956974953478,159,-5056,1472,-2464,-3392,128512,522432,,,,,,
181862792109200,62956975953520,160,-4544,896,-2176,-3712,129280,524160,,,,,,
181862793112700,62956976953645,161,-4288,1312,-2368,-2368,127616,522432,,,,,,
181862794176500,62956977953686,162,-3904,1504,-2112,-4032,128064,523840,,,,,,
181862795118000,62956978953478,163,-4992,1120,-2720,-3392,128384,526912,,,,,,
181862796127400,62956979953561,164,-4896,1152,-2112,-4800,129792,524416,,,,,,
181862797107900,62956980955020,165,-4864,1248,-2624,-3200,128768,524096,,,,,,
181862798102800,62956981953436,166,-4544,1280,-2496,-4160,126080,524928,,,,,,
181862799103000,62956982953520,167,-4768,896,-2240,-3968,128768,523648,,,,,,
181862800114500,62956983953353,168,-4544,1440,-2144,-4672,129088,523584,,,,,,
181862801452900,62956984953520,169,-4416,1312,-1920,-3584,127360,523712,,,,,,
181862802104800,62956985953353,170,-5120,1184,-2560,-4352,127872,523520,,,,,,
181862803116200,62956986954353,171,-5024,1504,-2560,-3456,128448,524480,,,,,,
181862804107000,62956987953478,172,-4704,1088,-2784,-4608,126848,525248,,,,,,
181862805099700,62956988953561,173,-4448,1568,-2656,-3712,127360,523584,,,,,,
181862806100700,62956989953520,174,-4640,608,-2880,-4416,127808,524160,,,,,,
181862807106200,62956990954936,175,-4928,800,-2624,-5312,126528,524288,,,,,,
181862808101600,62956991953520,176,-4736,1120,-3008,-3008,128320,524352,,,,,,
181862809115000,62956992953436,177,-4608,992,-2464,-3392,127040,526592,,,,,,
181862810102900,62956993953561,178,-5728,1120,-2240,-4032,128256,524480,,,,,,
181862811104200,62956994953645,179,-4896,1408,-2816,-4096,128960,524864,,,,,,
181862812104300,62956995954645,180,-4352,928,-2080,-4672,127808,524416,,,,,,
181862813101400,62956996954936,181,-4512,1312,-2784,-5760,128768,526080,,,,,,
181862814102200,62956997954811,182,-4672,800,-2432,-4032,130368,526656,,,,,,
181862815104900,62956998953478,183,-4768,1472,-2368,-4864,128192,527232,,,,,,
181862816101700,62956999954395,184,-4960,800,-2432,-4096,130560,525440,,,,,,
181862817119000,62957000955145,185,-4800,1408,-2368,-3136,129984,522688,,,,,,
181862818110000,62957001954603,186,-4416,832,-3040,-3520,128000,524032,,,,,,
181862819105500,62957002955020,187,-4096,1056,-2624,-2432,128832,523584,,,,,,
181862820103700,62957003953436,188,-4736,1344,-2944,-4608,127936,524992,,,,,,
181862821102700,62957004953395,189,-5056,960,-1984,-4608,128256,524928,,,,,,
181862822106700,62957005953520,190,-4672,1472,-2400,-4928,128896,523520,,,,,,
181862823103200,62957006953395,191,-4544,1440,-2720,-2944,129408,524096,,,,,,
181862824108400,62957007953603,192,-4128,1184,-2240,-4032,130304,526592,,,,,,
181862825105600,62957008953395,193,-4704,864,-2496,-3264,129280,525184,,,,,,
181862826118000,62957009954436,194,-4832,1152,-2016,-5184,129536,524544,,,,,,
181862827114700,62957010955103,195,-4576,832,-2272,-6528,129408,527232,,,,,,
181862828106100,62957011953311,196,-4800,928,-2464,-3648,127808,524800,,,,,,
181862829103700,62957012953561,197,-4512,992,-3232,-2688,126976,525888,,,,,,
181862830104800,62957013953436,198,-4480,1152,-2784,-4416,126784,522624,,,,,,
181862831102500,62957014953561,199,-4064,1696,-2112,-3968,129472,524224,,,,,,
181862832100400,62957015953395,200,-4864,1408,-2496,-3776,128128,523840,,,,,,
181862833115500,62957016956186,201,-4704,1056,-2720,-5952,129024,523904,,,,,,
181862834115400,62957017953603,202,-4480,928,-1888,-5568,127232,523584,,,,,,
181862835113800,62957018953395,203,-4416,1312,-2336,-2880,129280,523328,,,,,,
181862836228400,62957019954311,204,-5600,1760,-2752,-3328,127872,525504,,,,,,
181862837103000,62957020956395,205,-4192,800,-2112,-6592,129408,528384,,,,,,
181862838101400,62957021953811,206,-4704,1280,-2528,-5376,129920,523008,,,,,,
181862839101200,62957022953520,207,-3936,800,-2368,-3712,129792,521600,,,,,,
181862840112100,62957023954478,208,-5024,1248,-2944,-3392,129856,525952,,,,,,
181862841103100,62957024953520,209,-5088,1152,-1856,-5376,127296,526912,,,,,,
181862842173800,62957025953353,210,-4832,1952,-2144,-3776,128960,523264,,,,,,
181862843110400,62957026953520,211,-4032,1248,-1888,-4224,128064,523200,,,,,,
181862844130200,62957027953436,212,-4800,1024,-1952,-4096,128384,522112,,,,,,
181862845110600,62957028953561,213,-4640,1344,-2720,-4352,129152,525760,,,,,,
181862846114500,62957029953478,214,-4192,1248,-2304,-4544,127360,526400,,,,,,
181862847104600,62957030954520,215,-4736,672,-2464,-4416,128832,523200,,,,,,
181862848102700,62957031953561,216,-4672,1504,-2656,-4672,128576,525888,,,,,,
181862849102900,62957032953436,217,-4544,704,-2176,-4032,129472,524352,,,,,,
181862850112600,62957033953436,218,-4384,1344,-1952,-4352,128704,524096,,,,,,
181862851113400,62957034953436,219,-5440,1376,-2688,-3520,128512,521536,,,,,,
181862852101600,62957035953520,220,-4512,1120,-2528,-5632,128448,522112,,,,,,
181862853101000,62957036953645,221,-4544,1504,-2144,-5568,128832,525120,,,,,,
181862854099000,62957037953353,222,-4896,1120,-2816,-3456,126976,525760,,,,,,
181862855100700,62957038953478,223,-4544,704,-2528,-3072,127680,523200,,,,,,
181862856099300,62957039953520,224,-4768,1376,-2848,-3200,130560,521856,,,,,,
181862857109300,62957040953686,225,-4384,1088,-2624,-4352,127488,523264,,,,,,
181862858100900,62957041953478,226,-4704,1056,-2592,-2752,127168,523840,,,,,,
181862859107600,62957042953395,227,-4864,1088,-2336,-3072,127552,524416,,,,,,
181862860113100,62957043953520,228,-5152,1312,-2656,-3008,128000,523200,,,,,,
181862861107400,62957044953436,229,-4800,1472,-2688,-4608,128512,524544,,,,,,
181862862114100,62957045953520,230,-4704,1376,-2208,-3904,130944,525440,,,,,,
181862863130600,62957046953436,231,-4928,1664,-3264,-3584,129216,522368,,,,,,
181862864107000,62957047953686,232,-4864,1024,-2592,-3392,128000,523264,,,,,,
181862865115700,62957048955311,233,-4544,1216,-2016,-1344,127808,522624,,,,,,
181862866108300,62957049954145,234,-4800,1344,-2752,-4352,126080,523840,,,,,,
181862867110100,62957050953520,235,-4320,704,-2080,-2240,129408,527232,,,,,,
181862868113100,62957051953436,236,-5088,1248,-2272,-4480,127488,526784,,,,,,
181862869119800,62957052953561,237,-4352,1120,-2624,-2688,127744,525184,,,,,,
181862870113200,62957053953436,238,-5152,1088,-1952,-3200,127488,524096,,,,,,
181862871111400,62957054953561,239,-4960,928,-2816,-3264,127232,524800,,,,,,
181862872115600,62957055953436,240,-4800,1184,-2144,-3776,127360,523968,,,,,,
181862873108800,62957056953395,241,-4608,1632,-2592,-3136,128576,524288,,,,,,
181862874110100,62957057953520,242,-4512,1376,-2496,-3648,129280,523776,,,,,,
181862875109100,62957058954228,243,-4320,1472,-2816,-3072,127360,523264,,,,,,
181862876113800,62957059953728,244,-4768,1216,-2752,-4352,128448,520960,,,,,,
181862877122100,62957060954103,245,-5280,1280,-2144,-2432,129088,523520,,,,,,
181862878107900,62957061956436,246,-4000,1216,-2432,-3200,127296,523968,,,,,,
181862879102100,62957062953603,247,-4992,928,-2688,-1920,127360,524352,,,,,,
181862880111000,62957063954645,248,-5120,768,-2688,-4224,128128,524224,,,,,,
181862881106800,62957064953603,249,-5120,1056,-2720,-2496,128320,521920,,,,,,
181862882121900,62957065953436,250,-4416,864,-2048,-2688,126208,521984,,,,,,
181862883108800,62957066953728,251,-5120,1344,-2720,-3776,126976,522560,,,,,,
181862884111800,62957067955353,252,-4480,1248,-1984,-2816,129216,525312,,,,,,
181862885112500,62957068953603,253,-4576,1408,-2496,-3712,127552,523840,,,,,,
181862886107000,62957069954770,254,-5152,1536,-2976,-3584,127424,521664,,,,,,
181862887109400,62957070954811,255,-4512,1440,-2336,-5888,126528,524608,,,,,,
181862888110300,62957071953686,0,-4352,1120,-1952,-3392,128576,523136,,,,,,
181862889110300,62957072953895,1,-4736,1312,-2624,-2880,127936,522304,,,,,,
181862890109500,62957073953561,2,-5088,1216,-2464,-4992,128832,522176,,,,,,
181862891119600,62957074953478,3,-3680,896,-2080,-3776,128064,522944,,,,,,
181862892113000,62957075953936,4,-4992,1088,-2112,-2432,127168,522240,,,,,,
181862893123400,62957076953520,5,-4896,1408,-3136,-5312,129856,521728,,,,,,
181862894114300,62957077953353,6,-4896,1344,-2496,-4032,128320,521984,,,,,,
181862895111400,62957078953520,7,-4768,672,-2144,-2496,126016,523328,,,,,,
181862896120900,62957079953436,8,-4544,1472,-2656,-3392,126848,522112,,,,,,
181862897119000,62957080953520,9,-4576,1472,-2624,-2880,128896,520512,,,,,,
181862898113900,62957081953561,10,-4128,1600,-2432,-1728,129344,521536,,,,,,
181862899136600,62957082953228,11,-4832,1312,-2880,-2752,129536,521152,,,,,,
181862900370200,62957083953520,12,-4544,1440,-2560,-3008,128832,523136,,,,,,
181862901113700,62957084953395,13,-4608,1472,-3296,-4224,128448,526016,,,,,,
181862902116200,62957085953520,14,-4672,1120,-2336,-3776,128000,522368,,,,,,
181862903115300,62957086953561,15,-4032,1376,-2432,-4800,126656,522048,,,,,,
181862904115300,62957087953520,16,-4928,1024,-1856,-2432,128768,520256,,,,,,
181862905130400,62957088953561,17,-4608,1568,-2432,-5056,128768,521920,,,,,,
181862906114400,62957089953520,18,-4704,1536,-1696,-4544,128192,522112,,,,,,
181862907113900,62957090955103,19,-4192,1024,-2272,-2368,127680,519424,,,,,,
181862908199400,62957091953478,20,-4864,1504,-3520,-4160,129088,523136,,,,,,
181862909111600,62957092953478,21,-4544,1152,-1984,-2880,126656,522496,,,,,,
181862910117100,62957093953561,22,-4672,1056,-2496,-3136,129088,523456,,,,,,
181862911107500,62957094953520,23,-5088,1472,-2784,-3328,127040,522688,,,,,,
181862912105500,62957095953311,24,-4416,1376,-2880,-3520,128320,521664,,,,,,
181862913109300,62957096953436,25,-5152,1088,-2240,-4096,126720,522816,,,,,,
181862914143700,62957097953436,26,-4608,1536,-2528,-4032,128320,523008,,,,,,
181862915117400,62957098953436,27,-4896,1312,-2528,-4224,127936,522048,,,,,,
181862916114400,62957099953645,28,-4896,1312,-2176,-2368,128192,522176,,,,,,
181862917102500,62957100953936,29,-5376,1376,-2400,-3328,129792,522880,,,,,,
181862918120400,62957101953395,30,-4672,1312,-2912,-3328,129536,522688,,,,,,
181862919112500,62957102953436,31,-5184,1408,-2112,-4672,129664,522880,,,,,,
181862920117900,62957103953353,32,-4960,1504,-2400,-4992,127424,524800,,,,,,
181862921119000,62957104953520,33,-4640,960,-2368,-5568,127168,522368,,,,,,
181862922105400,62957105953520,34,-4704,1088,-2368,-3328,128896,525184,,,,,,
181862923123300,62957106953561,35,-5472,1088,-2912,-4672,128064,526656,,,,,,
181862924121900,62957107953978,36,-5024,800,-2560,-4672,128320,523264,,,,,,
181862925121600,62957108954020,37,-4640,1184,-2496,-6272,129024,526144,,,,,,
181862926114200,62957109953478,38,-4832,1440,-2368,-3520,127872,523136,,,,,,
181862927126000,62957110953353,39,-5120,1344,-2208,-3456,127488,524352,,,,,,
181862928127200,62957111953561,40,-4640,1472,-3392,-5056,127232,520832,,,,,,
181862929120300,62957112953520,41,-4928,992,-2176,-4928,128320,524608,,,,,,
181862930121100,62957113954186,42,-5184,1440,-2848,-4096,128000,522688,,,,,,
181862931120000,62957114954936,43,-5408,1120,-2624,-3712,128768,522880,,,,,,
181862932121400,62957115953436,44,-4576,1120,-2400,-5312,128832,522432,,,,,,
181862933121900,62957116953436,45,-4512,1056,-1664,-1920,129728,526336,,,,,,
181862934118800,62957117953686,46,-4768,1120,-2400,-4352,126720,525056,,,,,,
181862935108400,62957118953561,47,-4992,1024,-2528,-3776,128448,524544,,,,,,
181862936102700,62957119953436,48,-5024,1504,-2592,-4032,128896,526016,,,,,,
181862937129300,62957120954311,49,-4320,1344,-2432,-4800,126080,526848,,,,,,
181862938122200,62957121953520,50,-4320,1408,-2400,-3520,127104,524096,,,,,,
181862939125900,62957122952936,51,-4160,1056,-3072,-4928,128832,525376,,,,,,
181862940123400,62957123953603,52,-4448,1344,-2112,-3776,127168,524416,,,,,,
181862941121000,62957124953353,53,-4928,1536,-2528,-3840,128384,523392,,,,,,
181862942103100,62957125953645,54,-4672,1440,-2272,-3328,126144,523264,,,,,,
181862943115000,62957126953478,55,-5408,1440,-2528,-3008,128768,524288,,,,,,
181862944128700,62957127956020,56,-4832,1536,-2208,-2880,130560,523200,,,,,,
181862945124100,62957128953603,57,-4640,1216,-2528,-2368,130048,525696,,,,,,
181862946121200,62957129953353,58,-4192,1664,-2304,-4224,128896,525120,,,,,,
181862947125600,62957130953603,59,-4832,704,-2272,-4096,128192,524480,,,,,,
181862948121800,62957131953436,60,-4960,1472,-2624,-3904,129088,523584,,,,,,
181862949122200,62957132953561,61,-4192,1504,-2752,-4544,129600,523968,,,,,,
181862950122400,62957133953478,62,-4352,896,-1984,-5376,129088,524096,,,,,,
181862951116800,62957134953353,63,-3872,1024,-1984,-4864,127936,523392,,,,,,
181862952131400,62957135953436,64,-4736,1344,-2176,-4992,128000,526208,,,,,,
181862953120800,62957136953395,65,-4192,1536,-3008,-4608,128768,526144,,,,,,
181862954109700,62957137953478,66,-4224,1088,-2752,-7104,129216,524224,,,,,,
181862955121900,62957138953311,67,-4576,1056,-2400,-5568,126784,523712,,,,,,
181862956120900,62957139953561,68,-5216,1472,-3104,-4928,130560,526528,,,,,,
181862957124100,62957140953436,69,-4864,1248,-2560,-4672,128640,525248,,,,,,
181862958124600,62957141954770,70,-4864,1216,-2656,-4032,127808,526464,,,,,,
181862959119500,62957142953686,71,-4864,1408,-2528,-4992,128384,525888,,,,,,
181862960119900,62957143953353,72,-4256,1472,-2048,-4992,128512,523968,,,,,,
181862961137200,62957144953395,73,-4704,1184,-2752,-5824,130560,525056,,,,,,
181862962121800,62957145953520,74,-4992,1504,-2464,-2944,128320,524544,,,,,,
181862963119800,62957146953520,75,-4576,1504,-2176,-4672,130048,524224,,,,,,
181862964122900,62957147953103,76,-4736,1632,-2464,-4544,129024,523648,,,,,,
181862965124700,62957148953811,77,-4288,992,-2496,-5120,128384,524288,,,,,,
181862966122400,62957149954561,78,-4576,1088,-2336,-3520,128064,527872,,,,,,
181862967114300,62957150954978,79,-4672,1056,-2496,-4416,129856,525376,,,,,,
181862968122300,62957151953686,80,-4160,928,-2272,-4224,127744,521536,,,,,,
181862969131000,62957152953478,81,-4480,1344,-2208,-4800,128256,524928,,,,,,
181862970133000,62957153953686,82,-4832,1664,-2400,-3712,128128,524864,,,,,,
181862971127300,62957154953645,83,-5024,576,-2912,-2752,128128,525056,,,,,,
181862972122400,62957155953478,84,-4992,1120,-2368,-4992,127424,525760,,,,,,
181862973120200,62957156953520,85,-4704,1248,-2176,-4160,127424,527040,,,,,,
181862974121400,62957157953103,86,-4928,1536,-2528,-3328,128448,527104,,,,,,
181862975122700,62957158953561,87,-5376,1248,-2432,-2880,128448,524800,,,,,,
181862976132900,62957159953353,88,-5184,1248,-2784,-2496,129216,526144,,,,,,
181862977125300,62957160953436,89,-4832,1312,-2656,-2752,127040,521152,,,,,,
181862978126600,62957161953645,90,-4832,1248,-2592,-4800,129088,524992,,,,,,
181862979110300,62957162953520,91,-4928,544,-2624,-3264,128704,527296,,,,,,
181862980124100,62957163953478,92,-4672,1472,-2112,-3008,126656,526272,,,,,,
181862981124000,62957164953436,93,-4192,1280,-1696,-3584,128000,523584,,,,,,
181862982124100,62957165953645,94,-4544,1120,-2400,-5376,128192,524224,,,,,,
181862983124600,62957166953478,95,-4384,1024,-2432,-2752,129600,523136,,,,,,
181862984120200,62957167954895,96,-4864,608,-1792,-1664,126656,523776,,,,,,
181862985116500,62957168954020,97,-4416,1344,-2272,-2496,129856,524928,,,,,,
181862986140300,62957169952978,98,-5088,1088,-2368,-4096,128448,522944,,,,,,
181862987126700,62957170953686,99,-4928,1312,-2496,-4288,127232,525504,,,,,,
181862988118600,62957171953436,100,-4096,1472,-2144,-4032,128512,523456,,,,,,
181862989116600,62957172953728,101,-4448,1248,-1984,-5056,129152,524608,,,,,,
181862990121400,62957173955103,102,-4288,1152,-2304,-3840,128768,522688,,,,,,
181862991126500,62957174954770,103,-4736,768,-2688,-1984,128000,526080,,,,,,
181862992114500,62957175953686,104,-4352,800,-1920,-3200,128896,524416,,,,,,
181862993152900,62957176953395,105,-4800,704,-2240,-5568,129088,522688,,,,,,
181862994122200,62957177953686,106,-4768,1312,-3232,-2944,128128,523904,,,,,,
181862995138300,62957178953436,107,-3936,928,-2368,-4352,129408,525824,,,,,,
181862996122300,62957179953686,108,-4768,928,-2048,-4288,126848,523328,,,,,,
181862997121600,62957180954686,109,-4832,800,-3360,-4416,127232,524864,,,,,,
181862998123200,62957181953311,110,-4608,1216,-2848,-3840,128384,524864,,,,,,
181862999129300,62957182953645,111,-5248,1440,-2016,-2112,129600,522496,,,,,,
181863000128500,62957183953395,112,-4512,1120,-1632,-3456,129024,524224,,,,,,
181863001122400,62957184954853,113,-4512,1056,-2720,-1280,128000,525888,,,,,,
181863002128100,62957185953520,114,-4768,1312,-2208,-3712,128640,521792,,,,,,
181863003129700,62957186953395,115,-4640,1568,-3136,-2752,127680,525888,,,,,,
181863004126400,62957187953520,116,-4608,1280,-1696,-3840,128576,523840,,,,,,
181863005123300,62957188953353,117,-5056,1216,-2336,-3008,128640,524224,,,,,,
181863006125200,62957189954103,118,-4672,1248,-2144,-2880,126656,522496,,,,,,
181863007124400,62957190953436,119,-4768,1088,-2208,-3072,128384,520000,,,,,,
181863008126300,62957191953520,120,-4640,1152,-3040,-3008,128064,525184,,,,,,
181863009123500,62957192953436,121,-4544,800,-2528,-4224,128832,522304,,,,,,
181863010117000,62957193953311,122,-4608,1568,-2592,-5184,130304,526272,,,,,,
181863011125700,62957194953645,123,-4128,1248,-1920,-5376,128640,523072,,,,,,
181863012238500,62957195960436,124,-4768,1216,-2752,-2816,128832,522176,,,,,,
181863013117000,62957196954103,125,-4480,1504,-2368,-2176,128256,523712,,,,,,
181863014237100,62957197960686,126,-4544,1216,-2176,-2816,126528,523200,,,,,,
181863015165600,62957198961145,127,-4736,1088,-2272,-4736,128832,522624,,,,,,
181863016375300,62957199962895,128,-4992,1024,-2080,-3456,126464,524096,,,,,,
181863017248600,62957200965353,129,-4320,832,-2144,-2624,129024,521856,,,,,,
181863018262700,62957201961353,130,-4768,1184,-2848,-5184,127872,522176,,,,,,
181863019124000,62957202959770,131,-4480,896,-2080,-2944,126784,523584,,,,,,
181863020113200,62957203961728,132,-4992,1312,-2816,-4224,126464,523008,,,,,,
181863021119200,62957204960811,133,-5056,1152,-2208,-3840,128256,521920,,,,,,
181863022122100,62957205962103,134,-4704,1216,-1952,-3904,126656,523456,,,,,,
181863023117300,62957206960436,135,-5376,1408,-2720,-4672,130688,521536,,,,,,
181863024120700,62957207959145,136,-4128,1312,-3072,-3456,128000,521408,,,,,,
181863025119500,62957208959061,137,-5024,896,-2624,-3392,128576,522496,,,,,,
181863026251200,62957209953978,138,-4448,1312,-3008,-2816,127168,523776,,,,,,
181863027122700,62957210956978,139,-3808,832,-2272,-1792,129216,523136,,,,,,
181863028119100,62957211960478,140,-4960,960,-3072,-4416,128576,522688,,,,,,
181863029120100,62957212960728,141,-4672,1056,-2144,-4352,125952,521728,,,,,,
181863030248300,62957213960686,142,-4960,1120,-2464,-4160,128192,521088,,,,,,
181863031121400,62957214959561,143,-5664,992,-2720,-3456,129344,522368,,,,,,
181863032249100,62957215959270,144,-5216,1344,-2464,-4736,128768,521600,,,,,,
181863033123500,62957216953728,145,-4768,1312,-2272,-4480,128960,524992,,,,,,
181863034121800,62957217957103,146,-5056,1408,-2464,-4480,128576,525184,,,,,,
181863035125800,62957218958103,147,-5056,864,-2176,-4480,129536,524416,,,,,,
181863036271200,62957219960061,148,-4928,1312,-2496,-6400,128384,521280,,,,,,
181863037125000,62957220956811,149,-4960,832,-2784,-4352,129216,522880,,,,,,
181863038248600,62957221959895,150,-4576,1152,-1920,-4608,127936,523904,,,,,,
181863039126100,62957222955020,151,-4896,1152,-2656,-2240,129024,524608,,,,,,
181863040218800,62957223956145,152,-4992,1344,-2304,-3328,126656,523712,,,,,,
181863041123100,62957224958395,153,-4960,1568,-2176,-3264,128192,519488,,,,,,
181863042120000,62957225957020,154,-4320,896,-2176,-3712,128128,525632,,,,,,
181863043127200,62957226957311,155,-4736,1568,-2656,-3200,126400,521728,,,,,,
181863044123100,62957227955561,156,-5216,1056,-1984,-3776,129664,525248,,,,,,
181863045121600,62957228956020,157,-4992,1728,-3072,-3904,127808,524544,,,,,,
181863046248900,62957229958561,158,-5216,1632,-2240,-3968,127424,523200,,,,,,
181863047127500,62957230958353,159,-4704,1312,-2464,-4544,126720,524480,,,,,,
181863048129400,62957231960020,160,-5184,1120,-2816,-3200,127232,524096,,,,,,
181863049121700,62957232956853,161,-4864,1056,-2176,-2048,128192,522688,,,,,,
181863050119100,62957233960311,162,-4960,1280,-2368,-4672,128320,524736,,,,,,
181863051122100,62957234956478,163,-4480,1536,-2784,-3648,130496,523776,,,,,,
181863052117400,62957235960228,164,-4576,1184,-2432,-5824,126208,523776,,,,,,
181863053244700,62957236961311,165,-4576,1600,-2688,-3200,127616,525056,,,,,,
181863054247200,62957237961228,166,-4736,1120,-2400,-4800,128896,522560,,,,,,
181863055244700,62957238964520,167,-4064,1280,-1888,-4096,126720,522752,,,,,,
181863056242700,62957239958561,168,-4384,1376,-2080,-3136,127360,522304,,,,,,
181863057117400,62957240955770,169,-4832,1120,-2688,-5760,126464,523328,,,,,,
181863058121100,62957241954186,170,-4192,1408,-2080,-3648,129280,523712,,,,,,
181863059130100,62957242956853,171,-4416,1152,-2112,-2432,128000,522368,,,,,,
181863060118100,62957243955978,172,-4128,1216,-2272,-3712,128640,523648,,,,,,
181863061113700,62957244958645,173,-4736,1344,-2624,-2304,128256,522368,,,,,,
181863062120700,62957245963811,174,-4896,1376,-1664,-4992,129280,523456,,,,,,
181863063252600,62957246959270,175,-4064,1344,-2592,-4672,128000,522368,,,,,,
181863064122200,62957247956770,176,-4352,1728,-2816,-4032,127168,521024,,,,,,
181863065127000,62957248956145,177,-4512,1728,-2880,-2496,129088,521088,,,,,,
181863066246500,62957249957645,178,-4672,1376,-2816,-4160,128000,520896,,,,,,
181863067121500,62957250956811,179,-4512,1632,-2592,-3648,126272,524800,,,,,,
181863068166400,62957251958478,180,-4256,896,-2272,-1856,126336,523392,,,,,,
181863069134100,62957252960978,181,-4960,1376,-2560,-3520,127360,524032,,,,,,
181863070135400,62957253961145,182,-4768,1664,-2080,-3840,128960,520896,,,,,,
181863071118000,62957254956561,183,-4640,832,-2176,-3328,128192,520640,,,,,,
181863072132900,62957255954978,184,-4480,1024,-2592,-3072,129664,521856,,,,,,
181863073115700,62957256953395,185,-5024,1088,-2624,-5184,129792,522496,,,,,,
181863074117100,62957257953520,186,-4800,832,-2368,-3712,128512,520896,,,,,,
181863075119400,62957258953311,187,-4928,1184,-2464,-3264,127616,523840,,,,,,
181863076256100,62957259953436,188,-4800,1504,-2528,-3520,127936,522304,,,,,,
181863077119000,62957260955436,189,-4672,1152,-2592,-3136,127424,521216,,,,,,
181863078119500,62957261953436,190,-4832,1600,-2336,-4544,128704,523776,,,,,,
181863079120700,62957262953520,191,-4864,1408,-2304,-4160,130624,521984,,,,,,
181863080122200,62957263955186,192,-4672,1184,-2592,-3968,128576,521728,,,,,,
181863081122700,62957264953603,193,-5024,704,-2624,-3008,128512,520384,,,,,,
181863082124300,62957265953436,194,-4896,864,-2144,-2496,127552,524800,,,,,,
181863083122800,62957266953436,195,-5504,1216,-2784,-4800,127360,523648,,,,,,
181863084125900,62957267953478,196,-5184,1344,-3136,-1024,127360,522816,,,,,,
181863085130200,62957268953395,197,-4544,1056,-2304,-4480,127872,525888,,,,,,
181863086130400,62957269953561,198,-4224,864,-1632,-2816,128384,523968,,,,,,
181863087130500,62957270953478,199,-4992,1472,-2464,-2304,130176,526464,,,,,,
181863088130600,62957271953686,200,-4672,1024,-2432,-3008,129536,523328,,,,,,
181863089120600,62957272954645,201,-4960,1120,-2752,-2432,127168,523904,,,,,,
181863090118000,62957273953353,202,-4960,896,-2080,-3840,129472,524352,,,,,,
181863091120900,62957274953520,203,-5024,1408,-2592,-5632,129472,523968,,,,,,
181863092120100,62957275953311,204,-4800,1280,-2912,-5440,129408,526208,,,,,,
181863093124100,62957276953520,205,-4960,960,-2464,-3072,128512,525888,,,,,,
181863094124700,62957277953353,206,-4960,1472,-1856,-3136,130752,526400,,,,,,
181863095120100,62957278953145,207,-4800,704,-2816,-3328,129024,523584,,,,,,
181863096119300,62957279953603,208,-4832,896,-2304,-3456,129280,524544,,,,,,
181863097120500,62957280954228,209,-4992,1408,-2208,-2240,129152,526080,,,,,,
181863098126100,62957281953520,210,-5184,1248,-2592,-4288,127680,524352,,,,,,
181863099120600,62957282954103,211,-4928,1376,-2688,-1984,128384,524480,,,,,,
181863100122900,62957283954686,212,-4512,768,-2336,-3072,127680,525568,,,,,,
181863101128700,62957284953478,213,-4992,1440,-2464,-3456,129088,525760,,,,,,
181863102121000,62957285953186,214,-4928,1088,-2240,-4352,127040,525696,,,,,,
181863103120100,62957286953478,215,-4064,1120,-2400,-1792,128768,526336,,,,,,
181863104117000,62957287953353,216,-4608,1376,-2272,-2368,127424,526720,,,,,,
181863105120400,62957288953603,217,-4832,1088,-2464,-3840,128896,527168,,,,,,
181863106120000,62957289953395,218,-4576,1280,-2848,-3456,129216,526080,,,,,,
181863107120300,62957290954728,219,-3936,992,-2464,-5312,129920,527104,,,,,,
181863108119900,62957291953436,220,-4288,1120,-2432,-3456,128896,526720,,,,,,
181863109119300,62957292953228,221,-4640,1536,-3104,-4032,128384,524480,,,,,,
181863110112900,62957293953520,222,-4512,960,-2304,-4800,128768,523136,,,,,,
181863111120800,62957294953353,223,-3968,1184,-2624,-2880,128704,524288,,,,,,
181863112113800,62957295954520,224,-4320,1568,-2432,-3904,128512,525760,,,,,,
181863113116000,62957296953478,225,-4672,1472,-2528,-4032,127744,525952,,,,,,
181863114113400,62957297953561,226,-4704,1312,-1920,-3392,127552,525696,,,,,,
181863115119400,62957298953478,227,-4352,1248,-2048,-3008,128896,524352,,,,,,
181863116119500,62957299954061,228,-4960,1216,-2464,-3712,129728,524096,,,,,,
181863117192200,62957300954520,229,-4672,800,-2752,-4544,129088,523712,,,,,,
181863118130300,62957301954520,230,-4576,1280,-1920,-4608,128000,522048,,,,,,
181863119120200,62957302953520,231,-4288,1184,-2112,-4864,129984,524032,,,,,,
181863120119000,62957303953395,232,-5248,1440,-3104,-4096,128128,523264,,,,,,
181863121119800,62957304953478,233,-4672,960,-2464,-4864,128128,524096,,,,,,
181863122120300,62957305953520,234,-4384,1152,-3008,-3904,127616,525568,,,,,,
181863123116000,62957306953478,235,-4352,1216,-2368,-4928,128960,524032,,,,,,
181863124116100,62957307953520,236,-5120,1120,-2368,-6656,126464,524032,,,,,,
181863125119900,62957308953395,237,-4704,1184,-2176,-3648,127488,521536,,,,,,
181863126330000,62957309953436,238,-4896,1312,-1920,-7424,128512,524224,,,,,,
181863127131000,62957310953478,239,-4704,800,-2688,-5504,126976,528192,,,,,,
181863128119200,62957311953645,240,-4704,1376,-2368,-4864,128000,526080,,,,,,
181863129119600,62957312953353,241,-4928,640,-2400,-5056,127360,524608,,,,,,
181863130121900,62957313953478,242,-5056,800,-2368,-4032,128192,523904,,,,,,
181863131121400,62957314954978,243,-3840,800,-2016,-5248,128896,523456,,,,,,
181863132121100,62957315953353,244,-4032,800,-2176,-2816,127232,525312,,,,,,
181863133122300,62957316953645,245,-4992,1248,-2528,-3072,128576,523712,,,,,,
181863134406400,62957317953478,246,-4608,1152,-2208,-4160,126720,525504,,,,,,
181863135148000,62957318953436,247,-5184,640,-2272,-6976,128832,523904,,,,,,
181863136120200,62957319953395,248,-4896,960,-2656,-5504,129920,523392,,,,,,
181863137129500,62957320953436,249,-5120,1312,-2720,-3840,128896,525632,,,,,,
181863138116600,62957321956395,250,-3552,1280,-2368,-3840,128000,523328,,,,,,
181863139116800,62957322953311,251,-4960,1216,-2432,-4992,127680,524992,,,,,,
181863140119200,62957323953603,252,-4928,896,-2688,-4736,128192,525376,,,,,,
181863141115600,62957324953478,253,-3936,1248,-2272,-3456,128832,526848,,,,,,
181863142218000,62957325953520,254,-4960,1216,-2624,-4800,129024,527872,,,,,,
181863143297700,62957326953520,255,-4672,1024,-2464,-4736,127424,525184,,,,,,
181863144129800,62957327953561,0,-4416,1280,-2336,-2112,129600,523008,,,,,,
181863145115500,62957328953561,1,-4448,1248,-2848,-5056,126976,526400,,,,,,
181863146113200,62957329953353,2,-4672,992,-2816,-5248,129344,522560,,,,,,
181863147116100,62957330953311,3,-4448,1120,-2560,-5888,127360,526144,,,,,,
181863148115300,62957331954686,4,-4480,1440,-2144,-4096,128064,525760,,,,,,
181863149113800,62957332953270,5,-4192,1216,-2368,-4160,127936,525376,,,,,,
181863150112100,62957333953478,6,-4512,960,-1760,-4096,128576,526016,,,,,,
181863151124600,62957334953436,7,-5056,1504,-2880,-2304,128512,525888,,,,,,
181863152114700,62957335953520,8,-4864,1344,-2496,-4480,127936,523712,,,,,,
181863153113200,62957336953561,9,-4256,1184,-2368,-5632,128192,523648,,,,,,
181863154128100,62957337953520,10,-4864,896,-2496,-3072,128576,525248,,,,,,
181863155121000,62957338953603,11,-4576,992,-1920,-4480,128512,525760,,,,,,
181863156119400,62957339953395,12,-4672,1440,-2528,-3200,128960,526976,,,,,,
181863157123100,62957340953561,13,-4000,896,-2112,-4544,129152,523072,,,,,,
181863158126500,62957341953353,14,-3936,1504,-3040,-4416,127296,524864,,,,,,
181863159128000,62957342953603,15,-4352,1120,-2400,-2752,127424,524608,,,,,,
181863160120600,62957343954520,16,-4576,1440,-2400,-4096,128000,522944,,,,,,
181863161112000,62957344953270,17,-4576,608,-2368,-4096,129024,525184,,,,,,
181863162120800,62957345953561,18,-4608,1024,-1984,-4800,129216,525056,,,,,,
181863163119300,62957346953395,19,-4480,1504,-2816,-2112,128704,523328,,,,,,
181863164121800,62957347953603,20,-4288,1696,-2400,-2496,128128,525120,,,,,,
181863165123600,62957348953436,21,-3968,896,-1920,-2624,128640,523008,,,,,,
181863166247000,62957349954978,22,-4192,1280,-2240,-1472,128960,523328,,,,,,
181863167119900,62957350954936,23,-4256,1280,-2592,-3136,127168,524736,,,,,,
181863168124400,62957351953270,24,-4992,1312,-2528,-2368,125696,523584,,,,,,
181863169128500,62957352953561,25,-4224,1152,-2400,-3840,129792,523328,,,,,,
181863170121600,62957353953478,26,-4192,1248,-2464,-3392,128704,522560,,,,,,
181863171118200,62957354953770,27,-4384,1408,-2784,-3840,129536,520192,,,,,,
181863172122800,62957355953478,28,-4448,1120,-2336,-2432,128192,520768,,,,,,
181863173122900,62957356953520,29,-4608,1472,-2976,-6272,127552,523072,,,,,,
181863174121100,62957357953395,30,-4576,1184,-2112,-2304,129536,523776,,,,,,
181863175120300,62957358953270,31,-4608,1504,-2144,-4224,128512,524096,,,,,,
181863176121400,62957359953395,32,-4736,1536,-2336,-3072,128448,523200,,,,,,
181863177131500,62957360953395,33,-4480,1248,-2176,-3968,127808,520768,,,,,,
181863178117700,62957361953478,34,-5312,1184,-2272,-3072,128320,523520,,,,,,
181863179120100,62957362953520,35,-5056,576,-2528,-3776,127936,522752,,,,,,
181863180236100,62957363953603,36,-4768,1216,-2496,-3008,129280,524416,,,,,,
181863181115100,62957364953436,37,-4992,1184,-2912,-1920,127296,522240,,,,,,
181863182144000,62957365953353,38,-4704,1344,-2752,-4864,127552,523008,,,,,,
181863183119700,62957366954186,39,-4608,864,-1856,-3712,128640,522752,,,,,,
181863184128800,62957367956728,40,-4800,1184,-2688,-2368,131328,523456,,,,,,
181863185135600,62957368953520,41,-5056,1504,-2784,-2688,128128,520832,,,,,,
181863186129700,62957369953353,42,-4608,1760,-2272,-2432,128512,522816,,,,,,
181863187230700,62957370955811,43,-4864,1440,-2432,-3648,128128,524864,,,,,,
181863188121500,62957371953395,44,-4896,352,-2368,-1152,126848,520512,,,,,,
181863189120300,62957372953436,45,-4832,768,-2400,-4352,125376,522368,,,,,,
181863190119900,62957373953436,46,-5472,1376,-3136,-4608,128128,523712,,,,,,
181863191120500,62957374953353,47,-4544,800,-1984,-2944,127168,523328,,,,,,
181863192117800,62957375953603,48,-4704,1408,-3296,-3584,127232,524352,,,,,,
181863193132200,62957376953436,49,-4736,992,-2560,-3584,130304,523328,,,,,,
181863194122400,62957377953436,50,-4512,1408,-2944,-4032,128384,521344,,,,,,
181863195119400,62957378953520,51,-4160,1152,-2272,-2304,128384,524224,,,,,,
181863196121000,62957379953270,52,-5216,1344,-2240,-1984,128768,523072,,,,,,
181863197124700,62957380953520,53,-4448,1120,-2368,-4288,129088,520960,,,,,,
181863198121900,62957381953353,54,-4288,1056,-2368,-2816,128128,525312,,,,,,
181863199120500,62957382953603,55,-4800,1440,-2400,-4800,128064,522880,,,,,,
181863200125700,62957383953436,56,-4512,1184,-2272,-5056,129664,524480,,,,,,
181863201127800,62957384954728,57,-4544,1344,-2784,-4032,126912,523776,,,,,,
181863202127600,62957385953436,58,-5216,1376,-2944,-3264,128640,523392,,,,,,
181863203117900,62957386953270,59,-4672,1152,-2688,-2688,127616,521024,,,,,,
181863204129000,62957387953478,60,-5280,1600,-3072,-4096,127104,522752,,,,,,
181863205124900,62957388953270,61,-4704,960,-2496,-3072,127360,521152,,,,,,
181863206128200,62957389954145,62,-4640,864,-2368,-5120,128576,523392,,,,,,
181863207128800,62957390955561,63,-4512,1024,-2816,-3584,126272,524288,,,,,,
181863208125700,62957391953311,64,-4416,1280,-2272,-3968,128320,522816,,,,,,
181863209128600,62957392953436,65,-4416,1440,-2592,-4352,126016,522240,,,,,,
181863210129300,62957393953353,66,-4896,896,-1632,-3904,128960,524672,,,,,,
181863211123500,62957394953478,67,-4832,1568,-2816,-3584,128576,524160,,,,,,
181863212131500,62957395953395,68,-4640,1248,-2656,-3584,128832,524992,,,,,,
181863213206800,62957396954061,69,-4512,832,-2208,-3200,128256,524160,,,,,,
181863214129500,62957397954478,70,-5088,1344,-2784,-3136,129920,524736,,,,,,
181863215123000,62957398953270,71,-4672,1056,-2080,-4608,127808,523648,,,,,,
181863216124900,62957399953645,72,-4576,608,-2752,-2560,126784,524416,,,,,,
181863217202500,62957400953436,73,-4832,896,-2656,-3072,129472,524224,,,,,,
181863218144600,62957401953478,74,-5120,896,-2688,-3840,127552,522176,,,,,,
181863219120900,62957402954186,75,-4544,1280,-2688,-3776,126080,523136,,,,,,
181863220127100,62957403953228,76,-4608,1344,-2016,-5504,126912,525888,,,,,,
181863221133600,62957404953645,77,-4832,1152,-2304,-3840,126400,523968,,,,,,
181863222127400,62957405953436,78,-4800,1504,-2112,-1920,127232,521344,,,,,,
181863223118200,62957406953436,79,-4320,768,-2400,-5056,128000,524800,,,,,,
181863224117500,62957407953728,80,-4768,1408,-2176,-3136,128384,520640,,,,,,
181863225118500,62957408954895,81,-4576,1376,-1760,-3840,128448,523072,,,,,,
181863226123800,62957409953436,82,-4480,1536,-2976,-4480,129408,521600,,,,,,
181863227123900,62957410953353,83,-4640,1152,-2112,-2560,127552,525504,,,,,,
181863228121400,62957411953395,84,-4640,1120,-1856,-3584,128256,522368,,,,,,
181863229121700,62957412953436,85,-5088,1408,-2592,-5504,129344,522368,,,,,,
181863230117900,62957413953520,86,-4704,1216,-2624,-2432,127296,522880,,,,,,
181863231119900,62957414953478,87,-4448,800,-2368,-1792,126912,523584,,,,,,
181863232122800,62957415953520,88,-4928,1312,-3008,-4096,128128,524480,,,,,,
181863233121600,62957416953478,89,-5312,1344,-2432,-4928,129408,524992,,,,,,
181863234119800,62957417953561,90,-4864,1632,-2368,-2880,129088,524736,,,,,,
181863235128200,62957418953520,91,-5184,1152,-2592,-3264,127296,522560,,,,,,
181863236125900,62957419953561,92,-4672,1408,-3104,-3776,127936,523200,,,,,,
181863237119600,62957420954103,93,-4384,1280,-2848,-4992,127936,522496,,,,,,
181863238119400,62957421953103,94,-4736,1056,-2880,-3712,127040,521792,,,,,,
181863239119900,62957422954936,95,-4832,1376,-2176,-4672,127936,524544,,,,,,
181863240130500,62957423953436,96,-4992,1280,-2976,-4416,129984,526912,,,,,,
181863241234600,62957424953353,97,-4736,1376,-2336,-4864,129728,523712,,,,,,
181863242120100,62957425953478,98,-4960,1056,-3072,-3840,129536,522112,,,,,,
181863243129200,62957426953020,99,-4576,640,-2176,-3072,129664,525824,,,,,,
181863244132300,62957427953645,100,-4512,736,-2528,-2688,127168,523072,,,,,,
181863245136800,62957428953436,101,-4480,832,-2240,-2688,127872,523392,,,,,,
181863246120500,62957429953353,102,-4704,960,-2080,-6656,126848,524736,,,,,,
181863247118000,62957430954895,103,-5088,1280,-3104,-2624,129280,523328,,,,,,
181863248122200,62957431955936,104,-4384,1184,-2688,-5184,128192,525440,,,,,,
181863249119000,62957432953436,105,-4576,1024,-2432,-4416,126272,521920,,,,,,
181863250119700,62957433953353,106,-4896,1088,-2816,-2560,128512,525760,,,,,,
181863251111100,62957434953561,107,-5856,1216,-3072,-3840,130304,523456,,,,,,
181863252130600,62957435953270,108,-4288,960,-2176,-5888,128512,526144,,,,,,
181863253125200,62957436953311,109,-4608,1504,-1856,-3904,128256,525440,,,,,,
181863254117300,62957437953436,110,-5408,1632,-2144,-2304,128704,523392,,,,,,
181863255117100,62957438953270,111,-4576,1472,-2592,-5120,128896,524480,,,,,,
181863256118400,62957439953436,112,-4736,1280,-2688,-3712,130688,524800,,,,,,
181863257119200,62957440953395,113,-4928,1312,-2112,-4288,129792,524800,,,,,,
181863258119700,62957441953520,114,-4576,1248,-2240,-2432,127808,524480,,,,,,
181863259124100,62957442953395,115,-4512,1408,-2656,-3904,127936,527104,,,,,,
181863260198200,62957443953228,116,-4160,864,-2432,-4352,130304,525888,,,,,,
181863261131700,62957444953520,117,-4640,1184,-2272,-4416,127616,525696,,,,,,
181863262142200,62957445953353,118,-4832,1216,-2464,-4864,128128,524736,,,,,,
181863263123700,62957446953478,119,-4544,1344,-2624,-2304,127744,522944,,,,,,
181863264121200,62957447953395,120,-4544,1312,-2560,-3136,128000,523904,,,,,,
181863265121300,62957448953520,121,-4928,1504,-2784,-4096,127680,525760,,,,,,
181863266119000,62957449954020,122,-4832,1088,-2688,-4608,129856,524608,,,,,,
181863267154200,62957450955895,123,-4192,1312,-2624,-3584,127680,523712,,,,,,
181863268126800,62957451953603,124,-4896,928,-2560,-2880,126528,525184,,,,,,
181863269133100,62957452953395,125,-4512,1216,-1856,-3648,128896,524416,,,,,,
181863270121800,62957453953395,126,-4608,1312,-2656,-3648,128128,525248,,,,,,
181863271124500,62957454953478,127,-3968,1056,-1568,-6016,130304,526656,,,,,,
181863272123900,62957455953312,128,-5120,1056,-2944,-3776,128064,525888,,,,,,
181863273116600,62957456953520,129,-6080,1216,-2144,-4096,128512,523904,,,,,,
181863274112200,62957457953437,130,-4960,1568,-3040,-1600,129600,525184,,,,,,
181863275125500,62957458953228,131,-4384,1120,-2560,-3840,126784,523776,,,,,,
181863276116000,62957459953478,132,-4768,1120,-2624,-3072,127360,524096,,,,,,
181863277138800,62957460954353,133,-5184,1152,-2208,-3968,128320,524160,,,,,,
181863278132800,62957461953478,134,-4896,864,-2400,-1984,127616,524160,,,,,,
181863279118400,62957462953228,135,-4448,928,-2240,-5376,128512,525440,,,,,,
181863280108500,62957463953562,136,-4832,768,-2592,-2112,128704,524672,,,,,,
181863281119700,62957464953395,137,-4992,1280,-2528,-1984,126528,523648,,,,,,
181863282152900,62957465953520,138,-4480,832,-2752,-3776,129600,525760,,,,,,
181863283124500,62957466953395,139,-5088,1344,-2912,-3904,128384,525632,,,,,,
181863284114800,62957467954978,140,-4384,1248,-2080,-3776,129088,522560,,,,,,
181863285128900,62957468955687,141,-5184,1536,-2976,-4416,129408,523776,,,,,,
181863286126600,62957469953395,142,-4640,1280,-2912,-5376,128128,524608,,,,,,
181863287146400,62957470953562,143,-5152,1312,-2528,-5888,129152,524416,,,,,,
181863288114700,62957471953312,144,-4192,1344,-2560,-2432,129280,525248,,,,,,
181863289136400,62957472954103,145,-4480,992,-1824,-5568,129728,523968,,,,,,
181863290119500,62957473953353,146,-4064,832,-2272,-5312,127552,525120,,,,,,
181863291125600,62957474953562,147,-5024,1120,-2432,-5504,127424,525056,,,,,,
181863292112300,62957475953353,148,-4768,1120,-2048,-5760,128064,523712,,,,,,
181863293123100,62957476953312,149,-4928,1056,-2560,-3712,125504,525568,,,,,,
181863294135000,62957477953312,150,-4320,1440,-2368,-3712,127744,524224,,,,,,
181863295118700,62957478953437,151,-4800,1248,-2624,-4480,127488,522560,,,,,,
181863296112200,62957479953520,152,-4928,1280,-2144,-3136,129216,523200,,,,,,
181863297108800,62957480954020,153,-4288,672,-2432,-4032,129664,523264,,,,,,
181863298118800,62957481953645,154,-4704,928,-2016,-5184,129728,524288,,,,,,
181863299122400,62957482954562,155,-4928,1184,-1984,-4096,127616,525312,,,,,,
181863300120800,62957483953353,156,-5024,1376,-2720,-3264,128640,523968,,,,,,
181863301125600,62957484953437,157,-4640,896,-1600,-4992,128704,523456,,,,,,
181863302145500,62957485954853,158,-4736,768,-2784,-4608,129536,523904,,,,,,
181863303121700,62957486953562,159,-5216,1376,-2560,-4160,128832,524800,,,,,,
181863304133200,62957487953395,160,-5184,1248,-3040,-3968,129728,524736,,,,,,
181863305121200,62957488953520,161,-5024,1216,-2848,-4032,129088,523520,,,,,,
181863306122900,62957489953312,162,-4512,1312,-2240,-5376,126848,523584,,,,,,
181863307117400,62957490953437,163,-4736,1120,-2336,-4992,126784,523072,,,,,,
181863308118900,62957491954145,164,-5088,1696,-2592,-5248,128576,524160,,,,,,
181863309126700,62957492953395,165,-4256,1184,-2240,-1920,127296,523904,,,,,,
181863310129800,62957493953562,166,-4352,1152,-2656,-5120,127104,524672,,,,,,
181863311122600,62957494953437,167,-5152,960,-2400,-2816,129344,523392,,,,,,
181863312120800,62957495952937,168,-4320,1248,-2560,-3328,128448,523136,,,,,,
181863313110400,62957496953395,169,-4832,864,-2368,-3648,129408,526464,,,,,,
181863314107800,62957497953270,170,-4480,928,-2464,-3904,127360,525120,,,,,,
181863315109500,62957498953437,171,-4576,960,-2784,-4416,127040,526144,,,,,,
181863316120700,62957499953353,172,-3968,896,-3072,-6016,128448,524160,,,,,,
181863317109700,62957500953562,173,-4768,1440,-2912,-3072,128192,523200,,,,,,
181863318127700,62957501953812,174,-4928,736,-2464,-3648,128576,524608,,,,,,
181863319130300,62957502953937,175,-4768,1152,-3104,-2816,127808,524672,,,,,,
181863320117600,62957503953520,176,-4832,1312,-2400,-6592,127808,523456,,,,,,
181863321116100,62957504953312,177,-4768,1504,-2208,-4032,127808,523328,,,,,,
181863322119700,62957505953687,178,-4640,1248,-2080,-4160,128320,522752,,,,,,
181863323120100,62957506953395,179,-4896,1280,-3232,-4544,128320,522624,,,,,,
181863324119400,62957507953478,180,-4128,1312,-2464,-3264,127296,524480,,,,,,
181863325455800,62957508953603,181,-4512,1344,-2176,-2944,128128,521600,,,,,,
181863326108600,62957509954728,182,-4320,896,-2592,-6144,126080,521920,,,,,,
181863327119000,62957510953520,183,-4064,1568,-2304,-4032,127616,523520,,,,,,
181863328136300,62957511953562,184,-4352,1344,-2720,-5184,130368,521856,,,,,,
181863329117700,62957512954270,185,-4672,1056,-2976,-3392,127872,524672,,,,,,
181863330119800,62957513953353,186,-5152,1344,-2304,-3840,130560,523328,,,,,,
181863331119300,62957514953520,187,-4256,1152,-2432,-5440,126848,524224,,,,,,
181863332118700,62957515954562,188,-4736,1440,-2208,-3968,130688,523648,,,,,,
181863333121200,62957516953228,189,-4576,1152,-1856,-3520,127168,523264,,,,,,
181863334127700,62957517953395,190,-4576,1248,-2528,-4160,127808,523712,,,,,,
181863335144800,62957518953353,191,-4256,896,-2624,-3840,126336,522880,,,,,,
181863336130000,62957519953520,192,-4864,1088,-2400,-3456,126272,523328,,,,,,
181863337118700,62957520954395,193,-4608,800,-2560,-5056,127168,522560,,,,,,
181863338122900,62957521953270,194,-4192,1056,-3008,-3392,127360,522304,,,,,,
181863339120800,62957522953895,195,-4928,1664,-2176,-3328,128064,521408,,,,,,
181863340116400,62957523953270,196,-4928,1088,-2304,-1792,127360,523712,,,,,,
181863341119700,62957524953437,197,-5280,1536,-2432,-3072,128128,521280,,,,,,
181863342153800,62957525953395,198,-4768,1312,-2368,-2176,127872,519872,,,,,,
181863343130800,62957526953478,199,-5088,1120,-2752,-4736,127616,521024,,,,,,
181863344134600,62957527953270,200,-5152,1280,-2080,-4800,128704,521728,,,,,,
181863345117500,62957528953228,201,-4640,1376,-2400,-4608,129472,521600,,,,,,
181863346116100,62957529953437,202,-4256,1056,-2112,-3520,129664,523136,,,,,,
181863347121500,62957530953353,203,-4544,1248,-2880,-4480,129216,526592,,,,,,
181863348118900,62957531953478,204,-4992,1056,-2848,-2816,128064,520768,,,,,,
181863349121800,62957532953270,205,-5120,1184,-2688,-3328,128448,524800,,,,,,
181863350122600,62957533953562,206,-4608,1056,-2464,-2624,127168,523712,,,,,,
181863351119700,62957534953395,207,-4736,1216,-2144,-4544,125824,522496,,,,,,
181863352130200,62957535953978,208,-4480,1056,-2624,-3264,127424,524928,,,,,,
181863353140500,62957536953437,209,-4640,896,-2400,-3776,129600,524096,,,,,,
181863354124900,62957537953312,210,-5056,1216,-1952,-2624,127488,522368,,,,,,
181863355125000,62957538953603,211,-4480,704,-1888,-1280,128000,523264,,,,,,
181863356120400,62957539953312,212,-4992,1056,-3488,-5440,128384,521472,,,,,,
181863357117800,62957540955062,213,-4800,1568,-2240,-2240,127936,525376,,,,,,
181863358119300,62957541953395,214,-4608,704,-2592,-3776,127104,521536,,,,,,
181863359129400,62957542953228,215,-4768,864,-2816,-5248,128064,524736,,,,,,
181863360132700,62957543953603,216,-5120,1024,-2592,-3776,128128,524096,,,,,,
181863361123800,62957544953353,217,-4768,896,-2656,-3520,127424,525184,,,,,,
181863362125400,62957545953687,218,-4864,1152,-2592,-2752,128832,524224,,,,,,
181863363111400,62957546953312,219,-4480,800,-2592,-2880,128576,521920,,,,,,
181863364107500,62957547953562,220,-5280,832,-2304,-4160,128320,523008,,,,,,
181863365107700,62957548953437,221,-4608,1216,-2752,-3584,127744,523648,,,,,,
181863366212800,62957549953312,222,-4032,1088,-2464,-3584,128256,523264,,,,,,
181863367285500,62957550957395,223,-4736,1312,-2464,-3648,128128,522752,,,,,,
181863368134600,62957551954687,224,-4544,1344,-2560,-3008,128000,522688,,,,,,
181863369128900,62957552953353,225,-4640,1472,-2816,-2880,126592,522752,,,,,,
181863370116100,62957553953520,226,-4512,1504,-2432,-3200,128448,523584,,,,,,
181863371110600,62957554953145,227,-3936,1248,-2144,-4224,126720,522880,,,,,,
181863372132100,62957555953395,228,-4544,1504,-2176,-2880,128448,524288,,,,,,
181863373117600,62957556953270,229,-4608,960,-1536,-4608,128128,523968,,,,,,
181863374121700,62957557953437,230,-4736,1344,-2368,-4032,127488,522176,,,,,,
181863375110300,62957558953395,231,-4512,1408,-2560,-2816,127424,524928,,,,,,
181863376127400,62957559953437,232,-4416,1280,-2496,-4160,127552,522880,,,,,,
181863377130500,62957560953978,233,-4448,1152,-2080,-2432,127104,523136,,,,,,
181863378127200,62957561953270,234,-5120,1376,-3040,-2944,126912,521856,,,,,,
181863379130100,62957562953437,235,-4896,1216,-2752,-5568,127744,525312,,,,,,
181863380133700,62957563954437,236,-3776,864,-2176,-4288,128064,522752,,,,,,
181863381130300,62957564953437,237,-5344,1152,-2752,-3712,127808,521536,,,,,,
181863382118300,62957565954187,238,-4192,1056,-2592,-4672,127680,522304,,,,,,
181863383121000,62957566954312,239,-4512,1408,-3200,-3072,128832,523584,,,,,,
181863384132100,62957567953520,240,-4672,1504,-2496,-1792,128256,523840,,,,,,
181863385129600,62957568953312,241,-4768,1376,-2144,-3520,129728,523776,,,,,,
181863386132400,62957569953395,242,-4288,1312,-2112,-3840,127616,525504,,,,,,
181863387116600,62957570953353,243,-5472,1536,-2560,-3392,127680,524928,,,,,,
181863388120700,62957571953478,244,-4544,1824,-2528,-3712,126272,522688,,,,,,
181863389109200,62957572953395,245,-5088,864,-2976,-3776,127936,522688,,,,,,
181863390120100,62957573953562,246,-4480,864,-2208,-3520,129088,523648,,,,,,
181863391125000,62957574953353,247,-4768,1600,-2368,-4160,127744,524608,,,,,,
181863392169700,62957575953395,248,-4736,800,-1824,-3904,128448,521856,,,,,,
181863393121000,62957576953437,249,-4800,704,-2144,-2048,127424,523840,,,,,,
181863394134000,62957577953353,250,-4544,928,-2560,-4352,129472,523520,,,,,,
181863395111200,62957578953603,251,-4992,1536,-2432,-2560,127680,525376,,,,,,
181863396128800,62957579953353,252,-4736,1312,-2656,-3264,127168,524608,,,,,,
181863397109100,62957580953728,253,-4640,736,-2272,-5632,127680,524736,,,,,,
181863398115500,62957581953353,254,-4864,1568,-2720,-4096,129216,523584,,,,,,
181863399110200,62957582953645,255,-4992,704,-2432,-3840,129408,524672,,,,,,
181863400466900,62957583953395,0,-4640,864,-2848,-5184,128768,524288,,,,,,
181863401118400,62957584953520,1,-5280,1376,-2944,-4352,131328,525312,,,,,,
181863402118000,62957585953478,2,-4544,1152,-2592,-6336,128896,524416,,,,,,
181863403131100,62957586953395,3,-4288,1376,-2848,-4800,129664,523520,,,,,,
181863404120300,62957587953270,4,-5152,832,-2368,-4416,127424,525376,,,,,,
181863405111700,62957588953437,5,-4512,1024,-2496,-4992,129856,525888,,,,,,
181863406109400,62957589953270,6,-4288,1440,-2656,-3648,128896,526400,,,,,,
181863407111300,62957590953603,7,-4736,1216,-2784,-3008,129152,526272,,,,,,
181863408111500,62957591953312,8,-5184,1024,-2176,-3712,128576,525632,,,,,,
181863409121500,62957592953562,9,-4544,1408,-2368,-4800,127552,523200,,,,,,
181863410129300,62957593953395,10,-5568,1184,-2336,-3136,128384,526144,,,,,,
181863411124300,62957594953228,11,-4640,640,-2272,-5504,128704,523968,,,,,,
181863412112700,62957595953395,12,-4480,1408,-2560,-4672,129088,526144,,,,,,
181863413126600,62957596953312,13,-4992,1088,-2752,-2048,127488,524032,,,,,,
181863414111300,62957597953437,14,-4384,1024,-1600,-3584,128960,524288,,,,,,
181863415130600,62957598953395,15,-4864,1216,-2240,-4352,130048,526656,,,,,,
181863416113900,62957599953520,16,-5088,1344,-2176,-2816,129984,523904,,,,,,
181863417109800,62957600954603,17,-4384,1600,-2592,-3392,130112,527040,,,,,,
181863418129500,62957601953353,18,-5376,1088,-2464,-3456,127552,526592,,,,,,
181863419133400,62957602953478,19,-4128,1728,-2528,-4672,129472,527680,,,,,,
181863420118600,62957603953353,20,-5088,1280,-2400,-3200,129344,523968,,,,,,
181863421112400,62957604953645,21,-5056,1344,-2048,-5888,127552,525440,,,,,,
181863422109000,62957605953437,22,-4736,1216,-2368,-3264,128704,524480,,,,,,
181863423112100,62957606953395,23,-4896,1312,-3072,-3520,128896,525248,,,,,,
181863424112700,62957607953353,24,-4896,832,-3264,-4160,127808,524800,,,,,,
181863425434000,62957608953520,25,-4832,1152,-2624,-3264,128576,525760,,,,,,
181863426134400,62957609953395,26,-4096,1152,-2144,-3904,128064,524544,,,,,,
181863427114900,62957610953853,27,-5120,1600,-2080,-4992,128576,525568,,,,,,
181863428107900,62957611953478,28,-4480,1504,-1952,-3968,128640,522752,,,,,,
181863429126900,62957612953437,29,-4576,1408,-2592,-3264,128704,523904,,,,,,
181863430128200,62957613953603,30,-4768,1536,-1952,-4288,129728,523840,,,,,,
181863431123500,62957614953312,31,-4576,1056,-2144,-3072,126912,524992,,,,,,
181863432119300,62957615953270,32,-4832,736,-2304,-3648,127040,522496,,,,,,
181863433121100,62957616953812,33,-4704,1568,-2368,-4224,127360,521088,,,,,,
181863434118700,62957617953437,34,-4448,1408,-2336,-4736,129024,524224,,,,,,
181863435113400,62957618953478,35,-4032,1440,-2560,-3584,128512,524288,,,,,,
181863436196000,62957619953520,36,-4736,1280,-2944,-4032,128320,523648,,,,,,
181863437119200,62957620953395,37,-4256,1216,-2176,-2816,128256,525248,,,,,,
181863438137000,62957621956895,38,-4576,1280,-2688,-4416,128896,523264,,,,,,
181863439107200,62957622954812,39,-4384,1376,-2720,-3264,127488,523264,,,,,,
181863440110600,62957623954145,40,-4544,1248,-2688,-3072,128832,525568,,,,,,
181863441120300,62957624953353,41,-4896,800,-2208,-2048,128960,521920,,,,,,
181863442119100,62957625953562,42,-4832,1440,-2880,-4736,128320,522816,,,,,,
181863443154600,62957626953062,43,-4608,1376,-2624,-4352,129920,521280,,,,,,
181863444125000,62957627953353,44,-4320,896,-2688,-2368,129024,523968,,,,,,
181863445122000,62957628953353,45,-4864,1440,-2304,-4352,129024,520768,,,,,,
181863446124300,62957629953437,46,-5152,1600,-2080,-3072,127616,521792,,,,,,
181863447119200,62957630953520,47,-4832,1440,-2432,-1792,127936,523904,,,,,,
181863448115900,62957631953478,48,-4736,1440,-2752,-3264,128192,524672,,,,,,
181863449114200,62957632953395,49,-4928,1088,-2272,-2624,127552,521600,,,,,,
181863450106100,62957633953353,50,-4960,1408,-2880,-5504,130048,524032,,,,,,
181863451116100,62957634953353,51,-4192,992,-2400,-6912,128960,525056,,,,,,
181863452126800,62957635953395,52,-4608,1312,-2304,-4288,130048,521920,,,,,,
181863453116300,62957636953353,53,-4544,800,-2208,-3968,127040,524096,,,,,,
181863454118500,62957637953395,54,-4800,1088,-1504,-2752,127168,522752,,,,,,
181863455119100,62957638953770,55,-4992,768,-2400,-2880,127744,523008,,,,,,
181863456125600,62957639953562,56,-4768,960,-2336,-2432,127680,523392,,,,,,
181863457111900,62957640953395,57,-4704,1152,-2336,-3392,127104,527168,,,,,,
181863458122200,62957641953395,58,-4768,384,-1728,-3648,128192,523264,,,,,,
181863459119700,62957642953437,59,-4992,992,-2528,-1984,127744,525440,,,,,,
181863460122000,62957643953312,60,-4544,480,-2016,-1792,128704,524864,,,,,,
181863461116300,62957644953562,61,-5120,1344,-2912,-2240,128896,525696,,,,,,
181863462121800,62957645953353,62,-4704,1216,-2432,-3200,130048,525504,,,,,,
181863463124700,62957646953187,63,-4480,1824,-2720,-2880,127872,524352,,,,,,
181863464114000,62957647953353,64,-4832,960,-2592,-3072,127168,524800,,,,,,
181863465119400,62957648954353,65,-4768,1344,-2912,-2240,128640,525888,,,,,,
181863466117500,62957649953478,66,-3904,832,-2432,-2688,128256,524288,,,,,,
181863467117800,62957650958812,67,-4704,960,-2464,-2624,127552,525824,,,,,,
181863468126300,62957651955103,68,-4672,1280,-2272,-5504,128512,524352,,,,,,
181863469115100,62957652953312,69,-5184,1024,-1888,-3072,129024,524800,,,,,,
181863470108600,62957653953395,70,-4864,1184,-1952,-4672,127424,525376,,,,,,
181863471107000,62957654953478,71,-4928,800,-1600,-2240,129152,526208,,,,,,
181863472149800,62957655953478,72,-5088,1024,-2816,-3712,128832,525312,,,,,,
181863473109500,62957656953478,73,-5088,864,-3296,-3072,129280,526464,,,,,,
181863474106800,62957657953312,74,-5152,1088,-2432,-4032,127872,523840,,,,,,
181863475106000,62957658953437,75,-4512,736,-2528,-3904,126720,523392,,,,,,
181863476121700,62957659953353,76,-5440,1440,-3296,-4224,129920,522240,,,,,,
181863477129300,62957660953353,77,-4096,1088,-1760,-3456,127104,525440,,,,,,
181863478108700,62957661953437,78,-4160,1472,-2624,-4480,127552,524544,,,,,,
181863479112200,62957662957603,79,-4288,1504,-2272,-4288,128384,522368,,,,,,
181863480505500,62957663953562,80,-4160,1760,-2816,-4928,128256,522176,,,,,,
181863481108900,62957664954437,81,-4288,1024,-1664,-4160,126784,525312,,,,,,
181863482117800,62957665953478,82,-4512,800,-2048,-4032,127936,521792,,,,,,
181863483117600,62957666953520,83,-4288,1312,-2624,-5120,128512,524736,,,,,,
181863484122000,62957667953353,84,-4992,1056,-2688,-5056,128704,524992,,,,,,
181863485120000,62957668956312,85,-4608,1024,-2336,-5120,126464,524416,,,,,,
181863486120600,62957669953312,86,-4320,1312,-2752,-6976,129216,522432,,,,,,
181863487116700,62957670955478,87,-4192,1568,-2784,-4352,127616,521536,,,,,,
181863488112000,62957671953437,88,-4736,1184,-2592,-2880,128832,523456,,,,,,
181863489116400,62957672953228,89,-3808,1344,-2112,-5312,126784,522112,,,,,,
181863490114200,62957673954270,90,-4544,960,-2400,-2368,127552,522816,,,,,,
181863491113700,62957674954895,91,-5152,1120,-2688,-3200,128128,521920,,,,,,
181863492134300,62957675953437,92,-4416,832,-2720,-2752,129664,521344,,,,,,
181863493131600,62957676953312,93,-4640,1184,-2272,-3392,126592,522944,,,,,,
181863494115900,62957677953478,94,-4160,928,-1824,-3840,128896,522176,,,,,,
181863495104600,62957678953395,95,-5248,1760,-2848,-3840,125568,524160,,,,,,
181863496113100,62957679953187,96,-4768,1440,-2144,-5248,129728,521984,,,,,,
181863497113700,62957680956812,97,-4096,960,-2336,-3328,127872,521216,,,,,,
181863498122100,62957681953437,98,-4704,1280,-2880,-4032,129536,520192,,,,,,
181863499116400,62957682953437,99,-4736,928,-2272,-3200,129408,519616,,,,,,
181863500107600,62957683953395,100,-4768,960,-1824,-4544,129280,521344,,,,,,
181863501121900,62957684953478,101,-5088,1216,-2272,-4800,128128,524736,,,,,,
181863502123000,62957685953395,102,-5056,896,-2048,-3328,127936,520192,,,,,,
181863503103100,62957686953353,103,-4768,1184,-2912,-4480,129280,524160,,,,,,
181863504118800,62957687953395,104,-4512,1056,-2176,-5568,127872,523008,,,,,,
181863505121300,62957688953312,105,-4640,864,-2496,-4288,128512,522752,,,,,,
181863506128900,62957689953395,106,-5056,1216,-2048,-3392,127360,524928,,,,,,
181863507109000,62957690953395,107,-4544,1152,-2496,-3648,128896,520960,,,,,,
181863508114400,62957691953603,108,-4864,768,-2208,-5568,128128,521536,,,,,,
181863509122200,62957692953353,109,-4864,1216,-2496,-3776,128640,523392,,,,,,
181863510112400,62957693953353,110,-5120,1376,-2336,-4608,128256,522496,,,,,,
181863511114900,62957694953395,111,-4288,1088,-2304,-3584,128512,523200,,,,,,
181863512113000,62957695953562,112,-4992,1088,-2080,-3712,129088,524096,,,,,,
181863513113500,62957696953645,113,-4864,1152,-2528,-3456,129344,524032,,,,,,
181863514120000,62957697953395,114,-4480,1248,-2272,-3776,128960,524160,,,,,,
181863515111500,62957698956520,115,-4640,1056,-2240,-3392,129152,524160,,,,,,
181863516101900,62957699953353,116,-5088,1600,-2720,-5376,127680,524992,,,,,,
181863517103400,62957700953312,117,-4864,1120,-2656,-2944,128576,523776,,,,,,
181863518115000,62957701953520,118,-4896,1216,-2272,-4352,129728,525248,,,,,,
181863519112300,62957702953312,119,-5088,1184,-2976,-4608,128960,525760,,,,,,
181863520135400,62957703953478,120,-4800,1536,-2304,-3520,127488,522240,,,,,,
181863521120000,62957704953312,121,-4736,1248,-2176,-4608,129088,524864,,,,,,
181863522124700,62957705953353,122,-4576,1088,-2560,-3200,127168,524736,,,,,,
181863523117300,62957706953395,123,-4608,1536,-2016,-2432,130240,523968,,,,,,
181863524102900,62957707953187,124,-4832,1120,-2240,-6144,129408,526208,,,,,,
181863525113600,62957708953437,125,-4416,1184,-2592,-4160,127424,523712,,,,,,
181863526113600,62957709954728,126,-4736,1600,-2976,-6080,127744,526208,,,,,,
181863527111200,62957710956562,127,-4128,1664,-2176,-3136,125568,524160,,,,,,
181863528108500,62957711953728,128,-4128,1184,-2880,-3008,129152,525952,,,,,,
181863529106900,62957712953187,129,-4704,1568,-3008,-4544,126912,524224,,,,,,
181863530105500,62957713953353,130,-4768,1440,-2240,-3520,128512,522688,,,,,,
181863531107900,62957714953228,131,-4480,1536,-2592,-5248,128384,524480,,,,,,
181863532110200,62957715953603,132,-4128,1056,-2464,-3264,127936,521408,,,,,,
181863533108900,62957716954353,133,-4736,1632,-2528,-2240,128832,525248,,,,,,
181863534113600,62957717953478,134,-4448,1344,-2080,-4288,126976,523264,,,,,,
181863535125600,62957718953478,135,-4416,1856,-3104,-3584,128192,524736,,,,,,
181863536128000,62957719953187,136,-4704,1280,-2944,-3520,127232,523200,,,,,,
181863537110200,62957720953478,137,-3872,1408,-1824,-2368,126592,522432,,,,,,
181863538114000,62957721953312,138,-4672,1440,-1792,-3648,128192,523328,,,,,,
181863539121500,62957722953395,139,-3744,1216,-2112,-3968,126336,524352,,,,,,
181863540116000,62957723953645,140,-4960,1632,-2624,-2112,128832,520256,,,,,,
181863541119000,62957724953562,141,-5280,1056,-2912,-3712,128768,523712,,,,,,
181863542116100,62957725953395,142,-4128,1184,-2240,-3968,129216,522752,,,,,,
181863543113200,62957726953103,143,-4928,864,-2144,-1728,127744,524096,,,,,,
181863544118300,62957727953478,144,-4224,1248,-2528,-2240,128640,524352,,,,,,
181863545118100,62957728953312,145,-4512,1536,-2112,-2816,129728,523840,,,,,,
181863546122400,62957729953437,146,-4864,1600,-2528,-3776,128384,524992,,,,,,
181863547114300,62957730953437,147,-3936,1792,-2336,-4480,128960,522368,,,,,,
181863548113100,62957731953228,148,-5216,1408,-3072,-4160,127808,521600,,,,,,
181863549127800,62957732953895,149,-4768,1056,-2176,-2816,127296,524224,,,,,,
181863550124500,62957733954270,150,-5312,1376,-2656,-3776,129216,521792,,,,,,
181863551111500,62957734953478,151,-4448,1568,-2144,-3136,127168,522240,,,,,,
181863552114400,62957735953353,152,-4800,608,-2336,-3008,128064,523776,,,,,,
181863553105600,62957736953353,153,-4352,1024,-1664,-3520,128192,521408,,,,,,
181863554115500,62957737953687,154,-5056,1344,-2272,-3328,127296,523584,,,,,,
181863555119000,62957738953312,155,-5120,1248,-2624,-3904,128320,522560,,,,,,
181863556117000,62957739954645,156,-4224,992,-1792,-4096,128640,521920,,,,,,
181863557119500,62957740953353,157,-5472,1248,-2688,-4288,128768,521856,,,,,,
181863558121000,62957741953312,158,-4320,1216,-2912,-3456,128192,524416,,,,,,
181863559116200,62957742953312,159,-4640,960,-2368,-3584,128448,524864,,,,,,
181863560130000,62957743953437,160,-4896,576,-2464,-3520,129664,523520,,,,,,
181863561117300,62957744953312,161,-5056,1056,-2144,-4224,129408,524480,,,,,,
181863562113300,62957745953228,162,-4480,1088,-2336,-3392,129664,522752,,,,,,
181863563119500,62957746953395,163,-5472,896,-2784,-2624,127168,523584,,,,,,
181863564121900,62957747953353,164,-4960,1344,-2592,-4096,128384,522176,,,,,,
181863565122500,62957748953437,165,-4448,800,-2336,-3520,125632,523392,,,,,,
181863566121700,62957749953312,166,-4384,1280,-2816,-3136,127552,523712,,,,,,
181863567110000,62957750956478,167,-4288,832,-1696,-3264,127680,525760,,,,,,
181863568124400,62957751956812,168,-5728,1248,-2784,-5760,129152,524288,,,,,,
181863569125900,62957752953937,169,-5280,1088,-2336,-4416,128256,522368,,,,,,
181863570114800,62957753953520,170,-5440,1088,-2816,-3136,129088,525248,,,,,,
181863571122400,62957754953312,171,-4608,960,-2912,-4864,127744,522560,,,,,,
181863572123800,62957755953437,172,-4512,512,-2208,-5184,128320,524608,,,,,,
181863573123900,62957756953395,173,-4416,1088,-2368,-4864,129984,525696,,,,,,
181863574123600,62957757953478,174,-4928,928,-2464,-4480,127040,525184,,,,,,
181863575123700,62957758953312,175,-4064,1344,-2048,-3776,129728,523008,,,,,,
181863576122200,62957759953145,176,-5056,1280,-2624,-4480,130112,526272,,,,,,
181863577111000,62957760953353,177,-4544,1184,-2400,-2752,130176,525632,,,,,,
181863578141400,62957761953270,178,-4256,1056,-1920,-3392,129088,524736,,,,,,
181863579131500,62957762953478,179,-4832,608,-2592,-4032,128384,524224,,,,,,
181863580115400,62957763953312,180,-4576,1376,-2432,-5504,128192,525120,,,,,,
181863581122200,62957764953812,181,-4864,1536,-3104,-4416,127936,525760,,,,,,
181863582119700,62957765953437,182,-4064,1024,-1504,-5248,126400,524224,,,,,,
181863583121100,62957766953145,183,-4416,1216,-2496,-3584,128384,524224,,,,,,
181863584159000,62957767953353,184,-4160,1152,-2304,-3136,129920,526016,,,,,,
181863585139100,62957768953353,185,-4736,1152,-2208,-5120,127872,526336,,,,,,
181863586119700,62957769953603,186,-4992,1088,-2112,-3712,128256,527872,,,,,,
181863587114300,62957770954937,187,-4256,1120,-2464,-3520,130560,525440,,,,,,
181863588109800,62957771953187,188,-4384,1344,-2272,-5568,127872,524608,,,,,,
181863589107900,62957772953437,189,-4800,1536,-2688,-4608,128384,523392,,,,,,
181863590115000,62957773953228,190,-4160,1344,-2240,-4544,126720,526656,,,,,,
181863591126200,62957774953437,191,-4832,1344,-2048,-4800,129152,524928,,,,,,
181863592142300,62957775953437,192,-4864,832,-2816,-3200,128512,523008,,,,,,
181863593125500,62957776953478,193,-4448,800,-2048,-5248,129152,524608,,,,,,
181863594133900,62957777953395,194,-4640,1056,-1856,-3968,128448,523840,,,,,,
181863595125100,62957778953228,195,-5184,1152,-2496,-6400,127872,525760,,,,,,
181863596131800,62957779953353,196,-4224,1376,-3008,-4608,128640,523712,,,,,,
181863597125800,62957780954520,197,-4352,1120,-2016,-4288,127872,525312,,,,,,
181863598121000,62957781954895,198,-4160,1088,-2176,-4480,129536,527296,,,,,,
181863599120000,62957782953562,199,-4448,1568,-2176,-3200,127360,523456,,,,,,
181863600122200,62957783953562,200,-5568,1440,-3136,-4992,127296,522048,,,,,,
181863601124600,62957784953312,201,-4576,800,-2080,-4992,127360,521856,,,,,,
181863602122100,62957785953312,202,-4192,640,-2784,-4544,129408,523712,,,,,,
181863603129200,62957786953937,203,-5248,1248,-2048,-3584,126720,521792,,,,,,
181863604114800,62957787953312,204,-4800,1504,-1792,-3648,126784,523712,,,,,,
181863605119900,62957788953437,205,-4832,1440,-2688,-2560,128384,522496,,,,,,
181863606125100,62957789953395,206,-4672,1280,-2816,-4160,127616,522944,,,,,,
181863607128400,62957790954478,207,-4800,1312,-2912,-6720,126528,525312,,,,,,
181863608128100,62957791953895,208,-4224,864,-1696,-3200,129152,523776,,,,,,
181863609124300,62957792953437,209,-4832,1216,-1952,-5440,127168,523648,,,,,,
181863610133100,62957793953395,210,-4416,1312,-2272,-4032,129600,522304,,,,,,
181863611128500,62957794953312,211,-4992,1664,-3008,-4032,127424,523712,,,,,,
181863612132300,62957795953395,212,-4352,992,-1984,-5440,127744,524224,,,,,,
181863613121400,62957796953270,213,-4384,704,-2112,-3008,127808,523648,,,,,,
181863614122400,62957797953353,214,-4672,1376,-2720,-3008,128320,521664,,,,,,
181863615125200,62957798953270,215,-4928,1184,-2912,-5824,130240,521792,,,,,,
181863616125500,62957799953353,216,-4640,832,-1888,-4608,129920,522112,,,,,,
181863617115800,62957800953437,217,-4608,992,-2528,-3776,129472,522880,,,,,,
181863618126700,62957801955770,218,-4800,1248,-2400,-3328,129024,523392,,,,,,
181863619134000,62957802953645,219,-4672,1088,-2496,-6016,127680,522368,,,,,,
181863620121100,62957803953353,220,-4576,1056,-2560,-4992,128256,524992,,,,,,
181863621125400,62957804954645,221,-4928,1120,-2368,-3584,128064,526720,,,,,,
181863622123800,62957805953395,222,-4160,1440,-2464,-4160,128448,523072,,,,,,
181863623122400,62957806953395,223,-5472,1120,-2432,-3840,127232,525376,,,,,,
181863624126100,62957807953520,224,-5088,960,-2816,-3968,128512,522368,,,,,,
181863625125500,62957808953395,225,-5152,1216,-2272,-3968,128448,523520,,,,,,
181863626114100,62957809954437,226,-4736,1280,-2720,-2880,128128,526272,,,,,,
181863627127100,62957810955145,227,-4384,1184,-1984,-5568,127360,523456,,,,,,
181863628140200,62957811953353,228,-4992,608,-2560,-4480,127168,523776,,,,,,
181863629125500,62957812953353,229,-4672,1248,-2496,-3776,128512,525312,,,,,,
181863630123400,62957813953270,230,-3680,1216,-2400,-4864,128320,524672,,,,,,
181863631128800,62957814953478,231,-4384,576,-2464,-4288,127424,527808,,,,,,
181863632128400,62957815953437,232,-4960,1216,-2720,-3904,126592,523008,,,,,,
181863633130400,62957816955437,233,-4864,1312,-3104,-6592,128128,523328,,,,,,
181863634131400,62957817953437,234,-4864,1120,-2048,-2240,128896,524736,,,,,,
181863635133900,62957818953270,235,-4704,1440,-2080,-2304,128960,521728,,,,,,
181863636126700,62957819953395,236,-4000,1184,-1984,-2560,127808,527360,,,,,,
181863637121900,62957820953270,237,-4896,896,-2720,-4544,128768,524992,,,,,,
181863638122900,62957821953645,238,-4544,1344,-2208,-4480,129024,523968,,,,,,
181863639126100,62957822953353,239,-5376,1120,-2432,-2496,127680,525568,,,,,,
181863640125900,62957823953228,240,-4384,1344,-3040,-2752,128832,524224,,,,,,
181863641129600,62957824954728,241,-4256,992,-2048,-3904,128256,524672,,,,,,
181863642110000,62957825953187,242,-4128,1408,-2560,-5056,126976,525632,,,,,,
181863643130400,62957826953562,243,-4736,1472,-2784,-2432,128704,522304,,,,,,
181863644141800,62957827953312,244,-4544,1856,-2848,-3008,129536,525696,,,,,,
181863645124300,62957828953395,245,-4736,1152,-1888,-2048,128832,522496,,,,,,
181863646124200,62957829953395,246,-4928,1184,-2592,-3264,128768,522624,,,,,,
181863647127400,62957830953353,247,-4864,1536,-2656,-4096,128128,519808,,,,,,
181863648129900,62957831953603,248,-4256,1056,-2272,-3008,127360,522432,,,,,,
181863649126200,62957832954395,249,-5504,1632,-2624,-4288,128640,524672,,,,,,
181863650126900,62957833955312,250,-5184,1248,-1920,-3584,126848,523264,,,,,,
181863651139700,62957834954603,251,-4544,1408,-2496,-2880,129536,522816,,,,,,
181863652127700,62957835953395,252,-4416,1184,-2688,-3136,127424,522432,,,,,,
181863653140000,62957836954103,253,-3936,1120,-1792,-4224,127808,522176,,,,,,
181863654126300,62957837953228,254,-4832,1664,-2752,-3200,130304,521920,,,,,,
181863655121000,62957838952895,255,-5024,1344,-2176,-4096,128384,522240,,,,,,
181863656122700,62957839953353,0,-4768,1088,-2208,-2560,128704,523456,,,,,,
181863657126700,62957840953478,1,-5056,1408,-2272,-2048,128000,523264,,,,,,
181863658124900,62957841953270,2,-4864,1504,-2048,-3520,127680,522496,,,,,,
181863659114700,62957842953437,3,-4064,1056,-2016,-3328,125504,521472,,,,,,
181863660128800,62957843953145,4,-4768,1536,-2624,-4480,126656,522880,,,,,,
181863661110600,62957844953353,5,-4064,1536,-2048,-3264,128128,521600,,,,,,
181863662107500,62957845953312,6,-4192,1024,-1952,-1408,125824,520448,,,,,,
181863663119800,62957846954853,7,-4544,1216,-2400,-1920,127680,523584,,,,,,
181863664121200,62957847953353,8,-4704,1056,-2496,-2944,130688,521984,,,,,,
181863665123400,62957848953395,9,-4576,1312,-1888,-3072,127168,523136,,,,,,
181863666121300,62957849953478,10,-5696,1056,-2880,-2560,129152,523520,,,,,,
181863667113800,62957850954895,11,-5664,1312,-2464,-1472,127744,522816,,,,,,
181863668124800,62957851953937,12,-4864,1408,-2496,-2752,128640,523456,,,,,,
181863669128800,62957852957062,13,-4480,1280,-2816,-3456,125952,522944,,,,,,
181863670114100,62957853953353,14,-4416,1056,-2624,-4928,128000,522688,,,,,,
181863671117800,62957854953437,15,-4512,1152,-2656,-3904,127232,522816,,,,,,
181863672111600,62957855953270,16,-4928,928,-2464,-1856,127552,520256,,,,,,
181863673140500,62957856953228,17,-5600,1408,-2912,-2752,128320,525888,,,,,,
181863674124000,62957857954103,18,-4160,672,-1984,-3968,129024,523008,,,,,,
181863675118700,62957858954145,19,-4480,1152,-2624,-4288,126464,524224,,,,,,
181863676117200,62957859953437,20,-4896,1216,-2592,-2624,129088,523136,,,,,,
181863677113600,62957860954020,21,-4864,1312,-2656,-3008,128192,525056,,,,,,
181863678119300,62957861954478,22,-4736,960,-3264,-2688,130304,526208,,,,,,
181863679112400,62957862953395,23,-4992,1120,-2816,-5056,127552,526848,,,,,,
181863680121700,62957863955770,24,-5120,1344,-1600,-3584,128128,522368,,,,,,
181863681119300,62957864953437,25,-4608,1024,-2624,-5248,128256,526720,,,,,,
181863682120200,62957865953187,26,-4608,1312,-2496,-7040,126784,522624,,,,,,
181863683119600,62957866953603,27,-5696,896,-2112,-5120,128576,521472,,,,,,
181863684124000,62957867953978,28,-4224,1536,-3200,-5184,129472,523648,,,,,,
181863685134300,62957868953478,29,-4832,1568,-2432,-2880,131136,523328,,,,,,
181863686124700,62957869955603,30,-4704,896,-2528,-4416,130048,524672,,,,,,
181863687116300,62957870955478,31,-4992,896,-2464,-5632,127744,523520,,,,,,
181863688118100,62957871953395,32,-4768,1536,-2176,-2048,128512,525120,,,,,,
181863689120200,62957872954062,33,-5184,1184,-2208,-5120,127872,524416,,,,,,
181863690123300,62957873953645,34,-4544,1376,-2240,-5504,128640,524288,,,,,,
181863691122600,62957874953728,35,-4896,1280,-1952,-5120,128896,524224,,,,,,
181863692113600,62957875953395,36,-4672,896,-2656,-4352,129152,521792,,,,,,
181863693115200,62957876953437,37,-4832,1600,-2720,-3136,128896,525888,,,,,,
181863694134500,62957877953270,38,-4640,1152,-2368,-4288,127552,525440,,,,,,
181863695121600,62957878953437,39,-4960,1184,-2112,-4032,128064,523328,,,,,,
181863696117100,62957879953228,40,-4480,1408,-2464,-4480,127040,524736,,,,,,
181863697119400,62957880953937,41,-5120,1440,-2784,-3520,128448,523776,,,,,,
181863698270200,62957881954770,42,-4576,1344,-2656,-5632,127936,524160,,,,,,
181863699117100,62957882953437,43,-3840,1344,-1888,-4416,128704,523648,,,,,,
181863700118800,62957883953395,44,-5248,1408,-2144,-3072,126144,523392,,,,,,
181863701119600,62957884953228,45,-4448,1120,-2816,-5056,127872,523904,,,,,,
181863702126900,62957885952978,46,-4448,832,-2080,-3840,127168,523136,,,,,,
181863703117700,62957886953645,47,-4832,800,-2336,-4864,129088,522368,,,,,,
181863704118100,62957887953937,48,-4736,1472,-2432,-6528,129024,523968,,,,,,
181863705120900,62957888953353,49,-4992,1504,-2272,-3648,128192,520640,,,,,,
181863706120300,62957889953270,50,-4736,1152,-2560,-6016,127360,524672,,,,,,
181863707121900,62957890953728,51,-4576,992,-2048,-4736,131392,521408,,,,,,
181863708123300,62957891953270,52,-4416,960,-3296,-3328,127680,524224,,,,,,
181863709147900,62957892953437,53,-4416,1152,-2272,-4992,128128,525376,,,,,,
181863710125300,62957893954437,54,-4576,1216,-2240,-5120,127744,524352,,,,,,
181863711115200,62957894953562,55,-4448,1344,-2144,-3968,127744,523968,,,,,,
181863712123500,62957895953062,56,-4384,1568,-3008,-5952,128128,525056,,,,,,
181863713119400,62957896953395,57,-5088,928,-2112,-4480,126656,522752,,,,,,
181863714119800,62957897953312,58,-4224,1088,-2112,-4160,128896,524096,,,,,,
181863715122200,62957898953437,59,-4384,1216,-2464,-4544,127808,524480,,,,,,
181863716122800,62957899954853,60,-4256,1408,-2752,-4992,127616,524544,,,,,,
181863717232700,62957900955478,61,-4288,928,-2048,-5184,128768,525184,,,,,,
181863718131900,62957901953603,62,-4448,1120,-2400,-2816,128832,523584,,,,,,
181863719113500,62957902953312,63,-4448,1504,-2656,-3712,129088,525696,,,,,,
181863720114400,62957903953353,64,-4288,1120,-1888,-4416,126336,525888,,,,,,
181863721110200,62957904953353,65,-4800,896,-2496,-5184,128128,521984,,,,,,
181863722108900,62957905953020,66,-5088,1376,-2400,-3072,128832,524160,,,,,,
181863723118000,62957906953562,67,-4544,832,-2144,-2688,128128,523264,,,,,,
181863724119200,62957907953312,68,-4672,1344,-2144,-5504,128256,525888,,,,,,
181863725122500,62957908953478,69,-4384,1184,-3104,-3520,128128,521600,,,,,,
181863726115100,62957909953353,70,-5120,1024,-2944,-2944,130816,523392,,,,,,
181863727113200,62957910953395,71,-4768,1248,-2176,-4800,128640,528128,,,,,,
181863728172400,62957911953478,72,-4448,1152,-2432,-3264,129280,523840,,,,,,
181863729119400,62957912953270,73,-4960,1280,-1888,-5504,129792,523264,,,,,,
181863730126400,62957913953353,74,-5088,1120,-2848,-4160,128960,524224,,,,,,
181863731119300,62957914953353,75,-4320,1088,-1920,-3968,129152,524928,,,,,,
181863732119200,62957915953187,76,-5504,1408,-2880,-2880,129088,521408,,,,,,
181863733117000,62957916953437,77,-5024,1440,-1920,-3328,129472,523328,,,,,,
181863734117700,62957917953187,78,-4704,1120,-2624,-3072,129856,526080,,,,,,
181863735129200,62957918953395,79,-4448,1440,-2656,-4096,129088,523456,,,,,,
181863736123100,62957919953270,80,-4608,1024,-1664,-2944,127872,523456,,,,,,
181863737130600,62957920954103,81,-5472,1280,-2944,-2752,128448,524480,,,,,,
181863738122800,62957921953270,82,-4896,1312,-3136,-3904,126912,525568,,,,,,
181863739118400,62957922953187,83,-4736,640,-2272,-3776,130560,524544,,,,,,
181863740110200,62957923953437,84,-4224,1280,-1728,-3968,127360,524288,,,,,,
181863741115400,62957924953270,85,-5056,1504,-3232,-4288,129792,525376,,,,,,
181863742106400,62957925953020,86,-4832,1344,-2368,-3776,128576,526464,,,,,,
181863743123600,62957926953353,87,-4448,1344,-2208,-3392,128192,523520,,,,,,
181863744124600,62957927954270,88,-4832,1408,-2432,-3072,128192,524672,,,,,,
181863745122700,62957928953437,89,-5088,1088,-2912,-4352,128000,523968,,,,,,
181863746122400,62957929953187,90,-5088,1440,-1984,-2688,130048,523968,,,,,,
181863747106600,62957930955770,91,-4704,1280,-2208,-4544,127424,526208,,,,,,
181863748118600,62957931953437,92,-4512,1344,-2496,-4288,129152,527232,,,,,,
181863749119600,62957932953353,93,-4128,1120,-2976,-3328,127936,521856,,,,,,
181863750120400,62957933953437,94,-4544,1312,-2080,-4352,128704,526336,,,,,,
181863751123500,62957934953853,95,-4928,1376,-2368,-3072,128448,527360,,,,,,
181863752139600,62957935953395,96,-5056,1280,-2656,-2816,129024,524160,,,,,,
181863753146100,62957936954187,97,-4320,800,-2368,-3904,127872,524544,,,,,,
181863754124000,62957937953937,98,-4544,992,-2336,-2624,128256,523968,,,,,,
181863755112900,62957938953312,99,-5184,1504,-2624,-3456,128128,521984,,,,,,
181863756112900,62957939953353,100,-5024,1408,-1856,-3584,128896,523264,,,,,,
181863757113500,62957940953937,101,-4800,1216,-2752,-832,128320,520832,,,,,,
181863758111200,62957941954978,102,-4224,1440,-2400,-3584,130304,524992,,,,,,
181863759117900,62957942953312,103,-4288,1056,-2112,-3968,128448,524160,,,,,,
181863760137100,62957943953895,104,-4960,1376,-2816,-3712,126656,523840,,,,,,
181863761127300,62957944953353,105,-4960,1568,-2304,-3968,129472,524416,,,,,,
181863762111300,62957945953395,106,-4160,1216,-2592,-3456,128320,524992,,,,,,
181863763117400,62957946953437,107,-4224,1088,-2304,-2752,128768,523520,,,,,,
181863764117500,62957947953312,108,-4896,1280,-2816,-3136,128064,523712,,,,,,
181863765119100,62957948953312,109,-4608,1088,-2240,-2560,126912,526080,,,,,,
181863766123200,62957949953312,110,-4512,1536,-2656,-2048,129280,524672,,,,,,
181863767112700,62957950953478,111,-5376,992,-1920,-5184,129280,521856,,,,,,
181863768121400,62957951953395,112,-4288,1440,-2336,-5632,127552,525376,,,,,,
181863769131100,62957952953478,113,-4480,832,-2496,-4288,128640,523584,,,,,,
181863770118600,62957953957770,114,-4448,1408,-2496,-2944,128192,524864,,,,,,
181863771120900,62957954953395,115,-4992,1184,-2368,-2432,128192,521920,,,,,,
181863772121900,62957955953270,116,-4288,1152,-2240,-3264,130048,521536,,,,,,
181863773126900,62957956953395,117,-4416,960,-2560,-3584,129088,523264,,,,,,
181863774126800,62957957955062,118,-4896,1056,-2880,-4160,127872,523840,,,,,,
181863775132700,62957958953853,119,-4736,1088,-2944,-5184,128960,524480,,,,,,
181863776132900,62957959953228,120,-4032,1056,-2368,-3136,127488,524928,,,,,,
181863777128100,62957960953520,121,-5184,1376,-3040,-3584,128960,522240,,,,,,
181863778120100,62957961953353,122,-4640,1248,-2368,-4416,128128,521536,,,,,,
181863779111300,62957962953353,123,-4608,1312,-2688,-4992,129152,524224,,,,,,
181863780127600,62957963953312,124,-4896,1024,-2400,-2304,128192,523520,,,,,,
181863781130000,62957964953145,125,-3872,1248,-2272,-3328,126464,521280,,,,,,
181863782131700,62957965953520,126,-4672,1024,-2464,-4160,127296,525632,,,,,,
181863783111900,62957966954312,127,-4480,1088,-2688,-3520,126272,524480,,,,,,
181863784114100,62957967953312,128,-4608,896,-2496,-3392,128384,521472,,,,,,
181863785135100,62957968953312,129,-4352,928,-2208,-5760,126784,523328,,,,,,
181863786138100,62957969953562,130,-4832,1152,-2720,-3712,128256,524864,,,,,,
181863787120200,62957970958020,131,-4608,1024,-2176,-5248,128640,522560,,,,,,
181863788113100,62957971953312,132,-4832,864,-2720,-3136,128320,523456,,,,,,
181863789111800,62957972953520,133,-4768,480,-2304,-2688,126144,525312,,,,,,
181863790111000,62957973953312,134,-4704,1568,-2656,-3008,127872,523840,,,,,,
181863791133900,62957974953145,135,-5472,1376,-2624,-6208,128384,525440,,,,,,
181863792114900,62957975953437,136,-5472,1024,-2816,-5504,127424,523456,,,,,,
181863793129800,62957976954687,137,-5216,1696,-2688,-4224,128128,522368,,,,,,
181863794139600,62957977954770,138,-5024,1440,-2880,-3328,128512,525312,,,,,,
181863795129100,62957978953270,139,-4160,1024,-2240,-3200,128960,525120,,,,,,
181863796116900,62957979953395,140,-5088,1152,-2944,-5248,127104,521664,,,,,,
181863797121100,62957980953312,141,-5056,1504,-2880,-6016,126848,522944,,,,,,
181863798109700,62957981953270,142,-4800,1184,-2720,-5696,128000,521088,,,,,,
181863799140300,62957982954687,143,-4640,1088,-2336,-4224,127360,524288,,,,,,
181863800111000,62957983953937,144,-4704,736,-2208,-5184,129344,525376,,,,,,
181863801121500,62957984953353,145,-4384,800,-2176,-4992,128384,521216,,,,,,
181863802119500,62957985953312,146,-4736,1120,-2688,-3520,128128,523776,,,,,,
181863803111000,62957986953520,147,-4384,896,-2112,-4800,128064,521664,,,,,,
181863804108900,62957987953353,148,-4704,1312,-3072,-2880,128768,524928,,,,,,
181863805105900,62957988953270,149,-4192,1376,-1888,-3840,128256,523968,,,,,,
181863806106600,62957989953437,150,-5024,1024,-2240,-5120,126464,521920,,,,,,
181863807108600,62957990955395,151,-4512,1152,-2432,-2624,130112,521536,,,,,,
181863808104000,62957991953312,152,-4576,1120,-2592,-4096,128832,521856,,,,,,
181863809120800,62957992953395,153,-4512,1408,-2016,-4160,127296,523840,,,,,,
181863810115700,62957993954895,154,-4640,832,-2496,-4288,129216,522432,,,,,,
181863811124400,62957994956437,155,-4576,1184,-2208,-4096,128256,521600,,,,,,
181863812114600,62957995954145,156,-4832,960,-2464,-5120,128448,523712,,,,,,
181863813124500,62957996953312,157,-5024,1088,-2496,-3456,129024,520704,,,,,,
181863814115300,62957997953270,158,-4800,1408,-2528,-4736,127936,524736,,,,,,
181863815127000,62957998953395,159,-4512,832,-2336,-3648,129856,521984,,,,,,
181863816107400,62957999953312,160,-4288,1280,-2176,-2240,127296,524480,,,,,,
181863817107800,62958000955770,161,-3936,1120,-1920,-3136,127616,523328,,,,,,
181863818109800,62958001953270,162,-4800,1216,-2240,-5056,127872,522240,,,,,,
181863819115900,62958002953270,163,-4640,960,-2848,-2304,128000,523392,,,,,,
181863820109200,62958003953395,164,-5408,1184,-2464,-4032,128000,523072,,,,,,
181863821115200,62958004953395,165,-4864,832,-2784,-3776,128064,522880,,,,,,
181863822121000,62958005953478,166,-4544,1024,-1920,-6080,128832,523584,,,,,,
181863823112800,62958006953353,167,-4192,768,-2496,-3072,128640,524672,,,,,,
181863824107100,62958007953270,168,-4608,1280,-2080,-5952,127360,524992,,,,,,
181863825113900,62958008953437,169,-5056,992,-2592,-4224,128768,524288,,,,,,
181863826119800,62958009953353,170,-4864,1408,-2464,-2816,126656,522624,,,,,,
181863827127900,62958010953395,171,-4064,896,-2336,-3328,129088,523712,,,,,,
181863828111400,62958011953228,172,-4800,1216,-1952,-3968,127808,523520,,,,,,
181863829109200,62958012953603,173,-4864,1440,-2272,-2752,128640,525248,,,,,,
181863830107300,62958013953395,174,-4768,928,-2976,-5824,127680,522880,,,,,,
181863831122500,62958014953353,175,-4800,960,-2432,-4544,126400,524480,,,,,,
181863832107500,62958015953395,176,-4640,1312,-2432,-2304,128256,524480,,,,,,
181863833126900,62958016953020,177,-5024,1696,-3168,-2688,126912,523776,,,,,,
181863834112500,62958017953562,178,-4672,1280,-2624,-4736,129600,523840,,,,,,
181863835117300,62958018953187,179,-4576,896,-2272,-3776,128448,521408,,,,,,
181863836119700,62958019953520,180,-4768,1376,-2176,-4992,126656,523584,,,,,,
181863837109100,62958020953353,181,-4544,1088,-2496,-3648,129088,523648,,,,,,
181863838108700,62958021953228,182,-4704,1216,-2944,-3072,128448,523584,,,,,,
181863839106000,62958022953437,183,-4960,1216,-1952,-3904,129408,524032,,,,,,
181863840128100,62958023953312,184,-5472,1376,-2368,-3392,127616,523456,,,,,,
181863841123600,62958024953603,185,-4928,1024,-1664,-3968,128704,524608,,,,,,
181863842109300,62958025954270,186,-4992,992,-2784,-4096,128512,523328,,,,,,
181863843107600,62958026955020,187,-4448,1088,-2208,-1792,126848,524352,,,,,,
181863844129300,62958027953437,188,-4608,1280,-2784,-2368,127872,522496,,,,,,
181863845125000,62958028953353,189,-4192,1088,-1824,-5440,126656,525760,,,,,,
181863846110800,62958029953437,190,-4512,1280,-2336,-3072,128896,524736,,,,,,
181863847109100,62958030954853,191,-4416,1024,-1984,-4224,129024,525952,,,,,,
181863848126800,62958031953395,192,-4960,832,-2240,-3456,128192,524160,,,,,,
181863849112200,62958032953228,193,-4896,1536,-2336,-3520,129280,524928,,,,,,
181863850107400,62958033953145,194,-4736,1376,-2144,-2112,129344,524992,,,,,,
181863851135200,62958034953478,195,-4512,1216,-2752,-3840,126080,523136,,,,,,
181863852126200,62958035953312,196,-4800,1216,-2368,-768,129024,523968,,,,,,
181863853107600,62958036953812,197,-4768,1120,-2272,-3392,127616,524736,,,,,,
181863854107800,62958037953270,198,-4544,1184,-2432,-3904,126720,523584,,,,,,
181863855107500,62958038953478,199,-4320,1728,-2688,-4992,130112,526720,,,,,,
181863856127700,62958039953353,200,-4992,896,-2176,-3904,128768,522688,,,,,,
181863857121600,62958040953270,201,-4736,1280,-2816,-3840,128896,526208,,,,,,
181863858111400,62958041954978,202,-4800,928,-2560,-2176,129408,523584,,,,,,
181863859438500,62958042953228,203,-4928,1472,-2848,-4032,126464,525184,,,,,,
181863860121000,62958043953353,204,-4384,1184,-3456,-5312,128512,523456,,,,,,
181863861129500,62958044953395,205,-4960,1088,-2368,-2816,128384,523840,,,,,,
181863862103300,62958045953353,206,-4512,1472,-2464,-3136,128640,524736,,,,,,
181863863102300,62958046953395,207,-4864,1920,-2880,-3392,128832,528192,,,,,,
181863864101800,62958047954103,208,-5440,1152,-2560,-3328,127872,525824,,,,,,
181863865105000,62958048954895,209,-4384,1600,-2272,-6080,130048,523264,,,,,,
181863866108100,62958049953187,210,-4768,1088,-2400,-3648,128192,523456,,,,,,
181863867104400,62958050953353,211,-4768,1440,-1984,-4224,130240,522560,,,,,,
181863868121500,62958051953312,212,-5024,1248,-3392,-4544,127232,525952,,,,,,
181863869121100,62958052953478,213,-5472,1088,-1984,-3776,128192,524096,,,,,,
181863870124200,62958053955645,214,-4192,640,-2080,-2176,129024,525312,,,,,,
181863871118500,62958054953187,215,-4864,1216,-2816,-3520,127424,523968,,,,,,
181863872106900,62958055953312,216,-4896,1056,-2688,-3712,129984,526720,,,,,,
181863873129400,62958056953228,217,-5184,1248,-2048,-4992,128384,525696,,,,,,
181863874122900,62958057953437,218,-4960,1376,-2496,-3200,129920,523136,,,,,,
181863875112800,62958058953353,219,-4928,1184,-2560,-3136,127296,524096,,,,,,
181863876119400,62958059954770,220,-4864,1440,-2336,-3520,128384,528128,,,,,,
181863877112600,62958060953395,221,-4576,1216,-2848,-3904,127424,523264,,,,,,
181863878114800,62958061953270,222,-4768,800,-2240,-1856,127232,521920,,,,,,
181863879112100,62958062953353,223,-4672,1280,-2176,-3584,128832,524672,,,,,,
181863880115400,62958063952895,224,-5088,1376,-2880,-3840,127360,522048,,,,,,
181863881124100,62958064953478,225,-4224,1024,-2208,-3520,128640,524736,,,,,,
181863882110400,62958065953228,226,-4288,1120,-2400,-4160,126656,524800,,,,,,
181863883120000,62958066953353,227,-5120,1216,-2240,-2624,129472,524416,,,,,,
181863884114100,62958067953270,228,-5152,1376,-3072,-3584,126912,523648,,,,,,
181863885126400,62958068954645,229,-4928,864,-2304,-6144,128000,522432,,,,,,
181863886106000,62958069953437,230,-4768,1152,-2528,-4480,128320,523712,,,,,,
181863887106300,62958070953978,231,-5056,960,-2400,-4864,129536,523648,,,,,,
181863888106400,62958071955187,232,-4512,1056,-3072,-4032,129216,525888,,,,,,
181863889107800,62958072953353,233,-4512,960,-1920,-3584,127488,523776,,,,,,
181863890104700,62958073953270,234,-4672,1600,-2496,-3904,128768,524864,,,,,,
181863891106200,62958074953228,235,-4544,1216,-2560,-4672,126592,521408,,,,,,
181863892110500,62958075954812,236,-4448,1184,-2048,-3904,128640,527360,,,,,,
181863893115100,62958076953603,237,-5536,1664,-2240,-4096,129792,523328,,,,,,
181863894114100,62958077953228,238,-4480,1536,-2528,-3200,126848,523008,,,,,,
181863895138100,62958078953603,239,-4800,672,-2464,-2752,127872,523712,,,,,,
181863896112800,62958079953187,240,-4416,1120,-3104,-3392,128192,524416,,,,,,
181863897110500,62958080952853,241,-4064,960,-2208,-4352,128192,525504,,,,,,
181863898125400,62958081953478,242,-4352,1344,-2592,-1664,129664,524864,,,,,,
181863899113700,62958082953978,243,-4192,1248,-2432,-4160,128640,527616,,,,,,
181863900108900,62958083953437,244,-4480,1344,-2304,-3904,128384,525376,,,,,,
181863901115000,62958084953312,245,-5216,1408,-2560,-3776,130496,523072,,,,,,
181863902120200,62958085953520,246,-4768,1056,-3040,-4224,128192,524736,,,,,,
181863903116100,62958086953353,247,-4352,1056,-2144,-3520,128128,521920,,,,,,
181863904113700,62958087953395,248,-4992,1312,-2496,-4672,128576,525184,,,,,,
181863905114000,62958088953520,249,-4448,1088,-2464,-4672,128256,525376,,,,,,
181863906109700,62958089953312,250,-4672,1152,-2016,-4480,128512,524608,,,,,,
181863907103000,62958090953645,251,-4512,1088,-2112,-4864,128320,521664,,,,,,
181863908131700,62958091953312,252,-5184,1472,-2656,-4288,126336,523776,,,,,,
181863909111700,62958092953062,253,-4576,736,-1920,-4736,128000,524224,,,,,,
181863910123000,62958093953478,254,-4736,960,-2624,-4160,127872,524224,,,,,,
181863911112900,62958094953978,255,-4928,1088,-2688,-4160,128256,524544,,,,,,
181863912120400,62958095953395,0,-4704,1344,-2880,-4224,126720,527040,,,,,,
181863913107100,62958096953270,1,-4992,736,-2688,-6080,128192,523520,,,,,,
181863914127500,62958097953395,2,-4544,1184,-2496,-3136,127552,524928,,,,,,
181863915112200,62958098953353,3,-5152,1568,-2816,-2496,127616,522176,,,,,,
181863916116500,62958099953187,4,-4416,1248,-2432,-3584,128128,522560,,,,,,
181863917109800,62958100954978,5,-4928,1440,-3264,-3904,128192,521472,,,,,,
181863918119900,62958101953270,6,-5056,800,-2240,-4672,127808,525888,,,,,,
181863919116900,62958102953395,7,-4000,1216,-1984,-6080,128192,522816,,,,,,
181863920114800,62958103953395,8,-4352,1280,-2784,-3712,129856,520960,,,,,,
181863921116500,62958104953395,9,-3808,1056,-2432,-4544,125888,523456,,,,,,
181863922115300,62958105953270,10,-5152,1184,-2112,-2432,126976,522560,,,,,,
181863923105700,62958106953187,11,-4160,1504,-2272,-3328,128256,522432,,,,,,
181863924114000,62958107954020,12,-4736,992,-2272,-4928,126912,523264,,,,,,
181863925108700,62958108953312,13,-4480,736,-1664,-2048,128960,523200,,,,,,
181863926113200,62958109953437,14,-5056,1632,-2208,-3008,128896,521664,,,,,,
181863927120200,62958110953312,15,-4704,1088,-2080,-4288,126784,525440,,,,,,
181863928113500,62958111953437,16,-4800,1504,-2784,-4608,130240,524800,,,,,,
181863929110200,62958112952853,17,-4544,1536,-2720,-4864,128320,522752,,,,,,
181863930118700,62958113953270,18,-4768,1504,-2880,-2880,129088,523520,,,,,,
181863931108600,62958114953312,19,-4224,992,-2208,-5248,126848,522304,,,,,,
181863932107200,62958115953270,20,-4928,1216,-2208,-1984,129472,522560,,,,,,
181863933123800,62958116953312,21,-4608,1216,-2816,-4480,127616,522048,,,,,,
181863934117500,62958117953853,22,-4896,1152,-2176,-3712,126464,523776,,,,,,
181863935119200,62958118953437,23,-4896,992,-2144,-3648,128960,523136,,,,,,
181863936127700,62958119953312,24,-4896,1280,-2592,-4224,128192,520320,,,,,,
181863937111700,62958120953353,25,-4512,992,-2208,-5312,129920,522304,,,,,,
181863938119100,62958121953353,26,-4640,1536,-3200,-3456,127296,523008,,,,,,
181863939104800,62958122952895,27,-4960,960,-1792,-4480,126592,524608,,,,,,
181863940112000,62958123953478,28,-4768,1440,-2560,-2560,130304,524096,,,,,,
181863941118600,62958124953228,29,-4768,960,-2400,-3968,126336,522432,,,,,,
181863942113700,62958125953603,30,-4672,1248,-2624,-3776,128640,521088,,,,,,
181863943218900,62958126953395,31,-5344,1152,-2240,-3520,128000,524800,,,,,,
181863944121900,62958127953270,32,-4768,704,-1824,-2816,128576,522816,,,,,,
181863945111800,62958128953478,33,-4544,832,-2240,-4160,126528,522752,,,,,,
181863946115400,62958129953228,34,-4736,960,-2368,-3520,129728,526080,,,,,,
181863947119400,62958130954437,35,-5312,864,-2656,-1920,128000,523264,,,,,,
181863948121600,62958131953270,36,-4512,1120,-2144,-3520,127040,523264,,,,,,
181863949111400,62958132955603,37,-4992,1408,-2176,-1792,129728,523776,,,,,,
181863950113600,62958133953312,38,-4704,1120,-2208,-3456,127168,528064,,,,,,
181863951236900,62958134953103,39,-4480,896,-2432,-576,128704,524544,,,,,,
181863952128600,62958135953520,40,-5184,1216,-2720,-3840,128192,525568,,,,,,
181863953124700,62958136953270,41,-5056,896,-2976,-1280,130240,525248,,,,,,
181863954185200,62958137953437,42,-5056,1664,-2464,-4288,127488,523392,,,,,,
181863955112800,62958138953228,43,-4768,992,-2496,-2944,128896,521472,,,,,,
181863956107400,62958139953103,44,-4864,928,-2048,-3456,127680,523904,,,,,,
181863957114500,62958140953520,45,-4736,1408,-2272,-1664,128064,523840,,,,,,
181863958107400,62958141953604,46,-4768,1504,-2624,-2880,127808,525440,,,,,,
181863959107500,62958142953479,47,-4096,1120,-2624,-1344,128640,522688,,,,,,
181863960129200,62958143953229,48,-4832,1376,-2528,-4736,127744,527360,,,,,,
181863961121400,62958144953187,49,-4704,1152,-2368,-3136,129472,525504,,,,,,
181863962104800,62958145953354,50,-4544,1280,-2304,-3072,128128,525184,,,,,,
181863963101700,62958146953979,51,-4576,832,-2432,-1536,127296,524608,,,,,,
181863964123300,62958147953395,52,-4736,1344,-2336,-5056,128128,524864,,,,,,
181863965124100,62958148953187,53,-4512,1152,-2080,-1472,128960,524736,,,,,,
181863966127400,62958149953270,54,-4352,1280,-2464,-4160,128768,524480,,,,,,
181863967149900,62958150954979,55,-4832,1248,-1952,-3328,128832,524608,,,,,,
181863968113300,62958151953187,56,-5536,1792,-2528,-3008,128192,523456,,,,,,
181863969127600,62958152953312,57,-4576,800,-2496,-3904,128704,523264,,,,,,
181863970115200,62958153954229,58,-4512,1280,-1952,-2304,127872,524416,,,,,,
181863971106100,62958154956437,59,-4320,928,-1824,-4608,129792,523648,,,,,,
181863972106200,62958155953479,60,-5024,1600,-2336,-3776,129600,524608,,,,,,
181863973101800,62958156953312,61,-4576,1248,-2624,-3712,128320,522688,,,,,,
181863974105600,62958157953437,62,-4320,1248,-2528,-4352,128576,523328,,,,,,
181863975104300,62958158953062,63,-4672,1472,-2720,-3264,129792,523968,,,,,,
181863976114600,62958159954354,64,-4960,1152,-2720,-3456,130112,523712,,,,,,
181863977129200,62958160954854,65,-4864,1568,-2592,-3904,128576,524480,,,,,,
181863978124000,62958161953437,66,-4288,1344,-1728,-3264,129408,524480,,,,,,
181863979113400,62958162953229,67,-4992,1632,-2368,-1856,127808,524224,,,,,,
181863980115800,62958163953395,68,-5088,1536,-2880,-4224,128320,524352,,,,,,
181863981111800,62958164953270,69,-4704,1472,-2176,-4864,127296,524672,,,,,,
181863982120500,62958165953729,70,-4096,1024,-2496,-3840,129472,524608,,,,,,
181863983119300,62958166953270,71,-5248,1568,-2720,-3200,127040,523072,,,,,,
181863984117400,62958167953354,72,-4576,1088,-2464,-3712,126464,522368,,,,,,
181863985124800,62958168953354,73,-5024,1248,-1920,-4736,127296,524672,,,,,,
181863986120400,62958169953270,74,-4640,1376,-2144,-2880,128064,523008,,,,,,
181863987113400,62958170953687,75,-4896,1152,-2624,-3136,127552,524224,,,,,,
181863988108700,62958171953270,76,-4448,1472,-2432,-3072,126784,522560,,,,,,
181863989115900,62958172953229,77,-4544,1376,-1952,-2368,129024,523392,,,,,,
181863990114700,62958173953354,78,-5088,1344,-2400,-2496,129984,522688,,,,,,
181863991118900,62958174953270,79,-4384,1152,-2656,-4544,127040,523392,,,,,,
181863992118800,62958175953812,80,-4672,1216,-2400,-5248,128512,523072,,,,,,
181863993106900,62958176954354,81,-4384,1152,-2368,-2432,128320,524928,,,,,,
181863994117000,62958177953437,82,-4320,1536,-2400,-3264,129216,522112,,,,,,
181863995126500,62958178953354,83,-4768,1056,-1856,-4736,127104,521472,,,,,,
181863996118200,62958179953562,84,-4832,1024,-2592,-4352,128128,523200,,,,,,
181863997116600,62958180953437,85,-4800,992,-2240,-5696,125760,524096,,,,,,
181863998117600,62958181953229,86,-4704,1024,-2272,-3584,126336,523584,,,,,,
181863999109400,62958182953687,87,-5184,1408,-2496,-3520,127104,521600,,,,,,
181864000119500,62958183953312,88,-4864,1728,-2720,-2752,128384,521920,,,,,,
181864001124900,62958184953270,89,-4352,1312,-2336,-4864,128768,522240,,,,,,
181864002119300,62958185953312,90,-4448,1536,-2464,-2304,128320,521408,,,,,,
181864003112600,62958186953187,91,-4416,1184,-2656,-3136,127168,522944,,,,,,
181864004112000,62958187953354,92,-4064,480,-2944,-3200,127808,522560,,,,,,
181864005120100,62958188953145,93,-5216,1120,-1792,-4288,128704,521344,,,,,,
181864006118100,62958189953479,94,-4992,1216,-2528,-4864,128832,522112,,,,,,
181864007117000,62958190953354,95,-5216,1600,-2080,-4608,128576,524416,,,,,,
181864008111200,62958191953145,96,-4704,1120,-2528,-6144,128512,523584,,,,,,
181864009122500,62958192953437,97,-5312,992,-2144,-1856,129536,523648,,,,,,
181864010130300,62958193953229,98,-5056,1344,-2272,-4800,127872,525888,,,,,,
181864011123600,62958194953604,99,-4960,928,-2720,-5568,128128,523456,,,,,,
181864012109700,62958195954645,100,-4448,1024,-1824,-3648,128832,523904,,,,,,
181864013118100,62958196953062,101,-5056,1088,-2080,-5696,126976,525952,,,,,,
181864014121100,62958197953270,102,-4800,1312,-2592,-2496,128704,524864,,,,,,
181864015118100,62958198953145,103,-5120,1088,-2272,-2752,125824,523392,,,,,,
181864016112900,62958199953312,104,-5472,1536,-2880,-2880,128192,522560,,,,,,
181864017130000,62958200954145,105,-4512,1248,-2144,-896,128064,523264,,,,,,
181864018115800,62958201954604,106,-4544,1344,-2912,-2624,127104,523712,,,,,,
181864019118400,62958202953312,107,-4800,1376,-2528,-4096,129024,526400,,,,,,
181864020110900,62958203953395,108,-3936,1408,-2048,-3776,128512,523904,,,,,,
181864021119100,62958204953312,109,-4704,896,-2912,-3264,129152,521856,,,,,,
181864022118700,62958205953145,110,-4416,768,-2592,-4352,128768,525568,,,,,,
181864023111800,62958206953645,111,-4800,1120,-2496,-3072,128704,523648,,,,,,
181864024117700,62958207953354,112,-4576,1152,-2304,-2816,128512,527232,,,,,,
181864025111200,62958208953479,113,-4960,1088,-2912,-3776,127296,526656,,,,,,
181864026130500,62958209953312,114,-4256,1248,-2720,-2304,129792,523840,,,,,,
181864027114000,62958210953229,115,-4768,1152,-2208,-1792,127616,525760,,,,,,
181864028114500,62958211953354,116,-4832,1056,-2432,-4096,128896,524992,,,,,,
181864029117000,62958212953104,117,-5216,1024,-2336,-4032,127744,524736,,,,,,
181864030112600,62958213953229,118,-4896,1632,-2944,-4992,127296,525760,,,,,,
181864031116400,62958214953687,119,-4096,896,-1888,-5824,127872,526272,,,,,,
181864032125900,62958215953270,120,-5088,1568,-2144,-2816,127168,524928,,,,,,
181864033122200,62958216954437,121,-4448,800,-2016,-3712,128448,525440,,,,,,
181864034111300,62958217953270,122,-4384,1152,-2112,-4480,128064,523648,,,,,,
181864035121700,62958218953312,123,-5536,1248,-2592,-3712,130432,523520,,,,,,
181864036113300,62958219953395,124,-4704,896,-2240,-5184,128640,521920,,,,,,
181864037104300,62958220953437,125,-4064,1216,-2336,-4096,129472,523648,,,,,,
181864038126900,62958221953312,126,-4960,1312,-2464,-3840,127744,525056,,,,,,
181864039105000,62958222953312,127,-4992,1056,-2176,-2368,129088,522176,,,,,,
181864040106400,62958223953979,128,-4608,1088,-2208,-3200,128768,523776,,,,,,
181864041106100,62958224953312,129,-4384,1056,-2464,-3904,128000,522880,,,,,,
181864042104600,62958225954437,130,-4448,992,-1536,-5632,128128,523264,,,,,,
181864043113600,62958226954270,131,-4160,1248,-1952,-3072,128384,524288,,,,,,
181864044126700,62958227953479,132,-5056,1472,-2752,-4288,126848,521984,,,,,,
181864045106000,62958228953437,133,-4768,1152,-1984,-3584,129792,525440,,,,,,
181864046120600,62958229953437,134,-4704,1408,-2784,-3392,126784,521344,,,,,,
181864047109600,62958230954145,135,-4704,1152,-2656,-4608,129728,523840,,,,,,
181864048105900,62958231954687,136,-4768,736,-2624,-4864,128384,525504,,,,,,
181864049106400,62958232953354,137,-4640,928,-2272,-2752,127296,523072,,,,,,
181864050345900,62958233953562,138,-5184,1376,-2464,-4288,128448,522560,,,,,,
181864051126300,62958234953437,139,-4160,512,-2528,-4480,128832,523648,,,,,,
181864052114400,62958235953187,140,-4448,1248,-2688,-3776,126016,522112,,,,,,
181864053104700,62958236953145,141,-4320,1088,-2976,-3776,128832,521600,,,,,,
181864054111000,62958237953312,142,-4576,1248,-2176,-2816,128768,524096,,,,,,
181864055105100,62958238953187,143,-4640,1152,-2496,-3712,127424,525760,,,,,,
181864056105000,62958239953854,144,-4704,1568,-2240,-4864,127808,524160,,,,,,
181864057106000,62958240954812,145,-4448,1536,-2304,-5184,127680,524288,,,,,,
181864058105100,62958241953520,146,-4960,640,-2272,-2688,129024,523456,,,,,,
181864059132800,62958242953270,147,-4864,1088,-2720,-4736,127808,525440,,,,,,
181864060105200,62958243953187,148,-5184,992,-2880,-2176,128640,524032,,,,,,
181864061109300,62958244953354,149,-4928,1184,-2560,-4544,128128,525120,,,,,,
181864062105000,62958245953187,150,-4256,1216,-2176,-4480,127744,519680,,,,,,
181864063111700,62958246953312,151,-4640,1056,-2464,-2176,126976,522624,,,,,,
181864064119400,62958247953229,152,-5024,1600,-1984,-3904,130176,524352,,,,,,
181864065113300,62958248953437,153,-4960,1248,-2336,-4928,128192,525184,,,,,,
181864066113200,62958249954020,154,-4928,1504,-2592,-3392,130816,522624,,,,,,
181864067115600,62958250954604,155,-4800,1184,-2336,-1792,127168,524864,,,,,,
181864068118100,62958251953479,156,-4832,1344,-2048,-1984,128960,523456,,,,,,
181864069123900,62958252953229,157,-5152,1248,-2272,-4608,126464,523648,,,,,,
181864070107900,62958253954104,158,-4928,1728,-2944,-3648,127808,524928,,,,,,
181864071103500,62958254956729,159,-4704,1024,-2400,-5312,129152,524928,,,,,,
181864072103300,62958255962187,160,-4352,1312,-2272,-3840,126272,525376,,,,,,
181864073228500,62958256960770,161,-4800,1280,-2432,-3648,129280,524288,,,,,,
181864074228800,62958257960520,162,-4768,640,-2144,-3072,127936,525120,,,,,,
181864075242500,62958258965187,163,-3936,1120,-1984,-3840,128640,522240,,,,,,
181864076252400,62958259958770,164,-4992,1120,-2496,-4672,128064,526080,,,,,,
181864077120400,62958260956062,165,-4512,1152,-2528,-4096,128768,524928,,,,,,
181864078116300,62958261956187,166,-4896,1216,-2624,-2880,128960,524992,,,,,,
181864079116800,62958262956895,167,-4256,1248,-2944,-3264,127616,523584,,,,,,
181864080108900,62958263958270,168,-4544,1440,-2464,-2752,128896,523072,,,,,,
181864081105700,62958264960895,169,-4832,1152,-2208,-2944,126656,526208,,,,,,
181864082230800,62958265963604,170,-4224,1696,-1888,-3520,126912,524224,,,,,,
181864083118200,62958266956562,171,-4960,1152,-2656,-2368,129984,523968,,,,,,
181864084124300,62958267956479,172,-4928,1056,-2624,-3264,130176,523136,,,,,,
181864085117200,62958268959187,173,-4416,864,-2624,-1920,126912,524544,,,,,,
181864086247400,62958269958645,174,-5024,1536,-2464,-3008,129216,527104,,,,,,
181864087110500,62958270964020,175,-4480,1280,-2080,-3392,128256,524096,,,,,,
181864088370600,62958271957479,176,-4416,1568,-2400,-4032,127232,521920,,,,,,
181864089115400,62958272959437,177,-5024,1472,-2976,-3776,129792,524736,,,,,,
181864090109300,62958273955854,178,-4224,1344,-2144,-1984,127296,523776,,,,,,
181864091117600,62958274958729,179,-5632,1376,-2496,-2752,128768,522624,,,,,,
181864092112800,62958275957979,180,-4096,1344,-2336,-4224,128064,524352,,,,,,
181864093112100,62958276956395,181,-4128,928,-2304,-1856,127488,523264,,,,,,
181864094128100,62958277959354,182,-3744,832,-2240,-4224,129600,524480,,,,,,
181864095115500,62958278956145,183,-4224,960,-1728,-2560,127104,523968,,,,,,
181864096249300,62958279955604,184,-4608,1536,-2944,-4352,127104,522816,,,,,,
181864097118100,62958280960270,185,-4224,1344,-3136,-6272,127872,521792,,,,,,
181864098127800,62958281957854,186,-4608,1152,-2528,-832,127488,521920,,,,,,
181864099112500,62958282958312,187,-4480,640,-3104,-1984,126080,521984,,,,,,
181864100106700,62958283958770,188,-4448,1344,-2432,-2752,126912,525504,,,,,,
181864101108100,62958284958895,189,-4832,1664,-2016,-5888,127168,525248,,,,,,
181864102131200,62958285955062,190,-4672,1088,-2944,-3776,128896,522496,,,,,,
181864103107000,62958286959895,191,-4832,672,-2144,-4544,127232,520384,,,,,,
181864104107300,62958287958770,192,-4576,1088,-2464,-3008,129088,521536,,,,,,
181864105104000,62958288960895,193,-4736,1184,-2016,-4160,126720,519744,,,,,,
181864106230600,62958289957354,194,-4096,1216,-2112,-2752,128576,522752,,,,,,
181864107105500,62958290959312,195,-4352,1088,-2752,-4288,129344,521984,,,,,,
181864108108700,62958291955020,196,-5088,1408,-2976,-4544,127872,521280,,,,,,
181864109116400,62958292954729,197,-4960,640,-2240,-4096,128960,522880,,,,,,
181864110111300,62958293958354,198,-4864,1024,-2208,-2560,130688,523648,,,,,,
181864111106100,62958294956520,199,-4576,1504,-2816,-5952,127680,522304,,,,,,
181864112108400,62958295960062,200,-4320,1376,-2336,-3712,128576,519488,,,,,,
181864113107600,62958296961312,201,-4416,1344,-2496,-2816,127104,522112,,,,,,
181864114103900,62958297958687,202,-4800,1152,-2560,-1728,128896,522496,,,,,,
181864115103300,62958298953479,203,-5024,1088,-3168,-4288,127552,524160,,,,,,
181864116230800,62958299955562,204,-5024,1344,-2592,-3136,128704,520960,,,,,,
181864117118100,62958300959062,205,-4384,960,-2848,-2048,128384,525440,,,,,,
181864118118400,62958301958312,206,-4224,1376,-3232,-4608,128064,525056,,,,,,
181864119108600,62958302960187,207,-4544,1536,-2240,-4288,126464,522496,,,,,,
181864120103900,62958303959979,208,-4544,1024,-2112,-4288,127936,525696,,,,,,
181864121103600,62958304956395,209,-4960,1344,-2912,-3968,129280,522752,,,,,,
181864122104400,62958305959645,210,-5056,896,-2176,-4928,128832,525952,,,,,,
181864123111200,62958306958104,211,-4416,800,-2976,-3328,127808,524800,,,,,,
181864124112800,62958307959062,212,-4352,1184,-2272,-3840,126464,524608,,,,,,
181864125107900,62958308960895,213,-4512,1536,-2752,-4032,128064,525056,,,,,,
181864126235700,62958309960395,214,-5312,1088,-2144,-3648,128256,526720,,,,,,
181864127152400,62958310956229,215,-4256,768,-2560,-4480,126912,525376,,,,,,
181864128215200,62958311954229,216,-4608,704,-2112,-5120,130816,525568,,,,,,
181864129114600,62958312953437,217,-4672,1344,-2880,-2560,126912,522752,,,,,,
181864130116800,62958313953312,218,-5120,1632,-2624,-5760,129024,522112,,,,,,
181864131107700,62958314954062,219,-4832,1024,-2752,-5376,127552,522880,,,,,,
181864132109500,62958315953395,220,-4832,1440,-2752,-3264,127488,523584,,,,,,
181864133108100,62958316953145,221,-4736,1152,-2144,-5824,128512,524032,,,,,,
181864134120500,62958317953270,222,-4448,1760,-2944,-3264,128320,525568,,,,,,
181864135123800,62958318953270,223,-4416,1280,-2144,-3776,129216,523712,,,,,,
181864136107200,62958319953312,224,-4800,1056,-2048,-5248,127616,523264,,,,,,
181864137105900,62958320953395,225,-4192,1216,-2976,-3392,128640,523456,,,,,,
181864138105900,62958321953104,226,-5056,1248,-2624,-4864,128256,522432,,,,,,
181864139105500,62958322953354,227,-4224,1088,-2272,-4224,127744,524672,,,,,,
181864140106700,62958323953229,228,-4640,928,-2432,-3584,127296,525952,,,,,,
181864141113700,62958324953354,229,-4288,1184,-2176,-5248,129536,524160,,,,,,
181864142158200,62958325953312,230,-4800,1440,-2784,-4288,126528,525184,,,,,,
181864143130000,62958326953687,231,-4224,1600,-2816,-4288,127680,524480,,,,,,
181864144102400,62958327953312,232,-4416,1056,-1984,-3456,128448,524352,,,,,,
181864145108900,62958328953229,233,-4480,1632,-2240,-2496,129152,523712,,,,,,
181864146106200,62958329957395,234,-4928,1120,-2432,-4352,128128,526144,,,,,,
181864147107100,62958330954770,235,-4800,864,-2208,-4928,128064,523520,,,,,,
181864148119200,62958331953312,236,-4736,1184,-2784,-4608,128256,522432,,,,,,
181864149112300,62958332954062,237,-4224,1088,-3008,-4288,128832,522816,,,,,,
181864150121700,62958333953395,238,-4800,1344,-2304,-4096,127488,522688,,,,,,
181864151115800,62958334953229,239,-5088,1344,-2368,-4544,128256,525312,,,,,,
181864152123400,62958335953145,240,-4672,1600,-2400,-3520,127936,523712,,,,,,
181864153106700,62958336953354,241,-4384,800,-2080,-4224,129984,524608,,,,,,
181864154107000,62958337954062,242,-5120,1344,-2528,-6080,127744,522432,,,,,,
181864155113700,62958338953354,243,-5024,1472,-2912,-4736,129792,524096,,,,,,
181864156107900,62958339954312,244,-3936,1024,-2048,-4736,129472,523648,,,,,,
181864157121900,62958340954229,245,-4864,1568,-3296,-3520,127488,524800,,,,,,
181864158125100,62958341953729,246,-4608,1248,-1760,-4736,129664,523456,,,,,,
181864159112300,62958342953229,247,-4864,1088,-3072,-3392,128320,523776,,,,,,
181864160108900,62958343953229,248,-4800,1376,-2400,-2752,128320,523776,,,,,,
181864161116200,62958344953229,249,-5376,1440,-2624,-5504,128896,525248,,,,,,
181864162106400,62958345953354,250,-4672,1216,-2848,-2496,128512,523200,,,,,,
181864163123400,62958346953187,251,-4896,1536,-2592,-4032,127808,526464,,,,,,
181864164108200,62958347954770,252,-4448,1216,-2208,-5120,127872,523648,,,,,,
181864165107800,62958348953312,253,-4576,704,-1856,-4352,128384,523392,,,,,,
181864166105700,62958349953145,254,-4544,1248,-2048,-4544,129280,522496,,,,,,
181864167109800,62958350954895,255,-4736,1440,-3104,-3840,128576,524288,,,,,,
181864168109400,62958351953229,0,-4960,704,-2624,-4480,128640,524992,,,,,,
181864169107400,62958352953437,1,-4224,1088,-2336,-5184,128896,524032,,,,,,
181864170108100,62958353954437,2,-4608,1280,-2592,-4480,129024,525440,,,,,,
181864171130000,62958354953229,3,-4768,1312,-2752,-5888,128768,524928,,,,,,
181864172121100,62958355953270,4,-4736,928,-2816,-4288,128960,523328,,,,,,
181864173115000,62958356953229,5,-4704,1120,-2944,-5312,127168,522368,,,,,,
181864174122100,62958357953479,6,-4896,1376,-2176,-4224,128704,524288,,,,,,
181864175110800,62958358953187,7,-4096,800,-2272,-2944,127744,523008,,,,,,
181864176109200,62958359953395,8,-4864,1120,-2592,-3840,129984,522752,,,,,,
181864177128800,62958360953312,9,-4224,1152,-1664,-6592,128704,524800,,,,,,
181864178113300,62958361953562,10,-4480,1440,-2400,-3520,130752,524608,,,,,,
181864179107700,62958362953437,11,-4544,1248,-2688,-4288,128064,527616,,,,,,
181864180129700,62958363953187,12,-3968,928,-1792,-2624,124608,526656,,,,,,
181864181104000,62958364953437,13,-5280,1344,-2400,-2880,130112,524480,,,,,,
181864182111300,62958365953229,14,-4736,1376,-2304,-4416,127872,524608,,,,,,
181864183106100,62958366953604,15,-4384,960,-2272,-1280,128192,525312,,,,,,
181864184109000,62958367953395,16,-4736,896,-2336,-3136,128640,522944,,,,,,
181864185123300,62958368953145,17,-5088,1504,-2624,-2432,128640,524352,,,,,,
181864186106200,62958369953312,18,-4640,1088,-2624,-3136,128832,527616,,,,,,
181864187104800,62958370955187,19,-3808,1344,-2112,-2304,126656,523648,,,,,,
181864188104900,62958371954979,20,-4768,1024,-2432,-2944,128576,523712,,,,,,
181864189105500,62958372953437,21,-5120,1344,-2848,-2240,127872,525248,,,,,,
181864190105100,62958373953270,22,-4384,992,-2624,-2752,129344,525184,,,,,,
181864191129900,62958374953354,23,-4544,1248,-2432,-3136,129536,522240,,,,,,
181864192113200,62958375953062,24,-4160,896,-2240,-3456,129792,522752,,,,,,
181864193118200,62958376953270,25,-5056,1184,-2464,-3328,128384,523328,,,,,,
181864194113200,62958377953312,26,-4544,1184,-2976,-3712,128000,524096,,,,,,
181864195108200,62958378953270,27,-4096,1312,-3040,-2816,129472,523776,,,,,,
181864196124300,62958379953312,28,-5024,704,-2560,-4288,128384,526528,,,,,,
181864197106700,62958380953187,29,-4576,960,-2752,-3648,129152,524096,,,,,,
181864198103400,62958381953395,30,-4640,960,-2528,-4416,127552,523200,,,,,,
181864199099300,62958382953062,31,-4864,960,-2176,-3136,129344,524736,,,,,,
181864200107800,62958383953229,32,-4320,1472,-1760,-3648,128832,524480,,,,,,
181864201112700,62958384953354,33,-5120,1888,-2720,-4800,126976,523200,,,,,,
181864202116300,62958385953312,34,-4448,1152,-2752,-3840,128640,525312,,,,,,
181864203111900,62958386953312,35,-4576,992,-2048,-3072,127168,523264,,,,,,
181864204105000,62958387953145,36,-4416,1088,-2464,-4608,129088,523072,,,,,,
181864205105300,62958388953229,37,-4896,1184,-3072,-3136,129216,522880,,,,,,
181864206104600,62958389955895,38,-4160,896,-1728,-3072,128832,525120,,,,,,
181864207121600,62958390954770,39,-4288,992,-2400,-5248,126848,522752,,,,,,
181864208113200,62958391953187,40,-4192,1408,-2272,-4672,129216,523968,,,,,,
181864209122600,62958392953354,41,-4832,1568,-2848,-4032,128640,523136,,,,,,
181864210125000,62958393953270,42,-4160,768,-1984,-3648,128896,524096,,,,,,
181864211113400,62958394953187,43,-4416,1248,-2176,-3328,127168,523328,,,,,,
181864212103700,62958395953187,44,-4832,1184,-2496,-2112,128768,522432,,,,,,
181864213124700,62958396953145,45,-4288,960,-2112,-2176,130048,521280,,,,,,
181864214121400,62958397953312,46,-4736,896,-2880,-3200,127552,523072,,,,,,
181864215120300,62958398953354,47,-4352,1120,-2752,-6208,127616,524352,,,,,,
181864216104200,62958399953479,48,-4704,1312,-2368,-3584,128832,523456,,,,,,
181864217105700,62958400955437,49,-5024,1344,-2592,-3968,128064,522944,,,,,,
181864218106900,62958401953229,50,-4960,1088,-2144,-2816,128384,523328,,,,,,
181864219127500,62958402953312,51,-4192,1312,-2112,-3520,128320,521984,,,,,,
181864220104100,62958403953104,52,-5568,1152,-3104,-3904,128832,525632,,,,,,
181864221122100,62958404953270,53,-4736,1664,-2432,-3520,128000,524032,,,,,,
181864222106500,62958405953145,54,-4928,832,-2048,-2688,127168,522752,,,,,,
181864223108000,62958406953479,55,-4896,1504,-2592,-5568,127168,520576,,,,,,
181864224108000,62958407953229,56,-4576,864,-1824,-4288,128064,522880,,,,,,
181864225110500,62958408953145,57,-4480,1184,-1984,-4288,128704,522880,,,,,,
181864226118900,62958409953354,58,-4704,1408,-2432,-3968,127808,524800,,,,,,
181864227110900,62958410953187,59,-4800,1568,-2176,-2688,128128,524672,,,,,,
181864228105400,62958411953395,60,-4000,1152,-3200,-1152,128320,523392,,,,,,
181864229132000,62958412953187,61,-4288,1152,-1888,-3008,128512,523200,,,,,,
181864230123500,62958413955729,62,-4672,960,-3232,-2432,127232,525440,,,,,,
181864231123000,62958414953312,63,-4800,1184,-2944,-3968,128832,521920,,,,,,
181864232120800,62958415953062,64,-4256,1408,-2496,-4224,126656,523456,,,,,,
181864233121600,62958416953312,65,-4320,1280,-2560,-3456,128832,522240,,,,,,
181864234120600,62958417953729,66,-5024,1312,-2784,-3648,129344,522944,,,,,,
181864235120600,62958418953479,67,-4704,1216,-2592,-4352,127744,523520,,,,,,
181864236118600,62958419953354,68,-4448,1216,-2592,-4736,127040,524992,,,,,,
181864237122700,62958420953312,69,-4896,1024,-2720,-2944,129664,523776,,,,,,
181864238123300,62958421953270,70,-4448,864,-2368,-4096,128768,526400,,,,,,
181864239119700,62958422953187,71,-4960,1312,-3040,-2112,129536,524160,,,,,,
181864240116900,62958423952895,72,-3872,928,-2432,-4096,129344,524352,,,,,,
181864241107300,62958424953229,73,-5312,960,-2848,-4864,129152,522304,,,,,,
181864242121700,62958425953354,74,-4640,832,-2624,-4736,128384,522176,,,,,,
181864243125400,62958426953270,75,-4832,992,-2592,-4672,126464,525184,,,,,,
181864244122500,62958427954604,76,-4544,960,-2272,-6080,129408,522496,,,,,,
181864245120800,62958428953270,77,-5088,1248,-2432,-3520,129024,522432,,,,,,
181864246118300,62958429953229,78,-4640,1408,-2112,-2176,127040,522048,,,,,,
181864247123500,62958430953312,79,-4928,1280,-2016,-5248,127872,522240,,,,,,
181864248122700,62958431953312,80,-5184,1280,-1856,-4224,128000,524160,,,,,,
181864249121000,62958432953395,81,-5312,1280,-2912,-3200,127488,523456,,,,,,
181864250120100,62958433953270,82,-5024,1120,-3040,-3712,129024,524544,,,,,,
181864251125800,62958434953187,83,-4544,1152,-2144,-2944,127872,523392,,,,,,
181864252128900,62958435954020,84,-4928,1600,-2464,-3520,128320,522304,,,,,,
181864253127400,62958436953229,85,-4576,928,-2560,-3456,128256,524224,,,,,,
181864254127600,62958437953312,86,-4576,1248,-2656,-2432,130240,523008,,,,,,
181864255121500,62958438953312,87,-5088,1376,-2752,-3712,127808,523456,,,,,,
181864256122000,62958439953062,88,-4800,1664,-2496,-4032,128896,522240,,,,,,
181864257118800,62958440953354,89,-4704,1120,-2048,-2816,127424,523264,,,,,,
181864258124200,62958441953229,90,-5376,1056,-2592,-3840,128128,526080,,,,,,
181864259118300,62958442953312,91,-4768,1312,-2048,-3008,128832,523456,,,,,,
181864260124000,62958443953270,92,-4608,1152,-2336,-2560,129024,524864,,,,,,
181864261120400,62958444953187,93,-4512,1440,-2432,-3072,128192,524992,,,,,,
181864262121500,62958445953562,94,-4960,1344,-2688,-3328,126720,523264,,,,,,
181864263127700,62958446953354,95,-4896,1600,-3264,-4288,129472,523264,,,,,,
181864264113500,62958447953895,96,-4416,1248,-2528,-4096,128320,523520,,,,,,
181864265120400,62958448953145,97,-4288,1184,-2944,-5312,127552,524480,,,,,,
181864266129300,62958449954187,98,-4608,864,-2336,-5248,129728,520832,,,,,,
181864267124700,62958450954479,99,-4672,1088,-2304,-896,127744,521664,,,,,,
181864268125700,62958451953437,100,-4928,1376,-2624,-2624,129408,524864,,,,,,
181864269120000,62958452953437,101,-4928,1440,-2464,-3072,126976,523584,,,,,,
181864270122100,62958453953145,102,-4832,1344,-2240,-2944,127936,525120,,,,,,
181864271121900,62958454953229,103,-4640,1344,-2368,-4288,127872,526400,,,,,,
181864272119700,62958455954104,104,-4896,1248,-2528,-5440,126464,523200,,,,,,
181864273120900,62958456953520,105,-5184,1248,-2944,-4544,127488,521536,,,,,,
181864274132100,62958457953229,106,-4832,1056,-1920,-4544,128128,524224,,,,,,
181864275354200,62958458953395,107,-4512,1216,-2688,-3648,128960,524480,,,,,,
181864276121900,62958459953145,108,-4864,992,-2496,-4864,126656,524224,,,,,,
181864277135900,62958460953104,109,-5216,1728,-2656,-3328,126400,524032,,,,,,
181864278130700,62958461953354,110,-5216,800,-2144,-4992,127936,523392,,,,,,
181864279128200,62958462953187,111,-4672,1312,-3040,-3584,128000,522560,,,,,,
181864280124600,62958463953354,112,-4704,576,-1088,-3712,128192,522240,,,,,,
181864281121400,62958464953479,113,-4192,1440,-2560,-2688,127808,523584,,,,,,
181864282127000,62958465953729,114,-5088,928,-2752,-3904,130432,524736,,,,,,
181864283123800,62958466953312,115,-5728,1728,-3008,-5120,129344,525824,,,,,,
181864284127000,62958467953145,116,-4384,1344,-2176,-3136,128000,523904,,,,,,
181864285123600,62958468953229,117,-4448,1184,-2944,-4032,127744,519232,,,,,,
181864286126000,62958469953145,118,-4256,1184,-2752,-3712,127872,524928,,,,,,
181864287126400,62958470955062,119,-4800,1344,-2496,-3712,128000,522816,,,,,,
181864288122300,62958471953437,120,-4800,1152,-2272,-3328,127296,526528,,,,,,
181864289125000,62958472953395,121,-5120,960,-2272,-3136,129088,523904,,,,,,
181864290127900,62958473953312,122,-4960,1152,-2144,-4928,128320,524096,,,,,,
181864291125100,62958474953229,123,-5504,1568,-2272,-4096,127232,523776,,,,,,
181864292123000,62958475953312,124,-4832,1376,-2176,-3328,127680,524928,,,,,,
181864293695400,62958476954145,125,-4736,1216,-2304,-4352,128256,520576,,,,,,
181864294117000,62958477953270,126,-4832,1024,-2688,-4096,126976,525440,,,,,,
181864295133500,62958478953270,127,-4704,864,-2272,-4416,128960,524032,,,,,,
181864296124500,62958479953020,128,-4608,1280,-1952,-2880,126144,524928,,,,,,
181864297123200,62958480953520,129,-4448,928,-2048,-2880,128256,523456,,,,,,
181864298125900,62958481953229,130,-4160,896,-1792,-4096,127040,524672,,,,,,
181864299127800,62958482953562,131,-5024,1376,-2368,-2496,127936,525696,,,,,,
181864300350900,62958483954770,132,-4160,1280,-2496,-2816,129088,524928,,,,,,
181864301133700,62958484953395,133,-4448,960,-2272,-4992,128384,522432,,,,,,
181864302127500,62958485954270,134,-4960,1216,-2816,-2496,128832,524800,,,,,,
181864303130300,62958486953145,135,-4352,896,-2272,-3904,127744,524928,,,,,,
181864304124700,62958487953229,136,-4736,640,-2720,-4992,129344,525312,,,,,,
181864305119400,62958488954854,137,-4512,1312,-2528,-2688,127360,521792,,,,,,
181864306137000,62958489953270,138,-4896,1184,-2944,-3520,127168,523584,,,,,,
181864307125100,62958490953354,139,-4768,1024,-2272,-3136,128640,523584,,,,,,
181864308123700,62958491953395,140,-4224,1120,-1952,-3648,128832,522816,,,,,,
181864309123500,62958492952937,141,-5152,1248,-2528,-4480,127296,524032,,,,,,
181864310134900,62958493953854,142,-4288,1056,-2560,-3392,126400,525248,,,,,,
181864311128400,62958494953354,143,-4256,576,-2400,-3840,127552,525376,,,,,,
181864312123900,62958495953270,144,-4832,1536,-2272,-4288,127872,524224,,,,,,
181864313124700,62958496953270,145,-5216,1024,-2912,-4736,128128,524928,,,,,,
181864314127000,62958497953395,146,-4704,1152,-2496,-4032,127872,522304,,,,,,
181864315122600,62958498953354,147,-4128,1056,-1888,-3200,127040,526528,,,,,,
181864316124400,62958499953270,148,-4832,1280,-2496,-4608,128576,524992,,,,,,
181864317122400,62958500954229,149,-4352,1056,-2240,-3840,127424,525248,,,,,,
181864318130900,62958501954395,150,-4576,1216,-2272,-6592,129728,523200,,,,,,
181864319125400,62958502952812,151,-5056,1440,-2144,-2240,128640,526976,,,,,,
181864320120400,62958503953437,152,-5088,1056,-2144,-3840,128512,522304,,,,,,
181864321126500,62958504953354,153,-4480,960,-2208,-3648,128064,525568,,,,,,
181864322122200,62958505953145,154,-4704,1568,-3008,-3264,127232,522752,,,,,,
181864323114700,62958506953812,155,-4864,1024,-2656,-2304,128192,525248,,,,,,
181864324113300,62958507954312,156,-4416,1120,-2176,-3264,129792,524608,,,,,,
181864325116600,62958508953229,157,-4704,1280,-2592,-6080,127936,523584,,,,,,
181864326117500,62958509953145,158,-4800,1088,-2624,-3328,127424,524736,,,,,,
181864327123900,62958510954312,159,-4960,960,-2048,-3328,127168,522240,,,,,,
181864328124100,62958511953270,160,-5344,1280,-2656,-4800,129152,525312,,,,,,
181864329123400,62958512954520,161,-4608,1696,-2176,-4928,127296,524352,,,,,,
181864330121800,62958513954687,162,-4640,1664,-3232,-3968,128576,523776,,,,,,
181864331123900,62958514953229,163,-4896,1728,-2432,-4608,128768,524032,,,,,,
181864332123700,62958515953479,164,-4672,1472,-2912,-3584,128960,524224,,,,,,
181864333124100,62958516953229,165,-4288,1248,-2656,-3456,129408,524800,,,,,,
181864334126400,62958517953062,166,-5376,1536,-2976,-4096,127424,524992,,,,,,
181864335122200,62958518953187,167,-4832,1152,-2656,-3712,127744,522368,,,,,,
181864336120100,62958519953145,168,-4160,1632,-2400,-2496,126336,523904,,,,,,
181864337123400,62958520956020,169,-4800,1664,-2976,-3712,129536,524736,,,,,,
181864338129000,62958521953187,170,-5152,992,-2976,-5440,129664,525760,,,,,,
181864339121300,62958522952979,171,-4736,1152,-2368,-4928,127680,525568,,,,,,
181864340122600,62958523953395,172,-4512,1344,-2432,-4608,127872,522880,,,,,,
181864341115600,62958524953437,173,-5184,1216,-2112,-3712,129728,523392,,,,,,
181864342111300,62958525953270,174,-4640,1376,-2912,-3712,127232,525504,,,,,,
181864343116600,62958526953145,175,-4224,992,-2976,-3840,127936,524544,,,,,,
181864344155200,62958527953562,176,-4736,1696,-2464,-3968,127872,523200,,,,,,
181864345221300,62958528953187,177,-4640,960,-1920,-5568,127232,526464,,,,,,
181864346140300,62958529953479,178,-4384,1440,-2048,-5312,125376,524096,,,,,,
181864347121600,62958530954270,179,-4960,1504,-2464,-1792,129088,525376,,,,,,
181864348121300,62958531953020,180,-4800,1344,-2272,-1728,129600,523008,,,,,,
181864349123200,62958532953229,181,-4352,1120,-1888,-4544,128128,524544,,,,,,
181864350435600,62958533953145,182,-4864,1216,-2752,-4672,127872,523072,,,,,,
181864351127000,62958534953229,183,-4896,1440,-2912,-2112,127552,526272,,,,,,
181864352121500,62958535953145,184,-3872,1184,-1952,-4672,128704,523520,,,,,,
181864353123500,62958536953312,185,-4608,992,-2496,-4032,128832,525248,,,,,,
181864354125300,62958537953229,186,-4512,1408,-2656,-2112,128064,527104,,,,,,
181864355123200,62958538953187,187,-4608,928,-2112,-3008,129088,521984,,,,,,
181864356121000,62958539953312,188,-4544,1216,-2240,-4416,128960,523136,,,,,,
181864357121600,62958540953270,189,-4928,1440,-1984,-3776,128128,525312,,,,,,
181864358119900,62958541954645,190,-4960,928,-2144,-4032,129664,525312,,,,,,
181864359145700,62958542953145,191,-4416,1248,-2656,-2048,127872,525696,,,,,,
181864360139800,62958543953270,192,-4768,1056,-2400,-5568,127680,522496,,,,,,
181864361131300,62958544953312,193,-5056,1248,-2848,-3776,127744,522816,,,,,,
181864362114200,62958545953229,194,-4544,960,-2304,-2304,128640,523456,,,,,,
181864363126100,62958546954479,195,-4512,1280,-2432,-1792,129344,524160,,,,,,
181864364119300,62958547954604,196,-5216,1376,-2752,-2944,127488,521856,,,,,,
181864365120400,62958548954812,197,-4896,1344,-2944,-3264,127488,522880,,,,,,
181864366125400,62958549953104,198,-4672,1248,-2464,-5632,127360,524416,,,,,,
181864367146600,62958550955854,199,-4128,1280,-2080,-3776,127104,522752,,,,,,
181864368144800,62958551953187,200,-4800,1216,-2656,-2688,128384,521984,,,,,,
181864369125500,62958552953187,201,-5408,1568,-2496,-2048,128512,524480,,,,,,
181864370123400,62958553954020,202,-4064,1120,-1952,-3328,126784,523584,,,,,,
181864371118500,62958554953187,203,-5184,1440,-2464,-2944,128960,525056,,,,,,
181864372117000,62958555953270,204,-4672,1088,-2272,-3264,128256,523072,,,,,,
181864373170500,62958556953229,205,-4160,1312,-2240,-3840,127296,522880,,,,,,
181864374114400,62958557953270,206,-4896,1376,-2528,-4736,126848,522112,,,,,,
181864375113000,62958558953479,207,-5152,1504,-2784,-3520,128128,523520,,,,,,
181864376144000,62958559953729,208,-4960,1120,-2752,-3456,128064,525376,,,,,,
181864377121000,62958560955604,209,-4736,1504,-2464,-4800,128640,526016,,,,,,
181864378116200,62958561953104,210,-4288,1216,-2592,-4416,127552,523328,,,,,,
181864379125100,62958562953437,211,-4896,896,-2528,-1920,128064,522752,,,,,,
181864380123400,62958563953270,212,-4928,1248,-2848,-4416,129408,523392,,,,,,
181864381124600,62958564953104,213,-4800,1600,-3200,-2752,127040,523264,,,,,,
181864382126800,62958565953187,214,-4128,1184,-1888,-4608,128832,522880,,,,,,
181864383124200,62958566952895,215,-4416,1216,-1760,-5632,128576,524608,,,,,,
181864384122100,62958567954479,216,-4992,1504,-2752,-4224,127808,522432,,,,,,
181864385114000,62958568953145,217,-4928,1824,-2496,-3392,127360,522112,,,,,,
181864386115100,62958569953354,218,-4896,1760,-2880,-2688,127360,523072,,,,,,
181864387113600,62958570954729,219,-4512,1152,-2688,-3712,129152,524480,,,,,,
181864388114800,62958571953270,220,-4256,1056,-2400,-3072,127360,519424,,,,,,
181864389124800,62958572954812,221,-4256,928,-2240,-4352,126592,525760,,,,,,
181864390127500,62958573953187,222,-4320,1152,-2720,-4864,128000,523392,,,,,,
181864391131000,62958574953312,223,-5088,1152,-2976,-3264,126208,522112,,,,,,
181864392114900,62958575953187,224,-4224,1216,-2496,-3712,128576,522496,,,,,,
181864393130400,62958576954312,225,-4608,1248,-2336,-2624,126976,523648,,,,,,
181864394121300,62958577953270,226,-4672,736,-1472,-4544,129152,522752,,,,,,
181864395121600,62958578953187,227,-5024,1216,-2368,-3072,127232,524608,,,,,,
181864396130100,62958579953270,228,-4736,832,-2016,-3136,127360,522240,,,,,,
181864397125200,62958580953145,229,-4672,1696,-2656,-2944,128064,524416,,,,,,
181864398124800,62958581953270,230,-4640,1184,-2688,-3776,127360,524416,,,,,,
181864399122800,62958582953187,231,-4128,1536,-1952,-2816,128192,521600,,,,,,
181864400322300,62958583953020,232,-4384,1344,-2080,-3456,130368,524416,,,,,,
181864401123900,62958584953229,233,-4512,1088,-2688,-3712,128128,523136,,,,,,
181864402119700,62958585953020,234,-5024,1248,-2560,-3200,129856,523200,,,,,,
181864403118600,62958586956729,235,-4896,1120,-2144,-2816,126400,522944,,,,,,
181864404118100,62958587953270,236,-4928,1408,-2912,-5760,128768,521664,,,,,,
181864405119100,62958588953312,237,-4352,1088,-2496,-3904,128640,522304,,,,,,
181864406125300,62958589953229,238,-4640,1216,-2848,-2368,129088,521408,,,,,,
181864407119400,62958590954520,239,-5184,1152,-3040,-4416,127616,523264,,,,,,
181864408124000,62958591953187,240,-4480,960,-2240,-3904,129152,525952,,,,,,
181864409128200,62958592953229,241,-4576,1344,-3072,-3136,128768,522560,,,,,,
181864410122900,62958593953229,242,-4288,1120,-1632,-2048,126784,522880,,,,,,
181864411128300,62958594953395,243,-4896,736,-2624,-4608,128384,525696,,,,,,
181864412127500,62958595953395,244,-5024,1632,-2720,-4160,127168,521984,,,,,,
181864413123000,62958596953062,245,-5184,1088,-2336,-4800,127232,523520,,,,,,
181864414123900,62958597953312,246,-4736,1344,-2816,-3584,128768,524672,,,,,,
181864415123800,62958598953145,247,-5056,1568,-2976,-5632,126336,524224,,,,,,
181864416123700,62958599953354,248,-4128,1312,-2080,-3136,129152,524608,,,,,,
181864417116100,62958600953895,249,-4768,1184,-2752,-3712,127488,523328,,,,,,
181864418119500,62958601957854,250,-4800,1344,-3072,-2368,125504,523072,,,,,,
181864419119000,62958602953479,251,-4608,1440,-2496,-5824,129152,524032,,,,,,
181864420127900,62958603953187,252,-4800,1248,-2624,-3200,129728,523584,,,,,,
181864421121600,62958604953145,253,-4832,1632,-2752,-5376,128576,523072,,,,,,
181864422122500,62958605953187,254,-4448,1216,-2240,-3264,129920,524032,,,,,,
181864423120000,62958606956020,255,-4352,1120,-2016,-2880,127680,524736,,,,,,
181864424120100,62958607953270,0,-4480,1120,-2592,-3904,126720,523072,,,,,,
181864425121100,62958608953145,1,-5120,1408,-3168,-3328,130048,525760,,,,,,
181864426124400,62958609953270,2,-4288,864,-1856,-3584,127360,523072,,,,,,
181864427123800,62958610953854,3,-4416,992,-2560,-2624,129152,525696,,,,,,
181864428121400,62958611953145,4,-4672,1664,-2368,-4096,127104,522176,,,,,,
181864429122100,62958612954020,5,-4640,2016,-3008,-3456,128640,524416,,,,,,
181864430120900,62958613953604,6,-4800,1024,-2464,-4160,127488,524864,,,,,,
181864431123500,62958614953395,7,-4064,1280,-2976,-5888,128000,526080,,,,,,
181864432121500,62958615953187,8,-4512,800,-2208,-3840,128640,525120,,,,,,
181864433124100,62958616953187,9,-4800,1280,-2464,-4032,127744,523136,,,,,,
181864434120500,62958617953354,10,-4128,1440,-2400,-3968,127424,522944,,,,,,
181864435121800,62958618952812,11,-4608,1024,-2304,-4928,127680,522240,,,,,,
181864436126800,62958619953395,12,-4672,1600,-2752,-4416,128896,523264,,,,,,
181864437123000,62958620954645,13,-4800,1280,-2176,-4672,128576,522432,,,,,,
181864438110900,62958621953395,14,-4800,1568,-2592,-3200,126208,524480,,,,,,
181864439129000,62958622953229,15,-4256,1216,-2560,-1280,127808,522624,,,,,,
181864440138100,62958623953979,16,-4416,1152,-2688,-3584,128832,524352,,,,,,
181864441119800,62958624953395,17,-3584,1248,-2464,-3456,127616,523072,,,,,,
181864442122800,62958625954562,18,-4640,1120,-2112,-3328,129408,520832,,,,,,
181864443123400,62958626953395,19,-4960,1280,-2624,-3584,128000,521664,,,,,,
181864444121100,62958627953187,20,-4832,1184,-2688,-3520,127232,523264,,,,,,
181864445122900,62958628954145,21,-4672,1184,-2208,-4160,126976,522688,,,,,,
181864446120800,62958629953270,22,-4640,1472,-2112,-2048,128576,524032,,,,,,
181864447118400,62958630953562,23,-4544,1184,-2432,-3328,127872,525120,,,,,,
181864448122200,62958631953354,24,-4512,1408,-2016,-3200,128640,523392,,,,,,
181864449125000,62958632954104,25,-4704,1440,-2048,-5248,128256,524416,,,,,,
181864450120900,62958633955020,26,-4512,960,-2432,-2496,127872,521472,,,,,,
181864451117600,62958634953187,27,-4384,1760,-2784,-2432,127616,520768,,,,,,
181864452125800,62958635954062,28,-4544,1024,-2720,-3456,128576,522880,,,,,,
181864453123400,62958636953270,29,-5184,1408,-2656,-2432,129344,520256,,,,,,
181864454120700,62958637953145,30,-4416,608,-2880,-2944,127040,524416,,,,,,
181864455120100,62958638953270,31,-3648,1120,-2272,-2112,127104,523200,,,,,,
181864456122000,62958639953312,32,-4544,960,-2048,-3392,129472,522176,,,,,,
181864457122100,62958640953312,33,-4928,1344,-2400,-4352,127232,523072,,,,,,
181864458120200,62958641953354,34,-4928,1152,-2400,-5056,129088,523328,,,,,,
181864459126600,62958642954104,35,-5600,1696,-3072,-3328,127552,520832,,,,,,
181864460124300,62958643956354,36,-4320,768,-1376,-2944,127296,522560,,,,,,
181864461124000,62958644954395,37,-4832,960,-2624,-4864,129280,521024,,,,,,
181864462122500,62958645953354,38,-4544,1248,-2112,-4288,128000,525760,,,,,,
181864463118800,62958646953145,39,-4928,1600,-2752,-3072,127360,524288,,,,,,
181864464122400,62958647953229,40,-4704,1536,-2624,-4160,128960,526272,,,,,,
181864465121900,62958648953229,41,-4992,1408,-2528,-4608,127936,522816,,,,,,
181864466123400,62958649952979,42,-4992,1024,-2112,-3392,130752,522752,,,,,,
181864467118200,62958650954729,43,-4960,704,-2656,-2560,128640,525504,,,,,,
181864468112800,62958651953270,44,-4576,992,-3264,-2432,127616,524864,,,,,,
181864469129700,62958652953187,45,-5312,1216,-2880,-2176,126720,527104,,,,,,
181864470114000,62958653953020,46,-4640,1056,-2432,-5056,128128,526784,,,,,,
181864471133500,62958654954062,47,-5216,832,-2720,-3520,128064,524416,,,,,,
181864472127200,62958655953229,48,-4576,1376,-3008,-2304,128768,523584,,,,,,
181864473123500,62958656953062,49,-4672,1120,-2496,-3584,127744,524736,,,,,,
181864474119600,62958657953229,50,-4992,1376,-2336,-3712,127424,522496,,,,,,
181864475347300,62958658952770,51,-4512,1120,-2848,-4800,128768,526208,,,,,,
181864476126000,62958659953937,52,-4896,1344,-2848,-3648,128768,524032,,,,,,
181864477120800,62958660953187,53,-4576,1152,-2048,-2816,129024,526080,,,,,,
181864478119500,62958661953354,54,-4448,1280,-2528,-3840,127936,527232,,,,,,
181864479122700,62958662953104,55,-4864,1376,-1792,-3968,129536,523584,,,,,,
181864480123800,62958663953229,56,-4448,1184,-2112,-4096,128960,526080,,,,,,
181864481122100,62958664953479,57,-4800,1280,-2720,-2240,129920,522944,,,,,,
181864482121000,62958665953604,58,-4160,928,-2432,-3200,128128,525440,,,,,,
181864483118200,62958666954104,59,-4864,1632,-2176,-4800,127808,523712,,,,,,
181864484125600,62958667953270,60,-4416,1536,-2464,-3584,128192,523520,,,,,,
181864485121800,62958668954145,61,-4608,1344,-2592,-5952,126848,523904,,,,,,
181864486120300,62958669953312,62,-4064,1472,-2240,-4160,130304,525696,,,,,,
181864487124700,62958670954687,63,-4352,896,-2048,-4160,127552,522944,,,,,,
181864488121900,62958671953479,64,-4800,1312,-2816,-4160,131136,524160,,,,,,
181864489123900,62958672955937,65,-4768,1120,-2432,-3904,128000,521600,,,,,,
181864490128900,62958673953312,66,-4640,1504,-2496,-5248,128640,525824,,,,,,
181864491123400,62958674953145,67,-4384,1600,-2880,-5120,129152,523264,,,,,,
181864492118100,62958675953229,68,-4480,960,-2752,-3840,128384,523200,,,,,,
181864493128200,62958676955604,69,-4256,1440,-2592,-3392,127040,521728,,,,,,
181864494125600,62958677953020,70,-4128,1248,-1792,-3136,127040,525120,,,,,,
181864495126200,62958678953270,71,-4672,1472,-2816,-4160,128256,523328,,,,,,
181864496127500,62958679953145,72,-4640,960,-2848,-4480,126336,524800,,,,,,
181864497127700,62958680953729,73,-4896,1184,-2240,-5504,127296,521408,,,,,,
181864498122900,62958681953354,74,-4224,800,-1632,-3008,126400,523840,,,,,,
181864499122700,62958682953062,75,-4960,1440,-3072,-4544,129472,523520,,,,,,
181864500112400,62958683953354,76,-4320,832,-2336,-3520,126656,525440,,,,,,
181864501133300,62958684953104,77,-4512,1408,-2592,-5248,128896,527104,,,,,,
181864502135300,62958685953229,78,-4448,1056,-2560,-5952,128512,522304,,,,,,
181864503123300,62958686953187,79,-4960,1440,-2336,-1600,126464,523008,,,,,,
181864504122600,62958687953270,80,-5248,1312,-2752,-2304,128768,521472,,,,,,
181864505122200,62958688953270,81,-4640,1248,-2496,-4096,128064,523072,,,,,,
181864506120800,62958689953062,82,-4736,1216,-2880,-3392,128384,522560,,,,,,
181864507120500,62958690952895,83,-4960,1536,-2816,-4480,127936,524288,,,,,,
181864508121500,62958691954770,84,-4864,1312,-3040,-3264,127744,524800,,,,,,
181864509129000,62958692953270,85,-5024,1024,-2464,-4544,129600,521984,,,,,,
181864510123800,62958693953187,86,-4192,1120,-1984,-4288,128256,524160,,,,,,
181864511124900,62958694953395,87,-4224,1472,-2560,-4800,128384,524864,,,,,,
181864512127000,62958695953187,88,-4736,1440,-2784,-4160,128320,523136,,,,,,
181864513127600,62958696953145,89,-4416,1024,-1984,-4096,128192,522304,,,,,,
181864514121200,62958697953270,90,-5120,1152,-2496,-5696,127808,524032,,,,,,
181864515122400,62958698953229,91,-4512,1440,-2496,-2752,128320,525568,,,,,,
181864517056300,62958699953312,92,-5088,1344,-2240,-2944,128832,524096,,,,,,
181864517183900,62958700953937,93,-5024,992,-2752,-4288,128960,525760,,,,,,
181864518164700,62958701953395,94,-4192,1056,-2688,-4288,128896,523200,,,,,,
181864519146500,62958702953895,95,-5312,1376,-3072,-4160,129024,522368,,,,,,
181864520119400,62958703953145,96,-4224,992,-2208,-3968,128832,523584,,,,,,
181864521124100,62958704953229,97,-4832,896,-2048,-3072,128960,524160,,,,,,
181864522123100,62958705953687,98,-4704,1056,-2784,-3072,127488,524992,,,,,,
181864523122000,62958706953270,99,-4672,1024,-1920,-5568,130240,525888,,,,,,
181864524211700,62958707953104,100,-4672,1120,-2592,-4608,127360,526016,,,,,,
181864525118800,62958708953187,101,-4768,1312,-2176,-3328,128128,524736,,,,,,
181864526124600,62958709953229,102,-4896,1632,-2048,-3712,128448,524672,,,,,,
181864527121400,62958710953145,103,-4928,960,-2368,-3904,128192,522368,,,,,,
181864528124200,62958711953229,104,-4992,896,-2624,-3328,127936,525376,,,,,,
181864529126100,62958712952812,105,-4960,1088,-1856,-2688,128512,522816,,,,,,
181864530121900,62958713953354,106,-4352,1504,-2368,-4160,129024,523584,,,,,,
181864531116700,62958714953229,107,-4928,1408,-3136,-2176,128512,523264,,,,,,
181864532116900,62958715953187,108,-4928,1280,-2560,-3904,128320,523904,,,,,,
181864533126100,62958716953854,109,-4416,1600,-2208,-3200,126784,523520,,,,,,
181864534126400,62958717952729,110,-4448,928,-1952,-3520,128512,523200,,,,,,
181864535120700,62958718953395,111,-4832,1152,-2432,-3648,127744,525888,,,,,,
181864536122600,62958719953145,112,-4672,1216,-2240,-2752,127296,524160,,,,,,
181864537127200,62958720955479,113,-4288,1312,-2912,-4608,128256,525376,,,,,,
181864538123500,62958721953187,114,-4672,1344,-2496,-2880,129280,523008,,,,,,
181864539123200,62958722953937,115,-3616,1472,-1856,-4480,129024,526208,,,,,,
181864540122900,62958723953395,116,-4768,992,-2432,-3840,126976,523008,,,,,,
181864541125700,62958724953895,117,-4288,992,-2624,-2752,129536,524992,,,,,,
181864542117900,62958725953270,118,-4480,1344,-2624,-4416,128640,520896,,,,,,
181864543112900,62958726953187,119,-4864,992,-2720,-2368,129280,521664,,,,,,
181864544123200,62958727952895,120,-4480,896,-2976,-2048,128256,524288,,,,,,
181864545123300,62958728953479,121,-4896,1408,-2240,-3840,128576,523136,,,,,,
181864546120100,62958729953104,122,-4640,1312,-2048,-3520,127488,522240,,,,,,
181864547122300,62958730954062,123,-4480,1248,-2656,-4800,126592,523200,,,,,,
181864548229700,62958731953187,124,-4576,1248,-1952,-4160,128320,523328,,,,,,
181864549190300,62958732953270,125,-4576,1248,-2656,-2496,126144,524864,,,,,,
181864550399800,62958733953187,126,-4960,1248,-2112,-5056,128448,520128,,,,,,
181864551285100,62958734953229,127,-4544,1376,-2624,-3520,127936,520960,,,,,,
181864552183200,62958735954437,128,-4960,896,-1920,-4096,127232,522880,,,,,,
181864553136600,62958736953104,129,-4896,1504,-2720,-3392,129280,523776,,,,,,
181864554106200,62958737956020,130,-4992,992,-2208,-2816,128704,522688,,,,,,
181864555124300,62958738953229,131,-4768,1696,-2592,-4992,129408,523264,,,,,,
181864556120700,62958739953229,132,-4576,1408,-1952,-3200,129088,522240,,,,,,
181864557121600,62958740953145,133,-4352,1248,-2400,-2112,126976,520832,,,,,,
181864558125000,62958741953354,134,-5152,1024,-2432,-1920,128384,523840,,,,,,
181864559132200,62958742953187,135,-4736,1472,-2592,-4160,127360,524800,,,,,,
181864560122100,62958743953229,136,-4736,1216,-2656,-4736,129472,522752,,,,,,
181864561120200,62958744953229,137,-4832,832,-2112,-1472,127360,521792,,,,,,
181864562117100,62958745953104,138,-4160,1440,-2880,-4160,127424,523712,,,,,,
181864563117200,62958746953187,139,-4992,1248,-2560,-3072,127168,521728,,,,,,
181864564117400,62958747954145,140,-4128,1408,-2176,-4096,126528,524672,,,,,,
181864565128600,62958748953104,141,-5024,1152,-2528,-4032,128832,521344,,,,,,
181864566113000,62958749953187,142,-4320,640,-2560,-3840,128064,521024,,,,,,
181864567132400,62958750953229,143,-4576,1472,-2976,-3072,128320,521856,,,,,,
181864568180700,62958751953895,144,-4512,832,-2176,-3520,128128,524736,,,,,,
181864569137800,62958752953187,145,-4480,864,-2048,-4480,128640,524992,,,,,,
181864570114200,62958753953395,146,-4928,1504,-2144,-3520,129664,527488,,,,,,
181864571118900,62958754953104,147,-4544,1408,-2432,-3584,127232,522688,,,,,,
181864572127100,62958755953062,148,-5344,1152,-2944,-4672,128960,525696,,,,,,
181864573147900,62958756953104,149,-4704,1184,-1984,-3264,126464,524224,,,,,,
181864574118000,62958757953812,150,-4800,1184,-3104,-3328,127744,523200,,,,,,
181864575122300,62958758953354,151,-4992,1312,-1920,-4672,127360,522432,,,,,,
181864576118600,62958759953187,152,-4224,1248,-2368,-3200,129792,522624,,,,,,
181864577115300,62958760955062,153,-4832,928,-1728,-4544,127104,522432,,,,,,
181864578125500,62958761953270,154,-5312,800,-2688,-5376,127936,525440,,,,,,
181864579109600,62958762954937,155,-4512,1376,-2112,-2880,128320,523136,,,,,,
181864580255900,62958763953229,156,-4320,1280,-2016,-3392,128192,521856,,,,,,
181864581114200,62958764953020,157,-4704,800,-2240,-4224,128384,524736,,,,,,
181864582147900,62958765953520,158,-5216,1088,-3104,-4544,128768,524224,,,,,,
181864583115300,62958766955354,159,-5312,1664,-2752,-2624,128512,524928,,,,,,
181864584113600,62958767953395,160,-5120,1376,-2304,-2624,127872,524224,,,,,,
181864585125700,62958768953229,161,-4544,1376,-2272,-4608,127232,523840,,,,,,
181864586114600,62958769953812,162,-4352,1248,-3488,-3392,129920,524160,,,,,,
181864587111600,62958770954937,163,-4096,928,-1984,-3456,128256,523776,,,,,,
181864588115400,62958771952979,164,-5024,1600,-2752,-5056,126080,523136,,,,,,
181864589109000,62958772954687,165,-4544,1152,-2080,-5248,128576,521984,,,,,,
181864590124900,62958773954229,166,-4928,1280,-2560,-2240,128576,524160,,,,,,
181864591196200,62958774954479,167,-4896,1504,-3232,-4928,128640,523648,,,,,,
181864592118200,62958775953229,168,-3968,1376,-2560,-2880,126976,525824,,,,,,
181864593116300,62958776953062,169,-4800,1440,-2208,-3136,128512,523200,,,,,,
181864594119900,62958777954729,170,-4832,1056,-2656,-3392,128832,524928,,,,,,
181864595115100,62958778954395,171,-4800,1184,-2304,-2432,130496,523776,,,,,,
181864596123400,62958779952854,172,-4704,1280,-2144,-3136,129920,522432,,,,,,
181864597121500,62958780954187,173,-4096,704,-2656,-4288,127104,523648,,,,,,
181864598119900,62958781953104,174,-4736,1280,-2560,-2752,128320,524416,,,,,,
181864599118000,62958782953229,175,-4576,1344,-2496,-3776,127808,522880,,,,,,
181864600319500,62958783953145,176,-4192,896,-1824,-4096,127680,522112,,,,,,
181864601118000,62958784953187,177,-4224,960,-2432,-3008,127488,523264,,,,,,
181864602111800,62958785953270,178,-4640,1024,-2112,-5056,129280,523968,,,,,,
181864603117100,62958786953312,179,-4352,1344,-1856,-3328,128640,521984,,,,,,
181864604119500,62958787953229,180,-4640,1088,-2272,-5760,127296,523520,,,,,,
181864605119900,62958788952979,181,-4192,704,-2240,-3712,127616,523200,,,,,,
181864606119000,62958789953979,182,-4224,1216,-2080,-4032,128064,524416,,,,,,
181864607118000,62958790954229,183,-4608,1152,-2848,-4480,128704,524224,,,,,,
181864608120700,62958791953270,184,-5440,1568,-2816,-5184,127680,523584,,,,,,
181864609116100,62958792953229,185,-4448,928,-2240,-4416,126464,526720,,,,,,
181864610105300,62958793953270,186,-4512,1184,-1568,-5248,128256,524352,,,,,,
181864611113700,62958794953187,187,-4960,1664,-2720,-3264,128128,523776,,,,,,
181864612117900,62958795953187,188,-4480,1216,-2432,-2304,129408,524224,,,,,,
181864613125600,62958796953145,189,-4928,1504,-2496,-3968,125056,524032,,,,,,
181864614117600,62958797953229,190,-4608,800,-1920,-5248,128640,523904,,,,,,
181864615116600,62958798953354,191,-4576,768,-2656,-3584,126720,525632,,,,,,
181864616131600,62958799954395,192,-4416,768,-2144,-2944,126720,524288,,,,,,
181864617114800,62958800955229,193,-5152,768,-2688,-4608,128256,524736,,,,,,
181864618117000,62958801953187,194,-4256,1536,-2848,-1792,127872,524032,,,,,,
181864619113300,62958802953145,195,-4864,1152,-3040,-3456,130880,522624,,,,,,
181864620196900,62958803953229,196,-4640,896,-3072,-2176,129088,525376,,,,,,
181864621112000,62958804953104,197,-4512,1216,-2464,-3968,130368,526272,,,,,,
181864622105200,62958805953229,198,-5088,1536,-2784,-3712,127744,523200,,,,,,
181864623111000,62958806953187,199,-5152,896,-2240,-4480,128256,526016,,,,,,
181864624121100,62958807953104,200,-5152,1056,-1760,-4224,129664,524288,,,,,,
181864625105000,62958808953104,201,-4992,1152,-2624,-3904,126912,525312,,,,,,
181864626117300,62958809954729,202,-4160,1376,-2560,-4160,127232,523776,,,,,,
181864627118600,62958810953229,203,-4416,1472,-2624,-1792,127936,523968,,,,,,
181864628125900,62958811953062,204,-4768,1120,-2432,-4352,128704,522944,,,,,,
181864629121900,62958812953395,205,-5216,1120,-2080,-3584,126592,521472,,,,,,
181864630122200,62958813953104,206,-5056,1344,-3104,-4160,126720,526848,,,,,,
181864631117100,62958814953145,207,-4288,736,-2368,-4416,129024,525312,,,,,,
181864632115500,62958815953437,208,-4864,1024,-2560,-4352,128576,526016,,,,,,
181864633108400,62958816953770,209,-4960,1408,-2880,-3520,128192,522176,,,,,,
181864634108600,62958817953229,210,-4544,1472,-2240,-4096,127360,525568,,,,,,
181864635118900,62958818953229,211,-4320,1184,-2752,-4224,127616,524160,,,,,,
181864636110100,62958819953312,212,-4608,1408,-2048,-4736,128064,526144,,,,,,
181864637130300,62958820955354,213,-4224,1280,-2464,-4096,127296,522944,,,,,,
181864638113200,62958821953145,214,-4608,1248,-2016,-3200,128576,523456,,,,,,
181864639114500,62958822953312,215,-5024,1216,-2848,-5824,127936,527616,,,,,,
181864640123700,62958823953104,216,-4544,1056,-2304,-1664,129216,522880,,,,,,
181864641114300,62958824953270,217,-5056,1312,-2592,-4096,126528,526656,,,,,,
181864642113300,62958825953229,218,-4640,800,-2752,-1600,129216,525120,,,,,,
181864643119200,62958826952687,219,-4320,896,-2176,-3520,127616,526848,,,,,,
181864644118600,62958827953312,220,-4960,1408,-2400,-3520,130432,522240,,,,,,
181864645127500,62958828953104,221,-4608,1056,-2784,-2304,127168,524864,,,,,,
181864646114200,62958829953270,222,-4384,1184,-2976,-2752,128128,524672,,,,,,
181864647130300,62958830953145,223,-4000,1248,-1760,-5056,127808,524480,,,,,,
181864648107600,62958831956604,224,-4128,768,-1600,-4160,127808,525312,,,,,,
181864649107400,62958832953104,225,-4768,1600,-2912,-4480,130048,524736,,,,,,
181864650120000,62958833952895,226,-4288,1536,-2048,-4352,129088,525184,,,,,,
181864651127200,62958834953312,227,-4800,1216,-2144,-3328,128768,525184,,,,,,
181864652110700,62958835953020,228,-5216,992,-2112,-3712,130112,523072,,,,,,
181864653116700,62958836953395,229,-4896,1024,-2528,-3904,129856,525440,,,,,,
181864654106700,62958837953145,230,-4896,1632,-2848,-4160,126848,524992,,,,,,
181864655113200,62958838953312,231,-4480,1248,-2144,-7104,128384,523456,,,,,,
181864656112900,62958839953270,232,-4576,1248,-2976,-4288,129216,526016,,,,,,
181864657106900,62958840953062,233,-4512,960,-2912,-3904,127936,524288,,,,,,
181864658110700,62958841952854,234,-4832,1312,-2752,-2176,129728,524928,,,,,,
181864659135600,62958842953062,235,-4384,1472,-2144,-3392,129152,526272,,,,,,
181864660135300,62958843954729,236,-4704,1216,-1984,-3712,129920,525824,,,,,,
181864661129700,62958844953187,237,-4896,1312,-2560,-3968,129280,525504,,,,,,
181864662120700,62958845953229,238,-4480,1184,-2432,-3968,127232,525440,,,,,,
181864663108400,62958846953187,239,-3840,1024,-2112,-4800,126656,523712,,,,,,
181864664108400,62958847953062,240,-4576,1120,-2880,-4992,130368,525760,,,,,,
181864665105600,62958848953354,241,-4256,1344,-2240,-3712,128192,523776,,,,,,
181864666113000,62958849953229,242,-4896,1504,-2240,-2944,127424,524480,,,,,,
181864667118900,62958850953437,243,-4544,1248,-2560,-4160,129216,524608,,,,,,
181864668111300,62958851953187,244,-5024,1440,-2464,-2304,129472,524800,,,,,,
181864669111500,62958852953312,245,-4288,1024,-2656,-4864,126976,526528,,,,,,
181864670110800,62958853953062,246,-4704,1504,-2336,-4736,129216,527232,,,,,,
181864671110000,62958854953062,247,-5344,832,-2496,-2688,130560,524800,,,,,,
181864672122200,62958855954646,248,-4480,704,-2176,-4416,128832,522560,,,,,,
181864673102100,62958856953146,249,-5280,1728,-3072,-1536,128704,523968,,,,,,
181864674184200,62958857953271,250,-4384,1152,-2688,-4800,127936,524544,,,,,,
181864675215600,62958858953062,251,-4608,768,-2528,-3520,128576,523904,,,,,,
181864676120000,62958859953187,252,-4672,1408,-2208,-3520,128320,525440,,,,,,
181864677119700,62958860953271,253,-4896,1088,-2464,-4160,127488,522944,,,,,,
181864678108400,62958861953687,254,-4032,1120,-2272,-4224,128256,523648,,,,,,
181864679111600,62958862953229,255,-5152,1472,-2976,-4032,127168,522176,,,,,,
181864680115200,62958863954271,0,-4224,1248,-2912,-4160,129600,521984,,,,,,
181864681122800,62958864953312,1,-4640,1088,-2784,-4480,129664,524544,,,,,,
181864682113700,62958865953146,2,-4352,1536,-2880,-2048,128320,520768,,,,,,
181864683111000,62958866953062,3,-4832,1184,-2080,-4672,128640,523328,,,,,,
181864684146200,62958867953271,4,-4352,1312,-2272,-3520,126784,523328,,,,,,
181864685116700,62958868952896,5,-4832,1184,-2336,-3520,128576,524800,,,,,,
181864686119200,62958869953312,6,-4512,864,-2144,-3520,127168,520576,,,,,,
181864687111600,62958870954937,7,-4256,1152,-2752,-3968,127872,523136,,,,,,
181864688123600,62958871953271,8,-4416,1600,-2336,-3712,128320,522816,,,,,,
181864689118600,62958872954646,9,-4352,1408,-2368,-4224,127744,525376,,,,,,
181864690112000,62958873953104,10,-4480,896,-2560,-4352,128448,522624,,,,,,
181864691121800,62958874953271,11,-3776,1376,-2080,-3072,128640,523072,,,,,,
181864692115000,62958875953104,12,-4704,928,-2080,-4736,126976,522240,,,,,,
181864693113700,62958876953312,13,-4416,1152,-2176,-4288,128192,523072,,,,,,
181864694114200,62958877953021,14,-4736,1088,-2368,-2112,128384,522432,,,,,,
181864695115200,62958878953312,15,-4992,992,-2400,-2624,128256,521984,,,,,,
181864696118600,62958879953271,16,-4512,1088,-2560,-3584,128192,523200,,,,,,
181864697113400,62958880953146,17,-4480,1024,-2656,-3648,127360,524032,,,,,,
181864698125500,62958881953271,18,-5056,1280,-2400,-4224,128448,523648,,,,,,
181864699112600,62958882954354,19,-4544,1088,-2016,-2688,129152,520640,,,,,,
181864700324100,62958883953312,20,-4576,1216,-2080,-1472,126400,525120,,,,,,
181864701112600,62958884954687,21,-5216,1024,-2880,-4096,127232,523136,,,,,,
181864702119400,62958885954604,22,-4896,1344,-2016,-3264,128256,524096,,,,,,
181864703115800,62958886953937,23,-4800,1536,-2944,-4224,128512,525632,,,,,,
181864704110900,62958887953187,24,-5024,1024,-2784,-3968,127552,525056,,,,,,
181864705122900,62958888953271,25,-5024,1216,-2656,-2688,128320,523456,,,,,,
181864706111200,62958889953104,26,-4928,1088,-2720,-2432,128192,523008,,,,,,
181864707120700,62958890953604,27,-4960,1216,-2112,-4480,128896,521920,,,,,,
181864708120900,62958891954646,28,-4608,1280,-2720,-5312,128576,523392,,,,,,
181864709113900,62958892953104,29,-5152,960,-3040,-4160,129664,523136,,,,,,
181864710115600,62958893952854,30,-4928,704,-2176,-5312,127232,526912,,,,,,
181864711103800,62958894953146,31,-4704,1216,-2656,-2880,128448,523968,,,,,,
181864712123700,62958895953229,32,-4864,1376,-2880,-4736,128512,524800,,,,,,
181864713122800,62958896953104,33,-5024,1664,-2656,-3648,126784,524864,,,,,,
181864714118200,62958897953187,34,-4608,864,-2048,-3904,128832,524608,,,,,,
181864715124200,62958898953187,35,-5312,1472,-2752,-3968,130560,525440,,,,,,
181864716118800,62958899953021,36,-4352,960,-2144,-2368,128896,524672,,,,,,
181864717116100,62958900953396,37,-4800,960,-2656,-3072,125824,522304,,,,,,
181864718112600,62958901953271,38,-4480,1184,-2272,-5696,128704,522752,,,,,,
181864719113000,62958902953271,39,-4160,1120,-2048,-5440,128512,523776,,,,,,
181864720116100,62958903953146,40,-4768,1024,-2560,-2816,128576,522688,,,,,,
181864721113400,62958904953229,41,-4256,704,-2240,-4288,127808,522432,,,,,,
181864722112600,62958905953812,42,-4416,1600,-2112,-2816,129408,521664,,,,,,
181864723116400,62958906953146,43,-4960,1408,-2368,-2368,127168,521728,,,,,,
181864724114500,62958907953229,44,-4288,1184,-2016,-3072,129664,526848,,,,,,
181864725116100,62958908953187,45,-5472,1184,-2848,-3968,128256,521728,,,,,,
181864726108600,62958909953271,46,-4128,1280,-2752,-5696,129088,523392,,,,,,
181864727111300,62958910953271,47,-5248,1376,-2048,-2304,127040,525120,,,,,,
181864728132400,62958911953271,48,-4544,1280,-1888,-3392,127488,523648,,,,,,
181864729107500,62958912953937,49,-4000,1088,-2624,-3520,128576,523712,,,,,,
181864730109500,62958913953146,50,-4544,672,-2144,-4736,127872,524096,,,,,,
181864731105500,62958914954687,51,-4640,1088,-2336,-3840,128000,520768,,,,,,
181864732116400,62958915955479,52,-4256,1280,-2240,-5568,128320,524608,,,,,,
181864733114400,62958916954062,53,-4928,1472,-2528,-2432,129984,521600,,,,,,
181864734115100,62958917953146,54,-4288,1280,-2144,-4992,128064,522432,,,,,,
181864735121600,62958918953021,55,-4864,1344,-2432,-2496,129536,523968,,,,,,
181864736124700,62958919953229,56,-4704,928,-2592,-3840,128064,525824,,,,,,
181864737122100,62958920952687,57,-3936,864,-1856,-5760,128256,524864,,,,,,
181864738103400,62958921953312,58,-4832,1216,-2400,-5760,128576,524416,,,,,,
181864739125900,62958922953187,59,-4672,1440,-1984,-3904,130688,524480,,,,,,
181864740120600,62958923953354,60,-4928,960,-1984,-2816,127872,523136,,,,,,
181864741120600,62958924953187,61,-4544,1344,-2080,-4352,129280,523072,,,,,,
181864742122600,62958925953562,62,-4544,1344,-2528,-3904,126336,522880,,,,,,
181864743117200,62958926954687,63,-5024,1120,-2592,-5376,126272,523584,,,,,,
181864744122800,62958927953062,64,-4384,1312,-2016,-3776,129472,524992,,,,,,
181864745122100,62958928953271,65,-4704,960,-3008,-4160,129024,524032,,,,,,
181864746119400,62958929953646,66,-5088,1280,-2656,-4928,127936,521408,,,,,,
181864747121000,62958930952854,67,-4672,1472,-3264,-3776,128960,524864,,,,,,
181864748122800,62958931954771,68,-5024,992,-2112,-4736,128384,522880,,,,,,
181864749121900,62958932953062,69,-4384,1248,-1696,-4864,127872,521792,,,,,,
181864750320700,62958933953229,70,-5312,1472,-2656,-3136,128000,525248,,,,,,
181864751122600,62958934953021,71,-4736,1440,-2848,-3328,128320,525632,,,,,,
181864752121100,62958935953771,72,-4544,992,-2528,-4096,126400,523392,,,,,,
181864753121700,62958936953146,73,-4960,1120,-2656,-4992,127424,525056,,,,,,
181864754122600,62958937953271,74,-4992,1376,-2784,-3264,128576,523392,,,,,,
181864755127500,62958938954854,75,-4832,1472,-2528,-4416,126400,526592,,,,,,
181864756116500,62958939953021,76,-5184,1120,-2304,-2560,129088,525376,,,,,,
181864757114700,62958940953187,77,-4448,800,-2208,-4160,128000,524096,,,,,,
181864758113000,62958941953146,78,-4576,1216,-2720,-3904,129472,523328,,,,,,
181864759117200,62958942953271,79,-4608,1312,-2496,-3072,127680,523840,,,,,,
181864760118600,62958943953229,80,-4384,1376,-2400,-1856,127488,523840,,,,,,
181864761121300,62958944954937,81,-5152,1088,-3328,-3008,130752,524608,,,,,,
181864762118600,62958945953146,82,-4416,1376,-2688,-3328,127808,523072,,,,,,
181864763135800,62958946953104,83,-4672,1216,-2016,-2432,129344,525056,,,,,,
181864764122300,62958947953104,84,-5120,1184,-2656,-4672,128320,524288,,,,,,
181864765120800,62958948953146,85,-4832,1440,-2592,-3456,128704,526144,,,,,,
181864766122700,62958949953271,86,-4416,1536,-2176,-2624,129408,524928,,,,,,
181864767116400,62958950954604,87,-4704,1440,-2144,-3136,127488,525824,,,,,,
181864768128700,62958951953021,88,-4544,1504,-2240,-3584,128640,527104,,,,,,
181864769119400,62958952953146,89,-5056,1088,-2112,-3520,129472,525504,,,,,,
181864770119300,62958953953062,90,-4288,1344,-1760,-3008,127808,523712,,,,,,
181864771131300,62958954954104,91,-4352,1472,-2656,-4032,126912,521600,,,,,,
181864772123700,62958955953312,92,-4544,1056,-2016,-2304,128128,524032,,,,,,
181864773125700,62958956954604,93,-4448,1472,-2464,-3776,127488,524544,,,,,,
181864774126700,62958957953104,94,-4416,1440,-2272,-3584,129408,525952,,,,,,
181864775365900,62958958953104,95,-4928,1184,-2176,-3648,127616,521728,,,,,,
181864776126300,62958959953187,96,-5152,1568,-2432,-2368,127808,523392,,,,,,
181864777139700,62958960953104,97,-4416,1376,-2304,-4160,128192,523392,,,,,,
181864778126100,62958961953562,98,-4960,1312,-2112,-3648,129024,524480,,,,,,
181864779122700,62958962953062,99,-4128,1216,-1728,-4288,130112,522880,,,,,,
181864780124400,62958963953312,100,-4704,1248,-2592,-2752,129216,523584,,,,,,
181864781129000,62958964953104,101,-4832,1056,-2528,-3072,127936,522880,,,,,,
181864782123600,62958965952979,102,-4544,1728,-3104,-1856,128768,523456,,,,,,
181864783115400,62958966953021,103,-4736,1632,-2112,-5440,126848,524160,,,,,,
181864784122800,62958967953229,104,-4928,1280,-2240,-704,127488,522432,,,,,,
181864785120700,62958968954646,105,-4000,896,-2592,-2816,126720,524224,,,,,,
181864786120200,62958969953021,106,-4672,1824,-1952,-5312,126976,528256,,,,,,
181864787127900,62958970953354,107,-5120,1408,-3072,-2880,128704,523584,,,,,,
181864788126500,62958971953104,108,-4480,1216,-2848,-4864,130304,524032,,,,,,
181864789125200,62958972952729,109,-4352,1056,-2144,-4992,127360,523712,,,,,,
181864790124800,62958973954437,110,-4640,1376,-2528,-2688,129024,523136,,,,,,
181864791129200,62958974953062,111,-4608,1440,-2720,-5376,129216,524224,,,,,,
181864792124100,62958975953229,112,-4224,1248,-2272,-3840,128192,523200,,,,,,
181864793130100,62958976953062,113,-4576,1056,-2528,-4224,128704,522752,,,,,,
181864794124400,62958977953354,114,-4704,1216,-2528,-3584,127552,522816,,,,,,
181864795122600,62958978953146,115,-4096,1344,-2688,-4032,127296,522624,,,,,,
181864796124400,62958979953062,116,-4544,1472,-2624,-4032,129408,523328,,,,,,
181864797128500,62958980953354,117,-5056,1248,-2400,-3456,129344,526272,,,,,,
181864798127800,62958981953187,118,-4096,1024,-2016,-3200,128128,524992,,,,,,
181864799128800,62958982952979,119,-4224,1088,-2016,-3904,128320,525504,,,,,,
181864800338700,62958983953271,120,-4448,1120,-2848,-3008,127104,523264,,,,,,
181864801123300,62958984953312,121,-4960,1536,-1920,-3712,128896,525120,,,,,,
181864802134400,62958985953271,122,-4160,1472,-2080,-3008,127232,522816,,,,,,
181864803137200,62958986953104,123,-4704,1248,-2240,-3520,127232,524224,,,,,,
181864804125200,62958987954354,124,-4128,1472,-2400,-3328,128448,524352,,,,,,
181864805126400,62958988953187,125,-4224,1184,-1952,-2624,128576,523904,,,,,,
181864806127900,62958989953271,126,-4544,992,-2400,-3712,128512,525952,,,,,,
181864807128000,62958990953271,127,-5056,1120,-2688,-3328,126720,522688,,,,,,
181864808128700,62958991953604,128,-5024,1184,-2816,-3200,129536,522496,,,,,,
181864809126200,62958992953187,129,-4832,1216,-2112,-3264,128448,521728,,,,,,
181864810123300,62958993953187,130,-4896,1120,-2336,-4608,127680,523776,,,,,,
181864811125600,62958994953146,131,-4416,896,-2656,-3904,129664,523648,,,,,,
181864812127700,62958995953229,132,-5152,1248,-2688,-4608,129088,525184,,,,,,
181864813128800,62958996954021,133,-4736,928,-2144,-4928,129152,524416,,,,,,
181864814128000,62958997953187,134,-4672,768,-2688,-6400,126912,523968,,,,,,
181864815127500,62958998953104,135,-4416,1472,-2656,-3904,129280,524928,,,,,,
181864816121800,62958999953104,136,-4800,1280,-2272,-5120,129216,524736,,,,,,
181864817123700,62959000953187,137,-4352,960,-2528,-2048,127424,521920,,,,,,
181864818123600,62959001953187,138,-4928,1472,-2432,-4416,130112,527040,,,,,,
181864819124400,62959002952854,139,-4608,736,-2560,-4096,129344,523520,,,,,,
181864820127900,62959003954521,140,-4992,832,-2688,-3264,128896,526400,,,,,,
181864821131100,62959004953187,141,-5312,1344,-2496,-5888,128320,523456,,,,,,
181864822122400,62959005953104,142,-4544,1056,-2112,-4480,129216,524416,,,,,,
181864823231200,62959006953187,143,-4576,1248,-2976,-3584,127872,524096,,,,,,
181864824128400,62959007953437,144,-5280,1248,-2496,-3904,128256,523712,,,,,,
181864825318000,62959008953312,145,-4448,832,-2912,-4416,128000,523072,,,,,,
181864826125300,62959009953146,146,-4896,1312,-2336,-4544,126848,526080,,,,,,
181864827126300,62959010955729,147,-4736,1376,-2240,-3008,128000,523968,,,,,,
181864828123200,62959011952979,148,-5376,1376,-2816,-2816,127744,522304,,,,,,
181864829124200,62959012953062,149,-4800,1696,-2752,-3840,127680,523648,,,,,,
181864830127600,62959013953146,150,-4448,1728,-2432,-3136,128576,524032,,,,,,
181864831125500,62959014952979,151,-4928,1152,-2880,-3904,130048,524160,,,,,,
181864832120400,62959015953229,152,-4864,1248,-2400,-3392,128896,521728,,,,,,
181864833119200,62959016953146,153,-4672,1344,-2016,-4736,127552,523392,,,,,,
181864834125700,62959017953854,154,-4640,1120,-2400,-4224,128896,523392,,,,,,
181864835121700,62959018953104,155,-4800,960,-2112,-2880,127936,523072,,,,,,
181864836120700,62959019952979,156,-4864,1568,-2880,-3008,129408,524672,,,,,,
181864837120900,62959020953479,157,-4640,1184,-2432,-2880,127488,524288,,,,,,
181864838120000,62959021953021,158,-4768,1280,-2528,-3712,128192,523392,,,,,,
181864839126700,62959022953312,159,-5120,1184,-2208,-2880,129024,522816,,,,,,
181864840122200,62959023953187,160,-5248,928,-2208,-1088,127680,522496,,,,,,
181864841118900,62959024953021,161,-4192,1088,-1920,-6080,127296,523776,,,,,,
181864842116700,62959025953229,162,-4864,992,-2112,-3840,127296,522560,,,,,,
181864843146300,62959026953687,163,-4640,896,-2624,-5376,126784,524288,,,,,,
181864844122400,62959027953271,164,-4768,1056,-2592,-3840,127616,524672,,,,,,
181864845122000,62959028953187,165,-4224,1568,-2528,-5376,127424,522496,,,,,,
181864846125600,62959029952979,166,-5408,1440,-2592,-4992,128320,524096,,,,,,
181864847123300,62959030954396,167,-4192,1056,-2112,-2496,127424,524608,,,,,,
181864848121300,62959031953062,168,-4704,1248,-2496,-6400,127424,521984,,,,,,
181864849121100,62959032953729,169,-4384,1088,-1632,-2880,127872,523904,,,,,,
181864850117100,62959033953021,170,-4384,1568,-2400,-5824,127424,523584,,,,,,
181864851128500,62959034953146,171,-4448,1184,-2560,-4160,127616,521536,,,,,,
181864852121700,62959035953146,172,-4736,1344,-2240,-4160,126656,523392,,,,,,
181864853122400,62959036953021,173,-4864,1024,-2144,-3904,127872,521856,,,,,,
181864854122500,62959037953187,174,-5184,1280,-2240,-3776,128192,522944,,,,,,
181864855119700,62959038954437,175,-4800,960,-2400,-3008,128000,523584,,,,,,
181864856125600,62959039953229,176,-4352,1088,-2304,-3648,129280,521856,,,,,,
181864857126700,62959040953229,177,-4384,1280,-2080,-4480,126080,522944,,,,,,
181864858121800,62959041953229,178,-4672,1056,-2592,-2432,126720,522944,,,,,,
181864859125300,62959042953229,179,-4640,1120,-2464,-2944,127168,524608,,,,,,
181864860122200,62959043953021,180,-4384,1216,-2624,-5184,128960,523968,,,,,,
181864861123600,62959044953312,181,-4224,1088,-2176,-3904,128000,522688,,,,,,
181864862126400,62959045954562,182,-4512,1504,-2272,-4160,128320,524416,,,,,,
181864863120900,62959046953312,183,-4704,1056,-2048,-3840,129664,521856,,,,,,
181864864118300,62959047953104,184,-5056,864,-1888,-3392,128448,524800,,,,,,
181864865119500,62959048953312,185,-4960,864,-2368,-3392,127168,522624,,,,,,
181864866115900,62959049955437,186,-4416,1120,-2304,-4032,127360,525312,,,,,,
181864867127600,62959050957187,187,-4896,1280,-2720,-2816,127808,526272,,,,,,
181864868126900,62959051953104,188,-4736,1344,-2304,-3392,129472,521856,,,,,,
181864869127600,62959052953104,189,-4384,768,-2176,-3520,127488,521664,,,,,,
181864870125500,62959053953229,190,-4288,1248,-3008,-3008,127360,525696,,,,,,
181864871134100,62959054953062,191,-5184,1504,-2880,-3328,127040,524544,,,,,,
181864872124600,62959055953562,192,-4544,896,-2880,-2688,126144,524864,,,,,,
181864873118100,62959056956562,193,-4928,1216,-2560,-3456,129536,523904,,,,,,
181864874124500,62959057953062,194,-4960,1088,-3008,-3776,127168,525312,,,,,,
181864875332400,62959058953104,195,-4480,1248,-2624,-4608,129152,523968,,,,,,
181864876125900,62959059952771,196,-5152,1376,-2688,-3200,127616,525248,,,,,,
181864877124100,62959060954729,197,-4384,1280,-2528,-3712,127360,525376,,,,,,
181864878120300,62959061953187,198,-5088,992,-2368,-2944,127936,522240,,,,,,
181864879123700,62959062953021,199,-4640,1344,-2016,-3904,128000,526272,,,,,,
181864880122000,62959063953104,200,-4928,1536,-2944,-1600,129216,523712,,,,,,
181864881121100,62959064952896,201,-4480,1504,-2752,-3072,127552,525504,,,,,,
181864882126700,62959065953271,202,-4480,832,-2624,-4736,128576,525888,,,,,,
181864883110900,62959066953062,203,-4416,1312,-2368,-4992,128320,527296,,,,,,
181864884127000,62959067953271,204,-4768,1536,-2784,-3392,130560,522880,,,,,,
181864885123200,62959068953146,205,-4256,1280,-2880,-4992,127488,526528,,,,,,
181864886123800,62959069953437,206,-5184,1248,-2592,-2112,129600,522752,,,,,,
181864887124100,62959070954812,207,-4064,1248,-2336,-1344,128256,521792,,,,,,
181864888121100,62959071953062,208,-4800,1344,-2656,-4608,128640,523648,,,,,,
181864889126000,62959072953187,209,-4608,1376,-2720,-2176,127488,524480,,,,,,
181864890126600,62959073953521,210,-4896,1408,-2336,-1920,127488,523968,,,,,,
181864891128000,62959074954646,211,-5056,1248,-2688,-4800,128512,523392,,,,,,
181864892115500,62959075953229,212,-4704,1376,-2816,-1984,128320,522368,,,,,,
181864893125700,62959076953021,213,-4352,1312,-2176,-3520,128576,523456,,,,,,
181864894122000,62959077953146,214,-4128,896,-2304,-3840,128192,524672,,,,,,
181864895121200,62959078953021,215,-4736,1440,-2368,-4032,129728,522432,,,,,,
181864896120200,62959079953062,216,-4512,960,-2144,-6208,125696,521280,,,,,,
181864897118000,62959080954771,217,-4704,1472,-2688,-3840,126784,524992,,,,,,
181864898124700,62959081953229,218,-5024,1312,-2272,-3776,131264,524800,,,,,,
181864899120100,62959082953146,219,-4736,1376,-2272,-4352,127616,524416,,,,,,
181864900114400,62959083953104,220,-4832,1216,-2592,-2624,126656,523648,,,,,,
181864901127300,62959084953187,221,-3968,1344,-2176,-3520,126720,522752,,,,,,
181864902120400,62959085953354,222,-4448,1536,-2720,-3072,129152,524032,,,,,,
181864903125600,62959086954604,223,-4576,1568,-2784,-4800,128576,521536,,,,,,
181864904115000,62959087953104,224,-4480,1504,-2816,-3008,128320,525632,,,,,,
181864905130000,62959088953062,225,-4064,1152,-2272,-4352,128384,521536,,,,,,
181864906158700,62959089954104,226,-4384,1856,-2912,-4480,128000,525120,,,,,,
181864907132200,62959090953812,227,-4416,1408,-2656,-2880,127680,523136,,,,,,
181864908119600,62959091953229,228,-5184,1536,-2432,-2496,127872,523136,,,,,,
181864909125000,62959092954604,229,-4672,1408,-2144,-4800,127232,523968,,,,,,
181864910119000,62959093953187,230,-4096,1344,-2432,-4544,128896,521728,,,,,,
181864911115600,62959094953062,231,-4992,1056,-3072,-4992,129664,524544,,,,,,
181864912118400,62959095953062,232,-4672,800,-2016,-4288,128448,522240,,,,,,
181864913132100,62959096953396,233,-4704,1120,-2560,-5376,127552,521600,,,,,,
181864914105100,62959097953687,234,-4448,1504,-3104,-5696,128832,523200,,,,,,
181864915118300,62959098954604,235,-4992,1248,-1664,-1600,128576,523264,,,,,,
181864916115700,62959099953146,236,-4512,1184,-2976,-3776,129664,521920,,,,,,
181864917119500,62959100955521,237,-4224,1312,-3232,-4864,125952,522624,,,,,,
181864918127300,62959101953146,238,-4928,1280,-2656,-4736,128384,522176,,,,,,
181864919107600,62959102953104,239,-5056,992,-2336,-4672,128640,522688,,,,,,
181864920121100,62959103954146,240,-4960,1376,-3776,-3520,128256,524096,,,,,,
181864921113000,62959104953146,241,-4288,896,-2304,-3008,128640,523328,,,,,,
181864922218500,62959105953229,242,-5312,1120,-2464,-4096,127680,524544,,,,,,
181864923126100,62959106953062,243,-4960,1280,-2688,-3456,128448,524608,,,,,,
181864924120000,62959107953396,244,-4800,1216,-2720,-3200,128256,524928,,,,,,
181864925320700,62959108953187,245,-4736,1024,-2944,-4032,127232,524736,,,,,,
181864926124800,62959109953104,246,-4416,1568,-2048,-2816,129280,525952,,,,,,
181864927120300,62959110953271,247,-5120,1344,-1824,-3520,129408,521728,,,,,,
181864928115200,62959111953021,248,-5024,1376,-2432,-4224,129664,524608,,,,,,
181864929116400,62959112953271,249,-5024,1472,-2752,-5120,127424,523968,,,,,,
181864930122100,62959113953146,250,-4864,1536,-2496,-3328,130048,524032,,,,,,
181864931116500,62959114953354,251,-4576,1248,-1856,-5696,128256,522624,,,,,,
181864932106700,62959115953187,252,-4608,1120,-2528,-3968,128256,526016,,,,,,
181864933127500,62959116952896,253,-4768,1280,-2432,-3136,128128,525440,,,,,,
181864934123100,62959117953271,254,-4352,1184,-1920,-3584,128128,525376,,,,,,
181864935112000,62959118953812,255,-4928,1440,-2752,-3904,128704,524736,,,,,,
181864936107200,62959119953396,0,-4576,1248,-2144,-4160,128192,523904,,,,,,
181864937240100,62959120953062,1,-5344,1536,-2752,-3904,128448,525376,,,,,,
181864938197600,62959121957271,2,-4576,1376,-2368,-3904,125760,526592,,,,,,
181864939113500,62959122953271,3,-4896,992,-2240,-4032,128000,522816,,,,,,
181864940111100,62959123953021,4,-4864,960,-2336,-2688,127104,525376,,,,,,
181864941125300,62959124953229,5,-4416,1088,-2496,-5632,130560,523328,,,,,,
181864942117500,62959125953021,6,-4800,832,-2304,-1792,127168,525632,,,,,,
181864943118500,62959126952937,7,-4704,1344,-2656,-3200,127680,525440,,,,,,
181864944112600,62959127953229,8,-4544,1248,-2304,-4608,129152,526208,,,,,,
181864945113200,62959128952937,9,-4896,1472,-2816,-2048,129024,524864,,,,,,
181864946629100,62959129953187,10,-4640,1440,-2560,-5696,129216,526720,,,,,,
181864947119900,62959130953187,11,-4320,992,-3072,-2816,128832,523712,,,,,,
181864948120300,62959131955187,12,-4576,1088,-2784,-5504,129728,523072,,,,,,
181864949111000,62959132953229,13,-4864,1472,-2528,-896,127744,522688,,,,,,
181864950327100,62959133953271,14,-4896,960,-2560,-2304,127872,524864,,,,,,
181864951125700,62959134953312,15,-4576,1472,-2752,-4480,129472,523392,,,,,,
181864952120900,62959135953646,16,-4384,1184,-2464,-2368,128064,524096,,,,,,
181864953122000,62959136953854,17,-3840,1184,-2368,-3456,128256,523072,,,,,,
181864954124500,62959137953146,18,-4128,1120,-2336,-3904,128576,523136,,,,,,
181864955127300,62959138953896,19,-4480,1344,-2208,-3264,128704,525888,,,,,,
181864956125300,62959139953146,20,-4928,1344,-2848,-4352,125568,524416,,,,,,
181864957125800,62959140953396,21,-4416,1184,-1984,-2624,126336,526272,,,,,,
181864958125200,62959141953896,22,-4448,1440,-2144,-4096,127808,523264,,,,,,
181864959124700,62959142953854,23,-4448,1248,-1984,-2880,127552,524160,,,,,,
181864960121600,62959143953187,24,-4992,1152,-2272,-4864,129216,523200,,,,,,
181864961122500,62959144953146,25,-4704,1216,-2112,-1792,127616,525568,,,,,,
181864962122500,62959145953146,26,-4416,1248,-1760,-3200,128000,523456,,,,,,
181864963111000,62959146953187,27,-5088,1664,-2144,-4224,127488,523840,,,,,,
181864964116900,62959147953812,28,-5248,1632,-3008,-4544,126912,523520,,,,,,
181864965116700,62959148953062,29,-4576,1056,-2784,-4160,127424,522880,,,,,,
181864966126000,62959149953271,30,-4928,1024,-2752,-4352,128448,524096,,,,,,
181864967112100,62959150954396,31,-4544,1280,-2336,-3904,129280,525056,,,,,,
181864968135100,62959151952771,32,-4864,1312,-2208,-3840,130624,522944,,,,,,
181864969121300,62959152953271,33,-4768,1664,-2464,-5568,129280,522240,,,,,,
181864970121400,62959153953146,34,-4768,1280,-2336,-6400,126720,524288,,,,,,
181864971114200,62959154954146,35,-4864,1312,-2112,-3264,128960,524288,,,,,,
181864972121800,62959155954187,36,-4576,1408,-2336,-3456,128320,525184,,,,,,
181864973121600,62959156952896,37,-4768,1056,-2752,-4224,128512,525248,,,,,,
181864974120100,62959157953271,38,-4448,1376,-2432,-3328,128384,525952,,,,,,
181864975331500,62959158953062,39,-4928,960,-2496,-3264,127104,525632,,,,,,
181864976139600,62959159953271,40,-4768,1088,-2272,-3136,127808,521152,,,,,,
181864977135300,62959160954479,41,-4672,1088,-2496,-3584,128384,526016,,,,,,
181864978116700,62959161953437,42,-4640,1056,-2208,-5120,128192,525824,,,,,,
181864979108300,62959162953271,43,-4992,1152,-2816,-2688,129472,524928,,,,,,
181864980178300,62959163954146,44,-4992,1312,-2080,-4352,128320,525696,,,,,,
181864981131200,62959164953271,45,-4320,928,-2112,-3584,128512,525696,,,,,,
181864982111700,62959165953021,46,-4576,1440,-2304,-6720,129280,526528,,,,,,
181864983119300,62959166953271,47,-4640,1312,-2528,-4864,128000,524608,,,,,,
181864984113700,62959167953146,48,-4960,1152,-2688,-5312,128256,524864,,,,,,
181864985132100,62959168953187,49,-4768,960,-2496,-4992,128832,525312,,,,,,
181864986121300,62959169953229,50,-4544,1120,-2240,-2944,128448,524864,,,,,,
181864987118800,62959170953187,51,-4704,1472,-2688,-4928,129664,524736,,,,,,
181864988121700,62959171952729,52,-4448,928,-2496,-3584,128000,525632,,,,,,
181864989121900,62959172953146,53,-4480,1408,-2592,-3456,128512,523776,,,,,,
181864990118700,62959173952979,54,-5088,928,-2304,-2880,128000,525440,,,,,,
181864991118900,62959174954271,55,-4288,1344,-2624,-3456,127808,526656,,,,,,
181864992123000,62959175953062,56,-4768,1312,-2688,-4032,128832,526400,,,,,,
181864993123900,62959176953229,57,-4512,800,-3232,-4160,128448,526080,,,,,,
181864994118100,62959177953062,58,-4608,1408,-2784,-1984,128256,525120,,,,,,
181864995119900,62959178953271,59,-4640,1408,-2496,-4160,129024,525184,,,,,,
181864996120700,62959179954187,60,-4416,1344,-2144,-1856,128704,522816,,,,,,
181864997121700,62959180954604,61,-4352,1536,-2112,-2752,129280,524480,,,,,,
181864998124600,62959181953187,62,-4480,1248,-2432,-4736,127040,522944,,,,,,
181864999122900,62959182953271,63,-4736,1088,-1856,-3200,127040,523200,,,,,,
181865000327000,62959183953187,64,-4832,1280,-2688,-2880,126976,525568,,,,,,
181865001125700,62959184953146,65,-4992,1568,-2848,-1856,128704,523648,,,,,,
181865002121400,62959185953312,66,-3840,1184,-2592,-3136,129024,524480,,,,,,
181865003118300,62959186953271,67,-4640,1120,-2176,-2048,129600,523072,,,,,,
181865004124700,62959187952979,68,-4512,1024,-2432,-3392,127936,525056,,,,,,
181865005125000,62959188953187,69,-4544,896,-2176,-4160,129280,524992,,,,,,
181865006124400,62959189953187,70,-4160,1216,-2144,-2176,128960,524224,,,,,,
181865007123400,62959190953312,71,-4672,928,-2464,-2560,127360,523520,,,,,,
181865008120900,62959191953312,72,-4352,1632,-3072,-3072,128704,523456,,,,,,
181865009119700,62959192954771,73,-4608,1056,-2048,-3008,126784,524288,,,,,,
181865010115800,62959193953104,74,-4992,1344,-2912,-5824,129344,521408,,,,,,
181865011126900,62959194953104,75,-4640,1472,-2816,-3520,127744,523776,,,,,,
181865012116300,62959195954521,76,-4864,832,-2464,-2432,128192,522752,,,,,,
181865013122000,62959196953146,77,-4704,1312,-2272,-3904,127616,524224,,,,,,
181865014116700,62959197953396,78,-4800,992,-1824,-3904,127808,524288,,,,,,
181865015118500,62959198953146,79,-4704,1152,-2528,-3264,129856,523520,,,,,,
181865016124300,62959199953229,80,-4320,928,-2016,-3840,126144,522752,,,,,,
181865017117900,62959200954271,81,-4672,1344,-2816,-2752,127552,521664,,,,,,
181865018126800,62959201953104,82,-4320,1024,-2144,-4736,129536,520896,,,,,,
181865019125200,62959202953146,83,-4224,1312,-3168,-2304,128832,524800,,,,,,
181865020122200,62959203953146,84,-4928,1344,-2976,-4096,129280,521088,,,,,,
181865021125400,62959204953271,85,-4512,1248,-1824,-3520,128576,521856,,,,,,
181865022125000,62959205953062,86,-4896,1312,-2304,-3968,129664,522048,,,,,,
181865023116700,62959206953062,87,-5088,1152,-2528,-2240,127680,523584,,,,,,
181865024118200,62959207953187,88,-5248,1344,-2784,-3072,129664,524992,,,,,,
181865025379100,62959208953979,89,-4352,1088,-2080,-5440,128640,522560,,,,,,
181865026203700,62959209953187,90,-4864,896,-2720,-3072,129088,522112,,,,,,
181865027124800,62959210954479,91,-5248,1472,-2592,-4224,127744,523968,,,,,,
181865028120500,62959211953271,92,-4864,1248,-2624,-3264,127168,521536,,,,,,
181865029121900,62959212953021,93,-5184,1504,-2240,-3712,128064,523136,,,,,,
181865030126100,62959213953021,94,-4992,1024,-2752,-4928,127296,523712,,,,,,
181865031124100,62959214953146,95,-4480,1248,-2560,-3392,129984,524096,,,,,,
181865032123200,62959215953021,96,-4832,1312,-2208,-4672,128832,524096,,,,,,
181865033125000,62959216954562,97,-5312,1152,-2208,-4736,127808,522688,,,,,,
181865034125900,62959217953021,98,-5152,1152,-2624,-4736,128064,524736,,,,,,
181865035121100,62959218953396,99,-4832,1312,-2880,-3648,127296,522112,,,,,,
181865036117800,62959219953021,100,-5248,1536,-2464,-3648,126464,524608,,,,,,
181865037122900,62959220952812,101,-4704,1184,-2944,-4096,128128,525824,,,,,,
181865038126800,62959221953187,102,-4896,1152,-2272,-3776,128960,523648,,,,,,
181865039122500,62959222954062,103,-4576,1216,-2144,-4672,127360,524032,,,,,,
181865040119400,62959223953146,104,-4576,672,-2176,-3136,127744,521152,,,,,,
181865041120100,62959224953062,105,-5184,1856,-2656,-4416,128192,524288,,,,,,
181865042119100,62959225952812,106,-4288,1248,-2432,-3904,128576,521088,,,,,,
181865043116600,62959226953271,107,-4928,864,-2400,-3840,128832,523072,,,,,,
181865044113600,62959227953146,108,-4768,1152,-2688,-1408,129600,523904,,,,,,
181865045120400,62959228953187,109,-5056,1248,-2848,-2368,128384,522496,,,,,,
181865046125400,62959229953062,110,-4704,1792,-3008,-3072,127872,526208,,,,,,
181865047127700,62959230952812,111,-4768,1536,-2112,-2688,129152,523456,,,,,,
181865048123300,62959231953229,112,-4960,1536,-2400,-4160,126528,523584,,,,,,
181865049126500,62959232953146,113,-4896,1312,-2112,-6016,128064,522944,,,,,,
181865050315100,62959233953271,114,-4576,1216,-2784,-3008,128576,524736,,,,,,
181865051125100,62959234953146,115,-4320,1216,-2496,-2816,128512,523456,,,,,,
181865052120400,62959235953187,116,-4736,992,-2656,-3072,127552,524480,,,,,,
181865053125800,62959236953146,117,-5056,1312,-2848,-5824,128064,523328,,,,,,
181865054123100,62959237953229,118,-4672,1216,-2496,-7296,126976,524608,,,,,,
181865055121700,62959238953146,119,-3840,928,-1792,-3776,128320,522816,,,,,,
181865056121900,62959239952979,120,-4992,1152,-2816,-4416,129472,522560,,,,,,
181865057120800,62959240953229,121,-4928,768,-1888,-4608,127488,522112,,,,,,
181865058120400,62959241953146,122,-4448,1376,-2688,-4160,128832,523392,,,,,,
181865059117500,62959242953062,123,-4672,640,-2112,-4544,129088,522432,,,,,,
181865060118700,62959243953104,124,-4544,992,-2336,-4608,129472,524800,,,,,,
181865061119600,62959244953229,125,-4608,1408,-2304,-3200,127232,524288,,,,,,
181865062119300,62959245953146,126,-4384,1280,-2176,-6272,128512,525568,,,,,,
181865063112800,62959246952979,127,-4736,1472,-2432,-2112,129344,524416,,,,,,
181865064122400,62959247953146,128,-4672,1952,-2624,-4224,129280,524736,,,,,,
181865065119700,62959248953146,129,-4800,1344,-2656,-3264,129152,525952,,,,,,
181865066127600,62959249953229,130,-5056,1216,-2656,-2496,128448,525568,,,,,,
181865067115200,62959250953187,131,-4608,1152,-2464,-4224,129344,523008,,,,,,
181865068131000,62959251953312,132,-4960,928,-2752,-4544,126656,522944,,,,,,
181865069120600,62959252953104,133,-4960,1216,-2656,-3712,127232,523392,,,,,,
181865070123200,62959253953104,134,-4896,1120,-1824,-5824,128960,524032,,,,,,
181865071123200,62959254953187,135,-4128,992,-2176,-4608,128384,522688,,,,,,
181865072121400,62959255953021,136,-4992,1248,-2816,-4416,127552,526400,,,,,,
181865073122500,62959256953354,137,-4704,992,-2336,-3072,129408,521984,,,,,,
181865074126000,62959257953396,138,-5248,1536,-2784,-3456,129856,524352,,,,,,
181865075329700,62959258953312,139,-4800,960,-2176,-2880,129024,521792,,,,,,
181865076134600,62959259953021,140,-4192,1312,-2624,-3328,128960,524480,,,,,,
181865077122900,62959260953146,141,-4704,1376,-2272,-4032,127360,525504,,,,,,
181865078121600,62959261953312,142,-4544,736,-2208,-3840,128576,527168,,,,,,
181865079121400,62959262956604,143,-4640,1248,-2752,-5248,127872,523136,,,,,,
181865080117700,62959263953896,144,-4320,1024,-1664,-3328,129536,525824,,,,,,
181865081120700,62959264953146,145,-4480,1248,-2848,-3520,130240,527744,,,,,,
181865082121700,62959265953312,146,-4896,1536,-2432,-3968,128000,523136,,,,,,
181865083129500,62959266953021,147,-4864,1056,-2624,-3840,127360,523968,,,,,,
181865084169100,62959267952854,148,-4064,1120,-2720,-2944,128512,526208,,,,,,
181865085124600,62959268953479,149,-4928,1376,-2336,-2624,128832,524160,,,,,,
181865086107000,62959269953062,150,-4096,1056,-1792,-3392,128704,527360,,,,,,
181865087127400,62959270953187,151,-4352,1568,-2976,-2880,127552,525568,,,,,,
181865088122100,62959271953104,152,-4608,1312,-2432,-3648,129536,524736,,,,,,
181865089124800,62959272952604,153,-4640,1856,-2016,-2880,128256,524544,,,,,,
181865090125800,62959273953229,154,-3936,1152,-2944,-3200,126976,525440,,,,,,
181865091124600,62959274953104,155,-4992,1056,-2720,-3776,129088,522496,,,,,,
181865092119200,62959275954562,156,-4384,1056,-2176,-5184,126976,524800,,,,,,
181865093129500,62959276953187,157,-4192,768,-1952,-3072,128000,524672,,,,,,
181865094121600,62959277954104,158,-4352,1152,-2464,-4480,129216,523840,,,,,,
181865095119600,62959278953271,159,-4480,1024,-2304,-4992,126208,526336,,,,,,
181865096124300,62959279952896,160,-4256,832,-2560,-4160,128192,524224,,,,,,
181865097124900,62959280953229,161,-4352,1408,-2560,-2752,128896,523712,,,,,,
181865098125000,62959281952979,162,-5024,1472,-2144,-4992,126336,522624,,,,,,
181865099122700,62959282953937,163,-4192,1536,-2560,-1856,127552,523712,,,,,,
181865100329100,62959283953146,164,-4384,1120,-2496,-3456,127936,523328,,,,,,
181865101128600,62959284953271,165,-4128,1248,-2464,-2816,128768,523776,,,,,,
181865102120500,62959285953229,166,-4320,1152,-2176,-3392,130240,523840,,,,,,
181865103111300,62959286953021,167,-4352,864,-2400,-4672,127552,525056,,,,,,
181865104121200,62959287953396,168,-4224,1376,-2816,-4608,128448,522112,,,,,,
181865105123300,62959288953104,169,-4320,1088,-1728,-3008,128256,522560,,,,,,
181865106120600,62959289953187,170,-4960,1088,-2368,-1344,126528,521152,,,,,,
181865107121900,62959290953146,171,-4640,736,-2368,-4480,128256,521984,,,,,,
181865108122500,62959291952979,172,-4480,1024,-2368,-3904,128128,523328,,,,,,
181865109306700,62959292955729,173,-4384,928,-2560,-3712,128768,520896,,,,,,
181865110123500,62959293954521,174,-4736,768,-2464,-4224,126464,521728,,,,,,
181865111120600,62959294953187,175,-4192,800,-1760,-3648,130752,520896,,,,,,
181865112118600,62959295953062,176,-4416,736,-2208,-3904,126400,525120,,,,,,
181865113120100,62959296953271,177,-4608,1344,-2592,-4288,128576,521984,,,,,,
181865114125200,62959297953104,178,-4896,1120,-2048,-2496,128768,524480,,,,,,
181865115121800,62959298954479,179,-5024,1056,-2336,-5632,127552,521728,,,,,,
181865116122600,62959299952979,180,-4768,1024,-2752,-1792,129536,523328,,,,,,
181865117119300,62959300953062,181,-4768,992,-2848,-3584,128256,523136,,,,,,
181865118122100,62959301953146,182,-4544,608,-2208,-1728,128128,524224,,,,,,
181865119122000,62959302953021,183,-4736,736,-2176,-2496,129856,523072,,,,,,
181865120121200,62959303953187,184,-4832,1344,-2240,-2560,128448,524608,,,,,,
181865121122100,62959304953021,185,-5184,1024,-2240,-2944,129472,522496,,,,,,
181865122119000,62959305952979,186,-4736,864,-2304,-4416,129728,522176,,,,,,
181865123210600,62959306953146,187,-4448,1024,-2560,-5184,127488,525184,,,,,,
181865124119300,62959307953062,188,-4704,928,-2688,-2880,130432,523328,,,,,,
181865125115300,62959308953187,189,-4864,1184,-2144,-3072,128960,525440,,,,,,
181865126112400,62959309953104,190,-4448,960,-2272,-2496,127360,523136,,,,,,
181865127108400,62959310956187,191,-5184,864,-2240,-3776,129024,523648,,,,,,
181865128121400,62959311961562,192,-4928,1376,-2336,-3776,127296,524352,,,,,,
181865129125000,62959312960562,193,-4608,1216,-2592,-4352,127936,526080,,,,,,
181865130246100,62959313969937,194,-4768,448,-2272,-4416,127616,525376,,,,,,
181865131244600,62959314964646,195,-3968,1056,-2368,-2368,128832,525184,,,,,,
181865132118900,62959315963146,196,-4288,1216,-2336,-5760,128576,525824,,,,,,
181865133121300,62959316954771,197,-5344,1120,-2592,-5056,127104,524416,,,,,,
181865134124700,62959317955104,198,-4640,1248,-2080,-4544,129216,522176,,,,,,
181865135126800,62959318955937,199,-4864,1440,-2464,-5312,127424,524928,,,,,,
181865136252200,62959319956271,200,-4480,1024,-3008,-6336,126912,524096,,,,,,
181865137124700,62959320956604,201,-4928,1216,-2272,-3520,127360,525248,,,,,,
181865138118300,62959321956937,202,-4288,1056,-2336,-3584,128320,522240,,,,,,
181865139115300,62959322957562,203,-4416,1632,-2912,-2432,127616,522688,,,,,,
181865140116700,62959323955312,204,-4128,1184,-1728,-3904,129280,524352,,,,,,
181865141123900,62959324956479,205,-4064,1504,-2240,-3456,129088,525056,,,,,,
181865142118400,62959325955479,206,-5440,928,-3040,-2816,127808,524160,,,,,,
181865143123100,62959326956396,207,-4160,992,-1984,-4032,128384,524160,,,,,,
181865144123600,62959327959521,208,-4544,1120,-2688,-3136,128384,523712,,,,,,
181865145119800,62959328955396,209,-4864,1088,-2272,-4736,128384,524800,,,,,,
181865146120800,62959329955812,210,-4320,1088,-2272,-4160,126592,524800,,,,,,
181865147124200,62959330956854,211,-4160,1472,-2688,-3456,126784,524224,,,,,,
181865148123900,62959331960604,212,-4544,1344,-2304,-2560,127872,523840,,,,,,
181865149123100,62959332955437,213,-4256,864,-2272,-4096,129472,526016,,,,,,
181865150233100,62959333956062,214,-4960,1408,-2720,-1984,129920,522944,,,,,,
181865151122300,62959334963271,215,-4128,896,-1952,-4288,126912,522112,,,,,,
181865152120700,62959335954146,216,-4992,1536,-2976,-4864,126528,523904,,,,,,
181865153122300,62959336960229,217,-4256,960,-2016,-3584,126656,523136,,,,,,
181865154121000,62959337954854,218,-5056,1152,-2240,-4800,128448,520576,,,,,,
181865155119800,62959338955729,219,-4288,1440,-2464,-2048,129280,523008,,,,,,
181865156227700,62959339957187,220,-5024,1216,-2624,-4096,129600,522624,,,,,,
181865157124100,62959340957229,221,-4512,1408,-2048,-4416,130240,523648,,,,,,
181865158135200,62959341954979,222,-4448,1504,-2656,-5504,126784,521024,,,,,,
181865159116700,62959342956187,223,-4768,1280,-2496,-4288,129856,522816,,,,,,
181865160121500,62959343958062,224,-4640,1152,-2688,-3840,127680,523392,,,,,,
181865161125900,62959344956854,225,-4448,960,-2592,-4096,126656,524288,,,,,,
181865162110700,62959345958812,226,-4480,960,-2752,-4544,129088,523904,,,,,,
181865163119000,62959346957479,227,-4768,1408,-2016,-2816,128320,521792,,,,,,
181865164123000,62959347955771,228,-4736,960,-2336,-4672,129280,525120,,,,,,
181865165121000,62959348955229,229,-4544,1024,-2496,-3072,128000,522752,,,,,,
181865166246100,62959349956521,230,-4864,1152,-2016,-4544,127360,522880,,,,,,
181865167117000,62959350957854,231,-5056,1312,-2368,-3328,129344,522112,,,,,,
181865168121200,62959351957396,232,-5120,1120,-2336,-2752,127552,522368,,,,,,
181865169120900,62959352962812,233,-4544,960,-2976,-5632,129280,524032,,,,,,
181865170120000,62959353958812,234,-4992,1472,-2816,-4992,128512,524160,,,,,,
181865171114600,62959354955854,235,-4576,1504,-1824,-3136,128896,523840,,,,,,
181865172193900,62959355954937,236,-5376,1504,-2624,-5184,130496,524160,,,,,,
181865173116300,62959356957146,237,-4736,1088,-3072,-4096,126784,523520,,,,,,
181865174117200,62959357958146,238,-4480,1312,-2048,-3200,126784,524672,,,,,,
181865175109900,62959358957479,239,-4416,1344,-2304,-2880,128576,522752,,,,,,
181865176236800,62959359959021,240,-4416,1088,-2208,-2432,127552,524096,,,,,,
181865177130000,62959360957271,241,-4512,1504,-2528,-4032,128000,522880,,,,,,
181865178113000,62959361955271,242,-4480,1312,-2336,-3648,128448,522368,,,,,,
181865179108500,62959362957187,243,-5024,1248,-2944,-4160,129792,527360,,,,,,
181865180109300,62959363958021,244,-4768,864,-2208,-1792,128960,525952,,,,,,
181865181121800,62959364960729,245,-5184,1408,-2464,-3456,128448,524736,,,,,,
181865182122000,62959365960354,246,-4832,864,-2272,-2048,128192,523840,,,,,,
181865183118000,62959366960104,247,-4384,1440,-2304,-4096,130112,521344,,,,,,
181865184123100,62959367954854,248,-4768,1056,-2144,-3584,127552,525184,,,,,,
181865185137600,62959368957396,249,-4640,768,-2016,-1600,127488,524224,,,,,,
181865186126600,62959369954729,250,-4800,1408,-2720,-3264,128576,522752,,,,,,
181865187112700,62959370955021,251,-5344,1184,-2880,-5568,128384,525056,,,,,,
181865188111700,62959371953062,252,-4512,1408,-3040,-1536,128256,524096,,,,,,
181865189121700,62959372953187,253,-4288,1088,-2080,-3968,129088,523456,,,,,,
181865190123300,62959373953146,254,-4640,1152,-2656,-3904,128768,523200,,,,,,
181865191120500,62959374953187,255,-4768,1216,-2240,-3840,128384,522560,,,,,,
181865192610100,62959375953021,0,-4992,1344,-2208,-3456,128832,524608,,,,,,
181865193120700,62959376953354,1,-4832,1280,-3200,-1600,129408,522816,,,,,,
181865194131200,62959377953021,2,-4736,1152,-2752,-4224,129728,522432,,,,,,
181865195114100,62959378952979,3,-4736,1024,-2304,-3520,127040,523072,,,,,,
181865196107500,62959379953104,4,-4736,1472,-2144,-2560,126912,525952,,,,,,
181865197108500,62959380954562,5,-4960,1120,-2944,-3136,129024,522560,,,,,,
181865198226800,62959381953354,6,-4768,1664,-2816,-2880,129536,526080,,,,,,
181865199149800,62959382953062,7,-5024,1312,-2528,-3328,128128,523648,,,,,,
181865200110200,62959383953021,8,-4064,1056,-1856,-4864,129472,525120,,,,,,
181865201117200,62959384953229,9,-5248,1344,-2656,-3264,126912,523648,,,,,,
181865202123600,62959385956021,10,-4800,1280,-2112,-6144,128192,524864,,,,,,
181865203115400,62959386953229,11,-5088,1024,-3168,-3520,129728,522752,,,,,,
181865204114900,62959387953021,12,-4704,1120,-2848,-2944,128640,525056,,,,,,
181865205117600,62959388952687,13,-5184,1376,-2848,-3776,127552,524032,,,,,,
181865206122200,62959389953146,14,-4960,1088,-2496,-3712,129344,521216,,,,,,
181865207122300,62959390954062,15,-4288,1376,-2432,-2048,129344,523200,,,,,,
181865208120100,62959391953771,16,-4736,928,-2048,-4736,128256,524416,,,,,,
181865209118900,62959392953646,17,-4480,1088,-2752,-4160,128576,523712,,,,,,
181865210134000,62959393953187,18,-4928,1312,-2144,-3520,127872,521728,,,,,,
181865211120700,62959394953062,19,-4448,1568,-2464,-4928,128704,524352,,,,,,
181865212122100,62959395953146,20,-4608,1184,-2080,-4352,127680,523392,,,,,,
181865213121200,62959396953062,21,-4352,1504,-2624,-2496,129216,522432,,,,,,
181865214122300,62959397952937,22,-4704,1312,-2432,-5440,128832,522752,,,,,,
181865215118800,62959398953146,23,-4768,1024,-2528,-3840,128256,524224,,,,,,
181865216124600,62959399955729,24,-4608,1152,-2496,-2880,127808,524736,,,,,,
181865217114700,62959400955021,25,-4928,1440,-2784,-4032,128000,522688,,,,,,
181865218126400,62959401953146,26,-5280,1216,-2112,-4160,128448,523776,,,,,,
181865219121600,62959402953146,27,-4128,1280,-1856,-4224,128384,524928,,,,,,
181865220121100,62959403953187,28,-4960,1248,-1920,-3264,127744,523392,,,,,,
181865221122500,62959404952937,29,-5344,1408,-2592,-1536,128320,522048,,,,,,
181865222123300,62959405953604,30,-5312,1312,-3008,-2752,128512,524480,,,,,,
181865223119200,62959406953187,31,-4320,1184,-1760,-2752,128512,521920,,,,,,
181865224118100,62959407953104,32,-4736,1472,-2432,-2816,127360,521856,,,,,,
181865225120700,62959408953062,33,-4544,1248,-2912,-3136,128320,523968,,,,,,
181865226124500,62959409952854,34,-4736,1376,-2496,-3456,128064,523968,,,,,,
181865227125000,62959410953021,35,-4768,1568,-2688,-4032,128512,525248,,,,,,
181865228126000,62959411953021,36,-4160,1408,-2880,-4032,128000,522880,,,,,,
181865229122000,62959412953187,37,-4896,1632,-3040,-4160,128000,523776,,,,,,
181865230122400,62959413953062,38,-4480,1152,-1856,-4352,128384,523008,,,,,,
181865231126800,62959414953187,39,-5696,1312,-2560,-4224,128448,524288,,,,,,
181865232123800,62959415954354,40,-4544,672,-1760,-4608,128192,524608,,,,,,
181865233126600,62959416953021,41,-4352,960,-2816,-3520,125568,522112,,,,,,
181865234122700,62959417953146,42,-4768,1120,-2624,-4928,128640,522944,,,,,,
181865235125500,62959418952979,43,-4896,1120,-2528,-3840,129280,522880,,,,,,
181865236127300,62959419953062,44,-4256,1216,-2368,-3520,127872,523264,,,,,,
181865237127900,62959420953146,45,-4640,1184,-2560,-5184,128640,526272,,,,,,
181865238124400,62959421953312,46,-4576,864,-2048,-3456,127040,524544,,,,,,
181865239122200,62959422953062,47,-4992,1120,-2560,-2624,129600,525184,,,,,,
181865240120900,62959423953229,48,-4512,1056,-2752,-4160,128128,523456,,,,,,
181865241112300,62959424953021,49,-5120,1056,-2976,-3072,127104,526080,,,,,,
181865242113800,62959425952604,50,-4576,1216,-1856,-1856,128192,522688,,,,,,
181865243125000,62959426953146,51,-4256,1376,-2048,-4800,128832,523136,,,,,,
181865244120800,62959427952979,52,-4160,1152,-2240,-5120,128768,524032,,,,,,
181865245121900,62959428953104,53,-4768,1440,-2208,-4160,130048,524032,,,,,,
181865246122500,62959429953062,54,-4416,1344,-2336,-3456,128896,521536,,,,,,
181865247120600,62959430953021,55,-5344,1568,-2432,-4800,128000,523328,,,,,,
181865248126800,62959431953062,56,-5056,1088,-1760,-5120,128000,524736,,,,,,
181865249124400,62959432953271,57,-4672,1344,-2464,-4736,128768,522368,,,,,,
181865250246400,62959433953771,58,-4096,928,-2560,-2496,126784,523520,,,,,,
181865251125600,62959434952937,59,-4992,1440,-2432,-4160,128320,524672,,,,,,
181865252119500,62959435952979,60,-4672,1248,-2592,-4096,128640,521280,,,,,,
181865253123200,62959436953104,61,-4832,1280,-1920,-4864,127488,524928,,,,,,
181865254123800,62959437953312,62,-4928,1248,-2208,-3584,128256,524160,,,,,,
181865255122400,62959438953187,63,-4352,1504,-2464,-6080,127808,523776,,,,,,
181865256119500,62959439953062,64,-4288,1312,-1728,-4480,126656,523584,,,,,,
181865257123500,62959440953187,65,-4576,1216,-2208,-1920,128256,524160,,,,,,
181865258122500,62959441952979,66,-4384,1088,-2240,-3072,127872,522560,,,,,,
181865259132100,62959442952521,67,-4352,1312,-2176,-3328,129664,521856,,,,,,
181865260119700,62959443953229,68,-5152,1088,-3104,-2560,129472,521856,,,,,,
181865261121500,62959444953062,69,-4224,1248,-2496,-5760,128064,523968,,,,,,
181865262121500,62959445953187,70,-4672,1184,-2784,-4864,129344,525312,,,,,,
181865263112400,62959446953896,71,-4256,1056,-2080,-4096,126400,522880,,,,,,
181865264118900,62959447953146,72,-4352,1376,-1984,-1344,126336,526592,,,,,,
181865265120800,62959448953104,73,-4544,1440,-2688,-3648,127680,523392,,,,,,
181865266120800,62959449952854,74,-4352,1376,-2560,-4480,128384,525056,,,,,,
181865267116700,62959450953146,75,-4832,1152,-2464,-2176,129664,521344,,,,,,
181865268125100,62959451952896,76,-4736,1248,-2240,-4800,128704,523776,,,,,,
181865269125000,62959452953479,77,-4832,1312,-2304,-3776,128064,524672,,,,,,
181865270124100,62959453953104,78,-4896,1344,-2688,-1920,130432,522496,,,,,,
181865271122400,62959454953104,79,-4288,1056,-1920,-2816,127808,521664,,,,,,
181865272121300,62959455953979,80,-4768,960,-2528,-3456,130112,523392,,,,,,
181865273115900,62959456953562,81,-4736,1344,-2272,-4096,128256,524352,,,,,,
181865274127900,62959457953104,82,-4352,1088,-2240,-3072,129536,526016,,,,,,
181865275306000,62959458952979,83,-5024,1472,-2720,-3904,130496,521280,,,,,,
181865276138400,62959459953104,84,-4768,800,-2112,-4032,128512,521728,,,,,,
181865277124000,62959460953187,85,-4928,1280,-2752,-4672,127360,522112,,,,,,
181865278124000,62959461954312,86,-4768,1312,-2240,-4864,128448,522816,,,,,,
181865279123300,62959462953021,87,-4704,1344,-2368,-3776,128128,524352,,,,,,
181865280125600,62959463953021,88,-4736,1344,-2688,-3840,128192,525696,,,,,,
181865281124100,62959464953187,89,-4672,1216,-2624,-3904,129408,524736,,,,,,
181865282125900,62959465953104,90,-4480,1376,-1856,-3392,128512,522880,,,,,,
181865283125500,62959466953062,91,-4704,1440,-2176,-1664,128064,525504,,,,,,
181865284113900,62959467953104,92,-4672,1408,-2688,-2368,128064,524608,,,,,,
181865285138300,62959468952937,93,-5088,1056,-2432,-2944,128704,522432,,,,,,
181865286123300,62959469953062,94,-4896,1184,-2752,-4032,126848,524352,,,,,,
181865287122700,62959470953146,95,-4896,800,-2144,-5248,128704,524800,,,,,,
181865288126900,62959471953979,96,-4480,1024,-2368,-1984,127680,521280,,,,,,
181865289124400,62959472953062,97,-5312,992,-2752,-2816,129088,523008,,,,,,
181865290120500,62959473953187,98,-4608,1248,-2688,-4288,128768,524096,,,,,,
181865291125100,62959474953062,99,-4768,1184,-2528,-4352,128704,522880,,,,,,
181865292173600,62959475952979,100,-5056,1184,-2208,-1920,129152,525504,,,,,,
181865293132600,62959476954562,101,-4928,1344,-2624,-2752,130240,524800,,,,,,
181865294126000,62959477953021,102,-4352,1248,-2720,-3136,127488,525312,,,,,,
181865295122800,62959478953146,103,-4992,928,-1888,-2752,129280,523840,,,,,,
181865296122400,62959479952479,104,-4000,1280,-2656,-5824,128704,524672,,,,,,
181865297125200,62959480954646,105,-5056,1536,-2560,-3264,128000,525568,,,,,,
181865298122100,62959481954229,106,-4736,1248,-2144,-2944,129536,523712,,,,,,
181865299120000,62959482952937,107,-5152,1184,-2400,-1088,129664,524928,,,,,,
181865300342100,62959483953354,108,-4864,1536,-2208,-2880,128192,524928,,,,,,
181865301127700,62959484953021,109,-4832,1472,-2080,-3968,126080,522816,,,,,,
181865302125600,62959485953396,110,-4800,1248,-2304,-4480,128128,522624,,,,,,
181865303113000,62959486953146,111,-4672,1120,-2528,-2688,127680,522816,,,,,,
181865304121800,62959487953271,112,-5184,1504,-2464,-4864,128256,523520,,,,,,
181865305226100,62959488953062,113,-4544,1216,-2048,-3840,128832,524288,,,,,,
181865306134100,62959489952937,114,-4288,1024,-2208,-3968,128128,525184,,,,,,
181865307122800,62959490953354,115,-4576,960,-2464,-2752,129216,521024,,,,,,
181865308123200,62959491953062,116,-4928,704,-2624,-5056,128128,523136,,,,,,
181865309125100,62959492955687,117,-4576,1184,-2048,-3328,128768,523136,,,,,,
181865310136100,62959493953104,118,-4960,1312,-2848,-3904,127808,522304,,,,,,
181865311109700,62959494953187,119,-4384,1184,-2080,-3648,127616,524864,,,,,,
181865312217100,62959495953146,120,-5120,1344,-2240,-4864,128448,524544,,,,,,
181865313245900,62959496953062,121,-4896,1056,-2080,-4736,128512,527552,,,,,,
181865314120900,62959497953104,122,-4352,1152,-2528,-4480,127040,524416,,,,,,
181865315122200,62959498953021,123,-4416,1152,-2016,-3520,127168,522240,,,,,,
181865316123200,62959499954604,124,-4480,1408,-2592,-2752,128960,524480,,,,,,
181865317111100,62959500953187,125,-4896,1088,-2752,-3584,128896,523648,,,,,,
181865318123600,62959501952979,126,-4704,1248,-2304,-4416,127360,524480,,,,,,
181865319121800,62959502953396,127,-4416,1408,-2656,-1984,128832,522048,,,,,,
181865320120000,62959503953021,128,-4768,1248,-2208,-3648,127744,521664,,,,,,
181865321127300,62959504953104,129,-4672,1536,-2944,-4544,127104,522304,,,,,,
181865322127200,62959505953062,130,-4608,1344,-2848,-3712,127040,524480,,,,,,
181865323118000,62959506953271,131,-4544,1024,-2048,-4480,128320,525440,,,,,,
181865324118500,62959507953146,132,-4640,896,-2048,-5312,128064,523904,,,,,,
181865325313400,62959508953062,133,-4576,832,-2944,-2112,128384,522944,,,,,,
181865326120900,62959509953146,134,-4800,1408,-2400,-3264,128128,522496,,,,,,
181865327114900,62959510955396,135,-4704,928,-2400,-4864,127040,522688,,,,,,
181865328115400,62959511953187,136,-4384,992,-2976,-3136,128384,524160,,,,,,
181865329122900,62959512953146,137,-4416,1152,-2272,-4864,127680,525824,,,,,,
181865330122800,62959513953271,138,-4864,1312,-3264,-3904,128576,524160,,,,,,
181865331122800,62959514953146,139,-4288,768,-2688,-3904,128384,522816,,,,,,
181865332122500,62959515952896,140,-4512,1344,-1856,-3392,128640,523072,,,,,,
181865333125600,62959516952979,141,-4544,1120,-2240,-3008,127872,524032,,,,,,
181865334124800,62959517953187,142,-4288,1184,-2528,-3264,127872,523456,,,,,,
181865335123000,62959518953187,143,-4736,1248,-2080,-3840,128896,523456,,,,,,
181865336120000,62959519955021,144,-4800,1280,-2176,-4608,129664,521280,,,,,,
181865337120900,62959520953229,145,-4832,992,-2976,-2688,127936,523264,,,,,,
181865338117500,62959521953021,146,-4256,864,-1632,-4288,127552,523136,,,,,,
181865339118900,62959522953021,147,-4608,1568,-3136,-3776,128640,521280,,,,,,
181865340120100,62959523953146,148,-4384,1312,-2624,-5120,128704,522176,,,,,,
181865341111900,62959524953021,149,-4736,1088,-2240,-4416,127872,523648,,,,,,
181865342159700,62959525953187,150,-4928,1216,-2016,-4352,126720,525376,,,,,,
181865343121800,62959526953104,151,-5152,1088,-2528,-3456,126400,524096,,,,,,
181865344108100,62959527953062,152,-5632,768,-3200,-3200,129344,523584,,,,,,
181865345116800,62959528953104,153,-4416,1088,-2464,-1344,128384,521920,,,,,,
181865346121500,62959529952979,154,-5120,1120,-2176,-4544,127488,524096,,,,,,
181865347123500,62959530953229,155,-4768,1344,-2560,-4480,128192,521792,,,,,,
181865348122600,62959531952979,156,-4608,928,-2176,-4800,128768,524416,,,,,,
181865349118600,62959532953229,157,-5088,1152,-2944,-4992,129792,523136,,,,,,
181865350258100,62959533956396,158,-4736,1472,-2176,-4224,127808,523520,,,,,,
181865351125800,62959534954354,159,-4864,1216,-1792,-4096,127872,524096,,,,,,
181865352126500,62959535953062,160,-4960,1216,-2656,-4032,128640,523776,,,,,,
181865353120900,62959536952479,161,-4512,1152,-2624,-4672,128128,521600,,,,,,
181865354119700,62959537953229,162,-5216,1344,-2432,-4352,127616,524864,,,,,,
181865355121500,62959538953021,163,-4832,1088,-2912,-5824,127616,526144,,,,,,
181865356121400,62959539953146,164,-4384,1472,-2400,-3904,126272,525696,,,,,,
181865357232500,62959540953104,165,-4512,1312,-2176,-3712,128960,523712,,,,,,
181865358120900,62959541953604,166,-4352,1120,-2496,-3008,126848,524608,,,,,,
181865359122300,62959542953146,167,-4224,1440,-2080,-3648,129024,524288,,,,,,
181865360120200,62959543952979,168,-4608,1248,-2464,-2496,129216,523648,,,,,,
181865361117500,62959544953104,169,-4768,1152,-2144,-1664,127296,522240,,,,,,
181865362118200,62959545953063,170,-4864,1248,-2144,-4928,127552,526464,,,,,,
181865363116600,62959546953188,171,-4704,1280,-2496,-3008,128384,525632,,,,,,
181865364115900,62959547953188,172,-4736,1248,-1408,-3456,128256,523136,,,,,,
181865365119400,62959548952771,173,-4416,1600,-2560,-3200,126464,524224,,,,,,
181865366114300,62959549953063,174,-4832,1504,-2560,-2496,127680,527744,,,,,,
181865367128000,62959550954729,175,-4832,1184,-2400,-3392,128384,522176,,,,,,
181865368121100,62959551954604,176,-4896,992,-2528,-3776,129408,523008,,,,,,
181865369111000,62959552955396,177,-4448,928,-2592,-4864,128320,523264,,,,,,
181865370120100,62959553952896,178,-4864,1312,-2624,-3072,127488,524224,,,,,,
181865371119700,62959554953104,179,-5056,1472,-2048,-2624,129600,522880,,,,,,
181865372119200,62959555952896,180,-4288,960,-2560,-3712,129280,521728,,,,,,
181865373123500,62959556953063,181,-4928,1312,-2432,-3648,127808,522880,,,,,,
181865374120300,62959557953021,182,-5024,1760,-2848,-3200,128064,524864,,,,,,
181865375317200,62959558954563,183,-4864,1696,-2176,-4352,128576,524032,,,,,,
181865376126800,62959559953104,184,-5120,1376,-2432,-4032,126592,525504,,,,,,
181865377123000,62959560952979,185,-4768,1184,-2144,-3776,128512,522880,,,,,,
181865378121800,62959561953146,186,-4128,1216,-2304,-2816,128000,524160,,,,,,
181865379124400,62959562953646,187,-4960,1120,-2304,-3328,129472,522752,,,,,,
181865380122700,62959563952979,188,-4288,1280,-2400,-1536,128064,521408,,,,,,
181865381124500,62959564954646,189,-4384,768,-1536,-4608,127296,525376,,,,,,
181865382126900,62959565953104,190,-5312,1536,-2752,-3904,126912,524160,,,,,,
181865383120400,62959566954563,191,-4576,1184,-2176,-3968,128000,523072,,,,,,
181865384127600,62959567952938,192,-4288,1248,-2112,-2560,128960,521536,,,,,,
181865385122000,62959568952854,193,-4448,512,-2464,-3456,129280,523008,,,,,,
181865386144600,62959569954438,194,-4672,1280,-2400,-4096,128896,526016,,,,,,
181865387119900,62959570953104,195,-4512,1344,-1728,-4608,128640,523456,,,,,,
181865388121700,62959571953188,196,-5056,1216,-2144,-3456,128640,525312,,,,,,
181865389110200,62959572953146,197,-4672,1280,-2496,-4864,128192,524480,,,,,,
181865390235700,62959573957438,198,-5472,1088,-2752,-3520,129664,524672,,,,,,
181865391124900,62959574953521,199,-4128,1120,-2048,-2944,128064,522880,,,,,,
181865392128200,62959575953979,200,-5632,1088,-2496,-3136,128640,524352,,,,,,
181865393114900,62959576953146,201,-4992,1152,-2432,-5184,127552,522688,,,,,,
181865394116300,62959577953188,202,-4704,1184,-2112,-3328,128384,523904,,,,,,
181865395117100,62959578952521,203,-4736,1312,-2272,-1152,128896,523904,,,,,,
181865396112500,62959579953229,204,-4768,1504,-2656,-4736,127360,524672,,,,,,
181865397104100,62959580953188,205,-4000,896,-2528,-4224,128512,524352,,,,,,
181865398108800,62959581952979,206,-5056,1312,-2304,-2688,128512,524736,,,,,,
181865399109200,62959582953104,207,-4608,960,-1696,-3712,128768,521280,,,,,,
181865400156600,62959583954313,208,-4768,1056,-2656,-2432,128128,526400,,,,,,
181865401131600,62959584953104,209,-4256,1088,-2144,-4224,128704,526656,,,,,,
181865402124100,62959585953188,210,-5344,1344,-2368,-4352,128704,524608,,,,,,
181865403115400,62959586953063,211,-4896,928,-2304,-4928,128064,524672,,,,,,
181865404114700,62959587953146,212,-4640,1312,-2528,-3392,128064,525056,,,,,,
181865405117200,62959588953104,213,-4224,1120,-3072,-3968,127936,525632,,,,,,
181865406105900,62959589953188,214,-3968,960,-2272,-3520,129152,524288,,,,,,
181865407123700,62959590953104,215,-4352,1216,-3040,-3776,129216,526528,,,,,,
181865408120500,62959591953271,216,-4544,1120,-1920,-4672,128576,523840,,,,,,
181865409370300,62959592954146,217,-4224,1344,-1984,-4736,127680,521728,,,,,,
181865410138400,62959593953021,218,-4352,1184,-1792,-4352,127488,524928,,,,,,
181865411120800,62959594953021,219,-4832,1504,-2816,-3328,126784,524352,,,,,,
181865412121000,62959595952896,220,-4960,1184,-2848,-4800,127808,524096,,,,,,
181865413126000,62959596953271,221,-4192,576,-2432,-4288,126976,523072,,,,,,
181865414124700,62959597952979,222,-4224,1408,-2368,-4544,129856,519808,,,,,,
181865415122700,62959598953188,223,-5120,1248,-2976,-5120,128320,523264,,,,,,
181865416120100,62959599953021,224,-4256,1568,-1792,-4032,127744,523840,,,,,,
181865417157700,62959600953521,225,-4224,960,-2432,-2176,128576,524480,,,,,,
181865418134900,62959601953104,226,-4736,1056,-1952,-5440,128128,525568,,,,,,
181865419119400,62959602952938,227,-4512,1152,-2848,-4032,127360,524864,,,,,,
181865420117600,62959603953271,228,-4320,1024,-2688,-2432,129024,524480,,,,,,
181865421119400,62959604954479,229,-4576,1248,-2528,-2816,127872,524928,,,,,,
181865422119800,62959605955396,230,-4864,1504,-2496,-2752,128576,522880,,,,,,
181865423114900,62959606953104,231,-4672,1408,-2752,-3840,128512,522944,,,,,,
181865424113000,62959607953063,232,-4480,1536,-2048,-4992,129408,523264,,,,,,
181865425406200,62959608953146,233,-4512,864,-2368,-3008,130304,523776,,,,,,
181865426113000,62959609954563,234,-5248,1280,-2688,-3008,128320,523520,,,,,,
181865427122400,62959610956438,235,-4352,1408,-2912,-4544,128704,522496,,,,,,
181865428118900,62959611953104,236,-4384,1184,-1888,-3520,129088,524544,,,,,,
181865429121000,62959612953104,237,-4736,1472,-2400,-4672,129216,521664,,,,,,
181865430121100,62959613953188,238,-5088,1312,-3008,-2048,129216,523712,,,,,,
181865431121400,62959614952938,239,-4064,960,-1920,-3392,128256,521600,,,,,,
181865432123500,62959615952729,240,-4800,1312,-2528,-5568,128576,523520,,,,,,
181865433123300,62959616954521,241,-4736,1248,-2368,-4480,127168,524096,,,,,,
181865434122700,62959617953188,242,-4960,1408,-2016,-5248,129152,523520,,,,,,
181865435118300,62959618953146,243,-4896,1440,-2080,-4352,130432,522560,,,,,,
181865436115000,62959619952938,244,-4768,1440,-2912,-5184,128128,524736,,,,,,
181865437124200,62959620955688,245,-4864,1664,-3168,-3584,129920,522496,,,,,,
181865438121900,62959621953063,246,-4544,1408,-2368,-4928,128704,525440,,,,,,
181865439124500,62959622953146,247,-4160,1024,-2176,-3776,128768,522752,,,,,,
181865440116700,62959623952979,248,-4640,1472,-2624,-3520,128192,521984,,,,,,
181865441119600,62959624953188,249,-4256,1312,-2528,-3712,129664,523392,,,,,,
181865442122000,62959625953188,250,-5152,1184,-2656,-4160,126400,524032,,,,,,
181865443128000,62959626952938,251,-4800,1088,-1856,-4096,128000,522944,,,,,,
181865444122300,62959627954104,252,-4448,928,-2944,-3648,126144,523904,,,,,,
181865445118900,62959628953021,253,-4608,1248,-2912,-3072,129152,524672,,,,,,
181865446120500,62959629953104,254,-4480,1184,-2944,-4544,128320,524288,,,,,,
181865447121300,62959630954188,255,-4576,928,-1824,-3776,128448,523392,,,,,,
181865448122300,62959631953229,0,-4864,960,-2336,-5248,127424,523904,,,,,,
181865449123400,62959632952979,1,-4736,1184,-2304,-4544,126528,523840,,,,,,
181865450306700,62959633953021,2,-4768,1024,-2432,-4864,129408,523904,,,,,,
181865451123600,62959634954063,3,-4480,1408,-2432,-3968,127296,524032,,,,,,
181865452122200,62959635953104,4,-4320,1344,-2656,-8128,128448,522880,,,,,,
181865453118900,62959636953063,5,-4832,1504,-2464,-3904,129792,522368,,,,,,
181865454120300,62959637953063,6,-4864,1216,-2528,-3584,128704,524736,,,,,,
181865455119900,62959638953271,7,-5152,1280,-2048,-3392,129280,522176,,,,,,
181865456121800,62959639954354,8,-4704,1248,-3232,-3328,126016,524160,,,,,,
181865457120600,62959640953104,9,-4960,928,-2816,-3520,127360,526656,,,,,,
181865458120600,62959641952979,10,-5184,1408,-3008,-4800,126720,523648,,,,,,
181865459125100,62959642953188,11,-4128,1088,-2176,-3776,129152,523200,,,,,,
181865460120500,62959643953229,12,-4288,1280,-2560,-3328,127424,523456,,,,,,
181865461120200,62959644953146,13,-4704,896,-2112,-4992,129216,524544,,,,,,
181865462121900,62959645952938,14,-4608,1120,-2304,-2880,129856,524480,,,,,,
181865463124800,62959646953021,15,-4576,1312,-2560,-3584,127232,526144,,,,,,
181865464123300,62959647953313,16,-4992,1088,-2656,-3072,128000,523392,,,,,,
181865465126200,62959648953271,17,-5312,1440,-2432,-4416,128768,524224,,,,,,
181865466122100,62959649952979,18,-5024,1440,-1856,-2816,128832,525760,,,,,,
181865467113200,62959650953896,19,-4768,992,-2208,-3968,129344,521792,,,,,,
181865468121500,62959651953063,20,-4288,1280,-1952,-3776,129024,524992,,,,,,
181865469120500,62959652953271,21,-4864,1024,-3040,-2752,127424,525632,,,,,,
181865470120100,62959653953229,22,-4192,704,-1760,-3776,129216,521856,,,,,,
181865471119000,62959654952979,23,-4800,1536,-3008,-3648,128064,521856,,,,,,
181865472120000,62959655953188,24,-4448,928,-2304,-3840,127872,523712,,,,,,
181865473120400,62959656953104,25,-4224,1280,-2368,-3520,127936,522880,,,,,,
181865474124600,62959657953188,26,-5024,800,-2592,-3136,128448,524864,,,,,,
181865475331700,62959658954604,27,-4672,928,-2688,-4672,127616,523520,,,,,,
181865476124800,62959659952979,28,-5152,1472,-2848,-3584,128832,525184,,,,,,
181865477121700,62959660953188,29,-4704,1344,-2208,-4864,127808,524480,,,,,,
181865478120100,62959661952896,30,-4512,1536,-2912,-4416,127296,523520,,,,,,
181865479121900,62959662953646,31,-4832,1280,-2624,-1536,126848,522688,,,,,,
181865480123700,62959663953063,32,-4864,1216,-2432,-3136,127808,523840,,,,,,
181865481126100,62959664953188,33,-4736,1248,-2464,-3264,127936,524608,,,,,,
181865482121400,62959665953229,34,-4256,1216,-2592,-3840,128384,524224,,,,,,
181865483121700,62959666952896,35,-3968,1152,-2368,-4608,128640,522560,,,,,,
181865484124200,62959667953229,36,-4128,1216,-2368,-3520,128768,523648,,,,,,
181865485123600,62959668953229,37,-4128,672,-2144,-3904,127552,523712,,,,,,
181865486120200,62959669953938,38,-4704,1536,-2592,-3968,128576,523520,,,,,,
181865487121700,62959670953146,39,-4448,1056,-2144,-3200,128256,523584,,,,,,
181865488125100,62959671952854,40,-4608,768,-2240,-2240,126912,522176,,,,,,
181865489125400,62959672953063,41,-5184,1216,-2720,-3584,127552,523712,,,,,,
181865490120900,62959673952896,42,-4704,768,-2176,-2560,128832,521472,,,,,,
181865491126400,62959674953229,43,-4256,1248,-2560,-3584,126848,523904,,,,,,
181865492117600,62959675953604,44,-4480,736,-2112,-3584,128384,522944,,,,,,
181865493122800,62959676953021,45,-4960,1248,-2400,-4096,129408,523968,,,,,,
181865494120100,62959677953063,46,-4064,1248,-2400,-3456,127616,527808,,,,,,
181865495123200,62959678952938,47,-4640,1152,-2304,-3392,129216,523008,,,,,,
181865496125400,62959679953271,48,-4640,960,-2752,-4992,127232,524352,,,,,,
181865497124000,62959680953604,49,-4768,1440,-2496,-2368,129088,522752,,,,,,
181865498121800,62959681953021,50,-4096,1248,-2592,-2240,127936,522496,,,,,,
181865499121000,62959682953104,51,-4768,1216,-2624,-4608,128640,524288,,,,,,
181865500120000,62959683953188,52,-4928,992,-2624,-5120,128192,523968,,,,,,
181865501133500,62959684952938,53,-4928,928,-2560,-3968,128000,524928,,,,,,
181865502125000,62959685952938,54,-4416,1344,-2336,-5056,128320,525952,,,,,,
181865503121100,62959686953063,55,-4576,1248,-2112,-3008,128192,524352,,,,,,
181865504119900,62959687952979,56,-4768,704,-2208,-4352,126912,521792,,,,,,
181865505121600,62959688952979,57,-5504,1120,-2400,-3712,127808,524480,,,,,,
181865506121600,62959689955688,58,-4448,1184,-2848,-4096,128064,524224,,,,,,
181865507121700,62959690953229,59,-5184,1184,-3008,-3776,130816,524032,,,,,,
181865508123600,62959691953021,60,-4768,1120,-2080,-3584,128640,525120,,,,,,
181865509125900,62959692952938,61,-5088,1280,-2624,-5312,128896,522240,,,,,,
181865510121900,62959693953146,62,-4672,1216,-2752,-4480,128960,523456,,,,,,
181865511121200,62959694954021,63,-4672,1280,-2176,-4608,128448,520192,,,,,,
181865512122800,62959695953104,64,-4768,800,-3328,-3712,128256,522752,,,,,,
181865513124800,62959696952938,65,-4576,1216,-2336,-3968,126528,524928,,,,,,
181865514120300,62959697953188,66,-4992,896,-3200,-2432,128704,523584,,,,,,
181865515120100,62959698952979,67,-4768,800,-2752,-2368,127168,523456,,,,,,
181865516113700,62959699952479,68,-4896,1440,-2688,-3904,129472,524032,,,,,,
181865517118500,62959700954396,69,-4576,1280,-2560,-4096,127936,525568,,,,,,
181865518127300,62959701952854,70,-4832,1216,-2624,-4672,130176,523840,,,,,,
181865519121200,62959702953188,71,-5696,1408,-2240,-4672,127808,525056,,,,,,
181865520167200,62959703953063,72,-4768,960,-2176,-5632,128000,523968,,,,,,
181865521122600,62959704952854,73,-4960,1024,-2816,-4928,129152,524096,,,,,,
181865522122300,62959705953146,74,-4576,1248,-1664,-5056,128320,524416,,,,,,
181865523121700,62959706952854,75,-4832,928,-2560,-2560,128192,524160,,,,,,
181865524112900,62959707953146,76,-4864,1408,-3008,-2816,126272,526400,,,,,,
181865525294700,62959708952938,77,-4352,1600,-1888,-3456,128896,525312,,,,,,
181865526115700,62959709953271,78,-4128,544,-1824,-5824,127296,524416,,,,,,
181865527120300,62959710953021,79,-4832,1024,-2304,-4224,129024,526976,,,,,,
181865528120200,62959711953896,80,-4288,1088,-2368,-2688,129088,521856,,,,,,
181865529119900,62959712953021,81,-4768,1152,-2400,-3648,127808,528320,,,,,,
181865530120000,62959713952854,82,-4544,1152,-2784,-4160,128512,522560,,,,,,
181865531119300,62959714953063,83,-3968,1344,-2944,-4416,128512,524928,,,,,,
181865532124500,62959715953063,84,-4672,1184,-2432,-4800,128192,523072,,,,,,
181865533118400,62959716953063,85,-4704,1216,-2368,-2944,129088,524672,,,,,,
181865534123900,62959717955854,86,-4608,1568,-2688,-4864,129600,522880,,,,,,
181865535123800,62959718952979,87,-4160,1184,-1984,-5696,130432,526336,,,,,,
181865536119600,62959719953188,88,-4352,1024,-2304,-4032,129344,524288,,,,,,
181865537121400,62959720953063,89,-4320,1248,-1952,-4032,129152,526656,,,,,,
181865538120800,62959721953063,90,-4768,1344,-2784,-4544,129472,525248,,,,,,
181865539121600,62959722954521,91,-5120,1120,-2976,-4672,126336,524032,,,,,,
181865540122000,62959723953146,92,-3968,1056,-1984,-4160,126912,524480,,,,,,
181865541124800,62959724953021,93,-4352,1568,-2016,-5440,128640,522816,,,,,,
181865542118400,62959725952896,94,-4224,1408,-2208,-4480,126848,526592,,,,,,
181865543123100,62959726953021,95,-4960,1408,-2720,-5056,130240,523008,,,,,,
181865544123000,62959727953021,96,-4672,1344,-2688,-5760,126400,524544,,,,,,
181865545117700,62959728953021,97,-4704,1120,-2688,-4288,127168,525184,,,,,,
181865546121000,62959729952979,98,-4576,1152,-3136,-3840,127936,523200,,,,,,
181865547121600,62959730952896,99,-4480,992,-2400,-4928,128576,523648,,,,,,
181865548123700,62959731953021,100,-4448,992,-2208,-5376,127552,524800,,,,,,
181865549121400,62959732952896,101,-5120,1024,-2976,-3712,128704,523200,,,,,,
181865550223800,62959733953146,102,-4512,1376,-2048,-3904,128832,524416,,,,,,
181865551123700,62959734955479,103,-4608,1088,-3008,-4096,128448,523904,,,,,,
181865552122500,62959735953188,104,-4352,1120,-2336,-2752,128768,521344,,,,,,
181865553119700,62959736953771,105,-4960,1216,-1888,-3904,129856,522112,,,,,,
181865554121900,62959737952896,106,-4544,1184,-2496,-3840,127872,523264,,,,,,
181865555122000,62959738952896,107,-4608,1152,-2240,-1728,126848,522368,,,,,,
181865556117800,62959739952854,108,-4416,1056,-2464,-2880,128512,520896,,,,,,
181865557120700,62959740953063,109,-5088,1248,-2656,-3776,128576,523712,,,,,,
181865558121100,62959741955604,110,-4672,1056,-1984,-4480,127424,522048,,,,,,
181865559124200,62959742953979,111,-4640,1056,-2432,-3328,127488,521024,,,,,,
181865560119500,62959743953021,112,-4768,960,-2112,-4352,127808,521728,,,,,,
181865561121500,62959744953104,113,-4928,1120,-2304,-4480,128704,523072,,,,,,
181865562121100,62959745954104,114,-5088,1312,-2496,-3072,126976,523648,,,,,,
181865563116400,62959746954313,115,-4352,1344,-2592,-3968,129024,526016,,,,,,
181865564119200,62959747953146,116,-4864,1056,-2656,-2880,128064,524096,,,,,,
181865565113300,62959748952938,117,-4992,576,-2080,-3648,128960,523520,,,,,,
181865566111700,62959749953229,118,-4864,832,-2304,-4032,128192,524928,,,,,,
181865567125300,62959750953021,119,-4768,768,-2560,-3968,128192,523456,,,,,,
181865568128100,62959751955896,120,-4832,1216,-2560,-4352,126784,526912,,,,,,
181865569121500,62959752953104,121,-4416,672,-1824,-5760,127104,524160,,,,,,
181865570122900,62959753952938,122,-5056,1408,-2464,-2432,128064,523456,,,,,,
181865571121000,62959754953146,123,-4928,1376,-2336,-3712,128576,522624,,,,,,
181865572121900,62959755952854,124,-4832,1120,-2208,-3136,128704,525184,,,,,,
181865573125200,62959756952896,125,-5152,1632,-2752,-6208,128960,526080,,,,,,
181865574122400,62959757954479,126,-4576,960,-1792,-5376,128640,524224,,,,,,
181865575298700,62959758954438,127,-4736,1056,-2912,-4864,128320,524864,,,,,,
181865576129800,62959759954604,128,-4640,768,-2752,-4736,128128,523392,,,,,,
181865577120700,62959760953104,129,-4704,896,-1664,-4160,128896,523456,,,,,,
181865578118400,62959761953188,130,-5184,960,-2176,-2688,126848,525248,,,,,,
181865579116500,62959762953438,131,-4512,1376,-2208,-5120,129088,522944,,,,,,
181865580111800,62959763954313,132,-4512,768,-2144,-4800,129472,524480,,,,,,
181865581135300,62959764953896,133,-4736,1152,-2880,-3328,129152,523072,,,,,,
181865582115100,62959765952896,134,-4992,1216,-2240,-4096,128576,522432,,,,,,
181865583130300,62959766953146,135,-4832,1216,-2560,-3456,129280,525184,,,,,,
181865584126500,62959767953063,136,-4800,1376,-2816,-3072,129600,522048,,,,,,
181865585123800,62959768953063,137,-4768,1056,-2176,-2688,128192,522176,,,,,,
181865586119200,62959769954188,138,-4800,928,-1856,-4288,128512,522304,,,,,,
181865587123300,62959770954354,139,-4608,1184,-2816,-2752,127936,525504,,,,,,
181865588120500,62959771953104,140,-4384,1472,-2336,-2816,128384,523584,,,,,,
181865589120300,62959772952896,141,-4544,928,-2016,-2048,128320,524800,,,,,,
181865590118800,62959773953104,142,-4288,1312,-2208,-4032,128896,524032,,,,,,
181865591124000,62959774953021,143,-4416,1312,-2240,-2880,127296,523008,,,,,,
181865592118000,62959775954438,144,-4352,1440,-2720,-5568,126208,522240,,,,,,
181865593123100,62959776956854,145,-4320,1216,-1632,-5696,127232,523072,,,,,,
181865594119800,62959777953146,146,-4448,1216,-2080,-4096,128064,524608,,,,,,
181865595120300,62959778953229,147,-4960,1248,-2880,-3328,129216,522304,,,,,,
181865596113600,62959779953063,148,-4064,960,-2016,-2752,128192,522816,,,,,,
181865597109700,62959780953271,149,-4704,1184,-2368,-4608,130176,521280,,,,,,
181865598110900,62959781953104,150,-4640,1184,-2016,-3712,128384,522112,,,,,,
181865599109300,62959782953104,151,-4352,1824,-2464,-5184,127360,521664,,,,,,
181865600110000,62959783953063,152,-4288,896,-1664,-5312,126656,523136,,,,,,
181865601132000,62959784953021,153,-4576,800,-1920,-3648,128256,522944,,,,,,
181865602115500,62959785952979,154,-4928,1312,-2560,-4480,127168,522048,,,,,,
181865603118600,62959786953021,155,-4448,1184,-2560,-3456,127872,521728,,,,,,
181865604116600,62959787953313,156,-4448,1120,-2496,-3776,126656,520448,,,,,,
181865605119300,62959788956646,157,-5024,768,-1760,-3712,130816,522560,,,,,,
181865606122800,62959789953104,158,-4448,1568,-2336,-5248,129600,525184,,,,,,
181865607119000,62959790953021,159,-4736,1344,-2144,-5312,128768,523520,,,,,,
181865608119200,62959791952979,160,-4992,928,-2848,-4160,129664,526016,,,,,,
181865609116600,62959792953479,161,-5056,1120,-2784,-5248,128512,525440,,,,,,
181865610120400,62959793954188,162,-5184,1184,-2144,-3456,129792,522944,,,,,,
181865611139900,62959794953229,163,-4544,1376,-2432,-3712,128256,523008,,,,,,
181865612323000,62959795953063,164,-4864,1152,-2368,-3584,128384,523392,,,,,,
181865613171600,62959796952896,165,-4448,1216,-2048,-4544,127488,523392,,,,,,
181865614115600,62959797953021,166,-4832,1888,-2880,-5888,128384,522176,,,,,,
181865615160100,62959798953229,167,-4480,1088,-2336,-5120,125632,522816,,,,,,
181865616124500,62959799952979,168,-5248,1216,-2816,-3840,129216,523264,,,,,,
181865617120000,62959800954479,169,-5344,1280,-2336,-4032,127616,523712,,,,,,
181865618128500,62959801953813,170,-4640,1088,-2560,-4864,129280,525312,,,,,,
181865619127000,62959802953021,171,-4544,928,-1888,-4288,127936,521664,,,,,,
181865620119500,62959803952813,172,-4800,1344,-2656,-3776,127168,522304,,,,,,
181865621121100,62959804953063,173,-5184,1536,-2624,-4800,129728,525824,,,,,,
181865622123100,62959805952854,174,-4512,960,-2528,-4672,128704,524672,,,,,,
181865623120300,62959806953104,175,-4352,1344,-2016,-2880,129984,523968,,,,,,
181865624121100,62959807952979,176,-5056,1056,-2528,-5504,128576,526528,,,,,,
181865625104800,62959808953188,177,-4864,1472,-2304,-1088,128576,523968,,,,,,
181865626112400,62959809953063,178,-4480,1152,-2016,-2752,129344,525440,,,,,,
181865627130600,62959810953021,179,-4768,1376,-2112,-4032,128256,524864,,,,,,
181865628114400,62959811954729,180,-4704,1312,-2400,-2496,128256,525056,,,,,,
181865629121100,62959812952979,181,-4128,736,-2048,-3776,127360,526656,,,,,,
181865630134100,62959813954396,182,-4608,1216,-2688,-3392,127296,523456,,,,,,
181865631264100,62959814953146,183,-4544,1376,-2752,-5824,129024,527104,,,,,,
181865632125900,62959815952646,184,-4704,1088,-2240,-4096,130304,523904,,,,,,
181865633119900,62959816954729,185,-4480,864,-2112,-2752,129664,524224,,,,,,
181865634124000,62959817953021,186,-4608,1792,-2944,-4736,129600,526400,,,,,,
181865635119100,62959818952979,187,-4864,1088,-2496,-3200,128576,523520,,,,,,
181865636117300,62959819952896,188,-4416,1408,-2528,-4096,128704,525248,,,,,,
181865637124800,62959820955396,189,-4736,896,-2144,-2688,128832,525056,,,,,,
181865638118600,62959821952979,190,-4896,960,-2784,-3840,128896,525120,,,,,,
181865639121800,62959822953604,191,-4416,1152,-2272,-2304,127808,522688,,,,,,
181865640122000,62959823953313,192,-5248,1152,-2208,-5760,129664,524096,,,,,,
181865641122400,62959824952938,193,-4544,960,-2464,-3520,128384,524672,,,,,,
181865642116800,62959825954604,194,-4672,1440,-2240,-4096,127232,521856,,,,,,
181865643114800,62959826953021,195,-4352,1152,-2272,-4032,128704,522496,,,,,,
181865644110200,62959827953146,196,-4352,1248,-2272,-2944,127360,525760,,,,,,
181865645136400,62959828953063,197,-4832,1408,-2112,-3648,130496,524928,,,,,,
181865646115500,62959829952771,198,-4896,1408,-2496,-2496,128384,524160,,,,,,
181865647119200,62959830953854,199,-4192,1312,-2080,-5376,129280,528512,,,,,,
181865648112800,62959831954479,200,-4832,1504,-2336,-4288,126592,525632,,,,,,
181865649105700,62959832953063,201,-4480,1088,-2592,-2944,128832,522752,,,,,,
181865650116600,62959833952979,202,-4640,992,-1952,-1280,129152,522304,,,,,,
181865651124400,62959834953188,203,-4960,1472,-2400,-2880,128448,523456,,,,,,
181865652114800,62959835954229,204,-4160,1152,-2208,-3392,129024,521984,,,,,,
181865653119700,62959836952979,205,-4992,1664,-2624,-4288,127744,522496,,,,,,
181865654115200,62959837952979,206,-4896,960,-2816,-3072,127872,526080,,,,,,
181865655108600,62959838952979,207,-4096,768,-2112,-2880,128320,523264,,,,,,
181865656119400,62959839953146,208,-4832,1216,-2400,-5248,127808,522368,,,,,,
181865657122600,62959840952979,209,-4416,864,-2144,-3776,129280,521088,,,,,,
181865658123600,62959841953146,210,-4608,1184,-2688,-2752,127424,523008,,,,,,
181865659113000,62959842953104,211,-4576,992,-2432,-3072,129088,522880,,,,,,
181865660115700,62959843952979,212,-4096,1216,-1984,-4416,126080,522496,,,,,,
181865661126900,62959844952979,213,-4384,992,-2528,-2304,128448,523264,,,,,,
181865662118500,62959845952521,214,-4896,768,-2208,-3392,127488,523648,,,,,,
181865663121000,62959846953813,215,-4096,672,-2208,-3712,129088,523456,,,,,,
181865664122100,62959847952979,216,-5024,1312,-2112,-4800,127168,522496,,,,,,
181865665118700,62959848952771,217,-4992,1152,-2944,-3264,128384,522240,,,,,,
181865666124800,62959849952938,218,-4672,1472,-2144,-3328,128768,523008,,,,,,
181865667117800,62959850953146,219,-4544,1408,-2656,-2944,126144,524544,,,,,,
181865668125700,62959851954354,220,-4128,1312,-2464,-3328,129344,521024,,,,,,
181865669123600,62959852954396,221,-4864,1056,-2784,-3968,126720,523200,,,,,,
181865670119400,62959853953104,222,-4768,1216,-2528,-2624,127488,523456,,,,,,
181865671122400,62959854952938,223,-4768,1312,-2464,-4672,128384,521856,,,,,,
181865672125800,62959855952896,224,-4832,928,-2240,-3712,127552,525056,,,,,,
181865673121500,62959856953021,225,-5408,1344,-2816,-2816,128768,525184,,,,,,
181865674119300,62959857952979,226,-4736,1632,-2624,-3968,128832,523264,,,,,,
181865675117200,62959858954646,227,-4416,1120,-2240,-3456,127424,524608,,,,,,
181865676121500,62959859953021,228,-4480,864,-2176,-4224,127872,526400,,,,,,
181865677119300,62959860953104,229,-4608,1088,-2688,-6464,127936,523776,,,,,,
181865678120200,62959861953021,230,-5024,1248,-2656,-4288,127936,524544,,,,,,
181865679124700,62959862952938,231,-4672,1184,-2496,-4928,127360,524608,,,,,,
181865680120900,62959863953146,232,-5248,1248,-3168,-3008,130048,525696,,,,,,
181865681122000,62959864953896,233,-4832,1280,-2976,-4800,128640,524160,,,,,,
181865682125900,62959865953313,234,-5120,1728,-3104,-3392,129152,523712,,,,,,
181865683112200,62959866952813,235,-4736,1312,-2176,-4864,128448,524416,,,,,,
181865684124100,62959867953438,236,-4960,1280,-2688,-4992,127360,524736,,,,,,
181865685121000,62959868953063,237,-4480,1248,-1952,-4672,128768,522496,,,,,,
181865686119100,62959869952854,238,-4992,1120,-2272,-2944,128256,524608,,,,,,
181865687123600,62959870955563,239,-4544,1344,-2784,-4672,126912,521792,,,,,,
181865688120100,62959871953021,240,-5056,832,-2560,-4544,128384,525504,,,,,,
181865689119800,62959872953188,241,-4480,896,-2496,-4288,128064,525248,,,,,,
181865689992200,62959873953104,242,-4448,1088,-2880,-3072,129344,524736,,,,,,
181865691113800,62959874952979,243,-4864,1312,-2592,-4992,127488,522176,,,,,,
181865692109800,62959875953188,244,-4544,640,-2080,-4160,129792,526272,,,,,,
181865693133800,62959876954021,245,-4256,480,-2624,-4544,129088,522944,,,,,,
181865694116500,62959877953104,246,-5216,1376,-2464,-3264,128640,524736,,,,,,
181865694985400,62959878952979,247,-4960,1344,-2752,-3264,127168,523200,,,,,,
181865696111100,62959879952979,248,-4576,1088,-1984,-2752,128704,523712,,,,,,
181865697107900,62959880953063,249,-4544,1056,-2592,-3968,129024,522432,,,,,,
181865698114200,62959881953438,250,-5216,1120,-2464,-3520,127744,524416,,,,,,
181865699122700,62959882953104,251,-4896,1312,-2880,-4224,129792,525824,,,,,,
181865700141100,62959883954438,252,-5344,1376,-2912,-3392,128128,525120,,,,,,
181865701131700,62959884953063,253,-4928,1376,-2240,-4224,127360,522368,,,,,,
181865702127900,62959885953063,254,-4832,1120,-1856,-4160,129920,524288,,,,,,
181865702984000,62959886952979,255,-4608,896,-2240,-4160,128256,524416,,,,,,
181865704110500,62959887952563,0,-4416,1248,-2496,-5120,127616,526336,,,,,,
181865705108800,62959888952979,1,-5024,1216,-2976,-5568,128640,523264,,,,,,
181865706115100,62959889952938,2,-3904,1184,-2688,-4608,129088,522752,,,,,,
181865707118600,62959890953979,3,-4544,992,-2432,-4800,129280,523328,,,,,,
181865707993300,62959891953063,4,-4224,864,-2272,-3456,129152,522496,,,,,,
181865709121700,62959892953104,5,-5344,1056,-3040,-3520,129024,526080,,,,,,
181865710124900,62959893953229,6,-4864,672,-2368,-4736,127744,524032,,,,,,
181865711118900,62959894953021,7,-4512,736,-2336,-3776,128064,526400,,,,,,
181865712115400,62959895952979,8,-4288,1536,-2784,-4224,128512,523392,,,,,,
181865712995600,62959896953104,9,-4832,992,-1856,-3712,128704,522368,,,,,,
181865714128900,62959897953021,10,-4800,1248,-2496,-5760,128192,521984,,,,,,
181865714994700,62959898953063,11,-4960,1344,-3040,-3136,129536,526400,,,,,,
181865716117700,62959899956354,12,-4544,1600,-2688,-3584,127488,522112,,,,,,
181865717116400,62959900953854,13,-4896,992,-1888,-4672,128640,525376,,,,,,
181865718115100,62959901953104,14,-4512,1184,-2080,-2112,127360,522496,,,,,,
181865719114500,62959902953021,15,-4928,1280,-2144,-3712,129472,523200,,,,,,
181865720126000,62959903954396,16,-4928,992,-2400,-3520,128128,524096,,,,,,
181865721118200,62959904953104,17,-4416,1280,-2528,-5312,127680,525248,,,,,,
181865722112400,62959905953896,18,-4640,1120,-1984,-3584,130176,524480,,,,,,
181865722992700,62959906952979,19,-4480,1344,-1696,-4480,127488,523904,,,,,,
181865723988700,62959907952896,20,-4736,1088,-1952,-4992,128768,522944,,,,,,
181865724999700,62959908952938,21,-4736,1152,-2208,-2816,128896,524160,,,,,,
181865726117600,62959909952896,22,-4832,1664,-2496,-4096,129088,523712,,,,,,
181865727106900,62959910954563,23,-4576,640,-1920,-4032,127872,520512,,,,,,
181865728125100,62959911952979,24,-5440,1344,-2656,-3584,127616,524992,,,,,,
181865729118600,62959912953146,25,-4416,1152,-2496,-3840,128320,523072,,,,,,
181865730119100,62959913952979,26,-4704,1088,-2752,-3200,128064,523456,,,,,,
181865731110900,62959914952896,27,-4352,1024,-2080,-2944,127488,522304,,,,,,
181865731985500,62959915953021,28,-4384,864,-2304,-2432,128384,523648,,,,,,
181865733119400,62959916952854,29,-4544,1152,-2176,-5632,127872,524480,,,,,,
181865734125300,62959917953146,30,-4736,1504,-2816,-2624,129088,522240,,,,,,
181865734998400,62959918952979,31,-5152,1184,-1792,-1216,128384,523200,,,,,,
181865736104700,62959919953063,32,-4640,1440,-2624,-4160,128192,524800,,,,,,
181865736977500,62959920953146,33,-4672,1472,-2432,-4160,127616,523584,,,,,,
181865738128200,62959921952813,34,-4256,864,-1664,-3136,127296,523200,,,,,,
181865739125900,62959922953104,35,-4512,1152,-2560,-2240,127040,525760,,,,,,
181865739985700,62959923952938,36,-4640,1312,-2752,-4672,129344,523200,,,,,,
181865741113400,62959924953146,37,-4288,1152,-2848,-4352,127552,521472,,,,,,
181865741978300,62959925952979,38,-4640,1216,-2080,-4096,129600,527232,,,,,,
181865743112200,62959926953146,39,-5056,1632,-2016,-3200,127808,523520,,,,,,
181865744121500,62959927953188,40,-4416,960,-1856,-4096,128512,521472,,,,,,
181865745112300,62959928952896,41,-4192,1536,-2048,-3392,128832,524608,,,,,,
181865746112900,62959929954646,42,-5088,928,-2432,-4352,128128,522624,,,,,,
181865747119200,62959930953021,43,-4960,1280,-2304,-4224,128832,522752,,,,,,
181865748128600,62959931953271,44,-4608,1696,-2624,-5312,125760,523136,,,,,,
181865749122400,62959932952979,45,-5152,864,-2336,-3904,127616,520896,,,,,,
181865750116900,62959933953146,46,-4928,1120,-2560,-5696,128640,523264,,,,,,
181865751124800,62959934953021,47,-4992,1632,-2592,-4928,127488,521600,,,,,,
181865752110800,62959935954479,48,-4928,1472,-2720,-4416,129280,523968,,,,,,
181865753119000,62959936955313,49,-4256,1408,-2432,-2944,126976,523072,,,,,,
181865754114300,62959937953104,50,-4864,1472,-2304,-3712,127552,523072,,,,,,
181865755004100,62959938953146,51,-4800,1120,-2176,-2240,128896,521280,,,,,,
181865756128600,62959939952979,52,-4256,864,-2112,-3520,127104,524928,,,,,,
181865757116900,62959940953479,53,-4256,1120,-2912,-2304,129664,524480,,,,,,
181865758122000,62959941953604,54,-4992,1408,-2368,-4864,127040,522496,,,,,,
181865759118800,62959942953021,55,-4800,1216,-2432,-4096,128960,524992,,,,,,
181865759978700,62959943953146,56,-3776,992,-2304,-2496,128576,524224,,,,,,
181865760982900,62959944953021,57,-4896,1504,-2528,-1984,128768,523520,,,,,,
181865761981300,62959945952979,58,-4736,1056,-2432,-2944,127232,523200,,,,,,
181865763111000,62959946953271,59,-4512,1664,-1728,-3200,127744,524864,,,,,,
181865764116300,62959947955688,60,-4576,1536,-2944,-4160,128128,521856,,,,,,
181865765115300,62959948955521,61,-4320,864,-1600,-2944,126656,523008,,,,,,
181865766117800,62959949952938,62,-5152,1216,-1888,-4224,128064,522624,,,,,,
181865767193500,62959950953021,63,-4800,1152,-2176,-2432,128576,524736,,,,,,
181865767989100,62959951953104,64,-4256,1216,-1952,-2240,129344,526272,,,,,,
181865769105900,62959952953188,65,-5152,1536,-2528,-3328,126912,523520,,,,,,
181865769994900,62959953952938,66,-4928,960,-2144,-4288,130048,523968,,,,,,
181865770984900,62959954952896,67,-4608,896,-2336,-4288,128768,524608,,,,,,
181865771995400,62959955953063,68,-4320,1216,-1952,-2880,127808,525824,,,,,,
181865773115100,62959956955229,69,-4928,1568,-2176,-3584,127040,524544,,,,,,
181865773994100,62959957953146,70,-4512,1312,-2752,-2304,128960,525120,,,,,,
181865775338600,62959958953063,71,-4640,1152,-2400,-1600,129024,523840,,,,,,
181865776124200,62959959953063,72,-5024,736,-2240,-3392,128576,525440,,,,,,
181865777113000,62959960953104,73,-4960,832,-2432,-5376,127872,522432,,,,,,
181865778118700,62959961953188,74,-4640,864,-2144,-3712,127808,521792,,,,,,
181865779114500,62959962953021,75,-5408,1792,-3008,-3392,128192,524864,,,,,,
181865779979300,62959963952979,76,-4928,1152,-2400,-1664,128128,524864,,,,,,
181865781099100,62959964953104,77,-5088,1600,-2560,-4928,127936,523904,,,,,,
181865782110500,62959965952979,78,-4576,608,-2976,-5184,126848,523776,,,,,,
181865783116200,62959966952938,79,-3776,768,-1504,-1792,128640,523008,,,,,,
181865783999000,62959967954188,80,-4512,1152,-2976,-3456,128000,524928,,,,,,
181865784992200,62959968952938,81,-4544,1120,-2304,-4288,129920,525440,,,,,,
181865786111300,62959969953021,82,-4544,1184,-2368,-4864,128896,525824,,,,,,
181865787109900,62959970954521,83,-5248,1792,-2592,-3264,129792,525952,,,,,,
181865788125700,62959971953813,84,-4448,1504,-2752,-4224,127744,523968,,,,,,
181865788978800,62959972953104,85,-5024,1376,-2368,-5184,128000,525376,,,,,,
181865789981100,62959973952896,86,-4352,1376,-1824,-4800,126464,524544,,,,,,
181865791109600,62959974953063,87,-4768,896,-2432,-3392,128896,524352,,,,,,
181865792111700,62959975952938,88,-4928,1504,-3232,-2688,128832,527488,,,,,,
181865793116200,62959976955729,89,-4800,1024,-2880,-5568,127104,525504,,,,,,
181865794112000,62959977952938,90,-4864,1344,-2464,-2880,128448,526208,,,,,,
181865794980300,62959978953104,91,-4480,1280,-2688,-4288,127936,523840,,,,,,
181865796106200,62959979953063,92,-4576,1120,-2208,-2048,128960,523456,,,,,,
181865796977800,62959980954521,93,-4896,1408,-2048,-3648,128512,524288,,,,,,
181865798104700,62959981953271,94,-4576,1280,-2112,-4672,128128,524608,,,,,,
181865799105100,62959982953563,95,-4416,1440,-2720,-1152,128448,523264,,,,,,
181865800106300,62959983953063,96,-4832,1024,-2400,-4864,127232,524352,,,,,,
181865800985700,62959984953104,97,-4320,1088,-2304,-3456,129152,520960,,,,,,
181865801987200,62959985953146,98,-3968,1312,-1952,-5312,127232,525760,,,,,,
181865803052400,62959986953063,99,-4000,672,-2400,-3840,127616,525056,,,,,,
181865804131800,62959987953771,100,-4448,1440,-2816,-4224,129664,522048,,,,,,
181865805118700,62959988953438,101,-4384,1184,-2912,-5440,128640,524736,,,,,,
181865806113000,62959989954438,102,-4608,1344,-2592,-4224,129280,523840,,,,,,
181865807104900,62959990955021,103,-4576,1472,-2912,-4416,127872,521216,,,,,,
181865808109200,62959991953063,104,-4480,1056,-2080,-3840,128384,520896,,,,,,
181865808995000,62959992952813,105,-4352,896,-2272,-4544,128896,524928,,,,,,
181865809985000,62959993953063,106,-5184,1248,-2400,-4608,127616,524864,,,,,,
181865811111500,62959994953146,107,-4672,1152,-2656,-2944,128192,522112,,,,,,
181865812113200,62959995953104,108,-3968,1088,-2624,-3136,129152,525184,,,,,,
181865813116200,62959996952979,109,-4576,1312,-2496,-4928,130432,520128,,,,,,
181865813991400,62959997953104,110,-4864,1216,-2400,-3328,128256,521536,,,,,,
181865814990500,62959998953688,111,-5056,896,-3072,-4096,127936,521536,,,,,,
181865816115000,62959999952854,112,-4288,1184,-1664,-3904,128384,520384,,,,,,
181865817109400,62960000955021,113,-5280,1408,-2816,-3008,129792,522176,,,,,,
181865817984300,62960001952938,114,-4512,1120,-2688,-3968,129216,525632,,,,,,
181865818980800,62960002952979,115,-5248,1024,-3424,-2304,128768,521472,,,,,,
181865819983300,62960003953271,116,-4672,864,-2176,-4608,128384,524352,,,,,,
181865820992800,62960004953188,117,-5120,736,-2784,-5248,126208,521088,,,,,,
181865822117600,62960005952938,118,-4512,832,-2304,-2944,128896,524160,,,,,,
181865822991100,62960006952938,119,-4384,928,-2144,-3200,129856,524160,,,,,,
181865823992300,62960007953021,120,-4576,1440,-2336,-2688,128128,522496,,,,,,
181865824994500,62960008954521,121,-4640,1088,-1920,-2752,127936,522752,,,,,,
181865826129800,62960009953188,122,-4512,1152,-2080,-3520,128576,523392,,,,,,
181865827118700,62960010955021,123,-5376,1280,-2848,-4032,128192,526336,,,,,,
181865828109000,62960011953688,124,-4800,1152,-2304,-4096,129216,524480,,,,,,
181865829119400,62960012955938,125,-5248,1408,-2400,-3968,126208,526720,,,,,,
181865830115400,62960013952896,126,-5056,928,-2624,-3264,127936,524992,,,,,,
181865830990600,62960014953021,127,-5088,864,-2272,-5184,128064,525504,,,,,,
181865831990800,62960015952896,128,-4800,896,-1888,-4864,129216,523712,,,,,,
181865833117100,62960016953063,129,-4640,672,-2656,-2368,127040,522944,,,,,,
181865834116200,62960017952896,130,-5408,864,-2624,-3968,129344,524480,,,,,,
181865835121600,62960018953021,131,-5056,1248,-2944,-4736,127872,522944,,,,,,
181865836118500,62960019952938,132,-5152,1504,-2880,-3008,128064,526144,,,,,,
181865837118600,62960020954521,133,-5152,1024,-2304,-4416,129024,524224,,,,,,
181865837994800,62960021953063,134,-4800,1056,-2624,-2432,128768,523904,,,,,,
181865838994400,62960022952896,135,-4032,1184,-2560,-3968,127552,525120,,,,,,
181865840118900,62960023954479,136,-5248,1216,-2528,-4288,128000,524352,,,,,,
181865840991300,62960024953063,137,-5152,832,-2816,-4928,129280,522560,,,,,,
181865842115200,62960025952729,138,-4640,864,-2400,-3456,129024,523328,,,,,,
181865843001600,62960026953146,139,-5056,1504,-2400,-4416,129536,525952,,,,,,
181865843992100,62960027952813,140,-3936,1184,-2464,-5760,128576,523776,,,,,,
181865844990100,62960028953063,141,-5120,704,-2592,-3328,127808,523968,,,,,,
181865846112600,62960029952896,142,-4512,864,-2400,-2240,128640,522688,,,,,,
181865847116400,62960030953188,143,-4288,1536,-2592,-2368,127552,523392,,,,,,
181865848118000,62960031953104,144,-4288,1248,-2400,-4864,130176,522496,,,,,,
181865848991100,62960032952896,145,-4544,1536,-2560,-4928,128512,525504,,,,,,
181865849988700,62960033953063,146,-4448,1184,-2272,-2368,129344,523648,,,,,,
181865851128900,62960034952854,147,-4480,1344,-1728,-3200,126912,523584,,,,,,
181865852139100,62960035953896,148,-4864,1568,-2336,-3648,127936,524992,,,,,,
181865853118500,62960036955396,149,-5344,1312,-3072,-4928,128256,523200,,,,,,
181865853992000,62960037953063,150,-4416,1632,-2144,-4352,127040,523520,,,,,,
181865854996600,62960038953063,151,-4928,544,-1504,-4096,128192,524544,,,,,,
181865856120600,62960039952771,152,-5152,1376,-2784,-4672,126784,521920,,,,,,
181865857119400,62960040953188,153,-4768,1248,-2336,-4352,130880,524416,,,,,,
181865858118600,62960041953021,154,-4416,1408,-2784,-4224,127680,521216,,,,,,
181865858990500,62960042953146,155,-5216,1408,-2528,-3776,128576,522880,,,,,,
181865860017300,62960043952979,156,-4000,1152,-1600,-6336,128768,524416,,,,,,
181865860992300,62960044952854,157,-4928,1600,-2528,-3264,127808,522432,,,,,,
181865862111300,62960045952688,158,-4768,1280,-2816,-4672,129664,522880,,,,,,
181865863118000,62960046952896,159,-3936,1280,-2624,-5632,128576,523712,,,,,,
181865864124700,62960047953021,160,-4416,1408,-2752,-5248,127936,524352,,,,,,
181865865127700,62960048952938,161,-4928,1344,-2528,-4416,128192,522496,,,,,,
181865866117300,62960049954104,162,-4480,992,-2016,-4352,127296,522112,,,,,,
181865867119100,62960050953813,163,-4768,1152,-2400,-4672,127232,523456,,,,,,
181865867990300,62960051952979,164,-5184,896,-2208,-4160,127872,525312,,,,,,
181865869007600,62960052952896,165,-4896,1280,-2592,-4160,128576,521024,,,,,,
181865870140800,62960053954063,166,-4736,800,-2848,-4672,127872,522496,,,,,,
181865870994900,62960054954396,167,-4384,1248,-2624,-5120,125824,522880,,,,,,
181865872116200,62960055952896,168,-4448,1088,-2592,-4416,129024,522240,,,,,,
181865872997300,62960056953271,169,-4800,1024,-2656,-4672,127936,521984,,,,,,
181865873986200,62960057952938,170,-4896,1376,-2976,-4224,127552,524288,,,,,,
181865875117100,62960058952896,171,-4608,1344,-2784,-2816,127360,524544,,,,,,
181865876119700,62960059957313,172,-4864,1152,-2624,-5312,126784,523648,,,,,,
181865877132800,62960060953479,173,-5312,1312,-2624,-4160,127872,522752,,,,,,
181865877983900,62960061953063,174,-5184,768,-2752,-2688,128064,522304,,,,,,
181865878984000,62960062952854,175,-4896,1184,-2688,-4672,128064,522176,,,,,,
181865880116500,62960063953104,176,-4576,928,-2624,-4608,129856,522240,,,,,,
181865881105500,62960064953021,177,-4992,1152,-2240,-2624,128320,525120,,,,,,
181865882105400,62960065952521,178,-4768,1376,-2624,-5312,127424,523200,,,,,,
181865883106500,62960066954146,179,-4960,1344,-2496,-5376,127104,522880,,,,,,
181865884010300,62960067952979,180,-4224,1120,-2880,-4608,127488,524736,,,,,,
181865884987400,62960068953104,181,-4640,1408,-2528,-2304,127616,524096,,,,,,
181865886122900,62960069952938,182,-4928,1376,-2624,-3584,129408,524096,,,,,,
181865887114500,62960070954188,183,-4960,1216,-2368,-3968,128960,523840,,,,,,
181865887986100,62960071953063,184,-4864,1248,-2272,-3968,127296,524096,,,,,,
181865888984200,62960072952896,185,-4640,1344,-3072,-2048,127616,523520,,,,,,
181865889995700,62960073953104,186,-5024,1280,-3168,-3008,130048,525632,,,,,,
181865890987500,62960074952938,187,-3904,1216,-2272,-5376,126592,523968,,,,,,
181865891986800,62960075953146,188,-4416,1408,-2048,-4544,128064,523776,,,,,,
181865893121000,62960076954313,189,-4864,1152,-1952,-3968,128384,524864,,,,,,
181865894111500,62960077954063,190,-4448,1120,-2496,-3904,127232,523328,,,,,,
181865894985400,62960078953146,191,-4832,1120,-1920,-2240,127488,525696,,,,,,
181865896127000,62960079952896,192,-4480,1024,-2496,-3840,128768,524160,,,,,,
181865897125400,62960080954604,193,-4736,1504,-2272,-4160,129472,526016,,,,,,
181865898113200,62960081952938,194,-4416,1568,-2560,-2880,129600,525056,,,,,,
181865899118400,62960082953021,195,-5088,1184,-2400,-4544,128064,522048,,,,,,
181865900109000,62960083953104,196,-4992,1088,-2432,-3968,129408,523008,,,,,,
181865900985400,62960084952854,197,-4544,1280,-2080,-3520,127104,525376,,,,,,
181865901986900,62960085954104,198,-4736,1344,-2272,-5248,127936,527232,,,,,,
181865903001500,62960086952896,199,-4160,1056,-2304,-3904,127680,522432,,,,,,
181865903993700,62960087952979,200,-4128,1184,-2528,-3392,128512,525312,,,,,,
181865904993500,62960088952979,201,-4608,1376,-2496,-1984,128064,522688,,,,,,
181865906114200,62960089953104,202,-4480,1216,-2368,-2176,128576,524736,,,,,,
181865906988900,62960090952979,203,-4256,1344,-2304,-3520,130112,523456,,,,,,
181865907988400,62960091952979,204,-4736,1312,-2816,-4352,129408,524160,,,,,,
181865909114500,62960092952979,205,-4576,1888,-2272,-4800,129856,523456,,,,,,
181865910116600,62960093953188,206,-4736,1120,-2112,-2688,128448,524032,,,,,,
181865911219500,62960094954521,207,-4160,864,-1888,-4864,129472,524224,,,,,,
181865912117800,62960095953021,208,-4544,1440,-2912,-2048,128384,521280,,,,,,
181865912988600,62960096952896,209,-4704,1184,-3040,-3776,127424,522368,,,,,,
181865913991000,62960097952729,210,-4992,1344,-2720,-2304,127040,522624,,,,,,
181865914990100,62960098953021,211,-4992,1696,-2496,-1984,127936,524544,,,,,,
181865916116300,62960099952938,212,-4800,1344,-2720,-4544,128704,523328,,,,,,
181865917117300,62960100954104,213,-4800,1792,-2848,-2176,128128,523712,,,,,,
181865918226800,62960101954354,214,-4800,1248,-3008,-3776,128256,523456,,,,,,
181865919235200,62960102952896,215,-4800,1344,-2464,-3136,127360,521600,,,,,,
181865920095600,62960103952938,216,-5184,1344,-2880,-2688,128640,522880,,,,,,
181865920986000,62960104953021,217,-4320,1152,-1856,-3008,128320,520704,,,,,,
181865922000800,62960105952938,218,-4704,960,-2688,-4608,128704,522944,,,,,,
181865922984500,62960106953063,219,-4864,1408,-2720,-4480,128640,522624,,,,,,
181865923988800,62960107952771,220,-4768,1344,-2432,-2880,129920,520000,,,,,,
181865924997700,62960108953146,221,-4544,1248,-2144,-384,128320,522560,,,,,,
181865926110000,62960109952938,222,-5056,1152,-2848,-4608,128000,524288,,,,,,
181865926985100,62960110954229,223,-4448,928,-2048,-4480,129792,519616,,,,,,
181865928110800,62960111952896,224,-4896,992,-2944,-3584,128448,521536,,,,,,
181865929111200,62960112952604,225,-4480,1344,-2080,-5376,127808,523072,,,,,,
181865929987100,62960113953188,226,-5248,1248,-2272,-4544,127296,521408,,,,,,
181865930992600,62960114952896,227,-4288,1312,-2752,-6080,126400,524032,,,,,,
181865932001000,62960115953146,228,-4864,1088,-2816,-1984,129216,521792,,,,,,
181865932987600,62960116952813,229,-5152,1344,-2464,-3968,126528,524544,,,,,,
181865933997600,62960117952896,230,-5024,736,-2272,-3200,128640,522816,,,,,,
181865935113600,62960118954479,231,-5120,960,-1824,-2944,127232,526016,,,,,,
181865936106300,62960119952813,232,-4704,864,-2144,-2880,128832,522624,,,,,,
181865936983700,62960120953188,233,-4288,1344,-2080,-6208,128704,523456,,,,,,
181865937985200,62960121952938,234,-4576,992,-2368,-6016,128896,521152,,,,,,
181865939109400,62960122953021,235,-4864,1088,-2688,-4288,128128,523840,,,,,,
181865940120600,62960123952979,236,-4352,1760,-2848,-5504,127552,523392,,,,,,
181865940992900,62960124952896,237,-4864,928,-2528,-2368,127168,522176,,,,,,
181865941993500,62960125953146,238,-4416,768,-2400,-3712,129280,524864,,,,,,
181865942987600,62960126952938,239,-5184,992,-2208,-3840,129984,523328,,,,,,
181865943990600,62960127953021,240,-4832,768,-2240,-3968,126784,524032,,,,,,
181865944986900,62960128952979,241,-4832,1280,-3264,-2560,127296,523456,,,,,,
181865946148700,62960129953104,242,-4000,864,-2336,-4160,128960,524672,,,,,,
181865947120600,62960130955896,243,-4832,960,-2304,-4480,128128,526336,,,,,,
181865947996100,62960131952854,244,-4960,1280,-2336,-2112,126784,524288,,,,,,
181865949123700,62960132952938,245,-4480,1344,-2176,-4608,129920,525568,,,,,,
181865949993900,62960133952979,246,-4448,1504,-2592,-6144,128960,526528,,,,,,
181865950997800,62960134953021,247,-5024,1312,-2272,-4288,128896,523968,,,,,,
181865952123900,62960135952979,248,-3968,1216,-2336,-4544,129216,524992,,,,,,
181865953121700,62960136953396,249,-4448,1664,-2656,-3904,129408,524480,,,,,,
181865954122100,62960137955979,250,-3744,1472,-2592,-3968,128256,524352,,,,,,
181865954998100,62960138952979,251,-4640,1280,-2080,-4864,127872,525760,,,,,,
181865956123300,62960139952979,252,-5024,1472,-2080,-4672,129216,524608,,,,,,
181865956994800,62960140952979,253,-4192,960,-2624,-2176,129472,525760,,,,,,
181865958122100,62960141953104,254,-5088,928,-2752,-4736,127808,524928,,,,,,
181865959113200,62960142953063,255,-4864,1408,-2592,-5312,128320,524544,,,,,,
181865960004400,62960143952854,0,-4896,1760,-3104,-3648,128320,524672,,,,,,
181865961122800,62960144953021,1,-4416,1312,-2656,-3520,128192,525120,,,,,,
181865962003000,62960145953063,2,-4160,1088,-1984,-5248,127424,521280,,,,,,
181865962998700,62960146952896,3,-4704,1216,-2496,-4096,128896,524672,,,,,,
181865963997600,62960147952938,4,-4576,1312,-2496,-5504,128000,527040,,,,,,
181865965121700,62960148953146,5,-5024,960,-2272,-3008,128256,524224,,,,,,
181865966128700,62960149953563,6,-4224,1344,-2368,-4672,127360,526080,,,,,,
181865966982400,62960150953021,7,-4512,1312,-2080,-4096,128704,526080,,,,,,
181865968002100,62960151952938,8,-4480,1280,-2400,-4416,128448,524800,,,,,,
181865969122100,62960152953271,9,-4928,1568,-3360,-2368,128704,522752,,,,,,
181865970120700,62960153953104,10,-4512,1216,-2112,-4864,128896,524288,,,,,,
181865971003900,62960154953021,11,-4928,1344,-2816,-2752,127232,522048,,,,,,
181865971999600,62960155953146,12,-4096,992,-1824,-4096,128320,523200,,,,,,
181865972995000,62960156953063,13,-4608,1440,-1696,-3584,127552,521472,,,,,,
181865973997500,62960157952938,14,-5088,1344,-2432,-5248,128320,524032,,,,,,
181865974998500,62960158953104,15,-5184,1440,-2912,-3456,128640,523136,,,,,,
181865976120400,62960159953479,16,-4352,1376,-2656,-3264,125760,523392,,,,,,
181865977126200,62960160956938,17,-4672,1472,-2496,-5568,127552,526272,,,,,,
181865977996500,62960161953938,18,-4384,1088,-2304,-4800,127168,522560,,,,,,
181865979000800,62960162952938,19,-4576,928,-2624,-5184,128192,524800,,,,,,
181865979998900,62960163952979,20,-5216,1472,-2336,-4736,127360,523584,,,,,,
181865980998400,62960164952813,21,-4928,1312,-3328,-5184,129920,523968,,,,,,
181865982121800,62960165953146,22,-4384,1440,-2272,-4416,128832,525568,,,,,,
181865983122200,62960166952813,23,-5632,1312,-3232,-3776,129088,525184,,,,,,
181865983996300,62960167953188,24,-4160,1024,-2176,-4736,129344,522368,,,,,,
181865984991100,62960168952896,25,-4992,1216,-1920,-5504,127616,523968,,,,,,
181865986124900,62960169955313,26,-4832,1504,-2336,-3712,125440,522752,,,,,,
181865986999900,62960170953104,27,-5088,1184,-2336,-4608,128064,525440,,,,,,
181865988127700,62960171952854,28,-4896,992,-3040,-4736,127744,523968,,,,,,
181865989122700,62960172954604,29,-4768,1344,-2304,-3072,128576,522944,,,,,,
181865989994700,62960173952896,30,-4512,1376,-2752,-3264,128576,522048,,,,,,
181865991123800,62960174953063,31,-4032,1472,-2496,-3456,130368,522944,,,,,,
181865991999200,62960175952938,32,-4576,1344,-2368,-5312,127680,524160,,,,,,
181865993004100,62960176952854,33,-4800,1248,-2080,-3328,129024,524160,,,,,,
181865994131000,62960177953938,34,-5088,1120,-2656,-3456,129344,523776,,,,,,
181865995004400,62960178952854,35,-4768,1312,-2016,-2880,129152,523264,,,,,,
181865996122300,62960179954479,36,-4480,1056,-2016,-3456,126784,524608,,,,,,
181865997114300,62960180955021,37,-4576,832,-2304,-4608,128256,523776,,,,,,
181865997995800,62960181953104,38,-4672,768,-2208,-1536,128576,525440,,,,,,
181865999118600,62960182954104,39,-4544,1280,-1856,-5184,126464,523904,,,,,,
181865999997700,62960183954229,40,-5088,1152,-3008,-2240,129280,525440,,,,,,
181866001000100,62960184953104,41,-4448,864,-2560,-6016,127616,521536,,,,,,
181866001999400,62960185952938,42,-5312,1440,-2368,-5184,128896,524736,,,,,,
181866003000800,62960186953063,43,-4832,992,-2272,-1024,127296,524928,,,,,,
181866004002600,62960187952979,44,-4736,1088,-2336,-1152,129024,523072,,,,,,
181866004998900,62960188953021,45,-4480,1056,-2176,-3392,127680,525312,,,,,,
181866006122500,62960189952938,46,-4896,1280,-2496,-2432,127232,523200,,,,,,
181866006983500,62960190952938,47,-5024,1568,-2432,-3520,126912,521920,,,,,,
181866007984100,62960191952938,48,-4608,1440,-2048,-2816,127936,523008,,,,,,
181866009013400,62960192953063,49,-4512,1440,-2752,-3392,127168,523904,,,,,,
181866009979700,62960193953063,50,-4320,1408,-2656,-4608,128512,523776,,,,,,
181866011121200,62960194953188,51,-4928,992,-2240,-3456,128128,524928,,,,,,
181866012005700,62960195952729,52,-4960,1312,-2752,-3328,127808,525888,,,,,,
181866012994000,62960196952938,53,-4832,1280,-2752,-3392,130240,524288,,,,,,
181866013998500,62960197952938,54,-4480,1632,-2144,-2048,128832,523712,,,,,,
181866014997800,62960198952938,55,-4448,1184,-2176,-6528,129024,524160,,,,,,
181866016121900,62960199953104,56,-4864,1440,-2912,-4416,127488,522752,,,,,,
181866017101500,62960200953479,57,-4640,1152,-2176,-4928,130432,523520,,,,,,
181866018130100,62960201954479,58,-5184,1760,-2112,-3968,127744,523264,,,,,,
181866018998500,62960202952896,59,-4672,1408,-2336,-4672,128896,523712,,,,,,
181866019999300,62960203952979,60,-3936,1248,-2272,-4544,127744,523328,,,,,,
181866020995600,62960204952979,61,-4768,1504,-2752,-2432,127872,522304,,,,,,
181866021995200,62960205952938,62,-5216,992,-2592,-3008,127872,522240,,,,,,
181866023119900,62960206953271,63,-4480,1568,-2432,-2368,126976,521344,,,,,,
181866024125100,62960207955938,64,-4832,1184,-2272,-3200,128192,523904,,,,,,
181866024989400,62960208954104,65,-4256,896,-2176,-2368,128640,523072,,,,,,
181866026122000,62960209952813,66,-5248,1280,-2560,-1984,127808,523392,,,,,,
181866026993300,62960210953021,67,-4576,1248,-2432,-3136,126592,522240,,,,,,
181866028117300,62960211953021,68,-4256,1056,-2688,-1792,125952,525824,,,,,,
181866029137600,62960212953979,69,-5024,1184,-2496,-2944,130048,521792,,,,,,
181866030000300,62960213952854,70,-4736,1216,-2816,-1600,128448,525440,,,,,,
181866030996300,62960214953146,71,-4544,1280,-2496,-3392,128960,525952,,,,,,
181866032001500,62960215952896,72,-5408,1408,-3040,-3136,127680,524160,,,,,,
181866033126600,62960216952938,73,-4320,1152,-2208,-3968,128192,522048,,,,,,
181866033997400,62960217952979,74,-5088,992,-2208,-3200,128512,523392,,,,,,
181866035004700,62960218952979,75,-4032,928,-2304,-3648,128320,525568,,,,,,
181866036119000,62960219953021,76,-4800,1152,-3040,-3968,130048,523840,,,,,,
181866036994800,62960220952938,77,-4896,928,-2464,-5440,128128,524416,,,,,,
181866037995000,62960221953188,78,-4672,1152,-2496,-4480,128704,523264,,,,,,
181866038990700,62960222953021,79,-4800,768,-2496,-2944,127488,525184,,,,,,
181866039997700,62960223952896,80,-4640,1056,-2144,-3456,128448,524608,,,,,,
181866041120200,62960224953188,81,-4928,1248,-2720,-2752,128192,523520,,,,,,
181866042075400,62960225954354,82,-4736,1152,-2624,-5632,126912,524480,,,,,,
181866043003000,62960226953188,83,-4896,1184,-2848,-3136,127936,524800,,,,,,
181866044000900,62960227953021,84,-4224,800,-1856,-4416,128512,524352,,,,,,
181866044998200,62960228952854,85,-4704,1600,-2304,-3328,129088,524416,,,,,,
181866046129600,62960229953021,86,-4960,1376,-2080,-2944,128256,523136,,,,,,
181866047125100,62960230954354,87,-4128,1376,-2816,-5504,128256,523392,,,,,,
181866048000700,62960231953063,88,-4480,1024,-1952,-3136,127680,523520,,,,,,
181866049000300,62960232952938,89,-4288,1088,-2400,-4544,128256,525696,,,,,,
181866050001600,62960233953104,90,-4864,928,-2944,-4800,129024,524096,,,,,,
181866050998200,62960234953063,91,-5024,1120,-2016,-4736,127360,522688,,,,,,
181866052120700,62960235953479,92,-4992,1216,-2144,-2304,128704,524096,,,,,,
181866052993200,62960236953854,93,-4832,1408,-2528,-4736,129280,524800,,,,,,
181866054118700,62960237952813,94,-5184,1376,-3168,-3520,128704,524608,,,,,,
181866055511700,62960238952896,95,-4608,1216,-2400,-3136,126656,525632,,,,,,
181866056116400,62960239952980,96,-4704,1472,-2912,-4096,128704,525632,,,,,,
181866056989000,62960240953021,97,-5408,1248,-2176,-4224,129600,522944,,,,,,
181866057992500,62960241953021,98,-4704,1408,-2592,-4544,130304,522624,,,,,,
181866058994400,62960242952813,99,-5088,1152,-2784,-4480,128384,525312,,,,,,
181866060108300,62960243952521,100,-4800,1216,-2592,-4864,128832,524160,,,,,,
181866060988500,62960244952980,101,-4384,1344,-2624,-4288,126592,523520,,,,,,
181866061988600,62960245952938,102,-4864,1280,-3104,-3840,126592,522368,,,,,,
181866062988400,62960246953646,103,-4768,1280,-2848,-4032,126784,522880,,,,,,
181866063996800,62960247952813,104,-4864,1248,-2080,-3712,127872,522624,,,,,,
181866065118300,62960248953063,105,-4320,640,-2656,-2240,126976,522368,,,,,,
181866066121600,62960249953896,106,-4960,1312,-2880,-4096,128512,522816,,,,,,
181866066996700,62960250952938,107,-4896,1408,-2784,-2240,130304,524544,,,,,,
181866067992600,62960251952938,108,-4608,1024,-2080,-3712,128960,523776,,,,,,
181866068994900,62960252952980,109,-4928,1536,-2624,-4224,127232,522624,,,,,,
181866070116700,62960253953021,110,-4704,1184,-2880,-3392,127360,523136,,,,,,
181866070984500,62960254953688,111,-4864,896,-2080,-3968,128960,525184,,,,,,
181866071998200,62960255952980,112,-4640,1312,-2432,-3584,128320,524992,,,,,,
181866072994800,62960256952813,113,-4352,1536,-2624,-5248,127872,523264,,,,,,
181866073994100,62960257953021,114,-4800,1408,-2496,-4160,128128,524352,,,,,,
181866074994000,62960258955188,115,-4704,992,-2528,-4224,128512,522816,,,,,,
181866076118600,62960259953063,116,-5024,1664,-2560,-5312,128704,521664,,,,,,
181866077122400,62960260957563,117,-4896,1088,-2240,-4288,126848,524032,,,,,,
181866077995400,62960261952896,118,-4928,1120,-2240,-3968,130432,521792,,,,,,
181866078997000,62960262952938,119,-4768,1344,-2880,-4416,128192,522944,,,,,,
181866079994500,62960263952896,120,-4608,1312,-2848,-3712,127488,522048,,,,,,
181866080996800,62960264953105,121,-4416,1536,-2816,-3584,127360,523776,,,,,,
181866082128000,62960265952855,122,-4608,1088,-2112,-5184,127232,524736,,,,,,
181866083191600,62960266954771,123,-4896,1280,-2464,-3392,128576,523328,,,,,,
181866083988300,62960267952938,124,-5120,1152,-1920,-3712,126976,524608,,,,,,
181866084994100,62960268954188,125,-4704,1056,-2560,-4480,129536,522560,,,,,,
181866086123700,62960269953063,126,-4512,992,-2528,-4608,130048,524352,,,,,,
181866086997900,62960270952855,127,-4768,1280,-3008,-4416,127552,524736,,,,,,
181866087994700,62960271953105,128,-4384,1312,-1792,-4544,128512,524800,,,,,,
181866088996400,62960272953855,129,-4576,1280,-2208,-2496,129408,523776,,,,,,
181866090120700,62960273953105,130,-4896,1248,-1888,-5376,127744,523200,,,,,,
181866090997600,62960274953063,131,-4800,1472,-2496,-2496,128320,522880,,,,,,
181866091993600,62960275952855,132,-4512,1056,-2176,-4352,129088,522880,,,,,,
181866093008900,62960276952938,133,-4480,928,-2080,-3328,127872,523904,,,,,,
181866094124600,62960277952896,134,-4736,1632,-2240,-3584,129728,523584,,,,,,
181866095122500,62960278955688,135,-4672,1376,-2752,-2496,127616,523904,,,,,,
181866096119700,62960279952896,136,-4480,960,-2624,-4992,126400,525952,,,,,,
181866097125800,62960280954355,137,-4352,992,-2432,-3200,129088,523008,,,,,,
181866098000500,62960281953063,138,-4800,1216,-2176,-5632,129408,520704,,,,,,
181866099000600,62960282952771,139,-4800,960,-2464,-2944,126592,525824,,,,,,
181866100318200,62960283953146,140,-4192,1216,-2144,-4416,127872,525824,,,,,,
181866100995400,62960284952980,141,-4416,896,-2208,-4288,127232,523008,,,,,,
181866101996700,62960285955730,142,-4704,1248,-2752,-4928,129024,524032,,,,,,
181866102987900,62960286952980,143,-5344,1536,-2432,-4160,128832,522176,,,,,,
181866103996500,62960287953313,144,-4896,928,-2432,-2496,128640,522624,,,,,,
181866105000000,62960288952855,145,-4672,1376,-2080,-4032,127360,521728,,,,,,
181866106126400,62960289953646,146,-4960,1152,-2464,-3008,127552,525760,,,,,,
181866107125500,62960290955188,147,-4864,1152,-2560,-3136,128320,526848,,,,,,
181866108000800,62960291952896,148,-4672,1344,-2368,-2880,128448,522496,,,,,,
181866109132300,62960292952980,149,-4192,1376,-1952,-3776,128448,524288,,,,,,
181866109994800,62960293952896,150,-4384,896,-1792,-4288,125248,521728,,,,,,
181866110998100,62960294952771,151,-4192,1440,-1440,-3968,129088,523776,,,,,,
181866112120200,62960295953980,152,-4736,1504,-3424,-3776,128256,523136,,,,,,
181866112998100,62960296953021,153,-4544,1120,-1888,-3712,128384,525248,,,,,,
181866113995000,62960297953021,154,-4416,1600,-2464,-3008,127168,524608,,,,,,
181866114994100,62960298952938,155,-4960,1408,-2656,-4096,128512,523136,,,,,,
181866116120800,62960299952980,156,-4832,1056,-1984,-5248,128896,522688,,,,,,
181866116994700,62960300953355,157,-4832,1440,-2208,-3776,127040,523072,,,,,,
181866117995900,62960301954313,158,-4192,1152,-1984,-4672,128768,523328,,,,,,
181866118996800,62960302952938,159,-4768,1248,-2016,-5120,128512,524544,,,,,,
181866119995800,62960303952813,160,-4320,1056,-2272,-3584,128960,523904,,,,,,
181866120997900,62960304953021,161,-4480,1312,-1984,-4032,128704,524160,,,,,,
181866121997600,62960305952938,162,-3840,1184,-1728,-3968,126464,523584,,,,,,
181866123029300,62960306953146,163,-4896,1472,-2560,-3712,129536,523840,,,,,,
181866123992700,62960307952938,164,-4736,1312,-2272,-5056,128576,522944,,,,,,
181866124997200,62960308952855,165,-4800,1056,-2592,-5888,128832,522688,,,,,,
181866126118400,62960309952980,166,-4960,1152,-2144,-3200,127232,523904,,,,,,
181866126995500,62960310952896,167,-4864,1472,-2336,-3648,127232,524096,,,,,,
181866127997600,62960311952980,168,-4704,1056,-2272,-3008,129152,525888,,,,,,
181866128998500,62960312952896,169,-4864,1440,-2880,-3328,127616,522048,,,,,,
181866130118600,62960313952896,170,-4544,992,-2720,-3648,127168,525376,,,,,,
181866130997700,62960314953063,171,-4704,1280,-2016,-4032,128064,524736,,,,,,
181866131998200,62960315952896,172,-4736,1376,-2848,-2752,127616,523776,,,,,,
181866132999800,62960316953021,173,-4992,1216,-2976,-6144,128704,522496,,,,,,
181866134123500,62960317952855,174,-4960,1472,-2880,-5952,125952,523776,,,,,,
181866135121100,62960318953105,175,-5344,1376,-2432,-5888,128256,523520,,,,,,
181866136263400,62960319953480,176,-4672,896,-2400,-3520,126208,523904,,,,,,
181866136992100,62960320953896,177,-4704,1248,-2528,-4352,127232,524992,,,,,,
181866137993100,62960321952980,178,-4480,928,-2592,-1600,126592,523712,,,,,,
181866138993400,62960322952855,179,-4672,1280,-2720,-5120,128448,523776,,,,,,
181866139997200,62960323953063,180,-4640,1344,-3008,-4544,129280,526400,,,,,,
181866140997700,62960324952938,181,-4480,1152,-2176,-1984,128896,524288,,,,,,
181866142120600,62960325953105,182,-4736,1216,-1792,-2944,128064,526016,,,,,,
181866142993800,62960326954396,183,-4768,928,-2752,-5376,127296,520832,,,,,,
181866143995600,62960327952688,184,-4544,1024,-2688,-5184,127552,525696,,,,,,
181866144996900,62960328953105,185,-4128,1440,-2560,-4992,128512,522176,,,,,,
181866146120100,62960329952771,186,-5120,832,-1888,-5760,129152,525824,,,,,,
181866147121100,62960330953396,187,-5088,1760,-2944,-4416,129728,524864,,,,,,
181866147994900,62960331954480,188,-4352,1056,-1632,-2304,128960,524224,,,,,,
181866148998300,62960332953813,189,-4256,1344,-2080,-3392,127296,524352,,,,,,
181866149995900,62960333953021,190,-4672,992,-2432,-3520,129088,523520,,,,,,
181866150998400,62960334952813,191,-4832,1472,-2848,-4224,128064,526016,,,,,,
181866151996600,62960335952980,192,-4960,1088,-1888,-2496,128128,524608,,,,,,
181866152997200,62960336952813,193,-4768,1152,-2272,-3712,129024,523072,,,,,,
181866154123700,62960337953188,194,-4576,1280,-2080,-3968,127360,523328,,,,,,
181866154996400,62960338954021,195,-4352,1280,-2752,-3520,128192,523200,,,,,,
181866156120600,62960339952771,196,-4672,992,-2304,-4224,128704,523264,,,,,,
181866156994200,62960340952980,197,-4128,1248,-2048,-4608,128384,523072,,,,,,
181866157989300,62960341952813,198,-4448,1152,-2816,-5120,129280,526272,,,,,,
181866159127200,62960342952605,199,-4512,1120,-2464,-4864,127552,528000,,,,,,
181866160125300,62960343952896,200,-4704,1312,-2336,-3776,128064,523712,,,,,,
181866161002400,62960344953146,201,-4288,992,-2016,-4160,129216,526656,,,,,,
181866162011100,62960345952980,202,-4672,1440,-2368,-2816,127104,526208,,,,,,
181866162996300,62960346952730,203,-4576,1312,-2400,-4288,127168,522688,,,,,,
181866163996200,62960347952938,204,-4640,1312,-2528,-4672,127360,522880,,,,,,
181866164997200,62960348952896,205,-4960,1376,-2848,-4032,128448,523264,,,,,,
181866166120400,62960349952896,206,-4672,1568,-2752,-4480,127296,522816,,,,,,
181866167122200,62960350953105,207,-5152,1280,-2848,-4928,126976,525056,,,,,,
181866167996700,62960351953063,208,-5216,1088,-2848,-4480,128384,525632,,,,,,
181866169121900,62960352952938,209,-4384,1120,-2624,-1920,128000,525376,,,,,,
181866169999300,62960353952855,210,-5088,1280,-2560,-1344,128384,523712,,,,,,
181866171121500,62960354953063,211,-4608,1312,-1920,-3200,128640,522816,,,,,,
181866171995900,62960355952896,212,-4896,1280,-2272,-5376,127360,523072,,,,,,
181866172999100,62960356952980,213,-5408,1248,-2816,-4544,127680,523264,,,,,,
181866173994700,62960357954188,214,-4000,1344,-2528,-4288,127808,523008,,,,,,
181866174994500,62960358952730,215,-4448,1120,-2144,-2112,129280,522176,,,,,,
181866176110700,62960359952896,216,-3872,960,-2400,-4608,129216,524544,,,,,,
181866177130100,62960360956396,217,-5056,1248,-2400,-3200,128192,522816,,,,,,
181866177995400,62960361955813,218,-5120,1376,-2400,-4864,129664,524928,,,,,,
181866178997600,62960362952813,219,-5216,1088,-2912,-3840,127552,523200,,,,,,
181866179994900,62960363953021,220,-3968,800,-2240,-3712,128128,521536,,,,,,
181866181122800,62960364952855,221,-4576,1312,-2336,-4544,128896,523264,,,,,,
181866182122600,62960365952980,222,-4736,1152,-2336,-3200,129152,522496,,,,,,
181866183124900,62960366955146,223,-4576,928,-2464,-4160,127424,522816,,,,,,
181866183994700,62960367954271,224,-4800,1312,-2688,-2112,128128,524352,,,,,,
181866185135100,62960368955355,225,-4896,1056,-1984,-2688,128064,520000,,,,,,
181866186246200,62960369969230,226,-4800,1376,-2656,-4352,127808,523136,,,,,,
181866187122100,62960370959021,227,-4832,1184,-2592,-4224,129792,522048,,,,,,
181866188120700,62960371959771,228,-4672,1120,-2880,-4352,127296,522112,,,,,,
181866189121400,62960372953480,229,-4704,1056,-2272,-3904,129408,524928,,,,,,
181866190118800,62960373953771,230,-4832,1344,-2400,-4096,128704,522368,,,,,,
181866191250700,62960374961605,231,-4992,1184,-2624,-3968,128704,524480,,,,,,
181866192117700,62960375960855,232,-5440,1152,-2912,-3328,129536,525056,,,,,,
181866193126200,62960376961063,233,-4928,1504,-3040,-4992,128256,525184,,,,,,
181866194120800,62960377958771,234,-4416,992,-2176,-4544,128256,523008,,,,,,
181866195121700,62960378959480,235,-4000,1312,-2208,-2944,128768,522368,,,,,,
181866196121200,62960379955563,236,-4640,1088,-2368,-4288,128320,522688,,,,,,
181866197122000,62960380955980,237,-4928,1248,-2112,-4096,127488,526528,,,,,,
181866198121200,62960381959730,238,-4480,1248,-2048,-6464,130432,524160,,,,,,
181866199125100,62960382958646,239,-4448,1312,-1824,-3712,127680,523456,,,,,,
181866200306500,62960383959688,240,-4864,1088,-2208,-4416,127872,520576,,,,,,
181866201145000,62960384956938,241,-4736,1216,-2048,-4352,127680,524224,,,,,,
181866202126100,62960385957355,242,-4928,1280,-2720,-4864,127040,523648,,,,,,
181866203121800,62960386954480,243,-4416,928,-2432,-5760,127744,524352,,,,,,
181866204117600,62960387956480,244,-5184,1408,-2848,-4544,127552,523392,,,,,,
181866205119800,62960388957438,245,-4352,832,-2176,-4416,126912,523008,,,,,,
181866206248400,62960389956980,246,-5024,1408,-2624,-5056,126656,522880,,,,,,
181866207119200,62960390957313,247,-4352,928,-2400,-3328,127168,523840,,,,,,
181866208121800,62960391954980,248,-4960,1280,-3040,-3648,129472,526464,,,,,,
181866209117200,62960392955105,249,-5088,1088,-2336,-6016,128384,523648,,,,,,
181866210123200,62960393958271,250,-4896,640,-2208,-5312,128512,521280,,,,,,
181866211110700,62960394956938,251,-5024,1120,-2656,-3264,128128,524224,,,,,,
181866212112200,62960395953855,252,-4384,896,-2144,-6400,126400,522752,,,,,,
181866213118400,62960396955521,253,-4640,928,-2368,-5504,126528,522752,,,,,,
181866214106700,62960397954855,254,-4544,1504,-2624,-3904,127872,524032,,,,,,
181866215108600,62960398956188,255,-4736,1440,-2496,-3008,128128,523840,,,,,,
181866216236000,62960399957938,0,-4608,1184,-2304,-5056,127232,526528,,,,,,
181866217141000,62960400955896,1,-4544,992,-1440,-4608,129344,522496,,,,,,
181866218122000,62960401958521,2,-5344,1024,-2592,-3776,127488,523776,,,,,,
181866219112200,62960402956021,3,-4480,928,-1920,-3712,126784,523776,,,,,,
181866220108300,62960403955855,4,-4544,1312,-2368,-1664,128000,524352,,,,,,
181866221108200,62960404955230,5,-4256,800,-1856,-5248,127616,525632,,,,,,
181866222105800,62960405957771,6,-5440,896,-2272,-1344,128192,521216,,,,,,
181866223133800,62960406957021,7,-4256,1152,-2848,-3328,127552,523520,,,,,,
181866224117300,62960407958771,8,-4704,1248,-1824,-4864,128768,525184,,,,,,
181866225334100,62960408964605,9,-4512,1024,-2592,-4096,128768,522944,,,,,,
181866226253000,62960409959688,10,-4768,1216,-2400,-2560,128320,523520,,,,,,
181866227113200,62960410956646,11,-4256,928,-2368,-3392,128704,522560,,,,,,
181866228112200,62960411956980,12,-4384,960,-2048,-4288,127360,523264,,,,,,
181866229121100,62960412958646,13,-5056,1472,-2784,-4032,126976,523584,,,,,,
181866230125700,62960413964730,14,-4704,832,-2688,-3008,126848,521536,,,,,,
181866231126100,62960414961188,15,-4512,864,-1920,-2944,128192,523648,,,,,,
181866232124500,62960415958605,16,-5408,1344,-2464,-3712,129024,523904,,,,,,
181866233126500,62960416959355,17,-5088,1120,-2080,-3904,128256,523456,,,,,,
181866234125000,62960417955938,18,-4832,1312,-2560,-3584,126272,524288,,,,,,
181866235137300,62960418955855,19,-4608,1600,-2624,-4608,129408,525760,,,,,,
181866236245200,62960419958730,20,-4896,1632,-3200,-1792,128576,524480,,,,,,
181866237121100,62960420958021,21,-4256,1024,-1728,-2368,127168,525248,,,,,,
181866238120300,62960421957980,22,-4832,1440,-2848,-6080,126912,522880,,,,,,
181866239120000,62960422960355,23,-4896,1152,-2560,-3968,128384,522368,,,,,,
181866240122300,62960423952938,24,-4768,1216,-2368,-3328,128832,522240,,,,,,
181866241124600,62960424958313,25,-4544,1536,-2368,-3840,128448,524736,,,,,,
181866242123300,62960425959355,26,-5504,1600,-3040,-2240,129728,525632,,,,,,
181866243124400,62960426955896,27,-4160,928,-1248,-4736,129152,523392,,,,,,
181866243997800,62960427953980,28,-4608,896,-2048,-4544,128064,524992,,,,,,
181866245121500,62960428954771,29,-4832,1312,-3072,-3712,126208,524480,,,,,,
181866246123600,62960429953105,30,-4576,1600,-2368,-2240,128320,521920,,,,,,
181866247125400,62960430953730,31,-4864,768,-2464,-2944,128960,523136,,,,,,
181866247998900,62960431952813,32,-5280,1184,-2784,-4352,128832,525888,,,,,,
181866249000600,62960432952855,33,-4352,800,-2336,-5184,127872,523776,,,,,,
181866249997800,62960433952855,34,-4640,1536,-2368,-3456,126336,522688,,,,,,
181866250999500,62960434952938,35,-4384,736,-2464,-2752,129024,524800,,,,,,
181866251997500,62960435953146,36,-4736,1344,-2432,-3776,128192,524480,,,,,,
181866252997700,62960436953105,37,-4480,1440,-2208,-4736,128896,523904,,,,,,
181866253995900,62960437952896,38,-4672,1120,-2368,-2752,127296,525312,,,,,,
181866255118400,62960438952730,39,-5184,896,-2432,-3776,128832,523392,,,,,,
181866256160000,62960439953021,40,-4608,1184,-2464,-4288,126400,524800,,,,,,
181866257121800,62960440953105,41,-4640,1056,-1920,-2176,126144,524032,,,,,,
181866258118500,62960441954646,42,-4640,1632,-2400,-4544,128768,524352,,,,,,
181866259002900,62960442954396,43,-5216,1696,-2720,-4096,129280,526784,,,,,,
181866260123300,62960443953480,44,-5088,992,-2336,-3648,127232,526016,,,,,,
181866261002200,62960444952938,45,-4864,1088,-2688,-2496,128448,524928,,,,,,
181866262001300,62960445952771,46,-4256,1088,-2368,-3392,129152,521984,,,,,,
181866262999200,62960446952980,47,-4224,1152,-1568,-2496,128704,524608,,,,,,
181866263999200,62960447953313,48,-4928,832,-2432,-5056,128192,523008,,,,,,
181866264998200,62960448952646,49,-4576,1600,-2624,-4352,127872,524352,,,,,,
181866266125000,62960449952896,50,-4896,1440,-2400,-3136,127936,525696,,,,,,
181866266990800,62960450956146,51,-4768,1216,-2528,-3584,126464,523008,,,,,,
181866267997900,62960451952980,52,-4384,992,-2784,-2944,129088,524288,,,,,,
181866268995700,62960452952813,53,-4544,1376,-2144,-4224,125632,526336,,,,,,
181866270120900,62960453952855,54,-4480,896,-2048,-5120,126272,522240,,,,,,
181866270995000,62960454952938,55,-4256,1280,-2240,-3456,127552,523712,,,,,,
181866271998600,62960455953021,56,-4992,1440,-2720,-5440,130048,524480,,,,,,
181866272999100,62960456952980,57,-5184,1696,-2432,-4096,128512,524032,,,,,,
181866273996900,62960457952771,58,-4096,1440,-2144,-2688,127872,524096,,,,,,
181866274996300,62960458957021,59,-4352,1056,-2624,-3648,130304,522368,,,,,,
181866276118000,62960459952938,60,-4448,992,-1632,-3968,128896,525568,,,,,,
181866276998800,62960460954438,61,-5024,1088,-2656,-2496,128000,523904,,,,,,
181866277996700,62960461952938,62,-4736,1312,-2976,-2560,126528,525312,,,,,,
181866278995700,62960462953105,63,-4352,704,-1696,-3136,128320,521984,,,,,,
181866279999500,62960463952938,64,-4736,1184,-2656,-3264,127808,522432,,,,,,
181866280996900,62960464952730,65,-4736,960,-2688,-3520,126592,525760,,,,,,
181866282123500,62960465954021,66,-4576,1536,-2432,-3328,129280,525888,,,,,,
181866282997200,62960466953188,67,-4672,1088,-2048,-3392,128128,526336,,,,,,
181866283987600,62960467953813,68,-5440,1088,-1920,-3584,129152,524160,,,,,,
181866285001800,62960468953021,69,-4320,1472,-2496,-3776,129472,522624,,,,,,
181866286120700,62960469952688,70,-4800,1504,-2368,-3584,127872,524736,,,,,,
181866286994700,62960470952980,71,-5152,1024,-2880,-4352,127808,521856,,,,,,
181866287997400,62960471952896,72,-4896,1600,-2144,-4480,128448,523328,,,,,,
181866289124300,62960472952896,73,-4320,1408,-2208,-2944,129216,526208,,,,,,
181866290000800,62960473952855,74,-4544,1184,-1920,-4608,127424,522240,,,,,,
181866291000500,62960474953021,75,-4736,960,-2336,-3200,129344,523648,,,,,,
181866291995700,62960475952855,76,-4544,1216,-2496,-3456,127424,525184,,,,,,
181866292995500,62960476953021,77,-4448,800,-2304,-4736,129728,522112,,,,,,
181866293997500,62960477952855,78,-4448,1216,-2432,-3264,126912,523712,,,,,,
181866295125200,62960478954813,79,-4640,1312,-2560,-3200,127808,523840,,,,,,
181866296120700,62960479953146,80,-4992,1632,-2720,-3520,129920,523136,,,,,,
181866296995400,62960480952938,81,-4416,1152,-2272,-3392,128384,524288,,,,,,
181866297998200,62960481953063,82,-5024,1280,-1600,-4800,128320,522944,,,,,,
181866298996700,62960482952771,83,-5152,832,-2656,-3328,128576,522624,,,,,,
181866300339600,62960483954271,84,-5248,992,-2432,-3456,129984,522816,,,,,,
181866300994500,62960484952938,85,-5088,1632,-2272,-3264,127872,525504,,,,,,
181866301998900,62960485952605,86,-4288,736,-2336,-2304,128768,523712,,,,,,
181866303003500,62960486953105,87,-4512,992,-2208,-3200,128128,525120,,,,,,
181866304004000,62960487952813,88,-4512,1184,-2400,-2944,128576,523136,,,,,,
181866304994000,62960488952938,89,-4736,704,-2080,-3520,129216,523072,,,,,,
181866306130200,62960489952855,90,-5312,1376,-3168,-5376,129088,523136,,,,,,
181866306988200,62960490953438,91,-4352,1056,-2112,-2176,128832,524992,,,,,,
181866307995300,62960491952938,92,-4928,1248,-2624,-4032,128320,523008,,,,,,
181866309003700,62960492952771,93,-4800,1248,-2240,-2432,127360,520704,,,,,,
181866310008500,62960493952980,94,-4800,1344,-2016,-5120,127424,525952,,,,,,
181866310996100,62960494952813,95,-4352,1280,-2752,-4992,129600,525184,,,,,,
181866312122100,62960495954438,96,-4576,1248,-2400,-3072,126976,524480,,,,,,
181866313000900,62960496952855,97,-5024,1344,-2944,-4416,126080,524352,,,,,,
181866314000900,62960497952688,98,-4672,864,-2400,-3584,129792,524672,,,,,,
181866315001600,62960498952938,99,-5120,1120,-2208,-2560,127232,523648,,,,,,
181866316132400,62960499952813,100,-4800,1088,-2624,-4928,127168,523584,,,,,,
181866317118300,62960500953105,101,-4000,832,-2240,-4480,129728,523840,,,,,,
181866318125500,62960501954521,102,-5376,1312,-2688,-2368,128192,525824,,,,,,
181866318993800,62960502952688,103,-5152,1216,-2528,-3200,128576,524480,,,,,,
181866320120500,62960503952896,104,-4416,1152,-2304,-4544,128384,524160,,,,,,
181866321002200,62960504952813,105,-4960,1600,-2624,-2496,128768,523392,,,,,,
181866322001000,62960505952605,106,-4736,1440,-2432,-3136,127168,522880,,,,,,
181866322992900,62960506952896,107,-4384,1312,-2624,-3264,128192,524544,,,,,,
181866323992800,62960507952896,108,-4448,1440,-2304,-3520,127744,526080,,,,,,
181866324986200,62960508952813,109,-4640,1280,-1984,-3072,127872,523584,,,,,,
181866326112200,62960509952771,110,-4768,1344,-2336,-4800,126976,524288,,,,,,
181866326990000,62960510952896,111,-4832,1120,-2784,-2880,129664,524544,,,,,,
181866328001700,62960511952896,112,-4768,1504,-2880,-4544,127808,524416,,,,,,
181866328988200,62960512953188,113,-4864,1248,-1952,-2368,127232,524096,,,,,,
181866329998700,62960513952855,114,-4576,1376,-2496,-2944,127488,523264,,,,,,
181866330994000,62960514953021,115,-4960,800,-2400,-2624,126592,524480,,,,,,
181866331999200,62960515952980,116,-4672,1568,-2880,-4288,128384,523456,,,,,,
181866333001400,62960516952730,117,-4800,1376,-2368,-4096,128448,522752,,,,,,
181866334002500,62960517952896,118,-4384,1376,-2496,-3904,131200,524992,,,,,,
181866334997500,62960518952896,119,-4640,1184,-2752,-3648,128000,522752,,,,,,
181866336123300,62960519954521,120,-5056,1120,-2496,-5120,128768,522048,,,,,,
181866336998200,62960520954563,121,-4928,1184,-2688,-3328,126720,524160,,,,,,
181866337997300,62960521953021,122,-4736,1024,-2912,-3648,128512,524160,,,,,,
181866338997000,62960522952855,123,-4448,1088,-2368,-4672,127616,523776,,,,,,
181866339993100,62960523952896,124,-4416,1152,-2528,-4544,127808,523776,,,,,,
181866341126300,62960524952813,125,-4160,1152,-2496,-4416,130880,523392,,,,,,
181866341992100,62960525952771,126,-4928,1632,-2688,-5056,127488,523712,,,,,,
181866342989800,62960526952980,127,-5152,1408,-2240,-2688,126656,524352,,,,,,
181866344000300,62960527952813,128,-4096,960,-2432,-3456,128064,524352,,,,,,
181866344999600,62960528952813,129,-4416,1120,-2656,-4992,128192,521344,,,,,,
181866346121900,62960529952813,130,-4480,1184,-2688,-3584,127680,525568,,,,,,
181866347126600,62960530953521,131,-4192,1152,-2208,-1920,128064,523264,,,,,,
181866348000900,62960531952855,132,-4896,1440,-2784,-3776,129664,524608,,,,,,
181866348999800,62960532952855,133,-4384,1632,-2464,-4544,129472,524544,,,,,,
181866350000100,62960533953105,134,-4512,1408,-2848,-5632,128512,525120,,,,,,
181866350997300,62960534952855,135,-5056,1408,-1440,-3008,126912,524032,,,,,,
181866352121100,62960535952980,136,-5120,1056,-2400,-3264,128320,526016,,,,,,
181866352995800,62960536954438,137,-5120,736,-2336,-4096,128640,521216,,,,,,
181866354000600,62960537952480,138,-4384,1408,-2304,-3456,129984,524032,,,,,,
181866355121300,62960538953980,139,-5024,1024,-2240,-3200,128640,523264,,,,,,
181866356121600,62960539954855,140,-5056,960,-3328,-4416,128320,522560,,,,,,
181866356986400,62960540953146,141,-4864,1344,-2464,-2752,127936,524544,,,,,,
181866357993900,62960541953105,142,-5120,1152,-1568,-2304,128512,524864,,,,,,
181866359000500,62960542953063,143,-4992,1248,-2720,-5184,129344,523136,,,,,,
181866359994900,62960543953688,144,-4800,1600,-3168,-3392,128192,524224,,,,,,
181866360997500,62960544952771,145,-4512,736,-2560,-4224,128640,523968,,,,,,
181866361997800,62960545952980,146,-4608,1088,-2240,-4800,128768,524736,,,,,,
181866362997000,62960546952855,147,-4992,1344,-2592,-5056,129280,525056,,,,,,
181866363997300,62960547953230,148,-5184,1664,-2880,-3968,128320,526336,,,,,,
181866364997000,62960548954313,149,-4512,1504,-2720,-3136,129792,525696,,,,,,
181866366125500,62960549952813,150,-4320,1440,-2464,-2752,128256,525376,,,,,,
181866366983500,62960550955063,151,-4128,1248,-2112,-4544,128704,526912,,,,,,
181866368001200,62960551952855,152,-4256,1056,-2432,-4160,128448,524672,,,,,,
181866368996500,62960552953146,153,-4384,1568,-2368,-5312,126848,527744,,,,,,
181866369995200,62960553952896,154,-3776,1472,-2784,-3264,127872,523456,,,,,,
181866370994700,62960554952730,155,-4832,1344,-2624,-3456,126976,524672,,,,,,
181866371996900,62960555952938,156,-4640,1184,-2304,-2432,128704,525056,,,,,,
181866372992700,62960556952730,157,-4128,1664,-2816,-3200,127936,523584,,,,,,
181866373997700,62960557952938,158,-4384,1280,-2432,-4032,127680,523456,,,,,,
181866374995700,62960558952855,159,-4512,1280,-2048,-4672,128960,521856,,,,,,
181866376121900,62960559952980,160,-4864,800,-2144,-4992,127552,524800,,,,,,
181866377120700,62960560954313,161,-4864,1152,-2624,-2432,128448,524160,,,,,,
181866377994200,62960561952813,162,-4960,1152,-2784,-3392,128576,524992,,,,,,
181866378999900,62960562953105,163,-4480,1120,-2496,-4672,128704,526272,,,,,,
181866380001400,62960563952771,164,-4896,864,-2400,-2944,128640,523648,,,,,,
181866381120800,62960564954021,165,-4512,1568,-2688,-3776,128192,523520,,,,,,
181866381998800,62960565952938,166,-4512,1184,-2240,-5696,128448,522240,,,,,,
181866383096900,62960566953021,167,-4480,1408,-2432,-3712,128448,520832,,,,,,
181866383999100,62960567952938,168,-4352,1120,-2720,-4032,128448,523520,,,,,,
181866384996500,62960568952730,169,-4096,864,-2144,-3712,128128,523328,,,,,,
181866386122800,62960569952771,170,-4736,1120,-2944,-4608,128064,526336,,,,,,
181866386997400,62960570952896,171,-4192,1664,-2816,-2560,129344,523200,,,,,,
181866387996300,62960571953396,172,-4608,1248,-2048,-4992,127680,523456,,,,,,
181866388984800,62960572952896,173,-4256,1504,-2304,-4480,127744,523264,,,,,,
181866389996300,62960573952896,174,-4128,960,-2496,-3584,127552,524672,,,,,,
181866390994200,62960574952855,175,-4640,1248,-2656,-3520,128896,522752,,,,,,
181866391992000,62960575952813,176,-4832,1248,-2400,-2688,127168,524608,,,,,,
181866392995900,62960576952855,177,-4256,1248,-2240,-4480,129920,521472,,,,,,
181866393995700,62960577953396,178,-4672,736,-2304,-4672,127232,523264,,,,,,
181866394995900,62960578952980,179,-4320,1152,-2432,-4928,129152,521856,,,,,,
181866396120600,62960579953896,180,-4608,1376,-2464,-4096,127104,523840,,,,,,
181866396993100,62960580956480,181,-4800,1184,-2752,-6144,128576,521792,,,,,,
181866397996900,62960581952896,182,-4416,832,-2560,-4352,127616,522816,,,,,,
181866398997500,62960582952896,183,-4736,1184,-2528,-4928,126208,524736,,,,,,
181866400311700,62960583952938,184,-4384,1280,-2176,-5440,128128,522816,,,,,,
181866400998700,62960584952980,185,-4960,992,-2688,-4352,129856,522688,,,,,,
181866401996100,62960585952980,186,-4192,1088,-1984,-3456,128960,520896,,,,,,
181866402993300,62960586952813,187,-5056,1312,-2432,-4736,127552,522368,,,,,,
181866403992400,62960587952813,188,-5344,1280,-2592,-4480,126784,524800,,,,,,
181866404989800,62960588952938,189,-5056,896,-2496,-5696,129216,524480,,,,,,
181866406117300,62960589953521,190,-4640,896,-2272,-2624,128960,525888,,,,,,
181866406996400,62960590954313,191,-5152,1376,-2656,-3520,128320,523392,,,,,,
181866407998000,62960591952813,192,-5056,768,-2528,-3520,129152,524032,,,,,,
181866409000500,62960592953021,193,-4736,704,-2720,-2240,127616,524096,,,,,,
181866409993000,62960593952813,194,-5472,1152,-2304,-4416,127232,524800,,,,,,
181866410989900,62960594952730,195,-4736,1344,-1760,-3008,127040,524352,,,,,,
181866411991200,62960595952896,196,-5216,1344,-3264,-2432,128896,527104,,,,,,
181866412991300,62960596952730,197,-5504,1024,-2912,-3776,128000,521664,,,,,,
181866414019800,62960597952896,198,-4736,704,-1824,-1536,127744,523776,,,,,,
181866415012700,62960598952771,199,-4800,1120,-2176,-5824,127872,524288,,,,,,
181866416123200,62960599952730,200,-4416,1248,-2560,-3264,126784,522560,,,,,,
181866416988500,62960600953021,201,-4960,1056,-2784,-3584,129920,523712,,,,,,
181866418001400,62960601952813,202,-4864,1248,-2208,-4992,128512,528320,,,,,,
181866418994700,62960602953021,203,-5024,1312,-2624,-4480,129024,526784,,,,,,
181866419993000,62960603952813,204,-4320,896,-2784,-4672,127680,525248,,,,,,
181866420989400,62960604952980,205,-4928,1408,-2496,-3200,129216,523264,,,,,,
181866421987000,62960605952730,206,-4576,1248,-2176,-5376,128640,523200,,,,,,
181866423036800,62960606952980,207,-4992,1088,-2592,-4544,128320,523328,,,,,,
181866424109700,62960607953021,208,-4320,768,-2016,-4928,128064,523072,,,,,,
181866424998300,62960608952855,209,-4864,1088,-2304,-5248,127232,526848,,,,,,
181866426124000,62960609952980,210,-4512,1216,-2400,-3584,127424,524032,,,,,,
181866426999800,62960610952938,211,-4640,1440,-3456,-3200,126400,524672,,,,,,
181866427996500,62960611953021,212,-4448,1184,-2528,-5376,126144,524224,,,,,,
181866428998100,62960612952938,213,-4608,1184,-2144,-2240,127872,526272,,,,,,
181866429994200,62960613953855,214,-4960,1408,-3072,-2688,126656,523712,,,,,,
181866430997100,62960614953688,215,-4864,1024,-1408,-4224,126784,525056,,,,,,
181866431996800,62960615952771,216,-4416,1408,-2752,-5184,130496,523968,,,,,,
181866432999900,62960616953938,217,-4864,1184,-1824,-1536,128384,523200,,,,,,
181866433990500,62960617952896,218,-4512,1152,-2912,-4032,127808,523776,,,,,,
181866435017500,62960618953188,219,-4672,1056,-2720,-3200,127104,522624,,,,,,
181866436119900,62960619952896,220,-4416,1088,-2368,-3712,128832,523776,,,,,,
181866436992700,62960620952896,221,-4608,1600,-3040,-3136,128320,524032,,,,,,
181866437998100,62960621953063,222,-4992,672,-2560,-3264,130496,524544,,,,,,
181866439000000,62960622953730,223,-4832,864,-3008,-4032,128768,522496,,,,,,
181866439992700,62960623952938,224,-4800,1216,-2144,-5440,128128,522624,,,,,,
181866440997500,62960624952896,225,-4416,1216,-2208,-4992,127552,522752,,,,,,
181866442002400,62960625953396,226,-5152,1152,-2496,-5248,128320,524608,,,,,,
181866443157500,62960626953396,227,-4384,928,-2112,-4416,128576,524352,,,,,,
181866444007500,62960627952813,228,-4352,1056,-2048,-3520,127232,522432,,,,,,
181866444995000,62960628952855,229,-4928,960,-2208,-3456,129088,524224,,,,,,
181866446119500,62960629952771,230,-4384,1024,-2496,-4480,128576,521472,,,,,,
181866446994200,62960630953063,231,-4448,1024,-1856,-4736,127040,524032,,,,,,
181866447997300,62960631954313,232,-5248,896,-2368,-3904,127360,520320,,,,,,
181866448999300,62960632952896,233,-5248,1152,-2688,-5760,128128,523072,,,,,,
181866450000400,62960633952938,234,-4320,1280,-2272,-3584,128704,523200,,,,,,
181866450998700,62960634952896,235,-4032,1696,-2624,-3456,127872,523776,,,,,,
181866451993700,62960635952938,236,-4736,960,-2272,-2368,127744,523200,,,,,,
181866452996400,62960636953480,237,-4864,1440,-2624,-3776,130688,520832,,,,,,
181866453999900,62960637952938,238,-4896,1344,-1984,-3840,128448,523072,,,,,,
181866454998700,62960638952771,239,-4128,832,-2048,-3264,128384,521728,,,,,,
181866456123500,62960639955105,240,-4352,1504,-2240,-4352,130176,521088,,,,,,
181866457001100,62960640952938,241,-4640,1280,-3392,-3328,128320,525120,,,,,,
181866457999600,62960641953688,242,-5216,1088,-2784,-4672,126400,524480,,,,,,
181866459002800,62960642952896,243,-4512,416,-2144,-1664,128704,525056,,,,,,
181866459997000,62960643954313,244,-4672,1472,-2816,-2368,128128,523328,,,,,,
181866460993200,62960644952980,245,-4608,1088,-2976,-3456,127424,523136,,,,,,
181866461995900,62960645952688,246,-4640,1216,-1856,-3712,129024,523200,,,,,,
181866462995700,62960646952855,247,-4736,1088,-2464,-3776,129472,524608,,,,,,
181866464002400,62960647953021,248,-4704,992,-1888,-2880,128704,523456,,,,,,
181866465001000,62960648952396,249,-4992,1376,-2112,-3328,129280,522752,,,,,,
181866466123000,62960649952855,250,-4896,1216,-2624,-2368,129344,524608,,,,,,
181866466993100,62960650952771,251,-4512,864,-2080,-4352,127488,524096,,,,,,
181866467996000,62960651953063,252,-4928,1568,-2624,-3072,128960,525056,,,,,,
181866468998100,62960652952896,253,-5024,1216,-2368,-3712,128832,527616,,,,,,
181866469995700,62960653952813,254,-4896,1472,-2496,-4864,128256,526144,,,,,,
181866470997000,62960654952980,255,-4224,1120,-1920,-2624,129472,527296,,,,,,
181866471995200,62960655952855,0,-5472,1440,-2624,-3072,128320,524864,,,,,,
181866473000500,62960656953063,1,-4800,1152,-2464,-3520,128128,526272,,,,,,
181866473999900,62960657952896,2,-4448,1248,-2176,-3456,129152,526016,,,,,,
181866474997500,62960658953063,3,-4960,1120,-2208,-3392,128064,524672,,,,,,
181866476123900,62960659952938,4,-4640,1504,-2784,-2688,128448,524032,,,,,,
181866476994900,62960660953938,5,-5056,1184,-2336,-3776,126912,522816,,,,,,
181866478118500,62960661954521,6,-4352,1088,-2304,-3776,128704,524608,,,,,,
181866478996800,62960662952813,7,-4704,1088,-1664,-3072,127040,524608,,,,,,
181866479987700,62960663953146,8,-4864,1440,-2944,-1856,127616,525312,,,,,,
181866480993200,62960664952855,9,-4224,1152,-1824,-1344,127552,524480,,,,,,
181866481991100,62960665953146,10,-4384,1248,-2400,-3584,128512,524160,,,,,,
181866482991500,62960666952938,11,-4384,1056,-2336,-4288,127616,524352,,,,,,
181866483995800,62960667953355,12,-4640,992,-1856,-4224,129984,523072,,,,,,
181866484997000,62960668952896,13,-4928,1472,-2432,-5184,128960,525312,,,,,,
181866486120400,62960669952730,14,-4608,896,-2240,-3456,127424,523584,,,,,,
181866486996800,62960670954980,15,-4832,1280,-2560,-4160,126656,524928,,,,,,
181866487995700,62960671952938,16,-4480,1376,-2240,-2880,128640,524288,,,,,,
181866489122100,62960672955896,17,-4576,1216,-2368,-3328,128256,522816,,,,,,
181866489994100,62960673954396,18,-4960,1536,-2400,-3328,127424,523392,,,,,,
181866490998800,62960674952813,19,-4960,1312,-2624,-2368,128768,523840,,,,,,
181866491985500,62960675955938,20,-4960,1472,-3072,-3456,128320,523776,,,,,,
181866492997900,62960676952855,21,-4704,1088,-2720,-2496,126848,524352,,,,,,
181866493994200,62960677953938,22,-4928,1440,-3008,-5120,128832,522368,,,,,,
181866495123000,62960678952771,23,-4224,1440,-2432,-3392,129408,522880,,,,,,
181866496126000,62960679952646,24,-4864,1536,-2112,-3136,127424,523136,,,,,,
181866497000900,62960680952896,25,-4768,864,-2080,-3712,128320,523328,,,,,,
181866497994500,62960681952855,26,-4768,1504,-2976,-2752,128832,524416,,,,,,
181866498997000,62960682952855,27,-4224,1248,-2464,-2816,127296,522048,,,,,,
181866499996900,62960683952980,28,-4288,1024,-1984,-4288,129600,524672,,,,,,
181866500995200,62960684952813,29,-5568,1344,-2432,-4288,129152,522688,,,,,,
181866502004800,62960685954521,30,-4416,1184,-1888,-5120,128960,522752,,,,,,
181866502996600,62960686952896,31,-4736,1216,-2464,-3712,128832,520768,,,,,,
181866503992700,62960687952896,32,-4288,1184,-2144,-4160,128960,522944,,,,,,
181866504995200,62960688952896,33,-5056,1024,-2528,-4096,128384,523328,,,,,,
181866506122500,62960689952938,34,-4608,896,-2560,-3520,128640,524992,,,,,,
181866507000800,62960690952771,35,-4832,1248,-2624,-2944,127936,522560,,,,,,
181866508000200,62960691952980,36,-4960,1408,-2112,-3264,127680,521856,,,,,,
181866509001900,62960692952896,37,-5120,800,-2528,-3968,128512,526144,,,,,,
181866509996300,62960693952855,38,-4352,800,-2080,-3456,129024,523904,,,,,,
181866510995100,62960694952938,39,-4992,672,-2016,-4352,128704,521792,,,,,,
181866511997500,62960695952480,40,-5216,1152,-2368,-3840,128896,524096,,,,,,
181866513000900,62960696952980,41,-4960,1184,-2208,-3264,128832,522112,,,,,,
181866513997100,62960697952771,42,-4480,1504,-2688,-2880,128128,521408,,,,,,
181866514996500,62960698952813,43,-4544,1376,-2400,-4096,128960,524480,,,,,,
181866517027300,62960699952813,44,-4224,1376,-2176,-3712,129984,522688,,,,,,
181866517038900,62960700952813,45,-5024,992,-1728,-4864,127616,523008,,,,,,
181866517998700,62960701952980,46,-4896,1600,-3360,-2624,128704,524992,,,,,,
181866518990700,62960702952771,47,-4992,1152,-2208,-2752,129024,523392,,,,,,
181866519991400,62960703952980,48,-4416,1472,-2976,-3648,128512,524864,,,,,,
181866520999500,62960704952771,49,-5312,1312,-2368,-3328,127232,525120,,,,,,
181866521995100,62960705952896,50,-4640,992,-2016,-3072,126592,523776,,,,,,
181866522998900,62960706953605,51,-4896,1120,-2464,-4096,128960,524928,,,,,,
181866523993900,62960707952771,52,-4480,1344,-2176,-3840,127744,527232,,,,,,
181866524996200,62960708953146,53,-4896,1184,-2688,-4032,127232,523072,,,,,,
181866526125000,62960709952855,54,-4800,1184,-2368,-4992,130560,524096,,,,,,
181866526995300,62960710953105,55,-4800,1376,-2112,-2560,127680,522432,,,,,,
181866527995000,62960711952855,56,-5088,1376,-2432,-3200,128192,526016,,,,,,
181866528998800,62960712953271,57,-4128,1152,-2208,-6592,128704,524160,,,,,,
181866529997300,62960713953688,58,-4928,1408,-2560,-1920,128768,522048,,,,,,
181866530995900,62960714952938,59,-5184,928,-2688,-2880,126528,523776,,,,,,
181866531996500,62960715953021,60,-4864,1024,-2272,-5632,127360,524352,,,,,,
181866533006100,62960716952813,61,-5088,1056,-2624,-3200,127296,525824,,,,,,
181866534006300,62960717953230,62,-4704,864,-2368,-4288,126720,526016,,,,,,
181866534994200,62960718952855,63,-4512,1152,-2528,-4480,127488,525376,,,,,,
181866536119400,62960719952688,64,-4704,1152,-2560,-3776,125824,525952,,,,,,
181866536996900,62960720952980,65,-4384,896,-1792,-3968,130752,521984,,,,,,
181866537997000,62960721952730,66,-4800,1088,-2464,-2368,127232,523904,,,,,,
181866538996200,62960722955271,67,-4896,896,-2656,-6464,128000,523584,,,,,,
181866539996100,62960723953021,68,-4512,1280,-2016,-3328,128128,525632,,,,,,
181866540996000,62960724952688,69,-4832,1408,-2560,-2816,129280,526016,,,,,,
181866541993000,62960725952980,70,-4864,1248,-2080,-4480,125568,525120,,,,,,
181866542994700,62960726954188,71,-4512,1248,-2112,-3904,129152,521728,,,,,,
181866543996600,62960727952980,72,-4448,1248,-2432,-5696,129088,522112,,,,,,
181866544993500,62960728952855,73,-3776,704,-1728,-2816,126016,524352,,,,,,
181866546118600,62960729952813,74,-5216,1280,-2816,-4352,130240,522688,,,,,,
181866547121900,62960730952896,75,-4864,1024,-2880,-4608,128128,520384,,,,,,
181866547997600,62960731953813,76,-4352,1216,-2656,-2432,127104,520064,,,,,,
181866548999100,62960732952938,77,-4352,992,-1888,-4032,128768,522240,,,,,,
181866549994400,62960733952813,78,-4928,1152,-2400,-3264,127296,524800,,,,,,
181866550998300,62960734952813,79,-4096,1312,-2304,-4288,129408,521344,,,,,,
181866551996900,62960735952771,80,-4960,1184,-2880,-3968,127040,524416,,,,,,
181866552996800,62960736953063,81,-4352,1024,-2368,-3328,128960,522176,,,,,,
181866553998700,62960737954605,82,-4480,1216,-2912,-5952,128256,524544,,,,,,
181866555001000,62960738952771,83,-4352,1568,-2304,-640,127616,523136,,,,,,
181866556119800,62960739953063,84,-4736,800,-2624,-4608,127424,523648,,,,,,
181866557119500,62960740954896,85,-3904,736,-2080,-2176,129600,523328,,,,,,
181866557996700,62960741952855,86,-5216,1312,-2784,-3072,128320,523648,,,,,,
181866558998900,62960742952771,87,-4544,1120,-2304,-3968,128128,523136,,,,,,
181866559996200,62960743954313,88,-5088,1312,-2720,-3072,129280,523392,,,,,,
181866560997000,62960744952771,89,-5184,1376,-2336,-4608,128896,523776,,,,,,
181866561993500,62960745953438,90,-4864,1216,-2368,-4416,129984,524608,,,,,,
181866562991800,62960746952855,91,-4608,1376,-1920,-3392,128448,521664,,,,,,
181866563992500,62960747952896,92,-4480,1408,-2432,-2560,128384,524160,,,,,,
181866564999600,62960748952896,93,-4288,1216,-2336,-4480,128320,524032,,,,,,
181866566120300,62960749952938,94,-4608,1024,-2720,-4544,128064,523968,,,,,,
181866566981900,62960750952730,95,-4896,1056,-1952,-4096,128128,520576,,,,,,
181866568000700,62960751952855,96,-4608,1088,-2528,-5248,127680,522560,,,,,,
181866568997100,62960752952730,97,-4480,960,-2176,-3840,128576,523136,,,,,,
181866569996900,62960753952980,98,-4640,416,-2240,-3648,129792,524352,,,,,,
181866571125700,62960754952938,99,-5024,1568,-2304,-2880,128064,522048,,,,,,
181866572000600,62960755952938,100,-4768,768,-2208,-4480,128128,525440,,,,,,
181866573000200,62960756952855,101,-4896,1728,-1920,-1600,128896,524480,,,,,,
181866573998000,62960757952813,102,-5088,928,-2688,-4160,128640,523776,,,,,,
181866574996600,62960758952980,103,-5312,704,-2080,-4160,129472,524096,,,,,,
181866576123800,62960759952563,104,-4352,1088,-2176,-2688,127296,524864,,,,,,
181866576996300,62960760956355,105,-4960,832,-2336,-3584,128192,522432,,,,,,
181866577994200,62960761954855,106,-4992,1152,-2272,-4416,128256,524032,,,,,,
181866578994700,62960762952896,107,-5056,1088,-2016,-2624,128128,525376,,,,,,
181866579995300,62960763952771,108,-5024,1248,-2528,-3904,126080,524032,,,,,,
181866580990000,62960764952771,109,-4896,1312,-2208,-1792,127232,524096,,,,,,
181866581994300,62960765952813,110,-5120,832,-2112,-1984,129344,527040,,,,,,
181866583005700,62960766952688,111,-4000,1216,-1792,-2176,127552,524160,,,,,,
181866584005000,62960767954313,112,-4640,1152,-2240,-2496,126784,524736,,,,,,
181866584995300,62960768952896,113,-4576,832,-2048,-4928,128128,525056,,,,,,
181866586122300,62960769952980,114,-4416,864,-2496,-3968,128256,523968,,,,,,
181866586995800,62960770954480,115,-5120,1472,-3040,-2304,127360,526592,,,,,,
181866587999600,62960771952688,116,-4768,1056,-2400,-4224,126976,523200,,,,,,
181866588997500,62960772953605,117,-4480,1664,-2560,-2624,129664,525056,,,,,,
181866589994200,62960773952855,118,-4480,896,-2528,-3584,128320,524928,,,,,,
181866590997300,62960774952980,119,-4288,1568,-2272,-1600,127296,524992,,,,,,
181866591992200,62960775952813,120,-4512,1568,-2016,-4160,130176,528000,,,,,,
181866592998900,62960776952355,121,-4480,1408,-2464,-2304,128256,528064,,,,,,
181866593995000,62960777953021,122,-5056,960,-1888,-2752,128000,524160,,,,,,
181866594992400,62960778953438,123,-5024,1280,-2688,-3648,126144,523456,,,,,,
181866596121000,62960779953605,124,-4800,992,-2400,-3456,129024,523456,,,,,,
181866597001400,62960780952771,125,-4640,1344,-2880,-4288,128192,527872,,,,,,
181866597993200,62960781954605,126,-3872,1536,-2112,-3008,128128,524096,,,,,,
181866598994800,62960782952813,127,-5408,1312,-2848,-4928,128064,526720,,,,,,
181866599998000,62960783952563,128,-4160,1088,-2176,-3712,127744,526656,,,,,,
181866601000200,62960784952980,129,-4736,864,-2720,-4800,128704,524992,,,,,,
181866601995600,62960785953730,130,-5216,1248,-2784,-3840,127616,524672,,,,,,
181866602992600,62960786953396,131,-4608,1408,-2336,-3904,128640,524800,,,,,,
181866603997000,62960787952980,132,-5376,1664,-2464,-3776,126784,525952,,,,,,
181866604996800,62960788952938,133,-4448,1216,-2144,-3968,128128,526336,,,,,,
181866606125100,62960789952855,134,-4320,992,-2528,-3520,128448,523712,,,,,,
181866607000300,62960790955980,135,-4128,864,-1920,-3328,127808,526144,,,,,,
181866607997100,62960791953355,136,-4800,1504,-2912,-5248,128448,525120,,,,,,
181866608998700,62960792952896,137,-4768,1120,-2528,-3456,128576,524928,,,,,,
181866609994500,62960793952855,138,-4608,1504,-2912,-4608,127872,526144,,,,,,
181866610992500,62960794952813,139,-3904,992,-2464,-3968,129024,524800,,,,,,
181866611994900,62960795953813,140,-5216,1344,-2528,-4544,127872,524800,,,,,,
181866612997400,62960796952813,141,-4192,1792,-2464,-4160,128192,521920,,,,,,
181866614004300,62960797952730,142,-4576,1120,-2304,-1920,129216,524992,,,,,,
181866614991800,62960798952855,143,-4480,1216,-2496,-3840,127616,525632,,,,,,
181866616122200,62960799953396,144,-4192,1312,-2656,-3904,128512,523200,,,,,,
181866616982900,62960800952980,145,-4736,1344,-2464,-4032,127552,520704,,,,,,
181866618000800,62960801952896,146,-4224,1248,-2752,-2496,128576,526016,,,,,,
181866618996200,62960802952980,147,-5216,1984,-2080,-3072,126592,521792,,,,,,
181866619995600,62960803952855,148,-4448,1280,-2016,-4864,127744,524224,,,,,,
181866620997100,62960804952688,149,-4576,1632,-2240,-5568,127872,522240,,,,,,
181866621994000,62960805952813,150,-4768,1024,-2336,-3904,128192,524352,,,,,,
181866622999100,62960806952938,151,-4512,1280,-3008,-4992,129600,522624,,,,,,
181866623999400,62960807953063,152,-3904,1024,-2048,-3072,129024,522624,,,,,,
181866624988600,62960808952813,153,-4480,1472,-2752,-5248,128512,523840,,,,,,
181866626123100,62960809952855,154,-4768,1120,-2112,-5568,128768,522112,,,,,,
181866626994000,62960810954313,155,-4608,1280,-2208,-2880,128960,521408,,,,,,
181866627988200,62960811952813,156,-4608,1280,-2368,-3072,127808,522176,,,,,,
181866628989900,62960812952896,157,-4768,1216,-2720,-4288,127040,521280,,,,,,
181866630114700,62960813952813,158,-4128,896,-2336,-2752,128256,522112,,,,,,
181866630994900,62960814954438,159,-4768,672,-2624,-4224,129216,520704,,,,,,
181866632011200,62960815952688,160,-4864,1152,-2336,-5056,128256,522624,,,,,,
181866632986600,62960816952730,161,-4416,1056,-2720,-3520,126336,523456,,,,,,
181866633984100,62960817952938,162,-5248,1376,-2656,-5312,127424,521408,,,,,,
181866635001900,62960818952771,163,-4864,896,-2560,-3392,129280,520640,,,,,,
181866636123600,62960819953188,164,-4288,1248,-2144,-4224,128832,521664,,,,,,
181866636993800,62960820953646,165,-4512,800,-2016,-4608,127424,524096,,,,,,
181866638000000,62960821952980,166,-5280,928,-2560,-3584,130368,521984,,,,,,
181866638999900,62960822952855,167,-5056,1472,-2944,-4672,127040,523072,,,,,,
181866639996400,62960823952771,168,-4640,1312,-2720,-4416,129408,521728,,,,,,
181866640998300,62960824953605,169,-5024,1536,-2528,-5120,127104,523264,,,,,,
181866642156200,62960825952896,170,-4672,1376,-2528,-4736,128256,521088,,,,,,
181866643021500,62960826953021,171,-4704,1152,-3360,-4288,126720,523328,,,,,,
181866644007700,62960827952938,172,-5184,960,-2176,-5568,126656,522944,,,,,,
181866645010700,62960828952980,173,-4832,1088,-2624,-3392,128000,521728,,,,,,
181866646121500,62960829952855,174,-4736,1152,-2016,-5120,128448,522368,,,,,,
181866646997200,62960830952730,175,-4800,1120,-2272,-4736,127552,522880,,,,,,
181866647995200,62960831953480,176,-4992,1536,-2656,-3584,129536,522048,,,,,,
181866648998800,62960832952813,177,-5056,1248,-2592,-4224,128256,528064,,,,,,
181866649995200,62960833952980,178,-4736,1024,-2624,-2816,128064,523712,,,,,,
181866651012700,62960834952771,179,-4672,1216,-2624,-4096,128576,523072,,,,,,
181866652006300,62960835954438,180,-4512,1216,-1984,-1984,128896,525376,,,,,,
181866652993500,62960836953021,181,-4960,992,-2688,-3968,126080,524224,,,,,,
181866653993500,62960837952730,182,-4768,768,-1760,-4032,127872,527616,,,,,,
181866654996000,62960838952855,183,-5152,1312,-2816,-1792,128832,523392,,,,,,
181866656122200,62960839952688,184,-4992,1056,-2144,-3008,129024,523840,,,,,,
181866657122200,62960840953980,185,-4896,1536,-2144,-4672,129472,525056,,,,,,
181866657992600,62960841952938,186,-4896,1536,-2432,-2496,127872,524288,,,,,,
181866658999600,62960842952646,187,-4288,1344,-2208,-1728,129088,524672,,,,,,
181866660123200,62960843953646,188,-4640,1024,-2816,-3712,125568,526080,,,,,,
181866661000100,62960844952605,189,-5184,1216,-2688,-2624,128960,522560,,,,,,
181866661997200,62960845953063,190,-4192,800,-1728,-5184,128896,523840,,,,,,
181866662996800,62960846952771,191,-4704,1280,-2624,-3776,126592,522432,,,,,,
181866663996500,62960847952980,192,-4704,928,-2528,-3008,128832,526336,,,,,,
181866664995400,62960848952855,193,-4480,1376,-2080,-3648,127808,522368,,,,,,
181866666125700,62960849953938,194,-4864,1216,-2400,-2944,128640,523392,,,,,,
181866666984400,62960850954188,195,-4768,1312,-2176,-4608,129152,525312,,,,,,
181866668001300,62960851952896,196,-4704,992,-2400,-3968,127296,524224,,,,,,
181866668995700,62960852952896,197,-4672,992,-2336,-4800,128064,524288,,,,,,
181866669995300,62960853952855,198,-4672,1312,-2752,-4032,128448,525568,,,,,,
181866670996500,62960854952938,199,-4736,1056,-2944,-4032,127360,523392,,,,,,
181866672002600,62960855954313,200,-4928,800,-2144,-3200,127424,522560,,,,,,
181866672998100,62960856952730,201,-4832,1408,-2560,-2176,128064,522240,,,,,,
181866673993500,62960857952896,202,-4512,1120,-1760,-5888,128448,524288,,,,,,
181866674994100,62960858952730,203,-4928,1152,-3072,-2432,126656,523840,,,,,,
181866676123500,62960859952938,204,-4320,1088,-2080,-4480,127488,524160,,,,,,
181866676995600,62960860952980,205,-4160,768,-2176,-4096,127552,521856,,,,,,
181866678121300,62960861953188,206,-4480,1216,-2848,-4480,129408,525248,,,,,,
181866678995400,62960862952896,207,-4992,1376,-2336,-4544,127808,523584,,,,,,
181866679995100,62960863952688,208,-4608,1280,-2336,-3456,129408,523520,,,,,,
181866680996200,62960864952855,209,-4736,1856,-2592,-4544,128512,525184,,,,,,
181866682001800,62960865952771,210,-4192,832,-1984,-3136,129280,525888,,,,,,
181866682995800,62960866953063,211,-4320,1088,-2272,-3584,127552,524224,,,,,,
181866684002100,62960867952813,212,-4640,960,-2112,-4864,126272,522688,,,,,,
181866684995900,62960868952980,213,-4768,1152,-2464,-3264,128576,523456,,,,,,
181866686119800,62960869952855,214,-4864,1280,-2304,-3712,128768,522816,,,,,,
181866686996000,62960870952896,215,-4576,928,-2400,-4352,127104,522432,,,,,,
181866687997000,62960871952938,216,-4576,928,-2144,-3712,127552,526656,,,,,,
181866689121900,62960872952771,217,-5152,1184,-2400,-4352,127744,522816,,,,,,
181866689995900,62960873954355,218,-4544,1632,-2720,-5376,128320,523904,,,,,,
181866690994900,62960874952771,219,-5024,928,-2240,-5440,128064,523520,,,,,,
181866691991200,62960875952855,220,-4288,1312,-2528,-3840,127744,523520,,,,,,
181866692999000,62960876952813,221,-4608,1024,-2752,-4160,129280,524992,,,,,,
181866693997800,62960877952646,222,-4864,1312,-2816,-5312,129792,525696,,,,,,
181866694997400,62960878953105,223,-4448,1184,-2016,-3072,128064,522560,,,,,,
181866696126000,62960879952646,224,-5504,1024,-3008,-4864,127616,523008,,,,,,
181866697000800,62960880954480,225,-4960,1088,-2720,-5440,128320,523712,,,,,,
181866697998200,62960881952855,226,-4800,1280,-1632,-4608,127424,522560,,,,,,
181866698999500,62960882953021,227,-4384,1216,-2336,-3328,130688,525184,,,,,,
181866700304500,62960883952980,228,-4448,1056,-2784,-2880,128000,523712,,,,,,
181866701000700,62960884952771,229,-4608,960,-2336,-3584,128320,523584,,,,,,
181866701996400,62960885952896,230,-4928,1216,-2144,-3200,127168,523328,,,,,,
181866702993700,62960886952771,231,-4704,832,-2432,-4544,128192,525568,,,,,,
181866703994900,62960887952980,232,-4896,1152,-2752,-5312,129280,525248,,,,,,
181866704994800,62960888952855,233,-5056,1536,-2528,-4736,126848,525312,,,,,,
181866706120400,62960889952605,234,-4864,672,-2464,-4800,128192,523968,,,,,,
181866706995800,62960890954521,235,-4864,1216,-2144,-2816,127104,523072,,,,,,
181866707987400,62960891954313,236,-4864,1248,-2080,-4480,128384,524672,,,,,,
181866709002100,62960892954105,237,-4640,1120,-2400,-3776,128256,525568,,,,,,
181866709998400,62960893952813,238,-4480,1568,-2368,-4224,127936,526144,,,,,,
181866710997800,62960894952980,239,-5216,1408,-3008,-3264,128000,525888,,,,,,
181866711997800,62960895952938,240,-4960,1344,-2784,-3072,128064,524224,,,,,,
181866712997800,62960896952688,241,-4416,608,-2432,-3712,128384,523264,,,,,,
181866713995700,62960897952896,242,-4832,1504,-2464,-3328,129216,525440,,,,,,
181866714996900,62960898952771,243,-4224,1024,-2336,-2048,129536,520768,,,,,,
181866716126600,62960899953646,244,-3968,832,-2432,-4352,128384,522752,,,,,,
181866716993000,62960900952938,245,-4512,1408,-1792,-2944,128960,523584,,,,,,
181866717998300,62960901952688,246,-4832,1504,-2624,-4160,128256,524928,,,,,,
181866718996600,62960902953063,247,-4576,1280,-2848,-4096,129472,525952,,,,,,
181866719995600,62960903952771,248,-4480,1024,-2304,-3264,126336,524096,,,,,,
181866720998500,62960904952855,249,-4672,1408,-2240,-2624,128000,521664,,,,,,
181866721996700,62960905952813,250,-4160,1056,-2368,-4928,128768,523776,,,,,,
181866722996600,62960906952730,251,-4672,1376,-2528,-2752,129536,525888,,,,,,
181866723988100,62960907954730,252,-4576,1088,-2368,-3072,127680,522112,,,,,,
181866724997700,62960908952730,253,-4640,1056,-2144,-4288,128640,524544,,,,,,
181866726124100,62960909952855,254,-3712,1088,-2912,-1984,129344,524864,,,,,,
181866727002700,62960910954021,255,-5024,1664,-1920,-3136,129088,523648,,,,,,
181866727997300,62960911952813,0,-5312,896,-2592,-3904,131008,523520,,,,,,
181866728989300,62960912952896,1,-4992,1312,-2560,-4992,128064,523840,,,,,,
181866729988800,62960913953021,2,-4576,1184,-2592,-4032,127488,521088,,,,,,
181866730993300,62960914952855,3,-4416,1440,-2784,-3456,128896,524032,,,,,,
181866732043300,62960915952896,4,-4320,1088,-2432,-3264,127552,521984,,,,,,
181866732992100,62960916952855,5,-4992,1152,-2784,-4096,128768,521152,,,,,,
181866733987900,62960917952855,6,-4096,1344,-2336,-3328,127232,520320,,,,,,
181866735004600,62960918952855,7,-5184,1440,-2848,-2560,128832,522432,,,,,,
181866736123600,62960919952980,8,-4736,1088,-2176,-3200,127680,522368,,,,,,
181866736998400,62960920955688,9,-4672,1184,-2432,-3776,127616,523264,,,,,,
181866737993800,62960921952855,10,-4608,864,-2624,-3136,129472,525568,,,,,,
181866738994000,62960922952813,11,-4352,1632,-2912,-3776,127936,522944,,,,,,
181866739998500,62960923952813,12,-5248,1120,-2304,-2304,128832,524416,,,,,,
181866740993700,62960924952730,13,-4992,960,-2624,-4544,128896,523648,,,,,,
181866742010000,62960925952896,14,-4512,1248,-2176,-3264,128896,523456,,,,,,
181866743051500,62960926952813,15,-4832,1600,-3264,-5312,128320,523136,,,,,,
181866743994100,62960927952771,16,-4832,1120,-2336,-4544,127808,521472,,,,,,
181866744994300,62960928952771,17,-4128,1056,-2528,-3072,129152,522176,,,,,,
181866746122400,62960929952938,18,-4800,1376,-2272,-3584,127936,522752,,,,,,
181866746996300,62960930952855,19,-4608,1056,-2624,-3008,130176,524864,,,,,,
181866748124300,62960931952938,20,-4384,832,-2496,-2816,128512,523904,,,,,,
181866749125800,62960932954355,21,-4992,1568,-2816,-5632,128256,523200,,,,,,
181866749997100,62960933952896,22,-4576,1248,-2720,-3456,127552,523328,,,,,,
181866750999000,62960934952646,23,-4608,1376,-2464,-3392,127616,527424,,,,,,
181866751994000,62960935952813,24,-4896,1600,-2912,-6080,126848,524800,,,,,,
181866752994100,62960936952730,25,-4928,928,-2816,-2816,128768,524416,,,,,,
181866754120900,62960937953105,26,-4544,1152,-1824,-3264,129408,523264,,,,,,
181866754995800,62960938952730,27,-4352,1504,-2144,-3072,127552,522560,,,,,,
181866756123600,62960939953022,28,-4544,1312,-1824,-4160,127424,522816,,,,,,
181866756992800,62960940952897,29,-4800,1504,-2624,-3008,127680,522688,,,,,,
181866757995000,62960941952813,30,-5056,1312,-2432,-4032,128896,523200,,,,,,
181866758998300,62960942953022,31,-4768,1280,-3200,-2688,127872,523968,,,,,,
181866759995300,62960943952938,32,-4608,1664,-2336,-5568,128512,524864,,,,,,
181866760997500,62960944952938,33,-4192,1248,-2112,-2240,129408,524224,,,,,,
181866761997400,62960945952730,34,-4416,1312,-2528,-3648,128192,524032,,,,,,
181866762996600,62960946952855,35,-4736,1440,-2112,-5504,127232,525632,,,,,,
181866763996000,62960947952813,36,-4544,1344,-2528,-4032,129024,521408,,,,,,
181866764996400,62960948952730,37,-4672,704,-2304,-3456,128256,522432,,,,,,
181866766125200,62960949953397,38,-4160,1312,-2304,-4160,127552,523712,,,,,,
181866766997500,62960950953313,39,-4576,1440,-2880,-3968,127040,523968,,,,,,
181866767995500,62960951952855,40,-4096,960,-2016,-3328,128000,522112,,,,,,
181866768995700,62960952953022,41,-4160,1664,-2464,-3520,128512,521536,,,,,,
181866769992600,62960953952897,42,-4384,1120,-2880,-4224,126592,521856,,,,,,
181866770995300,62960954952938,43,-4096,1152,-2240,-4416,127872,523840,,,,,,
181866771993000,62960955952938,44,-4672,992,-3200,-4608,128128,524416,,,,,,
181866773002000,62960956955480,45,-4672,1024,-2368,-2688,128064,524736,,,,,,
181866773994700,62960957952813,46,-4672,832,-2432,-4416,128000,523456,,,,,,
181866774993900,62960958952897,47,-4448,1728,-2816,-4160,128768,522112,,,,,,
181866776124000,62960959952813,48,-4832,1088,-2528,-3520,129152,521216,,,,,,
181866776996400,62960960954647,49,-4576,1056,-1888,-4032,128704,524160,,,,,,
181866777995700,62960961954855,50,-4192,1216,-2336,-3328,127744,523968,,,,,,
181866778995800,62960962954147,51,-5120,1312,-2816,-5824,129216,523520,,,,,,
181866779997400,62960963952855,52,-4128,1184,-1792,-4352,129216,524416,,,,,,
181866780993500,62960964952730,53,-5056,1184,-2496,-4096,129216,523328,,,,,,
181866781993300,62960965952938,54,-5088,1344,-2368,-5120,126656,522496,,,,,,
181866782994400,62960966952688,55,-4672,864,-2624,-4224,128896,525184,,,,,,
181866784228300,62960967952897,56,-4608,736,-2112,-2816,128512,522752,,,,,,
181866784996800,62960968953563,57,-5024,992,-1984,-5696,130304,524224,,,,,,
181866786118300,62960969952730,58,-4992,1312,-2496,-4352,127872,525440,,,,,,
181866786994400,62960970952813,59,-4640,1248,-2592,-6272,128384,524352,,,,,,
181866787986500,62960971952855,60,-4384,896,-2720,-2688,126976,525632,,,,,,
181866788997000,62960972952980,61,-4928,1600,-2336,-3840,127488,523648,,,,,,
181866789995900,62960973953938,62,-5024,960,-3072,-4800,128768,524608,,,,,,
181866790996200,62960974954147,63,-4608,1088,-2336,-4352,127104,525056,,,,,,
181866791996800,62960975952730,64,-4960,1536,-2176,-4800,128704,524032,,,,,,
181866792996800,62960976952772,65,-4672,800,-1920,-4864,128000,523520,,,,,,
181866793998000,62960977952897,66,-4864,1088,-2784,-3648,128256,523072,,,,,,
181866794996500,62960978952688,67,-4896,1184,-2688,-3264,130496,527488,,,,,,
181866796255600,62960979954480,68,-4800,1312,-2496,-2816,129344,523776,,,,,,
181866796992600,62960980954272,69,-4864,960,-2752,-4608,129664,523136,,,,,,
181866797995500,62960981952813,70,-4704,1088,-2048,-4096,126336,525440,,,,,,
181866798995400,62960982953980,71,-4928,1024,-2944,-4224,127744,520576,,,,,,
181866799997900,62960983952730,72,-5216,1120,-2528,-3968,128768,524288,,,,,,
181866800999600,62960984953022,73,-5216,1088,-2784,-4544,126976,525248,,,,,,
181866801993600,62960985954147,74,-4672,1312,-2176,-5056,128896,523520,,,,,,
181866802993300,62960986952688,75,-4544,1312,-2240,-3904,127744,524864,,,,,,
181866803999900,62960987952855,76,-4832,960,-2368,-2816,128384,525824,,,,,,
181866804992500,62960988953105,77,-4928,992,-2336,-1920,126784,526272,,,,,,
181866806119700,62960989952938,78,-4928,1344,-2592,-3840,128128,526656,,,,,,
181866806998600,62960990952688,79,-4576,1088,-2304,-3264,130560,523072,,,,,,
181866807995400,62960991952897,80,-4512,1600,-2912,-5376,128064,521472,,,,,,
181866809000200,62960992952813,81,-4800,1472,-2656,-2048,128192,525312,,,,,,
181866809994900,62960993952522,82,-4288,1184,-2528,-2560,129344,521664,,,,,,
181866810993000,62960994952897,83,-4896,1024,-2048,-2304,128192,524288,,,,,,
181866811996300,62960995952730,84,-5024,1216,-2720,-3968,129664,524800,,,,,,
181866812999600,62960996952897,85,-4064,1184,-2592,-3648,129280,524224,,,,,,
181866814000100,62960997952730,86,-4800,1376,-2496,-3776,130048,525760,,,,,,
181866814999200,62960998952980,87,-4192,1440,-2208,-4416,127488,521984,,,,,,
181866816125500,62960999952730,88,-4608,992,-2624,-3968,127744,521920,,,,,,
181866817031700,62961000954313,89,-5376,1504,-2976,-5696,130432,524096,,,,,,
181866817993900,62961001952938,90,-4544,1216,-2496,-4288,126976,521344,,,,,,
181866818994800,62961002952813,91,-4768,1152,-2176,-4992,128512,524928,,,,,,
181866819995100,62961003953188,92,-4352,1216,-2752,-2688,127232,522880,,,,,,
181866820993100,62961004952688,93,-4416,1344,-2080,-5440,129344,523264,,,,,,
181866821990200,62961005952855,94,-4736,1248,-2208,-5376,127104,523904,,,,,,
181866823109600,62961006952813,95,-4000,1216,-2176,-5504,128768,526016,,,,,,
181866823997700,62961007952688,96,-4544,1600,-2784,-3776,125568,522432,,,,,,
181866824999500,62961008952980,97,-4224,960,-2432,-3904,127296,522624,,,,,,
181866826114700,62961009954105,98,-4800,864,-2112,-3200,126528,523392,,,,,,
181866826995200,62961010952855,99,-4832,1408,-2976,-4992,127104,523520,,,,,,
181866827985400,62961011952897,100,-4704,1664,-2240,-1920,128000,522816,,,,,,
181866829011900,62961012952938,101,-4704,1216,-2368,-3904,127552,523776,,,,,,
181866829984800,62961013952813,102,-4864,1376,-2336,-2432,127168,522240,,,,,,
181866830983700,62961014952730,103,-5440,1440,-2528,-5184,129472,524160,,,,,,
181866832004200,62961015952730,104,-5024,1408,-2944,-3008,129600,524288,,,,,,
181866832985900,62961016952813,105,-4416,1248,-2144,-3904,127488,521856,,,,,,
181866833998600,62961017952938,106,-4576,768,-2176,-6080,127296,523264,,,,,,
181866834998700,62961018952938,107,-4800,1536,-2816,-3264,128704,523456,,,,,,
181866836125500,62961019952772,108,-4192,1056,-1728,-3840,127936,523456,,,,,,
181866836994000,62961020952980,109,-5216,896,-2400,-2432,129408,522688,,,,,,
181866837984300,62961021952730,110,-5184,1216,-2112,-4992,127232,522176,,,,,,
181866839001800,62961022952730,111,-4736,576,-2720,-6784,127296,523520,,,,,,
181866840118900,62961023952855,112,-4640,1344,-2720,-4288,127936,522432,,,,,,
181866841072700,62961024952813,113,-4736,1600,-1984,-2496,128000,523968,,,,,,
181866841989600,62961025952772,114,-5312,1248,-2816,-4800,126592,523776,,,,,,
181866842996700,62961026954188,115,-5408,1568,-2816,-5056,128768,524480,,,,,,
181866843999100,62961027952855,116,-4384,1120,-2400,-4224,127360,523584,,,,,,
181866845008500,62961028954230,117,-4256,896,-1952,-6016,128640,522944,,,,,,
181866846112500,62961029952938,118,-4992,832,-2720,-5184,128576,525824,,,,,,
181866846980900,62961030953772,119,-3936,992,-2144,-1920,129088,525824,,,,,,
181866847993600,62961031953397,120,-4864,1216,-2496,-4480,128000,521024,,,,,,
181866849003000,62961032952730,121,-4480,1248,-2304,-4288,127104,525696,,,,,,
181866849982200,62961033954355,122,-4544,992,-2496,-4224,127488,525760,,,,,,
181866851010100,62961034952897,123,-4448,1248,-1760,-2176,128128,525056,,,,,,
181866852004900,62961035953480,124,-5024,1440,-2592,-2688,126208,524736,,,,,,
181866852990900,62961036952938,125,-4864,1664,-2688,-3264,128832,520704,,,,,,
181866853994800,62961037952772,126,-4672,1312,-2400,-4032,128512,523136,,,,,,
181866854994300,62961038953855,127,-4160,1248,-2272,-4096,127424,524864,,,,,,
181866856102900,62961039952772,128,-4544,1376,-2304,-2944,128448,523712,,,,,,
181866857005500,62961040953730,129,-4672,896,-2496,-3584,126848,522688,,,,,,
181866857990200,62961041953188,130,-4096,896,-2912,-4800,128960,526272,,,,,,
181866858986000,62961042952688,131,-4736,1056,-2624,-4928,129152,523200,,,,,,
181866859995500,62961043952938,132,-4448,1088,-2624,-3520,129216,525824,,,,,,
181866860984600,62961044953397,133,-4256,1248,-2144,-2176,128768,524864,,,,,,
181866861984500,62961045952772,134,-4640,1440,-2624,-4096,129344,526784,,,,,,
181866862991900,62961046952897,135,-4224,1504,-2272,-1600,127744,523264,,,,,,
181866863994100,62961047952355,136,-4896,1568,-2112,-4096,128512,523264,,,,,,
181866864989600,62961048952980,137,-4480,832,-2272,-3008,128704,520512,,,,,,
181866866115000,62961049952688,138,-4768,1440,-2912,-2304,127808,522496,,,,,,
181866866981600,62961050953022,139,-4256,1280,-2240,-2240,128320,525568,,,,,,
181866867990500,62961051952772,140,-5120,1248,-2176,-4416,128896,524800,,,,,,
181866868991200,62961052953063,141,-4608,928,-2528,-3264,129408,522752,,,,,,
181866869986000,62961053952813,142,-4480,1248,-2304,-2688,126144,525312,,,,,,
181866870999800,62961054952647,143,-4704,1152,-2752,-2816,128128,523136,,,,,,
181866871984000,62961055952938,144,-4416,1184,-3008,-2240,127424,524864,,,,,,
181866872984000,62961056952730,145,-4320,1696,-1888,-4224,128768,523264,,,,,,
181866873984900,62961057952813,146,-4896,832,-2720,-4160,126592,523008,,,,,,
181866874991500,62961058952813,147,-5088,1088,-2592,-4096,128512,524928,,,,,,
181866876124200,62961059952647,148,-5024,928,-3104,-3456,129088,525376,,,,,,
181866876980900,62961060954230,149,-4160,832,-1760,-2368,128000,524800,,,,,,
181866877984000,62961061952772,150,-4320,1280,-1440,-4928,129472,525056,,,,,,
181866878999800,62961062955730,151,-4576,1344,-3104,-4864,129856,521856,,,,,,
181866879996700,62961063953897,152,-4512,992,-2880,-3840,127488,522240,,,,,,
181866880986800,62961064952605,153,-4896,1280,-2784,-4416,127680,522560,,,,,,
181866882029500,62961065952772,154,-4768,800,-1984,-3456,128960,524032,,,,,,
181866883154900,62961066952688,155,-4320,1280,-1888,-4160,129600,522944,,,,,,
181866883993200,62961067956147,156,-4928,1472,-2496,-6016,127296,525312,,,,,,
181866884993000,62961068952855,157,-4288,992,-1920,-2688,128320,523136,,,,,,
181866886127700,62961069952897,158,-5280,1056,-2848,-4928,128128,524736,,,,,,
181866886992700,62961070952897,159,-4128,1216,-2912,-4608,127104,523968,,,,,,
181866887986100,62961071952647,160,-5056,1152,-2656,-4224,128640,525184,,,,,,
181866888982300,62961072952813,161,-4768,800,-1952,-4736,128576,526208,,,,,,
181866889989700,62961073952688,162,-4928,1728,-2880,-4416,127616,523968,,,,,,
181866890983200,62961074952897,163,-4832,1184,-2496,-4032,127296,525440,,,,,,
181866891985200,62961075952772,164,-5120,1568,-2080,-4864,131520,525696,,,,,,
181866892992500,62961076952897,165,-4640,1568,-2144,-5504,130432,525312,,,,,,
181866893998400,62961077952813,166,-4416,1440,-2208,-4288,127936,524032,,,,,,
181866894989100,62961078952605,167,-4256,992,-3008,-2432,127744,521920,,,,,,
181866896106800,62961079952772,168,-4224,1024,-2272,-5248,128448,523648,,,,,,
181866897113300,62961080957147,169,-5056,1312,-2496,-2752,130112,523776,,,,,,
181866897991900,62961081954188,170,-4768,1568,-2208,-4800,127552,523392,,,,,,
181866898987500,62961082952730,171,-4512,1280,-2048,-4352,127936,524416,,,,,,
181866899991800,62961083952813,172,-4640,832,-2464,-4352,127296,522944,,,,,,
181866900990600,62961084952605,173,-4608,1376,-2528,-4032,126400,521792,,,,,,
181866901986700,62961085952813,174,-4448,1024,-2208,-4800,128128,524800,,,,,,
181866902989100,62961086952730,175,-4544,1184,-1664,-5440,127936,525440,,,,,,
181866903981600,62961087952772,176,-4864,1536,-2848,-3456,127168,523136,,,,,,
181866904984600,62961088952980,177,-4288,1408,-2112,-4096,129536,523264,,,,,,
181866906115700,62961089952688,178,-3808,1536,-2528,-3392,126144,524544,,,,,,
181866907000600,62961090954355,179,-4704,1440,-1888,-4480,128128,521856,,,,,,
181866907979100,62961091952772,180,-5088,800,-1792,-3840,127296,525248,,,,,,
181866908985700,62961092952772,181,-5312,1568,-2912,-3968,128192,522560,,,,,,
181866909985800,62961093952813,182,-4256,1440,-1952,-2624,128064,523968,,,,,,
181866910986800,62961094952772,183,-4384,1440,-2976,-3264,128256,522560,,,,,,
181866911983400,62961095952813,184,-4960,864,-2208,-3648,128960,524672,,,,,,
181866913154700,62961096952772,185,-4992,1504,-2368,-5120,129152,523712,,,,,,
181866913992300,62961097953688,186,-4416,992,-1696,-3648,129152,522816,,,,,,
181866914991000,62961098952772,187,-4704,1888,-2496,-3392,127808,523648,,,,,,
181866916116900,62961099953313,188,-4608,1344,-2656,-4416,129344,519552,,,,,,
181866916976000,62961100954355,189,-4864,1536,-2720,-5504,127936,523200,,,,,,
181866918128100,62961101952772,190,-4512,672,-1728,-4992,128768,522880,,,,,,
181866918990300,62961102952980,191,-4512,1152,-2496,-3904,127424,524544,,,,,,
181866919985100,62961103952813,192,-4768,1184,-3008,-4352,127424,521024,,,,,,
181866921001300,62961104952647,193,-4992,1152,-2016,-3584,129792,523840,,,,,,
181866922098000,62961105952855,194,-4768,1376,-2688,-2816,126528,524096,,,,,,
181866922993600,62961106952688,195,-4576,960,-1984,-4544,129408,521984,,,,,,
181866923982700,62961107952813,196,-4832,1408,-2784,-5568,127744,522048,,,,,,
181866924979800,62961108952772,197,-5024,864,-1856,-3968,126656,524928,,,,,,
181866926114100,62961109952688,198,-5088,736,-2368,-3456,127360,522944,,,,,,
181866926982000,62961110952855,199,-4672,1312,-2432,-4544,128256,522048,,,,,,
181866927979000,62961111952647,200,-4416,1536,-2848,-5440,130240,523136,,,,,,
181866928992900,62961112952938,201,-5408,1248,-2080,-4544,128704,524288,,,,,,
181866929986100,62961113952688,202,-4544,1312,-2592,-3648,127936,525056,,,,,,
181866930983500,62961114952938,203,-5216,1376,-2624,-3776,126784,523648,,,,,,
181866931986500,62961115952688,204,-5152,1248,-2208,-5248,128576,523072,,,,,,
181866932999100,62961116953272,205,-4192,1344,-2496,-5440,127616,522880,,,,,,
181866934040700,62961117952772,206,-4928,928,-2336,-4352,126784,525760,,,,,,
181866934994000,62961118952647,207,-4832,1056,-2816,-6400,128704,524928,,,,,,
181866936110600,62961119953438,208,-5152,832,-3040,-3136,126528,523392,,,,,,
181866936983400,62961120952772,209,-5120,1184,-2336,-4736,127808,521472,,,,,,
181866937984000,62961121952813,210,-4544,896,-2464,-2560,129600,524416,,,,,,
181866938994800,62961122952730,211,-4768,1280,-2976,-3584,128384,522880,,,,,,
181866940000200,62961123952855,212,-4512,1184,-2080,-4416,128128,522816,,,,,,
181866940993900,62961124952813,213,-4448,960,-1888,-4416,127808,523520,,,,,,
181866941985700,62961125953480,214,-4800,1184,-2048,-5376,128000,524224,,,,,,
181866943050200,62961126952855,215,-4448,1216,-2528,-3264,129600,525824,,,,,,
181866943995200,62961127953980,216,-4736,1376,-2368,-3584,130496,523264,,,,,,
181866945340000,62961128952855,217,-5408,1536,-2496,-1024,127360,524864,,,,,,
181866946121300,62961129952855,218,-4672,1376,-2272,-1792,128000,524032,,,,,,
181866946991900,62961130952688,219,-4960,1312,-2400,-3776,129856,524992,,,,,,
181866947994000,62961131954938,220,-4704,1152,-2144,-5312,128704,524160,,,,,,
181866948995800,62961132952730,221,-4640,1600,-2848,-2304,127424,523712,,,,,,
181866949997500,62961133952897,222,-4672,992,-2336,-5184,126976,524608,,,,,,
181866950994700,62961134953897,223,-4768,992,-1792,-4416,128704,521984,,,,,,
181866951997000,62961135952813,224,-4352,1024,-2464,-4032,126912,525120,,,,,,
181866952994000,62961136952897,225,-5056,1120,-2208,-2944,127424,522880,,,,,,
181866953995700,62961137952730,226,-5056,1120,-2208,-5696,128320,524800,,,,,,
181866954995200,62961138952855,227,-4512,1408,-2464,-3584,128960,524608,,,,,,
181866956119600,62961139952730,228,-4736,1312,-2976,-3072,128128,524736,,,,,,
181866956993400,62961140952855,229,-4832,1504,-3072,-5248,129536,523328,,,,,,
181866957996600,62961141955230,230,-4672,1472,-2528,-2880,127232,523264,,,,,,
181866958993000,62961142953980,231,-4128,1440,-2176,-3072,127808,521600,,,,,,
181866959996400,62961143952772,232,-4960,1312,-2016,-2496,126848,524928,,,,,,
181866960996500,62961144952855,233,-4416,864,-2560,-5760,128640,525312,,,,,,
181866962000300,62961145952855,234,-5184,1088,-2624,-4864,126912,523904,,,,,,
181866962998000,62961146952688,235,-4224,928,-2496,-5696,128000,522688,,,,,,
181866963997000,62961147952855,236,-4736,1504,-2848,-4352,128512,523008,,,,,,
181866964998000,62961148955813,237,-5088,960,-2528,-3840,128192,524992,,,,,,
181866966125700,62961149952813,238,-4544,1152,-2432,-4608,129984,523008,,,,,,
181866966994200,62961150954855,239,-4384,1376,-2336,-5120,128320,522304,,,,,,
181866967998200,62961151955397,240,-4224,1344,-2080,-4544,128512,523904,,,,,,
181866968996300,62961152952772,241,-4960,1472,-2112,-5440,128064,522240,,,,,,
181866970000100,62961153952730,242,-5184,1248,-2784,-5312,128512,525440,,,,,,
181866971001100,62961154952855,243,-4864,1504,-2816,-5248,127744,524544,,,,,,
181866972001100,62961155952897,244,-4384,1024,-2208,-3264,128640,524032,,,,,,
181866972998800,62961156952813,245,-4768,1312,-2304,-3776,127808,524160,,,,,,
181866973996400,62961157952813,246,-4288,1664,-2464,-3264,128640,524096,,,,,,
181866974994400,62961158952730,247,-5056,1216,-2368,-1920,128512,524224,,,,,,
181866976122400,62961159952897,248,-4896,1376,-2080,-4224,129216,525888,,,,,,
181866977104400,62961160952813,249,-4896,1184,-2688,-4544,127488,524096,,,,,,
181866978005600,62961161952897,250,-4224,1408,-2432,-2816,127104,521600,,,,,,
181866978997000,62961162953772,251,-4896,928,-2208,-4160,126912,523776,,,,,,
181866979998000,62961163952647,252,-4512,1376,-2144,-5376,128448,524224,,,,,,
181866980991300,62961164952813,253,-4736,1152,-2880,-4480,126976,522304,,,,,,
181866982002800,62961165952605,254,-4384,1056,-2432,-3008,127744,526016,,,,,,
181866983013400,62961166952855,255,-4480,960,-2432,-4544,128000,523456,,,,,,
181866984002400,62961167952772,0,-4416,896,-2624,-3712,129600,526272,,,,,,
181866984998500,62961168952938,1,-4480,1248,-2368,-4544,128512,523392,,,,,,
181866986119600,62961169954230,2,-5152,1216,-2496,-3904,130048,524480,,,,,,
181866986996400,62961170954230,3,-4896,1312,-3072,-3008,128448,523328,,,,,,
181866987999500,62961171952897,4,-4064,1376,-2432,-5184,128384,525568,,,,,,
181866989000300,62961172952688,5,-4416,1248,-2688,-4224,125952,522880,,,,,,
181866990002200,62961173955188,6,-4864,928,-2112,-4352,127552,525760,,,,,,
181866990997800,62961174952688,7,-4544,1024,-2336,-3392,126784,524352,,,,,,
181866991997200,62961175952897,8,-4768,1024,-1824,-3200,127616,525504,,,,,,
181866992994600,62961176952855,9,-5024,1056,-2240,-5056,128448,524032,,,,,,
181866993994400,62961177952647,10,-4448,832,-2464,-3904,129792,522112,,,,,,
181866994990700,62961178952855,11,-4960,1280,-2496,-3840,127680,528448,,,,,,
181866996122500,62961179952730,12,-4512,1344,-2752,-5504,127680,522688,,,,,,
181866997118900,62961180954313,13,-4352,1088,-2432,-3840,128640,523776,,,,,,
181866997994200,62961181955897,14,-4416,1472,-2176,-3328,129344,525632,,,,,,
181866999007000,62961182953688,15,-4576,1376,-2176,-2688,127296,526336,,,,,,
181866999993300,62961183953063,16,-4576,1376,-2464,-4352,128384,524608,,,,,,
181867000999100,62961184952605,17,-4352,384,-1984,-3776,129152,524736,,,,,,
181867001995900,62961185952938,18,-4288,1024,-2400,-1344,129728,525760,,,,,,
181867003068600,62961186953897,19,-4800,864,-2464,-3008,128704,524096,,,,,,
181867003998500,62961187952855,20,-4736,896,-2176,-4096,128448,524864,,,,,,
181867004997300,62961188952772,21,-5248,1344,-2400,-4608,129536,522304,,,,,,
181867006122800,62961189952563,22,-4544,1344,-2720,-2944,128576,524224,,,,,,
181867006992500,62961190953438,23,-4928,1504,-2528,-2496,128448,524800,,,,,,
181867007993700,62961191953772,24,-4128,1024,-1440,-2944,129792,522624,,,,,,
181867008990500,62961192952938,25,-4512,992,-2496,-1344,127040,524288,,,,,,
181867009998800,62961193952813,26,-4928,1312,-2528,-3840,127360,524224,,,,,,
181867011005400,62961194952980,27,-4128,1472,-2976,-3136,129472,523776,,,,,,
181867011995500,62961195952688,28,-4416,1184,-3200,-4864,128832,525440,,,,,,
181867013003000,62961196952813,29,-4704,608,-2208,-2752,128000,523008,,,,,,
181867013988800,62961197952730,30,-4768,1248,-2752,-3840,128192,524480,,,,,,
181867014985600,62961198954230,31,-4416,1408,-1952,-2816,126336,523584,,,,,,
181867016112400,62961199952772,32,-4992,1408,-2784,-3072,127168,524352,,,,,,
181867016990800,62961200952772,33,-4000,1344,-1792,-3392,128704,526848,,,,,,
181867018004500,62961201952938,34,-4352,1152,-2432,-2624,127808,524672,,,,,,
181867018987200,62961202952855,35,-4608,1312,-3328,-3072,128704,521472,,,,,,
181867019987600,62961203952813,36,-4448,1056,-2048,-3008,128768,523904,,,,,,
181867020987600,62961204952855,37,-4416,672,-2208,-4160,126400,523392,,,,,,
181867021987400,62961205952980,38,-4224,1248,-2048,-2880,130496,522752,,,,,,
181867022987300,62961206952897,39,-5632,1824,-2752,-4224,129792,522688,,,,,,
181867023984800,62961207952605,40,-4768,1440,-2368,-4288,127872,523712,,,,,,
181867024987500,62961208952730,41,-4448,1440,-3168,-3776,129920,523648,,,,,,
181867026111800,62961209952730,42,-4864,1632,-2560,-3712,128576,524160,,,,,,
181867026984500,62961210952772,43,-4288,960,-2144,-2880,126080,524480,,,,,,
181867027983500,62961211952938,44,-5248,1312,-3264,-3200,128640,522368,,,,,,
181867028982600,62961212953063,45,-5248,1376,-3360,-2816,127040,522944,,,,,,
181867029985100,62961213952938,46,-4352,1472,-2432,-4416,128192,521920,,,,,,
181867030984400,62961214952688,47,-4032,640,-1984,-2688,126720,523712,,,,,,
181867031984300,62961215952855,48,-5056,1184,-3136,-3200,127872,522048,,,,,,
181867032984400,62961216953563,49,-4384,1248,-2688,-4160,129472,521920,,,,,,
181867033983000,62961217955980,50,-4512,736,-2432,-4736,128576,524480,,,,,,
181867034985800,62961218952855,51,-4512,992,-2080,-3648,126592,521152,,,,,,
181867036110400,62961219952605,52,-5408,1024,-2496,-4544,129856,524096,,,,,,
181867036985300,62961220954313,53,-4352,1280,-2240,-3904,127680,525184,,,,,,
181867037984200,62961221952813,54,-5056,1184,-2336,-3136,130048,524288,,,,,,
181867038981600,62961222952647,55,-5408,704,-2848,-3200,127744,522688,,,,,,
181867039980000,62961223952730,56,-4928,1472,-2336,-3584,131136,521024,,,,,,
181867040986000,62961224952730,57,-4896,1344,-2656,-2944,127680,525568,,,,,,
181867041983100,62961225952855,58,-4864,1024,-2528,-3456,128704,525952,,,,,,
181867042984700,62961226952813,59,-4992,1600,-2272,-2816,127040,524160,,,,,,
181867044003900,62961227955105,60,-4960,1248,-2976,-2304,126784,523712,,,,,,
181867044984700,62961228954272,61,-4736,1600,-2176,-2624,126912,523584,,,,,,
181867046117900,62961229952688,62,-4608,576,-2272,-3648,126784,521984,,,,,,
181867046985400,62961230955897,63,-4960,1216,-2944,-3840,129152,522176,,,,,,
181867047984200,62961231952688,64,-4672,1120,-2720,-3776,128128,521600,,,,,,
181867048984200,62961232953022,65,-5152,1088,-2816,-2816,127872,524544,,,,,,
181867049984300,62961233954022,66,-4864,1056,-2560,-3776,128448,523776,,,,,,
181867050991600,62961234952938,67,-4448,1440,-2784,-2368,128960,523008,,,,,,
181867051991300,62961235952855,68,-4608,672,-2144,-5184,128768,526080,,,,,,
181867052984000,62961236952855,69,-4864,928,-2528,-3648,127936,521408,,,,,,
181867053980000,62961237952855,70,-4512,992,-1568,-5120,126528,524032,,,,,,
181867054982900,62961238952688,71,-4640,1216,-2144,-3584,129088,522496,,,,,,
181867056106200,62961239952938,72,-5376,1344,-2304,-2496,127616,524736,,,,,,
181867056990100,62961240952772,73,-4736,928,-2176,-5120,129152,523264,,,,,,
181867057983700,62961241952605,74,-5312,1568,-2816,-4288,128256,526464,,,,,,
181867058986600,62961242952980,75,-4672,1152,-2592,-4800,127936,522496,,,,,,
181867060002000,62961243952647,76,-4608,1504,-2368,-4096,129344,526784,,,,,,
181867060993800,62961244952772,77,-4640,1312,-1088,-4352,128704,526016,,,,,,
181867061981600,62961245952772,78,-4864,1312,-2720,-3072,127424,525952,,,,,,
181867062991200,62961246952938,79,-4992,1280,-2880,-3968,127360,524672,,,,,,
181867063984600,62961247952813,80,-4800,896,-2048,-5056,129216,524288,,,,,,
181867064984700,62961248952605,81,-4544,1024,-2432,-3776,126592,521664,,,,,,
181867066110100,62961249952938,82,-4608,928,-2240,-3264,128512,521920,,,,,,
181867066982500,62961250953188,83,-5056,832,-2560,-5248,127744,523840,,,,,,
181867068000800,62961251952813,84,-4640,1312,-2528,-5056,130304,523520,,,,,,
181867068983400,62961252954272,85,-4672,1056,-2272,-5952,127232,524544,,,,,,
181867069983100,62961253952938,86,-4896,1120,-2176,-4608,127680,521216,,,,,,
181867070982500,62961254952813,87,-4704,864,-2240,-4352,129728,523264,,,,,,
181867071983600,62961255952647,88,-4736,960,-2784,-4288,128320,523648,,,,,,
181867072997100,62961256952813,89,-4352,832,-2272,-4672,128512,525056,,,,,,
181867073984700,62961257952855,90,-4512,1216,-2080,-3968,128128,520960,,,,,,
181867074982800,62961258952855,91,-4768,768,-2720,-4352,128192,524096,,,,,,
181867076106800,62961259952855,92,-4128,960,-2112,-4032,126656,524032,,,,,,
181867076983600,62961260953022,93,-4224,1408,-2656,-3520,128576,523136,,,,,,
181867077981200,62961261952813,94,-4800,1600,-2592,-6720,128768,524416,,,,,,
181867078984400,62961262952688,95,-4736,1376,-2240,-4032,127168,522560,,,,,,
181867080106200,62961263953438,96,-4416,1280,-2688,-5760,128576,523136,,,,,,
181867080982700,62961264952813,97,-4608,1056,-1952,-3776,127872,522816,,,,,,
181867081983200,62961265952813,98,-4512,1248,-2176,-5376,128960,526336,,,,,,
181867082981600,62961266953605,99,-4832,1504,-2848,-4736,127424,523584,,,,,,
181867083995100,62961267952688,100,-4704,928,-1888,-4416,126080,522176,,,,,,
181867084996000,62961268952730,101,-4896,1344,-2336,-3648,129024,523264,,,,,,
181867086110700,62961269955605,102,-4320,864,-1952,-4800,128704,525120,,,,,,
181867086982600,62961270954438,103,-4448,1024,-1792,-4736,128576,526144,,,,,,
181867087983500,62961271955147,104,-4800,992,-2144,-1920,129216,524864,,,,,,
181867088982300,62961272952897,105,-4768,1504,-2592,-3904,128128,521920,,,,,,
181867089981200,62961273952730,106,-5152,1280,-2720,-3520,128384,525440,,,,,,
181867090987500,62961274952730,107,-3872,1024,-2688,-2752,126016,524096,,,,,,
181867091985500,62961275952813,108,-4864,1152,-2944,-3968,127424,524800,,,,,,
181867092988400,62961276955313,109,-4960,1280,-2592,-4992,128768,523968,,,,,,
181867093992600,62961277952938,110,-5024,1280,-1792,-3968,127872,524224,,,,,,
181867094984000,62961278953272,111,-4832,928,-2144,-4544,128064,523264,,,,,,
181867096117000,62961279952897,112,-5152,1472,-3232,-4224,127936,522880,,,,,,
181867096981000,62961280953230,113,-4768,1056,-2176,-5248,129408,527424,,,,,,
181867097988200,62961281952647,114,-4416,1152,-2336,-3584,127872,525696,,,,,,
181867098988600,62961282952730,115,-4768,960,-2208,-4992,127872,522112,,,,,,
181867099990900,62961283952605,116,-4416,1472,-2560,-4800,127104,524608,,,,,,
181867100988800,62961284952855,117,-4576,960,-2688,-4160,128256,522368,,,,,,
181867101998200,62961285952647,118,-4768,1408,-2464,-4096,127872,521088,,,,,,
181867102997700,62961286952980,119,-4576,1088,-2208,-2880,129024,523328,,,,,,
181867103995600,62961287952813,120,-4960,1184,-3104,-3264,127360,524864,,,,,,
181867104995900,62961288952688,121,-4672,1120,-2016,-3968,127232,525440,,,,,,
181867106120700,62961289952772,122,-5056,1120,-2112,-3584,129984,522624,,,,,,
181867106994600,62961290954188,123,-5312,1344,-2656,-5376,127360,524416,,,,,,
181867107998700,62961291953438,124,-4672,1632,-2720,-4608,127488,525184,,,,,,
181867108995700,62961292952772,125,-4704,800,-2336,-3712,128640,523584,,,,,,
181867110015500,62961293952897,126,-4160,896,-2112,-3200,127488,526016,,,,,,
181867110995200,62961294952855,127,-5088,1056,-2144,-4864,126912,524736,,,,,,
181867111998600,62961295952563,128,-4448,1280,-2112,-4032,127872,524352,,,,,,
181867112998700,62961296952938,129,-4672,960,-2336,-3264,127552,522880,,,,,,
181867113995200,62961297952772,130,-4576,1216,-2240,-4992,127872,524544,,,,,,
181867114998100,62961298952772,131,-5056,1216,-2400,-3712,129600,524864,,,,,,
181867116120400,62961299952772,132,-4736,1504,-2784,-3968,128704,522432,,,,,,
181867116986200,62961300952730,133,-4896,1376,-1952,-1664,127296,522496,,,,,,
181867117994600,62961301952855,134,-4864,1344,-2176,-4480,130048,524416,,,,,,
181867118999100,62961302952688,135,-4864,1376,-3072,-5120,127808,525376,,,,,,
181867119996200,62961303952647,136,-4768,1248,-2336,-3456,128896,524480,,,,,,
181867120998400,62961304952772,137,-5120,1056,-2624,-2240,127488,522880,,,,,,
181867121999300,62961305952855,138,-5056,1184,-2848,-3264,129920,523648,,,,,,
181867122991600,62961306952772,139,-4224,736,-2560,-3072,127744,522688,,,,,,
181867123992200,62961307952563,140,-4704,1088,-2560,-4224,126848,526720,,,,,,
181867125478400,62961308952772,141,-4928,864,-2176,-3776,127680,524480,,,,,,
181867126168700,62961309952730,142,-4864,832,-2656,-4416,127104,523456,,,,,,
181867126987800,62961310955730,143,-5184,1408,-2528,-2368,126976,522752,,,,,,
181867128007700,62961311953313,144,-4384,672,-2240,-2560,127680,523136,,,,,,
181867129000200,62961312952813,145,-4384,1088,-1984,-3840,126976,526144,,,,,,
181867129997000,62961313952772,146,-4448,1312,-2304,-4032,128384,523840,,,,,,
181867130999100,62961314952772,147,-5536,1600,-2976,-2176,127872,521920,,,,,,
181867131996700,62961315953105,148,-4064,1184,-2336,-2944,129536,524160,,,,,,
181867132996100,62961316953355,149,-4576,1376,-2400,-4608,127040,523840,,,,,,
181867133999400,62961317954188,150,-5056,1120,-1824,-4672,127616,523456,,,,,,
181867134999000,62961318952772,151,-4416,1344,-2528,-2560,128000,524224,,,,,,
181867136120900,62961319952980,152,-4864,1312,-2432,-1728,128384,522048,,,,,,
181867136998200,62961320952938,153,-5248,960,-2624,-5952,129280,522752,,,,,,
181867138001000,62961321952730,154,-4864,1344,-2880,-4928,126720,522752,,,,,,
181867138996800,62961322952813,155,-4800,1248,-2208,-2688,127808,522496,,,,,,
181867139997800,62961323952730,156,-4864,1120,-2592,-3904,128960,522816,,,,,,
181867141066300,62961324952855,157,-4896,1344,-2080,-2432,128576,524352,,,,,,
181867141991800,62961325952730,158,-4608,1152,-2592,-3328,127232,522816,,,,,,
181867143045800,62961326952647,159,-4800,896,-1728,-4672,127680,523968,,,,,,
181867143996600,62961327952855,160,-5024,1408,-3200,-4672,128000,523648,,,,,,
181867144993600,62961328953938,161,-4768,1824,-2944,-2944,128000,524352,,,,,,
181867146124300,62961329952813,162,-4896,768,-3200,-5312,128704,524672,,,,,,
181867146997900,62961330954230,163,-4320,832,-2208,-2944,129280,523648,,,,,,
181867147997700,62961331952938,164,-4800,864,-2432,-3392,128768,524480,,,,,,
181867149002100,62961332952730,165,-4352,864,-2560,-3776,127680,524672,,,,,,
181867149998200,62961333952772,166,-4960,1312,-2816,-5376,128576,524544,,,,,,
181867150999000,62961334952688,167,-4992,1472,-2592,-5824,129280,526528,,,,,,
181867151997900,62961335955772,168,-5056,1152,-2720,-3712,129728,524160,,,,,,
181867152998500,62961336952855,169,-4768,1216,-1920,-3520,128384,523584,,,,,,
181867154000800,62961337952688,170,-5024,960,-2816,-3328,128640,523520,,,,,,
181867154996800,62961338952938,171,-5504,1376,-2144,-1152,127680,523776,,,,,,
181867156119400,62961339952688,172,-4512,1472,-2592,-4608,129728,526784,,,,,,
181867156991500,62961340952813,173,-5664,1216,-2432,-2880,128000,525248,,,,,,
181867157994800,62961341952813,174,-4320,896,-1952,-4032,128128,522880,,,,,,
181867159003000,62961342952605,175,-4672,960,-2560,-3776,128640,523648,,,,,,
181867159995200,62961343952813,176,-4576,1152,-2816,-3136,126464,521856,,,,,,
181867160994200,62961344952563,177,-4608,768,-2336,-4928,128768,523712,,,,,,
181867162011200,62961345952897,178,-4512,1280,-2208,-3648,126784,524352,,,,,,
181867162997000,62961346952772,179,-4864,1600,-2080,-4544,128192,522752,,,,,,
181867163996700,62961347952522,180,-5056,1312,-2528,-4416,127936,523264,,,,,,
181867164998100,62961348952855,181,-4128,928,-2240,-2432,127488,522944,,,,,,
181867166127400,62961349952647,182,-4704,992,-2528,-3008,128320,523072,,,,,,
181867166988400,62961350952938,183,-4864,1184,-2816,-2880,129344,523584,,,,,,
181867167995400,62961351952813,184,-4320,960,-2240,-5888,127936,524672,,,,,,
181867168995800,62961352952688,185,-4736,1440,-2976,-3776,128576,521792,,,,,,
181867169995700,62961353952772,186,-4736,1152,-2208,-3840,129088,523072,,,,,,
181867170995400,62961354952522,187,-4352,1152,-2656,-3840,128448,524864,,,,,,
181867171996100,62961355953480,188,-4864,1408,-2144,-4608,129856,523712,,,,,,
181867172986700,62961356952730,189,-4608,832,-1984,-3712,127424,524352,,,,,,
181867173996100,62961357954230,190,-4384,800,-2048,-5696,127936,521728,,,,,,
181867174990100,62961358954188,191,-5120,1312,-2560,-2880,129728,524480,,,,,,
181867176158600,62961359952605,192,-4896,1696,-2528,-4544,128576,523200,,,,,,
181867177002300,62961360952813,193,-4832,1248,-1984,-4800,126848,525248,,,,,,
181867177994600,62961361952813,194,-4832,1184,-2432,-5440,129408,522944,,,,,,
181867178998200,62961362953063,195,-4480,1216,-2080,-5376,129408,524992,,,,,,
181867179997100,62961363952688,196,-4544,1184,-2144,-2432,130048,523584,,,,,,
181867180997200,62961364955730,197,-4928,1504,-2560,-5120,129088,524608,,,,,,
181867181999400,62961365952855,198,-4576,1344,-2528,-4672,128384,522048,,,,,,
181867182999700,62961366953355,199,-4800,1248,-2528,-4352,128640,519360,,,,,,
181867183994600,62961367952772,200,-4480,1056,-2144,-4480,127168,524480,,,,,,
181867184997100,62961368952813,201,-4480,1344,-2048,-4416,128256,524288,,,,,,
181867186110600,62961369952772,202,-4896,1600,-2848,-3328,126912,521856,,,,,,
181867186997700,62961370952855,203,-5472,1408,-2816,-3712,128384,523328,,,,,,
181867187996100,62961371952855,204,-4640,1184,-2144,-4032,128448,524992,,,,,,
181867188999500,62961372953688,205,-4480,1408,-2368,-5376,128640,524800,,,,,,
181867190001000,62961373952688,206,-5024,1696,-2688,-5952,128320,522624,,,,,,
181867191000400,62961374952730,207,-4768,1152,-1856,-3904,127552,524800,,,,,,
181867191992700,62961375953063,208,-4640,1408,-2976,-3136,129216,524416,,,,,,
181867193008800,62961376952813,209,-4064,1600,-2624,-3520,130432,525696,,,,,,
181867193997900,62961377953980,210,-4320,1504,-2368,-2112,129856,522560,,,,,,
181867194993700,62961378952730,211,-4960,800,-2048,-4544,128256,525440,,,,,,
181867196119900,62961379952730,212,-5280,1440,-2656,-4992,128384,523392,,,,,,
181867196994400,62961380952647,213,-4704,1024,-2336,-3136,128960,522304,,,,,,
181867197996900,62961381952647,214,-4768,736,-3072,-4736,128384,523264,,,,,,
181867198995900,62961382952938,215,-5024,1280,-2784,-4352,129152,524480,,,,,,
181867199996900,62961383953188,216,-4288,1120,-2496,-4032,128320,523968,,,,,,
181867200991600,62961384952730,217,-5024,1472,-3040,-448,128256,525440,,,,,,
181867202003400,62961385952813,218,-4480,1152,-2400,-3712,127040,527168,,,,,,
181867202989000,62961386952688,219,-4864,1024,-2944,-3776,128064,523712,,,,,,
181867203996600,62961387952730,220,-4896,1536,-2464,-3904,128384,524352,,,,,,
181867204994700,62961388952730,221,-4544,1536,-2240,-4288,128576,524928,,,,,,
181867206119500,62961389952688,222,-4576,1504,-2368,-2496,128960,523008,,,,,,
181867206995700,62961390953022,223,-5280,1504,-2976,-2432,127232,523264,,,,,,
181867208000300,62961391953105,224,-4352,800,-1920,-2944,127040,523840,,,,,,
181867208994400,62961392952730,225,-4672,1376,-3040,-3968,129152,528128,,,,,,
181867210070800,62961393954230,226,-4704,672,-2752,-4352,125696,522880,,,,,,
181867210997900,62961394952730,227,-4448,1248,-2432,-3520,127424,523840,,,,,,
181867211992600,62961395952897,228,-4608,1472,-2528,-1920,129216,523648,,,,,,
181867212996200,62961396952730,229,-4224,1024,-2688,-3200,128768,521792,,,,,,
181867213995600,62961397953022,230,-5024,1440,-2272,-4864,127616,524352,,,,,,
181867214996900,62961398952897,231,-4608,1152,-2368,-2880,126272,524224,,,,,,
181867216119200,62961399953605,232,-5152,1472,-2624,-2752,128320,523520,,,,,,
181867216984900,62961400953022,233,-4288,992,-2176,-4416,128320,524352,,,,,,
181867217997800,62961401952730,234,-4288,1248,-1952,-4672,129728,520640,,,,,,
181867218994700,62961402953022,235,-3712,1024,-2304,-6272,127040,523840,,,,,,
181867219992900,62961403952813,236,-4736,1184,-2592,-3904,127808,524736,,,,,,
181867221000200,62961404952813,237,-4000,1024,-2720,-4352,129856,524928,,,,,,
181867221998100,62961405952897,238,-4832,1120,-2976,-5760,127552,521536,,,,,,
181867223050300,62961406952605,239,-4640,1216,-3104,-4288,128128,524480,,,,,,
181867223991000,62961407952813,240,-4704,1536,-2560,-4544,127808,524224,,,,,,
181867224990100,62961408952688,241,-4736,1248,-2880,-4160,127104,523200,,,,,,
181867226124100,62961409952855,242,-4416,1184,-2144,-3456,126528,523264,,,,,,
181867226983400,62961410952855,243,-4832,1504,-2752,-4800,128320,521728,,,,,,
181867227980800,62961411952522,244,-4576,1376,-1632,-4288,127616,523072,,,,,,
181867228983600,62961412952897,245,-4608,896,-2656,-4800,129152,524224,,,,,,
181867229983300,62961413952647,246,-4320,864,-2432,-3456,129088,522752,,,,,,
181867231105000,62961414952813,247,-4704,1216,-2176,-5056,126528,523328,,,,,,
181867231984500,62961415952813,248,-4736,832,-2528,-3072,128192,522560,,,,,,
181867233084900,62961416954188,249,-4992,864,-2336,-5888,128000,523200,,,,,,
181867234470000,62961417954855,250,-4896,1312,-2976,-5184,128768,522240,,,,,,
181867234989000,62961418952730,251,-3936,576,-2048,-5248,129728,521984,,,,,,
181867236108800,62961419952897,252,-4544,1504,-2112,-3520,128320,522688,,,,,,
181867237097200,62961420952772,253,-5152,1472,-2048,-5184,129472,526080,,,,,,
181867238221400,62961421952897,254,-4768,1568,-2624,-2816,128576,521280,,,,,,
181867238994000,62961422954605,255,-4992,928,-2880,-4608,129920,524224,,,,,,
181867239989900,62961423952813,0,-4736,928,-3072,-2816,127552,522432,,,,,,
181867240994900,62961424953855,1,-5056,1152,-2912,-3584,128064,522496,,,,,,
181867241991700,62961425952647,2,-5152,1440,-2464,-3904,126016,522304,,,,,,
181867243163300,62961426953480,3,-4288,864,-2272,-2112,127296,523712,,,,,,
181867244143100,62961427957063,4,-4736,960,-2432,-1920,128192,523456,,,,,,
181867244995500,62961428954230,5,-4256,928,-2304,-3072,128512,523968,,,,,,
181867246114600,62961429954605,6,-4384,1440,-2560,-4288,128896,522944,,,,,,
181867247108400,62961430958147,7,-5024,1632,-2016,-5696,127040,526272,,,,,,
181867248119800,62961431963230,8,-5280,1568,-2304,-2304,128960,521984,,,,,,
181867249123200,62961432955230,9,-4736,1472,-2528,-3392,128384,522432,,,,,,
181867250434200,62961433961272,10,-5024,1216,-2848,-3840,129344,521920,,,,,,
181867251129800,62961434958022,11,-4352,1312,-2592,-2880,127936,521920,,,,,,
181867252123600,62961435955730,12,-4544,896,-2176,-5184,128384,521408,,,,,,
181867253122000,62961436958230,13,-5088,1088,-3072,-1792,128576,523904,,,,,,
181867254119800,62961437957522,14,-4480,1056,-2560,-3520,128128,525184,,,,,,
181867255118400,62961438957813,15,-4416,1536,-2432,-4032,127872,523008,,,,,,
181867256236500,62961439957813,16,-4672,1088,-2144,-2368,127232,527040,,,,,,
181867257124500,62961440960688,17,-4704,896,-2560,-3584,128448,526976,,,,,,
181867257995100,62961441955688,18,-4384,864,-2368,-2816,130048,525504,,,,,,
181867259120900,62961442955938,19,-5184,1504,-2912,-4480,127872,522240,,,,,,
181867260141400,62961443959272,20,-5120,1632,-2816,-3008,128192,522816,,,,,,
181867261130000,62961444959730,21,-4704,1152,-2816,-4288,128128,520448,,,,,,
181867262133300,62961445961355,22,-4448,1632,-1728,-4224,128320,523200,,,,,,
181867263121800,62961446961355,23,-4672,1344,-1984,-4160,127104,523264,,,,,,
181867263996000,62961447952855,24,-4448,1504,-2880,-1728,128512,523648,,,,,,
181867265125600,62961448956063,25,-5024,1216,-2880,-4096,128000,521024,,,,,,
181867266123500,62961449952772,26,-4704,1504,-2336,-3200,127936,525952,,,,,,
181867267116400,62961450956355,27,-4864,1056,-2336,-3584,128640,524288,,,,,,
181867268133800,62961451959605,28,-4832,1504,-2272,-3584,127040,524736,,,,,,
181867269122300,62961452957397,29,-4704,736,-2432,-4096,126656,524608,,,,,,
181867270117800,62961453953938,30,-4096,1088,-2112,-2496,129344,523392,,,,,,
181867271120500,62961454958063,31,-4448,1024,-2016,-1920,128256,526656,,,,,,
181867272119700,62961455954938,32,-4768,1344,-2624,-4096,129088,521408,,,,,,
181867273124600,62961456958480,33,-4256,832,-2688,-5120,128832,527168,,,,,,
181867274119800,62961457955688,34,-4576,1088,-2336,-5248,128384,524800,,,,,,
181867275415900,62961458957897,35,-4320,1312,-2176,-4224,127424,523712,,,,,,
181867276123600,62961459954313,36,-4000,1024,-2336,-3520,127872,524672,,,,,,
181867277008400,62961460954563,37,-4896,1024,-2304,-3456,130240,523584,,,,,,
