host_timestamp_ns,device_timestamp,sequence,gyro_raw_x,gyro_raw_y,gyro_raw_z,accel_raw_x,accel_raw_y,accel_raw_z,gyro_x,gyro_y,gyro_z,accel_x,accel_y,accel_z
182076650322300,63170835924663,4,-4640,512,-2016,-525056,-28480,-448,,,,,,
182076650333300,63170836924080,5,-4576,448,-1728,-523840,-28992,832,,,,,,
182076650342300,63170837924288,6,-5184,1216,-1952,-524672,-27072,3072,,,,,,
182076651091100,63170838921122,7,-4928,544,-1856,-522176,-28288,1984,,,,,,
182076652221300,63170839920830,8,-4992,864,-2432,-523584,-28224,1024,,,,,,
182076653218200,63170840920955,9,-4864,1280,-2112,-525440,-27584,1984,,,,,,
182076654214300,63170841921413,10,-5152,1472,-2784,-526656,-28928,-256,,,,,,
182076655217300,63170842926163,11,-4768,1728,-2496,-524032,-27776,576,,,,,,
182076656217200,63170843923372,12,-4832,1248,-2080,-521600,-27904,1408,,,,,,
182076657092600,63170844918955,13,-4896,1760,-2272,-522432,-28032,896,,,,,,
182076658223300,63170845923247,14,-4704,1344,-1696,-526528,-26304,-1088,,,,,,
182076659223600,63170846920122,15,-4704,1536,-2432,-524608,-26496,-192,,,,,,
182076660211000,63170847924247,16,-5568,1664,-2528,-523392,-27712,1664,,,,,,
182076661232300,63170848923122,17,-4640,1888,-2112,-523776,-28416,-128,,,,,,
182076662219900,63170849923580,18,-5280,1920,-2784,-524672,-27840,-448,,,,,,
182076663094400,63170850921872,19,-4832,2336,-2144,-523776,-28992,-384,,,,,,
182076664221300,63170851921913,20,-4512,2208,-2144,-523776,-29568,-1472,,,,,,
182076665209000,63170852924413,21,-4960,2112,-2336,-522496,-27648,704,,,,,,
182076666216400,63170853920288,22,-5056,2304,-2176,-525696,-27392,448,,,,,,
182076667235100,63170854922122,23,-4608,2368,-2432,-523008,-29248,-320,,,,,,
182076668094600,63170855918705,24,-5152,2368,-2880,-523008,-30656,768,,,,,,
182076669096000,63170856917163,25,-5248,2688,-2752,-524864,-28352,-768,,,,,,
182076670093000,63170857917288,26,-4672,2784,-2208,-523392,-29056,256,,,,,,
182076671091900,63170858917247,27,-4640,2624,-1984,-523264,-28416,2368,,,,,,
182076672209800,63170859917205,28,-4096,2592,-2336,-525952,-27904,1984,,,,,,
182076673079200,63170860917163,29,-4192,2624,-2176,-523392,-28800,2944,,,,,,
182076674122500,63170861917247,30,-4736,2336,-2752,-524352,-28608,2496,,,,,,
182076675097400,63170862917205,31,-5152,2464,-1632,-524736,-27840,1344,,,,,,
182076676114000,63170863918205,32,-4256,2624,-2240,-524864,-27648,256,,,,,,
182076677090800,63170864917413,33,-4928,2944,-2048,-523456,-27584,-576,,,,,,
182076678089700,63170865917205,34,-4960,2752,-1792,-523072,-28096,-2432,,,,,,
182076679091000,63170866917080,35,-4992,2240,-1088,-523712,-28864,-768,,,,,,
182076680106400,63170867917288,36,-4864,2496,-1760,-523840,-27328,-1280,,,,,,
182076681095200,63170868917205,37,-5088,2912,-1408,-522240,-29952,1472,,,,,,
182076682184100,63170869918538,38,-4768,2400,-1856,-525248,-30464,-1216,,,,,,
182076683095400,63170870921497,39,-4800,2720,-1472,-525248,-29248,-256,,,,,,
182076684094500,63170871917372,40,-4736,2976,-1664,-525824,-29056,0,,,,,,
182076685110200,63170872917163,41,-4928,2464,-1536,-526208,-28288,-1280,,,,,,
182076686097700,63170873917205,42,-4608,3168,-800,-522560,-28928,-1152,,,,,,
182076687084000,63170874917788,43,-4576,2496,-1184,-524032,-27968,128,,,,,,
182076688084200,63170875917372,44,-4768,2496,-1536,-526208,-30592,-2752,,,,,,
182076689098800,63170876917413,45,-4768,2656,-992,-526336,-30720,-384,,,,,,
182076690279800,63170877917122,46,-5088,2144,-1568,-525632,-28928,640,,,,,,
182076691091000,63170878917205,47,-4576,1984,-800,-523200,-27200,64,,,,,,
182076692219300,63170879917288,48,-4384,2208,-2048,-525824,-30336,256,,,,,,
182076693092900,63170880917997,49,-4480,1760,-1248,-524672,-28800,-2048,,,,,,
182076694096700,63170881918747,50,-4736,1824,-64,-523776,-27328,-1088,,,,,,
182076695093500,63170882917122,51,-5088,1376,-672,-526848,-29824,-768,,,,,,
182076696099500,63170883917913,52,-4672,1984,-1920,-525888,-27840,-1472,,,,,,
182076697098400,63170884917247,53,-4032,1600,-352,-525120,-27840,-3072,,,,,,
182076698099300,63170885916872,54,-4704,928,-768,-523904,-28352,-3200,,,,,,
182076699097900,63170886917288,55,-4928,1056,-1024,-526208,-27712,-640,,,,,,
182076700096600,63170887917163,56,-4960,1536,-1504,-524992,-27072,-1792,,,,,,
182076701093900,63170888917247,57,-4320,896,-672,-524096,-27456,-1664,,,,,,
182076702092800,63170889917205,58,-4576,960,-1408,-523520,-28288,-2432,,,,,,
182076703094200,63170890919288,59,-4864,768,-1056,-524608,-26816,-2560,,,,,,
182076704089000,63170891917330,60,-5120,320,-2016,-524416,-26432,-4736,,,,,,
182076705093800,63170892917080,61,-5184,-32,-1280,-526336,-27456,-1408,,,,,,
182076706094100,63170893918622,62,-5120,-384,-704,-523712,-28736,-3840,,,,,,
182076707091400,63170894918747,63,-5536,-352,-1536,-525504,-28032,-1920,,,,,,
182076708095300,63170895917997,64,-5184,-256,-800,-524096,-27520,-3712,,,,,,
182076709093700,63170896917372,65,-5472,-608,-1760,-524416,-27328,-512,,,,,,
182076710091800,63170897917622,66,-5024,-736,-2080,-525312,-26304,-832,,,,,,
182076711095100,63170898917122,67,-4928,-864,-2304,-523648,-25792,-1792,,,,,,
182076712099800,63170899917122,68,-4160,-960,-1440,-525696,-27264,-704,,,,,,
182076713098500,63170900918705,69,-6368,-736,-2048,-524480,-27648,-960,,,,,,
182076714100000,63170901919455,70,-5344,-1120,-2144,-524864,-26624,-1408,,,,,,
182076715245500,63170902916747,71,-4960,-1184,-1824,-524992,-27840,-2304,,,,,,
182076716096500,63170903917038,72,-4896,-1568,-1696,-528256,-27648,-2304,,,,,,
182076717089900,63170904917663,73,-4640,-1856,-2368,-525376,-27008,-1536,,,,,,
182076718091900,63170905917080,74,-5184,-1984,-2464,-524992,-27776,512,,,,,,
182076719093000,63170906917247,75,-4896,-1984,-2464,-523968,-27328,-2304,,,,,,
182076720102300,63170907917205,76,-5536,-2400,-2144,-525056,-30272,2240,,,,,,
182076721093600,63170908917247,77,-4896,-1984,-2208,-524864,-27328,0,,,,,,
182076722092600,63170909917247,78,-4736,-2400,-3104,-524608,-27584,-2112,,,,,,
182076723093100,63170910917247,79,-5248,-2528,-2112,-524288,-27840,128,,,,,,
182076724090700,63170911918663,80,-5024,-2464,-2752,-524352,-29184,-2496,,,,,,
182076725092500,63170912921788,81,-5280,-2944,-2144,-523392,-28928,-1024,,,,,,
182076726096600,63170913916997,82,-5088,-1984,-2368,-525824,-27200,1024,,,,,,
182076727096600,63170914917205,83,-4544,-2784,-2720,-523456,-27968,-768,,,,,,
182076728093200,63170915918330,84,-4992,-3008,-2080,-523008,-27648,256,,,,,,
182076729093700,63170916917413,85,-5216,-2528,-2656,-523136,-28736,-1088,,,,,,
182076730095800,63170917917997,86,-4800,-2848,-2560,-523968,-27328,1472,,,,,,
182076731099200,63170918917747,87,-4224,-2720,-1632,-525184,-27712,128,,,,,,
182076732094800,63170919917122,88,-5088,-2528,-2752,-524032,-28864,-704,,,,,,
182076733094000,63170920917205,89,-5248,-2592,-2112,-524096,-29312,-2240,,,,,,
182076734088500,63170921917247,90,-4576,-2720,-1952,-523584,-28480,256,,,,,,
182076735091700,63170922917288,91,-4352,-2624,-1792,-526080,-29952,3136,,,,,,
182076736091000,63170923917330,92,-4320,-2144,-1696,-525376,-28160,-1408,,,,,,
182076737091200,63170924917247,93,-5120,-2368,-2400,-523328,-28416,1344,,,,,,
182076738094800,63170925917872,94,-4512,-2624,-1760,-524352,-28288,2432,,,,,,
182076739110300,63170926917330,95,-5504,-2080,-1984,-524096,-28608,768,,,,,,
182076740088900,63170927917205,96,-4512,-2752,-2336,-521984,-28608,2048,,,,,,
182076741102400,63170928917247,97,-4704,-2016,-2496,-524800,-29952,64,,,,,,
182076742092000,63170929917205,98,-4384,-2720,-2080,-524352,-28672,1344,,,,,,
182076743095800,63170930917205,99,-4320,-2048,-1728,-523136,-28672,2944,,,,,,
182076744089200,63170931917205,100,-5120,-2176,-2304,-523072,-27008,2624,,,,,,
182076745092000,63170932917247,101,-4672,-1632,-1632,-524992,-28480,2624,,,,,,
182076746092500,63170933917247,102,-4992,-2016,-1792,-525248,-27648,-384,,,,,,
182076747110800,63170934917205,103,-4416,-1600,-1856,-524608,-28608,2816,,,,,,
182076748085400,63170935917122,104,-4864,-1504,-1696,-524928,-30144,2560,,,,,,
182076749095800,63170936917205,105,-4768,-1248,-2208,-525184,-27392,-128,,,,,,
182076750104400,63170937917955,106,-5024,-1120,-2208,-524928,-28224,1792,,,,,,
182076751147000,63170938917247,107,-4800,-864,-1984,-524992,-26752,384,,,,,,
182076752211100,63170939916830,108,-4256,-1088,-2464,-524992,-26688,3840,,,,,,
182076753135100,63170940917330,109,-4480,-992,-1984,-525440,-27584,832,,,,,,
182076754092500,63170941917288,110,-4512,-928,-1696,-526144,-27776,1280,,,,,,
182076755088700,63170942917997,111,-4576,-608,-2240,-524096,-26944,4416,,,,,,
182076756085000,63170943917247,112,-4128,-704,-2080,-525120,-27648,-704,,,,,,
182076757099900,63170944917205,113,-4512,-192,-1920,-523200,-27392,1088,,,,,,
182076758090800,63170945917080,114,-4576,-96,-1856,-525696,-28160,3008,,,,,,
182076759092400,63170946917247,115,-4704,256,-2016,-525248,-28288,192,,,,,,
182076760086600,63170947917205,116,-4576,224,-2240,-526144,-27584,832,,,,,,
182076761093600,63170948917288,117,-5248,512,-2368,-524864,-27264,2240,,,,,,
182076762213100,63170949916872,118,-4896,672,-1952,-524608,-26240,3200,,,,,,
182076763088700,63170950917247,119,-4768,512,-3072,-525696,-27072,1536,,,,,,
182076764096100,63170951917288,120,-5024,800,-3552,-528000,-26496,1792,,,,,,
182076765237700,63170952917205,121,-4192,768,-1824,-526592,-27008,576,,,,,,
182076766097200,63170953917122,122,-4832,1344,-2784,-524736,-26624,-576,,,,,,
182076767074300,63170954917163,123,-5024,544,-2656,-526784,-27776,3200,,,,,,
182076768084900,63170955917122,124,-5152,1440,-2912,-526208,-28736,3008,,,,,,
182076769083200,63170956917080,125,-4320,1120,-3264,-525504,-28992,3712,,,,,,
182076770079800,63170957917247,126,-4160,1600,-2272,-524352,-28928,-1024,,,,,,
182076771352700,63170958917163,127,-4864,1920,-3264,-526080,-29440,1152,,,,,,
182076772094500,63170959917205,128,-4992,1792,-2944,-524800,-29696,-1152,,,,,,
182076773102500,63170960917122,129,-4864,2016,-3552,-525696,-28928,960,,,,,,
182076774088000,63170961918705,130,-4352,1888,-3648,-524352,-29504,1856,,,,,,
182076775082600,63170962917205,131,-3776,2112,-2464,-526720,-27200,2112,,,,,,
182076776111800,63170963917663,132,-4256,2048,-2784,-526528,-27328,1280,,,,,,
182076777094300,63170964917997,133,-4832,1888,-2688,-525632,-29696,64,,,,,,
182076778094300,63170965916997,134,-5056,1888,-2656,-525312,-30080,2048,,,,,,
182076779097600,63170966917038,135,-4032,2112,-2464,-524800,-28352,128,,,,,,
182076780097300,63170967917288,136,-4384,2304,-2688,-525568,-31104,320,,,,,,
182076781097500,63170968917288,137,-4896,2176,-2432,-524864,-29376,448,,,,,,
182076782133200,63170969918997,138,-4480,2176,-2976,-525440,-29312,2752,,,,,,
182076783092500,63170970917622,139,-4192,2368,-2496,-526080,-29952,960,,,,,,
182076784100300,63170971917247,140,-4640,1920,-1920,-524864,-29568,-576,,,,,,
182076785090600,63170972917330,141,-4736,2336,-2688,-526144,-29568,64,,,,,,
182076786096100,63170973917205,142,-4320,2240,-1888,-525696,-29696,-64,,,,,,
182076787095000,63170974917330,143,-4160,2176,-1856,-526400,-29184,1152,,,,,,
182076788092700,63170975917288,144,-4672,2464,-1888,-523392,-28032,-1600,,,,,,
182076789095800,63170976917622,145,-4576,2272,-2048,-525376,-29824,1728,,,,,,
182076790363100,63170977917205,146,-4512,2432,-1568,-526144,-28672,1536,,,,,,
182076791094500,63170978917205,147,-4928,2528,-1952,-524480,-29184,1088,,,,,,
182076792090800,63170979917122,148,-4416,1952,-1632,-525504,-28736,1088,,,,,,
182076793093100,63170980918663,149,-4768,2208,-1984,-525824,-28928,-1792,,,,,,
182076794095300,63170981918580,150,-4832,2048,-1120,-527040,-30336,320,,,,,,
182076795093600,63170982917163,151,-4768,2240,-1120,-524992,-27968,1344,,,,,,
182076796093900,63170983917205,152,-4416,2336,-1792,-524800,-28224,-512,,,,,,
182076797095500,63170984917122,153,-4512,2528,-1600,-524544,-28096,1728,,,,,,
182076798095100,63170985916955,154,-5024,1952,-1920,-526272,-28160,-640,,,,,,
182076799095400,63170986917372,155,-4800,2368,-1728,-524352,-28544,3136,,,,,,
182076800090900,63170987917247,156,-4544,1824,-1920,-526784,-29824,448,,,,,,
182076801089200,63170988917247,157,-4192,2176,-1472,-523840,-26752,-256,,,,,,
182076802094900,63170989917122,158,-4928,2400,-1728,-524736,-29184,960,,,,,,
182076803099400,63170990919955,159,-4288,1984,-1088,-525312,-27392,-2368,,,,,,
182076804098700,63170991917247,160,-4544,2240,-1952,-524352,-27776,1856,,,,,,
182076805099800,63170992917122,161,-4064,1984,-1696,-525440,-27008,2496,,,,,,
182076806099100,63170993917247,162,-4768,2208,-2112,-524544,-28032,-256,,,,,,
182076807096300,63170994917288,163,-4800,2144,-2272,-526656,-27840,-1280,,,,,,
182076808097200,63170995917205,164,-4736,2432,-2080,-523840,-27008,1024,,,,,,
182076809094900,63170996918497,165,-3712,1888,-1632,-524032,-28160,2432,,,,,,
182076810094000,63170997917080,166,-4864,1632,-1856,-524288,-26752,-1344,,,,,,
182076811093300,63170998917205,167,-5152,2400,-2720,-524160,-27904,896,,,,,,
182076812219800,63170999917622,168,-4640,1856,-2432,-525888,-27712,192,,,,,,
182076813093200,63171000917747,169,-4896,2560,-2016,-524800,-29248,-1792,,,,,,
182076814089600,63171001917330,170,-5312,2016,-2080,-523008,-25984,1152,,,,,,
182076815089000,63171002917080,171,-4160,1440,-2144,-525312,-26112,960,,,,,,
182076816092500,63171003917163,172,-4800,1888,-1888,-524224,-27520,1152,,,,,,
182076817100700,63171004917122,173,-4160,1696,-2752,-525248,-26944,2240,,,,,,
182076818092600,63171005917288,174,-5248,1408,-3008,-524864,-29056,256,,,,,,
182076819132600,63171006917122,175,-5056,1664,-3136,-524416,-27648,704,,,,,,
182076820087200,63171007917080,176,-4512,1792,-2496,-524288,-27136,-704,,,,,,
182076821088900,63171008917122,177,-5120,1696,-3008,-524800,-27392,-64,,,,,,
182076822221100,63171009917080,178,-4256,1696,-2272,-523328,-26944,2880,,,,,,
182076823099200,63171010917288,179,-5152,1664,-2528,-525184,-27136,1216,,,,,,
182076824089500,63171011918705,180,-5152,1408,-2816,-523840,-28288,-128,,,,,,
182076825099600,63171012916997,181,-4704,1600,-3008,-526976,-26496,1344,,,,,,
182076826089000,63171013918205,182,-4480,1536,-2944,-524544,-28544,1792,,,,,,
182076827092600,63171014917288,183,-4736,1504,-2816,-523840,-28160,-704,,,,,,
182076828098000,63171015917288,184,-4832,1440,-2688,-523904,-28160,-704,,,,,,
182076829095700,63171016917205,185,-4384,1568,-2784,-523712,-27840,-1792,,,,,,
182076830094500,63171017917122,186,-4256,736,-2528,-524800,-28928,-128,,,,,,
182076831095800,63171018916872,187,-4864,1088,-2752,-523712,-28224,-192,,,,,,
182076832090400,63171019917205,188,-4768,1152,-3232,-525440,-29632,-3136,,,,,,
182076833095000,63171020918080,189,-4960,1184,-3040,-524096,-28288,256,,,,,,
182076834093800,63171021917330,190,-4896,1152,-3200,-522944,-28224,192,,,,,,
182076835093300,63171022917247,191,-4768,1024,-3648,-523840,-26752,1664,,,,,,
182076836094300,63171023917663,192,-4512,1216,-3104,-523520,-29440,-2432,,,,,,
182076837095100,63171024917122,193,-4672,832,-3040,-524736,-28544,-576,,,,,,
182076838092800,63171025917122,194,-4480,512,-3680,-523520,-28736,-1344,,,,,,
182076839093900,63171026917122,195,-4320,704,-3872,-522624,-28416,-1600,,,,,,
182076840244900,63171027918538,196,-4704,384,-3008,-522560,-28736,-1280,,,,,,
182076841098100,63171028918538,197,-4640,512,-3712,-524032,-26112,576,,,,,,
182076842094500,63171029918330,198,-4640,736,-3008,-523584,-27520,-64,,,,,,
182076843096200,63171030917247,199,-4544,160,-3456,-523200,-26944,-1536,,,,,,
182076844097500,63171031917955,200,-4448,288,-3136,-522240,-27264,-1408,,,,,,
182076845096200,63171032916997,201,-4640,0,-3296,-524224,-27712,-512,,,,,,
182076846099000,63171033917122,202,-4736,128,-3840,-521152,-27776,-3456,,,,,,
182076847094000,63171034916872,203,-4992,128,-3456,-526016,-27712,-2176,,,,,,
182076848092800,63171035917038,204,-4352,-576,-3200,-523200,-28288,-64,,,,,,
182076849095000,63171036917122,205,-5312,-192,-4128,-522368,-28480,-1216,,,,,,
182076850093000,63171037917038,206,-4672,-544,-3104,-524288,-29760,-1664,,,,,,
182076851091700,63171038917247,207,-4672,-160,-3328,-522688,-27840,-1152,,,,,,
182076852087300,63171039917580,208,-4960,-640,-3264,-522816,-28800,-1408,,,,,,
182076853092800,63171040917205,209,-5024,-832,-4064,-525760,-27008,-1344,,,,,,
182076854091300,63171041918247,210,-4992,-896,-3968,-525184,-29376,-1600,,,,,,
182076855091000,63171042917247,211,-4288,-960,-2784,-523840,-28864,-3072,,,,,,
182076856093000,63171043917080,212,-5088,-1344,-3904,-523328,-30144,-2496,,,,,,
182076857088300,63171044917080,213,-4864,-1312,-3040,-524352,-28608,-640,,,,,,
182076858087400,63171045917205,214,-4576,-1440,-3008,-523264,-28160,-1280,,,,,,
182076859090000,63171046917163,215,-4160,-1440,-2816,-524480,-27328,-2048,,,,,,
182076860087100,63171047917330,216,-4800,-1216,-3744,-523648,-28864,-192,,,,,,
182076861087300,63171048917163,217,-4896,-608,-3584,-523136,-28096,768,,,,,,
182076862080500,63171049917038,218,-4448,-1376,-2432,-524096,-27328,-2688,,,,,,
182076863128400,63171050917372,219,-4800,-1536,-3232,-523904,-28928,-64,,,,,,
182076864094800,63171051917205,220,-4832,-1664,-3776,-521920,-27008,-1408,,,,,,
182076865358700,63171052917330,221,-4864,-1824,-3328,-522944,-27904,-4160,,,,,,
182076866090600,63171053917163,222,-5152,-1920,-3040,-523968,-28160,1216,,,,,,
182076867106900,63171054917038,223,-4992,-1696,-3104,-523712,-27520,-4096,,,,,,
182076868093300,63171055917330,224,-4864,-1760,-3328,-524608,-28672,256,,,,,,
182076869088400,63171056917122,225,-4480,-1696,-2880,-523456,-28352,64,,,,,,
182076870089500,63171057917288,226,-5312,-1984,-3360,-524096,-28288,-1024,,,,,,
182076871090100,63171058917080,227,-4672,-1760,-3264,-525120,-29568,1600,,,,,,
182076872140700,63171059916997,228,-4416,-1120,-3744,-523008,-27904,1472,,,,,,
182076873106100,63171060917247,229,-4896,-1504,-3040,-523904,-28160,1792,,,,,,
182076874274200,63171061917038,230,-5184,-1600,-3264,-525056,-26560,2688,,,,,,
182076875084700,63171062917205,231,-5120,-1120,-3360,-525184,-28480,1920,,,,,,
182076876090700,63171063917122,232,-5024,-1024,-2912,-523840,-27712,704,,,,,,
182076877093600,63171064918497,233,-4896,-1408,-2880,-523136,-29120,1472,,,,,,
182076878086800,63171065917122,234,-5216,-928,-3584,-523904,-28608,1216,,,,,,
182076879093100,63171066917080,235,-4160,-992,-3456,-524288,-29248,2624,,,,,,
182076880093600,63171067917205,236,-4640,-768,-2912,-526720,-28800,2176,,,,,,
182076881091400,63171068917247,237,-4896,-544,-2752,-524864,-28160,2880,,,,,,
182076882078700,63171069916997,238,-4864,-512,-3680,-526144,-27776,1152,,,,,,
182076883095600,63171070918622,239,-4032,-480,-2912,-526016,-27712,2752,,,,,,
182076884099000,63171071917080,240,-5120,-544,-3168,-523776,-27712,1792,,,,,,
182076885087600,63171072917205,241,-4480,-160,-2944,-526080,-27328,1920,,,,,,
182076886090400,63171073917288,242,-5152,672,-3392,-524352,-28480,2432,,,,,,
182076887092300,63171074916955,243,-4288,384,-2912,-526272,-27520,2304,,,,,,
182076888095300,63171075917247,244,-4672,-32,-3264,-524352,-26688,1664,,,,,,
182076889092500,63171076917038,245,-4544,576,-2688,-526272,-27776,2240,,,,,,
182076890351400,63171077917080,246,-4576,1344,-3008,-525312,-27264,2688,,,,,,
182076891101300,63171078917122,247,-4928,704,-3200,-526080,-29440,1280,,,,,,
182076892095500,63171079917038,248,-5280,960,-3456,-526208,-28992,-256,,,,,,
182076893091600,63171080917163,249,-4736,864,-2976,-524544,-30336,1088,,,,,,
182076894092600,63171081917122,250,-4544,1728,-2592,-525760,-30464,2240,,,,,,
182076895094500,63171082917788,251,-4736,1280,-2912,-526144,-30784,1856,,,,,,
182076896099000,63171083917122,252,-4832,1664,-3040,-523200,-28416,2240,,,,,,
182076897095200,63171084916913,253,-4960,1792,-2784,-525952,-30080,3520,,,,,,
182076898099600,63171085917122,254,-5056,1824,-2720,-525760,-30272,2112,,,,,,
182076899093100,63171086917205,255,-3840,1728,-2784,-524416,-30272,3456,,,,,,
182076900091000,63171087917247,0,-4672,1760,-2976,-524992,-29824,448,,,,,,
182076901089400,63171088919747,1,-4352,1792,-2944,-526016,-28032,3200,,,,,,
182076902095000,63171089917038,2,-4512,2464,-3072,-525824,-29760,1152,,,,,,
182076903094200,63171090917247,3,-3680,1952,-2720,-526720,-28416,0,,,,,,
182076904093800,63171091916997,4,-5120,2400,-3488,-526080,-27776,192,,,,,,
182076905093200,63171092917997,5,-3968,2240,-2432,-528128,-27648,3456,,,,,,
182076906100200,63171093917080,6,-4864,2912,-2592,-524672,-29376,2688,,,,,,
182076907087900,63171094916913,7,-4096,2400,-2272,-523904,-27072,-640,,,,,,
182076908088300,63171095917163,8,-5120,2912,-2752,-524416,-26048,2368,,,,,,
182076909081300,63171096916955,9,-4608,2848,-2976,-523584,-28480,-128,,,,,,
182076910086500,63171097919372,10,-4800,2944,-2624,-526336,-28736,2752,,,,,,
182076911091700,63171098917038,11,-4480,2880,-2880,-524224,-29376,3200,,,,,,
182076912083500,63171099917247,12,-5280,2880,-3488,-525120,-28736,1728,,,,,,
182076913098600,63171100917247,13,-4576,3328,-2848,-527488,-27968,640,,,,,,
182076914098700,63171101916997,14,-4832,3168,-2592,-525888,-28416,704,,,,,,
182076915084400,63171102917205,15,-5088,3424,-2496,-526400,-27968,-64,,,,,,
182076916097000,63171103917122,16,-5440,3008,-3424,-525248,-28544,-1792,,,,,,
182076917113900,63171104917247,17,-4544,3904,-3072,-524352,-30592,2496,,,,,,
182076918101300,63171105917705,18,-4864,3424,-2688,-525376,-28288,-768,,,,,,
182076919084900,63171106917080,19,-4480,3808,-3296,-524672,-27776,1408,,,,,,
182076920079300,63171107917163,20,-4928,3328,-2592,-525888,-29184,960,,,,,,
182076921090600,63171108917122,21,-4512,3584,-2848,-525440,-27968,1216,,,,,,
182076922102900,63171109917163,22,-4384,3680,-2688,-526976,-28160,960,,,,,,
182076923093300,63171110917247,23,-4768,4128,-2976,-524736,-27264,-832,,,,,,
182076924090800,63171111916997,24,-4416,4064,-3040,-526080,-27328,-128,,,,,,
182076925104000,63171112917247,25,-4512,3552,-2944,-525760,-29440,256,,,,,,
182076926090900,63171113917205,26,-4096,4096,-2272,-526208,-28096,1664,,,,,,
182076927102200,63171114917288,27,-4384,4608,-2880,-527040,-27648,1792,,,,,,
182076928083700,63171115917163,28,-4608,4256,-3648,-525440,-30336,2112,,,,,,
182076929080000,63171116916997,29,-4160,4224,-2688,-525248,-26880,3072,,,,,,
182076930076300,63171117917747,30,-5568,4448,-2560,-527104,-27712,2048,,,,,,
182076931078200,63171118917080,31,-4864,4128,-2432,-525760,-28800,832,,,,,,
182076932085800,63171119917247,32,-5056,4128,-3040,-526336,-27264,1408,,,,,,
182076933097600,63171120918080,33,-4768,4288,-2304,-524736,-30656,320,,,,,,
182076934084900,63171121916955,34,-5184,4672,-3264,-526080,-28800,-2048,,,,,,
182076935090200,63171122917413,35,-4928,4224,-3264,-526272,-29184,-960,,,,,,
182076936084200,63171123918122,36,-4192,4448,-3136,-525568,-28992,512,,,,,,
182076937084100,63171124917205,37,-4608,4096,-2720,-525120,-29888,1408,,,,,,
182076938085100,63171125917913,38,-4384,4672,-2240,-524352,-30208,-2048,,,,,,
182076939087200,63171126916955,39,-4096,4480,-2880,-525568,-27904,-832,,,,,,
182076940225100,63171127917205,40,-4864,4256,-2688,-526144,-28416,1152,,,,,,
182076941099100,63171128917080,41,-4864,4192,-2528,-523776,-28608,256,,,,,,
182076942093700,63171129917997,42,-4736,3968,-1696,-523904,-27904,640,,,,,,
182076943082500,63171130918622,43,-4000,4256,-3008,-523200,-27904,0,,,,,,
182076944080100,63171131916913,44,-4448,4224,-1760,-525440,-30144,-1536,,,,,,
182076945081800,63171132917163,45,-4928,4320,-1856,-524928,-29184,-3392,,,,,,
182076946082400,63171133916955,46,-5152,3776,-2336,-525632,-28992,-704,,,,,,
182076947081900,63171134917538,47,-4288,4096,-2656,-524928,-27776,64,,,,,,
182076948082400,63171135917163,48,-4768,3776,-2112,-525952,-28992,-1216,,,,,,
182076949191100,63171136918372,49,-4032,3904,-2496,-523584,-28672,-128,,,,,,
182076950203200,63171137917205,50,-5056,3776,-2496,-524160,-27968,-512,,,,,,
182076951085500,63171138917122,51,-4480,3744,-2720,-523392,-27264,-1984,,,,,,
182076952094800,63171139920413,52,-4320,3360,-2464,-525184,-27712,-320,,,,,,
182076953078500,63171140917122,53,-4544,4064,-3136,-521728,-29824,-1920,,,,,,
182076954079200,63171141917038,54,-4320,3232,-2688,-526400,-27136,-1920,,,,,,
182076955080000,63171142919913,55,-4832,3296,-1792,-523392,-27712,-2752,,,,,,
182076956080500,63171143917163,56,-5216,3232,-2816,-524544,-28544,-3968,,,,,,
182076957084700,63171144918330,57,-4800,2944,-2880,-524864,-27968,-1536,,,,,,
182076958098800,63171145917122,58,-4704,2496,-3424,-523328,-28480,-2240,,,,,,
182076959086000,63171146916913,59,-4640,2496,-2752,-523648,-28160,-4672,,,,,,
182076960081800,63171147918413,60,-5056,2560,-2624,-523456,-27392,640,,,,,,
182076961081700,63171148917080,61,-4608,2624,-3392,-524160,-29376,-3328,,,,,,
182076962082200,63171149917997,62,-4608,1792,-3136,-525312,-29632,-1088,,,,,,
182076963095900,63171150917247,63,-4800,2048,-3456,-524224,-28352,-3840,,,,,,
182076964185000,63171151917038,64,-4608,1280,-2656,-524864,-27776,-1216,,,,,,
182076965251700,63171152917247,65,-4704,1664,-2720,-523392,-29568,-2880,,,,,,
182076966087300,63171153917122,66,-4320,896,-3264,-523712,-27328,-1408,,,,,,
182076967080000,63171154917538,67,-4096,736,-2656,-524992,-26048,-3328,,,,,,
182076968087800,63171155917080,68,-5184,1312,-3200,-524032,-28544,-3968,,,,,,
182076969078700,63171156917080,69,-4448,448,-3616,-524288,-29056,-2496,,,,,,
182076970090900,63171157917288,70,-4320,64,-2880,-523776,-28480,-2752,,,,,,
182076971099400,63171158917913,71,-4288,-192,-3168,-523840,-29696,-1728,,,,,,
182076972079200,63171159917330,72,-4864,-192,-3520,-524928,-29632,-1344,,,,,,
182076973085100,63171160917080,73,-4224,-416,-3264,-523712,-29376,-4864,,,,,,
182076974080800,63171161917247,74,-4512,-384,-3264,-524160,-27904,-2112,,,,,,
182076975080400,63171162917163,75,-4512,-448,-2720,-524800,-27712,-2304,,,,,,
182076976083700,63171163916997,76,-5120,-672,-3296,-522368,-28864,-2368,,,,,,
182076977090900,63171164917288,77,-5216,-928,-2912,-523840,-29184,-2496,,,,,,
182076978086400,63171165917163,78,-5088,-1248,-2368,-524288,-28416,-64,,,,,,
182076979094200,63171166917413,79,-5408,-960,-2720,-524864,-28032,320,,,,,,
182076980087900,63171167917122,80,-4576,-1536,-2272,-523456,-29696,-1472,,,,,,
182076981086800,63171168917080,81,-4896,-1312,-3136,-523392,-28288,-4160,,,,,,
182076982091900,63171169917247,82,-5056,-1152,-3040,-524544,-29696,-704,,,,,,
182076983087200,63171170917080,83,-5056,-1536,-2912,-525632,-29056,-512,,,,,,
182076984076700,63171171918497,84,-4704,-1536,-3040,-525184,-30464,-1536,,,,,,
182076985078700,63171172917872,85,-4544,-1536,-2720,-524352,-29504,-1024,,,,,,
182076986080400,63171173917038,86,-4544,-1632,-2592,-522816,-27520,-768,,,,,,
182076987078600,63171174917288,87,-4800,-2176,-2592,-523776,-29056,-1408,,,,,,
182076988077500,63171175917038,88,-4704,-1824,-2464,-524544,-28608,-960,,,,,,
182076989080400,63171176917288,89,-5024,-2272,-2080,-524544,-28160,192,,,,,,
182076990327700,63171177917205,90,-4896,-2112,-1984,-522432,-29952,1856,,,,,,
182076991090300,63171178916997,91,-5056,-1984,-2464,-523904,-27776,704,,,,,,
182076992100900,63171179917288,92,-4320,-2080,-2720,-524224,-28672,1408,,,,,,
182076993088200,63171180917163,93,-4480,-1504,-2528,-522240,-28864,-1024,,,,,,
182076994085400,63171181917288,94,-4448,-1504,-2432,-522944,-30016,2624,,,,,,
182076995088600,63171182917663,95,-4768,-1760,-1984,-524288,-27648,1984,,,,,,
182076996086800,63171183917413,96,-4512,-1600,-1600,-523392,-28416,3968,,,,,,
182076997086300,63171184917288,97,-5024,-1600,-2304,-524352,-28416,1088,,,,,,
182076998088800,63171185917080,98,-4480,-1408,-2784,-524608,-27840,1664,,,,,,
182076999096300,63171186917288,99,-4992,-1376,-2432,-524032,-28288,2560,,,,,,
182077000100800,63171187917163,100,-5024,-992,-1632,-524352,-28480,3584,,,,,,
182077001087300,63171188917580,101,-4992,-1248,-2240,-523264,-29120,1408,,,,,,
182077002214000,63171189920663,102,-4416,-544,-3264,-523200,-27328,4608,,,,,,
182077003094200,63171190920080,103,-4896,-608,-2336,-522944,-27200,2112,,,,,,
182077004098700,63171191917247,104,-4768,-416,-1888,-523520,-28992,1088,,,,,,
182077005098600,63171192916997,105,-4448,-320,-2784,-523840,-28288,4096,,,,,,
182077006096000,63171193917163,106,-4640,-128,-2592,-522880,-28864,1664,,,,,,
182077007100300,63171194917330,107,-4896,-64,-3200,-525184,-28416,3328,,,,,,
182077008098600,63171195918455,108,-4224,288,-2560,-524416,-25088,832,,,,,,
182077009098800,63171196917288,109,-4448,192,-2784,-524608,-26944,2816,,,,,,
182077010096400,63171197916997,110,-4672,640,-2912,-524416,-28288,4736,,,,,,
182077011099600,63171198918622,111,-3776,1056,-2784,-523136,-27840,2368,,,,,,
182077012100200,63171199917205,112,-4864,1376,-2112,-524032,-28224,2560,,,,,,
182077013101900,63171200917080,113,-4416,960,-2912,-523968,-28032,1984,,,,,,
182077014101700,63171201918538,114,-3872,1728,-2720,-521472,-27136,1152,,,,,,
182077015251100,63171202917205,115,-4032,1600,-2688,-522112,-29248,1664,,,,,,
182077016096700,63171203917163,116,-4352,1984,-2720,-524352,-30272,3520,,,,,,
182077017150900,63171204917288,117,-4480,2144,-2592,-525376,-28416,3392,,,,,,
182077018104000,63171205917122,118,-4704,2272,-3488,-524416,-27904,2816,,,,,,
182077019138400,63171206917413,119,-4448,2368,-3008,-523136,-27904,2944,,,,,,
182077020084100,63171207917038,120,-4480,2880,-3360,-524928,-28672,2688,,,,,,
182077021102900,63171208917038,121,-4320,2880,-3648,-522368,-27392,384,,,,,,
182077022094000,63171209917163,122,-4288,3168,-3232,-525376,-27264,1728,,,,,,
182077023087800,63171210918038,123,-5120,3072,-3712,-523136,-27712,3392,,,,,,
182077024092500,63171211917288,124,-4608,3456,-2752,-523392,-28608,1920,,,,,,
182077025103300,63171212917163,125,-4352,3392,-3808,-524800,-29696,1856,,,,,,
182077026099700,63171213917997,126,-5024,3904,-4000,-524288,-27840,3328,,,,,,
182077027096800,63171214917163,127,-4288,3904,-3584,-528384,-29056,384,,,,,,
182077028102500,63171215917372,128,-4832,4416,-3424,-523840,-29824,1792,,,,,,
182077029098600,63171216917330,129,-4000,4160,-3168,-523776,-27264,2048,,,,,,
182077030098600,63171217917413,130,-4960,4384,-3552,-525248,-28288,256,,,,,,
182077031097800,63171218919038,131,-3680,3872,-3104,-524288,-26688,-640,,,,,,
182077032085400,63171219917122,132,-4384,4736,-2848,-525120,-30016,512,,,,,,
182077033097700,63171220917038,133,-4800,4896,-3296,-524736,-31104,2560,,,,,,
182077034093700,63171221917372,134,-4768,4896,-2912,-524480,-29568,1216,,,,,,
182077035090500,63171222917205,135,-4832,5056,-2880,-524480,-28352,-320,,,,,,
182077036096100,63171223917330,136,-4768,5184,-2656,-526144,-28096,2048,,,,,,
182077037236900,63171224917205,137,-4512,4832,-3168,-525312,-29312,2368,,,,,,
182077038093300,63171225916997,138,-4928,5472,-3328,-524928,-30080,768,,,,,,
182077039092800,63171226917288,139,-4352,5280,-3104,-525440,-28032,-1984,,,,,,
182077040286300,63171227916955,140,-4672,5344,-3200,-525056,-29184,1408,,,,,,
182077041111100,63171228916997,141,-3776,4768,-2624,-525248,-26752,768,,,,,,
182077042098700,63171229918163,142,-4448,5280,-2624,-525120,-30464,2752,,,,,,
182077043096900,63171230923205,143,-4896,5344,-2624,-524096,-29312,-192,,,,,,
182077044097800,63171231917372,144,-4416,5536,-2528,-523904,-29120,1984,,,,,,
182077045099300,63171232917205,145,-4992,5088,-2880,-524800,-27840,1536,,,,,,
182077046099500,63171233917288,146,-5344,5472,-2560,-524672,-28544,512,,,,,,
182077047104500,63171234917080,147,-4128,4928,-1760,-524928,-27712,704,,,,,,
182077048102300,63171235917205,148,-4992,5472,-2944,-525568,-29184,704,,,,,,
182077049100200,63171236917288,149,-4128,5088,-2592,-523904,-28736,128,,,,,,
182077050096700,63171237918455,150,-4640,5376,-2272,-523776,-29376,320,,,,,,
182077051143900,63171238917247,151,-4640,4992,-2144,-525824,-29760,128,,,,,,
182077052100900,63171239917122,152,-4736,5280,-2624,-523392,-29824,-832,,,,,,
182077053096500,63171240916747,153,-4384,5408,-2528,-525312,-30656,576,,,,,,
182077054093400,63171241917122,154,-5184,5280,-2304,-526336,-28544,2944,,,,,,
182077055095400,63171242919538,155,-4608,5696,-2592,-524608,-29632,-3968,,,,,,
182077056094100,63171243917122,156,-4992,5184,-2304,-526208,-28416,-896,,,,,,
182077057086200,63171244917038,157,-4288,5120,-1856,-525120,-28928,832,,,,,,
182077058102000,63171245916788,158,-5056,5152,-2400,-523968,-29440,-256,,,,,,
182077059085000,63171246917205,159,-4096,5024,-2176,-524800,-28416,-2368,,,,,,
182077060116900,63171247916997,160,-4288,4576,-2208,-523968,-28992,832,,,,,,
182077061099500,63171248918663,161,-4896,4832,-2656,-525248,-27456,704,,,,,,
182077062097100,63171249917163,162,-4864,4672,-2368,-525120,-29888,-576,,,,,,
182077063101000,63171250916997,163,-4896,5216,-2624,-524544,-28800,-256,,,,,,
182077064099700,63171251917205,164,-4768,4864,-2368,-524992,-27776,-1088,,,,,,
182077065343100,63171252916997,165,-4704,4512,-2560,-524032,-28800,-128,,,,,,
182077066102600,63171253917372,166,-4512,4672,-2432,-524736,-29824,-960,,,,,,
182077067148000,63171254919538,167,-4832,4896,-2240,-523968,-29120,-1536,,,,,,
182077068104500,63171255917038,168,-5216,4800,-2528,-523008,-27136,-4480,,,,,,
182077069110800,63171256917080,169,-4768,4544,-2560,-524992,-28032,-64,,,,,,
182077070089900,63171257917038,170,-4544,4320,-2944,-525376,-26752,-1792,,,,,,
182077071090200,63171258917205,171,-4576,4032,-1984,-524736,-26368,64,,,,,,
182077072093200,63171259917080,172,-4960,4128,-2304,-525248,-28928,-1024,,,,,,
182077073090800,63171260918122,173,-4896,3808,-2688,-527872,-29312,-320,,,,,,
182077074086700,63171261917122,174,-4320,3744,-2624,-526848,-27648,-832,,,,,,
182077075079200,63171262916955,175,-4640,3936,-2272,-525376,-28864,-2048,,,,,,
182077076085600,63171263917247,176,-4992,3616,-2656,-525632,-27136,-1856,,,,,,
182077077087700,63171264917163,177,-5024,3488,-2816,-524992,-27200,-3008,,,,,,
182077078091700,63171265916997,178,-4224,3520,-2912,-526144,-28992,-576,,,,,,
182077079090600,63171266917122,179,-4864,3264,-2944,-525440,-27904,192,,,,,,
182077080096100,63171267917038,180,-4896,3168,-3264,-524992,-28288,-2816,,,,,,
182077081094300,63171268917205,181,-4384,2656,-2496,-525504,-28608,-192,,,,,,
182077082103400,63171269917080,182,-4640,2912,-3360,-526848,-27008,-2112,,,,,,
182077083106200,63171270918413,183,-4576,2592,-2944,-525696,-27584,-1280,,,,,,
182077084096100,63171271918997,184,-4192,2528,-3136,-526464,-26752,-2496,,,,,,
182077085099100,63171272916997,185,-4992,2208,-3264,-527936,-27264,-1984,,,,,,
182077086092000,63171273917288,186,-4448,2176,-2432,-525760,-28160,-2176,,,,,,
182077087094700,63171274917038,187,-5184,1728,-3008,-526016,-27712,-1984,,,,,,
182077088093100,63171275917080,188,-5344,1856,-3392,-524928,-26432,-640,,,,,,
182077089094900,63171276917038,189,-4992,1632,-2848,-524288,-28416,-1792,,,,,,
182077090277800,63171277917413,190,-4864,1824,-2912,-522432,-28736,-2944,,,,,,
182077091102400,63171278917247,191,-4832,1408,-2272,-525376,-28096,-3008,,,,,,
182077092108500,63171279917038,192,-5504,928,-3136,-524608,-28928,-2944,,,,,,
182077093096400,63171280916872,193,-4736,1312,-2208,-525952,-28608,-1792,,,,,,
182077094094100,63171281917163,194,-4640,832,-3360,-525184,-29184,-4736,,,,,,
182077095096000,63171282916913,195,-5088,480,-2848,-525504,-29952,-640,,,,,,
182077096098300,63171283918622,196,-4448,384,-3104,-527616,-27648,-1024,,,,,,
182077097096800,63171284916997,197,-4480,-288,-2496,-526272,-29312,-1344,,,,,,
182077098096000,63171285917372,198,-4480,-32,-3168,-525504,-28032,-1728,,,,,,
182077099204400,63171286917163,199,-4736,-544,-2752,-525760,-27904,-1728,,,,,,
182077100178300,63171287917038,200,-4096,-832,-2528,-525248,-30080,-2304,,,,,,
182077101103900,63171288917247,201,-5024,-1184,-2816,-525376,-28608,-2624,,,,,,
182077102095300,63171289916997,202,-5184,-640,-2784,-525696,-29184,-704,,,,,,
182077103096600,63171290917663,203,-5184,-896,-3008,-524928,-27904,-3392,,,,,,
182077104094600,63171291917122,204,-4320,-1184,-2656,-525440,-27712,-1664,,,,,,
182077105099200,63171292918038,205,-4832,-1184,-2656,-523584,-27968,-1856,,,,,,
182077106100500,63171293917163,206,-4672,-1408,-2400,-526208,-28992,-704,,,,,,
182077107086400,63171294917122,207,-5216,-1152,-2848,-526208,-28480,-3904,,,,,,
182077108100200,63171295917288,208,-4768,-1696,-2656,-525440,-27136,384,,,,,,
182077109092400,63171296920497,209,-4640,-1440,-2240,-525056,-26752,-832,,,,,,
182077110100400,63171297918330,210,-5056,-1600,-2368,-523968,-27456,128,,,,,,
182077111093700,63171298917205,211,-5120,-1792,-3104,-524480,-27904,-2752,,,,,,
182077112092300,63171299916997,212,-3904,-1664,-2336,-524864,-27392,-960,,,,,,
182077113097900,63171300918413,213,-4384,-2400,-2560,-524160,-27456,-1344,,,,,,
182077114098300,63171301918372,214,-4992,-2144,-2752,-523840,-28864,-768,,,,,,
182077115264400,63171302916663,215,-4096,-2304,-1856,-525120,-28992,-1344,,,,,,
182077116099300,63171303917163,216,-4768,-2400,-2784,-523648,-28224,-3200,,,,,,
182077117102000,63171304917163,217,-4800,-2048,-2784,-524800,-27904,-704,,,,,,
182077118104200,63171305917247,218,-4704,-2464,-2432,-525760,-29760,-1664,,,,,,
182077119092300,63171306917038,219,-4416,-2016,-2816,-525952,-28480,-448,,,,,,
182077120084700,63171307918163,220,-4064,-2656,-2592,-524160,-28416,-192,,,,,,
182077121092100,63171308918122,221,-4384,-2688,-2784,-524608,-28544,960,,,,,,
182077122094100,63171309916913,222,-4864,-2816,-3008,-526464,-25920,0,,,,,,
182077123169600,63171310917330,223,-4128,-2176,-3296,-522176,-27968,-2240,,,,,,
182077124101600,63171311918663,224,-4128,-2496,-3168,-524096,-27456,960,,,,,,
182077125112500,63171312917080,225,-4544,-2048,-2624,-523648,-28864,1024,,,,,,
182077126095300,63171313919163,226,-4288,-2176,-2144,-522624,-27392,-1536,,,,,,
182077127092300,63171314917038,227,-4224,-2016,-2464,-525440,-27840,2688,,,,,,
182077128094300,63171315917247,228,-5248,-1952,-3552,-524736,-29248,2368,,,,,,
182077129100500,63171316917080,229,-4832,-2272,-2560,-524800,-28096,2816,,,,,,
182077130099600,63171317917122,230,-4704,-1472,-3264,-523776,-29120,1216,,,,,,
182077131095600,63171318917080,231,-4480,-1440,-3040,-524160,-29120,1600,,,,,,
182077132084300,63171319918372,232,-4512,-1664,-3680,-524032,-28032,3008,,,,,,
182077133098000,63171320917205,233,-4480,-1472,-3104,-523776,-29312,1600,,,,,,
182077134096000,63171321917163,234,-4896,-1248,-3584,-522880,-26496,-768,,,,,,
182077135089400,63171322917538,235,-5152,-1568,-3136,-525632,-28416,1088,,,,,,
182077136093200,63171323917247,236,-4448,-1216,-2784,-523264,-28928,1344,,,,,,
182077137093600,63171324917122,237,-4832,-960,-3936,-526208,-29376,192,,,,,,
182077138094900,63171325917205,238,-4736,-1088,-3328,-522560,-27008,2816,,,,,,
182077139094900,63171326917080,239,-4576,-736,-3328,-524544,-29888,2048,,,,,,
182077140256500,63171327917038,240,-4480,-800,-3136,-522432,-30208,768,,,,,,
182077141097100,63171328917122,241,-4704,-416,-3328,-524032,-27904,2624,,,,,,
182077142094800,63171329918122,242,-4448,-672,-3168,-524672,-29184,1856,,,,,,
182077143093200,63171330917997,243,-4480,-352,-3008,-523520,-30720,-64,,,,,,
182077144093000,63171331917122,244,-4704,-640,-3520,-524480,-28160,2240,,,,,,
182077145096300,63171332916997,245,-4640,-64,-3456,-522176,-31552,-896,,,,,,
182077146096900,63171333917080,246,-4032,96,-3072,-523264,-28928,1536,,,,,,
182077147096700,63171334917080,247,-4544,-32,-2944,-523968,-28288,3520,,,,,,
182077148095200,63171335917247,248,-5120,320,-3008,-522624,-28288,2112,,,,,,
182077149103000,63171336917080,249,-4736,448,-2880,-523200,-29376,1920,,,,,,
182077150095400,63171337917038,250,-4448,544,-2688,-522880,-27904,1344,,,,,,
182077151092600,63171338917163,251,-4768,928,-2592,-522944,-28352,2560,,,,,,
182077152094000,63171339917038,252,-4416,864,-2208,-523840,-29504,192,,,,,,
182077153094100,63171340917247,253,-5344,960,-2816,-523264,-28800,448,,,,,,
182077154094400,63171341917122,254,-5056,832,-1824,-523264,-29440,768,,,,,,
182077155094500,63171342918788,255,-5088,832,-2528,-522496,-29760,320,,,,,,
182077156094000,63171343918705,0,-4384,1088,-2848,-523200,-28608,1024,,,,,,
182077157096900,63171344917080,1,-4416,1728,-1888,-523712,-28864,704,,,,,,
182077158096200,63171345917122,2,-4544,1472,-1952,-523712,-26880,768,,,,,,
182077159096100,63171346917122,3,-4192,1568,-1056,-525760,-29760,2048,,,,,,
182077160093600,63171347916955,4,-4000,1376,-2144,-522304,-29504,2176,,,,,,
182077161107800,63171348918163,5,-4480,1728,-1856,-522944,-28224,3008,,,,,,
182077162094500,63171349918538,6,-4640,2112,-1888,-522112,-28736,4096,,,,,,
182077163093300,63171350917288,7,-4896,2272,-2080,-524352,-28608,1792,,,,,,
182077164092600,63171351916997,8,-4608,2368,-1472,-523968,-29312,-1280,,,,,,
182077165274700,63171352917330,9,-4480,2528,-2080,-523008,-28864,1472,,,,,,
182077166093500,63171353918164,10,-4352,2432,-2048,-522688,-27328,1600,,,,,,
182077167102700,63171354917039,11,-5312,2784,-1728,-523392,-29696,4096,,,,,,
182077168103400,63171355917122,12,-4544,3072,-1920,-522496,-28416,-64,,,,,,
182077169093600,63171356916997,13,-4416,2752,-1920,-521664,-26944,384,,,,,,
182077170094200,63171357917372,14,-4736,2656,-1728,-523840,-28608,1664,,,,,,
182077171098700,63171358917080,15,-4096,3232,-1408,-524096,-28864,1152,,,,,,
182077172090100,63171359917205,16,-5248,3264,-1600,-523456,-29952,-896,,,,,,
182077173094500,63171360918747,17,-4992,3232,-1760,-523072,-28608,1280,,,,,,
182077174093900,63171361917080,18,-4544,2816,-1952,-525824,-29504,-384,,,,,,
182077175105000,63171362917289,19,-4928,3392,-1856,-523712,-28032,1024,,,,,,
182077176094500,63171363917997,20,-4608,3456,-1888,-523328,-27008,1984,,,,,,
182077177097700,63171364917080,21,-5088,3552,-1088,-522624,-27968,-2240,,,,,,
182077178104600,63171365917080,22,-4704,3616,-2304,-524224,-30592,-192,,,,,,
182077179098000,63171366919205,23,-4832,4160,-1504,-523776,-28416,-1408,,,,,,
182077180100300,63171367917247,24,-4320,3584,-1696,-523840,-28416,-1024,,,,,,
182077181096100,63171368916997,25,-4896,3584,-2336,-524416,-27008,2368,,,,,,
182077182497900,63171369917039,26,-5056,4416,-1952,-523008,-29312,-2624,,,,,,
182077183381000,63171370917122,27,-4576,3904,-1600,-526400,-29568,2112,,,,,,
182077184094600,63171371916997,28,-4768,4256,-1568,-522752,-27776,1088,,,,,,
182077185081900,63171372917372,29,-4672,3776,-1664,-524352,-27648,1472,,,,,,
182077186150400,63171373917164,30,-4864,3744,-2144,-524864,-28096,-1536,,,,,,
182077187096300,63171374917039,31,-4672,4480,-1984,-521792,-27648,-960,,,,,,
182077188091900,63171375917164,32,-5568,3904,-2368,-523712,-27264,-320,,,,,,
182077189090800,63171376917039,33,-5120,3776,-1920,-524864,-26624,-1600,,,,,,
182077190355700,63171377917247,34,-4768,3808,-2400,-524352,-28608,576,,,,,,
182077191103400,63171378916997,35,-4544,3808,-2176,-523584,-28032,-640,,,,,,
182077192089000,63171379916997,36,-4704,4320,-2240,-522624,-30464,832,,,,,,
182077193089800,63171380918705,37,-4832,4192,-2368,-526208,-28800,832,,,,,,
182077194100200,63171381917080,38,-5056,4192,-2208,-525568,-28224,-640,,,,,,
182077195093900,63171382917372,39,-5152,4224,-2496,-523328,-27264,-384,,,,,,
182077196095300,63171383917039,40,-5120,4000,-1984,-523904,-28992,-448,,,,,,
182077197095600,63171384918497,41,-5152,4192,-2560,-526016,-28864,-832,,,,,,
182077198096900,63171385917122,42,-4448,4160,-2208,-526464,-29824,-1600,,,,,,
182077199100000,63171386917705,43,-4640,3872,-2624,-524800,-28160,-3648,,,,,,
182077200103900,63171387917205,44,-5056,3904,-1920,-525120,-27392,1024,,,,,,
182077201098600,63171388917164,45,-4864,3552,-2464,-525184,-28544,0,,,,,,
182077202219800,63171389917039,46,-4736,3776,-2336,-526976,-28992,-448,,,,,,
182077203093300,63171390917164,47,-4960,3616,-2368,-524032,-27136,-2112,,,,,,
182077204099600,63171391917164,48,-4480,3552,-2944,-526400,-27584,-3648,,,,,,
182077205096400,63171392917205,49,-4832,3072,-2496,-526848,-28224,-3520,,,,,,
182077206094400,63171393916747,50,-5408,3360,-2528,-525952,-27072,-1280,,,,,,
182077207098500,63171394917122,51,-4896,2976,-2688,-525504,-28416,-320,,,,,,
182077208098800,63171395917164,52,-4768,2944,-2272,-527232,-28544,-256,,,,,,
182077209096500,63171396917080,53,-5024,2912,-2240,-526272,-28160,-2688,,,,,,
182077210096200,63171397917247,54,-4928,2592,-2656,-526400,-29440,-384,,,,,,
182077211085000,63171398916747,55,-5088,2528,-2624,-528064,-28160,-2752,,,,,,
182077212090500,63171399916997,56,-4704,1440,-2656,-525632,-27392,-2816,,,,,,
182077213095600,63171400917414,57,-4960,1824,-2112,-525952,-27712,-3776,,,,,,
182077214092700,63171401917247,58,-5120,1984,-2784,-528512,-28608,-2176,,,,,,
182077215392100,63171402917164,59,-4544,1024,-2368,-526208,-29376,-1792,,,,,,
182077216099800,63171403917247,60,-4640,992,-2752,-524864,-27712,-1792,,,,,,
182077217103700,63171404916997,61,-4384,704,-2240,-524736,-28160,-2560,,,,,,
182077218087600,63171405917122,62,-5376,800,-3008,-526528,-28800,-3072,,,,,,
182077219106600,63171406917039,63,-4224,224,-2240,-526592,-27328,-2304,,,,,,
182077220104600,63171407917164,64,-4736,288,-2272,-523968,-27392,-1920,,,,,,
182077221094000,63171408917830,65,-4768,-576,-2848,-525504,-28928,-4736,,,,,,
182077222084100,63171409918747,66,-5440,32,-3168,-524288,-29056,-4224,,,,,,
182077223093200,63171410917080,67,-4672,-448,-2880,-526400,-31104,-1984,,,,,,
182077224204500,63171411916997,68,-4768,-608,-2368,-526400,-28608,-2368,,,,,,
182077225079200,63171412917080,69,-4352,-960,-2176,-523968,-29504,1216,,,,,,
182077226095800,63171413917330,70,-4672,-1408,-2560,-525312,-30848,-4480,,,,,,
182077227093500,63171414917247,71,-4576,-1248,-2560,-526016,-29504,-2880,,,,,,
182077228092700,63171415916997,72,-5056,-1376,-2272,-525632,-27264,-2624,,,,,,
182077229095200,63171416916997,73,-4896,-1920,-2272,-525632,-28608,-2752,,,,,,
182077230100300,63171417917247,74,-5088,-1536,-2624,-524352,-28544,-1088,,,,,,
182077231097400,63171418917289,75,-4960,-2368,-1888,-525248,-28032,-1408,,,,,,
182077232079700,63171419917622,76,-5056,-2432,-2272,-524032,-29376,-832,,,,,,
182077233098100,63171420918289,77,-4992,-2368,-2912,-527872,-29376,-2432,,,,,,
182077234096500,63171421917164,78,-4736,-2720,-2304,-526592,-29312,-1856,,,,,,
182077235091700,63171422917164,79,-4480,-3392,-2144,-525056,-28800,-3392,,,,,,
182077236087300,63171423917122,80,-4992,-2368,-2880,-523584,-27392,-3520,,,,,,
182077237091900,63171424917205,81,-4864,-3040,-2208,-523520,-28480,-2880,,,,,,
182077238090800,63171425916997,82,-5280,-2912,-2784,-524864,-29120,-704,,,,,,
182077239094400,63171426917872,83,-5056,-3168,-2368,-524736,-28672,-1856,,,,,,
182077240250800,63171427917122,84,-4992,-3392,-2208,-525696,-28864,-1536,,,,,,
182077241100100,63171428917247,85,-4832,-3456,-2336,-525120,-29440,-4416,,,,,,
182077242106100,63171429917289,86,-5216,-2944,-3008,-526016,-27392,1152,,,,,,
182077243090000,63171430917164,87,-4704,-3424,-2080,-526656,-29312,-1536,,,,,,
182077244095100,63171431918580,88,-5056,-3584,-3040,-525056,-29952,704,,,,,,
182077245095300,63171432917164,89,-5056,-3584,-2496,-524608,-28672,-576,,,,,,
182077246095800,63171433917080,90,-4608,-4000,-2368,-525312,-29632,448,,,,,,
182077247393900,63171434917080,91,-5216,-3456,-2240,-524352,-28800,-1280,,,,,,
182077248086400,63171435917039,92,-4288,-3488,-1856,-525504,-28160,384,,,,,,
182077249094700,63171436917122,93,-4320,-3168,-1824,-525120,-28864,1088,,,,,,
182077250097600,63171437917080,94,-4896,-3520,-2048,-523776,-29376,832,,,,,,
182077251091400,63171438916997,95,-4864,-3328,-2400,-524736,-27392,1280,,,,,,
182077252093500,63171439917205,96,-4768,-3808,-2336,-526272,-28800,64,,,,,,
182077253106000,63171440919414,97,-4960,-3264,-2496,-524544,-31936,2304,,,,,,
182077254096800,63171441917039,98,-4960,-3200,-2432,-524224,-28928,2176,,,,,,
182077255089700,63171442917122,99,-4352,-3552,-1952,-524800,-29696,1728,,,,,,
182077256087100,63171443917164,100,-5248,-3200,-2432,-525760,-30144,1920,,,,,,
182077257132700,63171444918039,101,-4832,-2912,-2336,-525120,-29824,448,,,,,,
182077258103000,63171445918372,102,-4864,-2848,-1280,-524544,-28480,2944,,,,,,
182077259085700,63171446917080,103,-4608,-2176,-2336,-526144,-29696,1792,,,,,,
182077260084900,63171447917080,104,-5056,-2848,-2080,-525824,-29120,2304,,,,,,
182077261084100,63171448917164,105,-5632,-1920,-2336,-524352,-30016,3840,,,,,,
182077262082300,63171449917205,106,-4928,-2400,-1440,-525184,-29248,1088,,,,,,
182077263083000,63171450918455,107,-5024,-2272,-2016,-526976,-29120,-384,,,,,,
182077264096800,63171451917080,108,-4352,-2528,-2208,-523776,-31360,1408,,,,,,
182077265101600,63171452916997,109,-4640,-1568,-2080,-526336,-28032,2880,,,,,,
182077266085300,63171453916997,110,-4768,-2144,-1184,-525888,-29696,-960,,,,,,
182077267100400,63171454918039,111,-4480,-1504,-1600,-524160,-29760,3904,,,,,,
182077268086400,63171455918580,112,-4608,-1344,-1024,-523904,-29568,3072,,,,,,
182077269094600,63171456916914,113,-4512,-1120,-1920,-524416,-28864,192,,,,,,
182077270077300,63171457916997,114,-4736,-1056,-1280,-526016,-30272,2112,,,,,,
182077271077000,63171458916997,115,-4192,-1344,-1472,-525056,-29888,2176,,,,,,
182077272076900,63171459917622,116,-4544,-1088,-1152,-524928,-28928,4096,,,,,,
182077273091100,63171460918330,117,-4384,-1088,-1120,-524096,-28672,576,,,,,,
182077274091100,63171461916914,118,-4608,-480,-1408,-524800,-28224,3840,,,,,,
182077275095900,63171462916997,119,-5216,-768,-1792,-525440,-28480,2176,,,,,,
182077276090400,63171463917164,120,-4640,-672,-1600,-522752,-29248,-448,,,,,,
182077277085100,63171464917122,121,-4896,-448,-1152,-524160,-28480,896,,,,,,
182077278084200,63171465916997,122,-4512,-192,-2464,-524032,-29120,1856,,,,,,
182077279077300,63171466916955,123,-4544,128,-1920,-525632,-28864,1472,,,,,,
182077280086300,63171467917455,124,-4608,352,-1184,-523328,-30080,2752,,,,,,
182077281086400,63171468917039,125,-4352,320,-1280,-524544,-27328,4032,,,,,,
182077282093500,63171469917080,126,-4576,512,-1184,-523904,-30208,1408,,,,,,
182077283097900,63171470917122,127,-4960,736,-1280,-523264,-29120,640,,,,,,
182077284087000,63171471916997,128,-4704,608,-1024,-524480,-28032,1728,,,,,,
182077285327400,63171472916747,129,-4384,704,-992,-525312,-27648,768,,,,,,
182077286087000,63171473917080,130,-4992,992,-1792,-524416,-29504,2176,,,,,,
182077287080200,63171474917122,131,-4352,1088,-704,-524800,-28608,1344,,,,,,
182077288103000,63171475917122,132,-4256,640,-1184,-522752,-29120,640,,,,,,
182077289093900,63171476917289,133,-4576,1696,-1312,-524480,-28160,1856,,,,,,
182077290088200,63171477917164,134,-4576,1408,-1056,-524032,-28864,3456,,,,,,
182077291086600,63171478917164,135,-4704,1472,-2272,-524352,-30400,512,,,,,,
182077292102500,63171479916997,136,-4544,1664,-992,-523840,-27520,1920,,,,,,
182077293091500,63171480918497,137,-4864,1376,-928,-521536,-27136,256,,,,,,
182077294084000,63171481917247,138,-4032,1760,-1280,-526208,-28288,-704,,,,,,
182077295088700,63171482917205,139,-4576,1696,-1504,-524736,-28992,0,,,,,,
182077296080100,63171483916955,140,-4800,1408,-1312,-524224,-27584,3008,,,,,,
182077297080500,63171484918122,141,-4608,1536,-1600,-525696,-28928,-320,,,,,,
182077298094200,63171485917330,142,-4256,1600,-1504,-524096,-30464,1600,,,,,,
182077299125000,63171486918622,143,-4832,1632,-1152,-521536,-28480,1984,,,,,,
182077300086100,63171487918289,144,-4352,1728,-960,-523136,-28928,-1088,,,,,,
182077301105000,63171488916955,145,-4864,2144,-2144,-525184,-27136,3904,,,,,,
182077302097800,63171489917122,146,-4288,1664,-1344,-525056,-27968,1216,,,,,,
182077303088000,63171490917955,147,-3936,2080,-1280,-524480,-27328,1664,,,,,,
182077304088200,63171491918622,148,-4512,1504,-1568,-523776,-27584,896,,,,,,
182077305093900,63171492919205,149,-4960,2016,-1632,-523840,-27648,1536,,,,,,
182077306097900,63171493916997,150,-4832,1760,-1152,-524096,-27456,896,,,,,,
182077307081100,63171494917039,151,-4960,1984,-1824,-525056,-28096,832,,,,,,
182077308098300,63171495917080,152,-4544,1856,-1728,-524096,-27712,1920,,,,,,
182077309102100,63171496919997,153,-5152,2080,-2144,-523392,-27904,192,,,,,,
182077310096000,63171497917080,154,-4192,1728,-1472,-525632,-26944,640,,,,,,
182077311096900,63171498916997,155,-4736,1856,-1696,-524864,-29568,-2176,,,,,,
182077312097100,63171499918247,156,-4704,2304,-1952,-523776,-28096,-4160,,,,,,
182077313098000,63171500917122,157,-5248,1920,-1664,-522944,-28096,1408,,,,,,
182077314097400,63171501917247,158,-4256,1824,-1440,-523840,-28672,960,,,,,,
182077315158300,63171502917039,159,-4352,1920,-1696,-526848,-29376,-128,,,,,,
182077316164500,63171503916872,160,-4512,1600,-2016,-522624,-28544,-384,,,,,,
182077317092000,63171504917122,161,-4736,1984,-1120,-522944,-27904,2560,,,,,,
182077318098700,63171505917164,162,-5024,1760,-2080,-525760,-28352,-512,,,,,,
182077319090000,63171506917039,163,-4672,1536,-2016,-525696,-27968,-192,,,,,,
182077320089500,63171507917080,164,-4736,1664,-1216,-524352,-26496,-1472,,,,,,
182077321095400,63171508919580,165,-4672,1568,-2144,-523648,-28096,256,,,,,,
182077322100400,63171509917830,166,-4416,1472,-2304,-525504,-28800,-192,,,,,,
182077323101400,63171510918789,167,-4928,1568,-2048,-524352,-27264,-1024,,,,,,
182077324146300,63171511917247,168,-4032,2048,-1952,-525952,-26304,-1152,,,,,,
182077325114500,63171512917039,169,-4416,1152,-2112,-522688,-27072,1920,,,,,,
182077326098100,63171513917705,170,-4768,1664,-3168,-525376,-28032,-576,,,,,,
182077327097600,63171514918414,171,-4832,1312,-2560,-525568,-26112,0,,,,,,
182077328099500,63171515918497,172,-4736,1216,-2880,-524864,-28160,-832,,,,,,
182077329102100,63171516917122,173,-5344,1344,-2336,-521856,-27328,448,,,,,,
182077330095500,63171517917205,174,-4160,1088,-2464,-522304,-26304,-1728,,,,,,
182077331097500,63171518917039,175,-4512,672,-2560,-522752,-28992,-2240,,,,,,
182077332124100,63171519917330,176,-5312,800,-3296,-526208,-27264,-2560,,,,,,
182077333101600,63171520918372,177,-4480,800,-2720,-524928,-28160,-64,,,,,,
182077334118300,63171521917164,178,-4512,512,-2720,-524544,-26944,-64,,,,,,
182077335096300,63171522916997,179,-4896,800,-3136,-526016,-27584,-2944,,,,,,
182077336093500,63171523916955,180,-4384,448,-2784,-524416,-26688,-640,,,,,,
182077337098100,63171524917247,181,-4352,-128,-2336,-524224,-28480,-1920,,,,,,
182077338101200,63171525917039,182,-4896,224,-3296,-523136,-27968,-1152,,,,,,
182077339099300,63171526918497,183,-4608,64,-3040,-524096,-28160,-832,,,,,,
182077340397100,63171527917080,184,-4416,-352,-3296,-524864,-27520,192,,,,,,
182077341098100,63171528916997,185,-4448,-800,-2656,-523648,-29120,64,,,,,,
182077342107200,63171529917080,186,-4864,-1088,-2880,-526016,-29760,256,,,,,,
182077343099800,63171530917039,187,-5440,-672,-3296,-523328,-27648,-384,,,,,,
182077344098100,63171531917872,188,-4832,-352,-3008,-523200,-29248,-960,,,,,,
182077345102200,63171532918622,189,-5056,-1056,-3008,-524096,-30208,-512,,,,,,
182077346099000,63171533916997,190,-4736,-416,-3104,-524096,-28096,384,,,,,,
182077347100500,63171534917122,191,-5248,-1152,-2496,-524736,-29312,-896,,,,,,
182077348100300,63171535916997,192,-5024,-1248,-3200,-523584,-29184,-1344,,,,,,
182077349097100,63171536917122,193,-4576,-768,-3104,-523840,-29440,-192,,,,,,
182077350101500,63171537920539,194,-4896,-1376,-2560,-522624,-29568,320,,,,,,
182077351102200,63171538916955,195,-4800,-1504,-2848,-525312,-29888,-640,,,,,,
182077352096100,63171539918455,196,-4672,-1952,-3072,-522112,-28416,-1472,,,,,,
182077353093100,63171540917080,197,-5344,-1376,-2432,-522816,-29568,-832,,,,,,
182077354093600,63171541917164,198,-4896,-1824,-2624,-524800,-28672,-1536,,,,,,
182077355097500,63171542917122,199,-4864,-1888,-2944,-523200,-28736,1152,,,,,,
182077356101800,63171543917205,200,-4960,-1984,-2400,-524096,-28096,2816,,,,,,
182077357082100,63171544918664,201,-4672,-1952,-2304,-523648,-28736,1856,,,,,,
182077358101300,63171545917039,202,-4992,-1600,-2304,-525952,-29056,-192,,,,,,
182077359109700,63171546917122,203,-5472,-1824,-2752,-523840,-28864,-1152,,,,,,
182077360092600,63171547917122,204,-4576,-1792,-2656,-525888,-29248,-192,,,,,,
182077361105800,63171548917205,205,-5216,-1984,-2816,-524992,-30208,3520,,,,,,
182077362092500,63171549917164,206,-4768,-1440,-2240,-525568,-29632,128,,,,,,
182077363197400,63171550917039,207,-4640,-1920,-2016,-525952,-29888,-384,,,,,,
182077364094800,63171551918705,208,-4800,-1728,-2688,-524544,-28608,-448,,,,,,
182077365368200,63171552917039,209,-4256,-1376,-2240,-525440,-28672,2432,,,,,,
182077366098300,63171553917039,210,-4960,-1504,-2240,-525376,-29504,-768,,,,,,
182077367106500,63171554917247,211,-4736,-1856,-1984,-524480,-28864,1472,,,,,,
182077368100000,63171555918414,212,-5088,-1184,-2528,-526336,-27520,2304,,,,,,
182077369097700,63171556917205,213,-4704,-1344,-1888,-525312,-29696,128,,,,,,
182077370095200,63171557916997,214,-4448,-1056,-2016,-525632,-28480,3328,,,,,,
182077371094200,63171558917080,215,-4576,-864,-1408,-525248,-29696,3712,,,,,,
182077372111100,63171559917039,216,-4864,-640,-2496,-525248,-28032,2496,,,,,,
182077373093300,63171560916955,217,-5408,-640,-2496,-525312,-27392,2048,,,,,,
182077374097800,63171561918705,218,-4832,-544,-2176,-523264,-28864,0,,,,,,
182077375100500,63171562916997,219,-4448,-672,-1760,-526720,-28416,2816,,,,,,
182077376092600,63171563917247,220,-4256,-480,-2080,-526272,-29760,3136,,,,,,
182077377083800,63171564917039,221,-4960,32,-2880,-524992,-28608,2816,,,,,,
182077378084400,63171565916914,222,-4512,-160,-1920,-525440,-27712,2240,,,,,,
182077379089900,63171566917372,223,-4832,-32,-2208,-525760,-26240,3712,,,,,,
182077380093100,63171567916997,224,-4672,352,-2016,-524480,-26752,4608,,,,,,
182077381094200,63171568917122,225,-4704,480,-1600,-525632,-27264,2496,,,,,,
182077382088400,63171569917205,226,-5216,832,-2016,-525312,-28608,2944,,,,,,
182077383111200,63171570918497,227,-5024,640,-2304,-526528,-28800,1408,,,,,,
182077384102600,63171571917205,228,-4704,1152,-1888,-525760,-28992,896,,,,,,
182077385099500,63171572917080,229,-4544,1568,-1856,-526336,-27456,5568,,,,,,
182077386125000,63171573917122,230,-4864,1440,-2368,-522368,-28224,4800,,,,,,
182077387091300,63171574917122,231,-4544,1408,-2400,-525568,-26496,3328,,,,,,
182077388094200,63171575916955,232,-4256,2112,-2176,-526016,-28416,896,,,,,,
182077389093000,63171576917080,233,-4640,1856,-2048,-525376,-27008,4032,,,,,,
182077390361500,63171577917080,234,-4448,1888,-2400,-526592,-28992,3648,,,,,,
182077391101300,63171578918539,235,-4768,1664,-2368,-524544,-27328,3776,,,,,,
182077392107900,63171579917080,236,-4768,2528,-2272,-524160,-29312,1856,,,,,,
182077393083400,63171580916955,237,-4480,2400,-1760,-524928,-29312,2048,,,,,,
182077394081800,63171581917122,238,-4672,2848,-2816,-525760,-28864,3072,,,,,,
182077395098400,63171582917039,239,-4672,2912,-2976,-525248,-28160,1024,,,,,,
182077396173600,63171583917164,240,-4896,2528,-2144,-524992,-27840,640,,,,,,
182077397119300,63171584917122,241,-4416,2688,-1920,-524416,-28736,2752,,,,,,
182077398095500,63171585916914,242,-4928,2720,-2464,-524864,-29952,832,,,,,,
182077399090300,63171586917122,243,-4416,3040,-2688,-526272,-28736,1344,,,,,,
182077400097600,63171587916955,244,-5120,3232,-2560,-523584,-29056,1728,,,,,,
182077401092700,63171588917164,245,-4352,3200,-2176,-523584,-28736,3008,,,,,,
182077402083900,63171589917080,246,-4288,3744,-2304,-523840,-29184,192,,,,,,
182077403093000,63171590917580,247,-4128,3168,-1888,-526272,-27904,2112,,,,,,
182077404096300,63171591917122,248,-4064,3072,-2432,-526080,-29120,768,,,,,,
182077405099400,63171592916997,249,-4928,3712,-2528,-525504,-29632,704,,,,,,
182077406098900,63171593917372,250,-4928,4000,-2528,-523520,-28864,-1152,,,,,,
182077407083300,63171594917205,251,-4864,3360,-2176,-525248,-30272,1152,,,,,,
182077408092500,63171595917164,252,-4640,3680,-2464,-525504,-27776,1984,,,,,,
182077409098000,63171596917122,253,-5248,3072,-2048,-524096,-28672,0,,,,,,
182077410092500,63171597916997,254,-4320,3392,-2400,-523520,-27264,1280,,,,,,
182077411091200,63171598917955,255,-5184,3680,-2048,-523392,-28672,-2304,,,,,,
182077412093100,63171599917039,0,-5024,3360,-2560,-525120,-28608,-64,,,,,,
182077413094900,63171600917247,1,-5152,3616,-2400,-522816,-29440,-640,,,,,,
182077414090400,63171601917080,2,-4192,3200,-2304,-527232,-31488,192,,,,,,
182077415352900,63171602917247,3,-4608,3776,-1504,-525248,-28864,-1664,,,,,,
182077416099800,63171603917247,4,-4352,3232,-1888,-525760,-29440,-768,,,,,,
182077417106100,63171604916997,5,-4800,3296,-2464,-524864,-29696,448,,,,,,
182077418111300,63171605916830,6,-5280,3200,-2848,-524736,-29376,704,,,,,,
182077419093000,63171606917247,7,-4832,3776,-2624,-525376,-28096,-1600,,,,,,
182077420090500,63171607916914,8,-3840,2624,-1728,-523584,-29056,-1472,,,,,,
182077421095200,63171608918747,9,-4864,2720,-2880,-526720,-29248,-2752,,,,,,
182077422095900,63171609916955,10,-4608,2816,-1408,-524224,-29952,1536,,,,,,
182077423094100,63171610918705,11,-4544,2912,-2176,-524800,-28928,2752,,,,,,
182077424084400,63171611917205,12,-4736,2720,-1376,-523392,-30080,-320,,,,,,
182077425097400,63171612916914,13,-4640,2624,-2080,-524224,-28992,-3200,,,,,,
182077426099000,63171613918330,14,-4800,2592,-1696,-522176,-26816,-2112,,,,,,
182077427089300,63171614916997,15,-4576,2976,-2080,-525312,-29504,1600,,,,,,
182077428093600,63171615917205,16,-5024,2688,-2144,-525312,-31040,1536,,,,,,
182077429095100,63171616917122,17,-5248,2592,-2112,-527616,-29568,-1344,,,,,,
182077430101700,63171617916997,18,-4416,2464,-2304,-524480,-29568,-2944,,,,,,
182077431095600,63171618917205,19,-4832,1952,-2400,-523840,-28928,-128,,,,,,
182077432092100,63171619916955,20,-5056,2048,-1728,-524160,-27968,-448,,,,,,
182077433099900,63171620917830,21,-4864,2464,-2144,-523840,-27648,384,,,,,,
182077434096700,63171621918539,22,-4320,2368,-1600,-523648,-28224,832,,,,,,
182077435178600,63171622916955,23,-4384,2368,-1312,-525184,-28480,384,,,,,,
182077436095200,63171623917122,24,-5344,2368,-2912,-524352,-29504,832,,,,,,
182077437098400,63171624916997,25,-4224,1856,-1568,-524544,-27968,-192,,,,,,
182077438093400,63171625917122,26,-4832,2144,-2176,-524032,-28224,-128,,,,,,
182077439097000,63171626917247,27,-4896,1728,-1824,-523136,-29120,-3008,,,,,,
182077440399000,63171627916997,28,-4960,1536,-2208,-523840,-27776,512,,,,,,
182077441102500,63171628917164,29,-4256,1600,-2016,-522688,-27712,-1664,,,,,,
182077442095600,63171629916955,30,-4480,1696,-1696,-522752,-28224,-448,,,,,,
182077443094700,63171630917247,31,-4768,1760,-2080,-524480,-29056,-1728,,,,,,
182077444097000,63171631917247,32,-4224,1888,-2368,-523840,-28928,-1344,,,,,,
182077445092800,63171632918372,33,-4800,1152,-1984,-524800,-27648,-256,,,,,,
182077446093100,63171633917164,34,-4736,832,-1792,-524480,-27712,2176,,,,,,
182077447094200,63171634916997,35,-4768,992,-2016,-523520,-28928,-2368,,,,,,
182077448093800,63171635917414,36,-4928,1280,-2336,-523072,-27392,-2240,,,,,,
182077449095300,63171636917080,37,-4096,1024,-2144,-523712,-28736,640,,,,,,
182077450091900,63171637916997,38,-4384,1088,-2368,-523584,-26368,-2112,,,,,,
182077451090300,63171638917747,39,-4800,928,-3488,-524096,-29056,-1088,,,,,,
182077452092600,63171639916914,40,-4512,800,-1984,-523648,-27392,-640,,,,,,
182077453092600,63171640917205,41,-3872,448,-2240,-523136,-28480,-448,,,,,,
182077454093500,63171641917039,42,-4640,160,-2272,-523968,-27840,512,,,,,,
182077455094700,63171642916955,43,-4928,736,-3616,-524928,-28160,-1408,,,,,,
182077456090900,63171643917664,44,-4384,384,-3360,-524032,-27840,896,,,,,,
182077457098900,63171644918039,45,-5376,704,-3008,-524864,-27520,-64,,,,,,
182077458093700,63171645916830,46,-4704,32,-3520,-523904,-28672,-128,,,,,,
182077459094700,63171646916997,47,-4448,64,-2720,-523392,-28224,448,,,,,,
182077460094400,63171647916872,48,-5184,-448,-2784,-524416,-27584,-896,,,,,,
182077461096600,63171648917080,49,-4480,-32,-3328,-525632,-27776,-1472,,,,,,
182077462096400,63171649917039,50,-4864,-608,-3360,-523456,-29056,-512,,,,,,
182077463095900,63171650918747,51,-4416,-576,-3232,-523456,-28672,-2304,,,,,,
182077464097000,63171651917122,52,-4512,-640,-3520,-524480,-29376,-512,,,,,,
182077465237100,63171652916997,53,-5024,-640,-3456,-524736,-29568,192,,,,,,
182077466127800,63171653917122,54,-4672,-896,-3584,-524352,-27392,-384,,,,,,
182077467097700,63171654916997,55,-5376,-160,-3520,-525248,-29312,1344,,,,,,
182077468095100,63171655918789,56,-4672,-832,-3264,-523648,-27904,1344,,,,,,
182077469091400,63171656917039,57,-4864,-1024,-3616,-522880,-28224,-1984,,,,,,
182077470128800,63171657916830,58,-4640,-672,-3552,-524800,-28416,896,,,,,,
182077471103400,63171658917205,59,-4736,-768,-3552,-523648,-28992,1920,,,,,,
182077472169100,63171659916955,60,-4832,-1376,-3328,-524672,-29056,128,,,,,,
182077473087400,63171660917122,61,-4960,-1536,-3232,-524480,-28608,-512,,,,,,
182077474091100,63171661919080,62,-4544,-1408,-3296,-523392,-29312,-2112,,,,,,
182077475097000,63171662917955,63,-4704,-1216,-2688,-522560,-28480,832,,,,,,
182077476092900,63171663917122,64,-4608,-1184,-3904,-523264,-29504,-896,,,,,,
182077477095400,63171664916914,65,-4384,-1344,-3008,-523392,-28032,960,,,,,,
182077478080100,63171665917289,66,-4768,-1376,-2912,-526208,-28032,-640,,,,,,
182077479096100,63171666916914,67,-5216,-960,-3936,-523712,-28544,512,,,,,,
182077480087700,63171667916997,68,-4736,-1312,-2976,-523584,-27968,0,,,,,,
182077481084100,63171668917205,69,-4672,-1536,-3392,-523968,-28288,384,,,,,,
182077482094900,63171669916914,70,-4800,-864,-3264,-523904,-30144,1408,,,,,,
182077483090400,63171670917247,71,-4896,-1120,-2944,-523648,-29824,704,,,,,,
182077484088000,63171671916997,72,-5376,-1344,-3488,-524288,-29760,576,,,,,,
182077485083100,63171672917039,73,-4640,-704,-2944,-522944,-28096,704,,,,,,
182077486098500,63171673918330,74,-4352,-1248,-3040,-526976,-28416,4224,,,,,,
182077487100800,63171674917080,75,-4672,-896,-3328,-524096,-30656,1152,,,,,,
182077488099600,63171675917164,76,-4640,-896,-3136,-523456,-29056,128,,,,,,
182077489099300,63171676916997,77,-4000,-1152,-2752,-523136,-28480,768,,,,,,
182077490163000,63171677917205,78,-4416,-608,-3232,-524224,-26752,2048,,,,,,
182077491098000,63171678917205,79,-4544,-192,-2624,-525056,-29824,896,,,,,,
182077492094000,63171679916997,80,-4928,-480,-2976,-524288,-28416,3200,,,,,,
182077493093800,63171680917789,81,-4864,-480,-3104,-523840,-27008,2880,,,,,,
182077494094400,63171681916955,82,-4384,-352,-2752,-524416,-28928,768,,,,,,
182077495092800,63171682917289,83,-4672,128,-3136,-526144,-29184,1920,,,,,,
182077496097200,63171683917039,84,-4064,128,-2848,-524160,-29376,1152,,,,,,
182077497093700,63171684916997,85,-4864,352,-2912,-524096,-28608,4544,,,,,,
182077498096900,63171685917122,86,-4704,352,-2944,-525632,-30720,1152,,,,,,
182077499099500,63171686916955,87,-5120,416,-2752,-523456,-29376,4352,,,,,,
182077500096200,63171687917289,88,-4864,544,-2176,-523712,-28352,2368,,,,,,
182077501095600,63171688917039,89,-4544,1088,-2112,-522304,-28928,3520,,,,,,
182077502096700,63171689916872,90,-4160,736,-2240,-524736,-29824,3200,,,,,,
182077503098200,63171690917247,91,-4416,832,-2784,-522368,-28352,2368,,,,,,
182077504094600,63171691918455,92,-4512,1312,-1824,-523392,-29952,1600,,,,,,
182077505089000,63171692916997,93,-4992,1600,-2816,-525504,-29056,4096,,,,,,
182077506092600,63171693917039,94,-4800,1952,-2176,-524416,-28160,768,,,,,,
182077507103500,63171694916872,95,-4960,2112,-1600,-525888,-29440,2368,,,,,,
182077508086700,63171695917122,96,-4800,1632,-2016,-523584,-29568,1472,,,,,,
182077509084800,63171696917039,97,-4416,1952,-2176,-522816,-28608,2240,,,,,,
182077510081600,63171697919039,98,-5312,2304,-2912,-524032,-29120,576,,,,,,
182077511090600,63171698917080,99,-4576,2528,-2688,-523456,-29888,2624,,,,,,
182077512092600,63171699916914,100,-4096,2432,-2304,-525888,-29312,2944,,,,,,
182077513092500,63171700918330,101,-4672,2624,-2016,-522560,-29440,4288,,,,,,
182077514093900,63171701917039,102,-4480,3040,-2336,-524800,-28672,3072,,,,,,
182077515154400,63171702917330,103,-4352,2720,-1984,-527360,-28736,2176,,,,,,
182077516097300,63171703917955,104,-4192,3264,-2176,-525824,-27456,1920,,,,,,
182077517093100,63171704916914,105,-4224,3104,-2208,-526336,-28480,1792,,,,,,
182077518093400,63171705917122,106,-4832,3680,-3104,-523904,-27136,2368,,,,,,
182077519088000,63171706916955,107,-4864,3648,-1952,-526016,-28480,1088,,,,,,
182077520093900,63171707917164,108,-4576,3456,-2528,-524544,-27136,2624,,,,,,
182077521095100,63171708916955,109,-5024,3296,-2048,-524096,-29184,-704,,,,,,
182077522239800,63171709919747,110,-4576,3424,-2432,-525056,-29184,2816,,,,,,
182077523105800,63171710917872,111,-4736,3584,-2016,-526336,-28800,-384,,,,,,
182077524105400,63171711916997,112,-4416,3488,-2272,-524224,-29056,2496,,,,,,
182077525104700,63171712917205,113,-4672,4288,-2880,-523904,-27776,576,,,,,,
182077526104200,63171713917039,114,-4640,4128,-2144,-524736,-28096,512,,,,,,
182077527095100,63171714916914,115,-4928,4288,-2336,-526656,-28288,192,,,,,,
182077528092100,63171715917080,116,-4736,4448,-3136,-524800,-27648,1408,,,,,,
182077529089800,63171716916914,117,-4992,4512,-2176,-523072,-29760,-1216,,,,,,
182077530089400,63171717917205,118,-5152,4864,-2752,-524992,-27264,-1024,,,,,,
182077531258300,63171718917122,119,-4960,4320,-1664,-525888,-28992,2496,,,,,,
182077532102800,63171719917289,120,-4928,4512,-2336,-525696,-27008,-1024,,,,,,
182077533099800,63171720917622,121,-4768,4512,-2400,-522368,-26880,1088,,,,,,
182077534100900,63171721919497,122,-4384,4640,-2176,-525696,-29312,-256,,,,,,
182077535104900,63171722918664,123,-4672,4448,-2144,-525888,-29632,1344,,,,,,
182077536085700,63171723916955,124,-5696,5152,-2720,-524672,-29632,-256,,,,,,
182077537098500,63171724917080,125,-4576,4384,-2656,-526592,-29760,-1536,,,,,,
182077538089900,63171725917039,126,-4896,4608,-2496,-524032,-27264,1408,,,,,,
182077539098000,63171726916914,127,-4864,4800,-2240,-524608,-28480,704,,,,,,
182077540324100,63171727917164,128,-4384,5056,-2912,-524864,-28928,704,,,,,,
182077541091900,63171728916955,129,-4320,5088,-2464,-525440,-26944,1600,,,,,,
182077542108000,63171729917039,130,-4832,4448,-2240,-524928,-28992,1152,,,,,,
182077543106400,63171730917122,131,-4256,4512,-2752,-524928,-27776,1024,,,,,,
182077544088700,63171731916955,132,-4800,4736,-2592,-526976,-27264,768,,,,,,
182077545093600,63171732917747,133,-5152,4640,-2656,-525504,-29504,-1472,,,,,,
182077546095400,63171733917830,134,-5216,4672,-2304,-525504,-27392,-1600,,,,,,
182077547099500,63171734916955,135,-4544,4832,-2368,-525632,-29184,1792,,,,,,
182077548094400,63171735917164,136,-5088,4544,-3456,-526336,-29312,-1664,,,,,,
182077549106700,63171736916872,137,-5024,4704,-2432,-525632,-28928,-1088,,,,,,
182077550092800,63171737917164,138,-4928,4928,-2944,-525824,-29248,-768,,,,,,
182077551113800,63171738917039,139,-4544,4640,-2688,-525184,-28864,896,,,,,,
182077552089800,63171739916622,140,-5312,4832,-3072,-526208,-31104,-1728,,,,,,
182077553089700,63171740917747,141,-4864,4512,-2304,-524608,-27712,128,,,,,,
182077554087900,63171741916872,142,-5376,4832,-2720,-524992,-28992,896,,,,,,
182077555099300,63171742917205,143,-4672,4864,-2304,-525312,-28672,1344,,,,,,
182077556099500,63171743917080,144,-4512,4736,-2784,-523456,-26688,448,,,,,,
182077557098800,63171744917039,145,-4704,4960,-3040,-525568,-28544,-448,,,,,,
182077558092600,63171745919539,146,-4576,4672,-2400,-527808,-28160,1600,,,,,,
182077559113600,63171746916872,147,-4640,4672,-2528,-524608,-29504,-832,,,,,,
182077560092700,63171747917205,148,-4704,4512,-3648,-525568,-27968,-960,,,,,,
182077561090200,63171748917080,149,-4416,4352,-2464,-526272,-27456,-192,,,,,,
182077562096200,63171749918914,150,-4864,4576,-2656,-526464,-29568,3136,,,,,,
182077563099400,63171750918372,151,-4896,4000,-2752,-524416,-31040,-192,,,,,,
182077564094800,63171751916955,152,-5024,4928,-2560,-526080,-28480,640,,,,,,
182077565361700,63171752917164,153,-4704,4512,-2560,-526976,-27648,-4032,,,,,,
182077566106100,63171753916872,154,-5216,4160,-3168,-525184,-28544,-1408,,,,,,
182077567097400,63171754917247,155,-4960,4000,-2208,-524608,-28416,640,,,,,,
182077568102900,63171755917164,156,-4480,3872,-2560,-524544,-28992,-1024,,,,,,
182077569092400,63171756916497,157,-5184,4000,-3104,-525440,-27776,-512,,,,,,
182077570115900,63171757917205,158,-4448,3840,-2336,-525504,-28416,1152,,,,,,
182077571093900,63171758916914,159,-4736,3808,-2912,-524544,-28224,-1280,,,,,,
182077572087300,63171759917247,160,-4768,3488,-2496,-526080,-28928,256,,,,,,
182077573095600,63171760917039,161,-4320,3584,-3072,-524608,-29376,-896,,,,,,
182077574094700,63171761917330,162,-4384,3360,-2400,-525248,-26112,-640,,,,,,
182077575102000,63171762917205,163,-4000,3488,-2528,-526208,-28608,-2240,,,,,,
182077576104300,63171763916914,164,-4960,3008,-3584,-523328,-28096,-1728,,,,,,
182077577093100,63171764917164,165,-4192,3008,-3456,-524352,-27904,-704,,,,,,
182077578097800,63171765916997,166,-4640,2464,-2752,-523072,-28288,-1472,,,,,,
182077579094400,63171766917955,167,-4896,3040,-2880,-524032,-28736,-2624,,,,,,
182077580095000,63171767917080,168,-4480,2432,-2688,-525952,-27264,-384,,,,,,
182077581097700,63171768916955,169,-4416,2208,-2816,-525376,-26816,-1600,,,,,,
182077582100700,63171769917122,170,-4224,2208,-2912,-524288,-27776,-2432,,,,,,
182077583101300,63171770916872,171,-4160,1760,-3136,-522880,-28864,-1920,,,,,,
182077584107200,63171771917039,172,-4256,1472,-3424,-524672,-27584,-2240,,,,,,
182077585097600,63171772917080,173,-5344,1440,-3264,-524352,-28992,-3776,,,,,,
182077586095800,63171773916955,174,-4736,992,-2976,-523776,-26752,-4352,,,,,,
182077587096700,63171774917247,175,-5024,1280,-3296,-526080,-28672,-1024,,,,,,
182077588098100,63171775916997,176,-5056,1184,-3616,-523520,-28032,-4608,,,,,,
182077589094300,63171776916539,177,-4864,512,-3360,-523328,-27968,-2240,,,,,,
182077590369500,63171777917039,178,-4960,384,-3488,-523584,-27328,-3776,,,,,,
182077591091200,63171778916830,179,-5024,-32,-3296,-524544,-27712,-4416,,,,,,
182077592089300,63171779918330,180,-4448,-480,-2528,-521728,-27520,-4096,,,,,,
182077593110700,63171780916997,181,-4928,-800,-3008,-523136,-29504,-2368,,,,,,
182077594095000,63171781916580,182,-5248,-352,-3488,-525248,-28224,-4608,,,,,,
182077595092400,63171782916997,183,-5600,-768,-3488,-523520,-28416,-4864,,,,,,
182077596095800,63171783916872,184,-4928,-1152,-3968,-522368,-29312,-3584,,,,,,
182077597095800,63171784917164,185,-4896,-1024,-2720,-523584,-28160,-3456,,,,,,
182077598095700,63171785917122,186,-4160,-1568,-2848,-524608,-29248,-5440,,,,,,
182077599092000,63171786918289,187,-5408,-1312,-3200,-524672,-30016,-3136,,,,,,
182077600103900,63171787917080,188,-5440,-1952,-2752,-521984,-30144,-2176,,,,,,
182077601093400,63171788916872,189,-5056,-2560,-2432,-525248,-28480,-960,,,,,,
182077602086100,63171789917289,190,-4800,-2112,-2848,-523968,-29376,-3648,,,,,,
182077603095200,63171790916997,191,-4256,-2592,-2432,-522752,-30272,-4224,,,,,,
182077604093600,63171791916914,192,-5536,-2912,-2720,-524032,-30016,-1216,,,,,,
182077605094400,63171792919289,193,-4928,-2528,-3232,-524160,-28672,-1856,,,,,,
182077606098900,63171793916997,194,-4352,-3264,-2496,-523456,-28224,640,,,,,,
182077607101900,63171794917164,195,-4768,-3296,-2944,-524928,-29568,-2880,,,,,,
182077608128600,63171795917039,196,-4416,-3520,-2464,-524096,-28032,-2880,,,,,,
182077609095000,63171796916830,197,-4512,-3456,-2176,-523136,-29312,-2880,,,,,,
182077610090300,63171797917705,198,-4448,-3552,-2560,-523136,-30080,-2176,,,,,,
182077611084400,63171798919830,199,-4800,-3904,-1664,-523840,-29440,64,,,,,,
182077612089600,63171799917205,200,-4928,-3232,-2144,-524416,-30080,-1344,,,,,,
182077613081700,63171800917039,201,-4864,-4384,-2144,-525440,-28608,-960,,,,,,
182077614081300,63171801916955,202,-5248,-3680,-2560,-522496,-29312,-704,,,,,,
182077615356900,63171802916997,203,-5472,-4096,-2144,-523904,-28288,-1024,,,,,,
182077616103400,63171803917039,204,-4544,-3968,-2144,-524096,-29888,2304,,,,,,
182077617203600,63171804917205,205,-4832,-3936,-1920,-523200,-29760,576,,,,,,
182077618096900,63171805917039,206,-5344,-3872,-1792,-524800,-29504,640,,,,,,
182077619091600,63171806916872,207,-4736,-4224,-1824,-523776,-28992,256,,,,,,
182077620094300,63171807916997,208,-4544,-4096,-1568,-524224,-28736,704,,,,,,
182077621097100,63171808917039,209,-4960,-4288,-1376,-524032,-27200,128,,,,,,
182077622222900,63171809918080,210,-4736,-4320,-1664,-523264,-28736,-960,,,,,,
182077623093500,63171810919539,211,-4352,-4128,-2048,-523136,-29888,2560,,,,,,
182077624091400,63171811917247,212,-5152,-3904,-1504,-524736,-29504,1088,,,,,,
182077625133900,63171812916914,213,-4288,-4064,-1216,-523968,-28992,1472,,,,,,
182077626097000,63171813916747,214,-4736,-3840,-1280,-523904,-28352,2432,,,,,,
182077627094100,63171814917080,215,-4512,-3872,-1536,-523776,-28864,3648,,,,,,
182077628096800,63171815916872,216,-4384,-3712,-768,-523520,-29184,4672,,,,,,
182077629097800,63171816917205,217,-5248,-3744,-1824,-522688,-28224,2048,,,,,,
182077630084100,63171817917039,218,-4960,-3648,-1760,-524096,-28096,3776,,,,,,
182077631099400,63171818917289,219,-4960,-3232,-960,-524352,-27264,-1920,,,,,,
182077632089200,63171819917205,220,-5056,-2624,-768,-524160,-28800,2240,,,,,,
182077633100700,63171820917539,221,-4128,-2656,-1248,-522560,-29888,3008,,,,,,
182077634118600,63171821918664,222,-5024,-2592,-2048,-525376,-28608,-1088,,,,,,
182077635092600,63171822918497,223,-4704,-2912,-1472,-524224,-28736,384,,,,,,
182077636104800,63171823917080,224,-4480,-2528,-1440,-523264,-28352,1472,,,,,,
182077637093100,63171824917164,225,-4512,-2720,-1632,-525504,-28800,448,,,,,,
182077638097700,63171825916955,226,-4416,-2272,-1280,-522816,-28736,2240,,,,,,
182077639119400,63171826917247,227,-5184,-1888,-1600,-524224,-26432,2496,,,,,,
182077640084800,63171827918455,228,-5184,-2080,-1760,-523840,-28736,2176,,,,,,
182077641088900,63171828917705,229,-4352,-1888,-1472,-524928,-28288,1984,,,,,,
182077642144000,63171829917122,230,-4608,-1600,-1536,-524864,-27136,1408,,,,,,
182077643111600,63171830916955,231,-4224,-1280,-1920,-523328,-28544,2752,,,,,,
182077644097200,63171831917122,232,-3968,-992,-1600,-525632,-30080,1792,,,,,,
182077645093100,63171832916955,233,-4416,-1152,-1024,-523392,-28736,2752,,,,,,
182077646084500,63171833917039,234,-4768,-544,-1088,-524096,-26880,2752,,,,,,
182077647086200,63171834917122,235,-4960,-1088,-2208,-523392,-28032,4032,,,,,,
182077648099300,63171835916955,236,-4320,-288,-1024,-525120,-27904,2624,,,,,,
182077649101300,63171836917039,237,-5152,-416,-1792,-523904,-27968,2560,,,,,,
182077650098700,63171837917080,238,-4928,-64,-1536,-523584,-27264,3456,,,,,,
182077651114400,63171838917122,239,-4832,0,-1184,-524096,-28672,2880,,,,,,
182077652090000,63171839921289,240,-4704,224,-1952,-524800,-28288,3328,,,,,,
182077653106500,63171840916955,241,-4544,512,-1152,-526272,-27520,1728,,,,,,
182077654091500,63171841917205,242,-4352,-128,-1376,-524288,-28096,4736,,,,,,
182077655093300,63171842917080,243,-5088,672,-1536,-524544,-29440,3392,,,,,,
182077656111200,63171843917039,244,-3936,736,-1760,-522688,-29696,3456,,,,,,
182077657105800,63171844917289,245,-4544,1408,-1664,-525696,-28032,-384,,,,,,
182077658091700,63171845917455,246,-4608,1184,-1216,-524032,-28480,4032,,,,,,
182077659088200,63171846919414,247,-4128,1280,-1504,-522688,-27840,5696,,,,,,
182077660078000,63171847916997,248,-4576,1408,-2144,-525120,-27776,2880,,,,,,
182077661093200,63171848916997,249,-4832,1984,-1760,-525248,-29888,1728,,,,,,
182077662096100,63171849917039,250,-4512,1696,-1568,-522432,-29696,2112,,,,,,
182077663095400,63171850919830,251,-4320,2048,-2272,-524800,-28800,3456,,,,,,
182077664094500,63171851917247,252,-4832,2208,-1888,-526144,-29312,2240,,,,,,
182077665386500,63171852916955,253,-4064,2432,-1792,-525440,-27072,832,,,,,,
182077666102800,63171853918039,254,-4448,2240,-1728,-525120,-30016,2304,,,,,,
182077667108800,63171854917039,255,-4544,2368,-1408,-524736,-27008,3840,,,,,,
182077668099900,63171855919414,0,-4704,2368,-1856,-524928,-28160,1792,,,,,,
182077669096000,63171856920164,1,-3936,2400,-1440,-524416,-29632,1856,,,,,,
182077670094300,63171857920705,2,-5152,2944,-1920,-525184,-28096,1344,,,,,,
182077671220400,63171858920664,3,-4896,2816,-2272,-522560,-28672,2048,,,,,,
182077672348500,63171859928289,4,-4224,3264,-1376,-523264,-28544,640,,,,,,
182077673221000,63171860926914,5,-4864,2432,-1760,-523968,-28288,2240,,,,,,
182077674229600,63171861927455,6,-4384,2560,-1536,-525696,-30528,704,,,,,,
182077675095500,63171862923789,7,-4928,2944,-1504,-528064,-26048,448,,,,,,
182077676099800,63171863919955,8,-4608,2976,-1600,-526336,-28224,192,,,,,,
182077677096000,63171864922997,9,-4768,3520,-1728,-526144,-28480,-576,,,,,,
182077678095800,63171865921414,10,-4800,2880,-1632,-525888,-30016,896,,,,,,
182077679218200,63171866924830,11,-4800,3552,-2176,-525888,-28864,1472,,,,,,
182077680227800,63171867923455,12,-4224,2976,-1568,-524544,-27584,0,,,,,,
182077681219100,63171868923372,13,-4544,2784,-1792,-526336,-29184,1984,,,,,,
182077682222200,63171869919747,14,-4768,2976,-1728,-526080,-28864,-1280,,,,,,
182077683100200,63171870919705,15,-4384,3424,-2432,-527040,-29568,768,,,,,,
182077684115600,63171871919622,16,-4320,3296,-1536,-525440,-27776,960,,,,,,
182077685085900,63171872924164,17,-4320,3296,-2208,-526848,-29312,1664,,,,,,
182077686097200,63171873933080,18,-4864,3136,-2080,-524864,-28736,2240,,,,,,
182077687225000,63171874925539,19,-4608,3264,-1408,-524288,-27136,-896,,,,,,
182077688093400,63171875919539,20,-4512,3040,-2016,-523648,-27968,1600,,,,,,
182077689093200,63171876917789,21,-5024,3328,-2336,-525440,-29248,64,,,,,,
182077690317700,63171877921414,22,-4896,3104,-2656,-526080,-26304,-1216,,,,,,
182077691102000,63171878919289,23,-4576,2912,-2496,-524928,-29440,128,,,,,,
182077692231700,63171879921205,24,-4640,3136,-1920,-524480,-29440,-1728,,,,,,
182077693092400,63171880922747,25,-4256,3200,-1920,-525312,-26944,1472,,,,,,
182077694093700,63171881921955,26,-4224,3104,-1728,-525312,-28032,512,,,,,,
182077695095700,63171882918580,27,-4832,2816,-2432,-524608,-28480,1472,,,,,,
182077696094800,63171883924414,28,-4640,2816,-2560,-526272,-27328,256,,,,,,
182077697094000,63171884923539,29,-4896,3136,-2560,-525632,-27328,-960,,,,,,
182077698097100,63171885921164,30,-4448,2976,-3104,-525184,-28992,192,,,,,,
182077699214800,63171886920455,31,-4832,3264,-2464,-525696,-27520,576,,,,,,
182077700103000,63171887921872,32,-4352,2496,-2592,-525824,-29056,-2368,,,,,,
182077701092800,63171888919330,33,-4768,2752,-3136,-524672,-27328,-1472,,,,,,
182077702215100,63171889922789,34,-4064,2048,-2624,-524992,-27392,-64,,,,,,
182077703102700,63171890920247,35,-5408,2528,-3136,-528000,-30080,-704,,,,,,
182077704219800,63171891921497,36,-4384,2304,-2688,-525376,-28224,-768,,,,,,
182077705218400,63171892923580,37,-4608,2400,-2304,-523840,-27840,-1728,,,,,,
182077706094200,63171893922830,38,-5024,1728,-3136,-524672,-28864,-1920,,,,,,
182077707089500,63171894923247,39,-4864,1888,-3200,-525248,-30208,-640,,,,,,
182077708113700,63171895919080,40,-4416,2176,-3200,-523904,-26816,-128,,,,,,
182077709232500,63171896922622,41,-4224,1600,-2784,-525952,-27200,-256,,,,,,
182077710222200,63171897923997,42,-4992,2560,-3136,-524416,-28608,448,,,,,,
182077711218100,63171898926247,43,-4544,2496,-3072,-523776,-27648,-1536,,,,,,
182077712218600,63171899923247,44,-4544,2368,-3392,-524800,-28928,768,,,,,,
182077713094200,63171900922414,45,-5024,2208,-3264,-525696,-27264,256,,,,,,
182077714100700,63171901918622,46,-4928,1632,-2400,-524480,-27840,-960,,,,,,
182077715325300,63171902923247,47,-4960,1856,-3296,-527232,-28288,640,,,,,,
182077716095900,63171903919664,48,-4864,1984,-3584,-526272,-29760,-1024,,,,,,
182077717095900,63171904922872,49,-5568,1440,-3040,-524224,-28288,-2624,,,,,,
182077718210300,63171905923664,50,-4448,1280,-2560,-524864,-30784,-704,,,,,,
182077719083500,63171906921872,51,-4128,864,-3072,-523904,-30016,-448,,,,,,
182077720083100,63171907919580,52,-4256,960,-2912,-526272,-28096,-1792,,,,,,
182077721220800,63171908922330,53,-4448,1216,-3104,-526016,-27968,-2240,,,,,,
182077722220200,63171909926955,54,-4704,672,-3136,-523904,-29248,384,,,,,,
182077723218800,63171910922997,55,-4128,736,-3008,-525440,-29632,-2240,,,,,,
182077724178200,63171911924080,56,-4864,640,-3232,-525056,-30144,-512,,,,,,
182077725097600,63171912917539,57,-4576,832,-3168,-525760,-27520,-384,,,,,,
182077726100200,63171913917622,58,-4416,672,-2880,-524800,-28992,384,,,,,,
182077727093700,63171914917080,59,-4832,448,-3040,-523648,-30528,-1216,,,,,,
182077728097000,63171915918414,60,-4672,576,-2848,-524160,-28672,-2880,,,,,,
182077729094000,63171916916997,61,-5184,832,-3008,-525696,-27712,-704,,,,,,
182077730096800,63171917916955,62,-4608,128,-2688,-525056,-28096,-1024,,,,,,
182077731096900,63171918917080,63,-5216,-448,-2880,-521792,-27072,-2304,,,,,,
182077732215200,63171919917080,64,-5344,-352,-3296,-524800,-30784,-512,,,,,,
182077733097000,63171920916955,65,-4352,-704,-2752,-525248,-28608,128,,,,,,
182077734097500,63171921919747,66,-4320,96,-2848,-524224,-29312,512,,,,,,
182077735095900,63171922916955,67,-5184,-384,-3008,-521856,-29632,-896,,,,,,
182077736084700,63171923917080,68,-4800,-896,-2496,-523584,-29184,-768,,,,,,
182077737086300,63171924916997,69,-4800,-416,-3104,-524416,-27968,-1792,,,,,,
182077738094300,63171925916914,70,-4864,-576,-2560,-525120,-30400,-512,,,,,,
182077739098300,63171926916955,71,-3808,-1472,-1920,-525056,-29056,128,,,,,,
182077740334400,63171927916955,72,-4672,-800,-2848,-524608,-27584,-1920,,,,,,
182077741088300,63171928917122,73,-5088,-608,-2784,-523648,-28864,-256,,,,,,
182077742111200,63171929918080,74,-4064,-608,-2688,-524032,-29184,-576,,,,,,
182077743093000,63171930916955,75,-4768,-1408,-2848,-525248,-29760,1856,,,,,,
182077744086100,63171931916997,76,-4288,-1088,-2400,-524416,-30016,-2368,,,,,,
182077745085100,63171932918747,77,-4864,-928,-1920,-523520,-27968,0,,,,,,
182077746096800,63171933917039,78,-4704,-1312,-2368,-524416,-29312,-832,,,,,,
182077747106500,63171934917122,79,-4704,-1120,-1888,-524864,-27200,320,,,,,,
182077748085200,63171935918205,80,-4672,-1536,-2112,-524672,-28864,-704,,,,,,
182077749089400,63171936917039,81,-4448,-1632,-2176,-524992,-30400,-64,,,,,,
182077750101800,63171937917997,82,-4928,-1472,-2208,-523520,-28544,64,,,,,,
182077751105700,63171938918330,83,-4896,-800,-2656,-523520,-29568,-1664,,,,,,
182077752091200,63171939917289,84,-5248,-1632,-1760,-524608,-27776,1024,,,,,,
182077753090500,63171940919080,85,-5312,-1312,-2048,-523840,-30208,-832,,,,,,
182077754083300,63171941916997,86,-4960,-1440,-1952,-524800,-28224,960,,,,,,
182077755080300,63171942916955,87,-4704,-1536,-1248,-524608,-28928,-256,,,,,,
182077756081200,63171943917205,88,-4608,-1440,-1952,-523520,-28992,-3456,,,,,,
182077757091100,63171944918039,89,-4544,-1504,-2464,-524864,-29184,-320,,,,,,
182077758099600,63171945916789,90,-4928,-1376,-2688,-522304,-29184,1024,,,,,,
182077759102100,63171946916955,91,-4800,-1856,-1248,-522240,-29632,192,,,,,,
182077760089100,63171947916955,92,-5088,-1856,-1152,-523712,-29440,2944,,,,,,
182077761094200,63171948917039,93,-5280,-1344,-1696,-525312,-28992,2304,,,,,,
182077762087600,63171949917080,94,-4128,-1504,-1472,-523840,-29696,2112,,,,,,
182077763103300,63171950919247,95,-4544,-1632,-1792,-524032,-27584,1024,,,,,,
182077764089400,63171951918414,96,-4544,-1408,-1504,-523392,-30016,960,,,,,,
182077765077200,63171952916997,97,-4832,-1728,-2272,-526144,-28672,832,,,,,,
182077766090400,63171953918247,98,-4672,-1472,-1440,-525312,-29696,-64,,,,,,
182077767090600,63171954917080,99,-4800,-1248,-2720,-525504,-27904,2368,,,,,,
182077768083400,63171955917247,100,-4736,-1536,-1600,-522944,-28352,-1280,,,,,,
182077769092500,63171956917122,101,-4896,-1152,-1984,-523200,-28288,64,,,,,,
182077770099800,63171957916955,102,-5152,-1312,-1984,-523776,-28736,4480,,,,,,
182077771094000,63171958917039,103,-4352,-1184,-1632,-525376,-29504,2688,,,,,,
182077772092100,63171959916955,104,-4960,-1440,-1568,-524096,-27392,1536,,,,,,
182077773089300,63171960917122,105,-4928,-1056,-2048,-523456,-27328,832,,,,,,
182077774088300,63171961916997,106,-5312,-1152,-2112,-526464,-29568,1024,,,,,,
182077775091300,63171962917080,107,-5056,-1056,-1792,-522944,-27648,384,,,,,,
182077776084200,63171963917080,108,-4608,-640,-2208,-523200,-26816,3520,,,,,,
182077777084500,63171964916914,109,-4608,-864,-1984,-525760,-27456,2944,,,,,,
182077778090600,63171965917122,110,-4608,-1120,-1824,-523776,-27136,1344,,,,,,
182077779086500,63171966916997,111,-4992,-544,-2304,-521856,-27264,1664,,,,,,
182077780087800,63171967916955,112,-4768,-864,-3360,-524736,-28480,1280,,,,,,
182077781093700,63171968918580,113,-4416,-512,-2144,-523264,-29184,1856,,,,,,
182077782087000,63171969917039,114,-4832,-512,-2048,-524352,-28224,2240,,,,,,
182077783102200,63171970917122,115,-4992,-832,-2048,-523456,-30528,2112,,,,,,
182077784099800,63171971917080,116,-4800,-480,-1760,-522880,-29568,3776,,,,,,
182077785087200,63171972917080,117,-4832,-576,-1984,-524096,-29184,2624,,,,,,
182077786090800,63171973916997,118,-4864,-416,-2176,-523904,-29120,-64,,,,,,
182077787095900,63171974916997,119,-4800,-256,-2720,-523200,-29504,2240,,,,,,
182077788083000,63171975917122,120,-4416,-288,-1856,-523136,-28928,-384,,,,,,
182077789080400,63171976916997,121,-4928,-288,-2720,-523648,-29120,2048,,,,,,
182077790090600,63171977916914,122,-4832,-160,-1696,-523264,-29696,2496,,,,,,
182077791093400,63171978917039,123,-4608,-128,-1952,-525632,-27392,1536,,,,,,
182077792093600,63171979916997,124,-4992,-224,-2176,-522176,-28288,2176,,,,,,
182077793092100,63171980917914,125,-4864,512,-2016,-524096,-29312,2880,,,,,,
182077794087700,63171981916997,126,-4672,864,-1856,-525376,-29056,-128,,,,,,
182077795084700,63171982916830,127,-4320,256,-2048,-524160,-29120,1088,,,,,,
182077796090000,63171983916955,128,-4672,576,-2528,-523776,-29376,1344,,,,,,
182077797091700,63171984917080,129,-4608,576,-1248,-524224,-29888,1984,,,,,,
182077798086900,63171985917122,130,-4672,544,-1760,-524224,-27840,2496,,,,,,
182077799096000,63171986918414,131,-4928,768,-1728,-525120,-29760,832,,,,,,
182077800095400,63171987916955,132,-4640,896,-2368,-524288,-28992,4160,,,,,,
182077801092000,63171988917372,133,-4672,640,-1696,-523840,-28352,5824,,,,,,
182077802096200,63171989916955,134,-4384,1280,-2464,-525952,-29056,1600,,,,,,
182077803095800,63171990918455,135,-5120,1152,-2624,-524544,-27200,576,,,,,,
182077804090600,63171991917580,136,-4544,864,-1536,-524288,-29504,2496,,,,,,
182077805095500,63171992918372,137,-4480,864,-2208,-525440,-29696,1024,,,,,,
182077806094900,63171993917080,138,-4480,832,-2176,-525440,-26880,3072,,,,,,
182077807134700,63171994917080,139,-4800,1760,-2688,-525696,-27840,64,,,,,,
182077808387200,63171995917039,140,-4672,1696,-1952,-525632,-29568,3008,,,,,,
182077809092800,63171996917080,141,-4480,1376,-2304,-523456,-27712,1728,,,,,,
182077810093000,63171997917080,142,-4320,2048,-2752,-523648,-29120,2496,,,,,,
182077811101800,63171998918539,143,-4640,2240,-2112,-523200,-28672,1792,,,,,,
182077812101200,63171999917497,144,-4896,1952,-2816,-525760,-27392,2368,,,,,,
182077813090000,63172000918539,145,-4640,2048,-2848,-525632,-29120,1024,,,,,,
182077814089400,63172001917080,146,-4416,2272,-2176,-524480,-26560,-192,,,,,,
182077815086200,63172002916830,147,-4256,1888,-1664,-525888,-27136,1088,,,,,,
182077816088700,63172003917539,148,-5088,2400,-2400,-525376,-28736,2880,,,,,,
182077817089000,63172004916914,149,-4864,2912,-2592,-523328,-27520,-832,,,,,,
182077818086100,63172005917080,150,-4352,2528,-2080,-526592,-25856,448,,,,,,
182077819097000,63172006916955,151,-5184,2656,-2752,-525504,-27328,-768,,,,,,
182077820086400,63172007916830,152,-4768,2016,-2368,-525248,-28288,832,,,,,,
182077821093700,63172008916997,153,-4448,2016,-2432,-525184,-28416,1984,,,,,,
182077822228500,63172009917164,154,-4704,2240,-2080,-523712,-30016,128,,,,,,
182077823084000,63172010919789,155,-4256,2304,-1888,-523904,-27584,1280,,,,,,
182077824080200,63172011918039,156,-5056,2720,-3072,-524416,-28672,2048,,,,,,
182077825102600,63172012916914,157,-4960,2592,-3104,-525248,-29568,-256,,,,,,
182077826080000,63172013916955,158,-4384,3008,-3104,-523712,-28032,1728,,,,,,
182077827090300,63172014916830,159,-4512,2624,-2912,-524864,-27456,3200,,,,,,
182077828089100,63172015916997,160,-4608,2144,-2688,-522944,-29056,832,,,,,,
182077829095300,63172016918372,161,-4672,2560,-2752,-524992,-29696,-2048,,,,,,
182077830084000,63172017916997,162,-4480,2400,-2816,-524544,-26752,-1280,,,,,,
182077831086000,63172018917039,163,-4480,2240,-2496,-524928,-27456,64,,,,,,
182077832089000,63172019916789,164,-4512,2240,-2816,-525568,-28672,2688,,,,,,
182077833090000,63172020917080,165,-4928,2336,-3104,-524352,-28736,1152,,,,,,
182077834096200,63172021917080,166,-4608,1920,-2656,-524608,-29248,1024,,,,,,
182077835088300,63172022917205,167,-5088,2016,-2816,-525760,-30016,-1088,,,,,,
182077836099500,63172023917122,168,-4032,1856,-2720,-524224,-28928,-3008,,,,,,
182077837088700,63172024916872,169,-4896,1696,-2080,-524224,-28800,704,,,,,,
182077838090500,63172025917789,170,-5024,2048,-2816,-525120,-29632,-192,,,,,,
182077839077000,63172026917164,171,-4704,1120,-2528,-525312,-29824,-2304,,,,,,
182077840089400,63172027917080,172,-4480,1376,-3200,-523840,-28352,64,,,,,,
182077841097700,63172028916997,173,-4448,1440,-2176,-524992,-29952,1280,,,,,,
182077842092700,63172029916872,174,-5152,1024,-2912,-523776,-30144,2048,,,,,,
182077843081600,63172030917580,175,-4544,1472,-2592,-524608,-28352,-1344,,,,,,
182077844084500,63172031917122,176,-4608,1376,-2304,-525248,-29504,-384,,,,,,
182077845098600,63172032916997,177,-4416,1152,-2816,-526144,-28544,-512,,,,,,
182077846090000,63172033917414,178,-5056,1088,-2176,-525440,-28544,768,,,,,,
182077847099200,63172034916872,179,-5120,1088,-2944,-524288,-27968,-1024,,,,,,
182077848089300,63172035917039,180,-4576,576,-2304,-526144,-30592,1152,,,,,,
182077849080300,63172036917039,181,-4320,832,-1984,-525120,-28992,-896,,,,,,
182077850103900,63172037917164,182,-4800,576,-2464,-525632,-27840,0,,,,,,
182077851089800,63172038917122,183,-4480,288,-1600,-526016,-29056,2688,,,,,,
182077852081400,63172039916914,184,-4576,352,-2720,-526016,-28992,832,,,,,,
182077853085400,63172040918664,185,-4960,416,-2080,-525120,-29440,-2880,,,,,,
182077854087500,63172041917080,186,-4256,416,-1760,-523776,-29952,-2176,,,,,,
182077855086900,63172042917080,187,-5088,-32,-2048,-527680,-27648,-1728,,,,,,
182077856101500,63172043916997,188,-4928,-224,-1408,-523968,-29952,-1088,,,,,,
182077857096800,63172044916872,189,-4704,-64,-1536,-524416,-28800,-3008,,,,,,
182077858099700,63172045917080,190,-5056,-192,-2336,-524096,-28864,-1344,,,,,,
182077859098500,63172046917039,191,-4128,-480,-1472,-523264,-28992,-320,,,,,,
182077860079900,63172047917080,192,-5056,-416,-1792,-524544,-29312,192,,,,,,
182077861094800,63172048917039,193,-4608,256,-1856,-524160,-28480,-2624,,,,,,
182077862089100,63172049916830,194,-4832,-832,-2048,-526144,-26304,-960,,,,,,
182077863086900,63172050917122,195,-4448,-544,-1856,-523904,-28480,384,,,,,,
182077864097300,63172051916956,196,-4928,-576,-1600,-525632,-28544,-704,,,,,,
182077865099600,63172052917122,197,-4928,-256,-2336,-523840,-27264,-2624,,,,,,
182077866095200,63172053916997,198,-4544,-64,-1472,-524032,-29888,-448,,,,,,
182077867089000,63172054916747,199,-4640,-320,-2112,-523904,-29568,704,,,,,,
182077868089700,63172055917039,200,-4576,-896,-1792,-526976,-28352,768,,,,,,
182077869097100,63172056916997,201,-3840,-480,-1696,-522944,-29120,384,,,,,,
182077870080700,63172057917706,202,-4768,-608,-1792,-525888,-30400,-1024,,,,,,
182077871104000,63172058917081,203,-5024,-224,-2528,-523968,-28032,832,,,,,,
182077872093200,63172059916747,204,-5568,-704,-2176,-526016,-28480,576,,,,,,
182077873099800,63172060917081,205,-4896,-480,-1728,-523712,-28160,1856,,,,,,
182077874093600,63172061916831,206,-4544,-512,-2464,-525184,-26560,512,,,,,,
182077875091600,63172062918581,207,-4320,-1408,-1632,-524224,-27904,1600,,,,,,
182077876092200,63172063918414,208,-4160,-288,-2336,-526400,-29568,768,,,,,,
182077877088600,63172064916747,209,-4640,-608,-1536,-524928,-27328,192,,,,,,
182077878085300,63172065916956,210,-5248,-256,-2304,-524672,-27520,2688,,,,,,
182077879081700,63172066916872,211,-4480,-896,-2176,-524160,-26816,-64,,,,,,
182077880102300,63172067917122,212,-5184,-480,-1600,-525504,-28416,1920,,,,,,
182077881085600,63172068917414,213,-4864,-736,-1600,-525120,-27712,192,,,,,,
182077882090800,63172069916872,214,-4800,-416,-2560,-523968,-30528,-448,,,,,,
182077883091600,63172070917247,215,-4736,-384,-2848,-524864,-27840,1024,,,,,,
182077884096000,63172071916956,216,-4960,-576,-2144,-524096,-27136,-832,,,,,,
182077885084600,63172072917914,217,-5376,-544,-1952,-524416,-26944,192,,,,,,
182077886083200,63172073917039,218,-5056,64,-2432,-526848,-28480,2304,,,,,,
182077887097500,63172074916831,219,-4640,-832,-2048,-524864,-26816,2240,,,,,,
182077888075800,63172075917081,220,-5024,-704,-1920,-526464,-29056,128,,,,,,
182077889096300,63172076916872,221,-4960,-608,-2784,-525504,-29696,2752,,,,,,
182077890080500,63172077917081,222,-4832,-256,-2272,-526720,-29056,1216,,,,,,
182077891091700,63172078916997,223,-4512,-416,-2304,-525696,-28352,-128,,,,,,
182077892098700,63172079916789,224,-4128,-352,-2528,-525056,-28352,896,,,,,,
182077893089800,63172080917206,225,-4928,-224,-2592,-523456,-28032,832,,,,,,
182077894093200,63172081917039,226,-4992,-96,-2432,-523712,-27328,2432,,,,,,
182077895098100,63172082916997,227,-4960,-224,-2144,-525888,-29312,1408,,,,,,
182077896092500,63172083916914,228,-5088,-32,-3008,-522496,-28288,832,,,,,,
182077897098700,63172084917039,229,-4864,32,-2560,-525120,-27328,-1088,,,,,,
182077898088200,63172085917122,230,-5152,96,-2848,-522176,-29056,-832,,,,,,
182077899087200,63172086916872,231,-5152,96,-2272,-523072,-27264,1088,,,,,,
182077900093100,63172087917122,232,-5152,320,-2880,-524864,-27904,2176,,,,,,
182077901090600,63172088916872,233,-4544,352,-2752,-525824,-29056,2496,,,,,,
182077902089900,63172089916914,234,-4896,512,-2016,-523712,-28736,1472,,,,,,
182077903090700,63172090919122,235,-4768,544,-1984,-523648,-28928,2048,,,,,,
182077904098200,63172091916872,236,-5248,800,-3360,-522624,-28928,640,,,,,,
182077905076500,63172092918414,237,-4640,384,-2368,-524736,-28032,1024,,,,,,
182077906080500,63172093916914,238,-4928,736,-2784,-522560,-29760,448,,,,,,
182077907083900,63172094916747,239,-4800,1120,-1792,-523072,-28032,1024,,,,,,
182077908098300,63172095916997,240,-4640,1120,-2784,-521472,-30080,-1088,,,,,,
182077909085000,63172096916831,241,-4544,1056,-2144,-522688,-28992,2240,,,,,,
182077910082200,63172097917997,242,-4416,1472,-2432,-523712,-29248,3840,,,,,,
182077911081500,63172098918289,243,-5408,1344,-3136,-525184,-27520,2944,,,,,,
182077912084200,63172099917039,244,-5056,1632,-2432,-523456,-27200,1856,,,,,,
182077913086400,63172100917122,245,-4416,1664,-2112,-523392,-27776,1408,,,,,,
182077914080300,63172101916914,246,-4608,1376,-2080,-525312,-29056,2688,,,,,,
182077915078800,63172102917039,247,-4576,1856,-2240,-523008,-27776,3456,,,,,,
182077916362600,63172103916997,248,-5280,2112,-3040,-524352,-26624,4096,,,,,,
182077917087300,63172104917039,249,-4512,1984,-2496,-525184,-29120,3136,,,,,,
182077918090900,63172105917081,250,-4672,2304,-2688,-525184,-27840,2560,,,,,,
182077919089000,63172106916831,251,-4832,2208,-2496,-524928,-26944,2752,,,,,,
182077920097100,63172107917039,252,-5184,2560,-2592,-524352,-29888,2112,,,,,,
182077921095600,63172108916956,253,-4832,2656,-2560,-523264,-28608,1216,,,,,,
182077922092200,63172109917747,254,-4864,2816,-2592,-522240,-29376,1984,,,,,,
182077923095200,63172110919372,255,-4512,3008,-2336,-525248,-27072,3200,,,,,,
182077924083600,63172111916872,0,-5024,3328,-2272,-523840,-27520,2496,,,,,,
182077925089400,63172112917122,1,-4480,3328,-2080,-525056,-27328,1856,,,,,,
182077926080500,63172113916914,2,-5152,3392,-2720,-524096,-29312,-1280,,,,,,
182077927078300,63172114917122,3,-4448,3328,-2272,-522816,-27392,4288,,,,,,
182077928078100,63172115917122,4,-4800,4096,-2240,-524544,-27008,4608,,,,,,
182077929093700,63172116916872,5,-4928,3872,-2528,-522496,-28992,2048,,,,,,
182077930096800,63172117917039,6,-4256,3744,-1984,-524032,-27840,1664,,,,,,
182077931093500,63172118916997,7,-4192,4032,-2048,-524224,-28288,1856,,,,,,
182077932085500,63172119916956,8,-4416,3744,-2016,-525568,-30208,128,,,,,,
182077933090000,63172120917747,9,-5216,3904,-2592,-523392,-27904,128,,,,,,
182077934100300,63172121916872,10,-4800,4352,-2720,-524160,-29248,1984,,,,,,
182077935092700,63172122917039,11,-4704,4256,-1920,-525632,-28864,-128,,,,,,
182077936092600,63172123916872,12,-4544,4384,-2112,-523584,-28608,1152,,,,,,
182077937096200,63172124917122,13,-4384,3456,-2304,-526336,-28544,1024,,,,,,
182077938097800,63172125916997,14,-4960,4352,-2272,-524928,-28032,576,,,,,,
182077939098200,63172126916789,15,-4352,3904,-1632,-525696,-29120,-768,,,,,,
182077940167800,63172127917164,16,-3872,4000,-1856,-525120,-28352,1216,,,,,,
182077941102800,63172128916831,17,-4288,4032,-2688,-524480,-27392,-512,,,,,,
182077942110300,63172129917747,18,-4192,4000,-1824,-524480,-28864,-1792,,,,,,
182077943096000,63172130916997,19,-4352,4064,-2624,-524416,-27648,384,,,,,,
182077944096900,63172131916831,20,-4096,3840,-2240,-524224,-27072,2304,,,,,,
182077945098200,63172132917164,21,-4896,3584,-2656,-525312,-29312,768,,,,,,
182077946099200,63172133916997,22,-4832,4032,-2112,-524800,-29312,-1536,,,,,,
182077947099700,63172134917122,23,-4864,3552,-1888,-523520,-28352,128,,,,,,
182077948096700,63172135916956,24,-4992,3488,-2080,-523264,-29120,-896,,,,,,
182077949104600,63172136916497,25,-4768,3296,-2048,-524736,-28288,-960,,,,,,
182077950125400,63172137917122,26,-4544,3520,-2560,-524672,-27200,-1088,,,,,,
182077951101000,63172138916997,27,-4544,3616,-2560,-525056,-28736,-704,,,,,,
182077952091400,63172139917122,28,-4544,3264,-2496,-524928,-27904,-2176,,,,,,
182077953390100,63172140919956,29,-5120,3072,-2400,-524032,-28224,128,,,,,,
182077954101100,63172141918664,30,-4448,2720,-1984,-524864,-26752,-768,,,,,,
182077955096200,63172142917122,31,-5248,2848,-3072,-524928,-27136,-704,,,,,,
182077956099600,63172143916872,32,-4640,2432,-2112,-525376,-26368,-2240,,,,,,
182077957092400,63172144917122,33,-4608,2496,-2304,-524608,-26624,-256,,,,,,
182077958106400,63172145916997,34,-4352,2048,-2272,-523392,-26944,-1536,,,,,,
182077959102000,63172146916372,35,-5248,2016,-1792,-526016,-27712,-3328,,,,,,
182077960106700,63172147917206,36,-4224,1824,-2432,-524288,-29120,-128,,,,,,
182077961089900,63172148916872,37,-5120,1568,-2624,-524672,-28352,-2240,,,,,,
182077962088600,63172149917122,38,-4288,1920,-3136,-525248,-27392,-1088,,,,,,
182077963098400,63172150917039,39,-4992,1440,-2464,-523136,-28608,-3136,,,,,,
182077964098100,63172151916706,40,-4352,1056,-3040,-524160,-27264,-1664,,,,,,
182077965381400,63172152917164,41,-4256,960,-2208,-523456,-28544,1216,,,,,,
182077966099600,63172153916747,42,-4672,768,-3072,-522176,-28096,-1408,,,,,,
182077967119300,63172154917122,43,-4960,512,-2688,-525440,-28032,-1600,,,,,,
182077968095300,63172155916956,44,-4576,96,-3040,-525120,-29184,-2368,,,,,,
182077969097300,63172156917456,45,-5216,-64,-2688,-524928,-27840,448,,,,,,
182077970095500,63172157918456,46,-4960,-256,-2880,-525056,-29312,-3072,,,,,,
182077971095800,63172158916831,47,-4384,-352,-3072,-524800,-28416,-2176,,,,,,
182077972098000,63172159917039,48,-4992,-768,-2816,-524288,-30016,128,,,,,,
182077973099400,63172160916914,49,-5536,-768,-2976,-525632,-28672,-2496,,,,,,
182077974109100,63172161918206,50,-4608,-384,-2720,-524224,-28416,-1984,,,,,,
182077975101800,63172162917664,51,-4992,-608,-2240,-525504,-28224,-2368,,,,,,
182077976102300,63172163916872,52,-4928,-1056,-3328,-526144,-30016,-1664,,,,,,
182077977107800,63172164917081,53,-4672,-960,-2176,-525056,-27200,-1280,,,,,,
182077978098100,63172165916914,54,-4960,-992,-3104,-527040,-27520,-2048,,,,,,
182077979099300,63172166917122,55,-5504,-1856,-2592,-526016,-29312,1152,,,,,,
182077980097300,63172167916956,56,-5216,-1408,-3168,-524608,-26752,896,,,,,,
182077981093700,63172168916789,57,-4032,-1536,-2144,-524480,-28480,-3328,,,,,,
182077982095500,63172169918497,58,-5120,-1888,-2688,-524992,-28992,1600,,,,,,
182077983108900,63172170917539,59,-4992,-1824,-2464,-525504,-30528,-1024,,,,,,
182077984111500,63172171918247,60,-4928,-1632,-2912,-526080,-28736,-1920,,,,,,
182077985096700,63172172916914,61,-4480,-1440,-3008,-523904,-28224,448,,,,,,
182077986095200,63172173916831,62,-4544,-1408,-2656,-523712,-29696,2496,,,,,,
182077987100300,63172174917122,63,-5088,-1984,-2208,-524352,-29440,2368,,,,,,
182077988099100,63172175916997,64,-5056,-1856,-2592,-525696,-28736,-2368,,,,,,
182077989096000,63172176918664,65,-4352,-1728,-3200,-525312,-27520,-640,,,,,,
182077990093800,63172177916914,66,-4992,-1440,-3040,-524928,-29760,1216,,,,,,
182077991384100,63172178916331,67,-4992,-2048,-1632,-524480,-30016,1472,,,,,,
182077992105900,63172179917081,68,-5184,-1856,-1920,-524288,-27584,4096,,,,,,
182077993098400,63172180916789,69,-4192,-2016,-2240,-526336,-28864,896,,,,,,
182077994095800,63172181917914,70,-4992,-2208,-2208,-526464,-29888,2048,,,,,,
182077995095000,63172182916872,71,-4736,-1824,-2688,-525120,-29312,2752,,,,,,
182077996097000,63172183916872,72,-4960,-1216,-2528,-525056,-28672,2496,,,,,,
182077997097000,63172184917164,73,-4800,-1856,-2080,-523200,-27456,2176,,,,,,
182077998099300,63172185916872,74,-5440,-1408,-1952,-525312,-28992,4224,,,,,,
182077999090800,63172186917122,75,-4544,-1760,-1856,-524672,-28672,2304,,,,,,
182078000096900,63172187918497,76,-4672,-1216,-2880,-524480,-27200,1216,,,,,,
182078001100000,63172188916956,77,-4608,-1152,-2496,-525248,-28224,3584,,,,,,
182078002090000,63172189917164,78,-5344,-960,-2656,-523456,-29184,1984,,,,,,
182078003094300,63172190916997,79,-4864,-768,-2656,-525312,-29056,1024,,,,,,
182078004085200,63172191921372,80,-4512,-896,-2560,-524608,-28288,576,,,,,,
182078005095200,63172192916956,81,-4928,-832,-2720,-525632,-28160,2368,,,,,,
182078006097700,63172193916872,82,-4544,-576,-2944,-526272,-25984,320,,,,,,
182078007088400,63172194916997,83,-4896,-704,-2848,-524416,-28480,1536,,,,,,
182078008146600,63172195916872,84,-4768,-160,-2720,-526336,-27200,3968,,,,,,
182078009102500,63172196917081,85,-4864,-672,-2688,-524736,-27200,1280,,,,,,
182078010093000,63172197916997,86,-4608,-352,-3008,-525696,-27904,1664,,,,,,
182078011097000,63172198916956,87,-4320,64,-1984,-525120,-28992,2368,,,,,,
182078012097300,63172199918581,88,-4832,160,-2496,-524288,-29120,-448,,,,,,
182078013096800,63172200917956,89,-5248,544,-2720,-524800,-27840,1472,,,,,,
182078014100200,63172201917247,90,-4352,640,-3008,-525952,-28288,4224,,,,,,
182078015343800,63172202916914,91,-4448,864,-2880,-525696,-29120,2752,,,,,,
182078016105300,63172203916831,92,-4736,608,-2528,-523840,-29312,2560,,,,,,
182078017098800,63172204917914,93,-4896,960,-3232,-524800,-26496,1920,,,,,,
182078018096100,63172205916831,94,-4992,1312,-2368,-525376,-28864,3520,,,,,,
182078019094900,63172206917081,95,-5664,1440,-3616,-525248,-27648,3200,,,,,,
182078020098100,63172207917039,96,-4096,1440,-2272,-524288,-28672,2560,,,,,,
182078021099600,63172208916872,97,-5184,1792,-2816,-522752,-29056,3264,,,,,,
182078022098500,63172209917039,98,-4896,2272,-3072,-524288,-27264,3136,,,,,,
182078023099900,63172210918414,99,-3968,2080,-2336,-525120,-28416,4544,,,,,,
182078024091600,63172211918247,100,-5184,1856,-2848,-524800,-28992,448,,,,,,
182078025091900,63172212916956,101,-5120,2432,-2560,-525248,-27200,2880,,,,,,
182078026094400,63172213916997,102,-4320,2624,-2560,-526464,-26944,3328,,,,,,
182078027085700,63172214916997,103,-4800,2624,-2944,-524224,-28544,3264,,,,,,
182078028096000,63172215920664,104,-4832,3264,-2880,-523968,-28224,3072,,,,,,
182078029094000,63172216918164,105,-5024,3488,-2816,-524096,-28736,3008,,,,,,
182078030096500,63172217916956,106,-4512,3328,-2816,-525504,-29696,832,,,,,,
182078031100700,63172218916956,107,-4896,3072,-2272,-524352,-28544,1984,,,,,,
182078032088000,63172219916956,108,-4544,3808,-2528,-525888,-27584,640,,,,,,
182078033109300,63172220919122,109,-5184,3808,-3040,-524160,-28864,5760,,,,,,
182078034102400,63172221918247,110,-4288,3680,-2176,-525248,-28992,2176,,,,,,
182078035095700,63172222918414,111,-4864,4160,-2784,-524160,-28160,3072,,,,,,
182078036095300,63172223916997,112,-5088,4704,-3232,-525440,-28288,2048,,,,,,
182078037094200,63172224916997,113,-4544,4576,-2464,-525824,-28096,1600,,,,,,
182078038098500,63172225916831,114,-4576,4928,-2944,-524672,-29056,2560,,,,,,
182078039097300,63172226917747,115,-4992,4416,-2464,-524096,-28992,4352,,,,,,
182078040362800,63172227916872,116,-5248,4992,-1984,-524288,-28672,3520,,,,,,
182078041102000,63172228916831,117,-4480,5088,-2144,-524224,-28352,1152,,,,,,
182078042088400,63172229916956,118,-4800,5184,-2464,-521856,-28992,2240,,,,,,
182078043117100,63172230917081,119,-4832,5440,-2816,-523712,-29888,1600,,,,,,
182078044095800,63172231917081,120,-5184,5504,-2496,-524352,-28224,1728,,,,,,
182078045095400,63172232916872,121,-5024,5568,-2784,-523648,-29248,3520,,,,,,
182078046097900,63172233916997,122,-3776,5472,-2144,-525888,-28736,2880,,,,,,
182078047098500,63172234916914,123,-5312,5568,-2432,-524736,-28352,3456,,,,,,
182078048097500,63172235916872,124,-5088,5920,-2720,-525952,-29248,-1088,,,,,,
182078049096300,63172236917039,125,-4384,5824,-2016,-523136,-30592,2432,,,,,,
182078050079200,63172237916956,126,-4416,6240,-2112,-522304,-29440,2624,,,,,,
182078051202700,63172238916956,127,-4736,5600,-1664,-524096,-27328,-64,,,,,,
182078052100400,63172239916914,128,-4384,6368,-2080,-524416,-27328,2752,,,,,,
182078053087800,63172240916997,129,-4864,6432,-2016,-523648,-28032,1920,,,,,,
182078054091800,63172241917039,130,-4416,5952,-2208,-523520,-29952,1664,,,,,,
182078055095600,63172242916872,131,-4800,6272,-2208,-525056,-29184,3200,,,,,,
182078056095900,63172243917164,132,-4928,6656,-2016,-523968,-28288,640,,,,,,
182078057082400,63172244916956,133,-4608,6272,-2560,-524608,-27648,1664,,,,,,
182078058113400,63172245917039,134,-4672,6048,-1888,-524096,-26688,-192,,,,,,
182078059108200,63172246917122,135,-4736,6880,-2272,-525696,-29440,1152,,,,,,
182078060092700,63172247916956,136,-4320,6464,-2528,-524480,-29376,192,,,,,,
182078061092200,63172248917081,137,-5024,6560,-2688,-524736,-27904,-384,,,,,,
182078062096200,63172249916872,138,-4192,6720,-1888,-524160,-28608,-1152,,,,,,
182078063097300,63172250916539,139,-5504,6272,-2176,-523264,-27904,1472,,,,,,
182078064097400,63172251917247,140,-4384,6048,-2464,-523584,-29760,-1984,,,,,,
182078065356800,63172252916872,141,-4448,6464,-2240,-522752,-28608,1280,,,,,,
182078066108200,63172253917372,142,-4608,6016,-2464,-524928,-28352,-1152,,,,,,
182078067106000,63172254916956,143,-4576,6016,-1952,-523840,-27328,448,,,,,,
182078068096500,63172255916956,144,-4928,5696,-2336,-525248,-27776,0,,,,,,
182078069096700,63172256917039,145,-4736,5504,-2560,-523456,-28160,-3136,,,,,,
182078070096900,63172257917206,146,-4352,5760,-2304,-523648,-29760,-1536,,,,,,
182078071094000,63172258917789,147,-4800,4992,-2240,-524544,-27584,-1408,,,,,,
182078072094400,63172259916914,148,-4608,5120,-2656,-524480,-26496,-1152,,,,,,
182078073094800,63172260916914,149,-4960,5344,-2656,-525696,-27712,-3712,,,,,,
182078074099700,63172261916997,150,-4320,4640,-2400,-522496,-27776,-1408,,,,,,
182078075090500,63172262916831,151,-4800,4576,-3136,-525184,-26368,-3520,,,,,,
182078076096400,63172263917039,152,-4416,4384,-2368,-525952,-29952,-3840,,,,,,
182078077084800,63172264916872,153,-4864,4672,-2848,-525248,-25920,-1024,,,,,,
182078078091000,63172265916747,154,-4864,4128,-3104,-525696,-27136,-1984,,,,,,
182078079100600,63172266916997,155,-4736,3584,-2752,-524800,-29760,-3008,,,,,,
182078080099900,63172267916956,156,-4544,3136,-2720,-524032,-26432,-384,,,,,,
182078081098300,63172268917039,157,-4864,3136,-3040,-524800,-27584,-5504,,,,,,
182078082082600,63172269918914,158,-4192,3232,-3040,-524160,-27392,-3392,,,,,,
182078083105900,63172270917997,159,-4704,2624,-3584,-524992,-28416,-4224,,,,,,
182078084108300,63172271916956,160,-4960,2144,-3200,-524672,-27904,-2944,,,,,,
182078085095500,63172272917039,161,-5216,2016,-3776,-523840,-26880,-3008,,,,,,
182078086094200,63172273917122,162,-4576,1344,-3296,-522048,-27456,-1024,,,,,,
182078087099600,63172274916914,163,-5088,1632,-3776,-525376,-26880,-3840,,,,,,
182078088097000,63172275916872,164,-5472,1216,-3296,-522240,-29824,-2688,,,,,,
182078089096000,63172276918122,165,-4928,544,-3872,-524224,-29696,-2048,,,,,,
182078090362500,63172277916831,166,-4576,672,-3904,-523840,-27584,-3776,,,,,,
182078091100300,63172278916997,167,-4608,320,-3392,-525376,-29440,-2240,,,,,,
182078092112600,63172279916872,168,-5184,-128,-3936,-524992,-29376,-1088,,,,,,
182078093095300,63172280917039,169,-4672,-1216,-3584,-524224,-29504,-2496,,,,,,
182078094095200,63172281917164,170,-4928,-576,-3552,-525248,-28608,-3968,,,,,,
182078095101000,63172282919831,171,-4960,-896,-3680,-524992,-28480,-2880,,,,,,
182078096099700,63172283918081,172,-4768,-1120,-3296,-524928,-28672,-1216,,,,,,
182078097098200,63172284916956,173,-4960,-864,-3936,-523392,-28352,-1920,,,,,,
182078098098800,63172285916872,174,-4032,-1408,-3200,-523840,-29440,-3904,,,,,,
182078099087100,63172286916914,175,-5248,-1920,-3296,-523904,-28160,-3968,,,,,,
182078100100700,63172287916581,176,-5440,-1952,-2848,-522176,-29184,-1152,,,,,,
182078101107400,63172288917039,177,-4384,-2624,-2464,-524608,-30208,256,,,,,,
182078102098400,63172289916914,178,-4992,-2272,-3136,-525312,-30208,-704,,,,,,
182078103096600,63172290916831,179,-4544,-2464,-3232,-523904,-29056,-1088,,,,,,
182078104101800,63172291916997,180,-4736,-2816,-3136,-525568,-29312,-2240,,,,,,
182078105090200,63172292918956,181,-4704,-2688,-2304,-523904,-28352,-1600,,,,,,
182078106095300,63172293916956,182,-4512,-2496,-2720,-523584,-30080,64,,,,,,
182078107084900,63172294916872,183,-5088,-2816,-2880,-524160,-30080,-1920,,,,,,
182078108099500,63172295916914,184,-4864,-3104,-2656,-523840,-29504,-2496,,,,,,
182078109103500,63172296916956,185,-4480,-3104,-3072,-524352,-29376,1728,,,,,,
182078110088100,63172297916872,186,-4960,-3104,-2496,-524480,-29184,768,,,,,,
182078111093600,63172298917039,187,-5216,-3392,-3200,-525760,-28992,128,,,,,,
182078112223200,63172299919081,188,-4704,-3104,-2272,-526464,-27264,-512,,,,,,
182078113097800,63172300916956,189,-4960,-3712,-2048,-525312,-29184,576,,,,,,
182078114095400,63172301917039,190,-4960,-3136,-2368,-523840,-27840,1344,,,,,,
182078115348800,63172302916914,191,-4480,-3520,-2112,-524928,-30848,-576,,,,,,
182078116093400,63172303916956,192,-4768,-3520,-2592,-524864,-28608,1600,,,,,,
182078117104500,63172304916831,193,-4512,-3136,-1728,-525184,-28160,704,,,,,,
182078118104700,63172305916956,194,-4672,-3392,-2368,-524416,-29888,-320,,,,,,
182078119102500,63172306916831,195,-4672,-3008,-2464,-525696,-29376,1024,,,,,,
182078120104700,63172307916956,196,-4288,-3552,-2144,-524480,-29824,4352,,,,,,
182078121091300,63172308917289,197,-3808,-2944,-1792,-526592,-29248,1216,,,,,,
182078122094000,63172309916831,198,-4352,-2848,-2176,-524160,-29184,1664,,,,,,
182078123096300,63172310916956,199,-4992,-2720,-2848,-524608,-29184,320,,,,,,
182078124087500,63172311916872,200,-4416,-3104,-1664,-526080,-27648,2432,,,,,,
182078125084200,63172312916997,201,-4480,-3104,-2400,-525312,-29248,3264,,,,,,
182078126090800,63172313916956,202,-4192,-2560,-1664,-526400,-28160,-1216,,,,,,
182078127085700,63172314916872,203,-4448,-2592,-2240,-526272,-28096,2048,,,,,,
182078128083400,63172315916831,204,-4736,-2560,-2176,-523264,-28416,768,,,,,,
182078129085400,63172316916956,205,-4864,-1888,-1920,-523968,-29696,512,,,,,,
182078130097000,63172317916956,206,-4256,-2112,-1568,-526464,-27584,2816,,,,,,
182078131093500,63172318916997,207,-5216,-1472,-2560,-524288,-28352,2496,,,,,,
182078132083600,63172319916956,208,-4800,-2176,-1632,-525632,-28032,4096,,,,,,
182078133091900,63172320917122,209,-4576,-1344,-2336,-524544,-27328,3712,,,,,,
182078134113900,63172321916914,210,-4544,-1312,-1984,-524608,-29120,3072,,,,,,
182078135095600,63172322916914,211,-4928,-1024,-2240,-524608,-28416,1152,,,,,,
182078136094900,63172323918372,212,-4736,-800,-2880,-524800,-29312,2688,,,,,,
182078137099500,63172324916872,213,-5152,-864,-1952,-526080,-28224,1664,,,,,,
182078138095500,63172325917081,214,-4576,-480,-2464,-524480,-29504,704,,,,,,
182078139099400,63172326916831,215,-4480,-480,-2144,-526336,-28800,3392,,,,,,
182078140398500,63172327916956,216,-4928,-576,-2080,-524928,-27264,2560,,,,,,
182078141087900,63172328917664,217,-4224,320,-2848,-524800,-28608,3200,,,,,,
182078142110000,63172329916997,218,-5152,-64,-2592,-525504,-28160,3072,,,,,,
182078143096900,63172330916872,219,-4736,416,-1984,-523264,-28288,3712,,,,,,
182078144094400,63172331916956,220,-4832,320,-2496,-525056,-29120,4096,,,,,,
182078145094700,63172332916914,221,-4928,832,-2144,-525696,-27392,4032,,,,,,
182078146099500,63172333918164,222,-4384,1472,-2368,-525952,-28800,2880,,,,,,
182078147100500,63172334918706,223,-4256,960,-2080,-524224,-29760,2176,,,,,,
182078148097900,63172335916997,224,-4384,960,-1920,-526400,-28352,2176,,,,,,
182078149087700,63172336916914,225,-4608,1056,-2240,-525888,-27584,2944,,,,,,
182078150112700,63172337916956,226,-4352,1344,-1920,-525568,-28992,1664,,,,,,
182078151111000,63172338916956,227,-4352,1696,-1472,-526336,-28800,1472,,,,,,
182078152092800,63172339916872,228,-4864,1376,-1632,-525568,-28672,2560,,,,,,
182078153098300,63172340918247,229,-4576,2144,-2016,-525760,-29696,3520,,,,,,
182078154093300,63172341919872,230,-4992,1984,-1920,-525888,-29568,2304,,,,,,
182078155096900,63172342917039,231,-4320,1984,-1536,-524928,-27264,832,,,,,,
182078156100300,63172343916997,232,-5184,2176,-2272,-526016,-28480,3904,,,,,,
182078157118500,63172344916914,233,-4576,2656,-2176,-523392,-28032,2368,,,,,,
182078158122900,63172345917081,234,-4608,2752,-1568,-526720,-28672,2816,,,,,,
182078159107000,63172346916997,235,-4544,2720,-1568,-524544,-28160,2944,,,,,,
182078160093300,63172347916831,236,-4576,3360,-2176,-525568,-28352,5824,,,,,,
182078161094300,63172348916997,237,-4544,2656,-1600,-525056,-28864,2048,,,,,,
182078162096400,63172349916997,238,-4832,3008,-1600,-526144,-27136,1984,,,,,,
182078163096300,63172350917039,239,-5120,3360,-2144,-524608,-28160,1984,,,,,,
182078164097900,63172351916956,240,-4672,3360,-1856,-524672,-28608,1472,,,,,,
182078165157500,63172352916956,241,-4416,3008,-1600,-526912,-28096,2496,,,,,,
182078166100800,63172353916831,242,-4544,3200,-1760,-525248,-26944,4032,,,,,,
182078167116100,63172354916914,243,-4352,3232,-2432,-524160,-27968,3008,,,,,,
182078168092700,63172355917039,244,-4512,3968,-2112,-524544,-28480,1408,,,,,,
182078169095100,63172356916914,245,-4896,3584,-1600,-524736,-28288,320,,,,,,
182078170093400,63172357916872,246,-4832,3520,-1568,-524992,-29568,4480,,,,,,
182078171096800,63172358916956,247,-4672,3776,-1664,-525248,-27904,3008,,,,,,
182078172098500,63172359916872,248,-3936,3552,-1728,-525184,-26816,-256,,,,,,
182078173095400,63172360917081,249,-4640,4128,-2144,-525440,-25536,2240,,,,,,
182078174088300,63172361916956,250,-4736,3872,-2176,-524416,-27712,1088,,,,,,
182078175152100,63172362917622,251,-4960,4032,-2560,-526144,-27136,-512,,,,,,
182078176112100,63172363917039,252,-4192,4032,-2176,-525824,-27072,2752,,,,,,
182078177097300,63172364919747,253,-4672,3552,-1792,-524800,-28928,-384,,,,,,
182078178091800,63172365916914,254,-4768,3712,-2368,-526016,-29760,448,,,,,,
182078179097600,63172366916956,255,-5024,4000,-2080,-525120,-28032,1280,,,,,,
182078180095000,63172367916956,0,-4640,4288,-2400,-523712,-29504,1472,,,,,,
182078181100600,63172368919581,1,-4736,3808,-2080,-525888,-27264,896,,,,,,
182078182106100,63172369916956,2,-5120,4032,-2080,-526208,-28480,896,,,,,,
182078183098500,63172370919039,3,-4192,3872,-1760,-523776,-27072,192,,,,,,
182078184103500,63172371916914,4,-4544,4032,-2144,-525120,-27200,1792,,,,,,
182078185096600,63172372916872,5,-4960,3808,-2240,-523840,-27584,64,,,,,,
182078186094900,63172373917039,6,-4768,4000,-2432,-523840,-27904,-384,,,,,,
182078187090700,63172374916914,7,-4320,3968,-2400,-525696,-31424,-64,,,,,,
182078188095600,63172375917122,8,-4448,3424,-2016,-525248,-28672,-192,,,,,,
182078189096300,63172376916872,9,-4864,3488,-2496,-524672,-27200,-832,,,,,,
182078190346500,63172377916789,10,-4096,3552,-2208,-525632,-26624,-1856,,,,,,
182078191098600,63172378918956,11,-4544,3680,-2656,-524800,-27712,-2560,,,,,,
182078192104700,63172379916956,12,-4928,3392,-2688,-526080,-29632,-1024,,,,,,
182078193093200,63172380916914,13,-4352,3360,-2240,-524736,-29120,-1600,,,,,,
182078194096000,63172381916914,14,-4672,3168,-2304,-524032,-28032,-512,,,,,,
182078195093100,63172382916872,15,-4448,2784,-1856,-525568,-28800,192,,,,,,
182078196095000,63172383917706,16,-4928,2912,-2336,-523712,-27008,-1920,,,,,,
182078197097400,63172384917581,17,-4128,2848,-2944,-523840,-27136,-960,,,,,,
182078198094800,63172385917039,18,-4704,2560,-3424,-522432,-26752,-2944,,,,,,
182078199104400,63172386916914,19,-4992,2656,-2272,-524928,-28416,192,,,,,,
182078200099300,63172387916872,20,-5120,2784,-2656,-524352,-28736,1216,,,,,,
182078201104300,63172388917206,21,-4832,2592,-2688,-525376,-28288,-192,,,,,,
182078202094900,63172389916831,22,-5280,2144,-2496,-524160,-28352,-1024,,,,,,
182078203099100,63172390917081,23,-4608,2048,-2336,-526528,-26496,-1280,,,,,,
182078204094800,63172391916914,24,-5120,1760,-3168,-524096,-30848,-1344,,,,,,
182078205097700,63172392917497,25,-4928,1728,-3680,-524416,-28608,-1984,,,,,,
182078206102400,63172393917247,26,-4896,1440,-2560,-523968,-28544,-2112,,,,,,
182078207089100,63172394916872,27,-4928,1248,-2208,-523776,-26944,-1024,,,,,,
182078208096300,63172395917039,28,-4576,1120,-2592,-523520,-30720,-3136,,,,,,
182078209108300,63172396916914,29,-4256,1120,-3392,-524416,-27392,-2624,,,,,,
182078210085500,63172397917539,30,-4704,800,-3008,-524928,-27904,-1664,,,,,,
182078211094600,63172398917039,31,-4512,480,-2720,-523584,-27584,-3328,,,,,,
182078212097500,63172399917039,32,-4896,480,-2624,-526656,-27840,-128,,,,,,
182078213098300,63172400922706,33,-4256,448,-3360,-523328,-27392,-1856,,,,,,
182078214101000,63172401917122,34,-5440,-320,-2816,-524544,-27904,-1792,,,,,,
182078215351800,63172402916997,35,-4608,-224,-3264,-522688,-29568,-1216,,,,,,
182078216097700,63172403916956,36,-5056,-384,-2688,-524480,-29312,-1344,,,,,,
182078217101700,63172404917831,37,-4896,-96,-3328,-524672,-29632,-3648,,,,,,
182078218091400,63172405916956,38,-5344,-320,-3328,-524032,-30400,-1920,,,,,,
182078219087800,63172406917372,39,-4640,-832,-3168,-524672,-30272,896,,,,,,
182078220100900,63172407917081,40,-4160,-608,-3136,-525184,-28096,-4288,,,,,,
182078221093000,63172408916997,41,-4928,-608,-3040,-525632,-28736,-832,,,,,,
182078222095000,63172409916789,42,-4448,-960,-2624,-525824,-29504,-1856,,,,,,
182078223096700,63172410917164,43,-5504,-512,-3136,-522688,-27584,-4288,,,,,,
182078224087600,63172411916872,44,-4864,-928,-3392,-524032,-29696,-256,,,,,,
182078225095700,63172412916706,45,-4896,-800,-3616,-525056,-28864,1664,,,,,,
182078226081000,63172413916956,46,-4800,-1184,-3360,-522368,-30080,-1600,,,,,,
182078227089400,63172414918247,47,-5024,-1344,-3936,-523200,-28288,1664,,,,,,
182078228080400,63172415916956,48,-5088,-864,-3168,-524288,-29504,256,,,,,,
182078229080500,63172416916956,49,-4928,-1408,-2752,-524160,-28416,-2240,,,,,,
182078230099200,63172417918956,50,-4832,-1920,-2976,-526720,-29312,192,,,,,,
182078231097500,63172418916956,51,-4896,-1760,-3008,-523840,-27840,-1024,,,,,,
182078232087100,63172419916789,52,-4992,-1952,-3200,-525184,-29760,1280,,,,,,
182078233106900,63172420917289,53,-4832,-1632,-2528,-524608,-28096,256,,,,,,
182078234105700,63172421917039,54,-5088,-1888,-3328,-525120,-28672,1728,,,,,,
182078235096800,63172422917122,55,-4704,-1600,-2848,-525568,-29888,1408,,,,,,
182078236094000,63172423916872,56,-4864,-1632,-2752,-523840,-26944,-2176,,,,,,
182078237094800,63172424916831,57,-5216,-1664,-2912,-522112,-28928,256,,,,,,
182078238096800,63172425916997,58,-4736,-1824,-2816,-526272,-29440,-192,,,,,,
182078239097000,63172426916914,59,-4416,-1312,-2816,-523392,-29312,1472,,,,,,
182078240341500,63172427916956,60,-4576,-1632,-2464,-525632,-28544,4544,,,,,,
182078241105000,63172428916914,61,-4768,-1152,-3008,-525184,-28864,4160,,,,,,
182078242089600,63172429916747,62,-5152,-1504,-2560,-523584,-27712,4032,,,,,,
182078243120700,63172430917039,63,-4608,-960,-2560,-523776,-30016,512,,,,,,
182078244100900,63172431916914,64,-4544,-1248,-2304,-525760,-28736,512,,,,,,
182078245096600,63172432916956,65,-5056,-1024,-1888,-525568,-28672,1536,,,,,,
182078246104700,63172433916997,66,-4576,-1152,-2528,-523072,-28160,768,,,,,,
182078247086800,63172434917081,67,-4864,-672,-2048,-525120,-28032,3968,,,,,,
182078248080200,63172435917081,68,-5056,-224,-1920,-524160,-27328,3648,,,,,,
182078249085500,63172436916872,69,-4832,-576,-1728,-524544,-28352,3840,,,,,,
182078250089100,63172437916997,70,-5024,-352,-1664,-525504,-29312,2496,,,,,,
182078251081600,63172438917039,71,-4960,128,-1888,-523584,-30080,2496,,,,,,
182078252108900,63172439916789,72,-4768,-288,-1728,-522176,-29248,2112,,,,,,
182078253100100,63172440917081,73,-4736,-160,-2848,-525504,-29632,2048,,,,,,
182078254095700,63172441916831,74,-4672,224,-1536,-524864,-28352,3712,,,,,,
182078255092700,63172442917081,75,-4576,64,-2720,-525056,-29824,2432,,,,,,
182078256092500,63172443917039,76,-4416,576,-1728,-524672,-29120,1472,,,,,,
182078257087800,63172444916831,77,-4640,800,-2560,-524032,-28608,4160,,,,,,
182078258092500,63172445916956,78,-4448,576,-1984,-525760,-28992,2816,,,,,,
182078259109400,63172446918247,79,-4448,1216,-2176,-523584,-27008,2240,,,,,,
182078260109000,63172447918039,80,-4768,1312,-1920,-525824,-28160,3840,,,,,,
182078261092400,63172448917997,81,-4512,960,-1952,-523456,-28992,3008,,,,,,
182078262100600,63172449918247,82,-4672,864,-1664,-526208,-28544,3520,,,,,,
182078263097900,63172450919914,83,-4416,1440,-2368,-523840,-28160,4672,,,,,,
182078264092800,63172451916914,84,-4128,1568,-1600,-524096,-28416,4608,,,,,,
182078265396900,63172452917831,85,-4800,2240,-2432,-524672,-27712,2240,,,,,,
182078266100400,63172453916914,86,-4672,1984,-1568,-525056,-30400,2624,,,,,,
182078267112000,63172454916831,87,-4896,2080,-2080,-526144,-28800,2816,,,,,,
182078268104800,63172455917039,88,-4992,2368,-2592,-525888,-27968,3648,,,,,,
182078269096800,63172456916872,89,-4768,2432,-2624,-524288,-26880,1088,,,,,,
182078270090900,63172457917747,90,-4320,2496,-2016,-524096,-28608,2880,,,,,,
182078271088000,63172458917039,91,-5312,2560,-2176,-525376,-26880,192,,,,,,
182078272102200,63172459916789,92,-5280,2592,-2528,-525440,-30464,1152,,,,,,
182078273095900,63172460916872,93,-4960,3424,-2464,-524736,-30016,1088,,,,,,
182078274090100,63172461916831,94,-4288,2368,-1568,-525184,-28288,2304,,,,,,
182078275089200,63172462916956,95,-4768,2880,-1856,-525760,-28160,832,,,,,,
182078276117600,63172463916872,96,-4928,3008,-2464,-523392,-28992,1536,,,,,,
182078277097400,63172464917581,97,-4736,3584,-2688,-525376,-30720,320,,,,,,
182078278093900,63172465916956,98,-4800,3584,-2624,-525504,-27456,3840,,,,,,
182078279091800,63172466916872,99,-4224,3616,-1920,-523136,-27712,1600,,,,,,
182078280095700,63172467917081,100,-4992,3584,-2272,-527168,-29504,2432,,,,,,
182078281099000,63172468916914,101,-4544,3616,-2336,-524096,-28608,896,,,,,,
182078282081100,63172469916706,102,-5024,3744,-2304,-523200,-29376,1088,,,,,,
182078283111800,63172470918706,103,-4800,3200,-2048,-525696,-28864,1280,,,,,,
182078284110000,63172471918247,104,-4992,3520,-2176,-525824,-28928,1792,,,,,,
182078285094200,63172472917039,105,-4576,3712,-2240,-526848,-28608,3968,,,,,,
182078286095400,63172473916872,106,-5344,4224,-1856,-525312,-27008,-2688,,,,,,
182078287097800,63172474916706,107,-4800,3936,-2048,-525120,-27712,512,,,,,,
182078288100800,63172475916997,108,-4576,4000,-2272,-526336,-27648,512,,,,,,
182078289097300,63172476916872,109,-4864,3968,-2208,-523904,-29120,1856,,,,,,
182078290338000,63172477917039,110,-5152,4448,-1952,-525504,-27456,1088,,,,,,
182078291095100,63172478916831,111,-4928,4160,-2240,-523264,-29568,768,,,,,,
182078292117300,63172479916831,112,-4544,4416,-1952,-524480,-28288,-448,,,,,,
182078293097100,63172480917122,113,-4960,4000,-1504,-526464,-28160,-64,,,,,,
182078294095900,63172481916831,114,-5056,4512,-1728,-526080,-28928,1856,,,,,,
182078295095200,63172482916956,115,-4672,4288,-1504,-523584,-28480,-1024,,,,,,
182078296100100,63172483916872,116,-4832,4800,-2272,-524544,-29952,2816,,,,,,
182078297100700,63172484917039,117,-4768,4288,-1632,-523520,-28096,448,,,,,,
182078298097100,63172485916956,118,-5120,4192,-2560,-524480,-28032,1024,,,,,,
182078299093400,63172486916914,119,-4672,4160,-2304,-525376,-29440,-1344,,,,,,
182078300100000,63172487917122,120,-4384,3904,-2016,-524864,-27072,1024,,,,,,
182078301101600,63172488916914,121,-4992,4448,-1952,-523840,-29184,0,,,,,,
182078302094200,63172489917081,122,-5216,3840,-2016,-526144,-27136,1792,,,,,,
182078303095600,63172490918539,123,-5440,4032,-2176,-523328,-29248,-256,,,,,,
182078304095700,63172491916789,124,-4896,4256,-2464,-525696,-28160,-2688,,,,,,
182078305100000,63172492916997,125,-4576,4160,-2208,-524992,-27968,2304,,,,,,
182078306095300,63172493916914,126,-4640,4192,-2240,-524800,-28800,-448,,,,,,
182078307088900,63172494918331,127,-4896,4000,-2368,-524160,-27712,0,,,,,,
182078308113900,63172495916831,128,-4672,4064,-2368,-524352,-27840,-832,,,,,,
182078309098600,63172496917539,129,-4672,3968,-2528,-523712,-28672,384,,,,,,
182078310109900,63172497916956,130,-5024,3776,-2080,-526592,-29888,-1344,,,,,,
182078311082900,63172498916872,131,-4160,4256,-2496,-526272,-28864,-1728,,,,,,
182078312096300,63172499917122,132,-4544,4064,-2176,-524480,-27840,-704,,,,,,
182078313097600,63172500920331,133,-4992,3808,-3104,-524608,-28928,-192,,,,,,
182078314097900,63172501917872,134,-4288,3872,-2144,-523840,-26304,-2624,,,,,,
182078315336800,63172502916956,135,-5280,3808,-2368,-526208,-27328,0,,,,,,
182078316097700,63172503917914,136,-4672,3744,-2400,-524480,-29120,-3072,,,,,,
182078317100500,63172504917872,137,-4736,3424,-2656,-526912,-28032,832,,,,,,
182078318100900,63172505917039,138,-4992,3008,-3072,-524480,-28672,-1088,,,,,,
182078319095900,63172506917789,139,-4896,2720,-1664,-525376,-29120,-1664,,,,,,
182078320095500,63172507918122,140,-4544,3168,-2528,-523840,-29440,-1408,,,,,,
182078321092800,63172508916747,141,-4704,2848,-3168,-526400,-27648,-1216,,,,,,
182078322093400,63172509917331,142,-4352,2592,-2304,-523904,-27840,-1344,,,,,,
182078323093000,63172510916997,143,-4416,2752,-2752,-522944,-28288,-1984,,,,,,
182078324121900,63172511918206,144,-5152,2240,-3072,-524736,-28032,-2176,,,,,,
182078325102900,63172512918497,145,-4768,2112,-2720,-524416,-26496,-1152,,,,,,
182078326085100,63172513916956,146,-4608,2048,-3200,-525632,-28224,320,,,,,,
182078327086900,63172514917039,147,-4480,1792,-2528,-524352,-28608,-2112,,,,,,
182078328083200,63172515916872,148,-5216,1728,-3712,-525312,-27968,-2752,,,,,,
182078329082400,63172516916747,149,-4864,1888,-2912,-526272,-27840,-512,,,,,,
182078330096700,63172517917081,150,-5024,1152,-2944,-524736,-28736,-1408,,,,,,
182078331096700,63172518916914,151,-4992,1024,-3520,-525696,-29056,-2816,,,,,,
182078332135100,63172519917039,152,-4608,992,-3328,-524992,-26560,-4160,,,,,,
182078333104100,63172520916997,153,-4704,704,-3424,-524544,-27264,-1728,,,,,,
182078334084300,63172521916789,154,-4416,704,-3040,-525184,-29440,-256,,,,,,
182078335077000,63172522917039,155,-4960,480,-3456,-524544,-29184,-1344,,,,,,
182078336080800,63172523917081,156,-4864,-128,-3168,-525504,-29504,-704,,,,,,
182078337107200,63172524917122,157,-4928,96,-3936,-525376,-28096,960,,,,,,
182078338107700,63172525916789,158,-4576,-288,-2976,-525632,-27520,-384,,,,,,
182078339097400,63172526917331,159,-4448,-992,-2944,-524096,-32064,576,,,,,,
182078340308800,63172527916997,160,-4704,-544,-3456,-525568,-28672,-1152,,,,,,
182078341092400,63172528916747,161,-5088,-608,-3168,-525120,-27840,-2560,,,,,,
182078342095200,63172529917081,162,-5088,-1472,-3040,-525504,-28928,-3584,,,,,,
182078343093100,63172530916956,163,-4544,-1536,-2496,-524480,-29312,-2048,,,,,,
182078344093900,63172531916831,164,-4352,-1024,-3136,-525248,-28800,-896,,,,,,
182078345101600,63172532917039,165,-5216,-1056,-2752,-524544,-28736,-2432,,,,,,
182078346099400,63172533916747,166,-4736,-1504,-2848,-524480,-29888,-1728,,,,,,
182078347099000,63172534916997,167,-4512,-1888,-2432,-526016,-28352,-2368,,,,,,
182078348101500,63172535917122,168,-5056,-1824,-2368,-524800,-29696,-576,,,,,,
182078349105600,63172536916747,169,-4928,-1792,-2592,-525504,-30848,-2816,,,,,,
182078350099000,63172537917081,170,-4832,-2240,-2784,-525184,-27136,-576,,,,,,
182078351096600,63172538916789,171,-5184,-2272,-2848,-525056,-28288,-448,,,,,,
182078352097400,63172539916956,172,-4224,-2336,-2880,-524224,-28928,-1984,,,,,,
182078353161500,63172540917039,173,-5152,-2304,-2080,-524800,-28032,-2496,,,,,,
182078354099500,63172541916872,174,-5024,-2272,-2304,-524672,-27968,-3776,,,,,,
182078355104100,63172542917081,175,-4768,-2240,-2688,-524416,-29376,-2112,,,,,,
182078356103000,63172543916747,176,-4544,-2528,-2240,-524416,-28864,-1216,,,,,,
182078357084900,63172544917039,177,-4800,-2592,-1824,-525184,-27904,1088,,,,,,
182078358130500,63172545916914,178,-5056,-2528,-2816,-524544,-28544,384,,,,,,
182078359097300,63172546916831,179,-5248,-2528,-2400,-525824,-27520,-1024,,,,,,
182078360095200,63172547917581,180,-4320,-2944,-2720,-523904,-29376,-1152,,,,,,
182078361095500,63172548916747,181,-4672,-2592,-1728,-525120,-27520,960,,,,,,
182078362099400,63172549917164,182,-4032,-3264,-1920,-526784,-29696,448,,,,,,
182078363099300,63172550916872,183,-4736,-2624,-1792,-524160,-26368,2496,,,,,,
182078364091900,63172551916789,184,-4352,-2752,-1792,-525120,-29696,1984,,,,,,
182078365324000,63172552916914,185,-5376,-2688,-2144,-524736,-26944,1728,,,,,,
182078366094000,63172553916831,186,-4896,-2496,-2496,-525248,-28352,3136,,,,,,
182078367095100,63172554917206,187,-4768,-2560,-1472,-525312,-27456,-192,,,,,,
182078368095300,63172555916872,188,-4800,-2400,-2752,-523840,-29056,3072,,,,,,
182078369095800,63172556916789,189,-4128,-2560,-1888,-524864,-27584,1344,,,,,,
182078370095200,63172557916956,190,-4736,-1984,-2464,-524864,-26944,1984,,,,,,
182078371096600,63172558918331,191,-4448,-2880,-1568,-524480,-28736,-192,,,,,,
182078372092900,63172559918081,192,-4544,-2208,-1984,-524544,-27136,1792,,,,,,
182078373099600,63172560916872,193,-4768,-1824,-2208,-522368,-26816,-192,,,,,,
182078374095600,63172561916664,194,-4672,-2272,-1856,-525376,-27776,448,,,,,,
182078375093500,63172562916831,195,-4640,-2176,-1664,-522624,-29568,2752,,,,,,
182078376094900,63172563916456,196,-4800,-1632,-2304,-524032,-27584,3328,,,,,,
182078377098500,63172564917664,197,-5024,-1536,-2464,-523776,-28736,2176,,,,,,
182078378095300,63172565916872,198,-4608,-1856,-2144,-522624,-28992,2240,,,,,,
182078379100600,63172566916789,199,-4512,-2176,-1568,-520832,-30400,1088,,,,,,
182078380093100,63172567916872,200,-4736,-1440,-2368,-524224,-29120,896,,,,,,
182078381094800,63172568916747,201,-4832,-1312,-2656,-524736,-28288,640,,,,,,
182078382093600,63172569916997,202,-4544,-1216,-2272,-524032,-27264,320,,,,,,
182078383091800,63172570917289,203,-4768,-1472,-1824,-522880,-27712,1920,,,,,,
182078384084800,63172571916789,204,-4896,-1344,-2368,-522816,-28608,3136,,,,,,
182078385096300,63172572916872,205,-4576,-960,-2144,-522176,-29312,2944,,,,,,
182078386096800,63172573916872,206,-4448,-768,-2880,-522560,-28224,2112,,,,,,
182078387095400,63172574917081,207,-4640,-992,-2336,-523968,-28608,1024,,,,,,
182078388095000,63172575917081,208,-4544,-640,-2176,-524992,-27840,2624,,,,,,
182078389094000,63172576918622,209,-4832,-736,-2784,-525504,-27328,4096,,,,,,
182078390227600,63172577918456,210,-4480,-1024,-2176,-524288,-28864,64,,,,,,
182078391097100,63172578916872,211,-5056,-384,-2944,-524352,-27008,128,,,,,,
182078392092700,63172579916956,212,-4096,-544,-2560,-524672,-28160,-1344,,,,,,
182078393093900,63172580916831,213,-4192,-736,-2176,-525120,-29184,2048,,,,,,
182078394090700,63172581916956,214,-4896,-448,-2144,-523008,-28800,2560,,,,,,
182078395096600,63172582916872,215,-4800,0,-1664,-524544,-27776,1216,,,,,,
182078396101500,63172583917789,216,-4096,-416,-1856,-524288,-27968,1792,,,,,,
182078397099600,63172584916956,217,-4352,64,-2240,-524224,-28928,2816,,,,,,
182078398095100,63172585916789,218,-4640,192,-2144,-524416,-27456,1920,,,,,,
182078399100300,63172586916997,219,-5440,256,-2592,-523392,-27840,1728,,,,,,
182078400092600,63172587916831,220,-5024,416,-2624,-525120,-29632,2944,,,,,,
182078401096900,63172588917206,221,-4352,128,-1888,-522752,-30080,3136,,,,,,
182078402095600,63172589916831,222,-4640,416,-1888,-521536,-28352,1856,,,,,,
182078403095700,63172590917622,223,-4320,768,-2080,-523776,-29952,1472,,,,,,
182078404095400,63172591917122,224,-4192,640,-2304,-523264,-28672,3712,,,,,,
182078405093700,63172592916789,225,-3680,512,-1408,-525952,-28672,768,,,,,,
182078406097100,63172593916914,226,-5184,1344,-2592,-522816,-28352,768,,,,,,
182078407106200,63172594918331,227,-4800,896,-1248,-526080,-28992,768,,,,,,
182078408093000,63172595917414,228,-4576,1280,-2304,-523200,-30976,1024,,,,,,
182078409084900,63172596917122,229,-4480,768,-2496,-524096,-30720,2176,,,,,,
182078410099700,63172597916789,230,-4576,1344,-2208,-526016,-28160,-256,,,,,,
182078411094600,63172598916789,231,-5344,1024,-1888,-525120,-30208,2432,,,,,,
182078412096800,63172599916914,232,-4608,1248,-2272,-524736,-28800,384,,,,,,
182078413095200,63172600920747,233,-4320,1280,-1792,-525504,-29440,1280,,,,,,
182078414098800,63172601917081,234,-4512,1696,-1600,-525312,-28288,-1280,,,,,,
182078415252200,63172602916831,235,-4768,1920,-1888,-525824,-28032,2880,,,,,,
182078416101500,63172603916914,236,-4320,1504,-1664,-525184,-29760,448,,,,,,
182078417096400,63172604916914,237,-4896,1888,-1952,-524544,-27072,128,,,,,,
182078418093100,63172605917039,238,-4800,1600,-1728,-521152,-28672,1280,,,,,,
182078419091500,63172606917164,239,-4256,1792,-2208,-526272,-28928,192,,,,,,
182078420091000,63172607917039,240,-5088,2208,-1664,-524800,-28160,-192,,,,,,
182078421089000,63172608916831,241,-4512,1824,-960,-523136,-28480,1600,,,,,,
182078422098200,63172609916914,242,-5216,1856,-1728,-524032,-28608,3328,,,,,,
182078423096000,63172610919289,243,-5312,1920,-2336,-523584,-29312,320,,,,,,
182078424099600,63172611917039,244,-4320,1856,-1248,-522368,-28224,1536,,,,,,
182078425095700,63172612916914,245,-4992,2624,-2080,-522688,-30016,-832,,,,,,
182078426093600,63172613916872,246,-4832,2432,-2016,-524928,-28608,3072,,,,,,
182078427098900,63172614916997,247,-4928,2528,-1920,-526336,-28160,1984,,,,,,
182078428099400,63172615916789,248,-4512,3072,-1984,-524480,-28096,2176,,,,,,
182078429099900,63172616917122,249,-4576,2784,-1696,-524352,-27968,4160,,,,,,
182078430096800,63172617916914,250,-4608,2720,-1952,-524096,-30272,2368,,,,,,
182078431099000,63172618916789,251,-5248,2496,-2112,-523968,-27904,-1088,,,,,,
182078432137900,63172619916914,252,-4032,2848,-1280,-526528,-28608,384,,,,,,
182078433096400,63172620917081,253,-5216,2656,-2944,-524864,-27776,256,,,,,,
182078434092700,63172621916997,254,-4512,3072,-1824,-523648,-28416,1920,,,,,,
182078435092800,63172622916747,255,-5152,2912,-2272,-523264,-28480,1536,,,,,,
182078436096200,63172623917664,0,-5024,3072,-1856,-523712,-29248,1024,,,,,,
182078437095400,63172624917664,1,-4960,3040,-2496,-525888,-27200,1280,,,,,,
182078438088300,63172625917497,2,-4800,3360,-1792,-525056,-28096,-320,,,,,,
182078439087900,63172626916997,3,-5120,3168,-2080,-524544,-28224,-384,,,,,,
182078440103400,63172627916831,4,-4928,3552,-2528,-526528,-26688,128,,,,,,
182078441092700,63172628916831,5,-5024,3168,-2464,-525760,-27392,1152,,,,,,
182078442083900,63172629917039,6,-4640,3584,-2336,-526016,-30144,768,,,,,,
182078443104000,63172630916872,7,-4544,3136,-2656,-523904,-27136,1536,,,,,,
182078444094900,63172631916997,8,-5216,3488,-3104,-525952,-28480,1088,,,,,,
182078445093000,63172632916789,9,-4384,3200,-2048,-524288,-27776,1856,,,,,,
182078446096900,63172633917581,10,-4832,3744,-3008,-525568,-28352,1088,,,,,,
182078447101400,63172634916914,11,-4992,3104,-2464,-525760,-27136,832,,,,,,
182078448098900,63172635917289,12,-5280,3776,-3296,-525888,-27904,1152,,,,,,
182078449118300,63172636917164,13,-4768,3488,-2912,-523648,-29632,-1792,,,,,,
182078450109500,63172637916956,14,-5024,3808,-3392,-526784,-28224,-384,,,,,,
182078451093900,63172638916831,15,-4576,3680,-2848,-523776,-27328,0,,,,,,
182078452104900,63172639916872,16,-5312,3840,-2624,-524288,-28672,2816,,,,,,
182078453090100,63172640916956,17,-4320,3200,-2464,-525184,-26432,576,,,,,,
182078454086500,63172641916956,18,-4640,4064,-2912,-525632,-29376,1536,,,,,,
182078455084900,63172642916664,19,-4448,3104,-2624,-524416,-27584,-1024,,,,,,
182078456098000,63172643916872,20,-4064,3296,-2464,-523264,-27776,-1216,,,,,,
182078457089900,63172644916956,21,-4864,3072,-3168,-525056,-26560,-960,,,,,,
182078458105100,63172645916914,22,-4768,3104,-2656,-524416,-28992,256,,,,,,
182078459096500,63172646916789,23,-4704,2848,-2752,-524416,-27968,128,,,,,,
182078460093500,63172647916997,24,-4832,3264,-3936,-525952,-28160,448,,,,,,
182078461094900,63172648916789,25,-4832,2592,-2816,-525568,-28352,-128,,,,,,
182078462095200,63172649916872,26,-4480,2816,-2624,-527360,-29312,-4096,,,,,,
182078463095700,63172650917789,27,-4480,2752,-3072,-526400,-27648,-1472,,,,,,
182078464096600,63172651916872,28,-4896,2816,-3296,-524928,-29696,1536,,,,,,
182078465317400,63172652916456,29,-5184,3168,-3520,-526976,-28032,-2048,,,,,,
182078466094900,63172653917831,30,-4928,3104,-3456,-525632,-27712,1024,,,,,,
182078467093000,63172654917247,31,-4832,2592,-2784,-526080,-28672,-192,,,,,,
182078468101000,63172655916872,32,-5152,2752,-2912,-524352,-28288,1344,,,,,,
182078469100900,63172656916831,33,-5376,2528,-2944,-524480,-27520,320,,,,,,
182078470101600,63172657916997,34,-4800,2688,-3616,-524928,-29312,640,,,,,,
182078471095400,63172658916789,35,-5120,2144,-3008,-526272,-29248,-2112,,,,,,
182078472094400,63172659916747,36,-4704,2176,-2592,-527296,-30208,-256,,,,,,
182078473093900,63172660916914,37,-4960,2176,-3296,-526656,-30080,768,,,,,,
182078474093400,63172661916956,38,-4608,1376,-2560,-525184,-28160,-512,,,,,,
182078475098000,63172662916997,39,-4640,1728,-2752,-523648,-29248,-1472,,,,,,
182078476086400,63172663917039,40,-4576,2240,-3008,-524672,-28288,0,,,,,,
182078477093300,63172664917997,41,-4992,1952,-2560,-524096,-29312,-832,,,,,,
182078478094900,63172665916956,42,-5088,1440,-3232,-525376,-29248,0,,,,,,
182078479095600,63172666916914,43,-4480,1536,-2304,-525440,-28288,2944,,,,,,
182078480093900,63172667916914,44,-4576,1600,-3296,-525760,-28352,-1472,,,,,,
182078481096500,63172668917039,45,-4672,1280,-2176,-523392,-27584,-3072,,,,,,
182078482096100,63172669917081,46,-5248,1472,-2432,-524032,-29888,-1920,,,,,,
182078483093400,63172670917456,47,-4800,1664,-2400,-525696,-29632,512,,,,,,
182078484086000,63172671916997,48,-4512,960,-2176,-523072,-28992,1280,,,,,,
182078485100200,63172672916872,49,-4992,640,-2624,-523392,-28288,-1984,,,,,,
182078486093600,63172673916956,50,-4320,512,-2112,-525824,-30016,448,,,,,,
182078487097100,63172674917039,51,-4896,1088,-2272,-524864,-28480,-1792,,,,,,
182078488094300,63172675916956,52,-4928,960,-2432,-522624,-28352,1472,,,,,,
182078489095900,63172676916956,53,-4896,768,-1824,-523456,-31168,-3072,,,,,,
182078490248000,63172677917247,54,-4992,224,-2784,-525888,-27136,-192,,,,,,
182078491098300,63172678917122,55,-4448,640,-2048,-525120,-28864,-640,,,,,,
182078492095300,63172679916831,56,-4544,768,-2144,-524544,-29504,-1664,,,,,,
182078493094300,63172680918414,57,-4736,640,-1728,-523904,-26240,1728,,,,,,
182078494098100,63172681916872,58,-4704,-192,-2432,-523648,-29440,640,,,,,,
182078495099800,63172682916831,59,-4896,128,-1792,-524416,-28032,-1216,,,,,,
182078496100600,63172683917581,60,-5088,640,-2784,-525312,-29248,-448,,,,,,
182078497096800,63172684916831,61,-4768,480,-2336,-525120,-28992,-2560,,,,,,
182078498094200,63172685917539,62,-4672,64,-1920,-524352,-28160,-320,,,,,,
182078499094400,63172686916914,63,-4384,-320,-2048,-523456,-29696,960,,,,,,
182078500211600,63172687916997,64,-4416,-288,-2112,-522688,-29248,1408,,,,,,
182078501204100,63172688917039,65,-4800,-320,-2656,-523520,-27712,64,,,,,,
182078502082800,63172689919622,66,-4800,-192,-1856,-523392,-29568,-1664,,,,,,
182078503084900,63172690916789,67,-4640,-416,-1824,-525504,-27264,-2752,,,,,,
182078504082600,63172691916831,68,-4896,-160,-2592,-524224,-28224,896,,,,,,
182078505078700,63172692916914,69,-4672,-576,-2144,-526272,-27008,-2112,,,,,,
182078506202500,63172693916914,70,-4832,-480,-1856,-522368,-28160,896,,,,,,
182078507090100,63172694917164,71,-4384,-544,-2144,-523328,-29632,192,,,,,,
182078508102200,63172695916914,72,-4768,-384,-2528,-527232,-29440,896,,,,,,
182078509083100,63172696916914,73,-4704,-544,-1984,-523456,-29312,-1792,,,,,,
182078510080700,63172697916831,74,-4064,-960,-1856,-525824,-27264,1152,,,,,,
182078511213500,63172698916872,75,-4608,-992,-1184,-524864,-28800,-2432,,,,,,
182078512329500,63172699916872,76,-4704,-608,-1696,-525568,-28032,128,,,,,,
182078513219100,63172700916956,77,-4928,-1216,-1600,-523840,-27392,640,,,,,,
182078514092800,63172701918789,78,-5216,-1184,-2144,-524736,-28736,-320,,,,,,
182078515238200,63172702918372,79,-5440,-1216,-1856,-523712,-29696,-1664,,,,,,
182078516100600,63172703916914,80,-4032,-1536,-1696,-525760,-30400,-512,,,,,,
182078517096700,63172704916831,81,-4992,-1536,-2304,-525568,-30208,640,,,,,,
182078518097700,63172705916747,82,-5248,-1568,-2016,-525440,-27136,320,,,,,,
182078519098600,63172706916956,83,-4128,-1760,-1568,-524864,-28992,-2432,,,,,,
182078520094000,63172707918372,84,-4832,-1472,-2304,-525312,-28096,2112,,,,,,
182078521100000,63172708916956,85,-4928,-1440,-1984,-524864,-30144,1408,,,,,,
182078522098600,63172709916872,86,-4832,-1472,-2176,-525312,-27520,576,,,,,,
182078523101000,63172710916706,87,-4608,-1504,-672,-523840,-27520,192,,,,,,
182078524096100,63172711917164,88,-4640,-1600,-1984,-525184,-28480,768,,,,,,
182078525096800,63172712917831,89,-5472,-1152,-2112,-522560,-28096,1216,,,,,,
182078526098500,63172713917497,90,-4512,-1440,-1472,-526528,-28480,832,,,,,,
182078527100700,63172714918331,91,-4704,-1824,-1280,-525120,-29120,3136,,,,,,
182078528099900,63172715916914,92,-4608,-1632,-2240,-524672,-29120,768,,,,,,
182078529093500,63172716918372,93,-4832,-768,-1632,-523328,-29440,3712,,,,,,
182078530095100,63172717917122,94,-5280,-1088,-1984,-523776,-28288,1088,,,,,,
182078531094900,63172718916956,95,-4160,-1280,-1504,-523200,-28160,1600,,,,,,
182078532147200,63172719916914,96,-5248,-960,-1856,-528320,-28480,576,,,,,,
182078533266400,63172720916831,97,-4800,-768,-1568,-523264,-28096,3328,,,,,,
182078534096300,63172721916956,98,-5088,-928,-2208,-525760,-29952,1024,,,,,,
182078535094300,63172722916747,99,-5088,-832,-1440,-522368,-30208,1792,,,,,,
182078536094300,63172723916997,100,-5088,-864,-704,-523392,-29376,704,,,,,,
182078537095500,63172724917164,101,-5056,-544,-1728,-524736,-29312,2496,,,,,,
182078538096400,63172725917706,102,-4448,-480,-1312,-523520,-29184,896,,,,,,
182078539098900,63172726918997,103,-4768,-544,-1472,-524288,-28800,576,,,,,,
182078540149400,63172727916747,104,-5088,96,-1632,-522752,-28288,576,,,,,,
182078541098400,63172728916914,105,-4896,160,-1696,-525632,-27136,4480,,,,,,
182078542095700,63172729916914,106,-5056,64,-1632,-523200,-28032,3776,,,,,,
182078543096500,63172730916706,107,-5088,352,-1184,-525312,-28608,2688,,,,,,
182078544094300,63172731917081,108,-5024,768,-1824,-523904,-27008,1280,,,,,,
182078545095000,63172732916914,109,-4352,736,-1536,-524992,-28352,2304,,,,,,
182078546095400,63172733916914,110,-4608,768,-960,-524544,-25664,2624,,,,,,
182078547095700,63172734916914,111,-4576,608,-1472,-525824,-27968,3520,,,,,,
182078548089600,63172735916789,112,-4352,1408,-1696,-524096,-27456,2432,,,,,,
182078549151400,63172736917997,113,-4800,1600,-2240,-522752,-28288,2560,,,,,,
182078550335700,63172737916872,114,-4064,1408,-1536,-522304,-29440,1472,,,,,,
182078551158400,63172738916914,115,-4352,1440,-2432,-524800,-26624,2560,,,,,,
182078552108500,63172739916997,116,-5024,1344,-1952,-524096,-26944,2816,,,,,,
182078553086500,63172740916831,117,-5280,2016,-2720,-523712,-27776,448,,,,,,
182078554100000,63172741916914,118,-4992,2336,-2240,-524352,-27584,2880,,,,,,
182078555084300,63172742916747,119,-4800,2560,-2240,-522816,-26432,2240,,,,,,
182078556086300,63172743917331,120,-4576,2368,-2464,-523648,-28800,1984,,,,,,
182078557093800,63172744916914,121,-5120,2304,-2464,-523200,-27328,1664,,,,,,
182078558101000,63172745916747,122,-4096,2656,-1824,-521728,-30336,1472,,,,,,
182078559097800,63172746916872,123,-4672,3008,-2656,-525312,-29248,2304,,,,,,
182078560095300,63172747916789,124,-4704,3424,-2464,-524096,-28480,384,,,,,,
182078561095500,63172748917956,125,-4800,3456,-2528,-522752,-28352,2688,,,,,,
182078562091400,63172749916873,126,-4480,3168,-2688,-522816,-28416,1280,,,,,,
182078563092400,63172750917081,127,-4544,3552,-2304,-524416,-26688,1280,,,,,,
182078564098800,63172751916956,128,-4672,3232,-2784,-523712,-26432,1856,,,,,,
182078565258100,63172752916748,129,-4192,3808,-2368,-524032,-27712,2176,,,,,,
182078566164100,63172753916748,130,-5024,3552,-2688,-523776,-26624,768,,,,,,
182078567109400,63172754916873,131,-4544,3904,-2976,-525696,-27712,128,,,,,,
182078568099800,63172755917039,132,-4576,3872,-2624,-525888,-28864,2304,,,,,,
182078569099300,63172756917623,133,-4160,3584,-2400,-523840,-28224,1152,,,,,,
182078570092100,63172757916748,134,-4928,3904,-2720,-524544,-28544,-768,,,,,,
182078571094200,63172758917081,135,-3648,4064,-2464,-524352,-27648,960,,,,,,
182078572094100,63172759917039,136,-4512,4192,-2688,-524352,-27456,-4480,,,,,,
182078573093400,63172760918123,137,-4256,3712,-2720,-527872,-28736,1920,,,,,,
182078574101700,63172761916914,138,-4320,3904,-2144,-524288,-29440,128,,,,,,
182078575103300,63172762916748,139,-4448,3616,-2624,-524288,-27456,1216,,,,,,
182078576094700,63172763916998,140,-4384,3616,-2912,-524864,-28800,-2240,,,,,,
182078577090900,63172764916748,141,-5056,3712,-2240,-526144,-29504,-1856,,,,,,
182078578092000,63172765916914,142,-4128,3168,-2560,-525824,-27008,640,,,,,,
182078579095200,63172766916789,143,-4352,3584,-2880,-528192,-28864,1344,,,,,,
182078580106400,63172767916748,144,-4160,3552,-2240,-524160,-27584,-2560,,,,,,
182078581106400,63172768917831,145,-5280,2976,-2752,-524928,-27840,-192,,,,,,
182078582097100,63172769916831,146,-4192,2912,-2336,-523520,-27520,-3328,,,,,,
182078583103600,63172770917039,147,-4416,2912,-2880,-526272,-29056,192,,,,,,
182078584105500,63172771916998,148,-4384,2432,-2112,-524480,-28160,-1600,,,,,,
182078585094200,63172772916789,149,-4672,2976,-2688,-526336,-27264,-1344,,,,,,
182078586097300,63172773916998,150,-4704,2592,-2624,-524736,-29824,-896,,,,,,
182078587097900,63172774916914,151,-4608,1824,-2976,-526080,-28032,-2240,,,,,,
182078588097700,63172775920081,152,-5184,2080,-2784,-524736,-29952,-3008,,,,,,
182078589097500,63172776917248,153,-4640,1696,-2592,-524800,-28864,-3072,,,,,,
182078590331600,63172777916789,154,-4544,1632,-2368,-526208,-30016,-3072,,,,,,
182078591098900,63172778918414,155,-4960,1088,-2336,-524288,-27328,-1088,,,,,,
182078592094800,63172779916831,156,-4512,768,-2976,-523392,-29888,-2048,,,,,,
182078593093000,63172780916914,157,-4000,992,-2080,-525376,-26304,-1792,,,,,,
182078594088100,63172781916914,158,-4480,832,-3232,-525376,-28160,-2880,,,,,,
182078595147000,63172782916789,159,-5184,736,-2464,-524992,-30272,-3200,,,,,,
182078596098300,63172783916956,160,-4992,0,-2048,-524480,-30080,-2496,,,,,,
182078597094200,63172784916623,161,-5280,160,-2720,-524992,-29568,-4288,,,,,,
182078598093900,63172785918831,162,-4992,-576,-2656,-524800,-29056,-2496,,,,,,
182078599099700,63172786916956,163,-4992,64,-2240,-526144,-29504,-3008,,,,,,
182078600096000,63172787916748,164,-4800,-704,-2304,-527552,-28544,-1984,,,,,,
182078601094200,63172788916956,165,-4832,-896,-2464,-525248,-28672,-3264,,,,,,
182078602093600,63172789916789,166,-4896,-1344,-2624,-525056,-28736,704,,,,,,
182078603098600,63172790917039,167,-4480,-1504,-2208,-525248,-29120,576,,,,,,
182078604101000,63172791916831,168,-5184,-1248,-2624,-524608,-30080,-1664,,,,,,
182078605096000,63172792916706,169,-4704,-1760,-1696,-523520,-28736,-2880,,,,,,
182078606097800,63172793916873,170,-4736,-1824,-2592,-526720,-27200,-1088,,,,,,
182078607090200,63172794916748,171,-4512,-2208,-1440,-524416,-30336,-2496,,,,,,
182078608099600,63172795917039,172,-4640,-1664,-1984,-526080,-28032,-2752,,,,,,
182078609093900,63172796916873,173,-4992,-1888,-2720,-527744,-28416,-2176,,,,,,
182078610095300,63172797916748,174,-4416,-2752,-2080,-523648,-28416,-2752,,,,,,
182078611094300,63172798916914,175,-5312,-2208,-2496,-524416,-28352,-64,,,,,,
182078612099800,63172799916831,176,-4928,-2560,-2176,-525952,-27008,-1600,,,,,,
182078613094300,63172800917956,177,-4832,-1952,-2912,-525056,-28672,2048,,,,,,
182078614090100,63172801918498,178,-4832,-2432,-2240,-524672,-28416,-704,,,,,,
182078615242900,63172802917914,179,-5024,-2176,-2560,-525504,-29760,-128,,,,,,
182078616094800,63172803916914,180,-5184,-2592,-2144,-525376,-28224,-576,,,,,,
182078617096400,63172804916789,181,-4864,-2368,-2848,-524672,-29184,2176,,,,,,
182078618096700,63172805916914,182,-4864,-2304,-2048,-524480,-27328,3264,,,,,,
182078619092400,63172806916789,183,-5024,-2368,-2304,-524672,-27712,256,,,,,,
182078620090700,63172807916706,184,-4064,-2688,-1856,-524352,-28416,64,,,,,,
182078621091100,63172808919456,185,-4832,-2464,-2272,-524352,-27200,1792,,,,,,
182078622093600,63172809916789,186,-5056,-2592,-2176,-524800,-28288,2688,,,,,,
182078623088100,63172810917081,187,-5056,-2368,-2784,-524160,-28736,960,,,,,,
182078624104400,63172811917956,188,-4736,-2496,-2272,-525056,-28480,832,,,,,,
182078625101600,63172812916789,189,-4960,-2176,-1952,-526144,-29440,1984,,,,,,
182078626094000,63172813919914,190,-4416,-2176,-2656,-524480,-30464,1984,,,,,,
182078627093800,63172814916789,191,-4608,-2176,-2592,-525888,-28800,3904,,,,,,
182078628093000,63172815916914,192,-4640,-2144,-2688,-525952,-29568,3328,,,,,,
182078629094000,63172816916831,193,-4832,-1984,-2528,-524032,-26688,1792,,,,,,
182078630094800,63172817916623,194,-5312,-2080,-3040,-526336,-27072,576,,,,,,
182078631086700,63172818917248,195,-5024,-1184,-2528,-526144,-29184,3520,,,,,,
182078632103600,63172819916789,196,-4448,-1888,-1536,-526144,-27712,4736,,,,,,
182078633089000,63172820917039,197,-5728,-1376,-3136,-524928,-27072,3776,,,,,,
182078634088900,63172821916831,198,-5088,-1472,-2016,-524160,-27456,3328,,,,,,
182078635094200,63172822919664,199,-4544,-1248,-2720,-525056,-27904,1088,,,,,,
182078636083300,63172823916956,200,-5120,-928,-2304,-525696,-25984,4288,,,,,,
182078637083500,63172824916873,201,-4864,-832,-2688,-525504,-26624,2496,,,,,,
182078638081700,63172825917081,202,-4928,-1248,-2848,-524800,-26560,3712,,,,,,
182078639236800,63172826916831,203,-4448,-800,-2528,-523712,-29440,3840,,,,,,
182078640244900,63172827916706,204,-4896,-672,-2656,-524032,-29504,4032,,,,,,
182078641105600,63172828916873,205,-4832,-736,-2496,-525696,-27648,512,,,,,,
182078642091900,63172829916789,206,-4704,-736,-2304,-523264,-28608,2624,,,,,,
182078643108600,63172830917039,207,-4192,-96,-3072,-524928,-28096,3392,,,,,,
182078644095500,63172831916873,208,-4704,-224,-2752,-523392,-27392,1472,,,,,,
182078645093000,63172832916789,209,-4736,288,-2368,-526336,-29184,3712,,,,,,
182078646096700,63172833916873,210,-4192,384,-2528,-524608,-28160,2112,,,,,,
182078647096700,63172834916748,211,-4640,608,-2336,-525568,-28032,3840,,,,,,
182078648099500,63172835916956,212,-4352,384,-2240,-524672,-29696,2048,,,,,,
182078649096700,63172836916789,213,-4864,416,-2624,-524096,-29888,1344,,,,,,
182078650101500,63172837921539,214,-4544,576,-3200,-523648,-29312,512,,,,,,
182078651103500,63172838918331,215,-4576,1024,-2304,-525888,-28608,1216,,,,,,
182078652218000,63172839916664,216,-4928,544,-2368,-524608,-28288,2944,,,,,,
182078653084800,63172840916998,217,-5120,1248,-2816,-524288,-27904,4672,,,,,,
182078654086500,63172841916789,218,-4448,1120,-1920,-524160,-28096,1088,,,,,,
182078655087200,63172842917581,219,-5440,1408,-1888,-524992,-28288,1664,,,,,,
182078656097100,63172843916831,220,-4864,1504,-2944,-524608,-28544,3520,,,,,,
182078657091400,63172844916664,221,-4512,1696,-2784,-525760,-26816,4224,,,,,,
182078658095600,63172845916873,222,-5088,1632,-2848,-525440,-29632,2752,,,,,,
182078659086800,63172846916748,223,-4160,1984,-1792,-525376,-28096,2944,,,,,,
182078660080600,63172847917039,224,-4736,1440,-2464,-523200,-28480,2112,,,,,,
182078661096500,63172848917498,225,-5184,1792,-2432,-525568,-28544,-960,,,,,,
182078662086900,63172849916831,226,-4512,2176,-2720,-523904,-29440,960,,,,,,
182078663090400,63172850917039,227,-4352,2336,-2336,-524096,-28160,3328,,,,,,
182078664085400,63172851916789,228,-4800,2016,-2656,-524864,-29184,-192,,,,,,
182078665100400,63172852916956,229,-5376,2656,-2752,-525120,-28288,3840,,,,,,
182078666104400,63172853916831,230,-4896,2272,-2400,-524416,-28416,2432,,,,,,
182078667082700,63172854916623,231,-4768,2368,-2560,-524352,-26496,2816,,,,,,
182078668085200,63172855916998,232,-4768,2464,-2816,-523968,-29760,3200,,,,,,
182078669081400,63172856916706,233,-4992,2432,-2464,-524480,-28160,960,,,,,,
182078670084100,63172857916998,234,-4736,2496,-2432,-524928,-28736,4608,,,,,,
182078671085500,63172858916873,235,-4160,2720,-2368,-523136,-27072,2240,,,,,,
182078672085100,63172859916789,236,-4256,2752,-2560,-524480,-27328,3456,,,,,,
182078673081900,63172860917998,237,-4640,3232,-2240,-525888,-28544,1536,,,,,,
182078674101200,63172861916789,238,-4896,2720,-2112,-525056,-27712,2944,,,,,,
182078675088800,63172862917039,239,-4384,2752,-2240,-524416,-29184,2880,,,,,,
182078676105600,63172863916914,240,-4512,3168,-2720,-526144,-26944,2432,,,,,,
182078677090900,63172864916748,241,-4640,2848,-1824,-524672,-28224,-192,,,,,,
182078678092200,63172865916956,242,-5216,3136,-2624,-524480,-28928,-64,,,,,,
182078679091200,63172866916831,243,-4896,3360,-2432,-524800,-27840,-320,,,,,,
182078680090600,63172867916956,244,-4672,3232,-2624,-523072,-29696,-576,,,,,,
182078681091200,63172868916873,245,-4960,3360,-2496,-524544,-27328,512,,,,,,
182078682084200,63172869916623,246,-4864,3264,-2816,-524096,-26880,1664,,,,,,
182078683099900,63172870916956,247,-5088,2944,-3072,-525440,-27328,896,,,,,,
182078684090400,63172871916873,248,-4800,3040,-2624,-523968,-28800,1344,,,,,,
182078685084200,63172872917081,249,-4256,3456,-2176,-524288,-28416,1408,,,,,,
182078686083500,63172873916748,250,-5344,3104,-2816,-522240,-29376,1856,,,,,,
182078687084100,63172874916748,251,-4096,3264,-2880,-525504,-27648,-384,,,,,,
182078688255700,63172875916914,252,-4512,3104,-2848,-523840,-29952,640,,,,,,
182078689224700,63172876916789,253,-4256,3008,-1664,-524096,-27968,-1152,,,,,,
182078690088200,63172877917164,254,-4864,2816,-2752,-522816,-28736,-512,,,,,,
182078691084700,63172878916831,255,-4352,3136,-2432,-523776,-30144,64,,,,,,
182078692144600,63172879919289,0,-4416,3840,-2880,-524480,-28224,192,,,,,,
182078693091400,63172880917123,1,-4448,3360,-2176,-524160,-28480,320,,,,,,
182078694079300,63172881916748,2,-4832,2880,-2912,-523840,-27968,-1088,,,,,,
182078695107100,63172882917081,3,-4960,3104,-2656,-523904,-26496,-832,,,,,,
182078696080600,63172883916789,4,-4992,2880,-1856,-524416,-28864,-1472,,,,,,
182078697081200,63172884916706,5,-4640,2784,-2144,-523392,-29952,1024,,,,,,
182078698082900,63172885916873,6,-4416,2528,-3072,-523648,-28288,2624,,,,,,
182078699092800,63172886916706,7,-5312,3040,-2688,-522240,-28416,-960,,,,,,
182078700092600,63172887916998,8,-4608,2432,-2592,-525824,-28224,-576,,,,,,
182078701091700,63172888916873,9,-4928,2528,-3104,-524032,-27328,-320,,,,,,
182078702085300,63172889920206,10,-4352,2592,-2656,-523776,-29056,1792,,,,,,
182078703084600,63172890920748,11,-4384,2176,-2944,-525376,-28096,1472,,,,,,
182078704194100,63172891916706,12,-5120,2400,-3136,-524096,-28800,1024,,,,,,
182078705199600,63172892918539,13,-5024,2176,-2464,-523328,-27520,-256,,,,,,
182078706082600,63172893916789,14,-4288,2176,-2592,-523264,-28352,1408,,,,,,
182078707108000,63172894916748,15,-4864,1696,-2752,-525376,-26240,1856,,,,,,
182078708090500,63172895917248,16,-4576,1632,-2912,-525120,-27328,768,,,,,,
182078709111700,63172896917206,17,-4832,1568,-2720,-523840,-29504,-1152,,,,,,
182078710099100,63172897916998,18,-4352,1952,-2560,-525440,-26816,1216,,,,,,
182078711100700,63172898916831,19,-4928,1824,-1280,-523776,-28928,-2240,,,,,,
182078712093200,63172899916748,20,-5120,1216,-2624,-524928,-29440,384,,,,,,
182078713099100,63172900916873,21,-4960,1472,-2944,-525120,-30464,-2368,,,,,,
182078714095300,63172901917039,22,-4512,1248,-2816,-525440,-29440,-1344,,,,,,
182078715324400,63172902920581,23,-4992,832,-2464,-523648,-28928,-2240,,,,,,
182078716095500,63172903917873,24,-4832,928,-2112,-525120,-28544,-960,,,,,,
182078717096900,63172904916748,25,-5248,1152,-2688,-523456,-28416,-2240,,,,,,
182078718094600,63172905916914,26,-4032,800,-2304,-523520,-27968,1088,,,,,,
182078719097200,63172906916331,27,-4512,1024,-2464,-524096,-29120,-704,,,,,,
182078720097200,63172907917081,28,-4320,800,-2208,-524544,-29632,0,,,,,,
182078721094700,63172908916789,29,-5344,960,-2912,-523200,-28416,-576,,,,,,
182078722095000,63172909916706,30,-4640,640,-2208,-524864,-30336,1280,,,,,,
182078723104500,63172910916831,31,-4864,800,-2176,-525248,-27136,-1728,,,,,,
182078724096800,63172911917873,32,-4736,704,-3136,-525312,-28416,1088,,,,,,
182078725089900,63172912921123,33,-4896,256,-3072,-525120,-28288,-1024,,,,,,
182078726085700,63172913918373,34,-4224,544,-2112,-523968,-28672,896,,,,,,
182078727080500,63172914922664,35,-4928,800,-3040,-524928,-30016,1600,,,,,,
182078728204800,63172915923706,36,-4576,896,-2432,-524928,-29376,1152,,,,,,
182078729329700,63172916929623,37,-4416,896,-2624,-525376,-27840,-576,,,,,,
182078730312300,63172917929081,38,-4896,576,-2400,-527296,-27264,832,,,,,,
182078731217300,63172918928248,39,-4832,800,-2688,-523328,-31616,1088,,,,,,
182078732319100,63172919922039,40,-5024,480,-2656,-521856,-30144,1088,,,,,,
182078733085700,63172920918414,41,-4672,608,-2240,-525440,-27264,-1984,,,,,,
182078734091600,63172921920873,42,-4704,512,-2272,-526208,-28416,512,,,,,,
182078735093400,63172922921248,43,-5152,768,-2880,-526400,-29376,-1280,,,,,,
182078736084300,63172923923206,44,-4640,736,-2368,-524672,-27328,2112,,,,,,
182078737208900,63172924919998,45,-4224,256,-2432,-522880,-29696,-1280,,,,,,
182078738087400,63172925922664,46,-4672,352,-2336,-524224,-28352,-704,,,,,,
182078739095300,63172926917623,47,-4512,288,-2656,-525184,-28288,-448,,,,,,
182078740243200,63172927918789,48,-4672,896,-2272,-524672,-27328,-512,,,,,,
182078741104200,63172928923706,49,-4192,608,-1824,-524736,-28160,1024,,,,,,
182078742211000,63172929923373,50,-4736,256,-2176,-523136,-29120,4928,,,,,,
182078743087500,63172930921706,51,-5216,1216,-3008,-524480,-29632,64,,,,,,
182078744095300,63172931924998,52,-4160,544,-2304,-526336,-29184,-896,,,,,,
182078745093600,63172932924206,53,-4992,512,-2464,-524800,-29056,512,,,,,,
182078746089100,63172933917914,54,-5152,128,-2816,-524160,-28288,1792,,,,,,
182078747085200,63172934923331,55,-5024,1024,-2304,-524416,-27072,-960,,,,,,
182078748079300,63172935920331,56,-4832,1248,-2336,-524864,-30080,2752,,,,,,
182078749200100,63172936924581,57,-4896,448,-2656,-524608,-27008,2432,,,,,,
182078750087600,63172937925164,58,-4608,736,-2144,-525248,-27456,3456,,,,,,
182078751082900,63172938921748,59,-5024,864,-2816,-523584,-28672,1216,,,,,,
182078752207500,63172939919664,60,-5152,736,-2496,-526784,-30080,1280,,,,,,
182078753077800,63172940923498,61,-4960,736,-2368,-524224,-29632,-2816,,,,,,
182078754083400,63172941923498,62,-5312,800,-2912,-525568,-27776,896,,,,,,
182078755082400,63172942920748,63,-4544,896,-2560,-524928,-29632,1408,,,,,,
182078756112000,63172943921706,64,-4288,768,-1952,-522944,-26112,-832,,,,,,
182078757096600,63172944920248,65,-4512,896,-2016,-522496,-30272,-128,,,,,,
182078758095100,63172945921414,66,-4576,1088,-2912,-523712,-29248,1536,,,,,,
182078759093400,63172946921331,67,-4960,608,-1888,-523904,-30272,1280,,,,,,
182078760093300,63172947921706,68,-4832,928,-2080,-524416,-28864,1216,,,,,,
182078761093200,63172948922789,69,-4544,512,-2464,-526144,-29760,384,,,,,,
182078762218400,63172949922914,70,-4032,1312,-2304,-523968,-28416,512,,,,,,
182078763091100,63172950921373,71,-4512,1120,-2368,-525568,-27328,576,,,,,,
182078764094100,63172951924373,72,-4288,704,-1376,-525312,-28864,2944,,,,,,
182078765225800,63172952919456,73,-5568,1024,-2688,-525824,-29632,448,,,,,,
182078766098900,63172953919998,74,-4640,896,-2304,-522944,-28736,1536,,,,,,
182078767096800,63172954925373,75,-4832,928,-1920,-525824,-29376,192,,,,,,
182078768097400,63172955922414,76,-4960,736,-2304,-524672,-28928,2048,,,,,,
182078769096900,63172956921664,77,-4992,1344,-2400,-524032,-30016,1280,,,,,,
182078770105300,63172957920498,78,-4288,1312,-2048,-525120,-27392,1856,,,,,,
182078771095900,63172958917748,79,-4864,1344,-2304,-525760,-27648,2368,,,,,,
182078772220100,63172959919998,80,-5056,1344,-2240,-524544,-28416,1536,,,,,,
182078773098700,63172960923623,81,-5088,736,-1792,-525376,-28672,1984,,,,,,
182078774097300,63172961922456,82,-5056,1376,-2560,-523776,-29312,768,,,,,,
182078775080400,63172962924539,83,-4192,1216,-1792,-524416,-29056,896,,,,,,
182078776095400,63172963924789,84,-4928,1696,-2176,-524544,-28352,-640,,,,,,
182078777096100,63172964918248,85,-4864,1536,-2048,-525504,-27584,-128,,,,,,
182078778103200,63172965919581,86,-5152,1408,-1760,-524800,-28864,192,,,,,,
182078779101400,63172966923289,87,-4672,1568,-1632,-525696,-28288,832,,,,,,
182078780226000,63172967924664,88,-5536,1312,-2464,-525504,-28544,2368,,,,,,
182078781224000,63172968921623,89,-4800,1408,-1408,-523584,-28608,640,,,,,,
182078782220000,63172969924498,90,-4576,1312,-2016,-526464,-26944,3200,,,,,,
182078783115600,63172970919331,91,-4928,1792,-2784,-525248,-28544,1792,,,,,,
182078784101500,63172971917998,92,-4800,1152,-2016,-523456,-28928,256,,,,,,
182078785100200,63172972918206,93,-4896,1504,-1632,-523840,-28288,2880,,,,,,
182078786099600,63172973916831,94,-4960,1696,-1504,-524992,-26752,960,,,,,,
182078787101700,63172974917206,95,-5152,1952,-2208,-524288,-28608,2752,,,,,,
182078788098200,63172975916748,96,-4960,2240,-2592,-525056,-27840,-1280,,,,,,
182078789096800,63172976916706,97,-4832,2048,-1856,-524608,-28672,896,,,,,,
182078790310600,63172977916956,98,-4416,2144,-2016,-525312,-28096,1792,,,,,,
182078791103900,63172978916789,99,-5184,2080,-2240,-524224,-29120,1088,,,,,,
182078792115900,63172979916914,100,-5248,2048,-2016,-524416,-26368,1600,,,,,,
182078793103600,63172980917748,101,-4960,2336,-2272,-523840,-28224,1600,,,,,,
182078794100800,63172981916914,102,-4224,1856,-2304,-524032,-28672,960,,,,,,
182078795097000,63172982916789,103,-4960,1984,-2208,-523072,-29440,2880,,,,,,
182078796100600,63172983916789,104,-5024,2080,-2368,-524736,-27712,2816,,,,,,
182078797100400,63172984916873,105,-4160,2240,-1920,-523392,-26752,-576,,,,,,
182078798102400,63172985917331,106,-5408,3104,-3296,-524096,-26816,896,,,,,,
182078799102900,63172986916748,107,-4608,2176,-2048,-524224,-28096,1792,,,,,,
182078800098200,63172987916748,108,-5248,2848,-2656,-525440,-27264,2240,,,,,,
182078801094500,63172988916873,109,-4128,2272,-2368,-525120,-26496,3648,,,,,,
182078802099500,63172989916914,110,-4896,2912,-2432,-525312,-27072,384,,,,,,
182078803091900,63172990921998,111,-4704,2944,-2688,-526080,-29120,1920,,,,,,
182078804104400,63172991918289,112,-5152,3136,-2656,-524864,-27328,-448,,,,,,
182078805100400,63172992916831,113,-4480,3008,-2432,-525952,-28608,1728,,,,,,
182078806096400,63172993916789,114,-4768,2560,-2912,-524608,-30400,3200,,,,,,
182078807090000,63172994917081,115,-5088,3200,-3488,-526208,-28800,3200,,,,,,
182078808097400,63172995916956,116,-4512,3104,-2400,-522496,-26688,2368,,,,,,
182078809109800,63172996916748,117,-5536,3168,-3264,-523328,-27968,192,,,,,,
182078810094200,63172997916831,118,-4608,2816,-2208,-523904,-28096,2624,,,,,,
182078811103800,63172998916748,119,-4832,3648,-2592,-525696,-29376,3008,,,,,,
182078812097300,63172999916831,120,-5344,3360,-2048,-524864,-28224,2240,,,,,,
182078813097900,63173000917039,121,-4608,2880,-2240,-524608,-27648,-2176,,,,,,
182078814095600,63173001918123,122,-4576,3520,-2336,-522688,-28736,448,,,,,,
182078815314400,63173002916789,123,-5600,3296,-3392,-525696,-27648,-1280,,,,,,
182078816098900,63173003916748,124,-5056,3168,-2560,-524288,-28480,1152,,,,,,
182078817097500,63173004916873,125,-4192,3424,-2368,-523648,-28288,2112,,,,,,
182078818094500,63173005916831,126,-4864,2944,-3392,-524160,-27072,-128,,,,,,
182078819094900,63173006916789,127,-4480,3168,-2432,-526272,-27776,1280,,,,,,
182078820097900,63173007918373,128,-4448,2880,-3040,-523136,-27840,1664,,,,,,
182078821097800,63173008916831,129,-4864,2688,-2560,-525632,-29376,-1280,,,,,,
182078822102000,63173009916831,130,-4096,3520,-2304,-524416,-29504,2176,,,,,,
182078823096300,63173010917206,131,-4672,3136,-2464,-524224,-27456,256,,,,,,
182078824098900,63173011916706,132,-4544,2752,-2336,-526400,-27776,-1408,,,,,,
182078825096000,63173012919914,133,-4640,2592,-2752,-524800,-28928,-640,,,,,,
182078826100300,63173013916706,134,-5248,3136,-2816,-525440,-27648,3008,,,,,,
182078827096900,63173014916831,135,-4544,3008,-2592,-524928,-28800,2048,,,,,,
182078828103200,63173015916914,136,-5120,2976,-3232,-524608,-28416,1984,,,,,,
182078829100900,63173016916623,137,-4224,2624,-2144,-523072,-28416,-1536,,,,,,
182078830095900,63173017916914,138,-5440,2976,-3264,-524096,-27904,128,,,,,,
182078831096300,63173018916831,139,-3936,2496,-1696,-522048,-28096,-2560,,,,,,
182078832091900,63173019916873,140,-5216,2784,-3232,-524736,-29888,-960,,,,,,
182078833098100,63173020918289,141,-4480,2400,-2816,-524736,-28672,960,,,,,,
182078834095100,63173021916664,142,-4832,2752,-2208,-522752,-30656,-2048,,,,,,
182078835093100,63173022916873,143,-4544,1504,-2432,-524480,-30080,192,,,,,,
182078836107300,63173023916873,144,-4448,2496,-2112,-524608,-28544,-3200,,,,,,
182078837094000,63173024916956,145,-5216,2144,-3008,-524608,-29824,768,,,,,,
182078838095400,63173025918331,146,-4064,1888,-2112,-525632,-27904,-3520,,,,,,
182078839099000,63173026916623,147,-5088,2112,-2592,-523520,-30016,-704,,,,,,
182078840246200,63173027920039,148,-4928,1632,-2720,-523200,-29120,-1984,,,,,,
182078841099900,63173028916789,149,-4672,1376,-2752,-525056,-30208,448,,,,,,
182078842103100,63173029916873,150,-5184,1536,-3104,-523456,-28864,-704,,,,,,
182078843105300,63173030916831,151,-4864,1632,-2400,-523584,-27776,-256,,,,,,
182078844095600,63173031916956,152,-5056,1344,-2304,-521536,-28544,192,,,,,,
182078845099500,63173032917623,153,-5024,1376,-2464,-523776,-29952,-896,,,,,,
182078846097700,63173033916664,154,-3968,1216,-1920,-522944,-30976,-512,,,,,,
182078847097200,63173034916748,155,-4128,1184,-1888,-523968,-28864,1152,,,,,,
182078848090200,63173035916664,156,-4128,1024,-2592,-522688,-28672,-1152,,,,,,
182078849096600,63173036916706,157,-4608,704,-1984,-525184,-28672,-1216,,,,,,
182078850099300,63173037916914,158,-5120,736,-2080,-525504,-28608,1536,,,,,,
182078851098500,63173038916748,159,-5120,480,-2624,-523264,-28160,-768,,,,,,
182078852094400,63173039916831,160,-4576,512,-2560,-524864,-30208,-256,,,,,,
182078853082900,63173040916914,161,-4320,544,-2016,-523648,-29760,-704,,,,,,
182078854096300,63173041916748,162,-5056,192,-1696,-523904,-28864,-2048,,,,,,
182078855091800,63173042916873,163,-4544,160,-1664,-523264,-28608,64,,,,,,
182078856096100,63173043916664,164,-4736,256,-1632,-523328,-29568,-1920,,,,,,
182078857094300,63173044916748,165,-4416,-160,-1216,-522624,-29440,320,,,,,,
182078858101700,63173045916873,166,-4608,128,-2112,-525312,-28480,128,,,,,,
182078859096200,63173046916956,167,-4384,-384,-1920,-526272,-29056,-320,,,,,,
182078860098700,63173047916789,168,-4960,-320,-1760,-524800,-28352,-384,,,,,,
182078861098200,63173048918123,169,-5152,96,-2144,-525568,-30016,-2624,,,,,,
182078862101900,63173049916789,170,-5344,-96,-2176,-525312,-29824,256,,,,,,
182078863093000,63173050917248,171,-4992,-320,-1600,-524608,-29504,-448,,,,,,
182078864090100,63173051916623,172,-4960,96,-1984,-524928,-28096,704,,,,,,
182078865259000,63173052916748,173,-4864,-512,-1664,-524736,-30336,1472,,,,,,
182078866099700,63173053917248,174,-4672,-288,-2080,-525952,-28160,512,,,,,,
182078867102200,63173054919456,175,-4896,-352,-1792,-524352,-28032,-192,,,,,,
182078868095900,63173055916789,176,-4608,-672,-1184,-524032,-27712,384,,,,,,
182078869098200,63173056916956,177,-5568,-352,-2112,-522304,-28800,-576,,,,,,
182078870094300,63173057916873,178,-4192,-544,-1728,-524736,-28992,2048,,,,,,
182078871095900,63173058916623,179,-4352,-480,-1664,-524608,-27712,-640,,,,,,
182078872097600,63173059916581,180,-5056,-608,-1952,-524096,-26048,1728,,,,,,
182078873096600,63173060917664,181,-4640,-640,-1888,-524800,-28736,-1472,,,,,,
182078874103200,63173061916873,182,-4192,-672,-1600,-523776,-25792,384,,,,,,
182078875103500,63173062916914,183,-4640,-544,-2144,-526464,-26112,3264,,,,,,
182078876096200,63173063916623,184,-5312,-448,-2240,-525632,-27776,-576,,,,,,
182078877097400,63173064916956,185,-5248,-672,-2336,-524544,-27968,448,,,,,,
182078878086300,63173065916831,186,-4288,-864,-2176,-524352,-30080,-832,,,,,,
182078879094300,63173066916831,187,-4544,-800,-2016,-524416,-28672,896,,,,,,
182078880094000,63173067916914,188,-5024,-928,-1888,-524736,-29696,320,,,,,,
182078881092600,63173068916664,189,-4576,-800,-2144,-526016,-27904,2048,,,,,,
182078882159000,63173069916914,190,-4640,-640,-2272,-524544,-26880,1984,,,,,,
182078883360900,63173070916664,191,-4960,-1024,-2048,-525248,-27648,-1408,,,,,,
182078884094700,63173071917164,192,-4800,-1376,-2112,-523584,-29120,-512,,,,,,
182078885084400,63173072916873,193,-4672,-608,-2144,-525184,-28032,640,,,,,,
182078886096600,63173073916789,194,-5056,-1056,-2048,-525312,-28800,576,,,,,,
182078887084400,63173074917998,195,-4928,-736,-2240,-523264,-27968,1920,,,,,,
182078888084600,63173075916748,196,-4960,-1152,-2048,-524544,-28416,512,,,,,,
182078889083800,63173076916789,197,-5216,-1184,-2112,-523840,-28032,1600,,,,,,
182078890082300,63173077916873,198,-4640,-1184,-2432,-526144,-29376,-832,,,,,,
182078891106200,63173078916623,199,-4736,-704,-2208,-523584,-28800,1536,,,,,,
182078892090400,63173079916873,200,-4896,-480,-2560,-524928,-27648,1280,,,,,,
182078893092400,63173080916914,201,-4768,-960,-2112,-525440,-28864,-128,,,,,,
182078894109600,63173081916873,202,-5024,-960,-1984,-524480,-28992,128,,,,,,
182078895093700,63173082916914,203,-4896,-1248,-2496,-524096,-28608,768,,,,,,
182078896096200,63173083916664,204,-5120,-512,-3040,-525888,-29248,448,,,,,,
182078897087100,63173084916914,205,-4800,-576,-3040,-524288,-27968,1536,,,,,,
182078898103800,63173085916748,206,-4800,-544,-2944,-525504,-27968,256,,,,,,
182078899088800,63173086918414,207,-4352,-800,-1600,-525312,-29824,832,,,,,,
182078900096600,63173087916873,208,-4928,-800,-2176,-525440,-29248,2240,,,,,,
182078901097800,63173088916706,209,-4480,-768,-2752,-524736,-27264,512,,,,,,
182078902089300,63173089917081,210,-4224,-352,-2144,-526336,-29312,2752,,,,,,
182078903090500,63173090918206,211,-4832,-800,-2080,-524608,-27136,3200,,,,,,
182078904090400,63173091917081,212,-5248,-768,-2208,-525376,-28544,192,,,,,,
182078905090800,63173092916914,213,-4896,-608,-1952,-523200,-28416,2944,,,,,,
182078906094300,63173093916706,214,-4384,-704,-1760,-524480,-27200,1920,,,,,,
182078907079400,63173094916956,215,-4896,-224,-2304,-524416,-29632,1344,,,,,,
182078908112800,63173095916956,216,-4928,-64,-1728,-526848,-27584,1728,,,,,,
182078909090300,63173096917039,217,-4864,-224,-1312,-525312,-30464,3968,,,,,,
182078910515200,63173097916873,218,-5632,224,-1600,-525184,-28736,2880,,,,,,
182078911085300,63173098916706,219,-4480,-128,-1888,-522048,-28224,4992,,,,,,
182078912217700,63173099916956,220,-4640,224,-2048,-524992,-27968,576,,,,,,
182078913084300,63173100916831,221,-5248,128,-2272,-526720,-28224,128,,,,,,
182078914098900,63173101918414,222,-4672,-64,-1440,-524032,-29056,832,,,,,,
182078915340600,63173102917623,223,-4672,864,-2720,-525824,-27264,960,,,,,,
182078916091200,63173103916581,224,-4512,288,-2080,-527744,-29312,320,,,,,,
182078917094300,63173104916789,225,-4800,416,-1984,-524416,-26752,2880,,,,,,
182078918092800,63173105916789,226,-4960,864,-2112,-525952,-28224,704,,,,,,
182078919096700,63173106916498,227,-5056,544,-3168,-525056,-27840,3328,,,,,,
182078920096200,63173107916789,228,-4032,640,-1248,-524288,-29632,3392,,,,,,
182078921099600,63173108916706,229,-4320,832,-1952,-524352,-27840,1280,,,,,,
182078922097000,63173109916831,230,-4960,1728,-2176,-524736,-27136,576,,,,,,
182078923099300,63173110916831,231,-4320,1792,-2528,-524160,-26240,2752,,,,,,
182078924096700,63173111916914,232,-4800,1344,-2112,-525824,-28352,1920,,,,,,
182078925094400,63173112916914,233,-4928,1632,-2304,-525312,-28736,-256,,,,,,
182078926096400,63173113916664,234,-4672,1984,-1920,-525696,-29248,960,,,,,,
182078927094400,63173114916998,235,-4864,2016,-2144,-526016,-27840,320,,,,,,
182078928095300,63173115919706,236,-4640,2208,-2112,-525056,-26240,2176,,,,,,
182078929106500,63173116917748,237,-4704,2400,-3136,-524928,-26880,-1728,,,,,,
182078930101200,63173117916748,238,-4416,2080,-2048,-526272,-29184,2560,,,,,,
182078931092300,63173118916623,239,-4928,2272,-3040,-526784,-29120,1088,,,,,,
182078932096100,63173119917789,240,-4480,2720,-3008,-523136,-27584,1216,,,,,,
182078933106200,63173120917664,241,-4256,2080,-2592,-524160,-29120,-2112,,,,,,
182078934094500,63173121916914,242,-4896,2272,-3072,-525888,-29952,-1536,,,,,,
182078935091400,63173122916706,243,-4736,2784,-2304,-525056,-28480,576,,,,,,
182078936094800,63173123916498,244,-4000,2656,-2176,-525056,-27840,1728,,,,,,
182078937102600,63173124916873,245,-4416,3104,-2784,-525248,-27840,768,,,,,,
182078938099400,63173125916664,246,-4640,3072,-2944,-525248,-27584,2624,,,,,,
182078939103800,63173126916956,247,-4672,3072,-2464,-524800,-27648,576,,,,,,
182078940260000,63173127916789,248,-4192,3136,-2624,-525312,-28672,1024,,,,,,
182078941090700,63173128916414,249,-4416,2496,-2720,-524416,-27392,768,,,,,,
182078942095300,63173129916998,250,-4576,3168,-3040,-525824,-28416,1088,,,,,,
182078943091800,63173130916789,251,-4384,2496,-2944,-523968,-27392,448,,,,,,
182078944094300,63173131916873,252,-4352,3136,-2784,-524800,-28224,64,,,,,,
182078945098200,63173132916706,253,-4928,2944,-3104,-526144,-27008,192,,,,,,
182078946090600,63173133916789,254,-4928,2720,-3072,-523456,-29184,0,,,,,,
182078947091700,63173134916831,255,-4416,2752,-3072,-522496,-28608,-1280,,,,,,
182078948107400,63173135916789,0,-4896,2528,-3104,-524928,-28416,1280,,,,,,
182078949082200,63173136917039,1,-4736,2752,-3072,-524800,-28288,1472,,,,,,
182078950097500,63173137917623,2,-5088,2688,-2656,-525568,-28608,-192,,,,,,
182078951091700,63173138917039,3,-4704,3072,-2688,-524736,-28032,832,,,,,,
182078952085900,63173139916914,4,-4832,2656,-3008,-523520,-28736,1984,,,,,,
182078953082600,63173140916623,5,-4032,2240,-3008,-527424,-29952,-1600,,,,,,
182078954082300,63173141916914,6,-4576,2272,-3040,-524864,-29248,-448,,,,,,
182078955098900,63173142916748,7,-5120,2016,-2464,-524416,-28864,-1664,,,,,,
182078956098300,63173143917081,8,-4672,2112,-2784,-525696,-28928,-448,,,,,,
182078957094000,63173144916831,9,-4512,1952,-3008,-521536,-28864,-1472,,,,,,
182078958092200,63173145916623,10,-4928,1888,-2656,-524608,-27648,960,,,,,,
182078959084400,63173146916873,11,-4544,1856,-2752,-524096,-28992,-1216,,,,,,
182078960097500,63173147916748,12,-4800,2016,-2848,-525632,-28800,-2176,,,,,,
182078961093800,63173148916873,13,-5536,1920,-3264,-524032,-26944,640,,,,,,
182078962089100,63173149916831,14,-4992,1824,-2368,-524352,-29056,0,,,,,,
182078963091800,63173150916706,15,-5184,1728,-3200,-523712,-28160,-3200,,,,,,
182078964093900,63173151917539,16,-4352,1344,-2560,-524736,-26432,-1344,,,,,,
182078965245400,63173152916831,17,-4640,1632,-2656,-524096,-28416,1536,,,,,,
182078966088400,63173153916998,18,-4832,1248,-3168,-523136,-28736,-2176,,,,,,
182078967089300,63173154916914,19,-5280,1408,-2400,-523264,-27776,-256,,,,,,
182078968088300,63173155917748,20,-4960,928,-2464,-523136,-30464,448,,,,,,
182078969083500,63173156916998,21,-4864,1536,-2368,-524928,-30784,448,,,,,,
182078970080500,63173157916831,22,-4960,992,-2560,-524736,-28608,-1472,,,,,,
182078971087000,63173158916873,23,-4832,1120,-2752,-523136,-28480,448,,,,,,
182078972083400,63173159916748,24,-5312,608,-2624,-524288,-28032,1728,,,,,,
182078973092700,63173160918664,25,-4320,1120,-1792,-523648,-27904,-448,,,,,,
182078974087400,63173161917331,26,-4896,512,-2112,-525120,-28928,3648,,,,,,
182078975080100,63173162916748,27,-4544,480,-2848,-525056,-28224,1600,,,,,,
182078976078700,63173163916998,28,-4992,384,-2336,-523904,-29376,-1152,,,,,,
182078977085900,63173164916706,29,-5088,384,-2752,-526080,-28608,1664,,,,,,
182078978094200,63173165916748,30,-4128,480,-2624,-524736,-28224,1600,,,,,,
182078979096100,63173166916873,31,-4736,864,-1920,-524992,-28288,-64,,,,,,
182078980093400,63173167916623,32,-4960,736,-2880,-523136,-28928,-384,,,,,,
182078981092300,63173168916998,33,-4896,-64,-2912,-523904,-28224,1088,,,,,,
182078982089500,63173169916831,34,-4672,704,-2560,-525248,-27968,2688,,,,,,
182078983086800,63173170918039,35,-4672,416,-2656,-525312,-27136,704,,,,,,
182078984085600,63173171917039,36,-5120,736,-2688,-524928,-28032,3136,,,,,,
182078985090900,63173172917373,37,-4736,544,-2624,-524736,-29120,1088,,,,,,
182078986082800,63173173916956,38,-4704,1376,-2176,-522880,-26432,-896,,,,,,
182078987077800,63173174916748,39,-4384,768,-2272,-523392,-28736,512,,,,,,
182078988090100,63173175916873,40,-4928,768,-2688,-524864,-28928,1984,,,,,,
182078989090500,63173176916873,41,-4640,448,-2560,-523520,-28672,896,,,,,,
182078990085100,63173177916748,42,-4320,256,-2336,-524992,-26688,1600,,,,,,
182078991094100,63173178916914,43,-4928,672,-2912,-524480,-29184,4160,,,,,,
182078992080200,63173179916748,44,-5056,896,-2784,-522496,-27840,1728,,,,,,
182078993077900,63173180916748,45,-4480,576,-2176,-524032,-27776,0,,,,,,
182078994083900,63173181916831,46,-4704,640,-2592,-522624,-28672,1920,,,,,,
182078995121600,63173182916748,47,-4992,1216,-2592,-526080,-28416,1472,,,,,,
182078996092400,63173183916914,48,-4832,736,-2272,-524736,-27776,1536,,,,,,
182078997096100,63173184916789,49,-4576,864,-2496,-522944,-28096,4352,,,,,,
182078998091200,63173185918081,50,-4928,1280,-2656,-523456,-29504,2944,,,,,,
182078999092900,63173186916873,51,-4704,1056,-2336,-521728,-28480,3328,,,,,,
182079000087100,63173187916581,52,-4512,1376,-2560,-525056,-28736,2944,,,,,,
182079001085600,63173188917081,53,-5280,896,-2496,-524288,-29504,1856,,,,,,
182079002086800,63173189916873,54,-5056,1280,-2464,-523968,-27072,2112,,,,,,
182079003088500,63173190916748,55,-4320,1472,-2560,-524608,-30016,-1216,,,,,,
182079004089600,63173191916914,56,-4704,1696,-2720,-523776,-26752,2944,,,,,,
182079005086700,63173192916706,57,-4416,1504,-2272,-524288,-28736,-512,,,,,,
182079006083700,63173193916956,58,-4128,1536,-2464,-524096,-29120,1408,,,,,,
182079007086500,63173194916748,59,-3968,1824,-2208,-524096,-27648,1472,,,,,,
182079008088400,63173195916789,60,-4736,1536,-2272,-524992,-28672,1984,,,,,,
182079009089100,63173196917956,61,-4544,1664,-2240,-524352,-28160,2368,,,,,,
182079010087100,63173197916706,62,-4928,2304,-2208,-524672,-29120,-64,,,,,,
182079011089100,63173198916956,63,-4576,1792,-2496,-523712,-27200,704,,,,,,
182079012110000,63173199916789,64,-4128,1824,-2624,-524992,-29248,4672,,,,,,
182079013087100,63173200916748,65,-4864,2208,-2592,-523840,-28416,2048,,,,,,
182079014083400,63173201917414,66,-4320,1760,-1696,-525824,-28608,-1344,,,,,,
182079015081800,63173202916373,67,-5376,2272,-2240,-524608,-28032,2688,,,,,,
182079016097700,63173203916873,68,-4800,2560,-1536,-523712,-29248,1280,,,,,,
182079017107600,63173204918206,69,-4800,2304,-2368,-523648,-29696,704,,,,,,
182079018105900,63173205916623,70,-4800,2208,-1760,-525376,-27840,3072,,,,,,
182079019082200,63173206916789,71,-4416,1984,-2336,-524160,-29248,1280,,,,,,
182079020084000,63173207916748,72,-4576,2016,-2368,-524608,-29824,1984,,,,,,
182079021094200,63173208916956,73,-5216,2432,-2240,-522432,-29760,2304,,,,,,
182079022090200,63173209916831,74,-4896,2016,-1568,-524608,-29440,2560,,,,,,
182079023093400,63173210916873,75,-4960,2176,-2144,-525120,-28160,-256,,,,,,
182079024092200,63173211916748,76,-4704,2432,-2720,-523968,-27712,-1600,,,,,,
182079025138500,63173212916331,77,-4640,2080,-1344,-523520,-28864,-768,,,,,,
182079026081000,63173213917039,78,-4672,2304,-1984,-525120,-26560,448,,,,,,
182079027074300,63173214917539,79,-5056,2880,-2272,-524096,-27392,-448,,,,,,
182079028080300,63173215916664,80,-5024,2368,-2272,-525120,-27136,448,,,,,,
182079029079400,63173216916831,81,-4768,2560,-1824,-524352,-29504,1152,,,,,,
182079030082000,63173217916331,82,-4640,2240,-1760,-523840,-30016,-512,,,,,,
182079031080100,63173218916998,83,-4224,2464,-2048,-524800,-27392,1920,,,,,,
182079032087400,63173219918789,84,-5248,2240,-2368,-525120,-27968,1216,,,,,,
182079033087100,63173220920789,85,-4928,2336,-2144,-523328,-27712,448,,,,,,
182079034090900,63173221917748,86,-4384,2304,-2240,-525312,-28224,1088,,,,,,
182079035086900,63173222916456,87,-5376,2400,-1600,-523456,-28544,2368,,,,,,
182079036080000,63173223917039,88,-4576,2528,-1920,-523904,-27968,2752,,,,,,
182079037080500,63173224916873,89,-4736,2560,-2080,-523776,-27712,1664,,,,,,
182079038078700,63173225917164,90,-5120,2304,-2624,-526784,-28800,-512,,,,,,
182079039085800,63173226916748,91,-4864,2720,-1632,-526272,-29504,384,,,,,,
182079040091700,63173227917914,92,-4992,2368,-1952,-525824,-28480,1728,,,,,,
182079041080600,63173228916914,93,-5216,2336,-2240,-526144,-28416,2688,,,,,,
182079042093700,63173229916664,94,-4896,2496,-2336,-523712,-27200,1216,,,,,,
182079043088500,63173230916789,95,-4800,2592,-2688,-523840,-29632,768,,,,,,
182079044087300,63173231917748,96,-5280,2432,-2144,-525632,-27840,-128,,,,,,
182079045084900,63173232916789,97,-4896,1920,-2784,-525120,-27712,-1472,,,,,,
182079046092800,63173233916873,98,-5024,2464,-2208,-522880,-28608,-64,,,,,,
182079047099600,63173234916664,99,-5088,2560,-2464,-524288,-28928,-64,,,,,,
182079048083900,63173235916581,100,-4672,2176,-2112,-524736,-27584,-256,,,,,,
182079049095000,63173236916664,101,-5152,2112,-2656,-524800,-28352,2240,,,,,,
182079050102600,63173237918123,102,-4896,2784,-2272,-524352,-27712,896,,,,,,
182079051092800,63173238916873,103,-4768,2144,-2464,-526592,-28480,-1600,,,,,,
182079052094000,63173239916664,104,-5152,2688,-2368,-526144,-29568,-1216,,,,,,
182079053091400,63173240916706,105,-4736,2368,-2272,-522432,-28992,-768,,,,,,
182079054092800,63173241916873,106,-4384,2208,-2112,-523776,-28160,-1280,,,,,,
182079055092300,63173242916706,107,-4544,2336,-2688,-525440,-28288,-320,,,,,,
182079056085700,63173243918789,108,-4416,2528,-2272,-523072,-29632,896,,,,,,
182079057093700,63173244916706,109,-4416,2400,-2368,-525056,-29760,-384,,,,,,
182079058098000,63173245916664,110,-5312,1984,-2752,-524096,-28352,896,,,,,,
182079059095500,63173246916748,111,-5152,2656,-2656,-527552,-29760,256,,,,,,
182079060096200,63173247916789,112,-5056,2496,-1920,-524672,-27584,-1280,,,,,,
182079061096700,63173248918289,113,-4352,1792,-2208,-525120,-29440,1024,,,,,,
182079062091800,63173249916748,114,-5248,1920,-2592,-524800,-27648,-576,,,,,,
182079063096900,63173250918414,115,-4576,1792,-2144,-525824,-26688,-512,,,,,,
182079064096100,63173251916789,116,-5312,2272,-2880,-525056,-26560,-128,,,,,,
182079065232700,63173252918956,117,-4832,1792,-2560,-525440,-28864,1408,,,,,,
182079066097200,63173253916873,118,-4928,1312,-2336,-525696,-29056,-384,,,,,,
182079067096800,63173254916706,119,-4640,1856,-2816,-523712,-27776,512,,,,,,
182079068093800,63173255919748,120,-5248,2112,-2784,-524864,-28160,1088,,,,,,
182079069096200,63173256916664,121,-4608,1376,-2592,-523840,-27712,-384,,,,,,
182079070093900,63173257917873,122,-4384,1408,-2112,-524736,-28608,0,,,,,,
182079071096400,63173258916873,123,-4000,1248,-2400,-525440,-27712,1920,,,,,,
182079072090800,63173259917206,124,-4864,1472,-2976,-523008,-28224,832,,,,,,
182079073089700,63173260916789,125,-4448,1568,-2400,-523584,-27648,-384,,,,,,
182079074089500,63173261916706,126,-5568,1344,-2560,-525824,-27776,384,,,,,,
182079075091200,63173262916706,127,-4576,960,-2400,-524224,-28800,-704,,,,,,
182079076087500,63173263916831,128,-4288,896,-2400,-524992,-29376,-64,,,,,,
182079077086700,63173264916748,129,-4416,800,-3008,-524928,-27072,0,,,,,,
182079078097200,63173265916998,130,-4128,1184,-2848,-524096,-27840,768,,,,,,
182079079093400,63173266916706,131,-4384,1184,-3136,-525184,-27008,1536,,,,,,
182079080095600,63173267916706,132,-4256,576,-2816,-522752,-29376,2240,,,,,,
182079081097400,63173268916956,133,-5152,704,-2528,-525632,-28224,-1024,,,,,,
182079082146500,63173269916748,134,-4640,320,-2304,-522048,-29120,-832,,,,,,
182079083109000,63173270916873,135,-4448,608,-3296,-524608,-27392,192,,,,,,
182079084098300,63173271916664,136,-4736,704,-2368,-523840,-27136,-64,,,,,,
182079085095800,63173272916914,137,-4768,96,-2336,-524032,-30336,128,,,,,,
182079086095100,63173273916706,138,-4768,224,-2656,-525376,-28928,1664,,,,,,
182079087097300,63173274916789,139,-4768,320,-3104,-525888,-27008,-768,,,,,,
182079088094900,63173275916914,140,-4192,32,-2944,-524992,-27840,-3264,,,,,,
182079089093100,63173276916706,141,-4768,-128,-3040,-525632,-28288,-1152,,,,,,
182079090230700,63173277916789,142,-5088,-448,-2752,-524928,-28800,-640,,,,,,
182079091106400,63173278917664,143,-4384,32,-2464,-525824,-28672,-1536,,,,,,
182079092098300,63173279919623,144,-4928,-128,-2944,-524800,-29952,-1280,,,,,,
182079093095100,63173280916914,145,-4960,-832,-2272,-523584,-29056,-960,,,,,,
182079094094100,63173281918164,146,-4416,-576,-2976,-525312,-29760,192,,,,,,
182079095094900,63173282916748,147,-4192,-736,-2944,-528256,-28096,-1984,,,,,,
182079096098500,63173283916706,148,-4384,-1088,-2784,-524224,-28800,1664,,,,,,
182079097099400,63173284916748,149,-4448,-1152,-2176,-523584,-30016,960,,,,,,
182079098095800,63173285916831,150,-5024,-544,-3040,-523584,-28928,64,,,,,,
182079099087100,63173286917873,151,-4000,-640,-3040,-523456,-27328,640,,,,,,
182079100097200,63173287916831,152,-4608,-672,-2368,-523904,-28800,-128,,,,,,
182079101105200,63173288916831,153,-5024,-928,-2752,-525952,-28416,-384,,,,,,
182079102138600,63173289916706,154,-4576,-1184,-2400,-522944,-28224,-704,,,,,,
182079103115000,63173290916873,155,-4736,-992,-2272,-524608,-29568,832,,,,,,
182079104094200,63173291916789,156,-4800,-1344,-1696,-526528,-28736,896,,,,,,
182079105092000,63173292916581,157,-5344,-960,-2624,-524160,-28864,1920,,,,,,
182079106095700,63173293916748,158,-4800,-1408,-2080,-525376,-30528,2368,,,,,,
182079107144100,63173294916789,159,-4736,-992,-2912,-525952,-28480,1728,,,,,,
182079108104000,63173295916789,160,-4768,-1184,-1952,-523712,-29056,-192,,,,,,
182079109097500,63173296916956,161,-5216,-1248,-1792,-525376,-28608,-1088,,,,,,
182079110093100,63173297916623,162,-4768,-1376,-2464,-523904,-29632,-448,,,,,,
182079111095000,63173298916748,163,-4800,-1408,-2624,-524096,-28736,960,,,,,,
182079112096700,63173299916748,164,-4928,-1056,-2112,-525248,-28800,2496,,,,,,
182079113100900,63173300916873,165,-5024,-1664,-1920,-522944,-28480,320,,,,,,
182079114101400,63173301916873,166,-4704,-1504,-2080,-525184,-30016,-384,,,,,,
182079115212200,63173302916706,167,-4736,-1376,-2496,-525376,-29248,768,,,,,,
182079116398300,63173303916706,168,-4864,-1344,-2272,-524736,-28480,832,,,,,,
182079117109400,63173304916831,169,-4320,-1408,-1600,-526208,-27136,1472,,,,,,
182079118099900,63173305916914,170,-4832,-1056,-2144,-525248,-27264,832,,,,,,
182079119097900,63173306916789,171,-4864,-992,-2144,-525696,-28032,1984,,,,,,
182079120094500,63173307916748,172,-4064,-1600,-2272,-524928,-27776,960,,,,,,
182079121097800,63173308918706,173,-4896,-1344,-1920,-526016,-27456,1088,,,,,,
182079122097100,63173309916706,174,-4800,-1376,-1632,-522688,-30400,192,,,,,,
182079123094300,63173310916914,175,-5088,-1056,-2080,-525440,-29952,1024,,,,,,
182079124222500,63173311916498,176,-5216,-672,-2080,-525760,-28352,1984,,,,,,
182079125109700,63173312916498,177,-4736,-992,-2368,-524608,-27392,1664,,,,,,
182079126104900,63173313916789,178,-5056,-640,-1728,-524032,-26560,1536,,,,,,
182079127099500,63173314918289,179,-4480,-1280,-1952,-523008,-28864,-1728,,,,,,
182079128100800,63173315918289,180,-4704,-992,-2528,-524416,-28736,1024,,,,,,
182079129109100,63173316916748,181,-4224,-1280,-1728,-525696,-26240,2432,,,,,,
182079130101400,63173317916748,182,-4704,-928,-1952,-523968,-27904,960,,,,,,
182079131098600,63173318916748,183,-4352,-640,-1984,-524736,-28480,2432,,,,,,
182079132091400,63173319916831,184,-5024,-448,-2560,-523136,-27264,4096,,,,,,
182079133101700,63173320916956,185,-4800,-416,-1728,-523200,-27648,640,,,,,,
182079134098500,63173321916748,186,-4064,-480,-1536,-523904,-27904,4864,,,,,,
182079135098100,63173322916581,187,-4736,-480,-2720,-525632,-27904,3072,,,,,,
182079136100100,63173323916289,188,-4544,-480,-2048,-525888,-28480,-128,,,,,,
182079137095100,63173324916831,189,-4832,-512,-1792,-524288,-27904,1600,,,,,,
182079138097100,63173325916914,190,-4544,-640,-1952,-524864,-29568,-1088,,,,,,
182079139096400,63173326916789,191,-4192,-960,-2112,-524352,-28800,4416,,,,,,
182079140257900,63173327916664,192,-4352,-512,-2656,-523392,-28288,3648,,,,,,
182079141121400,63173328916456,193,-4832,-288,-1984,-526464,-29056,1088,,,,,,
182079142143600,63173329916706,194,-4160,-608,-1920,-523328,-27648,448,,,,,,
182079143106100,63173330916914,195,-4960,-192,-2336,-525056,-27584,768,,,,,,
182079144097600,63173331917081,196,-4096,-448,-1792,-524992,-27392,320,,,,,,
182079145097500,63173332917706,197,-5184,160,-2240,-524480,-28416,1024,,,,,,
182079146096100,63173333917039,198,-4288,192,-2432,-524864,-26432,896,,,,,,
182079147100200,63173334916789,199,-5088,416,-2208,-525568,-27136,1536,,,,,,
182079148101300,63173335916831,200,-5056,-288,-1920,-524800,-27392,-64,,,,,,
182079149099200,63173336916748,201,-4896,-64,-1920,-524672,-29184,2240,,,,,,
182079150098400,63173337917998,202,-4864,64,-1504,-523712,-29312,3648,,,,,,
182079151097300,63173338919248,203,-5152,384,-1728,-523328,-26816,2368,,,,,,
182079152099300,63173339916748,204,-4864,320,-1440,-524800,-28800,3200,,,,,,
182079153093500,63173340916831,205,-4992,192,-1632,-522752,-29056,2816,,,,,,
182079154093900,63173341916748,206,-5600,704,-2080,-524032,-27968,1664,,,,,,
182079155148400,63173342916539,207,-4832,928,-2016,-526656,-28544,1600,,,,,,
182079156103500,63173343917789,208,-4480,736,-1792,-526784,-27200,1408,,,,,,
182079157096100,63173344916748,209,-4864,800,-2464,-525056,-28096,2432,,,,,,
182079158109400,63173345916789,210,-4864,832,-2144,-525696,-29632,5312,,,,,,
182079159098700,63173346916789,211,-4256,1024,-1824,-523840,-25856,832,,,,,,
182079160098200,63173347916873,212,-4384,384,-1888,-523520,-28480,3648,,,,,,
182079161100200,63173348916539,213,-4256,1472,-2336,-523968,-27008,1984,,,,,,
182079162101500,63173349917831,214,-4032,672,-1472,-525824,-28672,3072,,,,,,
182079163100500,63173350919914,215,-5152,1440,-2400,-525440,-27392,-960,,,,,,
182079164099400,63173351916748,216,-4704,1248,-2016,-522944,-27072,2752,,,,,,
182079165216700,63173352916664,217,-4800,1408,-2432,-524800,-28608,1536,,,,,,
182079166097900,63173353916873,218,-4896,1696,-2208,-522752,-26560,3072,,,,,,
182079167095800,63173354916623,219,-4864,1760,-2240,-523456,-28544,2880,,,,,,
182079168095200,63173355917123,220,-4832,1888,-2496,-523648,-28864,1920,,,,,,
182079169095300,63173356919664,221,-4640,2016,-2432,-524224,-28736,2688,,,,,,
182079170094800,63173357916623,222,-4864,2176,-2880,-526080,-29376,2752,,,,,,
182079171097400,63173358917498,223,-5376,1824,-3008,-526080,-26048,448,,,,,,
182079172094300,63173359916748,224,-4576,2528,-2592,-524480,-26944,1408,,,,,,
182079173095100,63173360916831,225,-4192,2496,-2336,-523392,-26624,4032,,,,,,
182079174094000,63173361917248,226,-4768,2368,-2592,-524992,-26560,2112,,,,,,
182079175099900,63173362916914,227,-4768,2464,-2368,-523776,-28928,2304,,,,,,
182079176093300,63173363916748,228,-4704,2624,-2592,-523136,-28544,2112,,,,,,
182079177097700,63173364916956,229,-5184,3072,-3328,-524928,-28736,1280,,,,,,
182079178096300,63173365916664,230,-3904,3104,-2496,-524544,-29120,2752,,,,,,
182079179098200,63173366917581,231,-4704,3104,-2624,-523200,-27328,2496,,,,,,
182079180096500,63173367916873,232,-4896,3424,-2912,-522880,-29056,640,,,,,,
182079181098900,63173368916789,233,-4736,2720,-2816,-524480,-27648,2880,,,,,,
182079182090900,63173369916664,234,-5184,3232,-3008,-524288,-27840,1472,,,,,,
182079183095800,63173370916623,235,-4928,3328,-2496,-522432,-28736,3072,,,,,,
182079184086200,63173371916748,236,-4096,3008,-2880,-525824,-28864,320,,,,,,
182079185108600,63173372916873,237,-4320,3456,-2976,-523840,-28736,1408,,,,,,
182079186100400,63173373916789,238,-4640,3424,-2624,-524352,-29056,-1984,,,,,,
182079187092700,63173374916664,239,-4096,3424,-2688,-524416,-29312,-256,,,,,,
182079188092300,63173375917998,240,-4768,3712,-3296,-524928,-28416,448,,,,,,
182079189094500,63173376916831,241,-4160,3616,-2848,-525056,-28032,2048,,,,,,
182079190253200,63173377916873,242,-4864,3744,-2912,-522560,-28992,1984,,,,,,
182079191105300,63173378916748,243,-5184,4288,-3200,-523840,-27840,256,,,,,,
182079192107800,63173379916664,244,-4672,3584,-2592,-524096,-29120,-192,,,,,,
182079193089200,63173380918206,245,-4768,3968,-3072,-524416,-28224,-448,,,,,,
182079194082700,63173381916706,246,-4384,3904,-2464,-525504,-28224,3136,,,,,,
182079195097100,63173382916831,247,-4928,3872,-3008,-524608,-25856,704,,,,,,
182079196101200,63173383916789,248,-5056,3936,-2784,-527104,-28544,64,,,,,,
182079197097100,63173384916706,249,-4544,3904,-2912,-522816,-28864,-64,,,,,,
182079198098300,63173385917373,250,-4768,3488,-3424,-524736,-27648,1600,,,,,,
182079199097000,63173386916706,251,-4224,3328,-2752,-523264,-29568,1280,,,,,,
182079200106900,63173387916748,252,-4608,3648,-3008,-525952,-29120,-256,,,,,,
182079201100300,63173388916831,253,-4256,3200,-2464,-524096,-28160,-1216,,,,,,
182079202086100,63173389916623,254,-4576,3840,-2528,-524160,-29312,1024,,,,,,
182079203089300,63173390919331,255,-5088,3648,-2912,-524864,-28480,448,,,,,,
182079204225100,63173391918456,0,-4928,3296,-2656,-524416,-28224,-192,,,,,,
182079205098700,63173392916831,1,-4224,2976,-2528,-525568,-29952,1216,,,,,,
182079206097800,63173393918373,2,-4736,3648,-3296,-525376,-30016,2432,,,,,,
182079207132700,63173394916748,3,-4192,3872,-2720,-524800,-29120,192,,,,,,
182079208100600,63173395916873,4,-4480,3296,-3104,-524992,-27904,-256,,,,,,
182079209110700,63173396916831,5,-4640,2944,-3712,-525440,-28800,512,,,,,,
182079210093200,63173397917164,6,-4768,3008,-2912,-525632,-28160,-1728,,,,,,
182079211093500,63173398917123,7,-4928,2816,-3008,-525120,-28928,-768,,,,,,
182079212096700,63173399916623,8,-4288,3104,-2752,-523648,-29248,320,,,,,,
182079213099500,63173400916789,9,-4576,3072,-2656,-524544,-30016,-4160,,,,,,
182079214094400,63173401918206,10,-4896,2816,-2976,-524736,-29632,-1152,,,,,,
182079215132500,63173402919164,11,-5024,2880,-3200,-524352,-28864,-2112,,,,,,
182079216218600,63173403916706,12,-4608,2752,-2848,-525376,-28544,192,,,,,,
182079217107600,63173404916664,13,-4960,2400,-3136,-525056,-29888,-384,,,,,,
182079218096000,63173405916789,14,-4288,2432,-3328,-528000,-28992,-128,,,,,,
182079219096400,63173406916789,15,-4608,2560,-2464,-525568,-27840,832,,,,,,
182079220091100,63173407917081,16,-4544,1920,-2400,-524928,-27968,-960,,,,,,
182079221091400,63173408916914,17,-4768,1888,-2688,-524160,-29760,-768,,,,,,
182079222093100,63173409918164,18,-4096,1280,-2720,-525440,-28032,-2368,,,,,,
182079223093500,63173410916873,19,-3904,1664,-2816,-525376,-28864,64,,,,,,
182079224098500,63173411916706,20,-5056,1568,-2400,-524608,-30336,576,,,,,,
182079225104500,63173412917414,21,-4960,1568,-2912,-525120,-29760,-1216,,,,,,
182079226093600,63173413916789,22,-4224,1472,-2272,-524224,-28992,1728,,,,,,
182079227093700,63173414917581,23,-4608,1216,-2400,-523712,-30336,-1024,,,,,,
182079228097800,63173415916706,24,-4960,1536,-2432,-523840,-28032,-1728,,,,,,
182079229160100,63173416916748,25,-4768,864,-2560,-523840,-29824,128,,,,,,
182079230094200,63173417917414,26,-4768,608,-2560,-525184,-29056,-1344,,,,,,
182079231091700,63173418916956,27,-4864,768,-1856,-524992,-28416,-832,,,,,,
182079232093800,63173419916706,28,-4608,640,-2048,-522304,-28736,1280,,,,,,
182079233098400,63173420917831,29,-5024,736,-2240,-523648,-27584,960,,,,,,
182079234100800,63173421916623,30,-4704,512,-2304,-524864,-27776,-448,,,,,,
182079235094200,63173422918081,31,-5056,736,-2080,-524224,-30080,384,,,,,,
182079236101700,63173423916664,32,-4640,448,-2144,-523520,-29120,512,,,,,,
182079237093800,63173424916498,33,-4640,64,-2240,-526400,-27264,3328,,,,,,
182079238091100,63173425916831,34,-5312,256,-2560,-524928,-30144,-704,,,,,,
182079239092800,63173426918164,35,-4672,96,-2144,-523136,-29632,1088,,,,,,
182079240149100,63173427916831,36,-5152,-64,-2816,-524288,-30912,-1600,,,,,,
182079241105000,63173428916664,37,-5216,384,-1888,-525248,-30592,-192,,,,,,
182079242116700,63173429916581,38,-5504,-192,-1600,-523776,-28608,256,,,,,,
182079243094800,63173430916873,39,-5216,-192,-2688,-523776,-28992,512,,,,,,
182079244092800,63173431916706,40,-4288,-480,-1696,-525120,-29952,-384,,,,,,
182079245095900,63173432918498,41,-5312,128,-2784,-525440,-29184,960,,,,,,
182079246096800,63173433916789,42,-4224,-704,-928,-524992,-28608,-320,,,,,,
182079247097000,63173434916623,43,-4832,-288,-1632,-522368,-29696,1344,,,,,,
182079248096000,63173435916789,44,-4448,-480,-2496,-525376,-30400,512,,,,,,
182079249097000,63173436916623,45,-4928,-128,-2240,-525504,-27904,2048,,,,,,
182079250100200,63173437916998,46,-4768,-384,-2592,-524992,-28928,640,,,,,,
182079251087000,63173438916789,47,-5056,-576,-2304,-525888,-28992,1472,,,,,,
182079252093000,63173439917414,48,-4768,-288,-2176,-525504,-28800,3904,,,,,,
182079253094900,63173440916831,49,-4928,-960,-1888,-526784,-28352,1984,,,,,,
182079254085600,63173441916664,50,-4896,-384,-2048,-524352,-29184,448,,,,,,
182079255087200,63173442916831,51,-5408,-288,-2368,-523648,-27840,1152,,,,,,
182079256085100,63173443916956,52,-4768,-288,-1536,-523136,-27072,1536,,,,,,
182079257090400,63173444916664,53,-4832,-512,-2144,-524032,-28544,960,,,,,,
182079258109300,63173445916831,54,-4992,-96,-1856,-524864,-27264,832,,,,,,
182079259096500,63173446916623,55,-4896,-736,-1792,-525120,-27328,192,,,,,,
182079260089900,63173447916914,56,-4544,-832,-1472,-523968,-28736,1728,,,,,,
182079261094300,63173448916706,57,-5056,-448,-2048,-524608,-27136,64,,,,,,
182079262093900,63173449916665,58,-5280,-480,-2432,-523584,-28224,3904,,,,,,
182079263103500,63173450919498,59,-4480,-512,-2272,-526592,-28480,1536,,,,,,
182079264094200,63173451916831,60,-4736,-160,-2080,-524672,-28480,3520,,,,,,
182079265088800,63173452916831,61,-4896,-192,-1952,-524736,-27648,768,,,,,,
182079266097500,63173453916623,62,-5184,-256,-2592,-524992,-28224,4544,,,,,,
182079267089100,63173454916706,63,-4096,-320,-1600,-525568,-29312,1856,,,,,,
182079268084700,63173455916790,64,-5280,128,-1504,-523456,-29632,64,,,,,,
182079269085500,63173456917248,65,-4480,-960,-1472,-526016,-27584,256,,,,,,
182079270168300,63173457918290,66,-4512,224,-2016,-523264,-28352,2688,,,,,,
182079271208300,63173458916956,67,-4960,-384,-1632,-525696,-28672,-128,,,,,,
182079272094300,63173459916540,68,-4960,64,-2336,-524992,-28864,-384,,,,,,
182079273097900,63173460918206,69,-4960,352,-2112,-524352,-29056,576,,,,,,
182079274088800,63173461918248,70,-5056,256,-2048,-525184,-29056,2112,,,,,,
182079275097800,63173462918498,71,-4864,-352,-2208,-524224,-26496,640,,,,,,
182079276138400,63173463916665,72,-4640,416,-2368,-524928,-28480,4288,,,,,,
182079277106400,63173464916581,73,-4480,32,-2720,-523840,-27008,2240,,,,,,
182079278095200,63173465916748,74,-5120,608,-1856,-522432,-29248,3776,,,,,,
182079279093500,63173466916623,75,-4864,512,-1920,-523840,-28992,2624,,,,,,
182079280090000,63173467918290,76,-4736,384,-2304,-524160,-27072,768,,,,,,
182079281379600,63173468916748,77,-4160,192,-2144,-523392,-30080,640,,,,,,
182079282096800,63173469916581,78,-4192,480,-1856,-523072,-28480,-192,,,,,,
182079283093800,63173470916831,79,-5056,352,-1952,-525952,-28672,1536,,,,,,
182079284091200,63173471916748,80,-4992,736,-1824,-524736,-28480,960,,,,,,
182079285093100,63173472917665,81,-4480,1440,-2368,-523200,-27776,-448,,,,,,
182079286092500,63173473916748,82,-4608,544,-2208,-523584,-28608,1024,,,,,,
182079287094800,63173474916873,83,-4384,928,-1728,-524032,-28288,-1152,,,,,,
182079288096400,63173475916748,84,-5024,1024,-2496,-522304,-28864,1408,,,,,,
182079289096500,63173476918165,85,-4832,1056,-2784,-524160,-27648,1984,,,,,,
182079290217000,63173477916748,86,-4832,704,-2016,-524480,-27968,1920,,,,,,
182079291102300,63173478916706,87,-4704,1312,-2432,-523648,-29504,4800,,,,,,
182079292098100,63173479917206,88,-4640,864,-1952,-523712,-27776,2688,,,,,,
182079293094400,63173480918331,89,-4896,1376,-2336,-524416,-28032,2496,,,,,,
182079294093600,63173481916373,90,-4096,1376,-2048,-523008,-28032,3968,,,,,,
182079295093100,63173482916831,91,-4384,1376,-1952,-522240,-27840,-704,,,,,,
182079296093700,63173483916623,92,-4960,1184,-1856,-523904,-29696,2304,,,,,,
182079297094700,63173484917873,93,-4416,1440,-2176,-524160,-28160,2624,,,,,,
182079298096500,63173485916748,94,-4832,1408,-2400,-524544,-28608,512,,,,,,
182079299093900,63173486916623,95,-5024,1056,-2080,-524096,-26048,1088,,,,,,
182079300101400,63173487916748,96,-4448,1152,-2464,-525312,-30144,1280,,,,,,
182079301095700,63173488916623,97,-4192,800,-1280,-523968,-28224,3264,,,,,,
182079302093400,63173489916873,98,-4992,1504,-1920,-525632,-27712,1088,,,,,,
182079303094100,63173490917165,99,-4416,928,-2304,-523264,-26688,1088,,,,,,
182079304096000,63173491918081,100,-4032,1536,-1888,-525952,-28608,2048,,,,,,
182079305096300,63173492916706,101,-4960,1024,-1984,-523456,-28800,-768,,,,,,
182079306096100,63173493916623,102,-4928,1280,-2400,-524864,-28352,1664,,,,,,
182079307090900,63173494916873,103,-4352,928,-2144,-523712,-28672,1344,,,,,,
182079308095200,63173495916748,104,-4832,1600,-1760,-524608,-28736,1600,,,,,,
182079309088000,63173496916665,105,-4320,1408,-2560,-524864,-27968,-128,,,,,,
182079310081800,63173497917581,106,-4544,1376,-2912,-523968,-27776,704,,,,,,
182079311098800,63173498916665,107,-4800,1376,-2560,-524992,-29248,3328,,,,,,
182079312094700,63173499916915,108,-4608,1536,-2464,-523712,-28416,1216,,,,,,
182079313088200,63173500916790,109,-4640,1216,-2464,-524224,-29120,-64,,,,,,
182079314212900,63173501916665,110,-4160,832,-1952,-525568,-26496,1792,,,,,,
182079315138800,63173502916706,111,-4576,1056,-2688,-526144,-28480,-1024,,,,,,
182079316095800,63173503917373,112,-4480,768,-2016,-525568,-29376,256,,,,,,
182079317090900,63173504917040,113,-4544,960,-2784,-524992,-27904,1472,,,,,,
182079318092700,63173505916665,114,-4736,832,-2048,-525632,-26368,-448,,,,,,
182079319091600,63173506916665,115,-4864,1216,-2496,-523072,-29568,1344,,,,,,
182079320094000,63173507916706,116,-4320,864,-2592,-524672,-27904,1088,,,,,,
182079321093600,63173508916665,117,-4416,640,-2464,-525760,-30336,640,,,,,,
182079322094100,63173509917456,118,-5088,896,-2880,-525376,-26816,-1216,,,,,,
182079323094300,63173510916706,119,-4480,800,-2464,-524864,-28672,256,,,,,,
182079324103500,63173511916581,120,-4512,96,-2848,-524544,-29440,64,,,,,,
182079325099500,63173512916748,121,-4384,384,-2400,-526336,-27328,-128,,,,,,
182079326090800,63173513917415,122,-3904,-352,-2400,-523712,-27520,-960,,,,,,
182079327089000,63173514916956,123,-4928,96,-2880,-526336,-30912,-128,,,,,,
182079328090800,63173515917665,124,-4352,-96,-2240,-526144,-28736,-1984,,,,,,
182079329088700,63173516916623,125,-4768,-64,-1984,-523712,-30272,-2112,,,,,,
182079330093400,63173517916831,126,-5248,-288,-2784,-524800,-28416,-256,,,,,,
182079331093200,63173518916206,127,-4288,-512,-2784,-525184,-29248,-512,,,,,,
182079332172400,63173519916873,128,-5024,-416,-2528,-525568,-28928,1408,,,,,,
182079333110900,63173520916748,129,-4768,-448,-2464,-525760,-29504,1920,,,,,,
182079334095700,63173521916665,130,-4576,-352,-2048,-523840,-28864,-2240,,,,,,
182079335098200,63173522916748,131,-4832,-832,-1344,-523712,-29312,-384,,,,,,
182079336092800,63173523916373,132,-4480,-896,-2016,-524416,-29120,1216,,,,,,
182079337092500,63173524916915,133,-4672,-992,-2080,-525696,-28416,2304,,,,,,
182079338091800,63173525916748,134,-5152,-416,-1824,-525376,-28352,1472,,,,,,
182079339092900,63173526916706,135,-3904,-1280,-1184,-523840,-28736,-2240,,,,,,
182079340349000,63173527916831,136,-5888,-768,-2048,-523136,-28864,-320,,,,,,
182079341096900,63173528917081,137,-4832,-1088,-1920,-526144,-27840,-704,,,,,,
182079342096900,63173529916873,138,-4512,-1120,-1280,-526208,-30464,640,,,,,,
182079343092700,63173530917831,139,-4704,-1120,-1888,-525312,-30592,-1280,,,,,,
182079344092900,63173531916623,140,-5504,-1152,-1696,-523200,-30208,448,,,,,,
182079345097700,63173532916790,141,-4672,-1280,-1984,-522880,-28096,640,,,,,,
182079346094400,63173533917081,142,-4672,-1184,-2176,-525696,-27200,1920,,,,,,
182079347095900,63173534916873,143,-5088,-1344,-2336,-524992,-27392,448,,,,,,
182079348089700,63173535917248,144,-4800,-1120,-1856,-524544,-26944,768,,,,,,
182079349094200,63173536916665,145,-4864,-544,-2784,-523968,-28032,768,,,,,,
182079350097000,63173537916748,146,-4032,-1280,-2080,-525056,-27264,-640,,,,,,
182079351093200,63173538916706,147,-5120,-1248,-1600,-526592,-27648,1408,,,,,,
182079352092900,63173539916790,148,-4256,-1568,-1760,-526144,-29312,1600,,,,,,
182079353103900,63173540916748,149,-4864,-1344,-2080,-526144,-26752,1728,,,,,,
182079354095400,63173541916665,150,-4800,-1600,-2016,-523840,-28288,768,,,,,,
182079355089500,63173542916748,151,-4672,-1216,-2144,-524992,-27584,-128,,,,,,
182079356096700,63173543917915,152,-4352,-1152,-1600,-525056,-27968,3200,,,,,,
182079357092700,63173544916831,153,-5472,-832,-2656,-526464,-27456,1984,,,,,,
182079358101100,63173545916665,154,-4960,-1088,-1952,-525312,-29312,3904,,,,,,
182079359095500,63173546916623,155,-4512,-928,-2208,-523904,-28224,2240,,,,,,
182079360092500,63173547916706,156,-4608,-480,-2208,-527296,-29056,2112,,,,,,
182079361092400,63173548916290,157,-5280,-896,-1952,-526080,-28608,192,,,,,,
182079362096300,63173549916873,158,-5056,-480,-1888,-525312,-28736,2944,,,,,,
182079363098500,63173550921540,159,-4576,-704,-2528,-526720,-27968,896,,,,,,
182079364085200,63173551916623,160,-4768,-128,-2016,-523072,-26688,704,,,,,,
182079365220700,63173552916706,161,-4832,-352,-1792,-524672,-28032,1856,,,,,,
182079366092500,63173553916915,162,-4352,64,-2560,-525312,-28160,3072,,,,,,
182079367095500,63173554916915,163,-4992,-576,-2656,-525312,-29120,1792,,,,,,
182079368097300,63173555916623,164,-5056,32,-2656,-524800,-27456,1536,,,,,,
182079369091600,63173556916581,165,-4256,128,-2240,-522560,-27904,2112,,,,,,
182079370092900,63173557918665,166,-5344,192,-2368,-524352,-28992,3520,,,,,,
182079371094000,63173558917206,167,-5056,416,-2528,-524160,-29696,-512,,,,,,
182079372144500,63173559916831,168,-4160,288,-2400,-524736,-29056,1920,,,,,,
182079373092300,63173560916706,169,-5024,224,-2464,-523456,-28352,2880,,,,,,
182079374091600,63173561916748,170,-4736,640,-2176,-522560,-28160,384,,,,,,
182079375086800,63173562916706,171,-4832,640,-2496,-525184,-29056,2048,,,,,,
182079376091700,63173563916665,172,-4160,416,-2496,-524992,-27776,1280,,,,,,
182079377088000,63173564916831,173,-4384,416,-2304,-524992,-27392,3712,,,,,,
182079378090100,63173565917415,174,-4704,576,-2432,-524864,-27456,5248,,,,,,
182079379093400,63173566916665,175,-4512,1280,-2400,-523840,-28544,3712,,,,,,
182079380090900,63173567916665,176,-4192,800,-1984,-524352,-29504,2880,,,,,,
182079381094900,63173568916581,177,-4992,1120,-2016,-523904,-29248,3840,,,,,,
182079382091300,63173569916706,178,-5120,960,-2752,-525056,-29504,3008,,,,,,
182079383094400,63173570917123,179,-4640,1152,-2944,-525184,-27968,1152,,,,,,
182079384096500,63173571916998,180,-4288,1376,-2304,-523840,-29568,1152,,,,,,
182079385089400,63173572916790,181,-4608,1344,-2336,-524224,-27648,1344,,,,,,
182079386092300,63173573916665,182,-4992,1568,-2496,-524160,-30080,2496,,,,,,
182079387092900,63173574916706,183,-4960,1536,-1696,-524416,-30208,2304,,,,,,
182079388096200,63173575919915,184,-4480,1440,-2528,-524416,-26624,768,,,,,,
182079389094200,63173576916748,185,-3872,1344,-2080,-525632,-28416,2048,,,,,,
182079390217600,63173577917081,186,-4512,1312,-1952,-524544,-28800,512,,,,,,
182079391097900,63173578917415,187,-4608,1472,-1888,-524224,-29248,2112,,,,,,
182079392095500,63173579916706,188,-5056,2464,-2112,-524096,-28224,1536,,,,,,
182079393092600,63173580918790,189,-4672,1792,-1920,-525504,-27328,3008,,,,,,
182079394091100,63173581916665,190,-4544,1856,-2208,-524416,-28416,3072,,,,,,
182079395093500,63173582916665,191,-4768,1472,-1440,-524096,-28160,1984,,,,,,
182079396095900,63173583916665,192,-4672,1568,-1568,-526400,-28096,1920,,,,,,
182079397098900,63173584916831,193,-4192,2048,-1472,-524544,-29440,1920,,,,,,
182079398098800,63173585917540,194,-4512,1952,-1984,-524032,-30080,1152,,,,,,
182079399097700,63173586916831,195,-4672,1696,-1728,-525248,-29760,384,,,,,,
182079400094700,63173587916665,196,-4800,2144,-2400,-523008,-27072,-384,,,,,,
182079401091600,63173588916665,197,-4960,2240,-1984,-524608,-30016,448,,,,,,
182079402093100,63173589916665,198,-5024,1920,-1920,-524160,-29504,1024,,,,,,
182079403093500,63173590917206,199,-4704,2400,-2208,-526144,-29120,2688,,,,,,
182079404091300,63173591916873,200,-4512,1952,-2240,-524160,-26368,4416,,,,,,
182079405096600,63173592917623,201,-4000,1856,-1888,-524800,-27840,896,,,,,,
182079406095500,63173593916706,202,-4128,2240,-2272,-525632,-28672,1536,,,,,,
182079407094000,63173594916748,203,-5184,1952,-2144,-522944,-28288,2560,,,,,,
182079408096200,63173595916665,204,-5184,2176,-2432,-524288,-28800,256,,,,,,
182079409092200,63173596916873,205,-5344,1952,-2400,-523968,-28288,-192,,,,,,
182079410091900,63173597916790,206,-4512,1792,-2112,-522816,-28928,4608,,,,,,
182079411098200,63173598916706,207,-4640,2080,-2336,-525056,-26816,128,,,,,,
182079412099900,63173599916790,208,-4736,1728,-2400,-523456,-28480,0,,,,,,
182079413096000,63173600916706,209,-5312,2080,-1728,-525056,-26816,3712,,,,,,
182079414099100,63173601918248,210,-4928,2176,-1472,-522304,-27136,-1280,,,,,,
182079415211600,63173602916248,211,-5024,1792,-2528,-524672,-27584,1792,,,,,,
182079416100500,63173603917748,212,-4768,2208,-2144,-524288,-27200,-832,,,,,,
182079417092200,63173604918165,213,-4896,1920,-2272,-523840,-27904,-320,,,,,,
182079418091100,63173605916790,214,-5056,1568,-1664,-524160,-29568,2752,,,,,,
182079419092700,63173606916831,215,-4864,2112,-2304,-524288,-27136,64,,,,,,
182079420096300,63173607916790,216,-4768,1760,-2688,-525376,-27840,-1792,,,,,,
182079421136600,63173608916706,217,-4672,1984,-2432,-524928,-28096,1920,,,,,,
182079422086300,63173609917331,218,-5536,2272,-2976,-525312,-25984,-192,,,,,,
182079423087700,63173610920248,219,-5024,2368,-3488,-522752,-27968,832,,,,,,
182079424086100,63173611917915,220,-5024,1728,-2080,-524992,-27904,-1344,,,,,,
182079425099500,63173612916415,221,-5344,1536,-2304,-523328,-27904,2176,,,,,,
182079426105500,63173613916706,222,-4288,1376,-2112,-525248,-28480,448,,,,,,
182079427089400,63173614916748,223,-5120,1728,-2688,-523904,-27840,1088,,,,,,
182079428092700,63173615917581,224,-4864,1472,-2720,-524672,-28800,384,,,,,,
182079429099100,63173616917915,225,-5216,1760,-2048,-522368,-26752,960,,,,,,
182079430096300,63173617918415,226,-5248,1888,-2528,-525184,-29824,576,,,,,,
182079431093000,63173618916706,227,-5024,1600,-2560,-525248,-27456,320,,,,,,
182079432413500,63173619916706,228,-4640,1504,-2560,-526144,-28800,-1536,,,,,,
182079433150700,63173620916748,229,-4608,1792,-2048,-523264,-29184,-1024,,,,,,
182079434105500,63173621916873,230,-4800,1728,-2400,-525120,-29824,1920,,,,,,
182079435086600,63173622916748,231,-5120,1664,-2368,-525120,-29568,2944,,,,,,
182079436100100,63173623916665,232,-4864,1600,-2496,-524416,-30208,1792,,,,,,
182079437096000,63173624916706,233,-4512,1568,-2432,-523776,-29184,3840,,,,,,
182079438090900,63173625916790,234,-4256,1760,-2304,-524480,-29120,384,,,,,,
182079439093700,63173626916873,235,-5056,1504,-2080,-523200,-28480,640,,,,,,
182079440343100,63173627916998,236,-4640,1440,-2720,-523840,-27072,832,,,,,,
182079441303000,63173628916498,237,-4512,1792,-1792,-524928,-28032,-448,,,,,,
182079442099700,63173629916665,238,-4640,1728,-3040,-523392,-30016,4224,,,,,,
182079443092600,63173630916706,239,-4384,1568,-1632,-522944,-27520,2560,,,,,,
182079444095900,63173631916790,240,-5408,1664,-2272,-524672,-28352,960,,,,,,
182079445099500,63173632917790,241,-5056,1792,-2336,-523392,-29184,3264,,,,,,
182079446095700,63173633916706,242,-5088,2336,-3072,-524032,-29632,768,,,,,,
182079447096000,63173634916706,243,-5152,1536,-1888,-524096,-28544,448,,,,,,
182079448100400,63173635916665,244,-4768,1568,-1824,-523904,-27840,960,,,,,,
182079449097900,63173636916706,245,-5280,1856,-2272,-523584,-28736,1600,,,,,,
182079450090100,63173637916331,246,-4576,1728,-2592,-523264,-29376,-1280,,,,,,
182079451091900,63173638916623,247,-5024,2144,-2272,-523328,-28544,1600,,,,,,
182079452090200,63173639916706,248,-4608,1856,-2432,-526848,-27776,1600,,,,,,
182079453157200,63173640916790,249,-4288,1888,-1600,-525184,-29120,1600,,,,,,
182079454093700,63173641916831,250,-4448,1664,-2464,-525248,-27520,4352,,,,,,
182079455092200,63173642916748,251,-4896,1984,-2176,-524544,-28096,2624,,,,,,
182079456094900,63173643916581,252,-4928,1984,-2528,-523392,-27840,2880,,,,,,
182079457096000,63173644916748,253,-4672,1952,-2368,-525440,-28224,1920,,,,,,
182079458084700,63173645916748,254,-4768,1696,-2208,-525120,-26624,1088,,,,,,
182079459095100,63173646916748,255,-4512,2144,-1888,-524160,-27776,3328,,,,,,
182079460091900,63173647916748,0,-5408,2240,-2400,-525056,-28544,-1280,,,,,,
182079461092100,63173648916623,1,-5056,2080,-2656,-523904,-27904,2368,,,,,,
182079462095400,63173649916373,2,-5024,1952,-2272,-524032,-28032,-256,,,,,,
182079463095300,63173650916915,3,-5056,2080,-1696,-523584,-28416,-128,,,,,,
182079464096700,63173651918123,4,-4992,1888,-2176,-525632,-28928,3648,,,,,,
182079465326300,63173652916706,5,-4928,1952,-2208,-525120,-28736,-448,,,,,,
182079466096100,63173653916581,6,-4928,2240,-2624,-525696,-27776,256,,,,,,
182079467093400,63173654916623,7,-4896,2240,-2816,-524160,-27520,-512,,,,,,
182079468089800,63173655916706,8,-4960,1568,-2560,-525760,-28032,192,,,,,,
182079469092800,63173656917415,9,-4736,2336,-1920,-525248,-28608,2816,,,,,,
182079470095500,63173657917373,10,-4576,1696,-2560,-525376,-28416,1600,,,,,,
182079471098900,63173658916623,11,-5088,2080,-2496,-523904,-28608,1984,,,,,,
182079472097200,63173659917123,12,-4416,2368,-2112,-523520,-28288,1408,,,,,,
182079473100000,63173660916873,13,-4576,1824,-2240,-522880,-28800,704,,,,,,
182079474095000,63173661916748,14,-4288,1952,-1920,-523840,-27072,2240,,,,,,
182079475091000,63173662918248,15,-4704,2400,-2528,-524544,-29120,3392,,,,,,
182079476090400,63173663916540,16,-4352,1920,-2304,-525696,-28288,1216,,,,,,
182079477094500,63173664916790,17,-4512,1664,-2176,-523264,-28544,-1152,,,,,,
182079478098400,63173665917498,18,-4320,1504,-1408,-526336,-28352,-1152,,,,,,
182079479099300,63173666916790,19,-4992,1696,-2016,-524864,-27520,-1600,,,,,,
182079480099200,63173667916665,20,-4352,1728,-2496,-524544,-28544,832,,,,,,
182079481094800,63173668916540,21,-3968,1664,-2016,-524800,-28160,832,,,,,,
182079482090400,63173669918123,22,-4896,1440,-1632,-524544,-27904,-448,,,,,,
182079483081200,63173670916623,23,-4512,1536,-1856,-523776,-27264,-1920,,,,,,
182079484095700,63173671916706,24,-4384,1312,-1952,-525312,-27584,-896,,,,,,
182079485088000,63173672916706,25,-4224,1216,-1888,-524800,-28352,-128,,,,,,
182079486092900,63173673916540,26,-4608,1824,-2272,-525248,-28352,-1792,,,,,,
182079487098000,63173674916790,27,-4896,1312,-1856,-523392,-29248,-1472,,,,,,
182079488091300,63173675916581,28,-4672,1376,-2528,-524288,-28416,-512,,,,,,
182079489094800,63173676916706,29,-4192,512,-1952,-524544,-27008,-1088,,,,,,
182079490214600,63173677916706,30,-4800,864,-1984,-525376,-27712,-2688,,,,,,
182079491096600,63173678916498,31,-4640,64,-1792,-525312,-28224,-1216,,,,,,
182079492094100,63173679916706,32,-4736,672,-3072,-523904,-28544,-2240,,,,,,
182079493095000,63173680917040,33,-4064,320,-1600,-525056,-27712,320,,,,,,
182079494093100,63173681920290,34,-4416,640,-2496,-523456,-28800,1152,,,,,,
182079495092800,63173682916748,35,-4672,-256,-1952,-525696,-27840,-2112,,,,,,
182079496095400,63173683916790,36,-5056,128,-1952,-523648,-27840,-1344,,,,,,
182079497093900,63173684916748,37,-4512,-224,-2112,-524544,-29696,64,,,,,,
182079498085900,63173685916706,38,-4160,0,-3136,-524352,-29504,-576,,,,,,
182079499100400,63173686918665,39,-4192,-608,-2848,-525184,-27648,-1728,,,,,,
182079500091200,63173687917790,40,-4736,-352,-2176,-526208,-28800,-2176,,,,,,
182079501093600,63173688916623,41,-4576,-896,-1952,-525888,-28864,-960,,,,,,
182079502092300,63173689917373,42,-4096,-1088,-1728,-524032,-28416,-2240,,,,,,
182079503092100,63173690916623,43,-4512,-640,-1824,-525504,-29504,-704,,,,,,
182079504097700,63173691917248,44,-4832,-1152,-1888,-525184,-28416,-640,,,,,,
182079505093400,63173692917498,45,-4416,-1216,-2208,-524800,-28160,-1472,,,,,,
182079506099500,63173693916540,46,-4320,-1056,-3392,-523648,-28608,-1792,,,,,,
182079507090400,63173694916790,47,-4384,-1440,-2656,-525120,-28224,192,,,,,,
182079508097500,63173695916623,48,-4448,-1408,-2432,-524992,-28416,-1472,,,,,,
182079509095000,63173696916873,49,-4768,-1312,-2720,-524992,-27200,960,,,,,,
182079510090700,63173697916998,50,-5120,-1504,-3072,-525248,-28096,768,,,,,,
182079511090900,63173698917498,51,-4704,-1472,-2752,-525312,-27136,-1856,,,,,,
182079512095700,63173699916748,52,-4928,-1440,-2912,-523776,-28608,192,,,,,,
182079513093400,63173700919331,53,-5440,-1472,-2720,-525568,-27712,768,,,,,,
182079514091700,63173701916831,54,-4608,-1792,-2208,-525312,-27392,-1280,,,,,,
182079515086000,63173702916706,55,-4928,-2464,-2176,-527104,-28736,-1024,,,,,,
182079516099200,63173703917498,56,-5312,-2080,-2368,-524224,-27776,2112,,,,,,
182079517095200,63173704919581,57,-4352,-1920,-2528,-524032,-28096,768,,,,,,
182079518095100,63173705918165,58,-5024,-1824,-2560,-526400,-26240,960,,,,,,
182079519092900,63173706916706,59,-4576,-1632,-2848,-524800,-28160,896,,,,,,
182079520092600,63173707916706,60,-5120,-1472,-2784,-524736,-29120,2496,,,,,,
182079521092000,63173708916790,61,-4800,-1792,-2336,-525952,-27328,704,,,,,,
182079522093500,63173709916790,62,-5056,-1408,-2336,-524672,-29056,1152,,,,,,
182079523093500,63173710919206,63,-4864,-1824,-2400,-523584,-29120,1600,,,,,,
182079524093900,63173711917873,64,-5024,-1984,-2944,-523904,-28224,-704,,,,,,
182079525085800,63173712916748,65,-4512,-1568,-2560,-524672,-27968,1280,,,,,,
182079526083100,63173713916790,66,-4800,-2016,-2048,-522048,-27264,2752,,,,,,
182079527357200,63173714916665,67,-5568,-992,-2400,-525632,-27840,2752,,,,,,
182079528351000,63173715916581,68,-4800,-1440,-2496,-524992,-29696,2176,,,,,,
182079529092200,63173716917831,69,-5376,-1600,-2624,-524416,-30144,5312,,,,,,
182079530089700,63173717916831,70,-4416,-1536,-2016,-524544,-29568,6144,,,,,,
182079531136700,63173718916748,71,-4224,-928,-1312,-524160,-27648,4544,,,,,,
182079532092300,63173719916706,72,-4704,-288,-2240,-523968,-28736,2752,,,,,,
182079533090600,63173720917748,73,-4800,-896,-2240,-523520,-28352,2688,,,,,,
182079534094000,63173721916331,74,-4768,-256,-2144,-525760,-29248,4224,,,,,,
182079535080200,63173722918748,75,-5248,-224,-2560,-523456,-30016,1664,,,,,,
182079536092200,63173723916873,76,-4736,-352,-2368,-525568,-28800,3968,,,,,,
182079537098100,63173724916831,77,-4672,-192,-1984,-524288,-28096,4800,,,,,,
182079538099900,63173725916623,78,-4288,128,-2176,-524800,-29632,3072,,,,,,
182079539096200,63173726917373,79,-4544,224,-2112,-523840,-28288,512,,,,,,
182079540138800,63173727917040,80,-4960,832,-2208,-526528,-28992,5056,,,,,,
182079541106000,63173728916790,81,-5024,640,-2176,-525632,-26688,2688,,,,,,
182079542097100,63173729916623,82,-4864,640,-2304,-525312,-27648,2624,,,,,,
182079543093400,63173730916665,83,-4192,1408,-1824,-526016,-27392,5952,,,,,,
182079544091600,63173731917206,84,-4928,1568,-2080,-525568,-28288,2880,,,,,,
182079545094200,63173732916706,85,-4736,1952,-2144,-524800,-29120,4032,,,,,,
182079546150100,63173733916831,86,-4448,1888,-1952,-526464,-27712,3008,,,,,,
182079547101800,63173734916790,87,-4896,2176,-2496,-526528,-30400,3584,,,,,,
182079548102800,63173735916623,88,-4352,2048,-1664,-524352,-28672,3264,,,,,,
182079549096800,63173736916581,89,-4608,2336,-2112,-523712,-27904,4288,,,,,,
182079550106500,63173737916748,90,-4480,2624,-1856,-525440,-27456,2240,,,,,,
182079551090700,63173738918165,91,-4928,2880,-1440,-524800,-28672,6592,,,,,,
182079552094000,63173739916790,92,-4000,3104,-2240,-523584,-28096,4672,,,,,,
182079553095400,63173740916581,93,-4288,3488,-2368,-526208,-27968,2368,,,,,,
182079554082400,63173741916790,94,-4352,3360,-2240,-524544,-27072,3712,,,,,,
182079555084100,63173742916706,95,-4320,3680,-2272,-522240,-27072,5120,,,,,,
182079556092700,63173743916748,96,-4480,3968,-2336,-524672,-28224,2816,,,,,,
182079557090800,63173744916623,97,-4864,4256,-2688,-523200,-29248,3840,,,,,,
182079558102300,63173745916540,98,-4160,4160,-2592,-525056,-27712,3456,,,,,,
182079559092000,63173746916831,99,-4704,4576,-2624,-524544,-27328,5760,,,,,,
182079560087400,63173747916623,100,-4480,4032,-2048,-525632,-27200,2880,,,,,,
182079561091700,63173748916790,101,-4736,4704,-3296,-525056,-25920,3456,,,,,,
182079562270300,63173749916706,102,-5024,5056,-2720,-526336,-27392,2304,,,,,,
182079563093700,63173750916665,103,-4736,4416,-2080,-522496,-27392,3968,,,,,,
182079564101700,63173751916748,104,-4832,5184,-2624,-523968,-26176,1536,,,,,,
182079565371800,63173752916706,105,-4480,4928,-3296,-525952,-27904,256,,,,,,
182079566097300,63173753916831,106,-4416,5120,-2528,-526336,-27712,1728,,,,,,
182079567094100,63173754916748,107,-4768,5120,-2784,-522624,-27456,3328,,,,,,
182079568092100,63173755916540,108,-4096,4832,-2912,-524608,-27520,2752,,,,,,
182079569092500,63173756916665,109,-4992,5408,-2944,-525440,-26688,2752,,,,,,
182079570093000,63173757917998,110,-4384,5344,-3168,-524288,-27648,-128,,,,,,
182079571097500,63173758918248,111,-4256,5088,-2848,-523840,-27136,-576,,,,,,
182079572093800,63173759916706,112,-5184,5728,-3936,-524224,-27264,1792,,,,,,
182079573095300,63173760916581,113,-4352,5600,-2880,-523328,-27776,256,,,,,,
182079574099200,63173761916581,114,-4416,5152,-3488,-524352,-27392,-576,,,,,,
182079575092200,63173762916706,115,-5088,5408,-3456,-526144,-27840,1280,,,,,,
182079576086500,63173763916748,116,-4352,4960,-3744,-525696,-28864,1280,,,,,,
182079577090200,63173764916790,117,-4736,4672,-3136,-522560,-28608,-2432,,,,,,
182079578094300,63173765916498,118,-4800,4928,-3584,-523200,-26112,-320,,,,,,
182079579094700,63173766916706,119,-4992,4992,-3840,-524160,-28096,1216,,,,,,
182079580092100,63173767916623,120,-4608,4736,-3424,-523712,-30336,-1664,,,,,,
182079581092700,63173768917748,121,-5280,4704,-3360,-525056,-27776,1024,,,,,,
182079582115000,63173769916706,122,-5344,4608,-4128,-525376,-28160,-832,,,,,,
182079583097300,63173770916540,123,-4448,4384,-3264,-522752,-28736,960,,,,,,
182079584092500,63173771916831,124,-4480,4352,-3552,-523648,-28928,-1920,,,,,,
182079585091900,63173772916623,125,-5152,4320,-3936,-525568,-26432,-1152,,,,,,
182079586095500,63173773916415,126,-4544,3712,-3232,-524160,-27840,-4352,,,,,,
182079587096100,63173774916998,127,-5120,4064,-3552,-525440,-27584,-1536,,,,,,
182079588092700,63173775916456,128,-4384,3520,-2944,-525312,-29696,768,,,,,,
182079589093300,63173776917873,129,-5056,3296,-3392,-524800,-28096,-384,,,,,,
182079590209700,63173777916581,130,-4544,3456,-3392,-525248,-29632,-960,,,,,,
182079591094900,63173778917748,131,-4832,2912,-3808,-523456,-29376,384,,,,,,
182079592091800,63173779916748,132,-4704,2912,-2784,-524672,-27136,-960,,,,,,
182079593089800,63173780917581,133,-4128,2880,-2784,-524672,-28864,-960,,,,,,
182079594101800,63173781916790,134,-4896,2528,-3008,-523968,-29888,1216,,,,,,
182079595091500,63173782916540,135,-4992,2752,-2976,-524672,-28736,-320,,,,,,
182079596090300,63173783917373,136,-4384,1856,-2496,-523840,-30720,192,,,,,,
182079597092000,63173784916831,137,-4992,2208,-3104,-522944,-29440,3456,,,,,,
182079598092900,63173785916456,138,-4512,1952,-2432,-522944,-28800,576,,,,,,
182079599091400,63173786916665,139,-4736,1536,-2720,-523072,-28800,-576,,,,,,
182079600090300,63173787916540,140,-5696,1856,-3232,-524736,-30656,-1792,,,,,,
182079601089100,63173788916665,141,-4416,1440,-2784,-524864,-28096,-3584,,,,,,
182079602090700,63173789916665,142,-5312,1600,-3584,-524992,-27648,-384,,,,,,
182079603090700,63173790917956,143,-4256,800,-2048,-525120,-31424,-1920,,,,,,
182079604098800,63173791918123,144,-5024,384,-2272,-523584,-30592,-448,,,,,,
182079605093400,63173792917540,145,-5216,832,-2528,-525568,-28800,1152,,,,,,
182079606095900,63173793918415,146,-4288,768,-1664,-525568,-29888,-2624,,,,,,
182079607091800,63173794916581,147,-4992,192,-2656,-523776,-29440,-1728,,,,,,
182079608094300,63173795916581,148,-4864,480,-1888,-522944,-28480,-512,,,,,,
182079609120600,63173796916748,149,-5120,192,-2432,-524672,-26368,-384,,,,,,
182079610102300,63173797916498,150,-4672,256,-2432,-523968,-29184,320,,,,,,
182079611092400,63173798917498,151,-4992,-96,-2144,-524352,-27584,-448,,,,,,
182079612096600,63173799916623,152,-4992,-320,-1920,-524608,-27968,768,,,,,,
182079613087600,63173800916540,153,-4896,-32,-2336,-526080,-28224,-832,,,,,,
182079614094800,63173801917748,154,-4992,-640,-2240,-523584,-27968,1216,,,,,,
182079615217100,63173802916540,155,-4960,-672,-1856,-523008,-29248,64,,,,,,
182079616095700,63173803916748,156,-4704,-1088,-1408,-524608,-28224,3136,,,,,,
182079617094100,63173804918498,157,-4512,-416,-2112,-524288,-27904,512,,,,,,
182079618092600,63173805917456,158,-4608,-1024,-1568,-524992,-27904,1664,,,,,,
182079619094300,63173806916790,159,-4736,-1216,-2144,-526208,-26880,192,,,,,,
182079620095800,63173807916540,160,-4928,-608,-2112,-524992,-29312,-256,,,,,,
182079621099200,63173808916665,161,-4928,-640,-2144,-524480,-28928,384,,,,,,
182079622092900,63173809916665,162,-5184,-448,-1792,-525184,-28544,1280,,,,,,
182079623089300,63173810917040,163,-4384,-832,-1728,-525504,-27648,192,,,,,,
182079624095700,63173811916915,164,-5024,-832,-1760,-526016,-26944,1280,,,,,,
182079625091300,63173812916623,165,-5376,-288,-2400,-524800,-28736,1984,,,,,,
182079626097500,63173813916831,166,-5152,-512,-1952,-526784,-28864,1216,,,,,,
182079627095700,63173814916581,167,-4512,-672,-1632,-525888,-29248,384,,,,,,
182079628091600,63173815916665,168,-4576,-160,-2272,-526272,-28672,896,,,,,,
182079629090500,63173816919040,169,-4864,-864,-2464,-522816,-28032,-704,,,,,,
182079630095600,63173817916581,170,-4576,-608,-1856,-524352,-28736,192,,,,,,
182079631095000,63173818916790,171,-4928,-448,-2240,-525568,-27904,1280,,,,,,
182079632092900,63173819916665,172,-4480,-672,-1568,-525376,-28224,576,,,,,,
182079633093100,63173820918456,173,-4928,-576,-1888,-526528,-28800,-128,,,,,,
182079634093200,63173821918165,174,-4128,-544,-1568,-523968,-30336,2240,,,,,,
182079635093600,63173822916665,175,-4832,-480,-2304,-525952,-27072,5120,,,,,,
182079636092400,63173823916790,176,-4512,-352,-2464,-524288,-28224,2112,,,,,,
182079637094000,63173824916623,177,-4960,-320,-2112,-524672,-27328,1792,,,,,,
182079638098500,63173825917165,178,-4736,160,-1952,-525632,-28864,-832,,,,,,
182079639093700,63173826916748,179,-3680,-512,-2368,-523840,-28928,1344,,,,,,
182079640131200,63173827916540,180,-4416,-192,-2976,-523904,-26880,1728,,,,,,
182079641097000,63173828916831,181,-4480,32,-2400,-525824,-29568,2432,,,,,,
182079642085600,63173829916623,182,-4352,512,-1760,-523136,-27136,2752,,,,,,
182079643084000,63173830918165,183,-4992,128,-3232,-523712,-28096,1664,,,,,,
182079644089400,63173831916873,184,-4640,576,-2688,-524736,-26944,640,,,,,,
182079645089500,63173832916581,185,-4320,576,-2368,-524992,-28672,1024,,,,,,
182079646084800,63173833916873,186,-4384,832,-2368,-525056,-27712,1984,,,,,,
182079647091800,63173834917415,187,-5120,736,-3040,-524096,-28032,3584,,,,,,
182079648093900,63173835917581,188,-5056,768,-2720,-524416,-28608,5184,,,,,,
182079649099800,63173836916831,189,-4128,832,-1984,-523392,-28032,-512,,,,,,
182079650103600,63173837916498,190,-4960,928,-2400,-523712,-28352,576,,,,,,
182079651093500,63173838916748,191,-5024,960,-2432,-526080,-26880,256,,,,,,
182079652092200,63173839917623,192,-4128,1088,-2784,-526400,-29504,1152,,,,,,
182079653093100,63173840920040,193,-4448,1248,-2112,-523456,-27136,2688,,,,,,
182079654079700,63173841916790,194,-5056,1376,-2432,-524096,-27328,192,,,,,,
182079655079600,63173842916540,195,-5024,960,-3200,-525440,-27328,1152,,,,,,
182079656079900,63173843916831,196,-4416,1440,-2240,-522880,-28160,4800,,,,,,
182079657181100,63173844916623,197,-4352,1792,-3168,-523584,-27456,-1088,,,,,,
182079658115300,63173845916790,198,-4160,1472,-2816,-525312,-28864,2752,,,,,,
182079659097000,63173846916748,199,-4672,1536,-2240,-524800,-28288,1856,,,,,,
182079660210000,63173847916623,200,-4448,1824,-2752,-525696,-29184,1728,,,,,,
182079661097000,63173848916706,201,-4992,1536,-2112,-523840,-27584,640,,,,,,
182079662082700,63173849916665,202,-4928,1568,-2592,-523840,-29056,1792,,,,,,
182079663091500,63173850920706,203,-4384,1664,-2304,-523712,-28224,-448,,,,,,
182079664103700,63173851916748,204,-4640,1632,-2720,-522816,-28736,1152,,,,,,
182079665099500,63173852916665,205,-4608,1696,-2624,-524608,-27776,1856,,,,,,
182079666146600,63173853916706,206,-4512,1376,-2880,-525120,-28288,1088,,,,,,
182079667093900,63173854916665,207,-4448,2016,-2464,-522816,-28800,-1472,,,,,,
182079668096000,63173855918081,208,-4832,1856,-1792,-525632,-29440,384,,,,,,
182079669108000,63173856916623,209,-5024,1504,-2304,-524672,-29760,1728,,,,,,
182079670093200,63173857916456,210,-4544,1600,-2240,-525760,-28928,384,,,,,,
182079671090500,63173858917415,211,-5216,1728,-2400,-525056,-28928,896,,,,,,
182079672099800,63173859917998,212,-4640,1568,-2016,-524352,-27072,1920,,,,,,
182079673094700,63173860916665,213,-4384,1728,-1792,-522816,-30080,1280,,,,,,
182079674886300,63173861916748,214,-4640,1824,-2176,-522496,-28160,-704,,,,,,
182079675101100,63173862916540,215,-5280,2016,-2656,-524224,-27136,2432,,,,,,
182079676090900,63173863916706,216,-5152,1824,-2112,-524672,-30016,-192,,,,,,
182079677088200,63173864918081,217,-4896,1472,-2624,-524672,-28032,1600,,,,,,
182079678095600,63173865918290,218,-4768,1472,-2464,-524928,-28672,1920,,,,,,
182079679093500,63173866916581,219,-5248,1824,-2432,-525120,-27328,1984,,,,,,
182079680098000,63173867916540,220,-4480,1216,-2016,-525696,-28608,128,,,,,,
182079681092600,63173868916790,221,-4928,1376,-2208,-524800,-27648,64,,,,,,
182079682092100,63173869916623,222,-5280,1440,-2016,-524096,-27072,-320,,,,,,
182079683100200,63173870917415,223,-5088,1408,-2464,-524992,-28288,448,,,,,,
182079684093900,63173871916706,224,-4128,1184,-2400,-526016,-29376,128,,,,,,
182079685095300,63173872916206,225,-4704,1504,-2656,-524608,-27456,384,,,,,,
182079686091700,63173873916831,226,-4864,1024,-1760,-523392,-27648,-576,,,,,,
182079687092400,63173874916540,227,-4576,992,-1984,-523968,-27520,384,,,,,,
182079688088900,63173875916873,228,-5888,1024,-3552,-523904,-28288,1536,,,,,,
182079689091900,63173876916706,229,-4448,512,-2784,-524032,-28032,1472,,,,,,
182079690086600,63173877916623,230,-4544,960,-2304,-524608,-28992,-2240,,,,,,
182079691092400,63173878916748,231,-4832,1248,-2432,-524736,-28544,-960,,,,,,
182079692088500,63173879916706,232,-4800,704,-2912,-524416,-27200,1728,,,,,,
182079693087200,63173880916748,233,-4608,864,-2400,-524864,-28416,896,,,,,,
182079694353300,63173881916665,234,-4160,736,-1920,-525632,-28800,-1536,,,,,,
182079695207500,63173882917206,235,-5120,960,-2336,-523712,-28416,-192,,,,,,
182079696097000,63173883916790,236,-4928,352,-2464,-524736,-28992,1920,,,,,,
182079697090800,63173884916623,237,-4768,832,-2592,-525504,-26880,576,,,,,,
182079698092000,63173885916790,238,-5568,288,-2144,-523328,-29248,1280,,,,,,
182079699099700,63173886916623,239,-4992,384,-2176,-524864,-28352,896,,,,,,
182079700094000,63173887916456,240,-4512,480,-3232,-525248,-28928,-192,,,,,,
182079701094300,63173888916790,241,-4576,0,-1856,-524800,-30272,320,,,,,,
182079702093900,63173889916581,242,-5408,416,-2688,-524224,-29248,2944,,,,,,
182079703093700,63173890916873,243,-5568,512,-3104,-523776,-27136,192,,,,,,
182079704095200,63173891916790,244,-4448,128,-2272,-524288,-27776,384,,,,,,
182079705082800,63173892916748,245,-4544,-352,-1696,-524480,-27712,256,,,,,,
182079706100600,63173893917040,246,-4576,-64,-2976,-525568,-27648,1408,,,,,,
182079707110900,63173894916581,247,-4416,-32,-2176,-523840,-29504,-1280,,,,,,
182079708102500,63173895916873,248,-4544,-480,-1984,-526080,-28288,2368,,,,,,
182079709103000,63173896916581,249,-5088,-160,-2592,-524288,-26944,640,,,,,,
182079710091100,63173897916623,250,-4192,-192,-2240,-524992,-28032,-64,,,,,,
182079711090400,63173898916790,251,-4352,-672,-2560,-524352,-27584,-1984,,,,,,
182079712099900,63173899916498,252,-4864,32,-2464,-525696,-27776,0,,,,,,
182079713099200,63173900916831,253,-4832,96,-1760,-525248,-28480,384,,,,,,
182079714096200,63173901916665,254,-4096,416,-1952,-525056,-27904,2176,,,,,,
182079715230900,63173902916998,255,-5344,-128,-2144,-525568,-28992,-640,,,,,,
182079716097200,63173903916831,0,-5216,192,-2080,-523520,-29760,960,,,,,,
182079717097000,63173904916540,1,-4864,256,-2400,-524672,-28096,2304,,,,,,
182079718090400,63173905919956,2,-4672,320,-1984,-525440,-28160,1344,,,,,,
182079719090700,63173906916623,3,-5312,320,-2560,-522368,-28416,2368,,,,,,
182079720089200,63173907916540,4,-4800,512,-1984,-521536,-27840,1408,,,,,,
182079721093300,63173908916748,5,-4992,736,-2240,-524160,-30400,2752,,,,,,
182079722092900,63173909916581,6,-5088,832,-2240,-523392,-27072,2240,,,,,,
182079723098600,63173910916998,7,-4448,448,-2464,-523712,-27456,384,,,,,,
182079724097300,63173911917373,8,-5088,704,-2560,-525376,-27264,2496,,,,,,
182079725094100,63173912916581,9,-4864,480,-2624,-525312,-28992,3456,,,,,,
182079726096800,63173913916748,10,-4896,832,-2464,-524608,-27904,2496,,,,,,
182079727095200,63173914916623,11,-4768,928,-2656,-523968,-28032,2240,,,,,,
182079728095900,63173915916998,12,-4832,832,-2240,-523072,-27136,1600,,,,,,
182079729094100,63173916916831,13,-4992,1248,-2240,-523200,-27520,1600,,,,,,
182079730098200,63173917916581,14,-5024,1184,-2176,-525184,-28736,3840,,,,,,
182079731099400,63173918916706,15,-4608,1024,-2784,-523648,-27392,2304,,,,,,
182079732091000,63173919916665,16,-4320,1120,-1920,-523008,-27328,2688,,,,,,
182079733097200,63173920916873,17,-5088,1920,-2432,-523264,-27392,2752,,,,,,
182079734092600,63173921916665,18,-4544,864,-2560,-523520,-28224,3328,,,,,,
182079735088700,63173922916706,19,-4288,1824,-2272,-524800,-28672,1280,,,,,,
182079736089000,63173923916748,20,-4992,1408,-2624,-524032,-28160,3200,,,,,,
182079737100100,63173924916581,21,-4544,1728,-2784,-523520,-29440,-256,,,,,,
182079738096300,63173925916873,22,-4896,1984,-2400,-527296,-27904,2240,,,,,,
182079739090600,63173926916623,23,-4800,1920,-2464,-525760,-28352,1728,,,,,,
182079740136600,63173927916831,24,-5056,2624,-2720,-522752,-28416,128,,,,,,
182079741097500,63173928916623,25,-5056,2048,-3104,-522496,-28288,2240,,,,,,
182079742094100,63173929916790,26,-4640,2080,-2624,-525632,-30144,4032,,,,,,
182079743093000,63173930916748,27,-4768,2272,-3456,-524736,-26816,1856,,,,,,
182079744093300,63173931916581,28,-4544,2016,-3008,-523392,-29632,1600,,,,,,
182079745096800,63173932916873,29,-4992,2688,-1984,-526016,-28224,1536,,,,,,
182079746098800,63173933916748,30,-3968,1984,-2400,-522944,-28672,2368,,,,,,
182079747097300,63173934919456,31,-4640,2560,-2464,-524864,-28416,-128,,,,,,
182079748098400,63173935916706,32,-4544,2656,-3136,-522816,-28608,-192,,,,,,
182079749097700,63173936916498,33,-5248,2912,-2880,-525248,-26688,384,,,,,,
182079750090600,63173937916915,34,-4480,2496,-2336,-523520,-28736,1728,,,,,,
182079751090900,63173938916665,35,-5408,2528,-3584,-524736,-29312,2240,,,,,,
182079752087700,63173939918081,36,-4768,2624,-2944,-524224,-28736,2176,,,,,,
182079753113100,63173940919373,37,-4736,2816,-2912,-523584,-27712,256,,,,,,
182079754108900,63173941917415,38,-5248,2560,-2112,-523520,-27904,1600,,,,,,
182079755081400,63173942918290,39,-4864,2688,-2880,-523008,-30336,960,,,,,,
182079756087500,63173943916623,40,-4384,2784,-2592,-525184,-30656,1344,,,,,,
182079757291900,63173944916581,41,-4800,2976,-2848,-524864,-30208,-512,,,,,,
182079758104000,63173945916748,42,-5056,2304,-2816,-523392,-28032,-64,,,,,,
182079759096600,63173946916581,43,-4608,2272,-1984,-524224,-27968,256,,,,,,
182079760094100,63173947917623,44,-4544,2368,-2784,-524928,-28288,-64,,,,,,
182079761099400,63173948916540,45,-3840,1952,-2464,-524416,-29056,-704,,,,,,
182079762095000,63173949916581,46,-4672,1920,-2176,-526336,-28416,-704,,,,,,
182079763093800,63173950917915,47,-4672,2432,-2816,-524352,-29120,-1856,,,,,,
182079764099100,63173951916706,48,-4288,2272,-2464,-524928,-28032,576,,,,,,
182079765243800,63173952916790,49,-4928,1856,-1600,-524736,-28480,640,,,,,,
182079766111700,63173953916706,50,-4704,1728,-2464,-524416,-28160,-2432,,,,,,
182079767100500,63173954916706,51,-4864,2016,-2400,-525440,-27840,-1920,,,,,,
182079768088700,63173955916623,52,-4768,1696,-2400,-524928,-27456,448,,,,,,
182079769110900,63173956916540,53,-4352,1696,-2048,-524672,-29120,2880,,,,,,
182079770100700,63173957916831,54,-4544,1440,-2176,-524928,-27776,-1984,,,,,,
182079771093600,63173958916665,55,-4672,1696,-1824,-525312,-27776,-3392,,,,,,
182079772092800,63173959916581,56,-4480,1376,-2880,-526400,-28480,-1472,,,,,,
182079773092500,63173960916831,57,-4608,2048,-2176,-524480,-27200,-1408,,,,,,
182079774096900,63173961916581,58,-4736,1024,-2336,-524224,-28032,-1280,,,,,,
182079775109900,63173962916748,59,-4224,736,-1984,-525952,-29888,-640,,,,,,
182079776092200,63173963916665,60,-4480,992,-2464,-525120,-28352,1216,,,,,,
182079777092900,63173964918081,61,-4672,928,-2272,-523840,-27904,-576,,,,,,
182079778094900,63173965916665,62,-4608,288,-2080,-525760,-28608,-1728,,,,,,
182079779092500,63173966916540,63,-4320,608,-1280,-522944,-26304,-960,,,,,,
182079780092300,63173967916748,64,-5248,512,-2400,-524736,-28032,320,,,,,,
182079781092000,63173968916665,65,-5376,608,-2176,-525760,-28544,-1344,,,,,,
182079782093300,63173969916581,66,-4480,544,-2080,-525760,-28992,-2304,,,,,,
182079783089900,63173970920623,67,-4800,320,-2688,-525440,-30144,832,,,,,,
182079784086800,63173971922415,68,-4288,384,-2048,-525760,-26560,1216,,,,,,
182079785139700,63173972922331,69,-5024,64,-2528,-523584,-28288,-1280,,,,,,
182079786217500,63173973925456,70,-4864,-480,-2112,-524672,-27840,-896,,,,,,
182079787215200,63173974925873,71,-4672,-64,-2144,-525760,-28288,4928,,,,,,
182079788085500,63173975926206,72,-4512,-160,-2240,-524096,-28672,384,,,,,,
182079789096100,63173976922206,73,-4608,-448,-2752,-523008,-28032,1792,,,,,,
182079790311400,63173977922165,74,-4512,-192,-2752,-525760,-29056,-896,,,,,,
182079791096100,63173978921748,75,-4608,-736,-1952,-527040,-27584,1088,,,,,,
182079792218200,63173979921873,76,-4992,32,-2880,-526656,-28672,2176,,,,,,
182079793097500,63173980927831,77,-4448,-256,-2624,-526656,-28288,-64,,,,,,
182079794092700,63173981922206,78,-4704,-416,-2144,-524416,-28608,1280,,,,,,
182079795093100,63173982918956,79,-4768,-64,-2912,-523264,-27776,-64,,,,,,
182079796097600,63173983923040,80,-4928,-448,-2144,-525120,-29312,1728,,,,,,
182079797100500,63173984921123,81,-4640,-320,-2976,-526208,-26624,-1984,,,,,,
182079798093700,63173985920373,82,-4800,-480,-2432,-524928,-28864,1664,,,,,,
182079799095900,63173986921748,83,-4448,32,-2784,-522560,-27328,320,,,,,,
182079800100600,63173987924415,84,-4768,-352,-2688,-524352,-29504,2368,,,,,,
182079801089300,63173988918373,85,-4192,-480,-2112,-524288,-28288,1920,,,,,,
182079802096100,63173989917790,86,-4992,-544,-2368,-524800,-28416,1792,,,,,,
182079803098100,63173990920706,87,-4832,-640,-2784,-523584,-28800,4096,,,,,,
182079804095700,63173991920498,88,-4512,-256,-2688,-526592,-28928,1792,,,,,,
182079805095700,63173992918415,89,-5376,-224,-2688,-524608,-29632,1216,,,,,,
182079806094600,63173993920998,90,-4832,-544,-2144,-523968,-27840,2816,,,,,,
182079807089400,63173994922540,91,-4832,-192,-2624,-524992,-27392,2304,,,,,,
182079808094100,63173995918415,92,-5088,-64,-2304,-524160,-28352,2304,,,,,,
182079809090600,63173996920915,93,-4672,-128,-2432,-525760,-28416,3392,,,,,,
182079810092900,63173997920456,94,-4576,-352,-1984,-526208,-27392,2880,,,,,,
182079811095400,63173998920665,95,-5120,-32,-3072,-523840,-28352,2304,,,,,,
182079812223800,63173999920415,96,-4832,384,-2912,-524224,-28352,704,,,,,,
182079813098500,63174000922040,97,-4544,160,-2400,-525184,-27456,-1600,,,,,,
182079814094400,63174001920040,98,-4736,224,-2496,-524992,-28096,704,,,,,,
182079815206600,63174002922748,99,-5024,320,-2368,-525312,-27840,2752,,,,,,
182079816089200,63174003919873,100,-4416,-160,-2048,-524992,-28928,2176,,,,,,
182079817095100,63174004922290,101,-4992,256,-2848,-524224,-28736,-64,,,,,,
182079818089100,63174005920790,102,-4960,192,-1792,-524992,-28352,2368,,,,,,
182079819092700,63174006921748,103,-4576,480,-2336,-524544,-27840,1920,,,,,,
182079820094800,63174007919623,104,-4480,352,-2176,-524160,-27520,960,,,,,,
182079821099300,63174008920748,105,-5088,192,-2624,-525120,-28032,256,,,,,,
182079822220800,63174009922540,106,-4384,352,-2336,-523584,-29312,1792,,,,,,
182079823096200,63174010921498,107,-4928,512,-3104,-524800,-27840,1920,,,,,,
182079824094200,63174011925290,108,-3968,160,-2368,-527360,-28800,-832,,,,,,
182079825091800,63174012923540,109,-5120,768,-2400,-524096,-27072,2816,,,,,,
182079826095600,63174013921748,110,-5408,1184,-2848,-523584,-28032,2624,,,,,,
182079827090600,63174014919623,111,-5024,960,-3040,-525056,-29120,1024,,,,,,
182079828095400,63174015919540,112,-4704,672,-2400,-523840,-28800,1024,,,,,,
182079829098700,63174016920540,113,-5152,800,-3104,-524928,-29184,3008,,,,,,
182079830094600,63174017920498,114,-5280,544,-2752,-524672,-27520,1280,,,,,,
182079831093300,63174018919040,115,-4992,1344,-3200,-525056,-28096,3392,,,,,,
182079832267700,63174019920165,116,-4992,768,-2496,-526400,-28928,2304,,,,,,
182079833102800,63174020918040,117,-3904,800,-2240,-523648,-30720,1344,,,,,,
182079834092400,63174021917498,118,-4768,1120,-2816,-524032,-29760,3008,,,,,,
182079835093200,63174022919040,119,-4864,800,-2848,-524480,-27520,1984,,,,,,
182079836090800,63174023920706,120,-4896,512,-2304,-525376,-29376,2432,,,,,,
182079837207500,63174024927998,121,-5056,1472,-3040,-524736,-29760,1536,,,,,,
182079838101400,63174025921373,122,-4544,544,-2176,-524352,-29632,1600,,,,,,
182079839096400,63174026920331,123,-4096,1024,-2304,-524160,-29888,3008,,,,,,
182079840150800,63174027919290,124,-4480,832,-2272,-525696,-27456,960,,,,,,
182079841106900,63174028918998,125,-4928,1152,-3072,-524096,-28352,1408,,,,,,
182079842097600,63174029917040,126,-4512,896,-2208,-523776,-27968,832,,,,,,
182079843086700,63174030916873,127,-4992,1280,-2976,-524288,-28736,2240,,,,,,
182079844094200,63174031916665,128,-4544,1312,-2272,-525696,-28352,2752,,,,,,
182079845092100,63174032916831,129,-4800,1024,-2720,-524160,-27840,5056,,,,,,
182079846087200,63174033916623,130,-4704,1184,-2336,-524928,-29440,128,,,,,,
182079847094200,63174034917290,131,-4800,1184,-2464,-525184,-27328,2816,,,,,,
182079848083400,63174035916665,132,-4576,1376,-2560,-524096,-27712,2560,,,,,,
182079849101100,63174036916581,133,-4704,1664,-2848,-524928,-27392,1664,,,,,,
182079850088200,63174037916623,134,-4384,1408,-2208,-523776,-27648,2240,,,,,,
182079851106800,63174038917706,135,-4896,1504,-2368,-526656,-29056,256,,,,,,
182079852086200,63174039916498,136,-4896,1664,-2880,-524160,-30080,896,,,,,,
182079853101700,63174040916748,137,-4672,1824,-2560,-524736,-29120,1600,,,,,,
182079854095800,63174041917373,138,-4416,1536,-1728,-524928,-28672,3456,,,,,,
182079855092000,63174042916706,139,-5088,2048,-2432,-525248,-29504,2112,,,,,,
182079856094900,63174043916748,140,-4608,1504,-2144,-525248,-28800,1472,,,,,,
182079857090200,63174044916540,141,-4160,1472,-2528,-523520,-27840,-576,,,,,,
182079858098500,63174045916581,142,-4896,1952,-2560,-524608,-28544,1472,,,,,,
182079859095200,63174046916581,143,-4512,1856,-2752,-526400,-27520,3072,,,,,,
182079860092900,63174047916790,144,-4896,1280,-2144,-523520,-28032,960,,,,,,
182079861096000,63174048916748,145,-4448,1984,-1824,-524672,-29056,576,,,,,,
182079862092400,63174049916456,146,-5120,1600,-2336,-525120,-29120,2944,,,,,,
182079863094500,63174050918873,147,-4352,2016,-2240,-524672,-27520,4416,,,,,,
182079864086900,63174051919540,148,-4384,1536,-2912,-524480,-26624,576,,,,,,
182079865080200,63174052918040,149,-3712,1856,-2304,-525120,-27136,3584,,,,,,
182079866083600,63174053916581,150,-4896,2112,-2624,-522880,-28160,1344,,,,,,
182079867088400,63174054916456,151,-4928,1888,-2624,-525696,-28800,1728,,,,,,
182079868080000,63174055916623,152,-4288,2176,-2752,-524160,-27456,-640,,,,,,
182079869083800,63174056916623,153,-4672,1856,-3360,-523776,-26880,576,,,,,,
182079870144800,63174057916665,154,-4832,1696,-1696,-524864,-28608,2496,,,,,,
182079871086200,63174058916623,155,-4832,1984,-2976,-525312,-27456,1600,,,,,,
182079872087900,63174059916581,156,-4480,1920,-2272,-525952,-27456,4288,,,,,,
182079873094300,63174060918581,157,-4800,2432,-2560,-524928,-27328,-448,,,,,,
182079874097700,63174061916706,158,-4672,2368,-2272,-522816,-27968,-448,,,,,,
182079875092400,63174062916748,159,-4928,2048,-2912,-525376,-28288,1152,,,,,,
182079876092200,63174063916790,160,-5280,2656,-3392,-524608,-30080,-832,,,,,,
182079877095100,63174064916415,161,-4832,2272,-2464,-524288,-28736,-192,,,,,,
182079878093300,63174065916623,162,-4832,2080,-2848,-525504,-26176,-640,,,,,,
182079879093500,63174066916665,163,-4480,2368,-2592,-524608,-28800,1920,,,,,,
182079880089700,63174067916706,164,-4768,2368,-2592,-524800,-28544,2816,,,,,,
182079881098700,63174068916623,165,-4672,2528,-3072,-524224,-28032,64,,,,,,
182079882093600,63174069916581,166,-4544,1696,-2464,-523456,-29248,1664,,,,,,
182079883130100,63174070916248,167,-4864,2496,-3072,-525312,-27584,576,,,,,,
182079884099700,63174071916706,168,-4064,2272,-2432,-523264,-29632,1216,,,,,,
182079885096800,63174072916665,169,-5088,1952,-2496,-523840,-29568,512,,,,,,
182079886094800,63174073916706,170,-4320,2080,-2656,-523200,-28608,1408,,,,,,
182079887094700,63174074916415,171,-4288,2368,-3392,-525504,-28992,2496,,,,,,
182079888096900,63174075916581,172,-4160,1920,-3296,-524288,-29184,1216,,,,,,
182079889095600,63174076916415,173,-5056,2240,-2560,-524992,-28224,2816,,,,,,
182079890317700,63174077916581,174,-4480,2496,-3264,-524800,-28480,1600,,,,,,
182079891097700,63174078916665,175,-4608,1888,-2528,-524480,-29120,1536,,,,,,
182079892088500,63174079916665,176,-4928,1824,-2688,-523712,-28800,3584,,,,,,
182079893091700,63174080920123,177,-4800,2112,-2976,-526144,-27904,1216,,,,,,
182079894091600,63174081916665,178,-4352,2016,-2720,-525248,-28672,256,,,,,,
182079895090700,63174082916706,179,-5216,2176,-3776,-523968,-29632,2752,,,,,,
182079896087400,63174083916665,180,-4672,1856,-2624,-524672,-27904,-64,,,,,,
182079897088000,63174084916665,181,-4896,1952,-2496,-524544,-28416,1600,,,,,,
182079898112200,63174085916248,182,-4480,2016,-2720,-524288,-29120,576,,,,,,
182079899104100,63174086916540,183,-4800,1600,-2272,-522880,-28672,1536,,,,,,
182079900105300,63174087917831,184,-4896,1856,-2688,-524224,-27328,3520,,,,,,
182079901091100,63174088916623,185,-4352,1568,-2784,-523264,-28288,192,,,,,,
182079902092300,63174089916748,186,-4512,1984,-2720,-525440,-28672,512,,,,,,
182079903092800,63174090916665,187,-4800,1888,-2336,-525568,-29568,512,,,,,,
182079904093600,63174091916498,188,-4480,1504,-2272,-524928,-27520,1280,,,,,,
182079905095500,63174092916748,189,-4544,1696,-2592,-522304,-29376,960,,,,,,
182079906098900,63174093916831,190,-4896,1920,-2240,-526016,-30656,1408,,,,,,
182079907097600,63174094916706,191,-4352,1728,-2752,-525248,-28800,384,,,,,,
182079908103300,63174095916665,192,-4960,2304,-2560,-526016,-27776,1408,,,,,,
182079909097100,63174096916498,193,-5088,1760,-2784,-524864,-27136,1216,,,,,,
182079910092500,63174097916623,194,-4832,1728,-2912,-525632,-30464,-640,,,,,,
182079911093900,63174098917706,195,-4416,1792,-2304,-525120,-28416,1216,,,,,,
182079912085400,63174099916748,196,-4160,1536,-2176,-525504,-28032,1984,,,,,,
182079913102100,63174100916831,197,-4608,1568,-2272,-525248,-26240,640,,,,,,
182079914093700,63174101916540,198,-4960,1696,-2944,-524032,-28416,1280,,,,,,
182079915243500,63174102916165,199,-5088,2080,-2688,-522240,-27776,1728,,,,,,
182079916096900,63174103917915,200,-4992,1344,-2656,-525440,-27072,2048,,,,,,
182079917093600,63174104916665,201,-4160,1536,-2656,-523776,-28288,2624,,,,,,
182079918094200,63174105916706,202,-5184,2080,-2368,-524864,-27136,-64,,,,,,
182079919095900,63174106916540,203,-4288,1664,-2944,-524416,-28160,384,,,,,,
182079920096400,63174107917623,204,-4512,1696,-2688,-523968,-27840,1472,,,,,,
182079921097000,63174108916540,205,-4672,1696,-2144,-524608,-27712,1856,,,,,,
182079922088000,63174109916873,206,-4640,1504,-2112,-523200,-28992,2112,,,,,,
182079923335300,63174110918331,207,-4864,1632,-2368,-525376,-29056,1408,,,,,,
182079924216600,63174111917415,208,-4704,1568,-1728,-525504,-28672,832,,,,,,
182079925092800,63174112918540,209,-5056,1568,-2208,-523840,-29056,768,,,,,,
182079926090300,63174113916748,210,-4768,1792,-2080,-523712,-26304,704,,,,,,
182079927092500,63174114916748,211,-4544,1600,-2752,-523904,-29248,-1088,,,,,,
182079928092100,63174115916748,212,-5120,1632,-2432,-524160,-29184,2624,,,,,,
182079929096300,63174116917081,213,-4928,1728,-2176,-525120,-29248,-768,,,,,,
182079930090700,63174117916748,214,-4448,1664,-2304,-524416,-28608,1984,,,,,,
182079931225100,63174118916623,215,-5120,1408,-2048,-523712,-29440,960,,,,,,
182079932110700,63174119916665,216,-4768,1888,-2432,-523200,-26816,1408,,,,,,
182079933098500,63174120916665,217,-4256,1184,-2432,-522944,-27520,256,,,,,,
182079934093900,63174121916415,218,-4704,1856,-2432,-526080,-28544,1024,,,,,,
182079935093100,63174122917165,219,-4544,1504,-2368,-524544,-28160,2496,,,,,,
182079936096000,63174123916581,220,-5184,1344,-2688,-523776,-28160,-704,,,,,,
182079937096000,63174124916623,221,-4704,1792,-2528,-525184,-26496,896,,,,,,
182079938099600,63174125916790,222,-5024,1856,-2688,-525440,-30720,128,,,,,,
182079939098500,63174126916456,223,-4960,1408,-2720,-524096,-27840,192,,,,,,
182079940134800,63174127916748,224,-5088,1280,-2240,-525952,-27648,-960,,,,,,
182079941092600,63174128917998,225,-5024,1440,-2656,-523520,-27008,-768,,,,,,
182079942088500,63174129916623,226,-4864,1600,-3232,-525440,-27776,1344,,,,,,
182079943090100,63174130917831,227,-5024,1248,-2528,-524480,-28608,1728,,,,,,
182079944088800,63174131916498,228,-4448,1056,-2496,-525248,-29376,896,,,,,,
182079945094800,63174132916665,229,-4640,704,-2432,-525888,-26944,960,,,,,,
182079946086600,63174133916581,230,-4992,640,-3200,-524544,-28864,256,,,,,,
182079947085200,63174134916665,231,-4288,832,-2496,-525568,-27584,-2368,,,,,,
182079948103300,63174135916748,232,-4928,672,-3552,-524352,-28608,-1344,,,,,,
182079949089100,63174136916415,233,-4768,544,-2272,-525120,-28608,-1728,,,,,,
182079950088200,63174137916623,234,-4224,32,-2752,-524480,-28416,-896,,,,,,
182079951100600,63174138916540,235,-4800,416,-3040,-524800,-27584,1152,,,,,,
182079952093700,63174139916831,236,-5152,-160,-2208,-524608,-28032,-576,,,,,,
182079953091700,63174140916748,237,-4928,544,-3488,-524608,-27840,0,,,,,,
182079954093200,63174141917373,238,-4416,32,-2752,-526208,-28608,192,,,,,,
182079955094300,63174142916790,239,-5344,32,-3392,-527104,-26560,-1152,,,,,,
182079956092700,63174143916540,240,-4704,-192,-2912,-525376,-28928,-256,,,,,,
182079957086300,63174144916665,241,-4736,-640,-2848,-523968,-27840,960,,,,,,
182079958081100,63174145917123,242,-4992,-320,-3264,-524992,-26816,2624,,,,,,
182079959077000,63174146916498,243,-4288,-576,-2112,-526784,-28288,-2048,,,,,,
182079960090500,63174147916665,244,-4864,-768,-2976,-525376,-29248,320,,,,,,
182079961091200,63174148916498,245,-4832,-736,-2688,-525120,-28672,-3584,,,,,,
182079962091900,63174149918123,246,-4992,-1120,-2912,-525120,-29504,1024,,,,,,
182079963092200,63174150916748,247,-4768,-704,-2656,-526016,-29312,2432,,,,,,
182079964093200,63174151916540,248,-4704,-1152,-2784,-525248,-30464,2752,,,,,,
182079965202900,63174152916707,249,-4736,-992,-3072,-524288,-27392,704,,,,,,
182079966098500,63174153916582,250,-4864,-1184,-3008,-524992,-30912,576,,,,,,
182079967093100,63174154916707,251,-4576,-1088,-2784,-524864,-28480,1024,,,,,,
182079968093900,63174155916707,252,-4768,-1216,-3328,-524224,-29376,832,,,,,,
182079969095900,63174156916373,253,-4768,-960,-3072,-525056,-29824,1216,,,,,,
182079970098400,63174157916665,254,-4288,-1376,-2720,-524992,-27584,-192,,,,,,
182079971098800,63174158916498,255,-4640,-1408,-1984,-525888,-28160,-704,,,,,,
182079972098800,63174159916665,0,-5184,-1088,-2400,-523776,-29056,832,,,,,,
182079973093300,63174160916623,1,-5024,-1088,-2336,-525632,-29056,2560,,,,,,
182079974097300,63174161916415,2,-4224,-1088,-3136,-524032,-27264,1088,,,,,,
182079975090300,63174162916832,3,-4736,-1504,-2528,-524224,-29248,3968,,,,,,
182079976087500,63174163916623,4,-4352,-1408,-2048,-524608,-27584,3008,,,,,,
182079977085800,63174164916748,5,-5120,-1056,-2784,-523840,-29376,-512,,,,,,
182079978109200,63174165916540,6,-5088,-960,-1952,-526720,-28224,1792,,,,,,
182079979091100,63174166916457,7,-4608,-1120,-2432,-525632,-28224,512,,,,,,
182079980090000,63174167916707,8,-4512,-1344,-2240,-525184,-28160,-128,,,,,,
182079981092900,63174168916582,9,-4960,-1504,-3008,-524800,-27392,3456,,,,,,
182079982089600,63174169916915,10,-4608,-1152,-2528,-526912,-29376,704,,,,,,
182079983099400,63174170916498,11,-4416,-1664,-1696,-524864,-28032,960,,,,,,
182079984095200,63174171916498,12,-4576,-832,-1920,-526080,-28224,3200,,,,,,
182079985092200,63174172916832,13,-4768,-928,-2784,-525120,-30656,1152,,,,,,
182079986090900,63174173916540,14,-4704,-1376,-2240,-524672,-28736,1280,,,,,,
182079987099400,63174174916748,15,-4224,-992,-2240,-525248,-27968,2368,,,,,,
182079988098400,63174175916665,16,-4800,-288,-2656,-525120,-28544,384,,,,,,
182079989093900,63174176916457,17,-4992,-896,-2464,-522176,-26944,640,,,,,,
182079990230400,63174177916707,18,-4096,-960,-2560,-525632,-28544,3712,,,,,,
182079991101300,63174178916540,19,-4288,-832,-1984,-526272,-28096,320,,,,,,
182079992094800,63174179918123,20,-5216,-512,-2816,-525376,-28544,-384,,,,,,
182079993089500,63174180916623,21,-4576,-768,-1760,-524352,-27008,1792,,,,,,
182079994093500,63174181917123,22,-4096,-608,-2336,-524672,-28672,1664,,,,,,
182079995086300,63174182917832,23,-4512,-672,-1984,-525888,-28032,1152,,,,,,
182079996094600,63174183916457,24,-4768,-544,-2528,-523520,-28480,2816,,,,,,
182079997089700,63174184916790,25,-4768,-160,-1760,-524544,-28992,832,,,,,,
182079998090100,63174185916582,26,-4928,-352,-2208,-522560,-28864,1536,,,,,,
182079999092100,63174186916415,27,-5088,-256,-2432,-525376,-27904,1984,,,,,,
182080000103500,63174187918290,28,-5024,-320,-2688,-524032,-28416,896,,,,,,
182080001093200,63174188916582,29,-4736,-352,-2112,-524288,-29632,2624,,,,,,
182080002091900,63174189916748,30,-4416,288,-2400,-525056,-28928,2624,,,,,,
182080003095500,63174190918165,31,-4832,224,-1984,-524352,-29760,832,,,,,,
182080004093300,63174191916540,32,-4544,288,-2560,-526144,-28288,2112,,,,,,
182080005094700,63174192916790,33,-4768,672,-2624,-522176,-28928,2112,,,,,,
182080006094000,63174193916498,34,-5248,448,-2496,-525376,-29312,3136,,,,,,
182080007095800,63174194916707,35,-4640,960,-2592,-524032,-28736,0,,,,,,
182080008095500,63174195916540,36,-4864,160,-2208,-524096,-28800,2880,,,,,,
182080009095700,63174196918915,37,-4512,768,-2432,-525184,-28480,3712,,,,,,
182080010113300,63174197916707,38,-4640,640,-2208,-523840,-28096,512,,,,,,
182080011103800,63174198916582,39,-4480,608,-2336,-524288,-28608,960,,,,,,
182080012093900,63174199918248,40,-4256,448,-1792,-523904,-30336,4096,,,,,,
182080013090300,63174200917873,41,-4448,512,-2112,-525952,-29760,4096,,,,,,
182080014092500,63174201916040,42,-4320,832,-1920,-523968,-27200,64,,,,,,
182080015323100,63174202916707,43,-4512,1248,-1888,-525440,-27456,3136,,,,,,
182080016093400,63174203916540,44,-4480,1472,-1760,-523712,-28736,1472,,,,,,
182080017089600,63174204916748,45,-5280,1312,-2528,-525056,-27904,3968,,,,,,
182080018092900,63174205916623,46,-5216,1312,-1920,-527104,-28416,4096,,,,,,
182080019094500,63174206917748,47,-4896,1760,-2272,-524224,-29696,2688,,,,,,
182080020095700,63174207916665,48,-4288,1376,-1984,-523328,-28224,1152,,,,,,
182080021097800,63174208916540,49,-4768,1824,-2336,-523712,-27008,448,,,,,,
182080022094800,63174209916748,50,-4736,1536,-1440,-524800,-28288,1344,,,,,,
182080023094200,63174210916540,51,-5056,1600,-2208,-523904,-28416,2112,,,,,,
182080024099700,63174211919540,52,-4672,2112,-1792,-524416,-27712,1216,,,,,,
182080025095900,63174212916748,53,-4224,1696,-1792,-524160,-25984,1152,,,,,,
182080026092300,63174213916457,54,-4640,2208,-2208,-524224,-28736,3200,,,,,,
182080027092900,63174214916748,55,-4928,2080,-1984,-524544,-27456,2624,,,,,,
182080028093900,63174215916623,56,-4448,1952,-1920,-525184,-29056,2176,,,,,,
182080029099400,63174216917207,57,-4480,1952,-1536,-525760,-27456,1600,,,,,,
182080030094000,63174217916790,58,-3936,2016,-1824,-524928,-29632,4416,,,,,,
182080031095100,63174218916540,59,-4992,2336,-1568,-524928,-29184,4480,,,,,,
182080032091200,63174219916790,60,-4512,2496,-1824,-524288,-27328,1152,,,,,,
182080033090300,63174220916582,61,-4960,2656,-2528,-524864,-28288,0,,,,,,
182080034089700,63174221917290,62,-4512,2144,-1856,-523008,-28096,2496,,,,,,
182080035098600,63174222920040,63,-4864,2240,-1984,-526976,-28736,4416,,,,,,
182080036095900,63174223916540,64,-4992,2496,-2304,-525248,-27648,2496,,,,,,
182080037097900,63174224916748,65,-4480,2496,-1472,-524864,-26112,3520,,,,,,
182080038093100,63174225917582,66,-4864,2208,-1504,-524416,-27136,1536,,,,,,
182080039093700,63174226917915,67,-4352,3360,-1728,-525120,-27904,2944,,,,,,
182080040097400,63174227916790,68,-4608,2624,-1696,-523648,-27456,3520,,,,,,
182080041097300,63174228916498,69,-5120,2880,-2880,-524672,-28224,3904,,,,,,
182080042091600,63174229917707,70,-4960,2560,-2080,-524736,-28032,5184,,,,,,
182080043096200,63174230916623,71,-4896,3296,-2016,-525120,-30272,2560,,,,,,
182080044093700,63174231917207,72,-5152,2976,-2112,-526080,-28544,448,,,,,,
182080045091700,63174232916665,73,-5248,3328,-2400,-523392,-28160,3776,,,,,,
182080046091800,63174233916582,74,-5024,3040,-2944,-523968,-27584,2752,,,,,,
182080047094700,63174234916915,75,-4832,3232,-2368,-522880,-27584,1984,,,,,,
182080048098200,63174235919290,76,-4640,3360,-2176,-523904,-27904,1344,,,,,,
182080049095000,63174236916790,77,-5312,3552,-2880,-523264,-27840,2688,,,,,,
182080050094600,63174237916707,78,-5280,3648,-2400,-524992,-28864,2688,,,,,,
182080051090200,63174238916373,79,-3616,3008,-2752,-524928,-27776,448,,,,,,
182080052202700,63174239916790,80,-4736,2976,-2368,-526144,-28352,4352,,,,,,
182080053094500,63174240917457,81,-4576,3776,-2560,-523328,-27584,3776,,,,,,
182080054089600,63174241916707,82,-4576,3040,-2592,-524928,-26624,2816,,,,,,
182080055090100,63174242916582,83,-4480,3296,-2304,-522816,-28288,-2176,,,,,,
182080056131200,63174243916498,84,-4608,3168,-2304,-524032,-27520,64,,,,,,
182080057106600,63174244916748,85,-5120,3648,-3104,-524992,-27584,2112,,,,,,
182080058105300,63174245916748,86,-4448,2752,-2976,-524032,-28672,576,,,,,,
182080059087100,63174246916790,87,-4608,3328,-2848,-522496,-27392,3136,,,,,,
182080060083600,63174247916707,88,-5056,3392,-2656,-523648,-28736,1216,,,,,,
182080061090700,63174248918665,89,-4608,2848,-2368,-521856,-27776,576,,,,,,
182080062100300,63174249916748,90,-4768,3136,-2656,-524288,-27328,1984,,,,,,
182080063096400,63174250916582,91,-4512,2944,-2752,-525248,-29248,2816,,,,,,
182080064091000,63174251916790,92,-4800,2560,-2656,-523776,-28864,576,,,,,,
182080065259100,63174252916582,93,-4640,2688,-2720,-524224,-28160,448,,,,,,
182080066095500,63174253917915,94,-4800,2816,-2464,-525184,-28032,192,,,,,,
182080067086100,63174254916832,95,-5024,3136,-2560,-524992,-26880,-2816,,,,,,
182080068086200,63174255916582,96,-4800,2464,-2592,-524480,-27584,704,,,,,,
182080069091800,63174256916748,97,-4704,2304,-2560,-525312,-28608,704,,,,,,
182080070095900,63174257916582,98,-5408,2368,-3648,-525056,-27456,512,,,,,,
182080071085400,63174258916165,99,-4384,2528,-2944,-523456,-28224,2112,,,,,,
182080072105200,63174259916623,100,-4928,1824,-3392,-524608,-28352,512,,,,,,
182080073100800,63174260918373,101,-5216,2144,-3232,-524416,-25920,-1024,,,,,,
182080074115100,63174261916790,102,-4736,1792,-2848,-524928,-28096,128,,,,,,
182080075101400,63174262916582,103,-4640,1728,-3104,-524992,-29760,-448,,,,,,
182080076094200,63174263917415,104,-4928,1792,-3520,-525120,-27264,896,,,,,,
182080077084500,63174264916748,105,-4608,1728,-1888,-523712,-28480,-2304,,,,,,
182080078085000,63174265916457,106,-4480,1568,-3008,-524992,-27264,896,,,,,,
182080079101500,63174266916748,107,-4416,1632,-2880,-524224,-27584,128,,,,,,
182080080100000,63174267916582,108,-5248,1184,-3488,-523584,-29056,-576,,,,,,
182080081092500,63174268916498,109,-5152,832,-3104,-526080,-29248,0,,,,,,
182080082086400,63174269917165,110,-4896,1472,-2848,-524544,-27712,-192,,,,,,
182080083100000,63174270916498,111,-5088,384,-2944,-525184,-28672,1280,,,,,,
182080084080100,63174271917790,112,-5280,256,-3200,-524800,-30016,-1792,,,,,,
182080085096500,63174272916582,113,-4960,352,-3424,-526144,-27392,1024,,,,,,
182080086088100,63174273916540,114,-5216,800,-2880,-524416,-28864,-1408,,,,,,
182080087097100,63174274916665,115,-5248,384,-3040,-524224,-28096,768,,,,,,
182080088082100,63174275916540,116,-5568,160,-2784,-523776,-28800,1664,,,,,,
182080089096900,63174276916748,117,-4960,480,-2912,-524928,-29952,-1280,,,,,,
182080090085100,63174277916623,118,-4608,-288,-3232,-524480,-27136,704,,,,,,
182080091099000,63174278916207,119,-5216,-64,-3136,-524544,-30080,-2624,,,,,,
182080092097700,63174279916582,120,-4800,448,-3168,-525888,-28224,-64,,,,,,
182080093092300,63174280917498,121,-4992,-192,-2752,-524544,-28160,2112,,,,,,
182080094106500,63174281917332,122,-4608,-384,-2368,-527040,-28544,1344,,,,,,
182080095079200,63174282916665,123,-4992,-288,-3232,-524352,-30080,-448,,,,,,
182080096081000,63174283916582,124,-5088,-320,-2528,-523392,-27776,-1984,,,,,,
182080097084200,63174284916665,125,-4288,-288,-2944,-524416,-28864,1664,,,,,,
182080098181800,63174285916457,126,-4384,-608,-2080,-523200,-30464,1536,,,,,,
182080099084100,63174286918248,127,-4992,32,-2368,-524288,-28160,-128,,,,,,
182080100094100,63174287916498,128,-4800,-448,-2528,-524864,-27968,1472,,,,,,
182080101099200,63174288916540,129,-4704,-800,-2080,-522816,-29696,2240,,,,,,
182080102084100,63174289916623,130,-5472,-224,-3040,-523392,-27584,0,,,,,,
182080103092300,63174290916790,131,-4800,-512,-2816,-525568,-28352,768,,,,,,
182080104078100,63174291916873,132,-4864,-576,-2112,-523072,-28160,704,,,,,,
182080105082400,63174292916623,133,-5120,-288,-2528,-524864,-27840,-1664,,,,,,
182080106083000,63174293916623,134,-4704,-160,-2272,-524288,-29120,2176,,,,,,
182080107091900,63174294916540,135,-5152,-128,-2720,-524544,-28608,1792,,,,,,
182080108099600,63174295917582,136,-4544,-96,-2624,-523200,-28928,2240,,,,,,
182080109092900,63174296916665,137,-4800,-512,-3040,-524864,-27712,2944,,,,,,
182080110082000,63174297916498,138,-5184,-288,-2944,-524736,-28096,1088,,,,,,
182080111083300,63174298917207,139,-4576,-192,-1824,-523648,-28800,1728,,,,,,
182080112089500,63174299917707,140,-4864,0,-2592,-526208,-28160,2176,,,,,,
182080113128200,63174300916623,141,-5312,96,-2304,-526144,-29760,1280,,,,,,
182080114085400,63174301916790,142,-4480,0,-2112,-526848,-28352,-64,,,,,,
182080115080300,63174302916540,143,-4480,-320,-2432,-524928,-28608,2560,,,,,,
182080116086200,63174303916665,144,-4352,64,-1792,-522624,-28224,1664,,,,,,
182080117089100,63174304916707,145,-4896,256,-2240,-524288,-27392,2816,,,,,,
182080118091800,63174305916665,146,-4416,384,-2304,-524800,-29632,2624,,,,,,
182080119080200,63174306916707,147,-4864,608,-2368,-523776,-28608,3392,,,,,,
182080120090200,63174307916582,148,-5056,512,-2144,-525056,-28160,1536,,,,,,
182080121089600,63174308916623,149,-5056,704,-2336,-523712,-27712,1536,,,,,,
182080122084600,63174309916623,150,-4896,736,-2592,-524736,-27584,3072,,,,,,
182080123089400,63174310918832,151,-4672,1216,-2784,-524160,-28928,3648,,,,,,
182080124096700,63174311916707,152,-4096,928,-2240,-524352,-27264,4096,,,,,,
182080125093700,63174312916457,153,-5024,1344,-2624,-523520,-26752,4032,,,,,,
182080126081200,63174313916582,154,-4864,1024,-1984,-525184,-29568,-576,,,,,,
182080127081500,63174314916623,155,-5024,1600,-2336,-523968,-28224,1408,,,,,,
182080128083100,63174315916582,156,-4928,1632,-2912,-525632,-28800,2752,,,,,,
182080129086200,63174316916748,157,-4384,1472,-2624,-524096,-27712,-448,,,,,,
182080130092700,63174317916707,158,-4864,1888,-1920,-524288,-28032,1728,,,,,,
182080131085000,63174318916540,159,-4768,2272,-2880,-525952,-28480,3456,,,,,,
182080132096700,63174319916623,160,-4576,1888,-2304,-524288,-26816,1024,,,,,,
182080133080500,63174320916623,161,-4000,2112,-2304,-524672,-28672,-128,,,,,,
182080134092700,63174321916665,162,-4576,1568,-2496,-526144,-29376,3072,,,,,,
182080135079300,63174322919498,163,-4640,2496,-3008,-526464,-30656,640,,,,,,
182080136094400,63174323916540,164,-4384,2208,-2816,-524096,-27072,2368,,,,,,
182080137092800,63174324916665,165,-4320,2080,-2688,-524992,-30592,3008,,,,,,
182080138093100,63174325916707,166,-4128,1696,-2176,-524160,-28480,1792,,,,,,
182080139079600,63174326916748,167,-4384,2208,-2240,-523840,-29440,-512,,,,,,
182080140082300,63174327916207,168,-4672,1984,-2784,-524160,-28928,2944,,,,,,
182080141086500,63174328916623,169,-4608,2080,-2400,-523328,-29760,2176,,,,,,
182080142100100,63174329916707,170,-4704,2080,-1920,-523584,-29632,-256,,,,,,
182080143095400,63174330916623,171,-4576,2464,-3072,-524224,-28608,3008,,,,,,
182080144076800,63174331918165,172,-3968,2240,-2176,-525696,-28608,-1024,,,,,,
182080145085600,63174332916498,173,-4448,2336,-2496,-524224,-29824,1792,,,,,,
182080146094300,63174333916623,174,-4768,2144,-1728,-523008,-29120,3584,,,,,,
182080147082700,63174334918123,175,-5280,2240,-2400,-524096,-27584,3968,,,,,,
182080148084000,63174335916582,176,-4256,2528,-2272,-524992,-28928,320,,,,,,
182080149086300,63174336916707,177,-4448,2400,-2336,-524480,-28544,1536,,,,,,
182080150093000,63174337917290,178,-4864,2240,-2176,-524480,-28480,512,,,,,,
182080151093000,63174338916582,179,-4576,1856,-2272,-524224,-27264,768,,,,,,
182080152090600,63174339916582,180,-4800,1824,-1856,-524800,-30336,-768,,,,,,
182080153081500,63174340917123,181,-4864,2528,-1984,-525376,-28096,896,,,,,,
182080154086600,63174341919165,182,-4960,2304,-2336,-524608,-30656,1152,,,,,,
182080155170600,63174342916832,183,-4448,2080,-2176,-525312,-27776,448,,,,,,
182080156088700,63174343916582,184,-5024,2176,-2624,-524288,-29440,1856,,,,,,
182080157095200,63174344916665,185,-5120,2272,-2016,-525952,-27840,2240,,,,,,
182080158084600,63174345916582,186,-4608,1792,-2176,-524672,-28544,512,,,,,,
182080159090000,63174346916748,187,-4352,2272,-1824,-524352,-29376,768,,,,,,
182080160087200,63174347919457,188,-4384,2144,-1920,-523840,-29824,-512,,,,,,
182080161085700,63174348916498,189,-4544,1696,-1920,-524800,-29696,2240,,,,,,
182080162088200,63174349916582,190,-4768,2208,-1344,-524096,-29888,1472,,,,,,
182080163074600,63174350916582,191,-4672,2272,-2368,-523136,-26752,64,,,,,,
182080164088600,63174351916707,192,-5312,2240,-2304,-525376,-28160,2240,,,,,,
182080165206800,63174352916623,193,-5184,2112,-1952,-523456,-28864,448,,,,,,
182080166100400,63174353917498,194,-4672,1440,-1856,-522944,-27840,1728,,,,,,
182080167087300,63174354916582,195,-4544,2080,-1696,-523648,-28928,448,,,,,,
182080168081700,63174355916540,196,-4640,1536,-1696,-525632,-29760,-1664,,,,,,
182080169088900,63174356916665,197,-4992,1568,-2336,-524096,-28096,-1408,,,,,,
182080170077100,63174357917998,198,-4992,1344,-1600,-523520,-28992,2432,,,,,,
182080171086400,63174358917415,199,-4448,1696,-1216,-525120,-29888,768,,,,,,
182080172091500,63174359916582,200,-4480,2016,-1792,-523712,-28992,2176,,,,,,
182080173091400,63174360918040,201,-4608,1568,-1504,-524160,-28480,-1024,,,,,,
182080174085600,63174361916748,202,-4416,1632,-2048,-525504,-26880,64,,,,,,
182080175092400,63174362916582,203,-4384,1536,-1952,-523904,-28160,-384,,,,,,
182080176087700,63174363916707,204,-4448,864,-1248,-525376,-28352,-448,,,,,,
182080177094100,63174364916582,205,-4736,1632,-1856,-525504,-27840,832,,,,,,
182080178099200,63174365916665,206,-4896,1504,-1952,-525504,-28736,448,,,,,,
182080179093800,63174366916707,207,-4800,1440,-2336,-523264,-28800,1408,,,,,,
182080180093500,63174367916582,208,-4608,1120,-1152,-523456,-26304,-1792,,,,,,
182080181096000,63174368916665,209,-4256,1280,-1952,-525376,-28480,-1216,,,,,,
182080182081000,63174369919665,210,-4896,1472,-2304,-522944,-28544,1408,,,,,,
182080183102400,63174370919582,211,-4800,1056,-1792,-524288,-27840,-576,,,,,,
182080184081100,63174371916540,212,-4384,960,-2048,-524288,-27712,2112,,,,,,
182080185085700,63174372916623,213,-5664,1152,-2400,-523968,-27648,384,,,,,,
182080186088600,63174373916373,214,-4256,640,-2464,-523136,-28544,2496,,,,,,
182080187078400,63174374917373,215,-4672,1120,-1760,-524288,-28544,-384,,,,,,
182080188091100,63174375916623,216,-4800,1152,-1856,-526336,-28608,320,,,,,,
182080189093300,63174376916623,217,-4672,832,-2848,-523712,-28160,-1408,,,,,,
182080190132000,63174377917290,218,-4512,352,-2304,-525120,-26880,1792,,,,,,
182080191100300,63174378916665,219,-4288,864,-2304,-526016,-27072,-960,,,,,,
182080192094800,63174379917332,220,-4352,768,-3456,-524352,-28288,704,,,,,,
182080193093300,63174380916582,221,-4352,-64,-2592,-525184,-29440,-256,,,,,,
182080194094900,63174381916665,222,-4512,512,-2208,-523776,-28992,-512,,,,,,
182080195093300,63174382919498,223,-4960,-64,-2368,-525696,-27456,-640,,,,,,
182080196093700,63174383918207,224,-4448,288,-3168,-523968,-28608,1344,,,,,,
182080197097500,63174384916582,225,-4640,-320,-2368,-525568,-30080,320,,,,,,
182080198093900,63174385916707,226,-4544,-96,-2944,-523648,-29120,-576,,,,,,
182080199109300,63174386916665,227,-4544,-288,-2688,-524096,-28160,-512,,,,,,
182080200090300,63174387916665,228,-4320,192,-2816,-526336,-28224,-2560,,,,,,
182080201109400,63174388916832,229,-4256,-608,-2688,-524480,-27648,-128,,,,,,
182080202094100,63174389917332,230,-4768,-448,-2400,-524800,-29248,-1728,,,,,,
182080203092600,63174390916748,231,-5376,-192,-3168,-524672,-28288,-1344,,,,,,
182080204095900,63174391916623,232,-4576,-992,-2016,-525312,-29120,1536,,,,,,
182080205097100,63174392916707,233,-4608,-960,-2496,-523264,-27648,-640,,,,,,
182080206096400,63174393918665,234,-4544,-704,-2880,-523968,-28096,-256,,,,,,
182080207090800,63174394916665,235,-4672,-864,-2528,-524864,-28928,1152,,,,,,
182080208091600,63174395916498,236,-4768,-1568,-2496,-524480,-28288,64,,,,,,
182080209105300,63174396916623,237,-4992,-1216,-3040,-523520,-29056,192,,,,,,
182080210112500,63174397917748,238,-5184,-1760,-2784,-524544,-28032,64,,,,,,
182080211094100,63174398916665,239,-4960,-1056,-2624,-524352,-28992,512,,,,,,
182080212092300,63174399916415,240,-5184,-1728,-2752,-524096,-28544,1152,,,,,,
182080213095200,63174400918498,241,-4736,-1696,-2656,-523584,-28608,2688,,,,,,
182080214095800,63174401916623,242,-5152,-1824,-2816,-523648,-28224,-1408,,,,,,
182080215350300,63174402916582,243,-4672,-1120,-2976,-525760,-28416,-512,,,,,,
182080216096400,63174403916623,244,-4864,-2272,-1696,-524672,-28352,384,,,,,,
182080217107900,63174404916748,245,-4992,-1696,-2272,-523136,-27456,1984,,,,,,
182080218092600,63174405916748,246,-4544,-1856,-2752,-524800,-29056,1472,,,,,,
182080219094400,63174406916623,247,-4928,-1984,-2656,-523712,-28864,832,,,,,,
182080220092900,63174407916665,248,-4480,-2304,-2464,-525888,-27584,2176,,,,,,
182080221097300,63174408916707,249,-4608,-2240,-2016,-523520,-28672,1728,,,,,,
182080222092600,63174409916748,250,-4992,-1504,-2592,-524160,-28224,1408,,,,,,
182080223094800,63174410916623,251,-5088,-1728,-2912,-523328,-29504,1536,,,,,,
182080224097200,63174411916707,252,-4992,-1888,-2336,-524928,-29568,704,,,,,,
182080225089800,63174412916582,253,-5024,-1856,-2528,-525120,-29568,1728,,,,,,
182080226090900,63174413916707,254,-4736,-2176,-2176,-523648,-29504,-960,,,,,,
182080227094700,63174414916665,255,-4992,-1856,-2464,-524352,-28992,2176,,,,,,
182080228095000,63174415916498,0,-5472,-1408,-2592,-525056,-28992,1280,,,,,,
182080229100800,63174416916582,1,-4608,-2336,-2688,-523904,-27968,0,,,,,,
182080230099400,63174417916623,2,-4832,-1568,-2720,-522432,-28800,4800,,,,,,
182080231101300,63174418916707,3,-4768,-1440,-2080,-523840,-26816,1024,,,,,,
182080232093200,63174419916665,4,-4896,-1408,-2464,-526784,-30592,2048,,,,,,
182080233097300,63174420916540,5,-4896,-1120,-2208,-524608,-29056,1472,,,,,,
182080234096300,63174421916665,6,-4864,-1440,-2432,-524096,-28864,1408,,,,,,
182080235095100,63174422916748,7,-4768,-1952,-2560,-523904,-29184,1856,,,,,,
182080236099700,63174423916832,8,-4704,-1120,-2496,-525248,-29056,1984,,,,,,
182080237099200,63174424916582,9,-4960,-1024,-1824,-524736,-28096,1984,,,,,,
182080238095600,63174425916498,10,-4800,-640,-2240,-525440,-27200,3136,,,,,,
182080239094400,63174426916665,11,-4448,-704,-2592,-523904,-26432,4416,,,,,,
182080240092800,63174427916623,12,-5280,-544,-2592,-523648,-28160,5568,,,,,,
182080241097700,63174428916707,13,-4736,-352,-2400,-525376,-26624,2880,,,,,,
182080242094800,63174429916415,14,-4384,-736,-2208,-524608,-28224,3648,,,,,,
182080243094900,63174430916540,15,-4672,-256,-2656,-525184,-27392,2816,,,,,,
182080244099900,63174431917207,16,-4800,0,-2560,-524160,-28736,1600,,,,,,
182080245100100,63174432916498,17,-4832,-64,-2432,-525888,-29568,4928,,,,,,
182080246097900,63174433916748,18,-4736,256,-2720,-523904,-28864,2496,,,,,,
182080247100000,63174434916665,19,-4864,512,-2240,-524096,-28928,1472,,,,,,
182080248101000,63174435916540,20,-5152,192,-2912,-523840,-27456,4288,,,,,,
182080249097300,63174436916665,21,-5024,704,-2496,-523520,-28864,5824,,,,,,
182080250091500,63174437916623,22,-4640,864,-2432,-524416,-30144,6208,,,,,,
182080251093900,63174438916665,23,-4320,992,-2080,-523392,-28800,704,,,,,,
182080252089300,63174439916290,24,-4832,1312,-3104,-523648,-28352,4864,,,,,,
182080253097100,63174440916873,25,-4000,1248,-1888,-525312,-30400,2816,,,,,,
182080254092500,63174441916540,26,-4576,1472,-1568,-524032,-29632,4032,,,,,,
182080255092500,63174442916623,27,-4704,1600,-2016,-525248,-29248,3392,,,,,,
182080256087800,63174443917415,28,-4288,2368,-2432,-523072,-30720,4544,,,,,,
182080257089800,63174444916623,29,-4352,2048,-2720,-526528,-30144,2240,,,,,,
182080258096200,63174445916457,30,-4192,1984,-2592,-523904,-29568,1088,,,,,,
182080259092000,63174446916707,31,-4320,2016,-2080,-522944,-27200,4160,,,,,,
182080260087800,63174447916582,32,-4768,2528,-2496,-525376,-30208,3264,,,,,,
182080261100600,63174448916707,33,-4896,2336,-2176,-524928,-30912,320,,,,,,
182080262084100,63174449916582,34,-4384,2560,-2464,-524800,-29696,1984,,,,,,
182080263107700,63174450917998,35,-4864,2752,-2528,-525952,-28928,2048,,,,,,
182080264089600,63174451916582,36,-4480,2368,-1984,-525312,-28416,3840,,,,,,
182080265241800,63174452916665,37,-4384,3136,-2016,-524416,-29184,1792,,,,,,
182080266091900,63174453917873,38,-4576,2400,-1632,-523136,-29632,2368,,,,,,
182080267096300,63174454917707,39,-4960,3008,-1920,-523968,-28736,2496,,,,,,
182080268097000,63174455916415,40,-4512,3520,-2368,-525760,-27840,4544,,,,,,
182080269096500,63174456916332,41,-4704,2880,-1920,-524736,-27904,2176,,,,,,
182080270093200,63174457916665,42,-4512,3328,-1504,-525952,-29696,2368,,,,,,
182080271094700,63174458916915,43,-4576,3328,-1760,-524992,-28928,832,,,,,,
182080272098400,63174459916623,44,-4512,3200,-1568,-523008,-26944,1536,,,,,,
182080273093500,63174460916582,45,-4960,3520,-2048,-524096,-29056,2304,,,,,,
182080274093200,63174461918623,46,-4544,2816,-1664,-525952,-27712,0,,,,,,
182080275091700,63174462916957,47,-4736,2816,-2016,-522560,-27072,3392,,,,,,
182080276087000,63174463916707,48,-4992,3520,-1568,-525120,-26432,2688,,,,,,
182080277082500,63174464916582,49,-4928,3520,-1984,-523520,-29120,1152,,,,,,
182080278096200,63174465919290,50,-5184,3296,-1472,-524544,-28096,1280,,,,,,
182080279089000,63174466916873,51,-4576,2944,-1952,-525184,-28416,2816,,,,,,
182080280093000,63174467916582,52,-4448,2912,-1536,-524864,-29504,3008,,,,,,
182080281105600,63174468916707,53,-4864,3328,-960,-523392,-28864,1792,,,,,,
182080282103000,63174469916540,54,-4960,3328,-2304,-524224,-27840,2624,,,,,,
182080283096900,63174470916582,55,-4544,3040,-1632,-523776,-27776,192,,,,,,
182080284101700,63174471918748,56,-5120,3072,-1760,-523776,-28608,-384,,,,,,
182080285093600,63174472916540,57,-5088,2976,-1728,-526592,-27904,1920,,,,,,
182080286094600,63174473916623,58,-4800,2848,-1888,-524800,-26240,384,,,,,,
182080287095300,63174474916540,59,-4544,3136,-2080,-524224,-27328,704,,,,,,
182080288092200,63174475916540,60,-4352,2816,-2240,-523776,-27008,960,,,,,,
182080289097600,63174476916582,61,-5280,2336,-1536,-525312,-29184,-1088,,,,,,
182080290232100,63174477916498,62,-4992,2304,-2176,-525376,-29312,256,,,,,,
182080291084100,63174478916707,63,-4800,2304,-1728,-526592,-27776,-704,,,,,,
182080292089100,63174479916582,64,-4768,2304,-1984,-523456,-26816,2240,,,,,,
182080293084500,63174480916415,65,-4704,1888,-2336,-523584,-28992,256,,,,,,
182080294124200,63174481916665,66,-5248,2272,-2400,-523264,-28288,-576,,,,,,
182080295127500,63174482916457,67,-4512,2048,-2080,-524608,-27200,192,,,,,,
182080296103100,63174483916540,68,-4800,1984,-1920,-525120,-27648,-1344,,,,,,
182080297097400,63174484916623,69,-4544,2144,-2240,-524544,-27840,-832,,,,,,
182080298093000,63174485916373,70,-4768,1600,-1984,-525696,-28032,-448,,,,,,
182080299094800,63174486916582,71,-5184,1824,-2336,-524864,-28224,-1344,,,,,,
182080300093600,63174487916498,72,-5120,1248,-2688,-524864,-29248,-1600,,,,,,
182080301090000,63174488918457,73,-4480,1728,-2976,-525120,-28096,256,,,,,,
182080302092200,63174489918123,74,-4832,1600,-2016,-524096,-29440,-2368,,,,,,
182080303094100,63174490916415,75,-5504,1184,-1952,-525120,-29184,-256,,,,,,
182080304095600,63174491916623,76,-4736,1344,-2624,-524352,-26816,-128,,,,,,
182080304971000,63174492916415,77,-4864,1376,-2752,-524608,-27328,-768,,,,,,
182080306090300,63174493916498,78,-4864,1184,-2016,-524992,-29568,-1344,,,,,,
182080307090100,63174494918123,79,-4864,800,-2432,-524224,-29760,-192,,,,,,
182080308099800,63174495916498,80,-4800,1504,-2176,-525248,-28928,1920,,,,,,
182080309086500,63174496916707,81,-4416,992,-2880,-524352,-28608,-2880,,,,,,
182080310082200,63174497916457,82,-5024,896,-2912,-523072,-28480,4352,,,,,,
182080311093900,63174498916707,83,-4704,160,-2176,-524928,-28544,448,,,,,,
182080312097900,63174499916665,84,-4832,832,-3360,-524928,-26944,-1152,,,,,,
182080313096200,63174500917165,85,-4288,160,-1536,-524608,-27328,640,,,,,,
182080314099600,63174501917415,86,-5248,640,-2144,-524672,-28672,-896,,,,,,
182080315492200,63174502916457,87,-4512,-96,-2912,-524352,-29760,1344,,,,,,
182080316115900,63174503916748,88,-4704,0,-2560,-524416,-28480,-64,,,,,,
182080317093000,63174504916582,89,-4928,320,-2240,-525248,-28352,-1024,,,,,,
182080318081600,63174505916457,90,-4160,-32,-2496,-525312,-28672,-2176,,,,,,
182080319079500,63174506917123,91,-4864,-288,-2496,-524096,-27776,448,,,,,,
182080320093600,63174507916498,92,-3808,-224,-1504,-524736,-27776,-1536,,,,,,
182080321091400,63174508916582,93,-4736,128,-3104,-524864,-28672,0,,,,,,
182080322095000,63174509916540,94,-4608,-384,-1920,-522816,-27520,1280,,,,,,
182080323090600,63174510917790,95,-5056,96,-2656,-523520,-27328,1344,,,,,,
182080324102300,63174511916707,96,-4544,-288,-2880,-525376,-27520,-1856,,,,,,
182080325092900,63174512917957,97,-4896,-320,-2464,-523840,-28160,576,,,,,,
182080326095900,63174513916332,98,-4640,-704,-2688,-523456,-28800,576,,,,,,
182080327092300,63174514916540,99,-4672,32,-2720,-525504,-27264,2112,,,,,,
182080328094800,63174515916415,100,-5056,-864,-2080,-524544,-27200,1664,,,,,,
182080329098500,63174516916582,101,-4832,-480,-2624,-523776,-27776,-384,,,,,,
182080330096500,63174517916582,102,-5056,-352,-2720,-522240,-28672,-256,,,,,,
182080331099000,63174518920248,103,-4832,-576,-2496,-524736,-28864,1024,,,,,,
182080332096800,63174519916415,104,-5088,-640,-2784,-521536,-27008,2240,,,,,,
182080333095500,63174520916665,105,-4704,-704,-2464,-523776,-28608,-768,,,,,,
182080334096200,63174521916665,106,-5024,-448,-3328,-524480,-27776,1088,,,,,,
182080335095000,63174522916540,107,-4672,-288,-2880,-524160,-28992,2304,,,,,,
182080336096300,63174523916707,108,-4608,-576,-3040,-523520,-29376,2112,,,,,,
182080337093600,63174524918040,109,-4160,-448,-2592,-523840,-28800,4800,,,,,,
182080337969400,63174525916373,110,-4928,-256,-2336,-524288,-27968,1728,,,,,,
182080339094000,63174526916665,111,-5280,-256,-2976,-524352,-27328,-320,,,,,,
182080340226000,63174527916457,112,-4640,128,-2976,-523392,-29568,1280,,,,,,
182080341095600,63174528917540,113,-4640,-224,-2144,-523392,-27264,1664,,,,,,
182080342094400,63174529916498,114,-4928,-128,-2784,-524544,-29888,576,,,,,,
182080343092900,63174530918290,115,-5344,128,-2848,-522496,-29312,5184,,,,,,
182080344094800,63174531916748,116,-4480,416,-2592,-524096,-28032,2304,,,,,,
182080345095400,63174532916457,117,-4928,768,-2816,-523136,-27328,4032,,,,,,
182080346098800,63174533916707,118,-5376,768,-3328,-524032,-29120,2560,,,,,,
182080347093300,63174534916540,119,-5216,736,-2560,-524928,-29120,-512,,,,,,
182080348091800,63174535916415,120,-5088,832,-3264,-523264,-29312,3392,,,,,,
182080349092700,63174536916707,121,-4384,608,-2624,-523648,-28992,4992,,,,,,
182080350088600,63174537917123,122,-4576,800,-2656,-525184,-28672,1600,,,,,,
182080351093000,63174538916748,123,-4672,960,-3040,-524288,-28224,2432,,,,,,
182080352095300,63174539916540,124,-4736,1376,-2336,-525696,-28864,1280,,,,,,
182080353094300,63174540917623,125,-4800,1408,-2752,-525696,-29760,4160,,,,,,
182080354090800,63174541917707,126,-4768,1344,-2400,-523264,-30272,3776,,,,,,
182080355082000,63174542916373,127,-4896,1600,-2656,-523392,-29760,1792,,,,,,
182080356090300,63174543916665,128,-4960,2048,-2432,-523904,-29248,4608,,,,,,
182080357088700,63174544916582,129,-4384,1984,-1856,-524224,-29376,576,,,,,,
182080358093200,63174545916998,130,-4928,2592,-2656,-525376,-28160,3072,,,,,,
182080359092400,63174546916957,131,-4192,2208,-2144,-524032,-29056,704,,,,,,
182080359971100,63174547916373,132,-4480,2432,-2176,-522368,-30784,2496,,,,,,
182080361099100,63174548916707,133,-4576,2400,-1888,-523456,-29440,4032,,,,,,
182080361971500,63174549916498,134,-4608,2656,-2048,-524928,-28160,3648,,,,,,
182080363087100,63174550916248,135,-4672,2656,-1984,-524736,-27520,4032,,,,,,
182080364090900,63174551916707,136,-4640,3104,-2848,-525056,-27776,4032,,,,,,
182080365199200,63174552916457,137,-4832,3008,-2752,-525504,-28480,3584,,,,,,
182080366092900,63174553918040,138,-4832,3072,-2144,-525184,-29248,1856,,,,,,
182080366968800,63174554916582,139,-5120,3072,-2368,-523136,-28800,1856,,,,,,
182080368096100,63174555916748,140,-4352,2624,-2112,-525696,-28288,4352,,,,,,
182080369093400,63174556916665,141,-4800,3200,-2272,-525632,-28352,5056,,,,,,
182080369969000,63174557916332,142,-4128,3552,-2304,-525120,-28416,2176,,,,,,
182080371095200,63174558916748,143,-4640,3328,-2336,-524032,-30400,2688,,,,,,
182080372094300,63174559916498,144,-4224,3584,-2048,-525504,-29696,1664,,,,,,
182080373093400,63174560918332,145,-4320,3328,-1504,-523136,-27456,1792,,,,,,
182080374098100,63174561917790,146,-4256,3360,-1664,-525120,-28608,576,,,,,,
182080375094600,63174562916457,147,-4576,3648,-2048,-526208,-29056,-960,,,,,,
182080376092000,63174563916665,148,-5024,3424,-2048,-524288,-28288,2688,,,,,,
182080376970100,63174564916498,149,-4992,3264,-2304,-523648,-28800,576,,,,,,
182080378096200,63174565917248,150,-4544,3296,-2496,-524160,-29056,-896,,,,,,
182080379097400,63174566916707,151,-4480,3232,-2368,-523392,-28160,-640,,,,,,
182080379973400,63174567916540,152,-4352,3232,-2240,-523904,-27968,384,,,,,,
182080381093600,63174568916582,153,-4576,3072,-2016,-524800,-28160,1216,,,,,,
182080382092500,63174569916540,154,-4064,2752,-2432,-524544,-28160,64,,,,,,
182080383095900,63174570917332,155,-4512,2368,-1888,-522560,-28416,1664,,,,,,
182080384098100,63174571916623,156,-3744,3232,-1888,-523456,-29376,-704,,,,,,
182080385094500,63174572916498,157,-4736,2560,-1888,-524992,-29056,256,,,,,,
182080386094900,63174573916707,158,-4160,2720,-2240,-526720,-25664,1472,,,,,,
182080387090700,63174574916498,159,-4320,2368,-1760,-524224,-27200,192,,,,,,
182080388093700,63174575916165,160,-4576,2112,-2208,-524672,-30208,128,,,,,,
182080389095400,63174576916748,161,-5152,2368,-2208,-525440,-28544,-1728,,,,,,
182080390206500,63174577916415,162,-4992,2240,-2944,-523584,-29056,320,,,,,,
182080391096400,63174578916582,163,-4288,1760,-2016,-525888,-28672,-576,,,,,,
182080392187700,63174579916498,164,-4800,2176,-2208,-523904,-27392,-448,,,,,,
182080393091400,63174580916790,165,-4928,1952,-2464,-524416,-27904,-768,,,,,,
182080394092900,63174581916540,166,-4352,1760,-1632,-525184,-28032,1664,,,,,,
182080395092300,63174582916457,167,-4608,1056,-1632,-524160,-29696,-2304,,,,,,
182080396099200,63174583918123,168,-5024,832,-2176,-524544,-28480,1088,,,,,,
182080397095300,63174584916415,169,-4832,1216,-2656,-524736,-29632,-256,,,,,,
182080398092600,63174585916623,170,-4896,416,-2592,-526080,-28160,512,,,,,,
182080399093700,63174586916582,171,-5216,736,-1728,-524352,-28736,-128,,,,,,
182080400090100,63174587916373,172,-4832,672,-1760,-524224,-27648,-512,,,,,,
182080401093800,63174588916790,173,-5408,640,-2304,-525568,-27456,128,,,,,,
182080401965700,63174589916415,174,-4096,416,-2368,-525120,-29632,-384,,,,,,
182080403285300,63174590918082,175,-4384,-544,-1792,-524224,-26240,-1472,,,,,,
182080404075300,63174591916623,176,-4416,-32,-1792,-526272,-26560,-1728,,,,,,
182080405090400,63174592916373,177,-4928,96,-2016,-523520,-26304,-384,,,,,,
182080406089200,63174593917498,178,-5120,-800,-2592,-523840,-28096,-1792,,,,,,
182080407089400,63174594916498,179,-4736,-352,-1536,-524608,-29376,-704,,,,,,
182080408092700,63174595916748,180,-5152,-192,-2848,-523264,-28864,-3648,,,,,,
182080409095300,63174596916582,181,-5408,-1056,-2784,-525632,-27584,-2880,,,,,,
182080410092300,63174597917832,182,-4544,-448,-2656,-525184,-28608,-2432,,,,,,
182080411094500,63174598916665,183,-4864,-576,-2016,-525248,-29056,-2048,,,,,,
182080412093200,63174599916415,184,-4512,-928,-2784,-525760,-29184,448,,,,,,
182080413091800,63174600916748,185,-4704,-1024,-2464,-524544,-28864,320,,,,,,
182080414094900,63174601917957,186,-4480,-1120,-2048,-524288,-29120,-1088,,,,,,
182080415132400,63174602917415,187,-5152,-928,-2336,-524608,-28480,576,,,,,,
182080416161300,63174603916623,188,-4800,-1472,-2112,-524480,-29504,1600,,,,,,
182080417098500,63174604916415,189,-4800,-1216,-2912,-525248,-29376,1920,,,,,,
182080418087900,63174605916790,190,-4320,-896,-2560,-525888,-29120,1088,,,,,,
182080419206500,63174606919373,191,-4832,-1792,-2624,-525952,-28480,1920,,,,,,
182080420096600,63174607919415,192,-5152,-1152,-2784,-524864,-28224,-1984,,,,,,
182080421100500,63174608916665,193,-4352,-1600,-1728,-526016,-30144,-1152,,,,,,
182080421957600,63174609916415,194,-4960,-1920,-2144,-524736,-30208,2048,,,,,,
182080423106500,63174610916748,195,-4832,-1696,-2496,-525760,-28736,2688,,,,,,
182080424090900,63174611916790,196,-4672,-992,-3040,-523584,-27456,1280,,,,,,
182080425099500,63174612918123,197,-4384,-1216,-1856,-525184,-27072,2688,,,,,,
182080426093000,63174613918582,198,-5056,-1184,-2432,-527232,-29248,2048,,,,,,
182080426966400,63174614916457,199,-5024,-1184,-2304,-524480,-30272,3840,,,,,,
182080428097600,63174615916707,200,-4928,-1152,-2816,-523776,-29696,-384,,,,,,
182080429054900,63174616916540,201,-4928,-1216,-2464,-524736,-25792,4480,,,,,,
182080430088200,63174617916415,202,-4832,-1056,-1952,-523328,-28864,3456,,,,,,
182080431094600,63174618916748,203,-4960,-896,-2080,-526400,-30016,3648,,,,,,
182080432095900,63174619916457,204,-4160,-1056,-2144,-524544,-28544,3392,,,,,,
182080433094200,63174620916790,205,-4448,-832,-2560,-524160,-28416,2112,,,,,,
182080433965800,63174621916457,206,-4896,-448,-2048,-525312,-27648,2944,,,,,,
182080435096600,63174622916998,207,-4544,-64,-2432,-523904,-28224,1344,,,,,,
182080436115900,63174623916665,208,-5056,-736,-2368,-524096,-28416,-256,,,,,,
182080437091400,63174624916498,209,-5024,-352,-2784,-524864,-26880,3072,,,,,,
182080438094500,63174625918165,210,-4640,-448,-3040,-524160,-26368,3840,,,,,,
182080438970900,63174626916498,211,-4544,-736,-2656,-524544,-28864,2496,,,,,,
182080439970200,63174627916540,212,-4352,-480,-2560,-523840,-28032,2880,,,,,,
182080440979200,63174628916707,213,-4512,-64,-2720,-524672,-29504,1984,,,,,,
182080442396000,63174629916540,214,-4832,-288,-2240,-524864,-28352,2816,,,,,,
182080443100700,63174630919290,215,-4416,544,-2720,-525952,-28096,512,,,,,,
182080443971000,63174631916665,216,-4800,256,-2624,-523968,-27904,1408,,,,,,
182080445092600,63174632916498,217,-4928,128,-2592,-524416,-27648,2688,,,,,,
182080445964900,63174633916498,218,-4480,64,-3168,-524480,-26944,576,,,,,,
182080447095600,63174634916498,219,-4256,448,-3072,-523968,-28352,832,,,,,,
182080448091700,63174635917665,220,-4544,384,-2368,-521984,-29760,128,,,,,,
182080449090800,63174636916582,221,-4608,160,-2912,-524608,-26624,4160,,,,,,
182080450086900,63174637916457,222,-4736,480,-3040,-524736,-27584,1024,,,,,,
182080451086000,63174638916665,223,-4544,512,-3392,-523584,-27520,2368,,,,,,
182080452098400,63174639917290,224,-5024,640,-3040,-524928,-28160,3520,,,,,,
182080453092300,63174640916748,225,-3744,608,-2400,-523968,-29184,1024,,,,,,
182080454090100,63174641917123,226,-4576,768,-3712,-523008,-29504,2176,,,,,,
182080455094000,63174642919040,227,-4800,608,-2848,-523904,-27584,1920,,,,,,
182080455967400,63174643916582,228,-4736,608,-2688,-523584,-28864,576,,,,,,
182080457091700,63174644916457,229,-4896,768,-4160,-525248,-26624,1664,,,,,,
182080458097600,63174645916748,230,-4736,768,-3168,-526592,-30336,3264,,,,,,
182080458969900,63174646916540,231,-3904,608,-2752,-524736,-28928,1216,,,,,,
182080460092900,63174647916457,232,-3744,928,-3360,-523712,-29248,2880,,,,,,
182080461097900,63174648916665,233,-5120,1088,-3680,-524544,-29120,1408,,,,,,
182080462099700,63174649917165,234,-4768,256,-3424,-526272,-29824,3264,,,,,,
182080463095900,63174650916790,235,-4832,960,-3008,-525120,-27840,640,,,,,,
182080463971700,63174651916498,236,-5056,704,-2496,-526208,-26816,576,,,,,,
182080464968700,63174652916373,237,-5056,864,-3168,-524352,-30784,1728,,,,,,
182080466089600,63174653916498,238,-5472,928,-2656,-525312,-28096,704,,,,,,
182080467089200,63174654916415,239,-4672,608,-2624,-526976,-28992,640,,,,,,
182080468091500,63174655916790,240,-4320,896,-2400,-524096,-29632,2112,,,,,,
182080468968400,63174656916498,241,-4480,608,-3040,-525824,-29952,3072,,,,,,
182080470092500,63174657916415,242,-4352,608,-2304,-524096,-27712,2304,,,,,,
182080470964500,63174658916540,243,-4608,1312,-2464,-524352,-30976,192,,,,,,
182080472091500,63174659917207,244,-5120,576,-2912,-524352,-29184,2432,,,,,,
182080473094200,63174660916748,245,-4480,864,-3264,-523712,-30528,-1152,,,,,,
182080473966800,63174661916540,246,-5056,1056,-2688,-524672,-28416,1600,,,,,,
182080475094000,63174662916498,247,-4352,448,-2112,-524928,-28160,2048,,,,,,
182080476092900,63174663917165,248,-4640,512,-2400,-524992,-29376,0,,,,,,
182080477099300,63174664916623,249,-4640,800,-2336,-524160,-29440,1920,,,,,,
182080478094900,63174665917165,250,-4416,608,-2304,-523904,-29120,448,,,,,,
182080479098000,63174666916457,251,-4768,864,-2272,-523200,-27136,2752,,,,,,
182080479967000,63174667916457,252,-4064,864,-2048,-524672,-30464,4928,,,,,,
182080480968700,63174668916665,253,-4768,1248,-2592,-525952,-26560,3200,,,,,,
182080482091000,63174669916373,254,-4480,480,-1472,-524416,-28672,768,,,,,,
182080482975000,63174670916790,255,-5120,864,-1856,-523712,-28416,832,,,,,,
182080484093400,63174671916457,0,-4224,768,-1536,-522624,-27968,2368,,,,,,
182080485090600,63174672916373,1,-4128,512,-1888,-524288,-25984,3200,,,,,,
182080486091900,63174673916540,2,-4832,992,-2400,-523648,-29056,3904,,,,,,
182080487092100,63174674916415,3,-5024,480,-2048,-524480,-28992,2176,,,,,,
182080487969900,63174675916707,4,-4288,672,-2048,-524864,-27584,896,,,,,,
182080488971200,63174676916498,5,-4992,864,-2048,-523968,-28096,2432,,,,,,
182080490212600,63174677916707,6,-4672,1248,-2400,-523136,-28480,2880,,,,,,
182080490971300,63174678916665,7,-5088,1056,-2112,-524032,-27200,576,,,,,,
182080491967400,63174679916540,8,-4672,1120,-2176,-525696,-29184,3136,,,,,,
182080493092600,63174680916707,9,-4352,1056,-1376,-527232,-26112,1152,,,,,,
182080493969700,63174681916415,10,-5248,928,-2560,-523648,-29120,3776,,,,,,
182080494969900,63174682916373,11,-4160,1216,-1920,-524800,-29376,256,,,,,,
182080496094100,63174683916540,12,-4224,1216,-2016,-524032,-26880,1984,,,,,,
182080497094800,63174684916457,13,-4480,1024,-2560,-524416,-26880,3136,,,,,,
182080497968600,63174685916707,14,-4352,1216,-1856,-525120,-27776,3328,,,,,,
182080498982500,63174686916457,15,-4512,1184,-2048,-524416,-26816,832,,,,,,
182080500094100,63174687916582,16,-4832,1344,-1824,-525824,-26816,1472,,,,,,
182080501092300,63174688916582,17,-4704,1216,-1568,-525888,-28800,1024,,,,,,
182080502092300,63174689918915,18,-4544,1888,-2624,-526208,-27264,1728,,,,,,
182080503095000,63174690916748,19,-5312,1248,-2816,-526464,-27712,384,,,,,,
182080503970200,63174691916332,20,-4384,1344,-1984,-525056,-27520,2176,,,,,,
182080504969700,63174692916748,21,-4352,1376,-1984,-525056,-28032,2048,,,,,,
182080505973500,63174693916665,22,-5184,1248,-2976,-523520,-27776,1472,,,,,,
182080507092300,63174694916457,23,-4960,1536,-2976,-523008,-28928,-384,,,,,,
182080508094600,63174695916582,24,-4928,2016,-2336,-525248,-28992,1344,,,,,,
182080509094200,63174696916457,25,-4800,1600,-2720,-524736,-27584,2560,,,,,,
182080509969500,63174697916415,26,-4096,1088,-2432,-526464,-29312,-64,,,,,,
182080510970200,63174698916582,27,-5312,1152,-2656,-524480,-28288,640,,,,,,
182080511967000,63174699916457,28,-4512,1504,-2432,-525440,-27456,1408,,,,,,
182080513092900,63174700916707,29,-4768,1408,-2944,-523584,-29376,256,,,,,,
182080514191200,63174701916457,30,-4224,1248,-2112,-521984,-29440,2176,,,,,,
182080515086200,63174702916373,31,-4192,1312,-2400,-524864,-27904,-640,,,,,,
182080516251000,63174703916498,32,-4704,1248,-2528,-524352,-27584,1856,,,,,,
182080517017500,63174704916498,33,-4960,1216,-2368,-523840,-28032,4736,,,,,,
182080517982100,63174705916540,34,-4192,928,-1984,-524032,-26816,2496,,,,,,
182080519086200,63174706916165,35,-4736,1440,-1792,-523712,-27904,2112,,,,,,
182080520081500,63174707918165,36,-4608,1344,-2272,-525248,-29952,3008,,,,,,
182080520967100,63174708916582,37,-4320,992,-1504,-524160,-28608,1984,,,,,,
182080522097100,63174709916457,38,-4160,704,-2144,-524800,-27136,1088,,,,,,
182080523096100,63174710916707,39,-4224,864,-1920,-524160,-28480,2112,,,,,,
182080524106600,63174711916665,40,-5056,1440,-1856,-525376,-27200,2432,,,,,,
182080525095600,63174712916665,41,-5248,1312,-2880,-524288,-27200,896,,,,,,
182080526091900,63174713916540,42,-4480,1376,-1952,-523392,-28544,2432,,,,,,
182080527096000,63174714916498,43,-4352,1056,-2240,-525760,-28736,768,,,,,,
182080527968600,63174715916623,44,-4640,1664,-2368,-524160,-27648,1728,,,,,,
182080528968300,63174716918332,45,-4992,896,-1856,-523968,-29760,-960,,,,,,
182080529968500,63174717916457,46,-4896,1184,-2272,-523904,-28608,3008,,,,,,
182080531094400,63174718917665,47,-5088,1280,-2304,-523840,-28480,2688,,,,,,
182080532128000,63174719916415,48,-4928,1376,-2272,-524480,-28864,3840,,,,,,
182080533104000,63174720917790,49,-4832,1248,-2592,-525632,-28736,1024,,,,,,
182080534109100,63174721916665,50,-4416,1056,-2304,-525248,-27840,2560,,,,,,
182080534969300,63174722916665,51,-4480,1024,-2336,-523456,-28160,640,,,,,,
182080536095900,63174723916540,52,-4448,1184,-1888,-523776,-27712,3008,,,,,,
182080537095400,63174724916957,53,-4768,1376,-2656,-521536,-26944,-256,,,,,,
182080537969300,63174725918082,54,-4480,928,-2080,-525056,-27520,2176,,,,,,
182080539099000,63174726917957,55,-4448,1376,-2464,-523776,-27904,-64,,,,,,
182080539969100,63174727916665,56,-4256,1312,-2144,-523328,-28096,1920,,,,,,
182080540973600,63174728916498,57,-4800,1248,-2560,-524416,-28608,-448,,,,,,
182080541974000,63174729916373,58,-4800,1760,-2432,-525632,-28736,2112,,,,,,
182080543093000,63174730919290,59,-4416,1472,-2304,-524160,-27904,896,,,,,,
182080544090400,63174731918040,60,-4576,1536,-3232,-523840,-28352,1536,,,,,,
182080545092800,63174732916498,61,-4832,1120,-2304,-523648,-28416,-192,,,,,,
182080545967900,63174733916415,62,-4992,1472,-2816,-523904,-28224,2752,,,,,,
182080546978700,63174734916415,63,-5248,1536,-2656,-524352,-29376,2176,,,,,,
182080547985600,63174735916457,64,-3904,1856,-2432,-524416,-28416,256,,,,,,
182080549100000,63174736916540,65,-4640,1472,-2560,-523456,-29568,-832,,,,,,
182080550091200,63174737916623,66,-4992,1952,-2560,-524096,-28800,3008,,,,,,
182080550962000,63174738916540,67,-5024,1952,-2720,-522304,-28672,1600,,,,,,
182080552078100,63174739916498,68,-5312,1920,-2944,-525248,-28544,-640,,,,,,
182080553221400,63174740916582,69,-4448,1824,-1920,-524352,-26816,2048,,,,,,
182080554010000,63174741917373,70,-5152,2176,-2016,-524992,-27264,3200,,,,,,
182080555086700,63174742916623,71,-4448,1600,-2432,-524608,-27904,2496,,,,,,
182080555950500,63174743916498,72,-4672,1952,-2848,-524992,-28416,4160,,,,,,
182080556960900,63174744916457,73,-4928,1984,-2336,-524864,-30016,1216,,,,,,
182080558094700,63174745916498,74,-5280,2176,-3104,-525056,-28032,320,,,,,,
182080559099500,63174746916540,75,-4384,1536,-2432,-525248,-27968,1152,,,,,,
182080560086400,63174747916748,76,-4192,1760,-2560,-524736,-26816,3264,,,,,,
182080561087800,63174748916498,77,-4352,2016,-2208,-524416,-29120,1728,,,,,,
182080562175100,63174749916540,78,-4704,1632,-2880,-524992,-28096,512,,,,,,
182080563090300,63174750919582,79,-4160,1632,-1984,-524416,-27840,-320,,,,,,
182080563963900,63174751916582,80,-4672,2080,-2016,-524224,-28416,1088,,,,,,
182080564963100,63174752916665,81,-4512,1568,-2592,-523584,-28480,2240,,,,,,
182080566099000,63174753917332,82,-5120,1344,-2336,-523584,-28864,-576,,,,,,
182080567108700,63174754917707,83,-4768,1824,-2496,-524544,-27840,2112,,,,,,
182080568093000,63174755916540,84,-4416,1632,-2240,-524864,-28224,1792,,,,,,
182080569091700,63174756916582,85,-4864,1248,-2368,-525568,-28224,1728,,,,,,
182080569974800,63174757916623,86,-4928,1344,-2400,-525632,-27968,1920,,,,,,
182080570967600,63174758918707,87,-4768,1440,-2176,-525184,-27136,1152,,,,,,
182080572095300,63174759916457,88,-5056,1536,-2208,-525376,-29184,2944,,,,,,
182080573093700,63174760916665,89,-5216,1248,-2656,-523648,-28288,128,,,,,,
182080573976400,63174761916498,90,-4864,1888,-2528,-525312,-26240,1152,,,,,,
182080575088700,63174762916582,91,-4864,544,-2176,-523648,-28864,-512,,,,,,
182080576090500,63174763916165,92,-4832,576,-2336,-523648,-29632,832,,,,,,
182080576966500,63174764916498,93,-5248,960,-3136,-524992,-27520,768,,,,,,
182080578093500,63174765916540,94,-4704,960,-3136,-524480,-28096,-704,,,,,,
182080578975100,63174766916415,95,-4576,704,-2368,-525120,-26304,-1920,,,,,,
182080579969900,63174767916665,96,-4864,736,-2880,-525696,-27712,-320,,,,,,
182080581093000,63174768916207,97,-4512,576,-2720,-525696,-26880,3136,,,,,,
182080582088500,63174769916457,98,-4640,320,-2592,-524480,-29248,768,,,,,,
182080583098300,63174770916582,99,-4544,480,-2400,-525568,-27456,-896,,,,,,
182080584094100,63174771916498,100,-4480,352,-2976,-525120,-29184,-128,,,,,,
182080584968300,63174772916665,101,-5056,256,-2048,-523264,-27456,768,,,,,,
182080585971200,63174773916498,102,-5536,224,-3232,-526080,-28096,704,,,,,,
182080586971300,63174774916457,103,-4832,-128,-2112,-526080,-29184,0,,,,,,
182080587974400,63174775916498,104,-5248,128,-2656,-525376,-27520,-2048,,,,,,
182080588969900,63174776916498,105,-4672,224,-2048,-524288,-29248,1728,,,,,,
182080590211800,63174777916623,106,-5344,96,-2752,-524032,-27200,2432,,,,,,
182080591099200,63174778916540,107,-4960,32,-2816,-524032,-27456,64,,,,,,
182080591966700,63174779916332,108,-4928,32,-2688,-525632,-27456,3136,,,,,,
182080593088200,63174780918123,109,-4960,-448,-2272,-523648,-28416,1920,,,,,,
182080594090800,63174781916498,110,-4544,-160,-2560,-524992,-28480,-128,,,,,,
182080594968800,63174782916665,111,-4704,-192,-3072,-524992,-30912,1408,,,,,,
182080596096300,63174783916665,112,-4864,-576,-2816,-524608,-28160,3840,,,,,,
182080596972000,63174784916457,113,-5216,32,-2368,-526144,-29632,704,,,,,,
182080598093700,63174785916540,114,-4000,-224,-2112,-525440,-30336,1024,,,,,,
182080598971200,63174786916582,115,-5056,-320,-2304,-524992,-28032,896,,,,,,
182080599967200,63174787916540,116,-4384,-224,-2496,-524608,-29184,-448,,,,,,
182080600965200,63174788916582,117,-4960,-128,-1792,-524800,-28992,3904,,,,,,
182080602094400,63174789916332,118,-4032,-352,-2048,-525056,-28672,3136,,,,,,
182080603094900,63174790917207,119,-4864,-512,-2144,-525632,-29376,4928,,,,,,
182080604095900,63174791916582,120,-4800,-64,-2464,-525952,-28288,768,,,,,,
182080604970200,63174792916582,121,-4448,-448,-1344,-525440,-28160,2240,,,,,,
182080605971100,63174793916457,122,-5216,-288,-2528,-526336,-28608,1856,,,,,,
182080606963100,63174794916498,123,-5056,-64,-2624,-523840,-28544,960,,,,,,
182080608096700,63174795916582,124,-4448,288,-2496,-525696,-27840,256,,,,,,
182080609092000,63174796918082,125,-5152,-352,-2336,-525248,-26752,-128,,,,,,
182080609964200,63174797916623,126,-4768,64,-2368,-524352,-28352,3008,,,,,,
182080611092200,63174798916540,127,-5216,192,-2400,-526016,-26944,2112,,,,,,
182080611966900,63174799916373,128,-4320,512,-2560,-524416,-27904,2176,,,,,,
182080613093600,63174800917123,129,-5184,-96,-2336,-526848,-29440,2240,,,,,,
182080614098500,63174801917207,130,-4672,224,-2272,-524608,-29568,2048,,,,,,
182080614976100,63174802916707,131,-4992,448,-2240,-525312,-27008,1280,,,,,,
182080615969700,63174803916498,132,-4608,416,-2528,-523072,-29952,2624,,,,,,
182080616965400,63174804916415,133,-4704,0,-1952,-524544,-27392,1216,,,,,,
182080617967500,63174805916540,134,-4992,576,-2560,-523712,-29888,1856,,,,,,
182080618967500,63174806916457,135,-4928,352,-2112,-523968,-28352,3200,,,,,,
182080620095300,63174807919123,136,-4544,384,-2112,-526080,-27200,1664,,,,,,
182080621096800,63174808918123,137,-4672,544,-2656,-525248,-28416,2368,,,,,,
182080621973000,63174809916373,138,-4512,768,-2368,-523648,-28032,2816,,,,,,
182080623094900,63174810917165,139,-4864,736,-2176,-522560,-27904,2432,,,,,,
182080623965200,63174811916457,140,-4288,640,-1760,-525952,-27072,1920,,,,,,
182080625095200,63174812916707,141,-4832,672,-2528,-523712,-27712,3648,,,,,,
182080626142600,63174813916790,142,-4864,1344,-2976,-523520,-27968,960,,,,,,
182080626961400,63174814916373,143,-5120,608,-3456,-526272,-27776,2368,,,,,,
182080628093900,63174815916790,144,-4896,1120,-2144,-524160,-29056,2752,,,,,,
182080628963200,63174816916498,145,-5536,1440,-2720,-523648,-28352,1920,,,,,,
182080629967100,63174817916582,146,-4672,1440,-2592,-524608,-28160,3264,,,,,,
182080631095000,63174818917248,147,-4288,1504,-2144,-523008,-27136,3072,,,,,,
182080632095400,63174819920165,148,-4672,1216,-2688,-524992,-29056,3456,,,,,,
182080633103100,63174820919082,149,-5216,1728,-2944,-523392,-26560,4672,,,,,,
182080633960500,63174821917915,150,-5088,1664,-2784,-525248,-29120,2624,,,,,,
182080634967900,63174822916582,151,-4448,1536,-2464,-524608,-30464,3776,,,,,,
182080635971200,63174823916665,152,-4448,1696,-2560,-526592,-28928,704,,,,,,
182080637092300,63174824916540,153,-4544,1792,-2176,-524288,-29056,1024,,,,,,
182080638098300,63174825916165,154,-4576,1504,-2944,-527360,-26112,1088,,,,,,
182080638973900,63174826916457,155,-5088,2016,-2752,-522816,-28224,2624,,,,,,
182080639969100,63174827916623,156,-4864,1984,-2048,-524480,-28992,3776,,,,,,
182080640960800,63174828916582,157,-4448,2304,-2784,-523904,-28160,768,,,,,,
182080641967900,63174829916457,158,-4352,2400,-2176,-524416,-29120,2688,,,,,,
182080643082500,63174830916665,159,-4512,2528,-1728,-525248,-27904,1216,,,,,,
182080644088500,63174831917123,160,-4960,2336,-2848,-524800,-29120,2944,,,,,,
182080645094600,63174832916582,161,-4640,2240,-2368,-524096,-28864,640,,,,,,
182080645967400,63174833916665,162,-4320,2784,-2496,-524160,-27648,1408,,,,,,
182080646974100,63174834916415,163,-4384,2208,-2368,-524928,-26304,3584,,,,,,
182080647970600,63174835916707,164,-5120,2624,-2624,-524928,-26880,896,,,,,,
182080648967400,63174836916415,165,-4544,2624,-2560,-523648,-29504,704,,,,,,
182080650102000,63174837918832,166,-5216,3072,-2496,-525184,-28096,1984,,,,,,
182080650969200,63174838916540,167,-5248,2816,-2592,-524800,-29312,3776,,,,,,
182080651968300,63174839916332,168,-5248,3040,-1888,-524288,-29824,128,,,,,,
182080653091800,63174840916415,169,-4672,2784,-2560,-523456,-28992,2368,,,,,,
182080653968000,63174841916373,170,-4704,2848,-2528,-525184,-28864,384,,,,,,
182080654957700,63174842916665,171,-4768,2432,-1952,-524032,-28480,1600,,,,,,
182080655955600,63174843916457,172,-5248,3200,-2848,-524480,-28864,3392,,,,,,
182080656958700,63174844916457,173,-4128,2912,-1824,-524160,-25984,2304,,,,,,
182080657973600,63174845916623,174,-4896,2624,-2080,-523648,-28736,-448,,,,,,
182080658968000,63174846916332,175,-5088,2784,-2560,-525248,-28800,1152,,,,,,
182080660089900,63174847916499,176,-4672,2720,-1856,-525312,-27392,1536,,,,,,
182080661093500,63174848916540,177,-4544,2816,-2016,-524416,-27840,2560,,,,,,
182080661972800,63174849916374,178,-4864,2912,-2176,-523328,-28224,1536,,,,,,
182080662971500,63174850917707,179,-4896,2272,-1824,-524672,-27712,768,,,,,,
182080663971400,63174851916415,180,-5344,3136,-2080,-525760,-27008,2816,,,,,,
182080665205700,63174852916582,181,-4640,3136,-2400,-523520,-28800,896,,,,,,
182080665977400,63174853916582,182,-4800,2912,-2080,-524672,-29120,576,,,,,,
182080667114500,63174854916332,183,-5120,3264,-2208,-523328,-28736,1408,,,,,,
182080667968900,63174855916624,184,-4224,3296,-2016,-525056,-28224,960,,,,,,
182080668970600,63174856916374,185,-4480,3200,-2304,-523456,-28672,3264,,,,,,
182080669968400,63174857916290,186,-4832,3520,-2688,-523904,-29376,2176,,,,,,
182080670965800,63174858916499,187,-4992,3200,-2464,-524416,-30080,1728,,,,,,
182080671966200,63174859916415,188,-4416,2752,-1792,-526336,-27712,448,,,,,,
182080673088400,63174860916707,189,-4896,3488,-2496,-524672,-28736,4096,,,,,,
182080674022400,63174861916499,190,-4672,3488,-1952,-524096,-29184,2432,,,,,,
182080675107200,63174862916582,191,-4832,3424,-2784,-523520,-27456,-384,,,,,,
182080675965700,63174863916582,192,-4960,3488,-2624,-526976,-27904,2240,,,,,,
182080676964400,63174864917874,193,-4704,3136,-1440,-526336,-28480,0,,,,,,
182080677972400,63174865916499,194,-4544,3392,-2304,-523712,-29696,896,,,,,,
182080679100200,63174866916457,195,-4800,3392,-2336,-524032,-29824,-1216,,,,,,
182080680098400,63174867916499,196,-4640,3488,-1760,-523904,-27136,1408,,,,,,
182080680972900,63174868916499,197,-5056,3296,-2720,-524928,-29760,1536,,,,,,
182080681971400,63174869916332,198,-4896,3072,-3040,-525120,-30272,960,,,,,,
182080682973800,63174870916624,199,-4288,3424,-2656,-525312,-27136,1728,,,,,,
182080684093100,63174871917707,200,-4320,2752,-2368,-524672,-29056,-1536,,,,,,
182080685093000,63174872916707,201,-4704,3296,-2336,-524672,-27072,2304,,,,,,
182080685969600,63174873917165,202,-4512,3360,-2624,-523584,-25600,1728,,,,,,
182080686969700,63174874916415,203,-4128,3008,-1888,-525568,-27392,-1024,,,,,,
182080687969000,63174875916540,204,-4736,3168,-2368,-524736,-27392,384,,,,,,
182080688969500,63174876916332,205,-4896,3104,-2176,-524224,-28864,-768,,,,,,
182080690008500,63174877916290,206,-3904,2944,-2144,-524928,-29568,2688,,,,,,
182080690969200,63174878916665,207,-5504,3008,-1920,-525824,-28544,1472,,,,,,
182080692084200,63174879916415,208,-4544,2880,-2016,-525120,-27712,2304,,,,,,
182080692957300,63174880916540,209,-4608,2720,-2464,-524672,-27904,128,,,,,,
182080693959600,63174881916374,210,-4800,2400,-1792,-526912,-27968,1536,,,,,,
182080694984900,63174882916624,211,-4800,2400,-2336,-523776,-29440,576,,,,,,
182080696097500,63174883916499,212,-4000,2496,-2240,-525120,-27520,512,,,,,,
182080697092900,63174884918749,213,-5184,2080,-2368,-524288,-28608,-128,,,,,,
182080698095200,63174885918082,214,-4864,2496,-1888,-526656,-29632,-1216,,,,,,
182080698971000,63174886916415,215,-4704,2080,-2368,-523136,-28288,1728,,,,,,
182080700093600,63174887917540,216,-4608,1824,-1824,-523264,-27200,-1216,,,,,,
182080700967600,63174888916499,217,-4640,1792,-1824,-524928,-28544,-448,,,,,,
182080701970000,63174889916415,218,-4448,1408,-2016,-526208,-28160,-2560,,,,,,
182080703093800,63174890917457,219,-4480,1280,-1792,-525312,-26752,512,,,,,,
182080704085900,63174891916332,220,-4992,1600,-2720,-525440,-28928,1472,,,,,,
182080704964800,63174892918624,221,-4416,1568,-2400,-524608,-28352,-512,,,,,,
182080705971200,63174893916582,222,-4480,928,-2368,-524800,-27520,0,,,,,,
182080706975400,63174894916415,223,-4480,864,-2112,-524928,-28352,512,,,,,,
182080708098600,63174895916540,224,-4832,512,-1728,-526400,-27520,-384,,,,,,
182080708970800,63174896916374,225,-4288,736,-2336,-524416,-27584,-2688,,,,,,
182080709970600,63174897916582,226,-4768,736,-1632,-524928,-27392,-640,,,,,,
182080710977700,63174898916499,227,-4352,128,-2592,-525440,-27648,1280,,,,,,
182080711983900,63174899916290,228,-4768,32,-2400,-525184,-29888,-1216,,,,,,
182080713088600,63174900916540,229,-4928,-160,-2240,-526208,-28032,-1088,,,,,,
182080713954300,63174901916457,230,-4128,-352,-2048,-523840,-27968,1024,,,,,,
182080715087800,63174902916624,231,-4352,-192,-2496,-525120,-29184,-1728,,,,,,
182080715964100,63174903916374,232,-4928,-800,-2784,-524608,-26880,-1792,,,,,,
182080717089000,63174904916415,233,-4672,-1120,-1920,-524544,-26816,-704,,,,,,
182080718148800,63174905916624,234,-4800,-832,-2496,-525440,-27648,1088,,,,,,
182080719103000,63174906916415,235,-4000,-1088,-2368,-524608,-29120,-1920,,,,,,
182080720086500,63174907917707,236,-5056,-1024,-2880,-526592,-26560,1088,,,,,,
182080721205000,63174908917415,237,-5120,-1088,-2944,-524032,-26624,64,,,,,,
182080722085400,63174909917707,238,-4224,-1472,-2368,-526336,-26944,1728,,,,,,
182080723106200,63174910917582,239,-5280,-1248,-2720,-523584,-28352,-1024,,,,,,
182080724068800,63174911916457,240,-4800,-1888,-2464,-521856,-29056,-2368,,,,,,
182080725069500,63174912916665,241,-4672,-2144,-2176,-526592,-29696,2688,,,,,,
182080726202600,63174913916499,242,-4992,-1280,-3168,-523904,-26688,-512,,,,,,
182080727201100,63174914918082,243,-4896,-2048,-2880,-523328,-27520,-1280,,,,,,
182080728093600,63174915916582,244,-4480,-1792,-2656,-525248,-27904,1856,,,,,,
182080729112500,63174916916457,245,-5088,-2144,-3008,-524096,-28416,256,,,,,,
182080730060900,63174917916540,246,-4480,-1728,-2496,-524416,-28352,576,,,,,,
182080730964700,63174918916415,247,-4704,-2144,-2272,-525440,-26688,-256,,,,,,
182080732080100,63174919916749,248,-4928,-2016,-1792,-525696,-27072,1536,,,,,,
182080733194400,63174920918915,249,-4736,-1824,-2624,-525760,-28416,512,,,,,,
182080734057300,63174921916499,250,-4704,-2080,-2336,-524224,-28224,-832,,,,,,
182080734963500,63174922916665,251,-5504,-1856,-2912,-525184,-29248,3456,,,,,,
182080735952300,63174923916457,252,-4896,-2176,-2944,-524800,-30144,3136,,,,,,
182080737092500,63174924916582,253,-4480,-2080,-2848,-524032,-28480,3712,,,,,,
182080738094000,63174925916624,254,-5024,-1504,-3200,-524160,-28544,4352,,,,,,
182080738955000,63174926916374,255,-4832,-1760,-2848,-523456,-30464,1664,,,,,,
182080739961300,63174927916582,0,-4064,-1856,-2208,-521984,-29568,3968,,,,,,
182080740957000,63174928916415,1,-3936,-1920,-2272,-523648,-29504,1472,,,,,,
182080742077800,63174929916165,2,-4480,-1888,-2496,-525056,-27904,1472,,,,,,
182080742960800,63174930916707,3,-4768,-1376,-2432,-526080,-29120,320,,,,,,
182080743954900,63174931916374,4,-4128,-1280,-2880,-524544,-29056,2816,,,,,,
182080744960900,63174932917999,5,-5216,-1184,-2592,-525056,-27712,2752,,,,,,
182080745970200,63174933916499,6,-4736,-896,-2784,-526016,-29696,3584,,,,,,
182080746961000,63174934916540,7,-4480,-1056,-2720,-524672,-28224,3008,,,,,,
182080747977300,63174935916540,8,-4864,-992,-2112,-525312,-27520,1920,,,,,,
182080748961700,63174936916415,9,-4992,-544,-2304,-524736,-28672,2432,,,,,,
182080750116900,63174937916707,10,-4896,-512,-2880,-524352,-29888,2944,,,,,,
182080751098400,63174938916499,11,-4768,-224,-2368,-524736,-27520,3264,,,,,,
182080751956200,63174939916540,12,-4608,-64,-3072,-526080,-28672,2304,,,,,,
182080752967200,63174940916540,13,-4704,-32,-2720,-525504,-28480,1536,,,,,,
182080754115400,63174941916499,14,-4608,64,-2272,-523968,-28800,2880,,,,,,
182080754959400,63174942916540,15,-5472,-320,-2720,-524800,-28288,5376,,,,,,
182080756085000,63174943916540,16,-4608,64,-1792,-524864,-28672,1856,,,,,,
182080756950800,63174944917665,17,-5216,288,-2336,-525056,-27776,3456,,,,,,
182080757970700,63174945916582,18,-3840,544,-2400,-524672,-29760,2496,,,,,,
182080758971200,63174946916332,19,-4320,576,-2432,-525056,-30592,4608,,,,,,
182080759960600,63174947916624,20,-4768,800,-2880,-524736,-27520,704,,,,,,
182080760958800,63174948916499,21,-3968,736,-2432,-524224,-28544,1664,,,,,,
182080762113200,63174949916415,22,-4768,1472,-2144,-525312,-27072,3072,,,,,,
182080763092200,63174950919582,23,-4448,1792,-2176,-523456,-28096,3200,,,,,,
182080763974900,63174951916499,24,-4832,1504,-2624,-524800,-27712,4160,,,,,,
182080764985100,63174952916624,25,-4832,1824,-2720,-524800,-27200,2688,,,,,,
182080765963500,63174953916374,26,-4128,1408,-2912,-525632,-27712,3136,,,,,,
182080766961100,63174954916582,27,-4256,1824,-2656,-522880,-26880,5440,,,,,,
182080767960900,63174955916624,28,-4768,2496,-2944,-526016,-28544,3520,,,,,,
182080768971000,63174956916415,29,-4608,2112,-2592,-524800,-28032,3968,,,,,,
182080769981300,63174957916582,30,-4736,2400,-2304,-524352,-28288,1152,,,,,,
182080770969800,63174958916332,31,-4864,2784,-2400,-526336,-28608,4160,,,,,,
182080771963400,63174959916665,32,-4416,2624,-2368,-522944,-28032,5696,,,,,,
182080772967600,63174960916665,33,-4704,2784,-2976,-523968,-28928,5184,,,,,,
182080773969700,63174961916332,34,-4960,3072,-2176,-525056,-29824,2432,,,,,,
182080774994000,63174962916540,35,-4672,3392,-3040,-524864,-27520,3136,,,,,,
182080775970000,63174963916290,36,-4704,2944,-2880,-522816,-28480,1152,,,,,,
182080777094000,63174964916665,37,-4224,3424,-2528,-526144,-29696,3776,,,,,,
182080777967800,63174965916415,38,-4608,4064,-2912,-523264,-30336,2176,,,,,,
182080778967700,63174966916290,39,-3776,3712,-2464,-522944,-26944,3200,,,,,,
182080779971800,63174967916582,40,-4288,3744,-2304,-526720,-27264,3328,,,,,,
182080780970000,63174968916415,41,-4704,4064,-2784,-522688,-27968,2816,,,,,,
182080782092400,63174969916290,42,-4672,4064,-2144,-524352,-28928,4928,,,,,,
182080782972100,63174970916540,43,-4352,4224,-2336,-525056,-29376,3648,,,,,,
182080783974700,63174971916374,44,-4256,4032,-2720,-523328,-28224,3264,,,,,,
182080785094700,63174972916832,45,-4544,4128,-1984,-524864,-28800,4480,,,,,,
182080785969700,63174973917540,46,-4768,3968,-2720,-526016,-27520,1728,,,,,,
182080786973600,63174974916624,47,-4768,4224,-2784,-523328,-29056,1536,,,,,,
182080787971800,63174975916582,48,-4960,4448,-2272,-522944,-28608,2496,,,,,,
182080788971900,63174976916332,49,-4800,4736,-3072,-522560,-28224,3392,,,,,,
182080789973200,63174977916624,50,-4832,4704,-2880,-523904,-28736,3840,,,,,,
182080790980200,63174978916374,51,-5088,4800,-2560,-525440,-29120,2944,,,,,,
182080792101900,63174979916749,52,-4896,5120,-2400,-524288,-26688,3136,,,,,,
182080793095900,63174980917999,53,-4352,4800,-2080,-522624,-27968,2560,,,,,,
182080794093300,63174981916332,54,-4864,4832,-2496,-523968,-28480,3520,,,,,,
182080794971200,63174982916624,55,-4768,4928,-2112,-526592,-27904,1024,,,,,,
182080795969500,63174983916249,56,-4672,4928,-2368,-524864,-27200,896,,,,,,
182080797095800,63174984916665,57,-4800,4864,-3168,-523712,-28288,2560,,,,,,
182080797966500,63174985916415,58,-4864,4928,-2144,-526848,-28800,3648,,,,,,
182080798965000,63174986918499,59,-4224,4832,-1952,-524288,-28160,512,,,,,,
182080799965700,63174987916540,60,-4928,4704,-2528,-523904,-28800,1216,,,,,,
182080800968800,63174988916415,61,-5088,4928,-2368,-525696,-26752,1792,,,,,,
182080802092700,63174989916832,62,-4576,5024,-2464,-523776,-28928,3008,,,,,,
182080803092600,63174990918165,63,-5056,4832,-1952,-525568,-28928,-128,,,,,,
182080804093000,63174991917582,64,-4832,5312,-2752,-523776,-28736,-320,,,,,,
182080805093900,63174992920124,65,-4672,4864,-2496,-525376,-28480,1600,,,,,,
182080805971100,63174993916499,66,-4480,5120,-2560,-524608,-26880,1472,,,,,,
182080806968700,63174994916582,67,-4768,4928,-2560,-525824,-26752,3072,,,,,,
182080807968300,63174995916457,68,-4864,4864,-3008,-526016,-29120,2624,,,,,,
182080809091300,63174996916457,69,-4864,5024,-2272,-524096,-29312,1280,,,,,,
182080809968200,63174997916790,70,-4320,4864,-2944,-524160,-27584,2624,,,,,,
182080811093700,63174998916499,71,-4992,5056,-2944,-524864,-28224,2560,,,,,,
182080811971100,63174999916582,72,-4992,4640,-2400,-523008,-30080,768,,,,,,
182080812971000,63175000916540,73,-4608,4960,-2176,-524224,-29248,2496,,,,,,
182080813968800,63175001916624,74,-4416,4832,-2176,-522368,-27840,704,,,,,,
182080814968200,63175002917290,75,-4384,4640,-2112,-524544,-29248,-1472,,,,,,
182080816095400,63175003918957,76,-4928,4544,-3296,-523136,-29632,1664,,,,,,
182080816962700,63175004916582,77,-4704,4832,-2432,-525120,-28160,704,,,,,,
182080817966800,63175005916374,78,-4960,4384,-2080,-526080,-28608,-896,,,,,,
182080818970100,63175006916332,79,-4320,4352,-1888,-523840,-28544,256,,,,,,
182080819970500,63175007916457,80,-3872,4160,-2560,-525312,-26688,-64,,,,,,
182080820969200,63175008916499,81,-4896,4512,-2368,-523328,-28032,-1216,,,,,,
182080822092600,63175009918040,82,-4832,4128,-2592,-524352,-28288,-1024,,,,,,
182080822970300,63175010917040,83,-4544,4224,-2272,-525184,-28416,448,,,,,,
182080824097100,63175011918624,84,-4608,3488,-2208,-526144,-28032,320,,,,,,
182080824971500,63175012916499,85,-4608,3680,-3072,-525248,-28160,-64,,,,,,
182080825970700,63175013916332,86,-5024,3392,-2368,-523264,-27456,192,,,,,,
182080827096800,63175014916582,87,-4512,3424,-2432,-525952,-27264,0,,,,,,
182080827968600,63175015917832,88,-4608,3136,-2432,-526400,-28288,1088,,,,,,
182080828971600,63175016916499,89,-4384,2784,-1920,-524352,-30080,-1344,,,,,,
182080829969600,63175017916499,90,-4800,2944,-2208,-524480,-28608,-192,,,,,,
182080830968500,63175018916374,91,-4448,2688,-2720,-524736,-26688,-2048,,,,,,
182080832100400,63175019916624,92,-4672,2560,-2400,-523392,-28992,512,,,,,,
182080833091000,63175020916457,93,-4608,2176,-3008,-524608,-26304,-576,,,,,,
182080834095600,63175021916415,94,-4800,1856,-2432,-524416,-28864,-1344,,,,,,
182080834967700,63175022916499,95,-5216,2144,-3040,-525824,-28288,-1920,,,,,,
182080835970500,63175023916332,96,-4800,1504,-2208,-524416,-27584,-1600,,,,,,
182080836970100,63175024916790,97,-4480,1408,-2784,-524544,-27136,-1472,,,,,,
182080837974000,63175025916415,98,-4832,1312,-2912,-524800,-29504,-640,,,,,,
182080838973900,63175026917915,99,-4832,1120,-2336,-524736,-27456,-1856,,,,,,
182080839974300,63175027916499,100,-5024,896,-2816,-524544,-27840,-1920,,,,,,
182080841097400,63175028917582,101,-5152,544,-2944,-524096,-27264,-512,,,,,,
182080842218500,63175029922999,102,-5536,480,-3104,-526976,-31040,-1280,,,,,,
182080843092200,63175030923874,103,-4896,-320,-2112,-526912,-28096,-3264,,,,,,
182080844098000,63175031923165,104,-4512,-64,-1728,-524352,-29696,-256,,,,,,
182080845096100,63175032917999,105,-4896,-672,-2528,-524160,-29376,-320,,,,,,
182080846093900,63175033924832,106,-4832,-640,-2720,-523520,-28608,-448,,,,,,
182080847218600,63175034929332,107,-5088,-768,-2240,-525632,-28352,-3392,,,,,,
182080848091700,63175035924915,108,-4704,-1472,-1984,-524480,-27264,448,,,,,,
182080849090000,63175036926165,109,-5024,-1056,-2880,-523584,-27008,1024,,,,,,
182080850208600,63175037923999,110,-5248,-1728,-3104,-525184,-26496,256,,,,,,
182080851246500,63175038920874,111,-4224,-1792,-2400,-523904,-28288,128,,,,,,
182080852098400,63175039918082,112,-4736,-1856,-2880,-524224,-30336,-832,,,,,,
182080853094400,63175040919915,113,-4448,-2176,-2144,-525248,-28736,256,,,,,,
182080854088100,63175041919707,114,-5120,-1952,-3072,-526272,-28224,-192,,,,,,
182080855105300,63175042921582,115,-4800,-2560,-1504,-525184,-29824,-896,,,,,,
182080856100600,63175043921582,116,-4896,-3008,-2432,-526208,-28096,1664,,,,,,
182080857096400,63175044922624,117,-5504,-2656,-3712,-526080,-29888,256,,,,,,
182080858104700,63175045919832,118,-4832,-2624,-2880,-524096,-30464,-2176,,,,,,
182080859094200,63175046917665,119,-5120,-2816,-2816,-525696,-27840,-1920,,,,,,
182080860091700,63175047922374,120,-4832,-2880,-2336,-524608,-28608,960,,,,,,
182080861093100,63175048918540,121,-4640,-3264,-2880,-526080,-30016,128,,,,,,
182080862219200,63175049921165,122,-5088,-2912,-2368,-524672,-29376,-2048,,,,,,
182080863092700,63175050922915,123,-4640,-3168,-1856,-526272,-30272,960,,,,,,
182080864120200,63175051918374,124,-5472,-3328,-2816,-525120,-28352,-960,,,,,,
182080865253800,63175052921332,125,-4672,-3616,-2144,-525952,-30080,3200,,,,,,
182080866132900,63175053922165,126,-4768,-2912,-2560,-523264,-28352,1536,,,,,,
182080867113100,63175054923499,127,-4512,-3392,-2048,-524608,-27456,3264,,,,,,
182080868095000,63175055920790,128,-5408,-3392,-2592,-526464,-28480,1600,,,,,,
182080869099600,63175056921290,129,-4576,-3520,-2656,-525120,-28352,1408,,,,,,
182080870083700,63175057920040,130,-4992,-3456,-2208,-523968,-29696,-704,,,,,,
182080871096400,63175058918582,131,-4544,-4096,-2720,-523584,-24960,3072,,,,,,
182080872095200,63175059920749,132,-4992,-3072,-2752,-526464,-27968,1920,,,,,,
182080873095600,63175060920665,133,-4416,-3456,-2592,-523776,-27968,896,,,,,,
182080874101100,63175061921499,134,-4960,-3168,-2368,-524928,-28480,3392,,,,,,
182080875101700,63175062919374,135,-5152,-3616,-1920,-525312,-28480,192,,,,,,
182080876090400,63175063919124,136,-4960,-3456,-3008,-524544,-28992,-320,,,,,,
182080877092900,63175064917874,137,-4992,-3424,-2464,-524160,-27904,2688,,,,,,
182080878094700,63175065921165,138,-4864,-3040,-2368,-525760,-27776,1600,,,,,,
182080879093000,63175066919290,139,-4960,-3072,-2496,-524096,-28864,2112,,,,,,
182080880085600,63175067920124,140,-4864,-3424,-2784,-523776,-28288,1792,,,,,,
182080881189800,63175068925124,141,-5376,-3136,-2880,-525120,-29312,2880,,,,,,
182080882226000,63175069923874,142,-4512,-2976,-2144,-526208,-29248,4224,,,,,,
182080883082600,63175070919707,143,-4768,-2624,-2624,-524864,-28864,1728,,,,,,
182080884111800,63175071917249,144,-4960,-2784,-3008,-525504,-28992,704,,,,,,
182080885096700,63175072920207,145,-5216,-2656,-3008,-523904,-28416,2944,,,,,,
182080886093700,63175073926165,146,-5440,-2784,-2816,-523136,-28096,3008,,,,,,
182080887097500,63175074925499,147,-4512,-3264,-2304,-524800,-28480,3776,,,,,,
182080888094100,63175075925374,148,-4352,-2144,-2912,-523520,-30400,1792,,,,,,
182080889100000,63175076924499,149,-4832,-2144,-2528,-524352,-30144,3904,,,,,,
182080890321100,63175077919249,150,-5024,-2208,-2752,-525376,-28736,3136,,,,,,
182080891095500,63175078919832,151,-4640,-2272,-2368,-524544,-28736,2496,,,,,,
182080892217800,63175079923290,152,-4832,-2560,-1792,-525120,-27840,1216,,,,,,
182080893093400,63175080923707,153,-4416,-1856,-2336,-524864,-30528,3904,,,,,,
182080894093900,63175081923832,154,-4768,-1760,-2592,-522624,-28096,1344,,,,,,
182080895092800,63175082924124,155,-4736,-1504,-2944,-524352,-27584,2624,,,,,,
182080896097000,63175083922040,156,-4832,-1152,-2432,-524928,-28416,2496,,,,,,
182080897095300,63175084920999,157,-4544,-1056,-2176,-525376,-27072,3968,,,,,,
182080898096200,63175085919249,158,-4864,-992,-2144,-524928,-27520,4544,,,,,,
182080899092600,63175086921165,159,-4992,-1024,-1984,-524352,-29184,3328,,,,,,
182080900092500,63175087917915,160,-4832,-768,-2016,-523584,-29248,4032,,,,,,
182080901092200,63175088916457,161,-4896,-768,-2176,-524992,-27584,4224,,,,,,
182080902092500,63175089916665,162,-4288,-224,-2624,-522560,-28736,4096,,,,,,
182080903095900,63175090916499,163,-5056,160,-2272,-524608,-27840,2624,,,,,,
182080903972900,63175091916415,164,-4928,-256,-2016,-523968,-28480,3968,,,,,,
182080904972400,63175092916499,165,-4480,-160,-2176,-524352,-28992,4544,,,,,,
182080905971300,63175093916415,166,-5216,288,-2624,-523840,-29120,5696,,,,,,
182080906964500,63175094916540,167,-5024,224,-2816,-524096,-28032,5184,,,,,,
182080907973000,63175095916499,168,-4608,352,-1184,-524032,-27968,5696,,,,,,
182080908973800,63175096917707,169,-4960,288,-1920,-525184,-28224,5248,,,,,,
182080909969400,63175097918040,170,-5056,480,-1696,-523712,-28608,5248,,,,,,
182080910968200,63175098916499,171,-4448,480,-2176,-523328,-27520,3648,,,,,,
182080911967800,63175099916582,172,-4640,640,-1088,-524352,-28992,2048,,,,,,
182080913100100,63175100918249,173,-5216,1376,-1760,-523648,-27136,3072,,,,,,
182080913966600,63175101916415,174,-3424,1408,-1696,-523776,-29184,1664,,,,,,
182080914968400,63175102916457,175,-4480,1376,-2368,-524096,-28992,5120,,,,,,
182080915965800,63175103916332,176,-4224,1664,-992,-523648,-27968,7360,,,,,,
182080916967100,63175104917415,177,-4864,1536,-1568,-523264,-29120,5248,,,,,,
182080917969000,63175105917290,178,-4992,1952,-1568,-525696,-29760,3072,,,,,,
182080918975600,63175106916290,179,-3904,2176,-992,-524608,-29376,2752,,,,,,
182080919962900,63175107916749,180,-5216,2688,-1888,-524736,-28032,2240,,,,,,
182080920962900,63175108916374,181,-4640,2464,-1472,-524288,-29440,4800,,,,,,
182080921956000,63175109916499,182,-4704,2592,-1280,-523840,-27136,3648,,,,,,
182080922955200,63175110918665,183,-4224,3296,-1760,-524160,-28800,4864,,,,,,
182080923963900,63175111916249,184,-4320,3424,-1728,-524992,-28224,1984,,,,,,
182080925086800,63175112916707,185,-4416,3296,-1280,-523264,-27648,5952,,,,,,
182080925954900,63175113916749,186,-5312,3296,-2144,-524672,-27328,3072,,,,,,
182080926954900,63175114916540,187,-4864,3584,-1728,-525312,-26880,3648,,,,,,
182080927969600,63175115916457,188,-4992,3744,-2144,-524160,-28544,3200,,,,,,
182080929096000,63175116916290,189,-5152,3488,-1664,-526400,-28992,2304,,,,,,
182080929953800,63175117920165,190,-4928,3808,-1440,-523712,-29056,576,,,,,,
182080930960200,63175118918790,191,-4736,4192,-1664,-523648,-27456,5184,,,,,,
182080932098000,63175119916457,192,-4416,4128,-1632,-526784,-27264,3648,,,,,,
182080933087200,63175120920874,193,-4736,3968,-1888,-525184,-28416,0,,,,,,
182080933961400,63175121917665,194,-4192,4256,-2016,-522496,-27648,2816,,,,,,
182080934956400,63175122918832,195,-4672,4512,-2304,-524608,-28096,3840,,,,,,
182080935956800,63175123917290,196,-4928,4224,-1920,-526784,-27648,2304,,,,,,
182080937096400,63175124917957,197,-4000,4480,-1728,-521984,-26048,1216,,,,,,
182080938095400,63175125916624,198,-4992,4672,-2240,-525184,-27712,3648,,,,,,
182080938960000,63175126917790,199,-4320,4160,-2400,-526272,-26432,2752,,,,,,
182080939958000,63175127917124,200,-4928,4960,-2816,-526080,-28416,3712,,,,,,
182080940962400,63175128916415,201,-4608,5152,-2400,-525376,-25664,1024,,,,,,
182080941958900,63175129916457,202,-4224,4160,-1888,-523392,-28800,1344,,,,,,
182080942961000,63175130916499,203,-4416,4288,-2432,-525760,-28032,3392,,,,,,
182080944085100,63175131916332,204,-4864,4416,-2816,-525248,-28480,1024,,,,,,
182080944972800,63175132916582,205,-4480,5120,-2784,-524544,-28480,832,,,,,,
182080945957900,63175133916415,206,-4608,4832,-2944,-523264,-29120,1024,,,,,,
182080946957300,63175134917332,207,-4864,4640,-2720,-522752,-28992,256,,,,,,
182080948074400,63175135916415,208,-4640,4672,-2656,-524416,-27776,-1984,,,,,,
182080948979400,63175136916249,209,-4576,4352,-3200,-523264,-28160,1984,,,,,,
182080950084500,63175137918124,210,-4704,4480,-3040,-523968,-28416,1344,,,,,,
182080951081100,63175138917499,211,-4736,3776,-3104,-523776,-27968,-192,,,,,,
182080952358400,63175139916582,212,-5120,3776,-3136,-523776,-27072,-256,,,,,,
182080953009800,63175140917040,213,-4320,4032,-3008,-523392,-27712,2112,,,,,,
182080954142200,63175141917832,214,-4864,4064,-3392,-522688,-30528,1920,,,,,,
182080954968900,63175142916499,215,-4544,3456,-3168,-524480,-28416,256,,,,,,
182080956091900,63175143916415,216,-4864,3488,-3456,-526656,-28864,1344,,,,,,
182080956954700,63175144917207,217,-4896,2784,-3104,-524608,-27072,64,,,,,,
182080957967000,63175145916540,218,-4320,3200,-3328,-525120,-30208,-1728,,,,,,
182080958957200,63175146916290,219,-4768,3072,-3360,-521920,-29056,1152,,,,,,
182080959958600,63175147916499,220,-4544,3584,-2944,-525440,-27200,-2752,,,,,,
182080960955900,63175148916332,221,-4544,2880,-2912,-524672,-28864,-1024,,,,,,
182080962101100,63175149917915,222,-4768,2816,-3776,-523456,-28480,2176,,,,,,
182080962964600,63175150916457,223,-4448,2112,-2944,-523968,-29184,2048,,,,,,
182080963954700,63175151916624,224,-4896,1984,-2880,-523840,-29696,-1984,,,,,,
182080964952700,63175152916582,225,-5568,2080,-3872,-524224,-27456,576,,,,,,
182080965966700,63175153916457,226,-4832,1792,-3136,-524352,-29312,-2432,,,,,,
182080966967300,63175154916582,227,-4512,1568,-3552,-524416,-28416,896,,,,,,
182080967962700,63175155916374,228,-5216,1568,-2912,-524288,-27712,64,,,,,,
182080968958900,63175156916665,229,-4768,1408,-3648,-521984,-29632,1408,,,,,,
182080969957600,63175157916540,230,-4928,1408,-3104,-525120,-28096,1984,,,,,,
182080970957100,63175158917082,231,-5152,1248,-3520,-525568,-29504,-128,,,,,,
182080972204200,63175159916415,232,-5472,608,-3360,-526848,-27904,704,,,,,,
182080973076400,63175160916707,233,-5312,1280,-3168,-524864,-28800,384,,,,,,
182080974034900,63175161917957,234,-5184,608,-2496,-524992,-29056,64,,,,,,
182080974966800,63175162916582,235,-5120,448,-2464,-525504,-27392,576,,,,,,
182080976008000,63175163916332,236,-4704,384,-3008,-523008,-30784,512,,,,,,
182080976970300,63175164916415,237,-4608,512,-2944,-523776,-27392,-1536,,,,,,
182080978085300,63175165916707,238,-5248,-96,-2752,-527488,-27200,2112,,,,,,
182080979077800,63175166917749,239,-4672,-256,-2336,-525504,-29696,2048,,,,,,
182080979954900,63175167917290,240,-4896,-128,-3136,-525504,-29120,256,,,,,,
182080980952800,63175168918332,241,-3872,-352,-2624,-525952,-29184,-1024,,,,,,
182080982125300,63175169916832,242,-5440,-448,-2592,-524672,-28992,1472,,,,,,
182080982982800,63175170916457,243,-5088,-480,-2560,-523200,-28480,448,,,,,,
182080983961900,63175171916499,244,-4768,-128,-2368,-522880,-28032,1088,,,,,,
182080984963400,63175172917832,245,-5152,-384,-3072,-523712,-26944,320,,,,,,
182080985957900,63175173917749,246,-4704,-480,-2592,-525952,-28736,192,,,,,,
182080986957900,63175174916415,247,-4832,-992,-2688,-523584,-28544,1984,,,,,,
182080987958100,63175175916457,248,-5088,-320,-3200,-525184,-28800,1408,,,,,,
182080988958700,63175176916624,249,-4672,-928,-2016,-526336,-27840,960,,,,,,
182080989959000,63175177916457,250,-4352,-640,-1984,-524928,-29888,3264,,,,,,
182080991142900,63175178917207,251,-5088,-672,-2240,-522944,-28544,-320,,,,,,
182080992092200,63175179920499,252,-4704,-736,-2336,-523328,-28992,2496,,,,,,
182080992971700,63175180916374,253,-5248,-480,-3104,-525824,-28224,3008,,,,,,
182080993966700,63175181916457,254,-4896,-608,-2720,-525952,-29056,64,,,,,,
182080994971400,63175182916374,255,-4608,-416,-2208,-523392,-26752,2304,,,,,,
182080995954000,63175183916290,0,-4672,-1024,-2592,-526016,-27008,2112,,,,,,
182080996957600,63175184916582,1,-4896,-1088,-2432,-524480,-26496,1344,,,,,,
182080997960200,63175185917874,2,-4736,-1056,-2432,-524096,-29376,2240,,,,,,
182080998974200,63175186916582,3,-4640,-608,-2144,-525056,-28672,2432,,,,,,
182081000030100,63175187916499,4,-4384,-544,-2944,-524736,-29504,704,,,,,,
182081000969600,63175188916332,5,-4576,-416,-2240,-524224,-27712,2304,,,,,,
182081001965300,63175189916457,6,-5280,-416,-2400,-523968,-29056,3840,,,,,,
182081003095900,63175190917040,7,-4960,-544,-3008,-525184,-27968,4928,,,,,,
182081003970800,63175191916540,8,-4640,-352,-2400,-524992,-28096,704,,,,,,
182081004968900,63175192916499,9,-4960,64,-2272,-524032,-28480,3712,,,,,,
182081005966900,63175193916249,10,-4384,-448,-2080,-524992,-28288,1920,,,,,,
182081006964600,63175194916457,11,-4960,-256,-2656,-524160,-27904,2432,,,,,,
182081007970700,63175195916415,12,-4544,-320,-2720,-525248,-28032,448,,,,,,
182081008968600,63175196916540,13,-4800,-512,-1984,-523584,-27456,1728,,,,,,
182081009967400,63175197916540,14,-4928,32,-2432,-523968,-27840,3776,,,,,,
182081010968600,63175198916290,15,-4288,-256,-2080,-525888,-28544,1536,,,,,,
182081012091200,63175199917874,16,-4832,192,-2944,-525952,-28352,1536,,,,,,
182081012966200,63175200916457,17,-4320,288,-2848,-522432,-27840,2624,,,,,,
182081013968600,63175201916499,18,-5408,608,-3168,-525504,-27904,4096,,,,,,
182081015197800,63175202916624,19,-5024,192,-2688,-523840,-28160,4736,,,,,,
182081015969600,63175203917707,20,-5408,832,-3296,-523968,-27968,2432,,,,,,
182081016969800,63175204916540,21,-4736,704,-1824,-523520,-27456,1664,,,,,,
182081017968500,63175205916415,22,-4640,672,-2432,-526144,-28544,2560,,,,,,
182081018968600,63175206916290,23,-4384,960,-2112,-523520,-31232,4800,,,,,,
182081019967700,63175207916582,24,-5024,1344,-2656,-524096,-28864,1600,,,,,,
182081020966700,63175208916374,25,-4832,1344,-2400,-523712,-28864,3008,,,,,,
182081022091200,63175209916540,26,-4960,1728,-2400,-525504,-29248,3456,,,,,,
182081022968400,63175210917957,27,-4512,1600,-2240,-526272,-30080,2752,,,,,,
182081023985400,63175211917082,28,-4288,1344,-2720,-523456,-27072,3584,,,,,,
182081024971900,63175212916582,29,-4864,1664,-2592,-524672,-28736,3072,,,,,,
182081025967800,63175213916374,30,-4384,1632,-1984,-522432,-28864,5376,,,,,,
182081026968500,63175214917374,31,-5056,1856,-2816,-525376,-29824,2304,,,,,,
182081027972800,63175215916374,32,-4800,1664,-2176,-523776,-28736,1408,,,,,,
182081028975900,63175216916665,33,-4800,2240,-2464,-523392,-27328,4928,,,,,,
182081029971700,63175217916499,34,-5056,1952,-1888,-525184,-28608,1856,,,,,,
182081030971200,63175218916290,35,-5056,2400,-2144,-525440,-26688,6336,,,,,,
182081032089700,63175219916582,36,-5152,2432,-2272,-523904,-26816,1280,,,,,,
182081033093000,63175220918207,37,-4416,2592,-1888,-525376,-28480,5248,,,,,,
182081034096900,63175221919749,38,-4512,2592,-2080,-525952,-28096,4864,,,,,,
182081034971300,63175222916499,39,-5344,2624,-3008,-521728,-28544,3584,,,,,,
182081035971700,63175223916249,40,-4448,2272,-1856,-525120,-28224,2752,,,,,,
182081037094900,63175224916665,41,-4704,2784,-2048,-525888,-29120,2176,,,,,,
182081037969600,63175225916457,42,-4576,2688,-2336,-524224,-27776,960,,,,,,
182081038969200,63175226916665,43,-4800,3264,-2080,-525184,-28096,4864,,,,,,
182081039975700,63175227916415,44,-4864,3232,-2336,-525888,-29312,2688,,,,,,
182081040969800,63175228916332,45,-5184,3488,-2816,-524224,-28928,3264,,,,,,
182081041966400,63175229916624,46,-4640,3936,-2432,-524416,-28992,1984,,,,,,
182081042968500,63175230916665,47,-4448,3488,-2112,-525440,-28544,3072,,,,,,
182081043968100,63175231917540,48,-4512,3808,-2240,-524416,-28416,2176,,,,,,
182081045092700,63175232916540,49,-4736,3296,-2432,-524032,-27456,3136,,,,,,
182081045973900,63175233916374,50,-4832,3776,-2400,-525824,-27392,4480,,,,,,
182081046976200,63175234916540,51,-5152,3904,-2720,-524672,-28416,2624,,,,,,
182081047967600,63175235916374,52,-4640,4192,-3360,-523456,-27520,4736,,,,,,
182081048968700,63175236916624,53,-5120,4448,-2688,-524992,-28800,3328,,,,,,
182081049967700,63175237916332,54,-4544,4192,-2752,-523712,-28416,4096,,,,,,
182081050964600,63175238916332,55,-4960,4800,-2336,-524288,-28096,448,,,,,,
182081052235000,63175239916707,56,-5088,4608,-2976,-524480,-28224,2112,,,,,,
182081052966900,63175240916457,57,-4608,4448,-2848,-523520,-29248,3392,,,,,,
182081053965500,63175241916624,58,-4832,4640,-2912,-525184,-26112,3392,,,,,,
182081054978400,63175242916499,59,-4800,4384,-2592,-524992,-29120,2112,,,,,,
182081055964000,63175243916290,60,-4544,4960,-3040,-522752,-26560,3840,,,,,,
182081056973400,63175244916582,61,-4864,4640,-1952,-526656,-28224,-704,,,,,,
182081057972900,63175245916374,62,-4480,5024,-2848,-524608,-26368,1216,,,,,,
182081058970400,63175246916707,63,-5024,4928,-3200,-524864,-28544,2880,,,,,,
182081059968100,63175247916415,64,-4576,5152,-2592,-526144,-28800,1472,,,,,,
182081060975100,63175248916582,65,-4576,4704,-2752,-524224,-27648,832,,,,,,
182081062099300,63175249916499,66,-4928,5056,-2880,-524160,-30336,1408,,,,,,
182081063098600,63175250917415,67,-4320,5056,-2432,-523904,-29440,1600,,,,,,
182081063973800,63175251916749,68,-4480,5184,-3328,-524352,-28800,960,,,,,,
182081064973400,63175252916374,69,-4288,4608,-2272,-525184,-28864,576,,,,,,
182081065972200,63175253916374,70,-4384,5024,-3424,-524736,-28736,832,,,,,,
182081066968300,63175254916457,71,-4544,5440,-3040,-524608,-27712,2432,,,,,,
182081067972800,63175255916415,72,-4288,4832,-2848,-524864,-26624,0,,,,,,
182081068971000,63175256916624,73,-4256,4960,-2592,-524352,-28352,1152,,,,,,
182081069969900,63175257916540,74,-4352,4672,-2848,-525184,-28416,320,,,,,,
182081070966400,63175258916624,75,-4704,4608,-2624,-524928,-28608,-64,,,,,,
182081071961300,63175259916540,76,-4704,4416,-2272,-524288,-27648,0,,,,,,
182081073036000,63175260916499,77,-4608,4288,-3040,-525248,-29504,704,,,,,,
182081073975700,63175261916540,78,-5152,4352,-2784,-523904,-28608,-640,,,,,,
182081074974100,63175262917874,79,-4576,4608,-2368,-524416,-29760,1408,,,,,,
182081075971100,63175263916415,80,-4576,4608,-2560,-525504,-27072,-64,,,,,,
182081076975200,63175264916499,81,-4512,3904,-2752,-523904,-27392,960,,,,,,
182081077970700,63175265916332,82,-4896,4224,-2464,-523904,-28992,-1856,,,,,,
182081078968400,63175266916582,83,-4960,4032,-2112,-524608,-28096,320,,,,,,
182081079972200,63175267919290,84,-4512,3392,-2304,-523264,-28928,-2624,,,,,,
182081081098700,63175268917332,85,-4960,3808,-2784,-524032,-28352,-960,,,,,,
182081082112800,63175269916415,86,-4192,3424,-2304,-523520,-28992,-1728,,,,,,
182081083103200,63175270916332,87,-5152,3712,-3008,-524480,-30080,-1280,,,,,,
182081083987000,63175271916665,88,-5024,2976,-2944,-523840,-28608,384,,,,,,
182081085096900,63175272917749,89,-5248,3136,-2752,-524928,-27776,-1152,,,,,,
182081086093900,63175273918874,90,-4608,2944,-2656,-523840,-29824,-512,,,,,,
182081086972700,63175274917915,91,-5216,2592,-2624,-525248,-28608,-1536,,,,,,
182081087974900,63175275917040,92,-4608,2944,-2368,-524416,-29824,-2112,,,,,,
182081088973200,63175276916624,93,-4608,2880,-2880,-524032,-29376,-448,,,,,,
182081089973000,63175277916457,94,-4800,2112,-3072,-524736,-27840,-576,,,,,,
182081091182200,63175278916290,95,-4544,1920,-2016,-524352,-29376,-1024,,,,,,
182081092083400,63175279916457,96,-4896,1888,-2432,-524864,-29056,832,,,,,,
182081093092500,63175280916832,97,-4992,1792,-3200,-523776,-26048,64,,,,,,
182081093968600,63175281916624,98,-4160,1696,-2336,-525312,-28992,1600,,,,,,
182081094967500,63175282916332,99,-4608,1632,-2432,-523584,-27456,-1984,,,,,,
182081095973900,63175283917082,100,-5184,1536,-2368,-524928,-27968,1792,,,,,,
182081096970500,63175284916457,101,-4800,1472,-2464,-524480,-29120,-832,,,,,,
182081097970500,63175285916332,102,-4576,736,-2176,-523840,-28352,-1536,,,,,,
182081099092300,63175286918249,103,-5056,896,-2848,-525824,-27072,-2112,,,,,,
182081099974900,63175287916332,104,-4512,768,-2240,-523456,-29632,-2496,,,,,,
182081100965800,63175288916332,105,-5152,544,-2592,-526528,-26560,-512,,,,,,
182081101967700,63175289916415,106,-4800,544,-2400,-524800,-29440,-2048,,,,,,
182081102969700,63175290916290,107,-5120,416,-2688,-525440,-29696,-576,,,,,,
182081103969600,63175291916874,108,-4448,-96,-2080,-526592,-27264,64,,,,,,
182081104972200,63175292916540,109,-5376,320,-2400,-524416,-28864,-3136,,,,,,
182081105974900,63175293916415,110,-4640,-256,-1856,-525632,-30208,-1280,,,,,,
182081106962200,63175294916457,111,-5216,160,-2432,-526080,-28352,1728,,,,,,
182081107981400,63175295917957,112,-4608,-640,-2240,-523264,-28928,1664,,,,,,
182081108971300,63175296916624,113,-5696,-96,-2336,-524096,-29632,128,,,,,,
182081109971000,63175297916290,114,-4736,-640,-1984,-524928,-28480,192,,,,,,
182081110982300,63175298916249,115,-5184,-800,-2560,-525696,-29696,576,,,,,,
182081111969000,63175299916415,116,-5408,-640,-1856,-523840,-29760,0,,,,,,
182081113093000,63175300916415,117,-5024,-896,-2336,-525056,-29056,-896,,,,,,
182081113972600,63175301916540,118,-4896,-896,-2400,-524416,-29696,1280,,,,,,
182081114965600,63175302917082,119,-4480,-992,-2464,-525312,-29248,576,,,,,,
182081115969000,63175303917832,120,-4672,-1184,-2144,-524928,-28736,704,,,,,,
182081116965100,63175304916499,121,-4832,-1280,-2240,-524032,-28608,1664,,,,,,
182081117967300,63175305916374,122,-4992,-1088,-2112,-525056,-27712,768,,,,,,
182081118971800,63175306916540,123,-4736,-1248,-1824,-524416,-27776,2816,,,,,,
182081119969700,63175307916374,124,-4896,-1664,-1984,-525120,-28224,1216,,,,,,
182081120969900,63175308916290,125,-5120,-1472,-1280,-524928,-27968,1728,,,,,,
182081122091800,63175309916415,126,-5120,-1792,-1824,-525376,-28864,320,,,,,,
182081123155100,63175310918082,127,-4864,-1152,-2048,-523456,-28608,-1024,,,,,,
182081123966800,63175311916582,128,-4640,-1408,-1856,-523584,-27904,3008,,,,,,
182081124968900,63175312916374,129,-4544,-2080,-1504,-523840,-29760,-64,,,,,,
182081125966600,63175313916415,130,-5504,-1120,-1728,-525184,-27392,128,,,,,,
182081126970200,63175314917790,131,-4992,-1600,-2496,-523712,-27776,2752,,,,,,
182081127969800,63175315916790,132,-4256,-1728,-1664,-524096,-28160,2304,,,,,,
182081128966500,63175316916415,133,-5152,-1760,-2112,-523840,-25984,-384,,,,,,
182081129970800,63175317916249,134,-4384,-1760,-2112,-525184,-27968,1216,,,,,,
182081130973500,63175318916332,135,-4288,-1952,-2176,-524864,-30208,1600,,,,,,
182081131967700,63175319916499,136,-4896,-1120,-2528,-524800,-26880,-832,,,,,,
182081132967800,63175320916415,137,-4416,-1888,-1760,-523200,-26688,2112,,,,,,
182081134094200,63175321919207,138,-4960,-1216,-2752,-523328,-28672,896,,,,,,
182081134965300,63175322916457,139,-4736,-1952,-1792,-524608,-28416,3968,,,,,,
182081135968800,63175323916374,140,-4640,-1856,-1440,-526464,-29760,1472,,,,,,
182081136969000,63175324916415,141,-4576,-1504,-2528,-526144,-27584,-64,,,,,,
182081137967700,63175325916415,142,-5248,-1984,-2048,-525376,-28800,1856,,,,,,
182081139076600,63175326916874,143,-4928,-1568,-2176,-524864,-29504,-832,,,,,,
182081140095300,63175327917082,144,-4800,-1760,-1824,-525312,-27136,3008,,,,,,
182081140971900,63175328916374,145,-5312,-1504,-2880,-523648,-26816,448,,,,,,
182081141974300,63175329916415,146,-5088,-1440,-2624,-522624,-26752,-448,,,,,,
182081143098500,63175330916374,147,-4800,-1376,-2432,-523648,-31360,1024,,,,,,
182081143974400,63175331916499,148,-4320,-960,-1728,-525312,-28736,704,,,,,,
182081144965600,63175332916290,149,-3936,-1472,-2208,-524608,-27520,2752,,,,,,
182081145969300,63175333916415,150,-5088,-960,-2208,-525504,-27840,3712,,,,,,
182081146966100,63175334916415,151,-4608,-992,-2976,-524800,-27264,2816,,,,,,
182081147967000,63175335916415,152,-5184,-1088,-2432,-523008,-27904,2688,,,,,,
182081148966800,63175336916582,153,-4256,-928,-1792,-523648,-28416,2176,,,,,,
182081149968900,63175337916499,154,-4352,-640,-1792,-525952,-29696,3520,,,,,,
182081150967900,63175338916415,155,-4896,-704,-1952,-526144,-28032,1792,,,,,,
182081152091900,63175339916457,156,-5024,-768,-2624,-524800,-26560,384,,,,,,
182081152966000,63175340918040,157,-5088,-224,-2016,-524416,-27520,3008,,,,,,
182081153962600,63175341916457,158,-4736,-480,-2240,-524608,-26944,2304,,,,,,
182081154962400,63175342916415,159,-4992,-352,-2592,-523136,-30336,4288,,,,,,
182081155972700,63175343916457,160,-5120,-288,-2400,-526272,-28928,3648,,,,,,
182081156972900,63175344916374,161,-5056,96,-2880,-526400,-29696,3584,,,,,,
182081157974500,63175345916415,162,-5024,256,-1600,-524992,-28544,4544,,,,,,
182081158966500,63175346916582,163,-4960,416,-2528,-523840,-29568,2624,,,,,,
182081159970300,63175347918874,164,-4000,480,-2464,-523776,-30848,2240,,,,,,
182081160964600,63175348916374,165,-4608,864,-1728,-524800,-26880,2304,,,,,,
182081161971900,63175349916499,166,-5056,704,-2368,-523968,-28288,3904,,,,,,
182081163090400,63175350916374,167,-5088,832,-2240,-525248,-28736,4736,,,,,,
182081163967800,63175351916457,168,-4672,1216,-2816,-524544,-27456,1856,,,,,,
182081164969300,63175352916457,169,-4768,928,-2432,-524416,-28032,3200,,,,,,
182081165970500,63175353916207,170,-4544,1280,-2080,-524288,-28544,5632,,,,,,
182081166968900,63175354916415,171,-4544,1408,-2848,-522880,-28352,1792,,,,,,
182081168094900,63175355916332,172,-4384,1504,-1888,-524160,-29056,4288,,,,,,
182081168967800,63175356916499,173,-4416,1408,-1952,-525504,-29824,4608,,,,,,
182081169966900,63175357915957,174,-4928,1920,-1664,-524544,-27264,2944,,,,,,
182081170962900,63175358916415,175,-4704,2336,-1952,-525248,-26752,3840,,,,,,
182081171973000,63175359916457,176,-4384,2240,-1792,-524608,-29248,1408,,,,,,
182081172968400,63175360916499,177,-4096,2016,-1536,-523776,-29120,1856,,,,,,
182081173967700,63175361916499,178,-4576,2336,-1728,-525376,-29760,2112,,,,,,
182081174966800,63175362916415,179,-4608,2496,-1984,-524544,-27648,3456,,,,,,
182081175956700,63175363916290,180,-5056,2880,-2560,-524608,-29888,2048,,,,,,
182081176955400,63175364916332,181,-4384,2368,-1344,-524416,-27136,1536,,,,,,
182081177966000,63175365918124,182,-4896,3232,-2208,-523904,-28032,1920,,,,,,
182081178959900,63175366916415,183,-4640,3040,-2272,-525056,-28736,3200,,,,,,
182081179964900,63175367916374,184,-5312,3584,-2560,-522432,-28864,4352,,,,,,
182081181091300,63175368917457,185,-4608,3552,-2624,-523520,-26240,2240,,,,,,
182081182090300,63175369917624,186,-4192,3040,-2208,-526784,-26880,1152,,,,,,
182081182961300,63175370916332,187,-4704,3264,-2624,-522496,-29312,3584,,,,,,
182081183983100,63175371916457,188,-4320,3264,-1824,-523968,-24832,1408,,,,,,
182081184970600,63175372916457,189,-5088,3424,-3040,-525504,-27904,5568,,,,,,
182081185964800,63175373916332,190,-4448,3424,-2624,-524928,-27072,2304,,,,,,
182081186973800,63175374916499,191,-5664,3456,-3488,-525184,-26880,1024,,,,,,
182081188012200,63175375916415,192,-4352,3680,-2400,-526848,-28480,4032,,,,,,
182081188980900,63175376916540,193,-4736,3872,-3072,-525248,-27968,1856,,,,,,
182081189959000,63175377916415,194,-4128,3872,-3360,-523008,-26688,1344,,,,,,
182081190970900,63175378916290,195,-4672,3424,-2752,-525632,-28480,2624,,,,,,
182081192094900,63175379917165,196,-4672,3360,-2624,-523776,-28800,4032,,,,,,
182081192961000,63175380916332,197,-4736,3360,-3584,-524992,-27648,576,,,,,,
182081193971900,63175381917874,198,-5152,3520,-3680,-525056,-28800,512,,,,,,
182081194958700,63175382916457,199,-4384,3264,-2752,-524224,-30784,960,,,,,,
182081195955500,63175383916207,200,-5024,2976,-2976,-524352,-30272,-960,,,,,,
182081196960500,63175384916457,201,-4800,3424,-3200,-525504,-30464,-768,,,,,,
182081197965400,63175385917999,202,-4768,3584,-2944,-526592,-30400,128,,,,,,
182081198987400,63175386916499,203,-4576,2752,-3104,-523648,-27904,-576,,,,,,
182081199967800,63175387916457,204,-4512,3232,-2624,-524544,-29312,-2752,,,,,,
182081200971100,63175388916332,205,-4576,2720,-2464,-523264,-28160,-896,,,,,,
182081202089900,63175389916540,206,-4736,2880,-3360,-522944,-28480,-1664,,,,,,
182081203090300,63175390916457,207,-4448,2784,-2912,-525440,-28608,-960,,,,,,
182081203967000,63175391916874,208,-5088,2656,-3008,-523776,-30080,896,,,,,,
182081204959000,63175392916499,209,-4576,2048,-2560,-524352,-29568,1088,,,,,,
182081205965500,63175393916249,210,-4480,1824,-3008,-524160,-28416,192,,,,,,
182081206980200,63175394916540,211,-4416,1696,-2528,-523328,-28800,-1344,,,,,,
182081207964000,63175395916374,212,-4800,2208,-2976,-522944,-28416,-2560,,,,,,
182081208972600,63175396916457,213,-4896,1888,-2720,-521664,-29504,512,,,,,,
182081209973200,63175397916540,214,-4480,1792,-2976,-525888,-31168,1984,,,,,,
182081210965600,63175398916290,215,-4544,1760,-2528,-525824,-27968,-576,,,,,,
182081212085200,63175399917415,216,-4800,1536,-2624,-523712,-27264,1024,,,,,,
182081212966300,63175400916374,217,-5312,960,-2560,-523968,-28800,1536,,,,,,
182081213969300,63175401916457,218,-5184,1600,-1888,-523968,-27968,768,,,,,,
182081214965100,63175402916457,219,-4864,1248,-2656,-525504,-28096,-2112,,,,,,
182081215969400,63175403916290,220,-5024,704,-2048,-525696,-29248,0,,,,,,
182081216961400,63175404916499,221,-4544,1280,-2528,-524288,-28160,-1152,,,,,,
182081217987500,63175405916332,222,-4640,1024,-1984,-524864,-29312,-384,,,,,,
182081218953100,63175406916540,223,-4608,640,-1920,-524992,-29568,192,,,,,,
182081219953300,63175407916499,224,-4576,736,-2432,-524160,-26432,-704,,,,,,
182081221061400,63175408916332,225,-4640,480,-1952,-525888,-28800,1856,,,,,,
182081221959400,63175409916457,226,-4576,448,-2112,-527488,-28800,256,,,,,,
182081222975800,63175410919374,227,-4800,736,-1792,-525824,-29632,768,,,,,,
182081223958900,63175411916540,228,-4768,576,-2112,-527872,-26496,2240,,,,,,
182081224960600,63175412916415,229,-4928,224,-1952,-523776,-29376,-1472,,,,,,
182081225956500,63175413916249,230,-5024,384,-2112,-524352,-28736,2240,,,,,,
182081226962600,63175414916665,231,-4256,448,-1920,-523392,-29056,1280,,,,,,
182081227967600,63175415916290,232,-5216,352,-2560,-525440,-27776,832,,,,,,
182081228966300,63175416916665,233,-4896,384,-1856,-525696,-28288,2432,,,,,,
182081229965500,63175417916457,234,-5216,-128,-2368,-522944,-26112,64,,,,,,
182081230964300,63175418916332,235,-5152,288,-2016,-524544,-26368,768,,,,,,
182081231962600,63175419916457,236,-4384,288,-1920,-524224,-27840,1472,,,,,,
182081232962800,63175420916457,237,-4992,32,-1888,-525504,-29120,3136,,,,,,
182081233960600,63175421918040,238,-4352,-96,-2176,-524032,-28864,2240,,,,,,
182081234964100,63175422916457,239,-4704,416,-2720,-525440,-28352,704,,,,,,
182081235949900,63175423916290,240,-5088,576,-2112,-524160,-28288,2304,,,,,,
182081236964200,63175424916499,241,-4960,128,-2176,-524160,-27776,2688,,,,,,
182081237961500,63175425916415,242,-4544,288,-2816,-524032,-28864,2304,,,,,,
182081238964900,63175426916665,243,-4608,192,-1888,-525376,-26880,1856,,,,,,
182081239971600,63175427916374,244,-4512,0,-1504,-523264,-29248,2048,,,,,,
182081240959900,63175428916249,245,-4608,448,-2304,-525760,-28480,384,,,,,,
182081241964700,63175429916540,246,-4800,736,-2016,-524480,-28608,1600,,,,,,
182081242960000,63175430916374,247,-5152,608,-2464,-525888,-29056,2240,,,,,,
182081243956600,63175431916665,248,-5280,640,-1824,-525120,-29248,960,,,,,,
182081244963400,63175432916457,249,-4512,1088,-2208,-523776,-28096,768,,,,,,
182081245981600,63175433916249,250,-4672,768,-2016,-525248,-29056,1600,,,,,,
182081246961600,63175434916415,251,-4192,992,-2304,-522304,-29952,3072,,,,,,
182081247966700,63175435916374,252,-4608,1216,-2432,-524928,-28416,3648,,,,,,
182081248965100,63175436917957,253,-4608,1312,-1920,-523328,-28288,4032,,,,,,
182081249964200,63175437916249,254,-4128,1600,-2240,-526336,-30272,1408,,,,,,
182081251086600,63175438917749,255,-4448,1504,-2464,-524544,-28480,2816,,,,,,
182081252090800,63175439917124,0,-4672,1024,-2624,-525888,-27392,2880,,,,,,
182081252973300,63175440916374,1,-4800,1248,-2048,-524352,-28160,2880,,,,,,
182081253960200,63175441916582,2,-4576,1376,-2432,-523648,-28032,4608,,,,,,
182081254961500,63175442916374,3,-4800,1504,-1504,-525184,-26752,3072,,,,,,
182081255960000,63175443916249,4,-4288,1472,-2240,-525568,-29952,1600,,,,,,
182081256960000,63175444916707,5,-5152,1824,-2336,-524224,-28288,2816,,,,,,
182081257966700,63175445916332,6,-4352,1760,-1728,-524672,-28160,1856,,,,,,
182081258970100,63175446916582,7,-4608,1824,-1408,-525504,-28288,3584,,,,,,
182081259972500,63175447916415,8,-4864,1856,-2080,-525184,-28480,3072,,,,,,
182081260965100,63175448916165,9,-4768,1056,-1888,-524352,-27904,-704,,,,,,
182081261972700,63175449916499,10,-4512,1440,-1952,-525184,-28032,2048,,,,,,
182081262982300,63175450916624,11,-4416,2176,-2144,-525440,-28672,2240,,,,,,
182081263970900,63175451917915,12,-4544,1536,-1856,-525760,-28160,1344,,,,,,
182081264962400,63175452916374,13,-4512,1856,-2016,-525888,-26880,1856,,,,,,
182081265959500,63175453917082,14,-5024,1760,-2336,-523776,-27648,-192,,,,,,
182081266974700,63175454916582,15,-4160,1504,-1824,-525120,-28608,1280,,,,,,
182081267962500,63175455916290,16,-4544,1824,-2240,-522880,-29888,-384,,,,,,
182081268958700,63175456916540,17,-4768,2080,-2784,-523840,-29056,384,,,,,,
182081269966700,63175457916374,18,-4224,1760,-1920,-525440,-28672,640,,,,,,
182081270971900,63175458916332,19,-4256,1888,-1888,-522944,-29184,2240,,,,,,
182081271978000,63175459916415,20,-4352,1952,-2304,-525440,-28992,1856,,,,,,
182081272966100,63175460916415,21,-4576,1824,-2112,-524736,-28864,3712,,,,,,
182081273966000,63175461916540,22,-5632,1504,-2656,-523456,-27456,1216,,,,,,
182081274974700,63175462916874,23,-4192,1728,-2176,-524864,-28608,768,,,,,,
182081275973300,63175463918540,24,-4512,1568,-1984,-524928,-28672,3456,,,,,,
182081276991300,63175464917290,25,-4480,1568,-2368,-522560,-26688,1344,,,,,,
182081277973100,63175465916290,26,-4672,1568,-2080,-523264,-29504,2304,,,,,,
182081278961600,63175466916624,27,-4448,1600,-2272,-523776,-29504,3456,,,,,,
182081279970100,63175467916415,28,-5312,1632,-1984,-524608,-29504,-320,,,,,,
182081280967100,63175468916249,29,-4832,1664,-2176,-526464,-28096,1664,,,,,,
182081282086800,63175469918749,30,-5024,1760,-2432,-523392,-29696,1280,,,,,,
182081282975900,63175470916374,31,-4256,1632,-2752,-524224,-27776,-1216,,,,,,
182081283961900,63175471916624,32,-4992,1888,-3136,-526080,-27264,0,,,,,,
182081284962000,63175472916415,33,-4800,1344,-2816,-524608,-28928,-1344,,,,,,
182081285966300,63175473916374,34,-4640,1600,-2624,-523328,-27776,-2048,,,,,,
182081286958100,63175474916249,35,-4416,1344,-2080,-524608,-28672,-896,,,,,,
182081287964000,63175475916249,36,-4608,1760,-2656,-526016,-28928,1088,,,,,,
182081288957600,63175476916457,37,-4864,1696,-2816,-524544,-29184,64,,,,,,
182081289960700,63175477916332,38,-4352,1216,-2624,-524160,-28480,512,,,,,,
182081290969700,63175478916582,39,-4416,1216,-3136,-523648,-28736,2048,,,,,,
182081292101900,63175479916540,40,-4768,1280,-3136,-525440,-28480,-2112,,,,,,
182081293095600,63175480917165,41,-4032,1248,-2080,-525952,-26624,2496,,,,,,
182081293956100,63175481916582,42,-4960,1344,-3392,-525056,-27584,1536,,,,,,
182081294951500,63175482916374,43,-5088,896,-2752,-524352,-27776,576,,,,,,
182081295961000,63175483916249,44,-4992,1312,-2880,-523840,-28864,2496,,,,,,
182081296962500,63175484916332,45,-4544,1280,-3136,-523648,-27712,640,,,,,,
182081297963200,63175485915832,46,-4704,1056,-3264,-523008,-28096,-1280,,,,,,
182081298966600,63175486917915,47,-4544,768,-2400,-524288,-27840,-768,,,,,,
182081299972200,63175487917457,48,-5152,1344,-3296,-526016,-28800,-1536,,,,,,
182081300965700,63175488916249,49,-5344,992,-3136,-525504,-28672,1408,,,,,,
182081301964300,63175489916457,50,-4512,576,-3104,-524608,-29184,960,,,,,,
182081302967500,63175490916415,51,-4960,992,-2848,-523456,-28096,2176,,,,,,
182081303969400,63175491916582,52,-4160,1184,-2880,-524288,-29248,2944,,,,,,
182081304969700,63175492917874,53,-4768,704,-3200,-525952,-28544,-64,,,,,,
182081305965800,63175493916582,54,-4672,960,-3104,-523136,-29824,1216,,,,,,
182081306966400,63175494916499,55,-4480,704,-2624,-524032,-27968,1984,,,,,,
182081307970300,63175495916415,56,-4960,704,-2432,-526080,-29696,0,,,,,,
182081308975700,63175496916457,57,-5216,672,-3168,-525248,-26816,1664,,,,,,
182081309967800,63175497916374,58,-5248,896,-2432,-524416,-27968,960,,,,,,
182081310968100,63175498916332,59,-4288,544,-2528,-526208,-27264,2560,,,,,,
182081312095000,63175499916374,60,-4224,736,-2496,-523904,-28736,1728,,,,,,
182081312967100,63175500916290,61,-4096,416,-2752,-523648,-29440,3648,,,,,,
182081313967700,63175501916457,62,-4288,864,-2208,-523712,-28928,448,,,,,,
182081314966000,63175502916207,63,-4928,672,-2688,-524096,-29632,1920,,,,,,
182081316017500,63175503916165,64,-4640,544,-2496,-523776,-27968,3584,,,,,,
182081316968000,63175504918374,65,-4800,384,-2368,-523136,-28608,1536,,,,,,
182081317965800,63175505915915,66,-4864,672,-2336,-524864,-27712,3072,,,,,,
182081318972300,63175506916499,67,-4896,544,-2784,-524032,-29504,1152,,,,,,
182081319973500,63175507916457,68,-4832,672,-2976,-524864,-28608,2432,,,,,,
182081320970700,63175508916582,69,-4960,448,-2528,-525056,-26752,3136,,,,,,
182081322096200,63175509916457,70,-5344,992,-2816,-523648,-30144,1536,,,,,,
182081323090600,63175510919457,71,-5120,1216,-2080,-523648,-27776,1536,,,,,,
182081323967700,63175511916540,72,-4512,672,-2464,-524800,-28480,448,,,,,,
182081324971200,63175512916332,73,-4704,1248,-2592,-524224,-28032,-1920,,,,,,
182081325976900,63175513916374,74,-4544,1056,-2528,-523648,-27456,896,,,,,,
182081326968000,63175514916415,75,-4832,832,-2784,-525504,-29440,1600,,,,,,
182081327969000,63175515916415,76,-4640,992,-2880,-526336,-29056,3328,,,,,,
182081328970700,63175516918124,77,-4704,1248,-2272,-523840,-29952,3904,,,,,,
182081329970800,63175517917832,78,-4928,1280,-2496,-524416,-26304,896,,,,,,
182081330968800,63175518916540,79,-4416,1568,-2816,-525248,-30784,2560,,,,,,
182081331967500,63175519916457,80,-4480,1152,-2848,-524544,-29760,2176,,,,,,
182081332974400,63175520915915,81,-4736,992,-2784,-522496,-27200,2944,,,,,,
182081333969300,63175521916624,82,-4064,1376,-2144,-524288,-28288,2176,,,,,,
182081334970100,63175522916332,83,-4768,1216,-2400,-524416,-27648,704,,,,,,
182081335967900,63175523916457,84,-4256,1312,-2080,-525504,-29440,1024,,,,,,
182081336970800,63175524916457,85,-4384,1888,-2240,-524736,-26048,2560,,,,,,
182081337969700,63175525916082,86,-4864,1824,-2272,-523264,-29248,1984,,,,,,
182081338966000,63175526916582,87,-5056,1440,-3104,-523456,-28288,1600,,,,,,
182081339964400,63175527917457,88,-4736,1248,-2528,-522752,-28032,1536,,,,,,
182081340968700,63175528916249,89,-5312,1696,-2816,-524864,-28352,2048,,,,,,
182081341958500,63175529916374,90,-4544,1344,-1856,-522560,-28416,2432,,,,,,
182081342964600,63175530916957,91,-4928,1920,-2400,-523520,-26880,2048,,,,,,
182081343969300,63175531916582,92,-4512,2080,-2912,-523584,-29824,576,,,,,,
182081344970600,63175532917290,93,-4736,1696,-2976,-522368,-28352,3264,,,,,,
182081345971000,63175533916582,94,-4992,1632,-1984,-525056,-28864,4224,,,,,,
182081346969500,63175534916415,95,-4704,1760,-2688,-523584,-29184,2688,,,,,,
182081347968200,63175535917207,96,-4768,1792,-2048,-525504,-29312,1472,,,,,,
182081348976000,63175536916540,97,-4544,1984,-2752,-524224,-28608,4160,,,,,,
182081349973200,63175537916249,98,-4608,1696,-2528,-525056,-27968,1664,,,,,,
182081350970000,63175538916665,99,-4704,1920,-3040,-523968,-28928,1920,,,,,,
182081352102700,63175539916374,100,-4544,1760,-2752,-524992,-28736,704,,,,,,
182081352976100,63175540918832,101,-3872,1664,-1824,-522944,-27968,448,,,,,,
182081353970900,63175541916582,102,-4960,1696,-3200,-524480,-27648,896,,,,,,
182081354969500,63175542916332,103,-4000,1728,-2912,-524992,-29504,-576,,,,,,
182081355972000,63175543916540,104,-4800,1856,-2560,-525120,-27968,-2048,,,,,,
182081356965200,63175544916915,105,-5152,1312,-2688,-523904,-28288,2816,,,,,,
182081358098700,63175545916332,106,-4000,1504,-2368,-524608,-29120,-512,,,,,,
182081358970900,63175546916457,107,-5056,1856,-2240,-524736,-26752,2688,,,,,,
182081359969400,63175547916374,108,-4384,1024,-2400,-525056,-29312,2112,,,,,,
182081360972800,63175548916582,109,-4192,1536,-2560,-525120,-26752,-832,,,,,,
182081361968800,63175549916416,110,-5056,1376,-2400,-524032,-27136,2432,,,,,,
182081362968300,63175550916832,111,-4096,1152,-2048,-523712,-28992,2240,,,,,,
182081363954700,63175551917457,112,-4320,864,-1824,-523648,-27776,3392,,,,,,
182081364972400,63175552916332,113,-4768,1184,-2688,-525440,-29120,-960,,,,,,
182081365974100,63175553916499,114,-4704,1376,-2464,-525504,-28096,0,,,,,,
182081366972000,63175554916541,115,-4800,1024,-2272,-525248,-27008,-704,,,,,,
182081367971000,63175555916374,116,-4128,960,-2528,-524160,-27264,-448,,,,,,
182081368973700,63175556916499,117,-4288,928,-2432,-524032,-29632,-1344,,,,,,
182081369971300,63175557916166,118,-4704,1056,-2144,-524096,-29568,1024,,,,,,
182081370971700,63175558916582,119,-4480,928,-2784,-523264,-28544,896,,,,,,
182081371965800,63175559916332,120,-4608,1152,-2048,-525760,-28480,-128,,,,,,
182081372972800,63175560917041,121,-4832,608,-1792,-525632,-28608,896,,,,,,
182081373975700,63175561916541,122,-5024,256,-2784,-525440,-28736,-1664,,,,,,
182081374973700,63175562916332,123,-4736,160,-2560,-525184,-28928,2048,,,,,,
182081375972700,63175563917957,124,-4608,768,-2144,-524992,-28864,-704,,,,,,
182081376974100,63175564916332,125,-4576,608,-2336,-526656,-27904,704,,,,,,
182081377975400,63175565916416,126,-5088,576,-1952,-525248,-28352,-256,,,,,,
182081378975700,63175566917916,127,-4288,352,-2048,-524096,-28800,1856,,,,,,
182081379970500,63175567916332,128,-4192,224,-2560,-525248,-27136,-384,,,,,,
182081380970000,63175568916499,129,-4384,-160,-2112,-522816,-29312,-704,,,,,,
182081382090000,63175569916707,130,-4960,-128,-2496,-524800,-28416,-64,,,,,,
182081382972700,63175570916374,131,-4992,-224,-1920,-526336,-28416,1472,,,,,,
182081383977400,63175571916374,132,-4512,384,-2112,-524352,-29696,-896,,,,,,
182081384975100,63175572916332,133,-4768,192,-2240,-523648,-27712,448,,,,,,
182081385972700,63175573916666,134,-4448,-256,-2464,-523712,-29632,2752,,,,,,
182081386971800,63175574916457,135,-4800,-448,-1376,-522752,-27328,1600,,,,,,
182081387970400,63175575916416,136,-4576,-256,-2400,-524864,-28928,1792,,,,,,
182081388962500,63175576916541,137,-4064,-576,-1792,-524544,-28736,64,,,,,,
182081389961700,63175577916374,138,-5184,-64,-2176,-523712,-29760,768,,,,,,
182081390971600,63175578916624,139,-4416,96,-1536,-524224,-28672,1280,,,,,,
182081391980900,63175579916416,140,-4512,-320,-1184,-524160,-29312,3904,,,,,,
182081392972700,63175580916499,141,-4960,0,-2016,-525184,-28160,2816,,,,,,
182081393972600,63175581916957,142,-5056,-224,-1600,-524480,-27648,2176,,,,,,
182081394974200,63175582917832,143,-4128,-320,-2208,-524544,-28224,-768,,,,,,
182081395976400,63175583917041,144,-5504,-96,-2336,-523392,-28352,3008,,,,,,
182081396976400,63175584916207,145,-4544,-448,-1984,-525888,-27456,2624,,,,,,
182081397976300,63175585916291,146,-4192,-384,-2464,-522240,-28160,3264,,,,,,
182081399098400,63175586916457,147,-5056,-672,-2720,-523584,-29952,1600,,,,,,
182081399979400,63175587916457,148,-4896,-224,-2016,-525440,-27648,960,,,,,,
182081400971200,63175588916499,149,-4576,-416,-2272,-523008,-26304,2560,,,,,,
182081402091800,63175589916374,150,-5024,-256,-2304,-523072,-27712,2560,,,,,,
182081402967600,63175590916499,151,-5024,-192,-2304,-525376,-28288,1024,,,,,,
182081403959800,63175591916416,152,-4352,-384,-1696,-524096,-27264,1408,,,,,,
182081404977900,63175592917499,153,-4704,160,-2464,-523968,-28608,2752,,,,,,
182081405972000,63175593916457,154,-4608,-224,-1568,-526080,-27328,2944,,,,,,
182081407018500,63175594916291,155,-4896,-64,-2624,-524096,-30208,2048,,,,,,
182081407980400,63175595916291,156,-4288,-480,-2368,-523136,-28672,-192,,,,,,
182081408971600,63175596916457,157,-5184,192,-2592,-525312,-29504,512,,,,,,
182081409969700,63175597916499,158,-5824,224,-2720,-525376,-28032,2496,,,,,,
182081410971600,63175598916499,159,-4640,416,-2400,-525696,-28096,-256,,,,,,
182081411971400,63175599916374,160,-4416,256,-1984,-523776,-26560,1024,,,,,,
182081412971200,63175600917749,161,-5568,640,-2464,-523648,-28288,5184,,,,,,
182081413964900,63175601916332,162,-5152,160,-2720,-525376,-27968,2496,,,,,,
182081414969400,63175602916457,163,-4032,544,-1984,-525120,-27776,1920,,,,,,
182081416030100,63175603916457,164,-4544,896,-2528,-523776,-29312,1216,,,,,,
182081416973000,63175604917332,165,-4608,736,-2528,-523904,-29760,2688,,,,,,
182081418089700,63175605916291,166,-4448,608,-2144,-523904,-27136,1984,,,,,,
182081418963600,63175606916332,167,-4416,1216,-2368,-525120,-29888,2816,,,,,,
182081419959200,63175607916416,168,-4288,384,-1728,-524288,-29824,3456,,,,,,
182081420972200,63175608916457,169,-4992,1408,-2624,-525696,-26688,3136,,,,,,
182081422084500,63175609917624,170,-5280,1216,-2336,-524288,-29120,2304,,,,,,
182081423099500,63175610917957,171,-4512,352,-1920,-524032,-27648,3712,,,,,,
182081423961800,63175611916374,172,-4800,1216,-2880,-526656,-28928,3072,,,,,,
182081424984900,63175612916332,173,-4448,1504,-2592,-524544,-28928,2112,,,,,,
182081425974000,63175613916541,174,-5088,1440,-2848,-525184,-29120,2752,,,,,,
182081426967200,63175614916541,175,-4224,992,-2048,-524032,-28736,1536,,,,,,
182081427970000,63175615916249,176,-4576,1504,-3296,-523136,-28224,512,,,,,,
182081428973700,63175616919999,177,-4640,1664,-2592,-524928,-27200,1280,,,,,,
182081429971000,63175617916332,178,-4576,1824,-3264,-525120,-29440,-1280,,,,,,
182081430970200,63175618916457,179,-4992,1408,-2752,-522752,-27904,1728,,,,,,
182081431965400,63175619916457,180,-4480,1440,-2880,-526464,-27584,384,,,,,,
182081432986600,63175620916332,181,-4704,1472,-2816,-524160,-27456,576,,,,,,
182081433968200,63175621916499,182,-4832,1376,-3104,-523904,-30272,2496,,,,,,
182081434964400,63175622917707,183,-4960,1728,-3264,-524928,-28480,512,,,,,,
182081435960100,63175623916416,184,-4512,1152,-2912,-524992,-26048,1408,,,,,,
182081436957900,63175624916457,185,-5056,1856,-3104,-524032,-28288,1152,,,,,,
182081437961100,63175625916291,186,-4864,1280,-2528,-526528,-27648,192,,,,,,
182081438974200,63175626916416,187,-5312,1664,-3168,-524864,-29312,960,,,,,,
182081439970100,63175627916332,188,-4928,1888,-2592,-525376,-29184,1152,,,,,,
182081440967200,63175628916457,189,-4544,1856,-3136,-524096,-28160,3712,,,,,,
182081442090100,63175629918957,190,-5120,1504,-2848,-525440,-28864,1344,,,,,,
182081442968400,63175630916374,191,-3840,1088,-2400,-524736,-29056,0,,,,,,
182081443967300,63175631916416,192,-4288,1568,-2144,-524800,-27840,3136,,,,,,
182081444970200,63175632916416,193,-4160,1632,-2720,-524992,-28032,64,,,,,,
182081445970000,63175633916499,194,-4768,1632,-2848,-523200,-28672,576,,,,,,
182081446973600,63175634916416,195,-4608,1760,-3008,-525056,-30336,2048,,,,,,
182081447970800,63175635916249,196,-4064,1568,-2400,-524928,-29184,2112,,,,,,
182081448965800,63175636916124,197,-4896,1632,-2400,-524288,-28352,2432,,,,,,
182081449964600,63175637916457,198,-4448,1472,-2752,-525120,-29696,1856,,,,,,
182081450996800,63175638916541,199,-4608,1216,-2368,-524864,-26688,0,,,,,,
182081452091800,63175639916499,200,-4736,1856,-2848,-523584,-30208,-192,,,,,,
182081452965900,63175640916374,201,-4768,1728,-2304,-524352,-29696,256,,,,,,
182081453967200,63175641916457,202,-4704,1728,-1920,-524096,-28544,3968,,,,,,
182081454967800,63175642916291,203,-4896,1760,-2304,-526272,-29312,896,,,,,,
182081455966800,63175643916416,204,-4448,1408,-1760,-524736,-30592,1408,,,,,,
182081456966800,63175644916374,205,-4640,1408,-1472,-523712,-28992,832,,,,,,
182081457972000,63175645916291,206,-4832,1472,-2464,-522496,-28224,2176,,,,,,
182081458963400,63175646916499,207,-4608,1760,-1728,-524224,-29760,-704,,,,,,
182081459966000,63175647916457,208,-5216,1952,-1824,-523776,-29888,0,,,,,,
182081460969100,63175648916499,209,-4544,1824,-1408,-523648,-28096,2368,,,,,,
182081461967700,63175649916457,210,-4736,1760,-2112,-524544,-31872,3456,,,,,,
182081462970500,63175650916332,211,-4832,1792,-2144,-523264,-29952,1024,,,,,,
182081464086800,63175651916541,212,-5376,1600,-1312,-524672,-29184,2624,,,,,,
182081464964000,63175652916749,213,-4416,1824,-1344,-525440,-26880,1984,,,,,,
182081465968500,63175653916499,214,-5184,1728,-1984,-525376,-26944,-256,,,,,,
182081466959800,63175654916457,215,-4800,1952,-2464,-524544,-29120,2112,,,,,,
182081467979700,63175655916291,216,-4160,1600,-1408,-523456,-30016,1728,,,,,,
182081468967900,63175656916624,217,-4704,1504,-1568,-525184,-28288,3328,,,,,,
182081469968800,63175657916291,218,-4608,1472,-2016,-522816,-26816,1600,,,,,,
182081470973400,63175658916416,219,-3840,1664,-1568,-526272,-28160,1536,,,,,,
182081472096300,63175659916457,220,-4352,1600,-800,-523712,-28288,320,,,,,,
182081472969100,63175660916291,221,-5056,1600,-2432,-523584,-26432,0,,,,,,
182081473973100,63175661916374,222,-4960,1792,-1792,-523520,-28928,448,,,,,,
182081474971900,63175662916332,223,-4768,1952,-800,-525760,-28224,704,,,,,,
182081475967200,63175663916416,224,-4224,1952,-1696,-523328,-27712,1664,,,,,,
182081476968900,63175664916332,225,-4576,2080,-2176,-524608,-27520,3456,,,,,,
182081477972400,63175665916249,226,-4832,1984,-2240,-523968,-28672,3136,,,,,,
182081478971000,63175666916541,227,-4256,1696,-1888,-525952,-26688,256,,,,,,
182081479971000,63175667916332,228,-4672,2048,-2336,-523776,-26304,1472,,,,,,
182081480966500,63175668916332,229,-4448,1632,-1952,-524224,-27328,1152,,,,,,
182081482086500,63175669916416,230,-4768,1632,-2080,-524096,-27584,768,,,,,,
182081483171700,63175670920874,231,-4992,1472,-2784,-524160,-28032,704,,,,,,
182081483971200,63175671918916,232,-5312,1888,-2976,-524224,-28288,2496,,,,,,
182081484966000,63175672916374,233,-4448,1792,-2016,-527424,-28096,320,,,,,,
182081485974000,63175673916332,234,-4512,2112,-2592,-525760,-26880,128,,,,,,
182081486967100,63175674916499,235,-4896,1760,-2272,-525312,-28416,1088,,,,,,
182081487967900,63175675916874,236,-4480,1824,-2688,-524160,-28288,-768,,,,,,
182081488968600,63175676916541,237,-5376,1472,-2848,-525184,-27712,1600,,,,,,
182081489969100,63175677916457,238,-4672,1824,-2272,-524608,-30336,1728,,,,,,
182081490971400,63175678916541,239,-4800,1888,-2720,-525056,-27200,3264,,,,,,
182081492094200,63175679916499,240,-5184,1632,-2944,-525504,-27072,320,,,,,,
182081492968200,63175680917207,241,-4480,1760,-2464,-526080,-27456,1088,,,,,,
182081493963700,63175681916457,242,-4864,1600,-2400,-523520,-27968,704,,,,,,
182081494967900,63175682916291,243,-5376,1600,-2432,-525696,-27456,-128,,,,,,
182081495970700,63175683916541,244,-4736,1440,-2464,-524608,-28416,1984,,,,,,
182081496968400,63175684916499,245,-4928,1632,-2944,-524800,-28800,1984,,,,,,
182081497968300,63175685916166,246,-4928,1568,-2464,-522752,-29696,2176,,,,,,
182081498963900,63175686916416,247,-4544,1600,-1984,-524992,-27968,-576,,,,,,
182081500034800,63175687916332,248,-4352,1504,-2944,-524224,-29952,704,,,,,,
182081500972100,63175688916582,249,-4800,960,-2560,-524864,-28928,896,,,,,,
182081502025200,63175689916332,250,-5088,1408,-2336,-525760,-28480,896,,,,,,
182081502972300,63175690916207,251,-5152,1536,-2592,-524288,-27712,-256,,,,,,
182081503967000,63175691916457,252,-4704,1248,-2272,-525696,-29056,2880,,,,,,
182081504970600,63175692916332,253,-4544,864,-2336,-525760,-27776,896,,,,,,
182081505973400,63175693919499,254,-4896,992,-1984,-524864,-28992,-2176,,,,,,
182081507016800,63175694916374,255,-5024,1056,-2432,-524160,-29312,2176,,,,,,
182081507977000,63175695916291,0,-5344,1440,-2400,-525760,-27712,-64,,,,,,
182081508968600,63175696916457,1,-4992,1408,-2336,-526208,-28736,1024,,,,,,
182081509966500,63175697916291,2,-4768,928,-1856,-525376,-28352,1664,,,,,,
182081510966700,63175698916541,3,-5152,1632,-2400,-524608,-28928,576,,,,,,
182081512091800,63175699917541,4,-4992,704,-2240,-524736,-29888,1984,,,,,,
182081512967000,63175700918666,5,-4832,1152,-1984,-525632,-29312,1792,,,,,,
182081513968100,63175701917874,6,-4992,1088,-1920,-523840,-28224,2496,,,,,,
182081514970000,63175702916332,7,-4640,800,-2240,-524800,-27904,1728,,,,,,
182081516122700,63175703916541,8,-4896,992,-1728,-524032,-29568,2176,,,,,,
182081516980800,63175704916332,9,-4832,896,-2048,-526528,-27968,-768,,,,,,
182081517967800,63175705916499,10,-4672,1024,-2112,-523456,-28608,2688,,,,,,
182081518962700,63175706916416,11,-4928,1312,-2080,-525440,-29120,576,,,,,,
182081519972600,63175707916416,12,-5312,1408,-1952,-524864,-28224,192,,,,,,
182081520972400,63175708916457,13,-5152,1440,-2400,-524736,-27072,1792,,,,,,
182081521970500,63175709916332,14,-5056,1248,-2368,-523392,-28736,3712,,,,,,
182081522973600,63175710917041,15,-4576,1056,-2112,-524736,-27200,1024,,,,,,
182081523974000,63175711917082,16,-4640,1024,-2176,-524544,-27072,2752,,,,,,
182081524978300,63175712916416,17,-5248,800,-1824,-524608,-27648,1984,,,,,,
182081525968200,63175713916582,18,-4896,992,-1728,-524160,-29312,192,,,,,,
182081526968000,63175714916374,19,-4800,1312,-1632,-524416,-27136,384,,,,,,
182081527969000,63175715916291,20,-4672,1536,-2112,-525632,-28288,-960,,,,,,
182081528967900,63175716916624,21,-4928,1376,-2656,-524416,-27200,2688,,,,,,
182081529969100,63175717916374,22,-5152,1600,-2336,-524160,-27136,704,,,,,,
182081530966500,63175718916499,23,-4928,1792,-2816,-525248,-28480,384,,,,,,
182081531961300,63175719916291,24,-4352,1824,-2336,-522624,-26816,1216,,,,,,
182081532982600,63175720917582,25,-4992,1952,-2784,-523200,-27648,3264,,,,,,
182081533971700,63175721916582,26,-5344,1696,-2304,-524800,-27712,5056,,,,,,
182081534965700,63175722916332,27,-4672,1440,-2752,-524160,-27904,-384,,,,,,
182081535969700,63175723916457,28,-4192,1664,-2944,-524480,-27392,1600,,,,,,
182081536970200,63175724916374,29,-5216,1792,-2720,-523776,-28736,1664,,,,,,
182081537972700,63175725916874,30,-5408,1984,-3360,-525632,-29056,4032,,,,,,
182081538968500,63175726916416,31,-4480,1632,-2592,-522112,-27712,832,,,,,,
182081539970300,63175727916249,32,-4608,2144,-2144,-525504,-27328,3904,,,,,,
182081541012100,63175728916499,33,-4896,2368,-2848,-524288,-27328,2176,,,,,,
182081542101600,63175729916332,34,-4928,2304,-2944,-523200,-29184,1344,,,,,,
182081542968200,63175730916249,35,-4512,2112,-2912,-523968,-27008,2304,,,,,,
182081543969600,63175731916416,36,-4896,2592,-3008,-523392,-29632,320,,,,,,
182081544966400,63175732916332,37,-4672,1984,-3008,-525312,-28800,3264,,,,,,
182081545966900,63175733916541,38,-4736,2528,-3296,-524992,-29568,3008,,,,,,
182081547091400,63175734916707,39,-4832,2144,-3168,-523840,-29312,1792,,,,,,
182081547968500,63175735916416,40,-4544,1536,-3200,-524224,-27456,1344,,,,,,
182081548974300,63175736916416,41,-4832,2176,-3136,-523776,-30016,3776,,,,,,
182081549964200,63175737917124,42,-3968,2496,-2560,-525440,-27328,3392,,,,,,
182081550963000,63175738916457,43,-5568,2784,-3328,-524096,-29440,-1600,,,,,,
182081552094600,63175739916332,44,-4992,2272,-3136,-525440,-27520,3520,,,,,,
182081552969600,63175740918207,45,-4672,2432,-3392,-525312,-29056,2688,,,,,,
182081553974500,63175741916416,46,-4352,2880,-2496,-525120,-27776,-1216,,,,,,
182081554963700,63175742916291,47,-4640,2496,-2720,-525952,-28928,1216,,,,,,
182081555963400,63175743916624,48,-4832,2496,-3072,-525696,-26560,2880,,,,,,
182081556960600,63175744916249,49,-4288,2848,-2432,-523136,-27904,2304,,,,,,
182081557972000,63175745916582,50,-4384,2464,-2592,-524032,-28224,384,,,,,,
182081558970700,63175746916374,51,-4512,2528,-2816,-525760,-30336,448,,,,,,
182081559967700,63175747917207,52,-4480,1632,-2048,-524672,-29248,2112,,,,,,
182081560966600,63175748916541,53,-4640,1952,-2304,-524416,-29504,512,,,,,,
182081561968600,63175749916291,54,-3872,2432,-2336,-523456,-28544,2624,,,,,,
182081562965400,63175750916332,55,-4800,1824,-3360,-525056,-28608,896,,,,,,
182081563960800,63175751916416,56,-4448,1984,-2624,-526528,-28800,3264,,,,,,
182081564975900,63175752915999,57,-4608,1888,-2656,-525248,-31232,192,,,,,,
182081565970000,63175753916374,58,-5024,1952,-2528,-525312,-29760,832,,,,,,
182081566970700,63175754916249,59,-5024,2016,-2752,-524480,-31296,128,,,,,,
182081567985600,63175755916291,60,-4352,1664,-2336,-525312,-28352,768,,,,,,
182081568959200,63175756916374,61,-4128,1600,-2464,-526656,-29440,-192,,,,,,
182081569957600,63175757916457,62,-4992,1600,-2208,-524480,-29248,-320,,,,,,
182081570959200,63175758917957,63,-4544,1600,-2720,-524096,-28096,-1664,,,,,,
182081572108700,63175759916207,64,-4864,1856,-2688,-523200,-27328,0,,,,,,
182081573113000,63175760917707,65,-4480,1248,-2208,-523200,-27328,1728,,,,,,
182081573980200,63175761916416,66,-4864,1760,-2816,-524672,-28160,2432,,,,,,
182081574968800,63175762915957,67,-4608,1024,-2496,-524544,-27520,-1152,,,,,,
182081575960900,63175763916499,68,-4768,1312,-2560,-525120,-28544,1216,,,,,,
182081576971700,63175764916374,69,-4832,1408,-2144,-523008,-28480,-1408,,,,,,
182081577964900,63175765916249,70,-4576,1216,-1760,-526400,-28800,1472,,,,,,
182081578963400,63175766916457,71,-4960,1024,-2688,-525568,-27584,3520,,,,,,
182081579971100,63175767921041,72,-4640,1248,-2208,-523776,-30016,1152,,,,,,
182081580983000,63175768916624,73,-4640,448,-1760,-523520,-28224,192,,,,,,
182081582090200,63175769916791,74,-5408,1024,-1920,-523840,-28032,-512,,,,,,
182081583100100,63175770918291,75,-5088,736,-2304,-525312,-27648,1472,,,,,,
182081583971000,63175771916499,76,-5056,992,-2048,-525120,-29120,-64,,,,,,
182081584965100,63175772916374,77,-4832,736,-2560,-525632,-26944,1472,,,,,,
182081585970300,63175773916541,78,-4576,1152,-2976,-524288,-28608,384,,,,,,
182081586973200,63175774916374,79,-4672,992,-2496,-523968,-28544,-1600,,,,,,
182081587971300,63175775916291,80,-4256,1024,-2304,-525504,-29056,64,,,,,,
182081588970500,63175776916457,81,-5152,992,-2496,-524096,-29888,576,,,,,,
182081589973800,63175777917874,82,-5024,1056,-1824,-523136,-29248,2880,,,,,,
182081590973800,63175778916541,83,-4576,896,-2304,-524288,-27200,576,,,,,,
182081592026600,63175779916291,84,-5024,1088,-2336,-525184,-30464,1856,,,,,,
182081592963900,63175780916624,85,-5216,800,-2528,-525312,-28480,1920,,,,,,
182081593965500,63175781916457,86,-4512,1312,-2240,-524160,-30208,-512,,,,,,
182081594964100,63175782916832,87,-4928,1184,-2304,-523776,-28032,2880,,,,,,
182081595970500,63175783916416,88,-5568,1056,-2592,-524224,-28032,768,,,,,,
182081596970200,63175784916416,89,-4800,960,-1824,-523264,-30016,2304,,,,,,
182081597970800,63175785916416,90,-4736,1216,-2016,-524672,-30720,2688,,,,,,
182081598971000,63175786916416,91,-4896,832,-1664,-524288,-28416,192,,,,,,
182081599967000,63175787916457,92,-4800,736,-1792,-525632,-28928,3904,,,,,,
182081600967800,63175788916499,93,-5216,1024,-2048,-526592,-30080,1920,,,,,,
182081602096000,63175789916416,94,-4672,736,-2944,-522304,-29376,-1920,,,,,,
182081602971200,63175790916374,95,-4448,1024,-1920,-525056,-28416,3200,,,,,,
182081603972900,63175791916332,96,-4864,864,-1728,-523840,-29824,384,,,,,,
182081604970400,63175792916374,97,-4640,1056,-2016,-524288,-27520,2240,,,,,,
182081605970800,63175793917249,98,-4512,800,-2080,-524800,-28928,-768,,,,,,
182081606967300,63175794916291,99,-3680,608,-1632,-522560,-28544,-1152,,,,,,
182081607968200,63175795916332,100,-5024,736,-2080,-525504,-28416,1600,,,,,,
182081608967600,63175796916374,101,-4384,768,-1504,-525056,-28992,3264,,,,,,
182081609966700,63175797916332,102,-4640,1024,-1760,-524416,-27968,1216,,,,,,
182081610973100,63175798916374,103,-4224,704,-1632,-521536,-29120,1472,,,,,,
182081612113100,63175799916249,104,-4864,1024,-1344,-526336,-29376,3072,,,,,,
182081612969600,63175800919082,105,-4448,1024,-1376,-524672,-27136,1600,,,,,,
182081613959100,63175801916374,106,-4320,704,-1856,-525312,-26816,-512,,,,,,
182081614977900,63175802916249,107,-4448,864,-1824,-525440,-28736,-192,,,,,,
182081615977500,63175803916416,108,-4448,1248,-2048,-524672,-28352,2048,,,,,,
182081616969200,63175804916499,109,-5408,768,-2016,-526080,-29760,2112,,,,,,
182081617968900,63175805916207,110,-4352,832,-1696,-524800,-27904,-1024,,,,,,
182081618971900,63175806916832,111,-4512,672,-1216,-526144,-27840,1024,,,,,,
182081619973800,63175807916207,112,-4736,288,-1440,-524672,-28672,-64,,,,,,
182081620964900,63175808916499,113,-4640,608,-1696,-524672,-28096,2560,,,,,,
182081622094100,63175809916374,114,-5184,512,-1600,-524416,-29952,-448,,,,,,
182081622968200,63175810916291,115,-4032,320,-1920,-524416,-28160,-640,,,,,,
182081623977700,63175811918916,116,-4704,96,-1728,-525248,-28736,-1536,,,,,,
182081624990700,63175812917832,117,-4384,320,-2112,-525568,-26624,2176,,,,,,
182081625967400,63175813916416,118,-4832,416,-2048,-523904,-28224,128,,,,,,
182081626971700,63175814916332,119,-4992,-160,-1824,-523072,-28224,-1024,,,,,,
182081627965100,63175815916082,120,-3808,192,-1568,-525056,-29248,0,,,,,,
182081628968500,63175816916332,121,-4608,-64,-1728,-526464,-27328,1792,,,,,,
182081629967300,63175817916332,122,-4672,160,-2112,-522944,-27904,384,,,,,,
182081630966300,63175818916332,123,-4608,-352,-1536,-524160,-28608,-640,,,,,,
182081632282500,63175819916374,124,-5024,-96,-2560,-524992,-26560,704,,,,,,
182081632990800,63175820916249,125,-4160,-736,-1376,-525696,-29120,2624,,,,,,
182081633972100,63175821916707,126,-4704,-160,-1952,-524736,-27072,832,,,,,,
182081634968500,63175822916416,127,-4256,-480,-1888,-523072,-27200,1536,,,,,,
182081635967800,63175823916541,128,-4672,-640,-2016,-523328,-28032,-1600,,,,,,
182081636969700,63175824916416,129,-4768,-704,-1568,-525376,-28096,-1984,,,,,,
182081637972200,63175825916166,130,-4800,-768,-2528,-523648,-29120,-192,,,,,,
182081638974200,63175826915916,131,-4544,-32,-1792,-523328,-29376,320,,,,,,
182081639968300,63175827916207,132,-5024,-448,-2624,-524992,-28800,1280,,,,,,
182081640968000,63175828916416,133,-4544,-832,-1728,-524032,-26752,2880,,,,,,
182081642209600,63175829916374,134,-5248,-992,-2368,-524800,-28416,1344,,,,,,
182081643473100,63175830916332,135,-4736,-992,-2720,-523456,-28736,2112,,,,,,
182081643958900,63175831916374,136,-5024,-544,-1824,-526720,-27456,896,,,,,,
182081644983600,63175832916332,137,-4480,-896,-2944,-524416,-27136,192,,,,,,
182081645975900,63175833916416,138,-4896,-1152,-2592,-524160,-26944,2624,,,,,,
182081646974700,63175834916332,139,-4480,-768,-2176,-525248,-27136,2240,,,,,,
182081647966600,63175835917666,140,-4256,-928,-2016,-525248,-27136,1856,,,,,,
182081648975500,63175836918957,141,-5408,-1056,-2656,-524928,-27904,3328,,,,,,
182081649981100,63175837916291,142,-4960,-608,-2592,-524800,-29248,-128,,,,,,
182081650959100,63175838916499,143,-4832,-640,-2944,-523200,-27648,1280,,,,,,
182081652092400,63175839917666,144,-4512,-992,-2656,-525184,-29568,-64,,,,,,
182081652966800,63175840916874,145,-4320,-1024,-2176,-525056,-26944,4480,,,,,,
182081653970400,63175841919374,146,-4960,-96,-2880,-525760,-26240,2048,,,,,,
182081655062800,63175842916332,147,-5312,-512,-2240,-526016,-31936,2496,,,,,,
182081655963900,63175843916416,148,-5120,-480,-3264,-524544,-27200,4672,,,,,,
182081656974000,63175844916416,149,-4992,-224,-3264,-524160,-29376,2496,,,,,,
182081657971500,63175845916332,150,-4288,-576,-2240,-525184,-29760,3072,,,,,,
182081658968800,63175846918207,151,-5024,-128,-3168,-526336,-28032,1984,,,,,,
