host_timestamp_ns,device_timestamp,sequence,gyro_raw_x,gyro_raw_y,gyro_raw_z,accel_raw_x,accel_raw_y,accel_raw_z,gyro_x,gyro_y,gyro_z,accel_x,accel_y,accel_z
182153602287500,63247789904450,158,-6272,4192,-1824,-13568,-526208,38400,,,,,,
182153602304000,63247790905908,159,-5792,4576,-1920,-14208,-524544,38464,,,,,,
182153602689800,63247791909617,160,-5952,4544,-1952,-15488,-525760,35776,,,,,,
182153603704500,63247792905700,161,-5600,5120,-1728,-17472,-525120,34496,,,,,,
182153604734800,63247793904242,162,-5824,4512,-2144,-16448,-523584,33856,,,,,,
182153605700800,63247794904325,163,-5472,4608,-2016,-18496,-524160,34560,,,,,,
182153607024300,63247795904242,164,-5184,5088,-2592,-18048,-524160,36160,,,,,,
182153607695100,63247796904200,165,-5280,4672,-1760,-18176,-523712,33216,,,,,,
182153608688200,63247797904867,166,-5408,5504,-2592,-19264,-524352,35456,,,,,,
182153609683400,63247798905242,167,-5088,5088,-2016,-18496,-523584,35712,,,,,,
182153610685200,63247799904033,168,-4480,4960,-2368,-18880,-523072,34432,,,,,,
182153611683000,63247800906367,169,-5312,5056,-2112,-20608,-523136,34688,,,,,,
182153612684300,63247801904158,170,-4864,5024,-2976,-20032,-524032,33920,,,,,,
182153613677000,63247802904075,171,-4896,4608,-2720,-20480,-524608,36224,,,,,,
182153614677700,63247803904075,172,-4576,4448,-2688,-20736,-524032,36096,,,,,,
182153615716400,63247804904158,173,-4000,4608,-2688,-20544,-524288,35200,,,,,,
182153616699400,63247805904158,174,-4480,4544,-3072,-19264,-524288,35968,,,,,,
182153617687300,63247806904075,175,-4192,3680,-2976,-19520,-525632,35264,,,,,,
182153618683900,63247807906825,176,-3872,3328,-2720,-20288,-523776,36160,,,,,,
182153619685100,63247808904200,177,-3744,3296,-3104,-20160,-524736,38656,,,,,,
182153620685500,63247809904033,178,-3520,2752,-3392,-20160,-525888,35520,,,,,,
182153621685400,63247810905492,179,-3328,2816,-2208,-17920,-524416,36352,,,,,,
182153622973000,63247811904158,180,-3776,1952,-2944,-19648,-524288,35648,,,,,,
182153623687400,63247812903992,181,-3104,2112,-2912,-18496,-523456,38592,,,,,,
182153624683700,63247813904242,182,-3392,1824,-3296,-18432,-523648,36096,,,,,,
182153625693500,63247814904242,183,-3872,1312,-2304,-18368,-524416,36928,,,,,,
182153626687900,63247815904075,184,-3296,1216,-2528,-17728,-520576,38208,,,,,,
182153627692300,63247816904200,185,-3424,576,-2048,-18368,-525632,39680,,,,,,
182153628690200,63247817904075,186,-3712,1184,-2624,-17472,-523776,40064,,,,,,
182153629688300,63247818904158,187,-4000,448,-3008,-15296,-522560,39488,,,,,,
182153630690400,63247819905867,188,-3744,672,-3168,-15744,-522240,40320,,,,,,
182153631690300,63247820904242,189,-3648,608,-2496,-13888,-522944,40960,,,,,,
182153632688400,63247821904283,190,-3616,800,-3136,-14720,-522688,43648,,,,,,
182153633678900,63247822904242,191,-3808,-32,-2336,-14656,-520000,41024,,,,,,
182153634777000,63247823904200,192,-4640,352,-3616,-14848,-521984,41728,,,,,,
182153635674900,63247824904075,193,-3328,768,-3104,-15360,-522496,44288,,,,,,
182153636694000,63247825904242,194,-4448,128,-2976,-12800,-522432,40768,,,,,,
182153637678100,63247826904075,195,-4704,704,-3488,-12928,-522752,41472,,,,,,
182153638682900,63247827903908,196,-4000,480,-3136,-11136,-522048,41152,,,,,,
182153639684500,63247828904242,197,-4512,672,-3136,-10240,-521728,41088,,,,,,
182153640690300,63247829905450,198,-4352,768,-3104,-10304,-523328,40064,,,,,,
182153641690100,63247830904117,199,-5184,1312,-2784,-10944,-521408,39680,,,,,,
182153642684600,63247831904158,200,-5024,1056,-3360,-10880,-521216,39168,,,,,,
182153643684700,63247832904117,201,-4896,1408,-2880,-10432,-523840,40128,,,,,,
182153644684900,63247833904158,202,-4480,1408,-3328,-8384,-522752,39488,,,,,,
182153645688000,63247834904075,203,-4480,1568,-2464,-8704,-524352,42304,,,,,,
182153646689600,63247835904075,204,-4896,1696,-2624,-9792,-524480,38720,,,,,,
182153647918200,63247836904033,205,-5952,1856,-3072,-10176,-525248,40960,,,,,,
182153648690800,63247837904325,206,-5408,2176,-2656,-8704,-524800,40128,,,,,,
182153649686700,63247838904117,207,-5760,2240,-2752,-9792,-525568,42304,,,,,,
182153650686400,63247839904075,208,-5952,2144,-3232,-9472,-524096,40576,,,,,,
182153651693800,63247840904783,209,-5920,1984,-2688,-10688,-528064,38656,,,,,,
182153652691900,63247841904492,210,-5888,2560,-2304,-11904,-525696,41664,,,,,,
182153653693400,63247842904117,211,-5728,2496,-2400,-11648,-527616,39424,,,,,,
182153654686200,63247843904242,212,-5952,2208,-2816,-10496,-526784,39552,,,,,,
182153655686800,63247844904117,213,-5888,2976,-2624,-11776,-527168,38016,,,,,,
182153656686600,63247845904117,214,-6688,2560,-2368,-11648,-525696,39296,,,,,,
182153657686600,63247846904242,215,-5248,2784,-2848,-13568,-525440,36608,,,,,,
182153658688500,63247847904158,216,-6048,2112,-2336,-15552,-527168,38656,,,,,,
182153659686100,63247848904075,217,-5888,1984,-1824,-14272,-524288,35776,,,,,,
182153660686300,63247849904200,218,-5920,1888,-2272,-14144,-524992,36096,,,,,,
182153661684500,63247850904117,219,-5920,2336,-3072,-15808,-525184,36352,,,,,,
182153662685100,63247851904033,220,-5984,1632,-1952,-15104,-525312,38976,,,,,,
182153663688800,63247852904367,221,-6080,1056,-2144,-16832,-525184,38272,,,,,,
182153664787400,63247853904367,222,-5472,1184,-2272,-16768,-526272,36352,,,,,,
182153665687700,63247854903867,223,-6016,1120,-2336,-16704,-527104,36992,,,,,,
182153666682400,63247855904033,224,-5440,960,-1824,-15808,-527040,36864,,,,,,
182153667685100,63247856904117,225,-5728,736,-2144,-18368,-526400,35072,,,,,,
182153668687800,63247857904200,226,-5824,416,-2400,-16256,-526784,36288,,,,,,
182153669712100,63247858904200,227,-5152,928,-1536,-18176,-526272,40192,,,,,,
182153670682900,63247859903700,228,-4928,384,-1952,-17344,-526784,35200,,,,,,
182153671682800,63247860904867,229,-5152,160,-1504,-16128,-526400,33664,,,,,,
182153672682400,63247861904533,230,-5248,256,-2464,-17216,-527232,36288,,,,,,
182153673691200,63247862905283,231,-4384,-256,-1856,-16448,-527616,35328,,,,,,
182153674686300,63247863904117,232,-5056,-64,-2016,-17856,-526336,34752,,,,,,
182153675685200,63247864903908,233,-4960,96,-2144,-17984,-525632,35520,,,,,,
182153676687400,63247865904200,234,-5568,-96,-2560,-18432,-525696,35520,,,,,,
182153677688400,63247866904075,235,-4736,-384,-1984,-16448,-525440,34112,,,,,,
182153678688000,63247867904075,236,-4768,-512,-1920,-18048,-525248,33856,,,,,,
182153679687200,63247868904158,237,-4896,-96,-2432,-17792,-525760,36288,,,,,,
182153680684800,63247869904617,238,-4160,-544,-2272,-17344,-524544,35712,,,,,,
182153681687200,63247870904158,239,-4288,-864,-1888,-15104,-525056,38016,,,,,,
182153682683900,63247871904325,240,-4832,-384,-3072,-14912,-524736,36224,,,,,,
182153683681900,63247872904242,241,-4384,-544,-2560,-16832,-525120,36928,,,,,,
182153684688400,63247873904075,242,-4096,-384,-1600,-16704,-524800,38272,,,,,,
182153685683600,63247874904200,243,-4416,-416,-1824,-17152,-524032,34944,,,,,,
182153686684200,63247875904117,244,-3904,-704,-1856,-15552,-524224,38720,,,,,,
182153687684900,63247876904075,245,-4448,-544,-2976,-12608,-524352,37120,,,,,,
182153688686100,63247877904200,246,-3808,-896,-1920,-15040,-524864,36544,,,,,,
182153689684800,63247878904117,247,-4000,-608,-2176,-11072,-522176,36992,,,,,,
182153690695100,63247879904825,248,-3808,-288,-2080,-12864,-522432,36992,,,,,,
182153691684200,63247880905283,249,-3872,-384,-1824,-12864,-523264,36096,,,,,,
182153692681500,63247881904117,250,-4288,-64,-2368,-14208,-521984,37824,,,,,,
182153693681300,63247882904075,251,-4128,288,-1856,-11968,-521088,38464,,,,,,
182153694681700,63247883904200,252,-4256,-256,-2144,-12608,-523008,38080,,,,,,
182153695701200,63247884907492,253,-4512,640,-2688,-10944,-524288,38784,,,,,,
182153696681000,63247885904200,254,-4704,800,-2272,-10304,-521088,39424,,,,,,
182153697681300,63247886904158,255,-4352,608,-1536,-10944,-524032,39616,,,,,,
182153698683200,63247887904075,0,-4448,608,-1792,-10496,-521280,41216,,,,,,
182153699729000,63247888904075,1,-4064,800,-2432,-11520,-522560,40960,,,,,,
182153700673200,63247889904158,2,-4544,1056,-1824,-9920,-522432,36160,,,,,,
182153701683000,63247890905242,3,-4160,1088,-1696,-11200,-521280,39872,,,,,,
182153702676600,63247891904033,4,-4352,1760,-2240,-12160,-521472,41408,,,,,,
182153703799300,63247892904200,5,-5216,1440,-2432,-9216,-521664,38656,,,,,,
182153704678800,63247893904075,6,-4928,1856,-2848,-10880,-520384,38912,,,,,,
182153705681100,63247894904033,7,-5312,1568,-2432,-11648,-520512,39488,,,,,,
182153706686400,63247895904408,8,-4352,2016,-2144,-10752,-520320,41216,,,,,,
182153707720400,63247896904033,9,-5120,2112,-2336,-12864,-518720,40896,,,,,,
182153708680900,63247897904617,10,-4992,2080,-1696,-11264,-518464,40832,,,,,,
182153709690500,63247898904242,11,-5152,2688,-2528,-12736,-521472,38144,,,,,,
182153710693300,63247899904158,12,-4992,2720,-2624,-12224,-521600,41536,,,,,,
182153711703700,63247900905783,13,-5024,2496,-1568,-13504,-519680,37120,,,,,,
182153712686800,63247901904200,14,-5440,2688,-2336,-14080,-521088,40448,,,,,,
182153713679300,63247902904200,15,-5920,2944,-3008,-11456,-522304,41088,,,,,,
182153714787800,63247903905492,16,-5728,3008,-2304,-13184,-520064,37312,,,,,,
182153715699400,63247904904158,17,-5504,3168,-2464,-13696,-523136,37888,,,,,,
182153716702300,63247905904117,18,-4960,3104,-1600,-14784,-522560,37120,,,,,,
182153717691600,63247906903908,19,-5248,3008,-2112,-13696,-522496,35392,,,,,,
182153718684800,63247907905617,20,-5504,3072,-3168,-12288,-524864,38144,,,,,,
182153719683400,63247908904117,21,-4640,3264,-2400,-13312,-521728,39040,,,,,,
182153720683200,63247909905033,22,-5344,3296,-2752,-15296,-522944,36608,,,,,,
182153721683600,63247910904242,23,-4928,3200,-2464,-15168,-522624,34944,,,,,,
182153722684000,63247911904117,24,-5120,3232,-2176,-13760,-522304,36672,,,,,,
182153723694400,63247912904033,25,-4576,2944,-2048,-15808,-521984,34624,,,,,,
182153724691400,63247913904283,26,-4928,3232,-2240,-13696,-522240,36160,,,,,,
182153725685300,63247914904033,27,-4224,2624,-2112,-14144,-521216,37440,,,,,,
182153726684400,63247915904158,28,-4832,3040,-2016,-14336,-523008,34752,,,,,,
182153727683200,63247916904158,29,-4800,2880,-2560,-15680,-521664,37056,,,,,,
182153728683300,63247917904117,30,-4608,3072,-2496,-14336,-521728,36032,,,,,,
182153729683100,63247918903992,31,-4448,2880,-2048,-16064,-522176,37312,,,,,,
182153730683900,63247919906283,32,-4832,2624,-2144,-14208,-520384,36736,,,,,,
182153731693400,63247920905783,33,-4896,2624,-2304,-16576,-520000,38016,,,,,,
182153732796300,63247921904533,34,-4832,3104,-2816,-15680,-521984,37248,,,,,,
182153733682700,63247922904242,35,-4960,2560,-2176,-14784,-521536,37824,,,,,,
182153734681300,63247923904117,36,-4192,2912,-2432,-17152,-522112,36992,,,,,,
182153735676800,63247924903950,37,-4320,2752,-2720,-16960,-520576,36544,,,,,,
182153736680200,63247925904283,38,-3968,2816,-2304,-16256,-521600,34176,,,,,,
182153737677900,63247926904825,39,-4352,3040,-2944,-17280,-521600,38144,,,,,,
182153738684900,63247927904033,40,-4000,2752,-2688,-16064,-521728,38208,,,,,,
182153739683500,63247928904242,41,-3840,2784,-2720,-19456,-521472,37824,,,,,,
182153740689400,63247929904283,42,-4608,3296,-3488,-15616,-522304,38656,,,,,,
182153741689400,63247930904075,43,-4160,2816,-3520,-15360,-523008,37056,,,,,,
182153742685200,63247931905325,44,-4448,2944,-2976,-16640,-522752,38400,,,,,,
182153743688200,63247932904075,45,-3936,2816,-2272,-14528,-523328,38016,,,,,,
182153744687900,63247933904033,46,-4256,3040,-2976,-17728,-521792,36608,,,,,,
182153745687400,63247934904117,47,-4032,2752,-2688,-14336,-521600,39296,,,,,,
182153746687800,63247935904158,48,-3776,2816,-2912,-16384,-521984,38016,,,,,,
182153747680700,63247936903950,49,-4576,3424,-3712,-14720,-523392,36416,,,,,,
182153748683800,63247937904200,50,-3904,2976,-3008,-14208,-521408,38144,,,,,,
182153749689400,63247938905533,51,-3776,2880,-2624,-14912,-519552,38272,,,,,,
182153750946200,63247939907825,52,-4480,2848,-2848,-13312,-520320,38912,,,,,,
182153751683800,63247940904158,53,-4512,2784,-2880,-14656,-521856,38720,,,,,,
182153752684100,63247941904158,54,-3904,3168,-3296,-12544,-520640,38976,,,,,,
182153753722300,63247942904158,55,-4320,2880,-3072,-14656,-522688,40768,,,,,,
182153754684800,63247943904158,56,-4224,2624,-2752,-13184,-521472,37696,,,,,,
182153755685500,63247944904158,57,-4064,2688,-3136,-13376,-522688,40640,,,,,,
182153756689300,63247945904075,58,-4064,2656,-2304,-14016,-523264,39040,,,,,,
182153757678100,63247946904117,59,-4736,2752,-3040,-14016,-522432,37504,,,,,,
182153758674400,63247947904200,60,-4352,2592,-3008,-13504,-522944,38656,,,,,,
182153759683800,63247948904075,61,-4256,2496,-2240,-14720,-523584,39040,,,,,,
182153760688600,63247949904200,62,-4608,2880,-2656,-12736,-522880,39808,,,,,,
182153761683300,63247950905200,63,-4640,2656,-2656,-12800,-522176,42176,,,,,,
182153762682200,63247951905408,64,-4416,2016,-2368,-12992,-523008,38528,,,,,,
182153763692400,63247952904117,65,-4416,1920,-2592,-14528,-522048,41984,,,,,,
182153764706000,63247953904158,66,-4416,1952,-2656,-11968,-521280,38720,,,,,,
182153765713500,63247954904033,67,-5184,1696,-2080,-10880,-522880,39936,,,,,,
182153766676300,63247955904283,68,-4512,1952,-1984,-13312,-523392,38592,,,,,,
182153767678800,63247956904158,69,-4928,1984,-2624,-11776,-522432,39168,,,,,,
182153768680100,63247957904117,70,-4672,1600,-2432,-13888,-524608,39104,,,,,,
182153769697600,63247958904200,71,-5184,2016,-2112,-13952,-521280,40704,,,,,,
182153770686100,63247959903950,72,-4544,1664,-2080,-13440,-525760,38336,,,,,,
182153771687800,63247960904117,73,-4608,1344,-1632,-13824,-524352,36288,,,,,,
182153772685600,63247961904033,74,-5216,1440,-1760,-14784,-523328,39040,,,,,,
182153773690700,63247962904283,75,-5312,1184,-2304,-13184,-526016,37696,,,,,,
182153774688800,63247963904033,76,-5152,1792,-2016,-15104,-526464,39680,,,,,,
182153775690000,63247964904325,77,-5312,1696,-1984,-14464,-524544,38720,,,,,,
182153776686900,63247965904200,78,-5600,1344,-2112,-14464,-523648,38848,,,,,,
182153777685200,63247966905158,79,-5152,1472,-2240,-14528,-524672,39872,,,,,,
182153778685300,63247967904658,80,-5760,1600,-1920,-15104,-525120,37440,,,,,,
182153779685900,63247968904158,81,-4768,1344,-2208,-15040,-523968,38272,,,,,,
182153780686200,63247969904117,82,-5312,1728,-2016,-16576,-525312,38656,,,,,,
182153781690400,63247970903992,83,-5216,1696,-2176,-15936,-525312,37952,,,,,,
182153782681300,63247971904617,84,-5280,1728,-2336,-16512,-525952,36160,,,,,,
182153783690300,63247972904742,85,-5088,1472,-2112,-16960,-524544,38464,,,,,,
182153784686500,63247973905367,86,-5024,1696,-2624,-15936,-525824,37568,,,,,,
182153785685500,63247974904200,87,-4608,1920,-1568,-16768,-525184,38336,,,,,,
182153786684200,63247975904075,88,-5216,1504,-1856,-15936,-527296,36160,,,,,,
182153787683800,63247976903950,89,-5216,1472,-1824,-17088,-527168,35840,,,,,,
182153788686700,63247977904117,90,-5664,1824,-2496,-16640,-526144,37504,,,,,,
182153789683000,63247978904117,91,-4672,1696,-2144,-17600,-524480,36352,,,,,,
182153790694200,63247979904033,92,-5344,1792,-2880,-16128,-524736,37184,,,,,,
182153791685200,63247980904075,93,-5152,1632,-2624,-17472,-526080,35008,,,,,,
182153792685500,63247981905492,94,-5248,1568,-2784,-16896,-527040,35648,,,,,,
182153793685000,63247982904033,95,-5024,1248,-2272,-17728,-527616,37888,,,,,,
182153794685000,63247983904158,96,-4736,896,-1856,-17792,-527808,37312,,,,,,
182153795685100,63247984904158,97,-4608,1312,-2368,-18688,-526336,37632,,,,,,
182153796686700,63247985903908,98,-5056,1312,-2752,-18560,-528000,36224,,,,,,
182153797885900,63247986905867,99,-4512,1376,-2496,-18432,-525696,37056,,,,,,
182153798706900,63247987904158,100,-5280,1152,-3424,-17472,-526720,36288,,,,,,
182153799687900,63247988903992,101,-5056,1088,-2560,-17600,-525888,38720,,,,,,
182153800687600,63247989904158,102,-4736,736,-2976,-16000,-524544,36800,,,,,,
182153801685000,63247990904617,103,-4320,1024,-2592,-15936,-526272,36416,,,,,,
182153802685300,63247991904533,104,-4800,512,-2464,-16064,-526400,37440,,,,,,
182153803686700,63247992904158,105,-4096,96,-2880,-15744,-525312,36160,,,,,,
182153804684900,63247993904075,106,-5024,0,-2528,-14848,-526336,38272,,,,,,
182153805706700,63247994904033,107,-4448,-288,-3136,-16320,-524672,36864,,,,,,
182153806675800,63247995904200,108,-4352,32,-2560,-15296,-524736,37568,,,,,,
182153807687300,63247996907283,109,-4384,192,-2624,-14656,-525248,36672,,,,,,
182153808673200,63247997904075,110,-3616,-416,-2368,-16192,-523584,38464,,,,,,
182153809675500,63247998904075,111,-3904,-480,-1984,-16896,-525312,38208,,,,,,
182153810673500,63247999904117,112,-4384,-224,-2368,-13056,-525760,36928,,,,,,
182153811684300,63248000903992,113,-4288,-96,-2528,-14976,-526976,39424,,,,,,
182153812688000,63248001905033,114,-4256,-160,-2784,-15360,-526400,38400,,,,,,
182153813689300,63248002904200,115,-4256,-864,-2304,-12992,-526400,36544,,,,,,
182153814675800,63248003903992,116,-4352,-256,-2624,-14208,-525120,39616,,,,,,
182153815689800,63248004904158,117,-4096,-288,-2752,-14080,-526400,38976,,,,,,
182153816686600,63248005904117,118,-4416,-320,-2720,-13056,-525504,39296,,,,,,
182153817680000,63248006903700,119,-4736,-128,-2656,-14464,-525888,37312,,,,,,
182153818673800,63248007905033,120,-4128,-256,-2304,-11584,-525568,40000,,,,,,
182153819685600,63248008904033,121,-4800,32,-2496,-11776,-524736,39552,,,,,,
182153820687000,63248009904075,122,-4864,352,-2720,-12992,-525568,38336,,,,,,
182153821689700,63248010905492,123,-4320,-32,-2528,-11968,-524224,39168,,,,,,
182153822908500,63248011903742,124,-4768,192,-2496,-12672,-524928,38592,,,,,,
182153823695400,63248012904158,125,-5248,864,-3040,-11904,-524224,38976,,,,,,
182153824681400,63248013904492,126,-4736,544,-2400,-11200,-523072,38848,,,,,,
182153825678400,63248014905617,127,-4608,576,-2272,-14080,-524800,37824,,,,,,
182153826690600,63248015904033,128,-4352,1088,-2464,-11520,-523264,37120,,,,,,
182153827681700,63248016903783,129,-4960,992,-2560,-13056,-523520,38144,,,,,,
182153828694700,63248017904075,130,-4512,960,-2112,-10176,-523584,39232,,,,,,
182153829700300,63248018904033,131,-4544,1152,-1920,-11136,-524800,37440,,,,,,
182153830685200,63248019904158,132,-4864,1504,-2112,-9600,-526272,40448,,,,,,
182153831719200,63248020907075,133,-4800,1856,-2720,-11072,-521344,39232,,,,,,
182153832701900,63248021912075,134,-4960,1920,-2656,-11392,-521920,39168,,,,,,
182153833688200,63248022906908,135,-4544,1408,-2176,-11968,-522624,38464,,,,,,
182153834684900,63248023904742,136,-4832,1952,-2208,-12160,-525248,39168,,,,,,
182153835675000,63248024904033,137,-4992,1760,-2976,-11392,-523776,37504,,,,,,
182153836681600,63248025904492,138,-4608,2048,-2496,-12544,-524352,37248,,,,,,
182153837685500,63248026905158,139,-4480,1696,-1952,-13056,-524096,40064,,,,,,
182153838688300,63248027904158,140,-4992,1856,-1632,-11712,-525568,37376,,,,,,
182153839680700,63248028904117,141,-5536,1984,-1984,-14080,-524800,38208,,,,,,
182153840696400,63248029904033,142,-4480,2272,-2240,-12736,-524480,36736,,,,,,
182153841686800,63248030903992,143,-5120,2080,-2176,-10688,-525120,36800,,,,,,
182153842686300,63248031904200,144,-4640,2560,-1984,-12288,-521664,38272,,,,,,
182153843690400,63248032904533,145,-4448,2304,-1600,-12224,-522176,39296,,,,,,
182153844689300,63248033904033,146,-4384,1888,-2464,-13376,-521280,40128,,,,,,
182153845686200,63248034904242,147,-4448,2016,-1696,-12480,-521600,37824,,,,,,
182153846687700,63248035904033,148,-4704,2112,-1376,-14144,-522112,37440,,,,,,
182153847675500,63248036903950,149,-5216,2240,-1728,-14656,-521344,40832,,,,,,
182153848684000,63248037904950,150,-5152,2496,-2176,-14784,-521728,38464,,,,,,
182153849696900,63248038905492,151,-5312,1664,-1952,-14336,-522752,39104,,,,,,
182153850682700,63248039903992,152,-4896,2208,-2112,-14208,-521920,37632,,,,,,
182153851687700,63248040904158,153,-5248,2112,-1760,-13568,-522560,37888,,,,,,
182153852686500,63248041903783,154,-5504,2432,-1920,-15040,-523008,38336,,,,,,
182153853680800,63248042904075,155,-4928,2240,-1472,-15168,-520768,38016,,,,,,
182153854680600,63248043905117,156,-4928,1952,-1920,-15296,-519360,40256,,,,,,
182153855679800,63248044904158,157,-5184,2080,-1536,-14720,-520640,35520,,,,,,
182153856703700,63248045903950,158,-5568,2432,-2400,-15296,-521344,38272,,,,,,
182153857684500,63248046904408,159,-5024,1920,-1664,-14400,-520320,36416,,,,,,
182153858677700,63248047904325,160,-5088,2464,-1856,-14400,-520832,36288,,,,,,
182153859678300,63248048903992,161,-5056,2016,-2464,-15296,-519744,37184,,,,,,
182153860677600,63248049904033,162,-4992,1408,-1248,-14784,-521792,36480,,,,,,
182153861676300,63248050904117,163,-5120,1664,-1472,-15680,-522560,36544,,,,,,
182153862674300,63248051904658,164,-4672,1920,-2176,-14848,-522304,35776,,,,,,
182153863687500,63248052904242,165,-4480,1760,-1536,-15168,-521664,37440,,,,,,
182153864720000,63248053904075,166,-5664,2240,-2368,-15552,-523200,34816,,,,,,
182153865699400,63248054903950,167,-5216,1376,-1856,-14976,-522112,38016,,,,,,
182153866682000,63248055904158,168,-5056,1664,-2624,-16064,-521152,35840,,,,,,
182153867737000,63248056904158,169,-4320,1440,-1984,-14528,-523328,37888,,,,,,
182153868685800,63248057904075,170,-4832,1408,-2144,-16192,-523520,39936,,,,,,
182153869690100,63248058903825,171,-4960,1248,-1952,-16832,-522624,39296,,,,,,
182153870699900,63248059904033,172,-4640,1056,-2496,-17792,-520960,37696,,,,,,
182153871687100,63248060903992,173,-4864,1376,-1952,-16128,-523328,35648,,,,,,
182153872682500,63248061907950,174,-5056,992,-1984,-17088,-521920,37440,,,,,,
182153873689800,63248062904117,175,-4832,1280,-2112,-16768,-521408,38272,,,,,,
182153874678000,63248063903950,176,-4384,704,-2528,-16832,-520704,35200,,,,,,
182153875676100,63248064907158,177,-4960,832,-2432,-16320,-520832,36544,,,,,,
182153876672700,63248065909658,178,-4576,736,-2592,-17024,-522368,39296,,,,,,
182153877672600,63248066912075,179,-4480,800,-2176,-17024,-521344,35584,,,,,,
182153878672900,63248067904700,180,-4736,608,-2240,-16832,-521600,37248,,,,,,
182153879673100,63248068904658,181,-3968,512,-2208,-16448,-521472,36800,,,,,,
182153880822200,63248069913700,182,-5184,736,-2464,-16384,-520960,37504,,,,,,
182153881689100,63248070915575,183,-4416,512,-2496,-16000,-520896,39488,,,,,,
182153882678600,63248071906492,184,-4704,480,-2464,-15744,-521600,38656,,,,,,
182153883673600,63248072910492,185,-4576,576,-2208,-17088,-522304,36928,,,,,,
182153884674100,63248073908908,186,-4928,192,-2912,-17664,-519872,40064,,,,,,
182153885673000,63248074906950,187,-5056,256,-2656,-15744,-520960,38144,,,,,,
182153886687200,63248075909700,188,-4960,256,-3232,-15680,-520832,39104,,,,,,
182153887771800,63248076906533,189,-5024,-256,-2528,-16128,-521408,36224,,,,,,
182153888801100,63248077908117,190,-5184,128,-2336,-14080,-520640,38592,,,,,,
182153889689000,63248078908658,191,-4864,128,-2624,-15488,-521152,37568,,,,,,
182153890841500,63248079908242,192,-4064,160,-2112,-17280,-521600,35968,,,,,,
182153891678300,63248080906533,193,-4800,-160,-2752,-15808,-520896,35584,,,,,,
182153892684400,63248081910950,194,-5216,96,-2432,-13760,-520960,38848,,,,,,
182153893680200,63248082913533,195,-5088,0,-2720,-14912,-521088,36224,,,,,,
182153894679200,63248083907617,196,-4320,160,-2336,-14528,-521408,37248,,,,,,
182153895686600,63248084909700,197,-4928,224,-3072,-13696,-523264,35968,,,,,,
182153896673400,63248085909700,198,-4384,-128,-2656,-14720,-522816,36032,,,,,,
182153897917200,63248086905158,199,-4640,-160,-2720,-15296,-521280,36800,,,,,,
182153898692500,63248087906700,200,-4672,256,-2592,-13696,-523712,39488,,,,,,
182153899677200,63248088905200,201,-4672,256,-3104,-13056,-522304,37632,,,,,,
182153900696800,63248089910825,202,-3968,64,-2528,-16320,-522368,38208,,,,,,
182153901673200,63248090912658,203,-4576,-64,-2656,-13888,-522752,35712,,,,,,
182153902673700,63248091908367,204,-4704,352,-2304,-12800,-521344,36352,,,,,,
182153903671200,63248092906867,205,-4352,-128,-2848,-13376,-523200,37760,,,,,,
182153904670600,63248093909283,206,-4096,448,-2656,-13376,-523200,37888,,,,,,
182153905672900,63248094906533,207,-4864,224,-2464,-13632,-523648,35776,,,,,,
182153906687000,63248095910617,208,-4576,160,-3136,-14848,-520960,35712,,,,,,
182153907684500,63248096906492,209,-4736,64,-2688,-12160,-523904,37504,,,,,,
182153908679500,63248097910825,210,-3680,-224,-2464,-12288,-522048,37248,,,,,,
182153909679200,63248098909867,211,-4608,160,-2976,-12288,-522176,38528,,,,,,
182153910685500,63248099906825,212,-5344,-128,-2784,-13888,-521088,38912,,,,,,
182153911687700,63248100909908,213,-4544,512,-2976,-13696,-521344,37696,,,,,,
182153912682200,63248101909408,214,-4128,608,-2240,-13568,-522944,38592,,,,,,
182153913679000,63248102906742,215,-4544,288,-2560,-12352,-521664,39552,,,,,,
182153914678100,63248103906992,216,-5056,192,-2240,-13504,-522304,37696,,,,,,
182153915689900,63248104907908,217,-4576,192,-3040,-13504,-521536,41024,,,,,,
182153916684800,63248105905117,218,-4960,640,-3168,-12608,-521216,38976,,,,,,
182153917681100,63248106905867,219,-4768,32,-2144,-12288,-523456,39168,,,,,,
182153918672200,63248107909617,220,-4640,256,-2176,-14144,-522048,40384,,,,,,
182153919670600,63248108912950,221,-4768,192,-2720,-15744,-521984,39296,,,,,,
182153920685400,63248109910742,222,-4544,288,-1920,-13760,-522624,39296,,,,,,
182153921683000,63248110910117,223,-4928,-160,-1984,-13440,-524032,40000,,,,,,
182153922884300,63248111907408,224,-4960,-32,-2144,-13440,-525056,41792,,,,,,
182153923693800,63248112906033,225,-5344,576,-2144,-12224,-523776,37952,,,,,,
182153924689400,63248113908950,226,-4832,32,-1952,-11520,-523840,39424,,,,,,
182153925685700,63248114909367,227,-4896,-32,-1664,-13760,-523392,38208,,,,,,
182153926688000,63248115910617,228,-5472,-96,-2208,-12800,-523200,41472,,,,,,
182153927688000,63248116914492,229,-4672,448,-2400,-10560,-525120,38784,,,,,,
182153928691600,63248117912617,230,-4800,480,-1376,-13120,-523712,35520,,,,,,
182153929693700,63248118908867,231,-4896,928,-2656,-13184,-524032,37824,,,,,,
182153930870600,63248119913867,232,-5088,512,-1728,-11648,-525120,37696,,,,,,
182153931687800,63248120911533,233,-5184,416,-1664,-12736,-525760,38528,,,,,,
182153932691600,63248121906158,234,-5120,1024,-1568,-12288,-524928,37312,,,,,,
182153933697200,63248122904742,235,-4640,864,-2304,-14912,-526080,38656,,,,,,
182153934688100,63248123904617,236,-4864,1504,-2336,-13632,-524032,36416,,,,,,
182153935688400,63248124904325,237,-4000,576,-1888,-12800,-525568,36352,,,,,,
182153936693600,63248125906617,238,-4288,1248,-1792,-13632,-526336,40064,,,,,,
182153937685700,63248126904200,239,-4448,1408,-2176,-12800,-525184,36288,,,,,,
182153938689400,63248127904992,240,-5408,2272,-2752,-12096,-525824,36736,,,,,,
182153939676200,63248128904158,241,-5152,2624,-2240,-14016,-524096,35456,,,,,,
182153940697000,63248129904075,242,-5472,1888,-2656,-14528,-523904,35328,,,,,,
182153941695300,63248130903867,243,-4768,2272,-2496,-15680,-524352,36736,,,,,,
182153942692200,63248131905825,244,-4320,2784,-2496,-14656,-527104,36352,,,,,,
182153943691200,63248132904033,245,-5088,3008,-2592,-14720,-524736,37632,,,,,,
182153944689600,63248133904033,246,-4672,2560,-2080,-15808,-525952,35776,,,,,,
182153945690800,63248134904158,247,-4736,2848,-2624,-15936,-524736,36096,,,,,,
182153946690700,63248135904033,248,-4352,2592,-2624,-14720,-525504,37632,,,,,,
182153948014000,63248136904325,249,-4704,3392,-2400,-14144,-524736,39680,,,,,,
182153948693000,63248137905033,250,-4128,2752,-1888,-14848,-526848,36800,,,,,,
182153949689300,63248138904075,251,-4832,3104,-2656,-14464,-525632,39488,,,,,,
182153950689200,63248139903950,252,-4224,2752,-2528,-15808,-527168,36608,,,,,,
182153951692500,63248140904242,253,-4512,3360,-1920,-15296,-527040,37696,,,,,,
182153952688700,63248141905117,254,-4960,3616,-2784,-14592,-525760,40256,,,,,,
182153953689200,63248142905242,255,-4832,2592,-2304,-17280,-526848,37632,,,,,,
182153954690100,63248143904242,0,-3712,2400,-1504,-15872,-524288,39808,,,,,,
182153955693300,63248144903992,1,-4320,2592,-2144,-16256,-525824,37696,,,,,,
182153956694000,63248145903992,2,-4480,2432,-2208,-15232,-523392,36352,,,,,,
182153957691000,63248146903992,3,-4736,2400,-2208,-13952,-523072,36800,,,,,,
182153958689600,63248147904075,4,-4320,2176,-2720,-14144,-524288,38464,,,,,,
182153959692600,63248148903992,5,-3872,1440,-2176,-13376,-524608,38848,,,,,,
182153960690600,63248149903867,6,-4480,1632,-2272,-15104,-521984,39424,,,,,,
182153961690900,63248150904783,7,-4192,1696,-2368,-15680,-523584,37888,,,,,,
182153962687700,63248151904075,8,-4288,1344,-1760,-14784,-524480,36480,,,,,,
182153963709100,63248152903867,9,-4544,960,-2240,-14912,-523072,38208,,,,,,
182153964773600,63248153904033,10,-3968,608,-2304,-15296,-524992,36352,,,,,,
182153965692500,63248154904075,11,-4576,640,-1696,-14912,-524352,38016,,,,,,
182153966692700,63248155904117,12,-5152,768,-1760,-13888,-525632,39040,,,,,,
182153967691400,63248156904158,13,-4352,768,-1920,-13568,-526400,36992,,,,,,
182153968688200,63248157903867,14,-4288,512,-1792,-13312,-525504,38080,,,,,,
182153969698100,63248158903908,15,-4576,512,-2336,-13376,-523968,37824,,,,,,
182153970777500,63248159904033,16,-4800,256,-2208,-14080,-525056,38656,,,,,,
182153971695700,63248160904242,17,-4800,448,-960,-12672,-523328,38592,,,,,,
182153973010700,63248161904033,18,-5408,256,-2112,-14848,-524544,39744,,,,,,
182153973694900,63248162904117,19,-4512,416,-1472,-14720,-525440,38912,,,,,,
182153974695500,63248163904117,20,-4960,576,-1792,-17024,-524672,35648,,,,,,
182153975684400,63248164903867,21,-4896,480,-2432,-14720,-525696,36480,,,,,,
182153976688000,63248165904158,22,-5024,1024,-2144,-15936,-522496,36672,,,,,,
182153977688200,63248166905492,23,-5024,1152,-2592,-15168,-523200,37184,,,,,,
182153978688900,63248167903533,24,-4896,1568,-2368,-15872,-523520,40256,,,,,,
182153979700800,63248168904283,25,-5472,1600,-2624,-14656,-523456,37504,,,,,,
182153980685900,63248169903992,26,-5056,1696,-1888,-14912,-523776,38912,,,,,,
182153981754900,63248170903950,27,-4864,1312,-2304,-15360,-524864,37440,,,,,,
182153982730900,63248171905950,28,-4992,1856,-2592,-14784,-523776,37376,,,,,,
182153983674500,63248172905408,29,-5152,1952,-2720,-14976,-524352,39296,,,,,,
182153984685000,63248173904033,30,-4832,2208,-2720,-15168,-526336,39744,,,,,,
182153985688400,63248174904075,31,-4832,1760,-1856,-14336,-524800,36544,,,,,,
182153986690700,63248175903992,32,-5472,2048,-2912,-15808,-523968,37888,,,,,,
182153987691600,63248176904117,33,-4736,1920,-2400,-14848,-524736,36928,,,,,,
182153988703000,63248177904325,34,-5088,1856,-3072,-15488,-522496,39040,,,,,,
182153989681300,63248178903950,35,-4448,1760,-2976,-16192,-523904,37312,,,,,,
182153990693000,63248179903950,36,-4864,2016,-3264,-14848,-524480,38464,,,,,,
182153991684400,63248180904158,37,-4480,1760,-2912,-14592,-524096,40000,,,,,,
182153992683600,63248181903992,38,-5472,1888,-3456,-15488,-523136,34240,,,,,,
182153993695100,63248182903950,39,-4256,1792,-3136,-15616,-523712,36032,,,,,,
182153994693300,63248183904075,40,-4576,2016,-2784,-15296,-522496,37888,,,,,,
182153995682700,63248184904033,41,-4992,1472,-2880,-14528,-523520,36096,,,,,,
182153996703500,63248185904075,42,-5152,1312,-2400,-15424,-523392,37888,,,,,,
182153997679200,63248186904158,43,-4800,1088,-2656,-14912,-523712,40384,,,,,,
182153998701300,63248187903825,44,-5376,1280,-3040,-14976,-523968,37312,,,,,,
182153999687200,63248188903908,45,-4352,1088,-2016,-15488,-524800,35584,,,,,,
182154000686900,63248189904117,46,-4544,992,-2720,-12992,-525888,38720,,,,,,
182154001686200,63248190904575,47,-4960,1024,-2432,-16512,-524032,38976,,,,,,
182154002674000,63248191904033,48,-5120,832,-3136,-13568,-523776,37824,,,,,,
182154003675900,63248192904158,49,-4864,480,-2240,-14656,-524928,39232,,,,,,
182154004696600,63248193903950,50,-4224,96,-2112,-15424,-524096,38272,,,,,,
182154005683900,63248194903825,51,-5184,544,-2560,-14720,-523776,38080,,,,,,
182154006693400,63248195904158,52,-4896,96,-2144,-13952,-522944,38912,,,,,,
182154007679800,63248196904075,53,-4640,192,-1984,-15360,-522688,35584,,,,,,
182154008681000,63248197904033,54,-5216,448,-2784,-12864,-522624,39104,,,,,,
182154009679800,63248198904200,55,-4512,192,-2432,-13056,-523008,36288,,,,,,
182154010681800,63248199904867,56,-5344,224,-2272,-15424,-523200,37760,,,,,,
182154011680500,63248200904075,57,-4768,64,-1952,-14272,-520576,36480,,,,,,
182154012692300,63248201904950,58,-4672,-288,-2176,-14848,-520384,36608,,,,,,
182154013689000,63248202907575,59,-4896,-192,-2624,-15296,-521152,37632,,,,,,
182154014678600,63248203904033,60,-4672,-192,-1952,-13632,-518464,37696,,,,,,
182154015696800,63248204904075,61,-5248,0,-2400,-13184,-520384,38912,,,,,,
182154016733600,63248205904117,62,-4352,-192,-2272,-12992,-521472,37248,,,,,,
182154017687000,63248206904075,63,-4896,-416,-2080,-14976,-523392,39360,,,,,,
182154018682200,63248207904450,64,-5184,-32,-1792,-15104,-523008,35968,,,,,,
182154019684000,63248208905533,65,-4864,-416,-2176,-12864,-522944,39232,,,,,,
182154020681400,63248209903575,66,-4416,-96,-2592,-12736,-522560,37760,,,,,,
182154021680700,63248210904283,67,-4832,32,-2048,-13824,-521536,35840,,,,,,
182154022689100,63248211904075,68,-5184,-32,-1472,-12800,-523264,36032,,,,,,
182154023690400,63248212903992,69,-5152,320,-2400,-11328,-523072,35584,,,,,,
182154024682500,63248213904033,70,-5024,288,-1888,-13568,-524224,38336,,,,,,
182154025685600,63248214904075,71,-4800,512,-2528,-10432,-524032,39040,,,,,,
182154026690200,63248215904117,72,-4928,704,-2368,-13760,-523904,36544,,,,,,
182154027675500,63248216904075,73,-5088,672,-1856,-10944,-522752,36224,,,,,,
182154028672300,63248217904117,74,-4672,512,-2048,-12800,-520320,38336,,,,,,
182154029684100,63248218903992,75,-4608,1024,-1728,-13312,-522432,36032,,,,,,
182154030678500,63248219904367,76,-4096,1056,-2368,-11968,-522432,38336,,,,,,
182154031681800,63248220904283,77,-4608,1056,-1312,-13440,-522752,37760,,,,,,
182154032677500,63248221905075,78,-5344,1728,-2624,-13376,-521984,35840,,,,,,
182154033676100,63248222905033,79,-5152,768,-1824,-13632,-521600,39296,,,,,,
182154034671100,63248223904242,80,-4896,1344,-2048,-13568,-522624,37184,,,,,,
182154035678400,63248224905408,81,-4896,1792,-2336,-13760,-521216,37632,,,,,,
182154036683700,63248225904492,82,-4480,1408,-2208,-16256,-522432,38336,,,,,,
182154037673900,63248226905075,83,-5280,1600,-2688,-16320,-522432,38592,,,,,,
182154038676400,63248227904117,84,-5568,1376,-2144,-15168,-521664,40896,,,,,,
182154039720300,63248228903825,85,-4864,1696,-2176,-15936,-521856,36544,,,,,,
182154040684600,63248229903908,86,-4640,1504,-1888,-16960,-520704,39232,,,,,,
182154041676300,63248230904117,87,-4576,992,-2368,-15232,-520192,37952,,,,,,
182154042675600,63248231904242,88,-4576,1536,-2496,-15680,-522368,36928,,,,,,
182154043683800,63248232903992,89,-4768,1440,-2400,-15616,-521408,38464,,,,,,
182154044680000,63248233903992,90,-4768,1376,-1440,-15680,-520960,40448,,,,,,
182154045680200,63248234903783,91,-5376,960,-2080,-13824,-522944,37696,,,,,,
182154046687000,63248235904117,92,-4640,1568,-1984,-14656,-522240,38272,,,,,,
182154047972500,63248236904033,93,-5024,1056,-2080,-13952,-521216,38912,,,,,,
182154048725500,63248237903908,94,-4768,1472,-2496,-17088,-520576,36160,,,,,,
182154049696400,63248238904075,95,-5248,1696,-2752,-16064,-522560,38592,,,,,,
182154050683700,63248239904075,96,-5248,1824,-1696,-15424,-521088,38784,,,,,,
182154051679500,63248240904075,97,-4736,1824,-2688,-14016,-523136,36544,,,,,,
182154052684900,63248241904117,98,-4256,1536,-1952,-14976,-523008,36672,,,,,,
182154053682900,63248242904075,99,-5312,2272,-2976,-14976,-522944,38656,,,,,,
182154054679400,63248243905408,100,-4352,2080,-1984,-14400,-523520,36352,,,,,,
182154055680100,63248244904158,101,-4256,1664,-2336,-15296,-522944,35392,,,,,,
182154056690200,63248245904033,102,-4992,1888,-2528,-14976,-522560,37120,,,,,,
182154057687500,63248246903867,103,-4000,2400,-2912,-13760,-522496,37504,,,,,,
182154058685200,63248247904159,104,-4832,1856,-3392,-14912,-524096,38016,,,,,,
182154059685700,63248248903950,105,-4800,2176,-2976,-14720,-522240,36864,,,,,,
182154060687000,63248249904367,106,-4544,2464,-3072,-13696,-523648,35648,,,,,,
182154061686000,63248250905492,107,-4096,2272,-2432,-13824,-523136,37632,,,,,,
182154062680400,63248251903992,108,-4192,2720,-2880,-13184,-521984,35904,,,,,,
182154063688600,63248252903950,109,-4672,2848,-2816,-16896,-522752,37760,,,,,,
182154064683600,63248253904075,110,-4448,3008,-3104,-13440,-524928,34688,,,,,,
182154065693200,63248254905367,111,-4352,2656,-3072,-13376,-521472,37440,,,,,,
182154066683400,63248255905742,112,-4576,3040,-2976,-13888,-520384,37760,,,,,,
182154067679500,63248256904117,113,-3904,2432,-2272,-12800,-523584,36928,,,,,,
182154068682500,63248257904034,114,-3904,2336,-2880,-14400,-524736,37696,,,,,,
182154069689000,63248258903992,115,-4128,2688,-1824,-13056,-523840,37504,,,,,,
182154070678100,63248259905284,116,-3904,2976,-2816,-13312,-523328,39424,,,,,,
182154071684500,63248260904117,117,-4448,3072,-3008,-12224,-524352,40064,,,,,,
182154072678700,63248261903909,118,-4448,2496,-2976,-14208,-523584,38080,,,,,,
182154073689400,63248262904117,119,-4672,2848,-3040,-12288,-524032,35904,,,,,,
182154074677100,63248263903992,120,-4736,2784,-3040,-13568,-524736,38976,,,,,,
182154075684000,63248264903909,121,-4704,2656,-2944,-10048,-523008,38464,,,,,,
182154076690500,63248265904117,122,-4384,2304,-2496,-13952,-524160,38336,,,,,,
182154077677200,63248266904742,123,-4160,2496,-2240,-12416,-524224,38912,,,,,,
182154078692000,63248267903909,124,-5024,1984,-2464,-12736,-525184,40576,,,,,,
182154079680800,63248268903992,125,-4224,2624,-2368,-13056,-522048,40320,,,,,,
182154080682200,63248269904034,126,-5280,2336,-2976,-14272,-522688,39232,,,,,,
182154081712300,63248270903950,127,-4768,2112,-1952,-13504,-524608,36608,,,,,,
182154082681700,63248271909367,128,-4832,2304,-1824,-13056,-522624,37504,,,,,,
182154084119000,63248272904200,129,-4640,2848,-1952,-14016,-522752,39232,,,,,,
182154084679000,63248273903950,130,-4320,1920,-2272,-12928,-524416,39680,,,,,,
182154085683800,63248274904117,131,-4896,2496,-2144,-12608,-522816,37632,,,,,,
182154086674800,63248275904034,132,-4992,2336,-2784,-14528,-522688,39488,,,,,,
182154087690400,63248276904034,133,-4512,2624,-2368,-14528,-522752,39360,,,,,,
182154088685000,63248277904200,134,-4192,2656,-1920,-12032,-522560,41728,,,,,,
182154089693200,63248278904034,135,-4992,2624,-2048,-14272,-523008,40064,,,,,,
182154090678200,63248279905075,136,-5344,2336,-2720,-14528,-523968,38528,,,,,,
182154091685000,63248280904200,137,-4768,1984,-2464,-14144,-523968,41920,,,,,,
182154092676400,63248281904867,138,-5184,2336,-1920,-16320,-524672,39168,,,,,,
182154093692700,63248282904034,139,-5408,2976,-2816,-16192,-522816,40064,,,,,,
182154094692800,63248283903992,140,-4832,2528,-2656,-14848,-524992,40448,,,,,,
182154095689800,63248284904034,141,-5216,2432,-2400,-15552,-523776,40640,,,,,,
182154096689100,63248285903992,142,-5856,2752,-2720,-14784,-523712,39744,,,,,,
182154097892000,63248286903825,143,-5472,2912,-2176,-14592,-523968,38336,,,,,,
182154098700300,63248287904575,144,-5696,2880,-2688,-14080,-524480,36544,,,,,,
182154099691000,63248288903950,145,-5536,2592,-2656,-14144,-524416,38656,,,,,,
182154100690200,63248289904117,146,-4832,3040,-2656,-15168,-524416,37760,,,,,,
182154101690200,63248290904117,147,-5440,2592,-2432,-16000,-525056,36928,,,,,,
182154102688900,63248291903867,148,-5056,2272,-1984,-14400,-522816,38272,,,,,,
182154103689600,63248292904034,149,-5216,2336,-2176,-14784,-525568,35264,,,,,,
182154104689300,63248293903950,150,-4736,2432,-2176,-15552,-524736,35840,,,,,,
182154105690400,63248294904117,151,-5760,2368,-2848,-15104,-525376,36096,,,,,,
182154106689600,63248295904117,152,-4544,2048,-1920,-17856,-526912,36352,,,,,,
182154107693600,63248296904075,153,-5504,2176,-2496,-15936,-526464,36864,,,,,,
182154108693200,63248297903909,154,-4736,1728,-2208,-15616,-527680,36800,,,,,,
182154109690100,63248298904159,155,-5120,2208,-2784,-14848,-528320,37120,,,,,,
182154110690200,63248299903992,156,-4416,1728,-1664,-16640,-527232,36928,,,,,,
182154111689300,63248300903950,157,-4704,1504,-2592,-15808,-527232,37056,,,,,,
182154112690400,63248301905034,158,-5248,1344,-2816,-16192,-527936,36800,,,,,,
182154113725300,63248302904034,159,-4768,1120,-2272,-16320,-528320,38272,,,,,,
182154114686500,63248303904242,160,-4416,864,-2336,-15744,-527552,36032,,,,,,
182154115690000,63248304904242,161,-4736,832,-2176,-15680,-525312,36288,,,,,,
182154116748100,63248305904034,162,-4352,160,-2304,-15616,-523072,36608,,,,,,
182154117691200,63248306904034,163,-4192,384,-2720,-17024,-522496,37440,,,,,,
182154118693000,63248307903992,164,-4736,-320,-2144,-15552,-522112,38336,,,,,,
182154119701600,63248308906200,165,-4672,-192,-2144,-15936,-522560,38272,,,,,,
182154120691200,63248309904075,166,-5152,-64,-2880,-16192,-523840,37184,,,,,,
182154121689300,63248310903992,167,-4992,-480,-2464,-17536,-522816,40192,,,,,,
182154122831200,63248311904159,168,-5120,-416,-1824,-16768,-522112,40576,,,,,,
182154123696400,63248312903992,169,-5024,-1024,-2080,-17856,-522688,38464,,,,,,
182154124692400,63248313903784,170,-5024,-1120,-2368,-16448,-521920,38912,,,,,,
182154125684400,63248314905534,171,-4320,-1152,-2208,-18816,-523072,39040,,,,,,
182154126680800,63248315904034,172,-4896,-1088,-2272,-18240,-522944,42240,,,,,,
182154127694000,63248316904034,173,-5408,-1312,-2432,-19072,-524864,39680,,,,,,
182154128704800,63248317904117,174,-5696,-1824,-2080,-17536,-525184,41280,,,,,,
182154129682900,63248318904075,175,-5312,-1856,-2560,-14848,-524480,38336,,,,,,
182154130703200,63248319903825,176,-5280,-1568,-2944,-17088,-524672,36608,,,,,,
182154131695400,63248320906367,177,-5312,-1472,-1984,-15616,-525056,39232,,,,,,
182154132686200,63248321906325,178,-5216,-1664,-2432,-14400,-525120,37824,,,,,,
182154133684700,63248322903867,179,-5152,-1696,-2720,-14272,-526656,37632,,,,,,
182154134704100,63248323905742,180,-5856,-1696,-2432,-16960,-525888,34496,,,,,,
182154135678200,63248324905450,181,-5472,-1280,-2912,-13632,-525568,35904,,,,,,
182154136688100,63248325904200,182,-4960,-1184,-2176,-13248,-525440,34752,,,,,,
182154137691000,63248326904117,183,-4416,-1376,-2272,-14144,-524672,33024,,,,,,
182154138686700,63248327903992,184,-4736,-1152,-2880,-15488,-525056,30336,,,,,,
182154139686400,63248328904075,185,-5152,-928,-2656,-14656,-525504,32000,,,,,,
182154140684300,63248329905117,186,-4448,-320,-2912,-11776,-526208,33856,,,,,,
182154141681800,63248330904075,187,-4000,-256,-2688,-13504,-525184,33408,,,,,,
182154142683400,63248331904075,188,-4480,64,-2912,-12608,-526144,35904,,,,,,
182154143730000,63248332904117,189,-4448,64,-2816,-11520,-526656,35392,,,,,,
182154144687100,63248333903742,190,-4032,-128,-1984,-13440,-526336,34048,,,,,,
182154145689300,63248334903909,191,-4864,384,-2912,-11520,-526464,38272,,,,,,
182154146689600,63248335904075,192,-4416,416,-3104,-14272,-524032,38272,,,,,,
182154147987200,63248336904075,193,-4384,512,-3104,-13632,-524160,34688,,,,,,
182154148694300,63248337903825,194,-4640,992,-3264,-11712,-523776,34048,,,,,,
182154149685300,63248338905534,195,-4416,1152,-2880,-11712,-524544,38144,,,,,,
182154150686600,63248339907617,196,-3872,1440,-3328,-13184,-522560,38592,,,,,,
182154151687800,63248340903992,197,-3968,1312,-2624,-14400,-524352,37952,,,,,,
182154152689000,63248341904159,198,-4160,1600,-3136,-11712,-523968,38912,,,,,,
182154153686900,63248342904034,199,-4128,1536,-2592,-13056,-520512,36736,,,,,,
182154154687700,63248343904117,200,-4672,1216,-3424,-12032,-522368,38912,,,,,,
182154155687900,63248344904075,201,-4128,1248,-2912,-12032,-520256,41088,,,,,,
182154156693300,63248345904409,202,-3904,1504,-3232,-12736,-521856,37888,,,,,,
182154157697100,63248346903992,203,-5248,1920,-3552,-10880,-522624,38976,,,,,,
182154158687100,63248347904075,204,-4544,736,-2592,-10816,-523456,38656,,,,,,
182154159686100,63248348904075,205,-4512,992,-2272,-10048,-521280,39104,,,,,,
182154160688900,63248349903909,206,-4832,736,-2880,-11136,-522880,38144,,,,,,
182154161688500,63248350904075,207,-4768,1376,-2944,-10048,-521408,40064,,,,,,
182154162689700,63248351904117,208,-4640,800,-2464,-9984,-522496,39488,,,,,,
182154163687400,63248352903867,209,-4864,992,-2432,-10688,-522112,41728,,,,,,
182154164684600,63248353904117,210,-5056,960,-2144,-8320,-521728,40384,,,,,,
182154165693000,63248354904075,211,-5088,864,-2144,-11072,-522304,40192,,,,,,
182154166686100,63248355903992,212,-4480,960,-2080,-10496,-523136,38208,,,,,,
182154167694600,63248356904242,213,-4000,832,-1824,-10432,-520448,39552,,,,,,
182154168679900,63248357903909,214,-4480,704,-2432,-10752,-521600,39168,,,,,,
182154169677600,63248358903992,215,-4544,800,-1280,-9536,-522112,39872,,,,,,
182154170682700,63248359904075,216,-4832,960,-1600,-10880,-521728,38144,,,,,,
182154171710000,63248360905034,217,-4832,1024,-1440,-10816,-522240,36864,,,,,,
182154173018200,63248361904700,218,-4736,1344,-1824,-10752,-520768,37056,,,,,,
182154173692700,63248362905534,219,-4864,1120,-1952,-11904,-522880,38720,,,,,,
182154174705900,63248363904075,220,-4256,1120,-1472,-11520,-520960,40320,,,,,,
182154175698900,63248364903867,221,-5600,1344,-2528,-12288,-524544,38720,,,,,,
182154176721100,63248365904242,222,-5056,1824,-1440,-13120,-523136,36736,,,,,,
182154177688100,63248366904075,223,-5376,2016,-2336,-12288,-520384,38464,,,,,,
182154178687500,63248367903950,224,-5280,2272,-2368,-14848,-521344,36032,,,,,,
182154179690600,63248368904159,225,-4960,2144,-1440,-12352,-520704,37568,,,,,,
182154180691100,63248369904034,226,-5408,2304,-1856,-14144,-521792,39872,,,,,,
182154181686100,63248370905325,227,-5632,2272,-896,-13440,-520000,37632,,,,,,
182154182696400,63248371908325,228,-4896,3072,-2112,-12224,-522304,38336,,,,,,
182154183684100,63248372903992,229,-5024,3072,-1888,-13888,-521216,39744,,,,,,
182154184684300,63248373903950,230,-4896,3136,-1984,-13440,-522304,38080,,,,,,
182154185686400,63248374903992,231,-5536,3424,-2592,-12608,-519744,38336,,,,,,
182154186685900,63248375904200,232,-5344,3520,-2112,-13504,-519296,38016,,,,,,
182154187684100,63248376903992,233,-5184,3328,-1728,-15360,-521408,36096,,,,,,
182154188684100,63248377903450,234,-5344,3776,-2432,-16448,-522176,36800,,,,,,
182154189679100,63248378904117,235,-5344,3520,-2368,-16768,-520384,37504,,,,,,
182154190692700,63248379904034,236,-5248,3552,-2048,-15680,-522176,39552,,,,,,
182154191687500,63248380904034,237,-5280,4160,-2432,-16000,-523456,37376,,,,,,
182154192689600,63248381904075,238,-5312,4064,-2912,-15232,-522432,35712,,,,,,
182154193687600,63248382905284,239,-4256,3520,-1920,-17152,-522432,38080,,,,,,
182154194689700,63248383904950,240,-5408,3648,-1856,-15680,-523200,36864,,,,,,
182154195687300,63248384904409,241,-4960,3488,-2432,-16896,-525248,36288,,,,,,
182154196687000,63248385904367,242,-4736,3232,-2400,-16640,-522752,38592,,,,,,
182154197916000,63248386903992,243,-4320,2624,-2016,-15808,-521152,38464,,,,,,
182154198691100,63248387904159,244,-5312,3136,-2496,-16064,-524928,37568,,,,,,
182154199690100,63248388904034,245,-5280,2784,-2752,-17664,-521664,37184,,,,,,
182154200690100,63248389903867,246,-4736,2656,-1920,-14656,-521024,36160,,,,,,
182154201691700,63248390904325,247,-4832,2720,-2496,-16128,-521216,36864,,,,,,
182154202692000,63248391904575,248,-5312,2752,-2656,-17728,-522432,36160,,,,,,
182154203689300,63248392904034,249,-5184,2272,-1888,-16704,-523584,37696,,,,,,
182154204686500,63248393904200,250,-4768,1792,-2048,-16320,-521920,35136,,,,,,
182154205698200,63248394904034,251,-4672,1824,-2368,-16512,-522880,38144,,,,,,
182154206696700,63248395903950,252,-5280,1504,-2624,-16320,-523520,37376,,,,,,
182154207689300,63248396904534,253,-4768,1440,-2240,-19328,-523584,38080,,,,,,
182154208689100,63248397904950,254,-4160,1216,-2080,-18752,-522432,37952,,,,,,
182154209717700,63248398903909,255,-4480,1024,-2016,-17280,-523456,37312,,,,,,
182154210677200,63248399903992,0,-4896,640,-2176,-16640,-521792,38336,,,,,,
182154211690000,63248400903992,1,-5568,384,-2240,-15744,-524416,36736,,,,,,
182154212692800,63248401903909,2,-5024,0,-1984,-16768,-523328,38464,,,,,,
182154213698500,63248402904242,3,-5344,672,-2560,-16064,-521984,36224,,,,,,
182154214687100,63248403903950,4,-4672,384,-2208,-18880,-523392,35456,,,,,,
182154215685900,63248404903909,5,-4704,320,-2656,-15744,-523200,38272,,,,,,
182154216682000,63248405904117,6,-4320,352,-1792,-15616,-522496,36096,,,,,,
182154217678700,63248406904075,7,-4576,256,-2528,-15936,-522112,35904,,,,,,
182154218844500,63248407903950,8,-4640,576,-2880,-14208,-524736,38080,,,,,,
182154219686400,63248408903992,9,-4832,-32,-2112,-15872,-521664,36608,,,,,,
182154220683600,63248409903909,10,-4864,416,-2624,-15360,-523456,38208,,,,,,
182154221682600,63248410903992,11,-4736,480,-2880,-14144,-523008,37760,,,,,,
182154222691900,63248411904117,12,-3488,480,-2720,-15808,-522048,35136,,,,,,
182154223695600,63248412903659,13,-4864,608,-3360,-13888,-522560,36992,,,,,,
182154224686100,63248413903992,14,-4832,160,-2688,-15360,-523520,38208,,,,,,
182154225689200,63248414906575,15,-4576,864,-3008,-13760,-523392,40832,,,,,,
182154226698800,63248415905575,16,-4064,-128,-1952,-14400,-524544,38912,,,,,,
182154227682600,63248416904409,17,-4128,416,-2464,-15296,-523200,37248,,,,,,
182154228683800,63248417904159,18,-4384,800,-3040,-13120,-523904,37632,,,,,,
182154229682000,63248418904075,19,-4480,992,-3040,-11648,-523584,38656,,,,,,
182154230694800,63248419903909,20,-4032,384,-2272,-13760,-523840,37376,,,,,,
182154231699000,63248420904325,21,-4928,864,-2528,-12352,-523648,39616,,,,,,
182154232685400,63248421909700,22,-4608,576,-3456,-14208,-523584,38080,,,,,,
182154233683400,63248422904950,23,-4640,608,-2368,-14976,-521728,35392,,,,,,
182154234677100,63248423904159,24,-4928,576,-2880,-14336,-524032,36224,,,,,,
182154235691300,63248424903992,25,-4800,544,-2784,-13824,-523008,38592,,,,,,
182154236684600,63248425905450,26,-4864,768,-2368,-14848,-522880,41152,,,,,,
182154237674900,63248426905159,27,-4576,256,-2496,-13376,-521792,38976,,,,,,
182154238679000,63248427904075,28,-4608,672,-2688,-13056,-521600,39808,,,,,,
182154239678700,63248428904034,29,-5248,1024,-2624,-13760,-524352,38848,,,,,,
182154240673600,63248429903784,30,-5120,0,-2784,-14208,-523776,40064,,,,,,
182154241719200,63248430904200,31,-4736,224,-2208,-12480,-524928,36800,,,,,,
182154242731600,63248431904034,32,-5216,96,-2144,-13568,-523840,36608,,,,,,
182154243685300,63248432904242,33,-5728,320,-2944,-13440,-524352,39872,,,,,,
182154244679500,63248433904034,34,-5216,32,-2336,-14912,-524608,35648,,,,,,
182154245686600,63248434903992,35,-5152,192,-2432,-12736,-524160,37504,,,,,,
182154246685400,63248435904200,36,-5344,-128,-2080,-15168,-525760,39104,,,,,,
182154247679100,63248436903992,37,-5152,96,-2272,-14848,-525952,38016,,,,,,
182154248691200,63248437904242,38,-4960,288,-2304,-13952,-524736,37952,,,,,,
182154249693600,63248438904534,39,-4800,576,-2240,-15232,-524800,36480,,,,,,
182154250683800,63248439904659,40,-4928,96,-2624,-15232,-524544,38272,,,,,,
182154251674300,63248440904075,41,-5088,160,-2496,-14464,-525568,35840,,,,,,
182154252682900,63248441905075,42,-5088,32,-2112,-14784,-527168,38720,,,,,,
182154253681100,63248442904075,43,-5184,480,-2560,-14208,-525184,37440,,,,,,
182154254670700,63248443903950,44,-4928,64,-1408,-15232,-527360,36544,,,,,,
182154255685000,63248444905575,45,-4992,448,-3104,-14080,-526848,36096,,,,,,
182154256684000,63248445904867,46,-4672,480,-2048,-14656,-528320,37440,,,,,,
182154257681500,63248446903909,47,-4896,192,-2784,-16192,-526016,37312,,,,,,
182154258691300,63248447903909,48,-4992,480,-2112,-15552,-526912,35648,,,,,,
182154259686500,63248448904075,49,-4576,608,-2784,-13952,-526016,38208,,,,,,
182154260686300,63248449903992,50,-4480,224,-2112,-13632,-525696,37440,,,,,,
182154261680600,63248450906867,51,-4384,672,-1952,-14720,-525248,36352,,,,,,
182154262681600,63248451905367,52,-4512,992,-3264,-13312,-523584,38016,,,,,,
182154263680600,63248452904075,53,-4576,480,-2752,-15488,-525440,36608,,,,,,
182154264680100,63248453903784,54,-4800,480,-2048,-13248,-526464,37696,,,,,,
182154265696200,63248454904075,55,-4800,608,-1952,-13952,-524288,36288,,,,,,
182154266689800,63248455903950,56,-4352,1248,-2624,-14976,-523200,38144,,,,,,
182154267696600,63248456903867,57,-4800,544,-2560,-14208,-524480,39168,,,,,,
182154268672000,63248457904117,58,-4512,928,-2144,-12416,-525888,37568,,,,,,
182154269669900,63248458904075,59,-4960,1280,-2944,-15744,-523648,38272,,,,,,
182154270682700,63248459904534,60,-4608,1280,-2304,-12992,-524864,35136,,,,,,
182154271718000,63248460904242,61,-4480,1344,-2368,-13824,-525440,39232,,,,,,
182154272968000,63248461903992,62,-4768,1824,-2336,-16192,-525440,39040,,,,,,
182154273678400,63248462907950,63,-4544,1376,-2432,-15360,-524608,38784,,,,,,
182154274697200,63248463903909,64,-5152,1632,-3008,-14208,-526464,38976,,,,,,
182154275686600,63248464904075,65,-4704,1472,-2240,-12672,-523712,37184,,,,,,
182154276683000,63248465903909,66,-4832,1632,-2720,-12544,-525568,40896,,,,,,
182154277688400,63248466904075,67,-4736,1056,-2592,-12800,-524608,37696,,,,,,
182154278693200,63248467903992,68,-4640,1600,-2432,-13376,-525184,36416,,,,,,
182154279689700,63248468905075,69,-4992,1056,-2432,-13504,-524864,39168,,,,,,
182154280689700,63248469906117,70,-4096,1024,-2336,-11584,-523776,36032,,,,,,
182154281681200,63248470904075,71,-4672,992,-2496,-12480,-524800,40704,,,,,,
182154282693900,63248471907659,72,-5056,1024,-2848,-13952,-526080,37440,,,,,,
182154283697300,63248472904159,73,-4640,1440,-2080,-11968,-523968,38720,,,,,,
182154284690600,63248473905325,74,-5376,1408,-2240,-13120,-524608,41408,,,,,,
182154285692400,63248474905409,75,-4384,1440,-2496,-13440,-523520,38016,,,,,,
182154286693100,63248475904034,76,-4800,832,-2240,-12160,-524736,38016,,,,,,
182154287675900,63248476903992,77,-4352,672,-1984,-11648,-524544,36032,,,,,,
182154288683000,63248477903992,78,-4480,896,-1984,-13120,-523968,37632,,,,,,
182154289678100,63248478904117,79,-4736,704,-1536,-14464,-525120,40000,,,,,,
182154290676700,63248479904867,80,-4224,352,-1952,-13824,-524672,37952,,,,,,
182154291711300,63248480907409,81,-4032,1184,-2336,-13504,-523328,38208,,,,,,
182154292685100,63248481905575,82,-4832,1184,-2016,-13440,-525824,38336,,,,,,
182154293679200,63248482904117,83,-4640,512,-1792,-13952,-523456,37824,,,,,,
182154294702500,63248483903992,84,-4768,640,-1696,-12800,-523392,40000,,,,,,
182154295680000,63248484904200,85,-5120,1024,-2240,-14080,-524288,35840,,,,,,
182154296679000,63248485904075,86,-4960,768,-1888,-14272,-524352,38720,,,,,,
182154297670300,63248486903867,87,-4672,1216,-2208,-14464,-521856,37056,,,,,,
182154298695300,63248487904159,88,-4320,736,-1824,-13184,-522368,40896,,,,,,
182154299682900,63248488903992,89,-4512,896,-2720,-14912,-522304,36544,,,,,,
182154300686900,63248489903992,90,-5024,1216,-2208,-13376,-522368,37120,,,,,,
182154301693500,63248490904159,91,-4064,1056,-1664,-15680,-524608,38528,,,,,,
182154302675800,63248491904034,92,-4928,1152,-2464,-14656,-522816,38080,,,,,,
182154303676600,63248492905117,93,-4864,1120,-1984,-14528,-521344,38336,,,,,,
182154304709800,63248493904242,94,-4320,1248,-2176,-13184,-520832,36416,,,,,,
182154305676700,63248494904117,95,-4640,1632,-1920,-16640,-521280,35840,,,,,,
182154306679100,63248495903950,96,-4416,2112,-2304,-15424,-523904,36992,,,,,,
182154307697300,63248496904117,97,-4928,1696,-2336,-12672,-522112,37952,,,,,,
182154308683800,63248497904159,98,-4544,2080,-2976,-14784,-522880,38720,,,,,,
182154309678700,63248498903950,99,-4768,1856,-2592,-15104,-521472,38272,,,,,,
182154310677800,63248499904117,100,-4576,1888,-2144,-15936,-521280,39808,,,,,,
182154311677600,63248500903992,101,-4544,1920,-3136,-13696,-524160,40064,,,,,,
182154312679900,63248501903742,102,-5056,2048,-3104,-15360,-523264,39232,,,,,,
182154313682500,63248502904242,103,-4800,2528,-2464,-16384,-523008,39360,,,,,,
182154314678400,63248503904034,104,-5216,2304,-2976,-14848,-521600,36992,,,,,,
182154315676300,63248504905200,105,-5248,2080,-2848,-14272,-521024,39040,,,,,,
182154316675600,63248505903867,106,-5120,1760,-2720,-16256,-521728,38016,,,,,,
182154317685100,63248506904034,107,-5024,1952,-2624,-13504,-521280,39232,,,,,,
182154318680300,63248507904075,108,-5024,1728,-2752,-12928,-524160,37888,,,,,,
182154319677200,63248508903867,109,-4864,1792,-2528,-14336,-521280,36288,,,,,,
182154320672500,63248509904659,110,-4864,1696,-1664,-12544,-522752,38272,,,,,,
182154321675900,63248510904659,111,-5440,1632,-2400,-11072,-522816,37888,,,,,,
182154322670200,63248511904200,112,-4768,1312,-2048,-12928,-522368,39360,,,,,,
182154323692100,63248512904034,113,-4736,992,-1856,-12736,-523968,37568,,,,,,
182154324680800,63248513903950,114,-5056,1056,-2176,-13696,-522112,35200,,,,,,
182154325683200,63248514903867,115,-5248,1216,-2176,-15296,-521792,37184,,,,,,
182154326674700,63248515906909,116,-4096,608,-2272,-13568,-522816,36800,,,,,,
182154327670000,63248516905242,117,-4480,512,-2336,-12480,-523968,38912,,,,,,
182154328683000,63248517903867,118,-5376,512,-1792,-13696,-521920,37504,,,,,,
182154329677200,63248518904117,119,-4864,512,-2240,-11520,-522304,37184,,,,,,
182154330684100,63248519903992,120,-5024,608,-2112,-14528,-522560,38336,,,,,,
182154331684900,63248520903909,121,-4960,192,-1376,-14656,-520576,36864,,,,,,
182154332679800,63248521904450,122,-4704,-160,-2080,-14592,-521984,39104,,,,,,
182154333686800,63248522906159,123,-4768,-96,-1760,-12608,-523072,39424,,,,,,
182154334688100,63248523903825,124,-5216,-32,-2272,-16000,-523584,38592,,,,,,
182154335683000,63248524904159,125,-4448,-192,-960,-13824,-523264,37824,,,,,,
182154336685100,63248525903867,126,-5472,-32,-1536,-16000,-521728,35968,,,,,,
182154337717500,63248526904284,127,-5248,-320,-1824,-16576,-522624,39744,,,,,,
182154338679200,63248527904242,128,-5024,-288,-1952,-15936,-521920,39616,,,,,,
182154339685200,63248528903950,129,-5312,-384,-992,-15936,-523136,36864,,,,,,
182154340685400,63248529903950,130,-5344,64,-2304,-14720,-523136,38784,,,,,,
182154341687200,63248530905450,131,-5344,352,-1984,-16256,-522432,37632,,,,,,
182154342688700,63248531904200,132,-5248,256,-1728,-17600,-521280,36928,,,,,,
182154343670400,63248532903992,133,-4736,352,-1472,-16128,-522752,38976,,,,,,
182154344678400,63248533904325,134,-4864,832,-2656,-17280,-521344,37312,,,,,,
182154345676400,63248534904117,135,-5216,544,-2080,-19520,-521856,37888,,,,,,
182154346678300,63248535903909,136,-5024,800,-1600,-17024,-521728,38912,,,,,,
182154347676900,63248536904117,137,-5088,1088,-1984,-18240,-522816,37824,,,,,,
182154348681800,63248537904034,138,-5216,960,-2592,-17792,-522688,38912,,,,,,
182154349698100,63248538904117,139,-5216,704,-2336,-17600,-522432,39616,,,,,,
182154350684900,63248539906825,140,-5152,1152,-2400,-17024,-524416,36608,,,,,,
182154351677500,63248540904659,141,-5536,960,-2368,-16960,-522880,36288,,,,,,
182154352678100,63248541903867,142,-4992,992,-2112,-16512,-521984,37248,,,,,,
182154353671100,63248542904034,143,-4992,736,-2816,-16384,-522368,35968,,,,,,
182154354673900,63248543906367,144,-5120,640,-2784,-15872,-524480,35776,,,,,,
182154355674900,63248544903950,145,-5376,960,-2784,-16576,-523520,36672,,,,,,
182154356684900,63248545904159,146,-4800,1056,-3968,-15552,-523264,35968,,,,,,
182154357685700,63248546905534,147,-4928,672,-3072,-17024,-523904,35200,,,,,,
182154358675300,63248547903867,148,-4768,896,-2656,-13824,-524864,37248,,,,,,
182154359678500,63248548904992,149,-5056,928,-3456,-13568,-522816,36672,,,,,,
182154360679900,63248549903992,150,-4544,128,-2368,-14656,-523904,36032,,,,,,
182154361683400,63248550904367,151,-4736,64,-1920,-14592,-523456,36544,,,,,,
182154362689200,63248551904159,152,-4544,160,-3136,-14976,-523776,36416,,,,,,
182154363679300,63248552905325,153,-5152,-64,-2944,-15040,-523648,36096,,,,,,
182154364678200,63248553904034,154,-4416,-64,-2688,-14784,-522816,37056,,,,,,
182154365691200,63248554904117,155,-4832,-160,-3072,-16192,-522816,37376,,,,,,
182154366681500,63248555903992,156,-4192,-640,-1696,-14144,-524352,35840,,,,,,
182154367677300,63248556904034,157,-5216,-384,-2880,-13760,-524480,36480,,,,,,
182154368684000,63248557903950,158,-4224,-352,-2880,-14336,-524672,39232,,,,,,
182154369679300,63248558904034,159,-4224,-960,-2592,-16960,-522816,36032,,,,,,
182154370705000,63248559903867,160,-4992,-448,-2432,-14336,-524416,40704,,,,,,
182154371674300,63248560905242,161,-4640,-384,-2304,-13120,-525056,39168,,,,,,
182154372674700,63248561904117,162,-4256,-896,-2400,-14784,-521664,39232,,,,,,
182154373684500,63248562904034,163,-4480,-832,-1856,-14656,-521728,38208,,,,,,
182154374677500,63248563904200,164,-4672,-992,-1728,-13888,-521664,36224,,,,,,
182154375684800,63248564903950,165,-4416,-1184,-1632,-13248,-522816,37184,,,,,,
182154376679800,63248565903867,166,-4416,-1024,-1504,-14272,-524608,38592,,,,,,
182154377680500,63248566904200,167,-4672,-960,-1632,-13440,-523264,38656,,,,,,
182154378668800,63248567904034,168,-4320,-992,-1760,-11968,-523584,38528,,,,,,
182154379669600,63248568905367,169,-4448,-992,-2336,-13440,-524096,42176,,,,,,
182154380671600,63248569904034,170,-4448,-1152,-2208,-11072,-523456,37504,,,,,,
182154381688400,63248570904367,171,-4256,-864,-2176,-11584,-523712,38272,,,,,,
182154382679800,63248571904034,172,-4480,-832,-1600,-14016,-523712,37312,,,,,,
182154383670100,63248572903825,173,-5152,-1024,-2720,-11776,-525760,36288,,,,,,
182154384674000,63248573904117,174,-5088,192,-1760,-12544,-523904,37888,,,,,,
182154385670400,63248574903867,175,-4832,0,-2432,-12224,-525440,37376,,,,,,
182154386705100,63248575904284,176,-4704,480,-1984,-12992,-524608,38528,,,,,,
182154387671500,63248576904075,177,-4736,352,-2048,-12864,-524928,36864,,,,,,
182154388667600,63248577903950,178,-4000,480,-1888,-13056,-524480,39680,,,,,,
182154389674500,63248578904034,179,-5056,1056,-2528,-12224,-525696,37376,,,,,,
182154390679600,63248579904034,180,-4736,1664,-2848,-12608,-523904,37120,,,,,,
182154391677000,63248580907450,181,-4960,2368,-3296,-11840,-526720,37248,,,,,,
182154392669500,63248581905034,182,-4672,2144,-2432,-11840,-525504,38208,,,,,,
182154393673200,63248582904075,183,-4544,2176,-2464,-10560,-525952,36928,,,,,,
182154394670500,63248583905492,184,-4736,2048,-2304,-11840,-526144,38080,,,,,,
182154395675700,63248584903867,185,-4512,2816,-2560,-12096,-526144,38400,,,,,,
182154396675200,63248585903992,186,-4032,2944,-2624,-12160,-524288,38720,,,,,,
182154397874600,63248586904075,187,-4608,3136,-2592,-12608,-525696,39360,,,,,,
182154398690300,63248587905367,188,-4352,3136,-2784,-11520,-526400,36864,,,,,,
182154399689800,63248588904075,189,-4448,3328,-1952,-15744,-523136,38656,,,,,,
182154400688900,63248589903992,190,-3808,3008,-2496,-14208,-523392,39360,,,,,,
182154401687300,63248590903992,191,-4384,3424,-3168,-12736,-526272,38400,,,,,,
182154402689600,63248591904075,192,-4064,3040,-2848,-12672,-522944,39168,,,,,,
182154403718100,63248592903992,193,-4768,3392,-2336,-13632,-524736,37440,,,,,,
182154404687200,63248593904909,194,-4960,3328,-2720,-13696,-523712,40000,,,,,,
182154405695400,63248594904075,195,-4416,3296,-2144,-11136,-523328,37632,,,,,,
182154406689400,63248595903992,196,-4896,3328,-2912,-14656,-522304,37888,,,,,,
182154407688500,63248596903992,197,-4672,2944,-2176,-13312,-524288,37568,,,,,,
182154408698200,63248597904034,198,-4800,3168,-2496,-13504,-522816,37760,,,,,,
182154409694800,63248598905075,199,-4576,2816,-2400,-12672,-524608,36928,,,,,,
182154410689100,63248599903950,200,-4224,2624,-2080,-12096,-525888,39232,,,,,,
182154411688000,63248600904117,201,-4128,2688,-2144,-12416,-522496,39872,,,,,,
182154412691100,63248601903992,202,-4480,2688,-2752,-12672,-525184,40128,,,,,,
182154413692400,63248602903742,203,-4320,2272,-1984,-12672,-525248,38848,,,,,,
182154414694000,63248603904284,204,-4416,1952,-1792,-13248,-524608,41280,,,,,,
182154415705800,63248604904075,205,-4704,1952,-2304,-13248,-523840,37504,,,,,,
182154416678100,63248605904659,206,-4224,1984,-1280,-13696,-525184,39872,,,,,,
182154417771700,63248606904034,207,-4896,2176,-1696,-15296,-523264,40448,,,,,,
182154418699100,63248607903992,208,-4480,1248,-1760,-12864,-522112,39616,,,,,,
182154419679300,63248608903909,209,-4736,1632,-1632,-13952,-523392,39232,,,,,,
182154420685400,63248609904034,210,-4992,1600,-1088,-13760,-524032,38208,,,,,,
182154421683100,63248610903992,211,-4544,1536,-1152,-13760,-524096,37952,,,,,,
182154423041500,63248611903867,212,-5216,2208,-2016,-13376,-519872,38336,,,,,,
182154423692400,63248612903742,213,-4352,1728,-1472,-13184,-521024,39232,,,,,,
182154424688800,63248613903992,214,-4768,1760,-1792,-14656,-521472,39104,,,,,,
182154425687500,63248614903909,215,-5024,1760,-1376,-15424,-523840,38144,,,,,,
182154426691000,63248615904200,216,-5536,1888,-1760,-13824,-522176,37120,,,,,,
182154427693500,63248616903950,217,-5120,2112,-2176,-14720,-523200,38848,,,,,,
182154428689800,63248617903950,218,-5696,2464,-2048,-13632,-523520,38912,,,,,,
182154429691200,63248618904034,219,-5248,2144,-2432,-14400,-524800,40256,,,,,,
182154430693800,63248619903867,220,-4672,2016,-1952,-14720,-524608,37120,,,,,,
182154431693500,63248620904034,221,-4544,2528,-1920,-14912,-523904,39680,,,,,,
182154432685400,63248621903909,222,-4992,2240,-1984,-15360,-524160,39424,,,,,,
182154433686700,63248622905242,223,-5344,2496,-2112,-15936,-523520,35392,,,,,,
182154434687500,63248623903909,224,-5504,2528,-2400,-15552,-525824,34816,,,,,,
182154435690600,63248624904034,225,-4832,2720,-1984,-16576,-525696,38592,,,,,,
182154436715600,63248625904075,226,-5248,2272,-1984,-15168,-526336,39360,,,,,,
182154437690500,63248626903867,227,-5696,2400,-2880,-15488,-524992,38720,,,,,,
182154438688600,63248627904700,228,-4960,2528,-2400,-16896,-524416,34048,,,,,,
182154439681300,63248628903992,229,-4640,2976,-2240,-17024,-525312,37952,,,,,,
182154440695200,63248629903867,230,-4640,2208,-2656,-13440,-526272,36608,,,,,,
182154441679600,63248630903867,231,-4512,2336,-2496,-18048,-525952,36352,,,,,,
182154442707900,63248631904075,232,-5312,2304,-2336,-15680,-523264,38912,,,,,,
182154443690100,63248632903534,233,-4288,1408,-2336,-15808,-524544,38080,,,,,,
182154444691300,63248633905117,234,-5088,1920,-2368,-16896,-523456,37056,,,,,,
182154445695300,63248634903867,235,-4800,1792,-2400,-15040,-524992,37056,,,,,,
182154446695600,63248635903909,236,-5152,1824,-2880,-16512,-521728,41152,,,,,,
182154447946300,63248636903784,237,-4864,1536,-1760,-16192,-525760,39360,,,,,,
182154448684200,63248637903575,238,-4800,1184,-2720,-17024,-524096,39104,,,,,,
182154449682300,63248638903909,239,-4352,672,-2528,-15808,-525632,38144,,,,,,
182154450681700,63248639903909,240,-4800,768,-2048,-18240,-524672,39488,,,,,,
182154451680800,63248640904075,241,-4512,352,-2176,-17280,-522624,40832,,,,,,
182154452689200,63248641903825,242,-5088,736,-1984,-18624,-524352,37952,,,,,,
182154453700600,63248642903950,243,-5184,224,-2528,-17408,-525440,38272,,,,,,
182154454692000,63248643903950,244,-4736,-160,-2176,-16064,-525248,39104,,,,,,
182154455685700,63248644903867,245,-4768,-608,-1888,-17856,-522176,39680,,,,,,
182154456707600,63248645903909,246,-5280,-352,-2784,-16576,-524032,38208,,,,,,
182154457710200,63248646905367,247,-4704,-768,-2496,-16064,-522880,38080,,,,,,
182154458701300,63248647904117,248,-4768,-896,-1568,-16192,-521728,40128,,,,,,
182154459693200,63248648903784,249,-4992,-288,-2752,-15552,-521600,38912,,,,,,
182154460690100,63248649904200,250,-5056,-800,-2112,-15936,-523776,37312,,,,,,
182154461692500,63248650904075,251,-5408,-608,-2528,-16576,-522624,36480,,,,,,
182154462696200,63248651903825,252,-5024,-832,-2144,-14464,-524032,37824,,,,,,
182154463694000,63248652904159,253,-4928,-672,-2336,-15488,-521728,37888,,,,,,
182154464684300,63248653903909,254,-4960,-672,-2560,-16512,-523712,37376,,,,,,
182154465714000,63248654903909,255,-5088,-448,-2048,-16128,-522688,38208,,,,,,
182154466692400,63248655904200,0,-4608,-608,-2944,-13120,-524096,38336,,,,,,
182154467692000,63248656903909,1,-5088,224,-2976,-14528,-525696,34624,,,,,,
182154468695600,63248657903992,2,-4544,-544,-2400,-13504,-523520,37120,,,,,,
182154469728500,63248658904075,3,-5184,-64,-2432,-13952,-522176,37632,,,,,,
182154470815000,63248659903992,4,-4512,64,-2528,-12928,-524160,36672,,,,,,
182154471692100,63248660903992,5,-4640,448,-2752,-15808,-523712,35456,,,,,,
182154472815000,63248661903992,6,-4576,512,-2784,-13184,-522752,37504,,,,,,
182154473697400,63248662904034,7,-4384,768,-2432,-15040,-524224,34688,,,,,,
182154474688100,63248663905159,8,-4288,1248,-2432,-12416,-523584,36096,,,,,,
182154475709100,63248664905575,9,-4768,928,-2912,-14016,-524032,36736,,,,,,
182154476705200,63248665905450,10,-4224,544,-2048,-14144,-522752,35456,,,,,,
182154477688300,63248666903909,11,-4160,608,-2560,-12992,-523200,35712,,,,,,
182154478681900,63248667904117,12,-4736,960,-3456,-13504,-523776,37248,,,,,,
182154479687200,63248668903950,13,-4608,1536,-3104,-11520,-521920,38656,,,,,,
182154480687600,63248669904034,14,-3904,1216,-2976,-12416,-523008,37120,,,,,,
182154481691300,63248670904617,15,-4160,1280,-2464,-12032,-522368,36224,,,,,,
182154482703800,63248671906617,16,-4544,1152,-2336,-14912,-523328,35904,,,,,,
182154483711000,63248672904117,17,-4768,1600,-2240,-13184,-522816,36288,,,,,,
182154484691400,63248673904200,18,-4096,1152,-2176,-13056,-521408,36992,,,,,,
182154485685400,63248674904075,19,-4352,1472,-2528,-10752,-521088,38400,,,,,,
182154486689200,63248675903909,20,-4480,1344,-3520,-12288,-522688,40000,,,,,,
182154487689300,63248676904034,21,-4384,1376,-2624,-11968,-520896,41536,,,,,,
182154488689300,63248677904159,22,-4512,1088,-2432,-12096,-521344,40256,,,,,,
182154489688300,63248678903784,23,-4640,1376,-2400,-12224,-524352,38592,,,,,,
182154490709500,63248679904159,24,-4768,1344,-2400,-12672,-521856,37760,,,,,,
182154491694300,63248680904242,25,-4576,1408,-2624,-12480,-520960,39680,,,,,,
182154492683500,63248681909950,26,-4608,1664,-2304,-12672,-520512,40192,,,,,,
182154493682200,63248682904242,27,-4896,1632,-2432,-11968,-521472,37824,,,,,,
182154494687800,63248683904075,28,-4416,1056,-2400,-11904,-521600,39424,,,,,,
182154495688700,63248684903992,29,-4576,1440,-2016,-13888,-522624,38400,,,,,,
182154496689500,63248685904075,30,-4992,1664,-1760,-13376,-523328,37888,,,,,,
182154498019900,63248686904909,31,-4864,1664,-1696,-12864,-522048,39168,,,,,,
182154498695600,63248687904742,32,-4960,1248,-1504,-11776,-524096,39168,,,,,,
182154499692500,63248688903909,33,-4896,1216,-2400,-12480,-522048,36288,,,,,,
182154500683100,63248689904117,34,-4960,1536,-2048,-12736,-522752,37632,,,,,,
182154501685700,63248690903909,35,-5088,2336,-1920,-13504,-523264,38976,,,,,,
182154502720100,63248691903492,36,-5376,1952,-2176,-12928,-523328,38656,,,,,,
182154503687900,63248692904117,37,-4736,1696,-1728,-13824,-522176,39680,,,,,,
182154504687600,63248693906534,38,-4896,1920,-2400,-14144,-521856,37952,,,,,,
182154505693100,63248694904159,39,-4448,2080,-2176,-13056,-523904,38400,,,,,,
182154506711400,63248695904075,40,-4320,2144,-2048,-13376,-523840,34752,,,,,,
182154507682900,63248696903534,41,-5216,2368,-2208,-13504,-522432,37888,,,,,,
182154508702500,63248697903950,42,-4544,2240,-1888,-13056,-523392,38528,,,,,,
182154509960700,63248698903992,43,-4640,2880,-2528,-13440,-523136,38208,,,,,,
182154510678600,63248699903992,44,-4544,2560,-2336,-13696,-522944,37248,,,,,,
182154511696800,63248700903950,45,-4672,2912,-1568,-13504,-523392,36224,,,,,,
182154512686200,63248701906284,46,-4640,3232,-2496,-13504,-521280,32448,,,,,,
182154513686600,63248702905534,47,-5120,3168,-2560,-14208,-523776,35520,,,,,,
182154514674800,63248703903784,48,-3552,2976,-1632,-12288,-524160,36672,,,,,,
182154515692500,63248704904075,49,-5312,3424,-2304,-13888,-523072,35520,,,,,,
182154516693800,63248705903909,50,-4608,3776,-2752,-14080,-524736,34624,,,,,,
182154517687300,63248706903450,51,-4320,3104,-1952,-16384,-521600,35264,,,,,,
182154518685700,63248707904159,52,-4608,3296,-2240,-13184,-523200,37568,,,,,,
182154519688500,63248708903909,53,-5120,3104,-2848,-15616,-522880,38912,,,,,,
182154520689900,63248709903950,54,-4160,3712,-2016,-15552,-523264,41536,,,,,,
182154521689800,63248710904075,55,-4864,3776,-3232,-15488,-522560,40448,,,,,,
182154523016900,63248711906200,56,-4608,3744,-2112,-16896,-523584,38912,,,,,,
182154523686100,63248712903909,57,-4384,3200,-2368,-16576,-522176,41216,,,,,,
182154524689900,63248713904159,58,-5152,3360,-2784,-15488,-522880,38016,,,,,,
182154525683900,63248714904034,59,-4320,3328,-1696,-16640,-524544,35648,,,,,,
182154526682700,63248715903950,60,-4992,3520,-2560,-17920,-524416,37248,,,,,,
182154527686600,63248716904284,61,-4096,3072,-2880,-16320,-524928,40256,,,,,,
182154528689400,63248717905200,62,-4384,3168,-2400,-14912,-522112,38592,,,,,,
182154529689000,63248718903825,63,-5216,2880,-2176,-16320,-522688,36928,,,,,,
182154530690800,63248719904075,64,-5056,2656,-2336,-18240,-523776,36672,,,,,,
182154531683700,63248720903909,65,-4672,2656,-2656,-15808,-523584,36672,,,,,,
182154532706700,63248721906284,66,-4640,2336,-1568,-16512,-523776,36864,,,,,,
182154533701900,63248722907284,67,-5088,2528,-2144,-16192,-524224,36480,,,,,,
182154534688300,63248723905409,68,-4576,2336,-2464,-14336,-523136,37120,,,,,,
182154535715600,63248724905367,69,-4800,2432,-2432,-16768,-523520,39872,,,,,,
182154536690100,63248725904117,70,-4640,1728,-1888,-16000,-524096,36160,,,,,,
182154537686500,63248726903700,71,-4320,1344,-2336,-13888,-523968,40256,,,,,,
182154538689200,63248727904075,72,-5088,1888,-2528,-15616,-523712,37632,,,,,,
182154539690500,63248728905867,73,-4640,1824,-2368,-16256,-523840,39360,,,,,,
182154540685800,63248729905534,74,-4928,1536,-2528,-16000,-524928,38784,,,,,,
182154541705600,63248730903992,75,-4480,1824,-2656,-13888,-523584,36416,,,,,,
182154542685500,63248731904075,76,-4576,1728,-2304,-14080,-522560,38272,,,,,,
182154543685900,63248732904784,77,-4640,1344,-2176,-15168,-523392,34752,,,,,,
182154544682400,63248733903909,78,-5120,1120,-2336,-14272,-525568,36480,,,,,,
182154545701200,63248734904159,79,-4544,1088,-2240,-15744,-523008,37056,,,,,,
182154546687100,63248735903992,80,-4384,1568,-2528,-14976,-524288,34304,,,,,,
182154548055300,63248736903950,81,-4448,1312,-2432,-14144,-523904,39104,,,,,,
182154548695000,63248737904075,82,-4320,992,-2016,-13760,-522496,37632,,,,,,
182154549685500,63248738903992,83,-5248,1184,-2560,-12992,-525120,38208,,,,,,
182154550691900,63248739903909,84,-4480,1120,-1888,-13952,-524096,36736,,,,,,
182154551679300,63248740904950,85,-3936,1408,-1888,-15296,-524544,39424,,,,,,
182154552675300,63248741905534,86,-5280,1312,-2688,-14016,-524224,35328,,,,,,
182154553676600,63248742903992,87,-4992,1248,-2944,-15040,-526208,37248,,,,,,
182154554675900,63248743903784,88,-4064,736,-2208,-13952,-523072,37952,,,,,,
182154555690300,63248744904034,89,-4192,864,-1568,-13632,-521856,39488,,,,,,
182154556683700,63248745903909,90,-4928,1216,-2336,-12032,-524224,39744,,,,,,
182154557736900,63248746903867,91,-4448,1024,-1952,-15040,-523584,37888,,,,,,
182154558696500,63248747903950,92,-5024,1312,-2496,-13632,-523456,39232,,,,,,
182154559686400,63248748904242,93,-4192,1120,-2144,-14336,-524032,38656,,,,,,
182154560684100,63248749903867,94,-5120,1312,-2400,-12352,-522240,38784,,,,,,
182154561691900,63248750905909,95,-4864,1024,-2688,-15168,-524224,40640,,,,,,
182154562690300,63248751904034,96,-4864,1600,-2240,-16128,-523712,40064,,,,,,
182154563690700,63248752903825,97,-4768,832,-1856,-14656,-524352,39040,,,,,,
182154564679300,63248753904034,98,-4768,1056,-2528,-14464,-524608,37888,,,,,,
182154565684300,63248754903992,99,-4320,736,-1952,-14272,-525376,40896,,,,,,
182154566713200,63248755903825,100,-4224,1088,-2656,-14336,-522816,38272,,,,,,
182154567687800,63248756904867,101,-4704,928,-2240,-12736,-524608,38720,,,,,,
182154568725600,63248757904159,102,-4640,832,-2944,-15232,-524032,39616,,,,,,
182154569686300,63248758903992,103,-4736,864,-2560,-15104,-523584,40064,,,,,,
182154570685900,63248759904034,104,-4608,768,-2016,-14784,-525248,40256,,,,,,
182154571687500,63248760903867,105,-4736,1216,-2176,-14528,-524032,39488,,,,,,
182154572818400,63248761903784,106,-4832,640,-2272,-13760,-524224,38592,,,,,,
182154573697500,63248762904034,107,-5344,704,-2528,-12096,-523328,39168,,,,,,
182154574696300,63248763906117,108,-4960,576,-2400,-13248,-522880,39680,,,,,,
182154575702400,63248764904617,109,-5120,608,-1952,-13056,-525440,37568,,,,,,
182154576695300,63248765904034,110,-5024,800,-2432,-12672,-525568,40128,,,,,,
182154577687900,63248766903950,111,-5216,608,-1920,-14528,-524992,37952,,,,,,
182154578688600,63248767903867,112,-4832,640,-2240,-13184,-525120,37952,,,,,,
182154579690600,63248768903992,113,-5152,1024,-2048,-13760,-524864,37056,,,,,,
182154580771200,63248769903909,114,-4864,1408,-2304,-14016,-522816,34432,,,,,,
182154581693900,63248770905325,115,-5152,1184,-2368,-15808,-524544,37504,,,,,,
182154582714700,63248771908117,116,-5472,448,-2048,-14912,-524736,38016,,,,,,
182154583699300,63248772904034,117,-4992,608,-1984,-15232,-525568,36800,,,,,,
182154584687500,63248773903909,118,-5312,992,-2496,-12672,-526016,36544,,,,,,
182154585689700,63248774904159,119,-4512,768,-2144,-16000,-523904,37568,,,,,,
182154586688900,63248775903992,120,-4960,864,-2272,-17600,-524544,36032,,,,,,
182154587690400,63248776904034,121,-4960,768,-2144,-14272,-524224,37120,,,,,,
182154588690600,63248777904117,122,-4544,736,-2112,-15232,-522624,38016,,,,,,
182154589697000,63248778903992,123,-4608,704,-1792,-13824,-524352,36928,,,,,,
182154590704800,63248779903825,124,-4992,1152,-2720,-15168,-524160,38528,,,,,,
182154591683000,63248780904117,125,-4992,928,-1632,-14272,-524032,39232,,,,,,
182154592704600,63248781904200,126,-4512,704,-1792,-14336,-524864,38848,,,,,,
182154593702100,63248782903784,127,-4768,1088,-1888,-14272,-523840,37632,,,,,,
182154594678100,63248783904200,128,-4608,640,-2048,-16448,-524864,39104,,,,,,
182154595676600,63248784903909,129,-5024,896,-2592,-15040,-524864,39040,,,,,,
182154596676300,63248785903742,130,-5120,384,-1984,-13440,-522752,37056,,,,,,
182154597678900,63248786904242,131,-5184,544,-1920,-14976,-524928,37440,,,,,,
182154598690200,63248787903992,132,-4992,704,-2080,-16704,-523328,38592,,,,,,
182154599704900,63248788906909,133,-4672,480,-2336,-14784,-526400,37120,,,,,,
182154600688100,63248789904034,134,-4864,768,-2400,-15296,-524032,36224,,,,,,
182154601723600,63248790903617,135,-4512,672,-1952,-15424,-524032,37632,,,,,,
182154602682600,63248791903992,136,-4928,736,-2496,-16000,-524928,39616,,,,,,
182154603684100,63248792903992,137,-5056,992,-2304,-15808,-524224,38272,,,,,,
182154604682700,63248793904742,138,-5408,416,-2144,-15552,-522240,36608,,,,,,
182154605700300,63248794905367,139,-5120,768,-2624,-14912,-523712,35968,,,,,,
182154606695500,63248795905617,140,-5024,704,-2304,-15424,-523776,37760,,,,,,
182154607800900,63248796904034,141,-5472,544,-2400,-14656,-523648,38272,,,,,,
182154608690500,63248797903867,142,-5536,384,-2304,-14528,-523520,37632,,,,,,
182154609688000,63248798903867,143,-5152,800,-2720,-14208,-521664,36672,,,,,,
182154610679300,63248799905450,144,-5056,960,-2656,-15680,-523584,35584,,,,,,
182154611679400,63248800908409,145,-4768,768,-2688,-13696,-524032,38464,,,,,,
182154612690000,63248801903950,146,-5152,192,-2208,-14272,-522816,36992,,,,,,
182154613691400,63248802904075,147,-4768,448,-2816,-14656,-523392,36672,,,,,,
182154614697300,63248803903992,148,-5152,1152,-2496,-16256,-523520,36416,,,,,,
182154615690600,63248804903909,149,-4864,672,-2464,-16064,-524416,35072,,,,,,
182154616706200,63248805904242,150,-5504,800,-2560,-14720,-524608,37568,,,,,,
182154617685000,63248806903992,151,-5280,1056,-2656,-15616,-524288,35520,,,,,,
182154618684300,63248807903825,152,-4096,832,-1856,-14656,-523840,37824,,,,,,
182154619689300,63248808904117,153,-5184,640,-2848,-15488,-524352,38528,,,,,,
182154620690300,63248809903867,154,-4576,736,-2240,-15936,-523520,36928,,,,,,
182154621690600,63248810904450,155,-5440,640,-2976,-15296,-522496,36096,,,,,,
182154622826700,63248811904034,156,-4480,1120,-2400,-14016,-523136,36672,,,,,,
182154623691600,63248812903950,157,-4672,768,-2048,-15168,-523328,33728,,,,,,
182154624685800,63248813903867,158,-5312,768,-3296,-15232,-522368,37184,,,,,,
182154625693500,63248814903909,159,-5248,960,-2816,-15680,-525312,38080,,,,,,
182154626677400,63248815903909,160,-4672,256,-2304,-15296,-525056,37568,,,,,,
182154627675600,63248816903867,161,-5248,1056,-2560,-15872,-522432,34624,,,,,,
182154628688700,63248817904034,162,-4608,320,-2368,-16000,-522112,37184,,,,,,
182154629688000,63248818904034,163,-4640,864,-2400,-16256,-524736,36928,,,,,,
182154630686900,63248819903867,164,-4928,160,-2432,-13696,-522816,37248,,,,,,
182154631720000,63248820904075,165,-5376,384,-2656,-16832,-523712,36928,,,,,,
182154632706300,63248821909992,166,-4960,288,-3200,-15232,-525056,36736,,,,,,
182154633688600,63248822904575,167,-4384,-160,-2432,-15872,-522752,35904,,,,,,
182154634717100,63248823903992,168,-3872,-480,-2080,-12800,-524544,38208,,,,,,
182154635692200,63248824903992,169,-4864,-256,-2656,-14720,-523968,38144,,,,,,
182154636691800,63248825903950,170,-4800,0,-2432,-15872,-524224,38464,,,,,,
182154637686500,63248826904075,171,-4320,-160,-1760,-15872,-524736,36672,,,,,,
182154638687100,63248827903992,172,-4256,-32,-2496,-16576,-523840,35840,,,,,,
182154639698100,63248828904117,173,-3616,32,-2368,-15424,-524288,35776,,,,,,
182154640699800,63248829905450,174,-3744,64,-2880,-14912,-521728,36672,,,,,,
182154641689000,63248830904242,175,-3904,-128,-2240,-14016,-523456,34496,,,,,,
182154642677200,63248831903867,176,-4288,448,-2336,-15424,-522304,36992,,,,,,
182154643686600,63248832906534,177,-3904,576,-2656,-13824,-521728,36096,,,,,,
182154644688000,63248833904034,178,-3808,1024,-3360,-16192,-523200,37760,,,,,,
182154645689600,63248834903909,179,-3456,1056,-2656,-16064,-523200,36992,,,,,,
182154646689400,63248835904075,180,-3616,1696,-2688,-15488,-521472,38336,,,,,,
182154648009500,63248836904034,181,-3616,1664,-2816,-14848,-521856,37504,,,,,,
182154648691100,63248837904034,182,-3968,2368,-2272,-13888,-521152,38912,,,,,,
182154649705300,63248838903992,183,-4000,2336,-2656,-12160,-520832,40128,,,,,,
182154650690400,63248839903909,184,-4064,2944,-4032,-14528,-521472,39488,,,,,,
182154651685900,63248840904075,185,-3808,3552,-3168,-12800,-521472,42304,,,,,,
182154652693200,63248841904117,186,-3424,3808,-3616,-12992,-521152,39680,,,,,,
182154653689100,63248842904492,187,-4352,3648,-3456,-9984,-520768,40960,,,,,,
182154654693000,63248843905450,188,-4576,3680,-3712,-10944,-520640,39552,,,,,,
182154655689200,63248844904159,189,-3424,3648,-2816,-9344,-520960,42240,,,,,,
182154656685000,63248845904034,190,-3936,4384,-3424,-9984,-519360,38720,,,,,,
182154657695100,63248846903909,191,-4288,4128,-3232,-7232,-521408,40768,,,,,,
182154658677500,63248847906450,192,-4032,4288,-3104,-8832,-518976,39744,,,,,,
182154659678600,63248848905659,193,-4224,4128,-3168,-7552,-521344,36800,,,,,,
182154660675700,63248849903867,194,-4160,4320,-2592,-7104,-518784,40320,,,,,,
182154661674800,63248850903867,195,-4576,4192,-2912,-7040,-521536,39168,,,,,,
182154662689100,63248851904117,196,-4704,4032,-2368,-6336,-520448,39488,,,,,,
182154663689400,63248852905325,197,-4416,3392,-2624,-7488,-520768,38144,,,,,,
182154664684300,63248853905200,198,-4960,3456,-1952,-7232,-521088,39680,,,,,,
182154665693500,63248854904034,199,-4736,2912,-2080,-9024,-521984,37248,,,,,,
182154666694200,63248855904034,200,-4576,2624,-1536,-7232,-521792,40256,,,,,,
182154667713600,63248856903742,201,-5344,2080,-2208,-8448,-521024,39744,,,,,,
182154668683000,63248857904075,202,-4960,2048,-1248,-6464,-522496,38912,,,,,,
182154669682300,63248858903992,203,-4896,1856,-1344,-9856,-523648,40256,,,,,,
182154670684300,63248859906117,204,-5216,2048,-1888,-8768,-522432,40128,,,,,,
182154671686600,63248860904200,205,-5536,1888,-1248,-11328,-523264,38592,,,,,,
182154672997000,63248861903825,206,-5504,1472,-384,-11520,-522752,38464,,,,,,
182154673679400,63248862903825,207,-5344,1216,-960,-14528,-522944,42240,,,,,,
182154674702200,63248863904034,208,-5152,1024,-864,-12416,-521472,40320,,,,,,
182154675696700,63248864903867,209,-5184,800,-96,-13952,-522624,38592,,,,,,
182154676694000,63248865905409,210,-5408,896,-1088,-12160,-522304,40384,,,,,,
182154677695800,63248866904034,211,-5440,1248,-672,-15616,-520704,40704,,,,,,
182154678686900,63248867903992,212,-5792,864,-1216,-14912,-522048,40384,,,,,,
182154679685600,63248868903867,213,-6560,800,-288,-17216,-521664,37888,,,,,,
182154680687700,63248869903784,214,-5856,1472,-768,-16704,-522880,37504,,,,,,
182154681684600,63248870905534,215,-5440,1024,-1216,-18048,-522368,38144,,,,,,
182154682697600,63248871912575,216,-6432,1312,-1376,-19008,-521088,39552,,,,,,
182154683684500,63248872904075,217,-6176,1600,-1152,-20288,-519296,37056,,,,,,
182154684679300,63248873904034,218,-6592,1888,-1440,-18816,-522496,37632,,,,,,
182154685685500,63248874903867,219,-5920,2208,-1440,-20544,-523008,38976,,,,,,
182154686689300,63248875904117,220,-6432,2656,-1888,-19072,-523904,36736,,,,,,
182154687694100,63248876906492,221,-5216,2496,-1792,-20416,-523520,36800,,,,,,
182154688689900,63248877903867,222,-6080,3072,-1952,-21440,-524160,37056,,,,,,
182154689687000,63248878904034,223,-5472,3008,-1920,-19328,-526656,36224,,,,,,
182154690689300,63248879907034,224,-5568,2688,-2208,-19136,-524160,33664,,,,,,
182154691701400,63248880905284,225,-5792,2880,-2592,-20032,-525376,34112,,,,,,
182154692683900,63248881904117,226,-5504,3488,-3232,-19456,-527168,34240,,,,,,
182154693685300,63248882905575,227,-5504,3200,-2496,-21824,-527936,34816,,,,,,
182154694689500,63248883903867,228,-5056,3104,-2560,-20800,-526912,31680,,,,,,
182154695689000,63248884904117,229,-5376,3264,-3712,-19328,-527680,35712,,,,,,
182154696692600,63248885904034,230,-5600,3552,-3264,-20736,-529152,32704,,,,,,
182154697824500,63248886903825,231,-4608,2592,-3424,-20096,-527808,34368,,,,,,
182154698688600,63248887904159,232,-4832,2976,-3200,-20800,-525504,33344,,,,,,
182154699698900,63248888904700,233,-4576,2432,-3456,-19584,-526976,35264,,,,,,
182154700718100,63248889903825,234,-4288,1440,-3584,-19008,-525888,33216,,,,,,
182154701676300,63248890906367,235,-4128,2048,-2880,-17856,-526208,34176,,,,,,
182154702677100,63248891903992,236,-3936,1728,-3168,-18240,-527232,33024,,,,,,
182154703678200,63248892903950,237,-3776,1056,-2848,-19264,-526848,35712,,,,,,
182154704682900,63248893903784,238,-4160,576,-2624,-17216,-527232,35840,,,,,,
182154705694500,63248894904075,239,-3776,320,-3040,-16320,-526528,35328,,,,,,
182154706681800,63248895905159,240,-4256,-352,-3136,-17152,-525184,34496,,,,,,
182154707694400,63248896903992,241,-3744,-832,-3200,-18752,-524672,38528,,,,,,
182154708686600,63248897904034,242,-4064,-1376,-3424,-16128,-523584,39616,,,,,,
182154709685800,63248898903825,243,-3488,-1952,-2336,-16704,-525184,39488,,,,,,
182154710701500,63248899903825,244,-4064,-1728,-3456,-16768,-523776,38144,,,,,,
182154711700300,63248900904575,245,-3456,-2336,-2592,-16448,-521792,38784,,,,,,
182154712674400,63248901904992,246,-3744,-2272,-2560,-16768,-521728,37568,,,,,,
182154713678000,63248902903909,247,-4096,-2464,-2784,-16064,-524224,39936,,,,,,
182154714684500,63248903904034,248,-3424,-2976,-2304,-14784,-522048,41344,,,,,,
182154715756300,63248904903992,249,-4544,-2720,-3104,-14336,-523776,39296,,,,,,
182154716699700,63248905903867,250,-4128,-3392,-2144,-15104,-523008,39488,,,,,,
182154717691700,63248906903950,251,-3904,-3008,-2272,-13056,-523648,39936,,,,,,
182154718685500,63248907905034,252,-4576,-3264,-2560,-12288,-522560,40448,,,,,,
182154719693500,63248908903784,253,-3808,-3040,-2176,-13056,-523264,42112,,,,,,
182154720678200,63248909903950,254,-4608,-2944,-1888,-12736,-524672,40064,,,,,,
182154721696900,63248910904659,255,-4864,-2400,-2336,-10624,-523584,38336,,,,,,
182154723018800,63248911905325,0,-4928,-2240,-2560,-10944,-522880,36480,,,,,,
182154723693100,63248912906825,1,-4192,-2688,-2272,-11776,-523136,40960,,,,,,
182154724689600,63248913904867,2,-5056,-1984,-2272,-11456,-524416,40320,,,,,,
182154725684600,63248914903867,3,-4480,-1568,-2560,-9344,-524992,39744,,,,,,
182154726688900,63248915904034,4,-4512,-1440,-2432,-11072,-525376,39936,,,,,,
182154727694500,63248916903867,5,-4512,-960,-2368,-9664,-524544,37696,,,,,,
182154728685200,63248917905075,6,-5088,-672,-2016,-9984,-525312,36608,,,,,,
182154729685800,63248918904034,7,-4864,-64,-2752,-9792,-524544,39104,,,,,,
182154730690300,63248919903992,8,-4768,192,-2528,-8640,-524032,36544,,,,,,
182154731682200,63248920903825,9,-4416,288,-2272,-7296,-523840,40704,,,,,,
182154732687800,63248921915534,10,-5088,1152,-2464,-6080,-523840,38528,,,,,,
182154733736200,63248922903992,11,-4768,896,-2432,-8320,-525952,36928,,,,,,
182154734693900,63248923904200,12,-5248,1120,-3040,-9856,-523520,36736,,,,,,
182154735691000,63248924904075,13,-5088,1344,-2304,-10432,-525056,38848,,,,,,
182154736677500,63248925904034,14,-5280,1984,-2880,-11200,-523520,40128,,,,,,
182154737688500,63248926904867,15,-5344,2048,-2720,-8128,-524224,39360,,,,,,
182154738688600,63248927904200,16,-5024,1888,-2304,-9472,-523584,38592,,,,,,
182154739675800,63248928905325,17,-5440,1824,-2560,-12096,-522752,37056,,,,,,
182154740700200,63248929904534,18,-4416,2144,-2432,-10752,-524480,38336,,,,,,
182154741696600,63248930907575,19,-4384,2336,-2272,-10176,-522688,39296,,,,,,
182154742688300,63248931904200,20,-4992,2432,-1984,-11328,-522496,40960,,,,,,
182154743678400,63248932903825,21,-4960,2112,-2208,-12480,-524032,40448,,,,,,
182154744693900,63248933903992,22,-5248,2048,-2528,-12736,-523776,40192,,,,,,
182154745695100,63248934903992,23,-5440,2368,-1792,-14656,-523776,40256,,,,,,
182154746691400,63248935903867,24,-4992,1248,-1280,-14336,-523072,42752,,,,,,
182154747672200,63248936904117,25,-5248,1824,-1440,-12800,-523840,40576,,,,,,
182154748683300,63248937904159,26,-5216,1024,-2048,-15040,-525632,37888,,,,,,
182154749683400,63248938903825,27,-5312,1184,-1888,-14400,-522048,38720,,,,,,
182154750680500,63248939904075,28,-5216,1248,-1664,-15872,-523840,39936,,,,,,
182154751677100,63248940903950,29,-5536,736,-800,-13824,-522624,42304,,,,,,
182154752678100,63248941904659,30,-5504,640,-928,-15168,-523584,37824,,,,,,
182154753683200,63248942903784,31,-5600,256,-992,-14848,-523264,38336,,,,,,
182154754675900,63248943903992,32,-5472,320,-1120,-14208,-521984,37312,,,,,,
182154755687000,63248944903909,33,-5760,576,-1312,-13632,-521664,37952,,,,,,
182154756677000,63248945903784,34,-5152,320,-1536,-15232,-523200,38464,,,,,,
182154757681400,63248946904742,35,-5952,288,-1344,-15808,-523840,38976,,,,,,
182154758678200,63248947903909,36,-5056,-128,-992,-17728,-523776,37184,,,,,,
182154759678200,63248948903742,37,-5536,32,-1248,-15104,-523904,36160,,,,,,
182154760681100,63248949904076,38,-5152,32,-1408,-15552,-524672,38016,,,,,,
182154761680000,63248950905367,39,-5504,32,-1568,-16384,-524672,35008,,,,,,
182154762683400,63248951903867,40,-5088,320,-1248,-16000,-525120,35520,,,,,,
182154763682600,63248952904034,41,-4608,512,-1568,-16000,-524992,34624,,,,,,
182154764690500,63248953904576,42,-5120,384,-1632,-16448,-525056,35968,,,,,,
182154765682600,63248954903909,43,-4896,672,-1856,-17280,-522944,35456,,,,,,
182154766720700,63248955903992,44,-5280,1184,-1952,-15744,-523008,34624,,,,,,
182154767676000,63248956904076,45,-4832,928,-2048,-16640,-524736,35584,,,,,,
182154768684900,63248957903826,46,-5152,1152,-2016,-17088,-523520,36096,,,,,,
182154769686200,63248958904367,47,-4800,1536,-2784,-16000,-522688,37760,,,,,,
182154770686800,63248959904076,48,-4800,1504,-2176,-18048,-524032,36928,,,,,,
182154771674800,63248960905867,49,-5120,1888,-2528,-17216,-522752,34432,,,,,,
182154772676800,63248961904034,50,-4768,2560,-2496,-16512,-522944,35840,,,,,,
182154773689000,63248962903909,51,-4672,1600,-2528,-17408,-521920,37824,,,,,,
182154774692200,63248963903867,52,-3936,1760,-2432,-17088,-521408,37120,,,,,,
182154775677200,63248964904034,53,-3904,2112,-2912,-14656,-524032,35008,,,,,,
182154776693400,63248965904284,54,-4352,2368,-3296,-17472,-525120,33728,,,,,,
182154777681800,63248966903826,55,-3872,2592,-2784,-16832,-521664,34688,,,,,,
182154778675500,63248967904034,56,-3840,2656,-2816,-15424,-523072,35712,,,,,,
182154779686100,63248968904284,57,-4448,2752,-3136,-15616,-523008,39424,,,,,,
182154780682500,63248969903826,58,-4672,2752,-3104,-18560,-522880,40384,,,,,,
182154781679500,63248970903992,59,-4288,2880,-3264,-15488,-522368,37696,,,,,,
182154782677300,63248971915117,60,-3616,2656,-3040,-15360,-522304,36480,,,,,,
182154783695700,63248972903951,61,-4096,2496,-2464,-15744,-523648,37760,,,,,,
182154784686800,63248973903701,62,-4736,1728,-2880,-15872,-522112,38336,,,,,,
182154785682100,63248974903992,63,-3712,2240,-3072,-15424,-522752,38784,,,,,,
182154786680100,63248975903826,64,-3904,2016,-2688,-14016,-519936,38336,,,,,,
182154787682000,63248976904242,65,-4224,1792,-2848,-12992,-520960,40128,,,,,,
182154788681100,63248977903909,66,-4320,1856,-3232,-14336,-521664,39104,,,,,,
182154789678700,63248978903992,67,-4160,1312,-2976,-13184,-521664,38848,,,,,,
182154790686200,63248979904076,68,-4032,1312,-2304,-13440,-521728,37568,,,,,,
182154791696400,63248980904159,69,-5024,960,-2752,-13440,-521024,39360,,,,,,
182154792683800,63248981904034,70,-4704,928,-3200,-12352,-521472,39296,,,,,,
182154793680400,63248982903992,71,-3872,256,-2656,-13312,-521856,40960,,,,,,
182154794691300,63248983903992,72,-4832,320,-2816,-11904,-521792,38144,,,,,,
182154795679600,63248984903784,73,-5184,128,-2080,-12992,-521408,35776,,,,,,
182154796687000,63248985903951,74,-5120,256,-2400,-12352,-520960,41216,,,,,,
182154797692100,63248986903992,75,-5280,0,-2464,-11840,-520000,38912,,,,,,
182154798681500,63248987903784,76,-4832,-224,-2400,-11136,-521600,38016,,,,,,
182154799715000,63248988905701,77,-4640,128,-1952,-13504,-521280,39424,,,,,,
182154800688300,63248989905409,78,-5152,128,-2112,-11328,-522496,35904,,,,,,
182154801688500,63248990905742,79,-5472,-416,-2528,-11712,-520768,38720,,,,,,
182154802681300,63248991904576,80,-4992,-160,-1856,-11904,-523072,37056,,,,,,
182154803688200,63248992903951,81,-5856,352,-1920,-12032,-521088,35968,,,,,,
182154804695400,63248993903826,82,-5248,-192,-1952,-10944,-521600,36608,,,,,,
182154805678000,63248994903742,83,-5504,192,-2080,-11456,-520576,36352,,,,,,
182154806680900,63248995903992,84,-4864,480,-1984,-13056,-523712,34816,,,,,,
182154807682600,63248996903909,85,-4960,512,-2304,-12480,-521024,35520,,,,,,
182154808695800,63248997903701,86,-4800,1088,-1440,-10304,-520960,37120,,,,,,
182154809683500,63248998903992,87,-5600,1312,-2304,-11392,-522240,39232,,,,,,
182154810678300,63248999903784,88,-5280,1088,-1984,-13952,-521728,40512,,,,,,
182154811678300,63249000903784,89,-5184,1120,-1440,-13312,-524608,36480,,,,,,
182154812676300,63249001903951,90,-5248,1216,-1728,-12608,-522944,38848,,,,,,
182154813678300,63249002903784,91,-5216,1472,-2336,-13440,-523840,36800,,,,,,
182154814688900,63249003903867,92,-5120,1792,-1824,-13952,-523712,38784,,,,,,
182154815688800,63249004904076,93,-5376,2048,-2496,-14784,-523072,36800,,,,,,
182154816682900,63249005903909,94,-5632,2208,-2400,-14464,-523456,36160,,,,,,
182154817679200,63249006904367,95,-5408,2144,-1472,-15616,-523136,36800,,,,,,
182154818686900,63249007903909,96,-5696,2400,-2304,-13696,-522880,38016,,,,,,
182154819685400,63249008903951,97,-4992,2272,-2016,-15424,-524480,38976,,,,,,
182154820680500,63249009903784,98,-5632,2272,-2528,-13504,-523648,36800,,,,,,
182154821681000,63249010903742,99,-4992,2240,-2144,-15680,-522176,36224,,,,,,
182154822814700,63249011903992,100,-5536,2432,-2208,-15424,-523776,36800,,,,,,
182154823696500,63249012903784,101,-4992,1792,-1920,-15872,-524224,35008,,,,,,
182154824688000,63249013905409,102,-4928,2336,-2048,-16128,-523904,37632,,,,,,
182154825685500,63249014903909,103,-4736,1728,-2208,-17024,-523520,38528,,,,,,
182154826684200,63249015903951,104,-5024,1696,-2432,-14336,-523136,37696,,,,,,
182154827686200,63249016903992,105,-4224,1344,-1568,-16448,-524032,37696,,,,,,
182154828694100,63249017903784,106,-6016,992,-2592,-16384,-524800,37888,,,,,,
182154829679700,63249018904076,107,-4704,896,-2240,-16640,-522752,39360,,,,,,
182154830701900,63249019905326,108,-4960,736,-2144,-15872,-525184,40704,,,,,,
182154831710000,63249020905409,109,-4896,576,-1760,-17216,-523712,36096,,,,,,
182154832695100,63249021920034,110,-4736,320,-2496,-16768,-522496,40512,,,,,,
182154833673200,63249022905367,111,-4576,416,-2048,-16000,-524736,37888,,,,,,
182154834687900,63249023903992,112,-4544,-32,-2304,-16832,-523584,36800,,,,,,
182154835684000,63249024903826,113,-4480,128,-2304,-18368,-523328,38400,,,,,,
182154836675900,63249025904034,114,-5088,-384,-1952,-16320,-525056,36928,,,,,,
182154837675700,63249026903909,115,-4800,-640,-2144,-17536,-524800,39680,,,,,,
182154838678500,63249027903826,116,-5152,-416,-2432,-16064,-526336,38912,,,,,,
182154839679800,63249028904076,117,-5088,-1248,-2080,-16576,-525184,35200,,,,,,
182154840683600,63249029903867,118,-4544,-896,-2112,-16640,-525376,38656,,,,,,
182154841693400,63249030904242,119,-4768,-896,-2144,-16832,-524416,37248,,,,,,
182154842675000,63249031905534,120,-4416,-928,-1984,-15424,-525184,34176,,,,,,
182154843681500,63249032904242,121,-4832,-928,-2048,-15872,-523968,36352,,,,,,
182154844679500,63249033903867,122,-4960,-448,-2624,-17728,-526784,38016,,,,,,
182154845685000,63249034904034,123,-4960,-992,-2336,-16832,-524032,38080,,,,,,
182154846680800,63249035904034,124,-4640,-480,-2080,-15872,-526592,35328,,,,,,
182154847673600,63249036905201,125,-4416,-864,-2080,-15552,-524864,35456,,,,,,
182154848684500,63249037904284,126,-4256,-256,-2176,-13248,-524352,36992,,,,,,
182154849686900,63249038904784,127,-4224,-352,-2272,-13568,-524480,36160,,,,,,
182154850674700,63249039903742,128,-4064,0,-2624,-14848,-523648,34944,,,,,,
182154851679600,63249040904159,129,-4288,96,-2272,-14336,-523840,36288,,,,,,
182154852680100,63249041904076,130,-4832,128,-3392,-13696,-524992,34560,,,,,,
182154853687800,63249042905326,131,-3744,288,-3040,-14912,-524800,35776,,,,,,
182154854682600,63249043903784,132,-3904,512,-2880,-13888,-523200,35520,,,,,,
182154855686700,63249044903992,133,-4096,864,-3008,-11648,-525504,36416,,,,,,
182154856681700,63249045904034,134,-3648,1312,-2784,-15552,-523904,39040,,,,,,
182154857692000,63249046903742,135,-3328,1376,-2400,-16448,-525184,36416,,,,,,
182154858680500,63249047904034,136,-3744,1664,-2464,-13184,-523456,37568,,,,,,
182154859674400,63249048903826,137,-3968,1632,-3488,-14656,-522880,36288,,,,,,
182154860675500,63249049903701,138,-4608,1920,-3424,-14272,-521472,36992,,,,,,
182154861680300,63249050905659,139,-3808,1568,-2752,-11776,-524224,37952,,,,,,
182154862680600,63249051903826,140,-4224,1984,-3008,-11264,-524352,39104,,,,,,
182154863706100,63249052903784,141,-3712,2688,-3872,-12032,-523328,39296,,,,,,
182154864668000,63249053903992,142,-3712,1984,-3072,-14528,-524032,39552,,,,,,
182154865695500,63249054905242,143,-3872,2080,-3360,-13504,-522432,38272,,,,,,
182154866673500,63249055904201,144,-3808,2368,-3008,-12992,-523456,39744,,,,,,
182154867667600,63249056904034,145,-4544,2368,-2880,-11968,-523136,42112,,,,,,
182154868674800,63249057903867,146,-3584,2464,-3040,-12928,-523712,40704,,,,,,
182154869674100,63249058903742,147,-4608,2656,-3392,-9728,-523584,41024,,,,,,
182154870689800,63249059904117,148,-4160,2400,-2656,-11648,-522368,41664,,,,,,
182154871680000,63249060904534,149,-4160,2336,-2560,-8256,-522944,41600,,,,,,
182154872677100,63249061903701,150,-5024,2272,-2144,-10368,-520896,40832,,,,,,
182154873686300,63249062903951,151,-4640,2080,-2016,-11712,-519680,40384,,,,,,
182154874685100,63249063903826,152,-4480,2240,-2016,-9984,-523776,41600,,,,,,
182154875676000,63249064903784,153,-5056,2240,-2400,-9152,-520768,40640,,,,,,
182154876684700,63249065904076,154,-4608,1824,-1920,-8768,-522816,37248,,,,,,
182154877684200,63249066904451,155,-5344,2240,-1664,-11264,-523904,41216,,,,,,
182154878684000,63249067904784,156,-4640,1728,-1344,-10048,-522688,40000,,,,,,
182154879679800,63249068903867,157,-4768,1664,-1568,-8768,-522112,38080,,,,,,
182154880686300,63249069903576,158,-4672,1728,-1312,-8768,-523584,39744,,,,,,
182154881675800,63249070903951,159,-4416,1664,-1376,-9408,-525056,39104,,,,,,
182154882687300,63249071916367,160,-4832,1792,-1632,-11584,-523328,37696,,,,,,
182154883685400,63249072903992,161,-5280,1920,-1792,-9728,-523328,40256,,,,,,
182154884684500,63249073903826,162,-5888,2240,-1760,-10752,-522624,39936,,,,,,
182154885684300,63249074903992,163,-5152,2112,-1440,-11008,-524224,40064,,,,,,
182154886686300,63249075903951,164,-4928,2144,-1440,-11200,-525632,39488,,,,,,
182154887688100,63249076903784,165,-4896,1664,-1504,-10816,-523520,38784,,,,,,
182154888687000,63249077903992,166,-5472,1952,-1024,-11840,-524928,39552,,,,,,
182154889675600,63249078905242,167,-5216,2624,-864,-11904,-523712,39552,,,,,,
182154890689800,63249079903826,168,-5408,2976,-1696,-12736,-524416,37568,,,,,,
182154891680000,63249080904034,169,-5248,2848,-1760,-12416,-523840,38208,,,,,,
182154892684400,63249081903826,170,-4992,2912,-1696,-13760,-522880,39296,,,,,,
182154893678200,63249082903826,171,-5216,3200,-1920,-13952,-523840,38336,,,,,,
182154894681200,63249083903909,172,-4960,3136,-1312,-13632,-522560,38272,,,,,,
182154895707500,63249084904076,173,-5344,4000,-1760,-16384,-524224,36544,,,,,,
182154896670900,63249085904034,174,-4576,3616,-1600,-14592,-524160,37568,,,,,,
182154898023200,63249086903701,175,-5696,3872,-1920,-13760,-524352,36608,,,,,,
182154898796700,63249087903992,176,-5248,4224,-1728,-15040,-523904,36416,,,,,,
182154899691700,63249088904617,177,-5504,4320,-2048,-16704,-524224,39680,,,,,,
182154900676600,63249089903909,178,-5344,4640,-2144,-17728,-524992,36096,,,,,,
182154901681200,63249090908659,179,-5920,4544,-2560,-18432,-524288,37760,,,,,,
182154902682800,63249091903867,180,-5856,4448,-2432,-18304,-524992,36864,,,,,,
182154903679200,63249092903826,181,-5184,4352,-2016,-18816,-524800,35584,,,,,,
182154904678700,63249093903867,182,-5952,4704,-2336,-17216,-527040,36032,,,,,,
182154905687800,63249094903951,183,-4832,4320,-3104,-16256,-523456,38016,,,,,,
182154906680000,63249095903701,184,-5376,4800,-2048,-17984,-525120,37504,,,,,,
182154907697100,63249096905784,185,-4960,4000,-1920,-20800,-524672,38336,,,,,,
182154908675200,63249097903826,186,-5440,3584,-2688,-19712,-524224,36544,,,,,,
182154909685800,63249098903659,187,-4864,3968,-2592,-19648,-523520,35392,,,,,,
182154910680200,63249099903992,188,-5120,3232,-2048,-19776,-524608,36800,,,,,,
182154911683500,63249100903867,189,-5344,3200,-2272,-19968,-524608,39232,,,,,,
182154912675800,63249101905492,190,-5184,2656,-3136,-18688,-525696,37760,,,,,,
182154913693100,63249102905159,191,-4928,2464,-2112,-20736,-525184,34624,,,,,,
182154914675600,63249103903867,192,-4800,2112,-2368,-19456,-525632,38464,,,,,,
182154915684600,63249104903826,193,-4960,2016,-2176,-20416,-521728,38464,,,,,,
182154916691300,63249105903909,194,-5152,1728,-2688,-18752,-523392,34240,,,,,,
182154917672100,63249106903909,195,-4512,1088,-2592,-19200,-522944,38016,,,,,,
182154918684400,63249107903867,196,-4256,288,-2528,-19776,-526272,36224,,,,,,
182154919685900,63249108903951,197,-4512,608,-2784,-19136,-524032,37504,,,,,,
182154920685500,63249109903909,198,-4704,416,-2912,-19072,-526272,34816,,,,,,
182154921685200,63249110903742,199,-4416,-128,-2464,-19648,-523008,37056,,,,,,
182154922960700,63249111904284,200,-3968,-384,-1792,-18432,-524288,36032,,,,,,
182154923683000,63249112903909,201,-4416,-576,-1952,-19520,-523648,35840,,,,,,
182154924684500,63249113903826,202,-4448,-896,-2496,-17600,-524224,36160,,,,,,
182154925683600,63249114904076,203,-3552,-704,-3104,-16512,-523968,35904,,,,,,
182154926677400,63249115903951,204,-4192,-800,-2336,-16000,-521728,37696,,,,,,
182154927685600,63249116903867,205,-3872,-1088,-2624,-18688,-523648,35136,,,,,,
182154928727900,63249117904076,206,-4064,-992,-2464,-17344,-523264,35520,,,,,,
182154929688600,63249118903951,207,-3936,-1152,-2656,-17600,-522624,35648,,,,,,
182154930687500,63249119903909,208,-3840,-1280,-2656,-14912,-523392,36928,,,,,,
182154931684000,63249120907034,209,-4320,-864,-2528,-16320,-523328,38976,,,,,,
182154932687800,63249121917326,210,-4320,-640,-2592,-16448,-523456,36992,,,,,,
182154933681100,63249122905617,211,-3840,-1088,-2688,-16320,-521728,36992,,,,,,
182154934677200,63249123908367,212,-3776,-960,-2528,-16000,-523456,35264,,,,,,
182154935687300,63249124909409,213,-4416,-576,-3072,-14976,-521792,37248,,,,,,
182154936689800,63249125905076,214,-4512,-384,-2528,-13568,-523712,38016,,,,,,
182154937688700,63249126910451,215,-4672,-384,-2976,-14144,-522432,39744,,,,,,
182154938688200,63249127912284,216,-4512,-480,-3104,-12608,-523264,38208,,,,,,
182154939688800,63249128914159,217,-4224,-160,-2784,-13440,-522432,39360,,,,,,
182154940711400,63249129912117,218,-4192,32,-3104,-12928,-523520,41472,,,,,,
182154941699100,63249130912742,219,-4320,352,-2816,-13568,-522048,38976,,,,,,
182154942690200,63249131906242,220,-4800,768,-2880,-11584,-523328,37696,,,,,,
182154943699500,63249132909201,221,-4544,96,-2816,-11264,-523584,39872,,,,,,
182154944698600,63249133910201,222,-4224,416,-3040,-11008,-524032,37824,,,,,,
182154945689000,63249134908742,223,-4832,1248,-3712,-8960,-521984,36544,,,,,,
182154946688400,63249135913992,224,-4608,1440,-3936,-13440,-523648,40576,,,,,,
182154947836800,63249136910409,225,-4768,1152,-3264,-10496,-522432,38272,,,,,,
182154948692300,63249137907867,226,-4448,1440,-2976,-10048,-520064,38912,,,,,,
182154949711100,63249138905492,227,-4768,1024,-3264,-9344,-522368,40256,,,,,,
182154950690300,63249139905242,228,-4256,1440,-3136,-10496,-522432,40640,,,,,,
182154951687500,63249140910326,229,-4544,1376,-2752,-11648,-522496,39040,,,,,,
182154952689900,63249141907201,230,-4320,1024,-2272,-10112,-522560,38976,,,,,,
182154953687700,63249142906784,231,-5504,1664,-2912,-10112,-523008,39488,,,,,,
182154954688400,63249143909659,232,-4832,1088,-2624,-9152,-521600,39040,,,,,,
182154955691900,63249144905409,233,-4896,1312,-2112,-8768,-521984,39616,,,,,,
182154956756300,63249145907826,234,-4960,928,-2304,-10176,-523328,38976,,,,,,
182154957688700,63249146908076,235,-4480,1600,-2496,-12288,-523008,36672,,,,,,
182154958685800,63249147908701,236,-4256,1440,-2368,-8768,-522176,39040,,,,,,
182154959678700,63249148909701,237,-4704,1184,-1824,-10752,-521664,36096,,,,,,
182154960684700,63249149905784,238,-5088,1504,-2368,-11840,-522112,37632,,,,,,
182154961713700,63249150909076,239,-5600,1472,-2016,-10944,-523520,38976,,,,,,
182154962681500,63249151905409,240,-5248,2048,-1856,-10368,-522944,37632,,,,,,
182154963691300,63249152906617,241,-5056,1440,-1088,-11776,-522496,37440,,,,,,
182154964682200,63249153906409,242,-5216,1408,-2016,-12608,-522688,39616,,,,,,
182154965697000,63249154906951,243,-4480,1024,-1248,-12736,-523264,38912,,,,,,
182154966691700,63249155909534,244,-5152,1472,-1440,-11072,-524224,38272,,,,,,
182154967682500,63249156907367,245,-5152,1888,-1632,-12224,-522752,39296,,,,,,
182154968692300,63249157908409,246,-5120,2304,-1728,-12544,-522304,39104,,,,,,
182154969687900,63249158910326,247,-4960,2208,-1184,-14784,-522240,40128,,,,,,
182154970687400,63249159906909,248,-5216,1792,-1760,-15168,-523584,40256,,,,,,
182154971690800,63249160909534,249,-4576,2112,-1984,-13440,-522432,36352,,,,,,
182154972818800,63249161909617,250,-4992,1728,-2272,-14016,-523200,36416,,,,,,
182154973692600,63249162911367,251,-5056,2240,-1760,-13696,-523072,36032,,,,,,
182154974698700,63249163907826,252,-4896,2208,-1376,-15360,-522432,36608,,,,,,
182154975700200,63249164912451,253,-4896,1856,-1408,-14720,-523456,38016,,,,,,
182154976688700,63249165908576,254,-5056,1952,-1760,-14912,-521472,34816,,,,,,
182154977687400,63249166914951,255,-4928,2112,-1344,-17088,-523840,37568,,,,,,
182154978692200,63249167908992,0,-5184,2176,-1600,-15040,-524160,36160,,,,,,
182154979690100,63249168909159,1,-5152,2240,-1760,-16896,-522304,35904,,,,,,
182154980695000,63249169906992,2,-4736,2496,-1984,-14784,-524032,37056,,,,,,
182154981689100,63249170908534,3,-4768,2080,-1312,-15424,-523968,36672,,,,,,
182154982705100,63249171927576,4,-5824,3072,-1888,-14656,-524992,38016,,,,,,
182154983701900,63249172906284,5,-5024,1824,-1888,-17344,-523840,37696,,,,,,
182154984707600,63249173909659,6,-4896,2272,-2432,-17600,-523712,36352,,,,,,
182154985690100,63249174909659,7,-4896,1856,-1600,-16768,-524992,36096,,,,,,
182154986692500,63249175910284,8,-4896,1952,-2112,-15616,-524032,36736,,,,,,
182154987692300,63249176905867,9,-4896,1792,-2144,-17792,-523712,38272,,,,,,
182154988693200,63249177909076,10,-3520,1696,-1184,-17152,-522560,34304,,,,,,
182154989682100,63249178910117,11,-4608,2272,-2496,-17920,-523968,39616,,,,,,
182154990714800,63249179909367,12,-4544,1600,-1664,-15872,-524736,35264,,,,,,
182154991833200,63249180906534,13,-4576,1888,-1888,-16704,-522432,37632,,,,,,
182154992686000,63249181903909,14,-4736,1888,-2016,-16512,-523584,37824,,,,,,
182154993683200,63249182904201,15,-4192,1600,-1984,-16000,-522304,39680,,,,,,
182154994707300,63249183904701,16,-4320,1472,-1984,-16576,-522432,40576,,,,,,
182154995692700,63249184903826,17,-4416,1472,-2432,-17152,-523008,40640,,,,,,
182154996691400,63249185903909,18,-4640,1024,-2400,-16960,-522688,38976,,,,,,
182154997808300,63249186903867,19,-4320,1408,-2432,-17600,-522880,38656,,,,,,
182154998688200,63249187903784,20,-4992,1792,-2944,-16192,-525120,39040,,,,,,
182154999695700,63249188905034,21,-5120,1248,-2464,-16768,-522880,37824,,,,,,
182155000687700,63249189905284,22,-4768,1408,-2912,-16192,-524800,39360,,,,,,
182155001690100,63249190905284,23,-4928,1088,-2784,-16512,-522752,36544,,,,,,
182155002692200,63249191903992,24,-4416,832,-2496,-17024,-521408,39360,,,,,,
182155003691300,63249192903867,25,-4480,704,-2592,-16768,-521536,37056,,,,,,
182155004693500,63249193903951,26,-4576,448,-2464,-16448,-523328,37952,,,,,,
182155005694800,63249194904867,27,-4256,672,-2656,-16448,-523328,37376,,,,,,
182155006715000,63249195903992,28,-4352,576,-1984,-12672,-524352,37376,,,,,,
182155007702200,63249196903784,29,-4608,672,-2752,-14656,-523328,39104,,,,,,
182155008689400,63249197903909,30,-4608,480,-2720,-16576,-524032,36416,,,,,,
182155009686500,63249198903992,31,-4384,768,-2592,-15104,-522816,37440,,,,,,
182155010693200,63249199903867,32,-4384,640,-2976,-14464,-523776,38144,,,,,,
182155011693900,63249200905076,33,-3616,544,-1984,-13888,-524608,36288,,,,,,
182155012695600,63249201906659,34,-4576,320,-2624,-16512,-522944,37824,,,,,,
182155013693800,63249202905367,35,-4576,768,-3264,-13440,-525184,36032,,,,,,
182155014693000,63249203903992,36,-4288,192,-2176,-14272,-524096,36416,,,,,,
182155015691200,63249204903909,37,-3840,256,-2560,-14080,-524224,39360,,,,,,
182155016703600,63249205903951,38,-4480,480,-2304,-15232,-523840,40512,,,,,,
182155017688600,63249206904117,39,-3936,192,-2560,-13824,-524480,38080,,,,,,
182155018689700,63249207903951,40,-4864,288,-2432,-13760,-524800,39104,,,,,,
182155019693400,63249208903951,41,-4736,192,-2624,-13696,-523392,36928,,,,,,
182155020691500,63249209903909,42,-4384,608,-2816,-12096,-521536,38656,,,,,,
182155021690900,63249210903867,43,-4480,320,-3008,-13056,-523328,40064,,,,,,
182155022815600,63249211903784,44,-5120,608,-1952,-13120,-523008,38720,,,,,,
182155023703600,63249212904784,45,-4768,736,-3264,-12160,-523264,38592,,,,,,
182155024735600,63249213903992,46,-4704,768,-2368,-13376,-524288,37312,,,,,,
182155025687400,63249214903826,47,-4736,672,-2432,-10304,-524928,40256,,,,,,
182155026690100,63249215904034,48,-5408,704,-2240,-13632,-524416,40320,,,,,,
182155027696000,63249216903909,49,-4672,480,-2496,-13568,-524928,40896,,,,,,
182155028693400,63249217905284,50,-4640,640,-2016,-12288,-522304,39104,,,,,,
182155029695000,63249218903742,51,-5248,288,-2784,-12224,-523264,38656,,,,,,
182155030691100,63249219903826,52,-4256,864,-2176,-12672,-522688,38336,,,,,,
182155031693500,63249220903951,53,-4704,672,-1888,-14784,-520896,39616,,,,,,
182155032692000,63249221917534,54,-4608,448,-2144,-11584,-524544,38016,,,,,,
182155033686900,63249222903992,55,-4800,704,-2688,-14080,-523840,38784,,,,,,
182155034682500,63249223903867,56,-5312,640,-2176,-12992,-524864,39488,,,,,,
182155035686100,63249224903784,57,-4960,864,-2048,-13760,-524224,40384,,,,,,
182155036681200,63249225904076,58,-5408,1120,-2624,-13696,-523840,40192,,,,,,
182155037683200,63249226903867,59,-5216,256,-1728,-13376,-525696,38144,,,,,,
182155038683400,63249227903367,60,-5472,672,-2848,-15040,-524928,37440,,,,,,
182155039721900,63249228903951,61,-4864,704,-2368,-13376,-524224,39616,,,,,,
182155040689000,63249229903867,62,-4992,1120,-2048,-13120,-524032,36416,,,,,,
182155041696700,63249230907284,63,-5024,1216,-2208,-13888,-526656,39232,,,,,,
182155042681700,63249231903826,64,-5504,896,-2496,-11968,-525056,39936,,,,,,
182155043682000,63249232903826,65,-5664,1216,-2336,-13760,-523136,37568,,,,,,
182155044683400,63249233903826,66,-5056,1152,-2560,-13632,-523968,35648,,,,,,
182155045683400,63249234904867,67,-5088,1184,-1952,-15936,-524160,38912,,,,,,
182155046700800,63249235903951,68,-5184,1536,-2848,-15616,-525696,38336,,,,,,
182155047989500,63249236903701,69,-4928,1216,-2144,-14080,-524864,38208,,,,,,
182155048688100,63249237903992,70,-4704,1216,-2720,-12928,-523456,37760,,,,,,
182155049706400,63249238904534,71,-4832,1376,-1728,-14912,-524864,38272,,,,,,
182155050688500,63249239906409,72,-5216,1376,-2176,-15936,-523456,38912,,,,,,
182155051686200,63249240905076,73,-5440,1472,-3040,-14912,-524736,38656,,,,,,
182155052688300,63249241903826,74,-4896,1728,-2368,-15296,-523200,38080,,,,,,
182155053686900,63249242904409,75,-5152,1376,-2144,-16064,-524736,38720,,,,,,
182155054685400,63249243903867,76,-5280,1664,-2208,-15168,-524608,35648,,,,,,
182155055685200,63249244903867,77,-4672,1248,-2080,-14912,-525568,37632,,,,,,
182155056694300,63249245903909,78,-4608,1440,-2816,-16960,-523200,38464,,,,,,
182155057729700,63249246903867,79,-5248,1184,-2592,-16768,-525504,37440,,,,,,
182155058683000,63249247903951,80,-5056,1408,-2688,-15552,-524032,35072,,,,,,
182155059673100,63249248903784,81,-4768,1344,-2272,-16128,-524416,37888,,,,,,
182155060679100,63249249904034,82,-5280,1088,-2560,-16576,-523968,37696,,,,,,
182155061675500,63249250903951,83,-5696,1440,-2464,-15808,-523968,37824,,,,,,
182155062687600,63249251903659,84,-4672,928,-2976,-14528,-521728,37632,,,,,,
182155063690300,63249252904826,85,-4704,1568,-1856,-14976,-524288,36224,,,,,,
182155064680900,63249253903909,86,-4800,1120,-1728,-16064,-523904,37440,,,,,,
182155065694400,63249254903826,87,-4704,1248,-1888,-16192,-523328,36672,,,,,,
182155066697100,63249255904034,88,-4672,608,-2848,-13888,-523968,37696,,,,,,
182155067688200,63249256903992,89,-4768,1120,-2208,-14784,-525632,37248,,,,,,
182155068687500,63249257903867,90,-4704,832,-2368,-15872,-524480,35648,,,,,,
182155069690800,63249258903701,91,-5024,1184,-2848,-12544,-524992,38080,,,,,,
182155070686100,63249259903951,92,-4864,736,-2464,-14208,-524480,35072,,,,,,
182155071687600,63249260907284,93,-4320,800,-1888,-13632,-522240,36800,,,,,,
182155072830100,63249261903701,94,-4064,384,-2560,-15040,-523328,37184,,,,,,
182155073696100,63249262903909,95,-4768,928,-2688,-15488,-523264,37248,,,,,,
182155074686000,63249263903826,96,-3904,1216,-2048,-12608,-522880,38784,,,,,,
182155075695800,63249264903742,97,-4416,1056,-2144,-12864,-521280,38784,,,,,,
182155076692300,63249265904117,98,-4320,512,-2304,-16640,-523328,37632,,,,,,
182155077693300,63249266903492,99,-4480,800,-2080,-16000,-522816,35968,,,,,,
182155078677900,63249267903951,100,-4512,992,-2400,-16384,-524352,37248,,,,,,
182155079698600,63249268903909,101,-4224,928,-2240,-14720,-522496,37120,,,,,,
182155080687100,63249269903909,102,-4576,1248,-2592,-12736,-524160,38400,,,,,,
182155081683800,63249270903742,103,-4352,1088,-2368,-14976,-524096,38080,,,,,,
182155082684800,63249271916659,104,-4512,1152,-2560,-10944,-524672,37760,,,,,,
182155083709200,63249272903992,105,-4288,1216,-2016,-13696,-522624,36288,,,,,,
182155084691600,63249273903701,106,-5152,1824,-2944,-12608,-522432,38144,,,,,,
182155085685500,63249274903992,107,-4640,1376,-2624,-14016,-522880,39552,,,,,,
182155086691300,63249275903742,108,-5024,1280,-2368,-13376,-522368,39616,,,,,,
182155087689200,63249276903784,109,-5152,1664,-2912,-13376,-521152,38080,,,,,,
182155088692500,63249277903992,110,-5152,1568,-3072,-13952,-521792,39424,,,,,,
182155089672500,63249278903909,111,-4928,1472,-2528,-13888,-520576,39168,,,,,,
182155090737800,63249279903867,112,-4832,1696,-2848,-14080,-522112,39360,,,,,,
182155091709800,63249280905367,113,-5120,1504,-2400,-13184,-521472,39616,,,,,,
182155092692300,63249281903826,114,-4736,1376,-2528,-12096,-523328,38848,,,,,,
182155093688400,63249282903742,115,-4192,544,-2272,-14208,-523392,36288,,,,,,
182155094686700,63249283903826,116,-4480,1472,-2240,-14144,-522944,37568,,,,,,
182155095689200,63249284903992,117,-5248,1408,-2208,-11328,-520768,36544,,,,,,
182155096690700,63249285903867,118,-4544,1440,-2528,-14400,-522368,37504,,,,,,
182155097820200,63249286903992,119,-4896,1216,-2240,-12928,-522624,36992,,,,,,
182155098693900,63249287903784,120,-5088,1664,-2656,-12864,-521344,36672,,,,,,
182155099703200,63249288904409,121,-4928,1280,-2208,-13952,-523392,39552,,,,,,
182155100685200,63249289905576,122,-5152,928,-2304,-16000,-522624,37696,,,,,,
182155101689900,63249290905909,123,-5120,1088,-2176,-11584,-522624,35904,,,,,,
182155102689300,63249291905367,124,-3968,960,-2240,-14400,-522880,36672,,,,,,
182155103689000,63249292903909,125,-5568,1024,-2112,-12992,-521600,38848,,,,,,
182155104690800,63249293903826,126,-4576,768,-2112,-12352,-523008,36096,,,,,,
182155105690400,63249294903867,127,-5152,992,-1952,-13440,-522048,38656,,,,,,
182155106726100,63249295903951,128,-5152,1344,-1760,-14144,-522176,41920,,,,,,
182155107696700,63249296904492,129,-4640,1248,-2336,-15360,-523008,36608,,,,,,
182155108695400,63249297903826,130,-5376,1216,-1824,-14528,-522752,37824,,,,,,
182155109684600,63249298903701,131,-4960,1088,-2176,-15104,-523776,39424,,,,,,
182155110685500,63249299903951,132,-5216,1184,-2400,-13120,-522432,36544,,,,,,
182155111688400,63249300903867,133,-4960,1632,-2080,-15360,-520192,40256,,,,,,
182155112688600,63249301903826,134,-4832,1440,-2016,-14400,-523904,34688,,,,,,
182155113689300,63249302903992,135,-4896,1056,-1888,-14272,-521344,37824,,,,,,
182155114681000,63249303903742,136,-5120,1152,-2240,-15424,-521344,38016,,,,,,
182155115686800,63249304903826,137,-4416,1248,-2176,-12928,-521152,35328,,,,,,
182155116702800,63249305903909,138,-5344,1696,-1664,-15296,-520896,37952,,,,,,
182155117687200,63249306903909,139,-5344,1728,-1856,-15872,-521024,38016,,,,,,
182155118686500,63249307905742,140,-5184,1344,-2656,-16128,-522688,37888,,,,,,
182155119689000,63249308903617,141,-4448,1216,-2336,-15232,-523328,36544,,,,,,
182155120689300,63249309903909,142,-5088,1568,-2208,-15680,-522880,37888,,,,,,
182155121690400,63249310903617,143,-4480,704,-1632,-14592,-523136,38400,,,,,,
182155122997700,63249311905034,144,-4704,1088,-1568,-14592,-523008,39296,,,,,,
182155123724500,63249312903951,145,-4864,928,-1952,-17280,-522432,37952,,,,,,
182155124697000,63249313904659,146,-5088,1472,-2240,-14784,-524736,36160,,,,,,
182155125680600,63249314903951,147,-4704,1216,-2208,-16320,-524544,36736,,,,,,
182155126686300,63249315903826,148,-4928,608,-2080,-15104,-524800,38400,,,,,,
182155127688300,63249316903742,149,-4640,832,-1664,-14336,-525120,36928,,,,,,
182155128689200,63249317905159,150,-4384,1056,-2048,-16384,-523968,36288,,,,,,
182155129689100,63249318906617,151,-4768,864,-2016,-16768,-524288,38720,,,,,,
182155130688700,63249319903784,152,-5056,640,-1632,-15104,-526528,37056,,,,,,
182155131717900,63249320903867,153,-4672,640,-2240,-15424,-525568,38400,,,,,,
182155132709700,63249321921034,154,-5056,480,-1888,-16768,-523328,38784,,,,,,
182155133695100,63249322903909,155,-5312,1184,-2016,-17088,-525120,37120,,,,,,
182155134686700,63249323904117,156,-4640,1056,-2464,-16832,-523968,35008,,,,,,
182155135685800,63249324903867,157,-4544,800,-2368,-15808,-522816,38592,,,,,,
182155136685400,63249325903701,158,-4416,704,-2400,-15744,-523520,39744,,,,,,
182155137686500,63249326903992,159,-4448,672,-2240,-16256,-524608,38016,,,,,,
182155138688500,63249327903784,160,-4768,800,-2528,-16640,-524416,38848,,,,,,
182155139679700,63249328903784,161,-4960,512,-2720,-17536,-523712,37504,,,,,,
182155140707400,63249329903909,162,-4768,-32,-2464,-18304,-524288,39616,,,,,,
182155141697600,63249330903867,163,-4768,320,-2176,-17344,-523136,38080,,,,,,
182155142680400,63249331905076,164,-4512,640,-2368,-15808,-522816,38144,,,,,,
182155143686700,63249332903867,165,-4160,-160,-2560,-15424,-526016,37632,,,,,,
182155144688000,63249333905117,166,-4736,224,-2528,-16320,-524288,37632,,,,,,
182155145689400,63249334903867,167,-4736,512,-3008,-14976,-523776,37376,,,,,,
182155146689600,63249335903992,168,-4512,416,-2272,-17024,-522624,36544,,,,,,
182155148009200,63249336903951,169,-4768,736,-2592,-16896,-522688,37760,,,,,,
182155148696000,63249337904951,170,-4608,928,-3008,-14784,-525568,36352,,,,,,
182155149689500,63249338903867,171,-4672,768,-2240,-14976,-523008,35328,,,,,,
182155150694800,63249339903951,172,-4800,416,-2176,-13952,-523136,37888,,,,,,
182155151684200,63249340903742,173,-4576,928,-2112,-15232,-523584,38784,,,,,,
182155152687400,63249341903826,174,-4032,640,-2848,-13760,-524800,36224,,,,,,
182155153689600,63249342905117,175,-4192,672,-2720,-12352,-522624,37568,,,,,,
182155154690500,63249343903951,176,-4288,832,-3296,-13376,-525568,38272,,,,,,
182155155689500,63249344903701,177,-4672,896,-2720,-15616,-523712,36736,,,,,,
182155156724200,63249345903867,178,-4128,800,-2944,-15296,-523072,37632,,,,,,
182155157802800,63249346903826,179,-4928,1248,-2912,-14016,-524352,36800,,,,,,
182155158677100,63249347903951,180,-5216,960,-3168,-14720,-524736,40064,,,,,,
182155159681100,63249348903992,181,-4480,704,-2880,-12992,-523712,37696,,,,,,
182155160677600,63249349905284,182,-4416,832,-2976,-13184,-524224,39488,,,,,,
182155161675300,63249350903784,183,-4576,1344,-2912,-15360,-524416,41152,,,,,,
182155162686900,63249351903909,184,-4608,1088,-2272,-13056,-523392,39360,,,,,,
182155163687900,63249352903951,185,-4608,896,-2912,-14400,-523904,41088,,,,,,
182155164690300,63249353903784,186,-4960,1248,-2560,-10752,-524160,39744,,,,,,
182155165711200,63249354903951,187,-4832,1152,-3136,-13120,-522880,39360,,,,,,
182155166699000,63249355905367,188,-5120,1376,-2560,-13504,-523136,38528,,,,,,
182155167687500,63249356903826,189,-4384,1344,-2240,-10624,-523456,38336,,,,,,
182155168680300,63249357903909,190,-5344,1376,-2592,-13184,-521472,41728,,,,,,
182155169688500,63249358903826,191,-4832,768,-2144,-11712,-524928,40256,,,,,,
182155170685800,63249359903701,192,-5184,1472,-3296,-12480,-521920,38912,,,,,,
182155171684900,63249360903951,193,-4800,1120,-2592,-11904,-523008,40960,,,,,,
182155172813500,63249361903826,194,-4992,1216,-2144,-13312,-522240,40768,,,,,,
182155173771200,63249362903826,195,-5024,1152,-1792,-14144,-524160,37632,,,,,,
182155174704800,63249363904076,196,-5312,1408,-2304,-14400,-523200,37760,,,,,,
182155175684000,63249364903826,197,-5280,1632,-2400,-14592,-521536,40640,,,,,,
182155176682000,63249365903826,198,-5248,1600,-2208,-12480,-522112,37568,,,,,,
182155177687300,63249366903867,199,-5152,1920,-2304,-12544,-521728,39488,,,,,,
182155178688600,63249367903826,200,-5344,1504,-2016,-14272,-524672,36736,,,,,,
182155179689900,63249368903909,201,-5376,1312,-2144,-12480,-523968,37312,,,,,,
182155180685100,63249369903951,202,-5120,1248,-1856,-13312,-524032,35968,,,,,,
182155181685300,63249370903867,203,-5408,1632,-2176,-12480,-524928,39232,,,,,,
182155182684000,63249371919992,204,-5664,1344,-2336,-13632,-524480,36800,,,,,,
182155183704600,63249372904117,205,-4896,1600,-1984,-13056,-524480,37632,,,,,,
182155184699300,63249373903992,206,-5504,1984,-1856,-13632,-526080,36032,,,,,,
182155185685500,63249374903784,207,-4800,1376,-1984,-14528,-522432,36544,,,,,,
182155186685700,63249375903784,208,-6048,1408,-2432,-15040,-524928,37120,,,,,,
182155187686800,63249376903867,209,-5088,1856,-2240,-14016,-525056,36736,,,,,,
182155188685700,63249377904826,210,-5152,1856,-2304,-15936,-526208,36864,,,,,,
182155189682200,63249378903784,211,-5184,1952,-2720,-15424,-525568,39424,,,,,,
182155190697900,63249379903826,212,-4832,2080,-2048,-14912,-524672,37632,,,,,,
182155191697200,63249380903909,213,-5312,2016,-2432,-13952,-524160,36160,,,,,,
182155192689000,63249381903659,214,-5120,2144,-2240,-14912,-524928,37824,,,,,,
182155193689200,63249382903826,215,-4928,1664,-1824,-15552,-523456,37248,,,,,,
182155194688900,63249383904451,216,-4864,2208,-1344,-15488,-523328,38464,,,,,,
182155195688200,63249384904326,217,-5312,2112,-2272,-16640,-523392,37248,,,,,,
182155196688400,63249385904492,218,-5248,2464,-2560,-16320,-523968,37056,,,,,,
182155197828600,63249386903826,219,-4960,2176,-2528,-14912,-523072,36992,,,,,,
182155198740200,63249387903742,220,-4320,2144,-2560,-16448,-523648,38720,,,,,,
182155199693300,63249388903826,221,-5472,2176,-2080,-15488,-523008,39552,,,,,,
182155200687800,63249389903784,222,-4480,2144,-2208,-15488,-526336,36928,,,,,,
182155201682500,63249390904367,223,-4576,1920,-2176,-15936,-524288,38400,,,,,,
182155202685200,63249391903951,224,-5024,2176,-2336,-15744,-523648,36288,,,,,,
182155203688900,63249392903784,225,-4832,2144,-2880,-19072,-524800,39680,,,,,,
182155204689100,63249393903742,226,-4544,2496,-2752,-16512,-524352,37056,,,,,,
182155205688800,63249394903909,227,-4576,2112,-2400,-15744,-523648,36672,,,,,,
182155206677900,63249395903867,228,-4288,1696,-2144,-16128,-523648,37504,,,,,,
182155207705400,63249396903701,229,-4960,1824,-2752,-16256,-524864,39552,,,,,,
182155208704500,63249397904534,230,-4864,1760,-2144,-15744,-524544,36288,,,,,,
182155209686300,63249398903909,231,-4128,1408,-2848,-15488,-524032,36608,,,,,,
182155210684800,63249399903742,232,-4832,1664,-2496,-15808,-522240,38784,,,,,,
182155211688300,63249400904076,233,-4704,1344,-2432,-13248,-523840,37248,,,,,,
182155212689300,63249401904367,234,-4384,1056,-2336,-13568,-523328,36736,,,,,,
182155213688900,63249402905117,235,-4832,1344,-2112,-13888,-524544,37888,,,,,,
182155214677100,63249403903951,236,-4768,1408,-2400,-13568,-524800,35968,,,,,,
182155215682900,63249404903784,237,-4000,864,-1792,-14272,-523968,35968,,,,,,
182155216680300,63249405903701,238,-4288,1312,-2400,-13440,-524800,36480,,,,,,
182155217705400,63249406903784,239,-4736,960,-2816,-16832,-524288,42560,,,,,,
182155218689100,63249407904117,240,-4800,1024,-1920,-11840,-524352,37248,,,,,,
182155219684300,63249408904367,241,-4320,480,-2400,-13056,-521600,39488,,,,,,
182155220693000,63249409903951,242,-4576,-96,-1600,-15104,-523136,36544,,,,,,
182155221693300,63249410905492,243,-3840,640,-2144,-15744,-523968,37120,,,,,,
182155222697600,63249411903826,244,-4288,576,-1856,-12928,-523072,37952,,,,,,
182155223694200,63249412903992,245,-4896,672,-2464,-14080,-523136,37760,,,,,,
182155224698600,63249413903826,246,-4896,672,-1664,-15424,-523840,41152,,,,,,
182155225690000,63249414903742,247,-4928,768,-2464,-14336,-522240,36288,,,,,,
182155226680500,63249415904034,248,-4256,640,-1536,-14592,-521984,38592,,,,,,
182155227692700,63249416903909,249,-4384,1024,-1728,-13888,-522944,38848,,,,,,
182155228678400,63249417904992,250,-4704,768,-2400,-12928,-523840,38336,,,,,,
182155229678400,63249418904034,251,-4320,864,-2368,-15616,-521664,36288,,,,,,
182155230684500,63249419905617,252,-4480,992,-1952,-12608,-522176,36416,,,,,,
182155231704100,63249420905451,253,-4832,960,-2176,-12096,-522944,36672,,,,,,
182155232685900,63249421920201,254,-4672,1536,-2400,-13696,-522048,36864,,,,,,
182155233689500,63249422904617,255,-4064,1216,-2240,-13056,-524608,38272,,,,,,
182155234677800,63249423903784,0,-4768,1376,-2016,-11840,-523584,37504,,,,,,
182155235675700,63249424903701,1,-4416,1632,-2208,-12352,-522560,37248,,,,,,
182155236686400,63249425905492,2,-4608,1664,-2656,-12096,-522944,36544,,,,,,
182155237689700,63249426903909,3,-4736,1888,-2176,-14016,-523136,37312,,,,,,
182155238689200,63249427903784,4,-4704,1728,-3072,-11520,-523456,37504,,,,,,
182155239677100,63249428903867,5,-4544,1728,-2336,-11648,-523200,36736,,,,,,
182155240768200,63249429906617,6,-4704,1888,-2496,-12864,-523648,38848,,,,,,
182155241717400,63249430903784,7,-4608,2080,-2880,-12224,-523968,39744,,,,,,
182155242691700,63249431908159,8,-4160,2016,-2208,-13824,-522880,39744,,,,,,
182155243686000,63249432903909,9,-3968,2016,-1792,-12608,-522624,41536,,,,,,
182155244686200,63249433903784,10,-4576,1824,-2016,-13568,-522368,38144,,,,,,
182155245688300,63249434903867,11,-4576,2080,-1824,-13824,-521472,41728,,,,,,
182155246688700,63249435903909,12,-5696,1728,-2464,-14016,-522880,38720,,,,,,
182155247815100,63249436903784,13,-5280,1696,-1920,-13120,-521984,40064,,,,,,
182155248696700,63249437904034,14,-5088,1440,-2112,-15488,-521984,39936,,,,,,
182155249689200,63249438903826,15,-4928,1632,-1920,-14912,-521088,37376,,,,,,
182155250679300,63249439906326,16,-4704,1088,-1568,-12480,-522368,38848,,,,,,
182155251674100,63249440905117,17,-4832,1536,-2208,-11904,-520640,41280,,,,,,
182155252683900,63249441903784,18,-4512,1248,-1600,-14656,-522496,39744,,,,,,
182155253687000,63249442903909,19,-4704,640,-2272,-14848,-521664,40960,,,,,,
182155254695600,63249443903826,20,-5248,832,-2080,-12608,-522368,39616,,,,,,
182155255688700,63249444903909,21,-4896,96,-1632,-13248,-522880,39296,,,,,,
182155256686300,63249445903742,22,-5184,544,-1632,-15552,-523200,38784,,,,,,
182155257671900,63249446903784,23,-5504,448,-2048,-15808,-523136,38848,,,,,,
182155258710700,63249447904659,24,-5856,608,-2048,-16128,-523264,39296,,,,,,
182155259691000,63249448903784,25,-5408,672,-1792,-16064,-522624,39296,,,,,,
182155260686600,63249449904076,26,-5664,544,-1856,-14784,-522432,37056,,,,,,
182155261690000,63249450903826,27,-5696,512,-2048,-15744,-524032,37568,,,,,,
182155262687500,63249451903826,28,-5152,640,-1536,-15168,-523968,37952,,,,,,
182155263687600,63249452903909,29,-5280,544,-2080,-13504,-523136,36800,,,,,,
182155264689400,63249453903826,30,-5280,864,-1920,-15744,-525824,35968,,,,,,
182155265692700,63249454903826,31,-5088,1056,-2336,-14080,-523072,35456,,,,,,
182155266689300,63249455905617,32,-5120,992,-1728,-16512,-524480,36416,,,,,,
182155267688700,63249456903951,33,-5024,1120,-2176,-15872,-524352,35904,,,,,,
182155268691700,63249457903742,34,-5504,1088,-2976,-17600,-524928,36800,,,,,,
182155269682000,63249458903659,35,-4960,1568,-2144,-15168,-526720,35712,,,,,,
182155270683000,63249459903992,36,-5536,1504,-2976,-16832,-525440,35584,,,,,,
182155271692100,63249460905492,37,-4576,1856,-2048,-17600,-523200,34944,,,,,,
182155273011000,63249461904784,38,-4384,1664,-2144,-17088,-525312,35648,,,,,,
182155273679100,63249462903826,39,-5216,1664,-3104,-15616,-523584,35072,,,,,,
182155274684100,63249463903826,40,-4928,2016,-3040,-17536,-523008,34432,,,,,,
182155275686400,63249464904784,41,-4064,1856,-2944,-16576,-523264,37888,,,,,,
182155276685300,63249465903951,42,-5120,1728,-2688,-18048,-524288,36736,,,,,,
182155277689100,63249466903867,43,-4928,1408,-2816,-16576,-523328,41856,,,,,,
182155278689200,63249467903742,44,-4352,1664,-2592,-17024,-523520,39616,,,,,,
182155279688500,63249468903867,45,-4256,1568,-2912,-16192,-521088,37376,,,,,,
182155280689300,63249469903951,46,-4352,1024,-2784,-16320,-522944,38080,,,,,,
182155281692300,63249470903742,47,-4480,1248,-2816,-17408,-521536,36544,,,,,,
182155282735600,63249471924492,48,-4032,1152,-3200,-16896,-521600,38592,,,,,,
182155283677800,63249472904367,49,-4224,1120,-3136,-16960,-519296,35520,,,,,,
182155284675200,63249473904242,50,-4352,928,-2944,-17024,-521600,36672,,,,,,
182155285687600,63249474904034,51,-4480,864,-3456,-16704,-523648,39168,,,,,,
182155286689100,63249475903784,52,-3968,960,-3232,-16960,-521152,40896,,,,,,
182155287689100,63249476903784,53,-4640,480,-2496,-15936,-522880,38080,,,,,,
182155288688700,63249477904034,54,-4768,544,-3328,-14208,-522752,38592,,,,,,
182155289684900,63249478903492,55,-4672,-64,-2720,-16128,-521280,40448,,,,,,
182155290717200,63249479903826,56,-4672,160,-2592,-14400,-521984,40896,,,,,,
182155291706900,63249480905409,57,-5056,-192,-2816,-13760,-523584,38528,,,,,,
182155292697800,63249481904034,58,-4640,-448,-2752,-13952,-521536,35520,,,,,,
182155293687200,63249482903784,59,-5248,-288,-3328,-13568,-522496,39040,,,,,,
182155294685100,63249483904117,60,-4864,-640,-2880,-14016,-522496,40064,,,,,,
182155295687400,63249484905409,61,-4384,-544,-2432,-12864,-522816,37824,,,,,,
182155296688700,63249485903826,62,-4736,-960,-2624,-13760,-522112,37312,,,,,,
182155298021800,63249486903992,63,-5312,-1024,-2944,-12608,-523968,39424,,,,,,
182155298692100,63249487903826,64,-5056,-608,-2752,-14144,-523200,40320,,,,,,
182155299702300,63249488905159,65,-5216,-512,-1952,-13376,-523904,36480,,,,,,
182155300688000,63249489904034,66,-5312,-320,-2304,-12480,-521088,38784,,,,,,
182155301684800,63249490906451,67,-4672,-416,-2304,-12544,-521728,36736,,,,,,
182155302684600,63249491905284,68,-4224,-608,-2656,-10688,-523584,37056,,,,,,
182155303686800,63249492903992,69,-4576,-384,-2048,-11200,-523840,35776,,,,,,
182155304688400,63249493904242,70,-4128,-96,-1920,-11328,-523200,37440,,,,,,
182155305689100,63249494903826,71,-4928,-288,-2688,-13184,-523712,36096,,,,,,
182155306681800,63249495903701,72,-4448,192,-2208,-12800,-524096,38720,,,,,,
182155307693800,63249496903867,73,-4352,448,-2112,-11904,-522880,38592,,,,,,
182155308687900,63249497903742,74,-5152,0,-2016,-13056,-522816,39424,,,,,,
182155309685200,63249498903659,75,-4608,448,-2464,-12672,-523136,37888,,,,,,
182155310685800,63249499903826,76,-4832,1216,-2560,-12480,-522368,37568,,,,,,
182155311684400,63249500903701,77,-4352,1376,-2240,-12480,-523264,39488,,,,,,
182155312685400,63249501903784,78,-5184,1504,-2336,-12160,-522176,36224,,,,,,
182155313686200,63249502903867,79,-4640,2048,-2336,-10240,-522944,38592,,,,,,
182155314681300,63249503903784,80,-4800,1792,-2624,-12608,-522240,38208,,,,,,
182155315690000,63249504903826,81,-4992,2080,-3008,-13888,-522624,36992,,,,,,
182155316687500,63249505903826,82,-4672,2624,-2784,-13568,-523072,39744,,,,,,
182155317688200,63249506903826,83,-5216,2720,-2272,-13696,-523392,38656,,,,,,
182155318687800,63249507903701,84,-4096,2368,-2400,-14720,-523712,38400,,,,,,
182155319688200,63249508906159,85,-5088,2240,-2720,-13376,-523456,39296,,,,,,
182155320686900,63249509903826,86,-4928,3040,-3520,-13184,-523136,38720,,,,,,
182155321683800,63249510903659,87,-5152,3488,-2464,-12416,-523776,38592,,,,,,
182155322674300,63249511903867,88,-4672,3136,-2752,-14144,-525376,39040,,,,,,
182155323690500,63249512903784,89,-3680,2944,-2464,-12736,-523968,39808,,,,,,
182155324690000,63249513903742,90,-5120,3392,-2848,-12992,-522240,38656,,,,,,
182155325689000,63249514905367,91,-4576,2848,-1856,-12800,-522560,38784,,,,,,
182155326690800,63249515905159,92,-4832,2400,-2496,-13120,-524672,38272,,,,,,
182155327689200,63249516903909,93,-4800,2592,-2240,-12416,-522624,40512,,,,,,
182155328688500,63249517903992,94,-4864,2816,-2688,-14784,-524736,39744,,,,,,
182155329685200,63249518903826,95,-5312,2688,-2464,-13312,-524480,39104,,,,,,
182155330687300,63249519903659,96,-5056,2272,-2656,-14016,-521664,38720,,,,,,
182155331696600,63249520906701,97,-4800,2112,-1856,-12992,-522880,37952,,,,,,
182155332683500,63249521903867,98,-5376,1632,-1984,-13632,-522176,40192,,,,,,
182155333686500,63249522903826,99,-5344,1664,-1792,-13056,-524480,38080,,,,,,
182155334686400,63249523903992,100,-4736,2016,-1600,-15616,-523840,37504,,,,,,
182155335688100,63249524903867,101,-4736,1696,-1856,-12672,-523456,37504,,,,,,
182155336682300,63249525904117,102,-4864,1440,-1984,-12160,-524480,36736,,,,,,
182155337682700,63249526904076,103,-4320,1184,-1120,-12608,-524480,38080,,,,,,
182155338687000,63249527903992,104,-4832,1088,-2400,-14272,-523392,38656,,,,,,
182155339738700,63249528903784,105,-4992,1088,-1760,-12608,-524544,39296,,,,,,
182155340689500,63249529903951,106,-5248,1280,-1024,-13632,-526016,38976,,,,,,
182155341686800,63249530903867,107,-5216,1376,-2368,-14336,-525696,40256,,,,,,
182155342685200,63249531903784,108,-4384,704,-1504,-11968,-526336,36480,,,,,,
182155343688300,63249532906159,109,-4416,1248,-928,-12672,-525376,37952,,,,,,
182155344688500,63249533905076,110,-5376,1248,-2144,-13824,-524736,37440,,,,,,
182155345688400,63249534903742,111,-4512,992,-2208,-15680,-525504,38080,,,,,,
182155346684900,63249535904034,112,-4832,960,-1664,-15232,-524224,38400,,,,,,
182155347892800,63249536903951,113,-4640,1312,-1920,-16192,-524672,37952,,,,,,
182155348689200,63249537903867,114,-5056,1728,-2048,-15360,-523456,37376,,,,,,
182155349687600,63249538903742,115,-4512,1440,-1216,-14976,-524416,37888,,,,,,
182155350686700,63249539903909,116,-4736,1344,-1600,-15808,-524096,38080,,,,,,
182155351758600,63249540903951,117,-4832,2016,-1920,-16640,-524864,38016,,,,,,
182155352682600,63249541905242,118,-4608,2048,-2336,-17472,-523968,38912,,,,,,
182155353683000,63249542903867,119,-4704,2112,-2048,-16896,-524096,40640,,,,,,
182155354675600,63249543903867,120,-4672,2432,-2112,-17216,-523968,36416,,,,,,
182155355688600,63249544904909,121,-4608,2496,-2080,-17152,-522176,39808,,,,,,
182155356674800,63249545905034,122,-5152,2624,-2464,-15680,-522688,38336,,,,,,
182155357690400,63249546903826,123,-4448,2496,-2368,-16576,-522304,37824,,,,,,
182155358699700,63249547903659,124,-4736,2912,-2464,-17536,-523648,35328,,,,,,
182155359685300,63249548903909,125,-5280,3008,-2400,-18432,-523392,41984,,,,,,
182155360689300,63249549903701,126,-5472,3232,-2784,-16704,-524288,38208,,,,,,
182155361688100,63249550903742,127,-4928,3072,-2304,-17024,-523840,37952,,,,,,
182155362684500,63249551903909,128,-5152,2816,-2880,-17152,-524288,37248,,,,,,
182155363684900,63249552903784,129,-4832,2624,-2528,-17152,-524288,36992,,,,,,
182155364686600,63249553903742,130,-5024,2816,-2880,-15168,-523456,36928,,,,,,
182155365692200,63249554903826,131,-5120,2432,-2688,-16640,-524544,39296,,,,,,
182155366685900,63249555905409,132,-5088,2656,-2464,-14848,-524736,34240,,,,,,
182155367685000,63249556903742,133,-5376,2144,-3136,-16960,-525312,36992,,,,,,
182155368686000,63249557903784,134,-4992,2016,-2656,-16640,-524224,37888,,,,,,
182155369685700,63249558903909,135,-4832,2080,-2272,-16064,-524992,34240,,,,,,
182155370691200,63249559903784,136,-5216,2272,-2496,-15104,-524096,36544,,,,,,
182155371676500,63249560904117,137,-4608,1824,-2368,-15232,-524800,36672,,,,,,
182155372686500,63249561905159,138,-4864,1408,-2880,-15680,-524288,37248,,,,,,
182155373745400,63249562903659,139,-5120,1568,-2656,-16576,-525376,34560,,,,,,
182155374685400,63249563903909,140,-4896,960,-2176,-16768,-522944,35968,,,,,,
182155375696300,63249564903784,141,-4768,1248,-2464,-15744,-524032,37632,,,,,,
182155376776800,63249565903826,142,-4672,736,-3264,-13632,-525696,37440,,,,,,
182155377677400,63249566903867,143,-4608,704,-2016,-14016,-523712,37824,,,,,,
182155378682400,63249567904492,144,-4704,160,-2336,-15104,-524224,39616,,,,,,
182155379681600,63249568905742,145,-5024,992,-2912,-16192,-523648,37440,,,,,,
182155380687600,63249569903576,146,-4704,704,-3008,-16576,-522752,39424,,,,,,
182155381693400,63249570903951,147,-4672,-128,-2464,-14720,-523328,37952,,,,,,
182155382686100,63249571903784,148,-4576,352,-2336,-16512,-521536,36800,,,,,,
182155383686100,63249572903701,149,-4864,-32,-2848,-16768,-521664,38976,,,,,,
182155384680700,63249573903992,150,-5120,-64,-2560,-14080,-523264,37760,,,,,,
182155385683400,63249574903742,151,-4320,-96,-1536,-15040,-523392,38016,,,,,,
182155386687700,63249575903742,152,-5088,320,-2560,-14848,-522816,35648,,,,,,
182155387685000,63249576903867,153,-4480,-480,-2176,-15296,-523392,35712,,,,,,
182155388688000,63249577903409,154,-4416,-64,-1760,-14784,-523328,39168,,,,,,
182155389684900,63249578903742,155,-4416,480,-2464,-14528,-523008,37888,,,,,,
182155390703000,63249579903784,156,-5024,32,-2176,-15936,-522688,39040,,,,,,
182155391693100,63249580903784,157,-4832,288,-2656,-16000,-524864,36608,,,,,,
182155392688700,63249581903701,158,-4608,128,-2208,-14592,-524416,39808,,,,,,
182155393685800,63249582903992,159,-4704,128,-2560,-14976,-523072,39040,,,,,,
182155394684800,63249583903784,160,-5056,320,-2112,-15744,-522432,37760,,,,,,
182155395688200,63249584903617,161,-4704,480,-2880,-14144,-523712,38528,,,,,,
182155396688200,63249585903909,162,-4320,416,-2336,-15936,-523648,37312,,,,,,
182155397979700,63249586903826,163,-4576,672,-2944,-15040,-523712,38592,,,,,,
182155398689200,63249587903867,164,-4864,1120,-3264,-15424,-521920,37440,,,,,,
182155399683800,63249588903867,165,-4896,1376,-2400,-14592,-523584,38592,,,,,,
182155400684200,63249589903826,166,-5088,960,-2752,-14208,-523904,37824,,,,,,
182155401686300,63249590904326,167,-4576,992,-2784,-12864,-522432,38016,,,,,,
182155402687900,63249591905451,168,-5376,928,-2944,-13312,-524096,36800,,,,,,
182155403680800,63249592904909,169,-5088,1024,-2912,-11584,-522944,36288,,,,,,
182155404696300,63249593903659,170,-4992,1536,-3072,-12992,-520832,38848,,,,,,
182155405685600,63249594903909,171,-5568,1568,-3104,-14080,-522688,38848,,,,,,
182155406693000,63249595903951,172,-4544,1120,-2752,-14464,-522240,36992,,,,,,
182155407685900,63249596904617,173,-5088,1248,-2464,-13248,-523520,40576,,,,,,
182155408684400,63249597904034,174,-5056,1088,-3104,-13632,-523776,38080,,,,,,
182155409686700,63249598903742,175,-5632,1152,-2400,-12672,-522880,40000,,,,,,
182155410688000,63249599903617,176,-4352,640,-1952,-12800,-522368,38336,,,,,,
182155411688200,63249600904034,177,-5088,1120,-2272,-12480,-522496,36608,,,,,,
182155412687900,63249601903826,178,-4800,736,-2112,-10624,-522496,40192,,,,,,
182155413687400,63249602904117,179,-5408,928,-3040,-11840,-523136,37376,,,,,,
182155414688800,63249603903617,180,-4992,544,-1888,-11648,-522048,38272,,,,,,
182155415682700,63249604903826,181,-4608,608,-2176,-13184,-523264,37824,,,,,,
182155416679600,63249605905159,182,-4736,544,-2208,-13504,-523712,39360,,,,,,
182155417682500,63249606903784,183,-4320,672,-2368,-11904,-523584,37952,,,,,,
182155418590000,63249607904076,184,-5408,480,-2080,-12672,-522304,41216,,,,,,
182155419585900,63249608905242,185,-4768,480,-2432,-12416,-524288,35904,,,,,,
182155420589600,63249609904367,186,-4864,864,-1920,-13504,-523776,39552,,,,,,
182155421585300,63249610903909,187,-4192,832,-1696,-15232,-522944,38848,,,,,,
182155422591200,63249611903659,188,-4864,672,-1888,-14784,-523776,40320,,,,,,
182155423589500,63249612903701,189,-4832,1088,-2240,-14464,-524224,39232,,,,,,
182155424586500,63249613903867,190,-5024,896,-2176,-14016,-523072,38784,,,,,,
182155425586200,63249614904159,191,-4352,832,-2016,-15232,-521856,38720,,,,,,
182155426588300,63249615903742,192,-4960,1024,-2112,-15872,-524096,40576,,,,,,
182155427593800,63249616903867,193,-5408,704,-2080,-15296,-524096,37952,,,,,,
182155428588200,63249617903784,194,-5056,1152,-2016,-13376,-521472,40512,,,,,,
182155429592100,63249618903701,195,-4896,1088,-2016,-17664,-524352,40064,,,,,,
182155430587800,63249619905951,196,-4864,1344,-2016,-14400,-522304,36096,,,,,,
182155431583900,63249620905451,197,-5152,1696,-2624,-14080,-523200,38848,,,,,,
182155432582600,63249621903742,198,-5248,928,-1152,-16896,-523904,38208,,,,,,
182155433590400,63249622903951,199,-5056,1248,-2016,-13696,-521536,37504,,,,,,
182155434586700,63249623903701,200,-5216,1184,-1376,-16576,-522560,36672,,,,,,
182155435584700,63249624903909,201,-4960,1376,-1824,-14720,-522432,36736,,,,,,
182155436588400,63249625903826,202,-5024,1472,-2432,-14080,-522176,36096,,,,,,
182155437588000,63249626903742,203,-4768,1280,-1920,-14784,-522496,36416,,,,,,
182155438589300,63249627903826,204,-4736,1952,-1952,-14976,-524288,35392,,,,,,
182155439589800,63249628903951,205,-4640,1376,-2432,-15488,-525056,35776,,,,,,
182155440598900,63249629903784,206,-4896,1504,-2240,-15040,-523648,36416,,,,,,
182155441587400,63249630905201,207,-4672,1856,-2048,-13056,-526272,37440,,,,,,
182155442585900,63249631903909,208,-4448,1888,-1728,-13504,-525248,36736,,,,,,
182155443591000,63249632904576,209,-4576,1920,-2720,-14336,-523712,35904,,,,,,
182155444592600,63249633904826,210,-5280,2048,-2080,-15552,-524480,37824,,,,,,
182155445589800,63249634903784,211,-4384,2368,-2528,-13888,-524672,34880,,,,,,
182155446591700,63249635903784,212,-4640,1760,-2240,-16448,-524160,35584,,,,,,
182155447587100,63249636903659,213,-4768,1600,-1888,-14528,-523904,35776,,,,,,
182155448583900,63249637904242,214,-4736,2112,-2400,-14208,-523968,36928,,,,,,
182155449583500,63249638905326,215,-4384,2048,-2080,-15680,-524160,36608,,,,,,
182155450585100,63249639903576,216,-4224,1792,-2976,-13056,-524160,37952,,,,,,
182155451585400,63249640903742,217,-4192,2144,-2304,-12544,-523584,40000,,,,,,
182155452583100,63249641903909,218,-4800,1984,-1984,-14656,-523904,39360,,,,,,
182155453588500,63249642903742,219,-5088,1824,-2112,-14144,-520832,37440,,,,,,
182155454585600,63249643903784,220,-4224,1696,-2208,-13568,-524032,37120,,,,,,
182155455591300,63249644903909,221,-4928,1888,-2272,-15168,-523072,37888,,,,,,
182155456589300,63249645903659,222,-4480,2080,-3008,-14528,-523968,38208,,,,,,
182155457588400,63249646903618,223,-4448,1408,-2112,-14528,-523392,39424,,,,,,
182155458586500,63249647903909,224,-4416,1568,-2304,-15616,-524096,39104,,,,,,
182155459588200,63249648903743,225,-4256,1696,-2944,-14144,-525120,37952,,,,,,
182155460593000,63249649904118,226,-4768,1472,-2336,-14400,-522688,39552,,,,,,
182155461592400,63249650904451,227,-4320,1184,-2176,-13376,-524992,39552,,,,,,
182155462585100,63249651903826,228,-4736,1312,-2400,-16192,-523776,39168,,,,,,
182155463582900,63249652903701,229,-4224,896,-2080,-14656,-522368,38464,,,,,,
182155464602400,63249653903743,230,-4928,1184,-2176,-15296,-523072,36160,,,,,,
182155465582800,63249654903826,231,-4352,1440,-2400,-14464,-524032,39360,,,,,,
182155466587000,63249655903618,232,-5120,1344,-2592,-15488,-523264,39104,,,,,,
182155467586200,63249656905534,233,-4896,960,-2112,-15040,-523520,38848,,,,,,
182155468588800,63249657903868,234,-4960,1024,-2432,-13056,-522304,36736,,,,,,
182155469589600,63249658903743,235,-4288,1216,-2336,-15296,-524288,39936,,,,,,
182155470589400,63249659903951,236,-4416,576,-2304,-12928,-524480,38272,,,,,,
182155471588000,63249660903743,237,-5024,416,-1728,-14976,-524736,38080,,,,,,
182155472587400,63249661903618,238,-5088,1152,-2272,-11584,-524352,38336,,,,,,
182155473592200,63249662903909,239,-5024,832,-2208,-14592,-524160,35648,,,,,,
182155474587300,63249663903743,240,-4896,1024,-2016,-12992,-524416,36160,,,,,,
182155475594100,63249664903743,241,-4736,1536,-2080,-16128,-524032,34560,,,,,,
182155476592800,63249665903868,242,-4736,1152,-2240,-12160,-523200,39616,,,,,,
182155477588700,63249666904368,243,-4832,1632,-2336,-12096,-523008,39488,,,,,,
182155478593900,63249667904493,244,-5152,1280,-2368,-13568,-523008,38528,,,,,,
182155479587200,63249668903909,245,-5024,1504,-2112,-14080,-523776,34496,,,,,,
182155480586100,63249669903784,246,-5792,1504,-2464,-12160,-524096,35648,,,,,,
182155481620200,63249670903659,247,-4832,1856,-2720,-15616,-525568,38272,,,,,,
182155482582000,63249671903951,248,-4768,1408,-2080,-14784,-523456,36864,,,,,,
182155483587900,63249672903909,249,-5088,1888,-2432,-13312,-524864,37696,,,,,,
182155484663900,63249673903659,250,-5088,1760,-2368,-14016,-522240,37760,,,,,,
182155485597500,63249674903784,251,-4800,2016,-2624,-14784,-523008,37120,,,,,,
182155486586800,63249675903826,252,-5152,1952,-2272,-15232,-524224,39616,,,,,,
182155487574900,63249676903743,253,-4544,1984,-2720,-15168,-522624,38336,,,,,,
182155488582400,63249677903701,254,-4608,1664,-2016,-15232,-524608,38400,,,,,,
182155489717000,63249678903784,255,-4800,2080,-2208,-14720,-523776,37568,,,,,,
182155490592300,63249679904076,0,-4352,1600,-2016,-16384,-523712,38784,,,,,,
182155491583000,63249680906743,1,-5344,2144,-2592,-14464,-523200,39616,,,,,,
182155492580700,63249681903909,2,-5280,1696,-2688,-15296,-524096,37120,,,,,,
182155493583100,63249682903659,3,-4768,1792,-1856,-16320,-523840,36928,,,,,,
182155494585100,63249683903576,4,-5184,1440,-2912,-16640,-523520,39744,,,,,,
182155495580500,63249684903909,5,-4736,2112,-2368,-16384,-522368,37184,,,,,,
182155496582600,63249685903743,6,-4768,1728,-2816,-16896,-521728,38720,,,,,,
182155497585000,63249686903534,7,-4640,1696,-2336,-15872,-524224,39232,,,,,,
182155498593400,63249687903826,8,-4800,1856,-2560,-14656,-524032,42368,,,,,,
182155499584700,63249688903701,9,-5088,1632,-3360,-14784,-524160,39104,,,,,,
182155500586600,63249689903993,10,-5152,1376,-1952,-15104,-523456,38592,,,,,,
182155501604500,63249690903993,11,-4800,1408,-2784,-14912,-522816,38144,,,,,,
182155502580900,63249691903826,12,-4832,1440,-2336,-15296,-523072,37120,,,,,,
182155503587700,63249692903784,13,-4576,1088,-2368,-14656,-523648,38016,,,,,,
182155504588000,63249693903868,14,-4416,1024,-2624,-15680,-523840,38592,,,,,,
182155505590300,63249694903784,15,-5408,1120,-2144,-15360,-522688,37824,,,,,,
182155506590100,63249695903784,16,-5344,896,-2752,-15296,-525824,40960,,,,,,
182155507605600,63249696903951,17,-4736,576,-1984,-14592,-524160,40256,,,,,,
182155508585300,63249697903784,18,-4064,832,-2816,-14720,-522880,37824,,,,,,
182155509583200,63249698903993,19,-4864,544,-2784,-15744,-521728,37312,,,,,,
182155510585400,63249699903993,20,-4576,800,-2624,-16640,-522368,36928,,,,,,
182155511587000,63249700903659,21,-4480,576,-2272,-14528,-523136,36544,,,,,,
182155512586600,63249701903826,22,-5024,544,-2688,-14336,-521280,37824,,,,,,
182155513583400,63249702903951,23,-5312,608,-2464,-14976,-524480,38400,,,,,,
182155514583800,63249703904701,24,-5280,768,-3232,-14016,-523968,39040,,,,,,
182155515609900,63249704903826,25,-5280,512,-2496,-14272,-523904,37760,,,,,,
182155516586500,63249705903909,26,-4928,768,-2176,-16192,-524544,37376,,,,,,
182155517585200,63249706903868,27,-4928,832,-2176,-13376,-523136,39552,,,,,,
182155518586100,63249707903743,28,-5344,864,-3488,-13120,-523584,40064,,,,,,
182155519587100,63249708903993,29,-4800,640,-2336,-13952,-524672,39808,,,,,,
182155520586100,63249709903909,30,-4544,800,-2240,-13888,-522112,38400,,,,,,
182155521589000,63249710903618,31,-4704,1504,-2464,-14656,-523136,38592,,,,,,
182155522588400,63249711903701,32,-4384,576,-2784,-14656,-523648,39168,,,,,,
182155523592700,63249712903743,33,-4800,896,-3200,-13056,-522816,37440,,,,,,
182155524590200,63249713903951,34,-5280,864,-2848,-14208,-522816,38656,,,,,,
182155525579500,63249714903784,35,-4992,1344,-2304,-10944,-523392,37248,,,,,,
182155526585600,63249715903743,36,-4384,1376,-2624,-15168,-520896,39680,,,,,,
182155527584800,63249716903784,37,-5088,800,-3264,-15168,-522432,38720,,,,,,
182155528583500,63249717903576,38,-5088,1408,-3136,-12416,-523264,37312,,,,,,
182155529583800,63249718904243,39,-4512,928,-2272,-12032,-523008,38912,,,,,,
182155530583800,63249719903701,40,-4800,1408,-3104,-12352,-524096,38720,,,,,,
182155531590700,63249720903659,41,-5024,1120,-2304,-13248,-523136,36480,,,,,,
182155532590400,63249721903951,42,-4672,896,-1888,-15296,-522368,38080,,,,,,
182155533586800,63249722903951,43,-4960,1376,-3168,-14976,-522560,38016,,,,,,
182155534587100,63249723904659,44,-4768,1472,-2720,-12928,-523968,37888,,,,,,
182155535584900,63249724903951,45,-5216,1504,-3104,-12608,-520896,38080,,,,,,
182155536586500,63249725903743,46,-4864,1216,-2976,-12480,-523008,39104,,,,,,
182155537586300,63249726903951,47,-4736,1472,-2272,-13248,-523648,40128,,,,,,
182155538587200,63249727904076,48,-5408,1280,-2496,-11648,-523904,38400,,,,,,
182155539581500,63249728904534,49,-5184,1696,-2528,-13056,-523840,38208,,,,,,
182155540587500,63249729903659,50,-4736,1408,-2464,-12544,-522560,39296,,,,,,
182155541583100,63249730903826,51,-4992,1056,-2816,-13696,-523200,37824,,,,,,
182155542585600,63249731903826,52,-4960,1312,-2656,-13056,-525184,36928,,,,,,
182155543586600,63249732903743,53,-4960,1376,-2048,-12416,-522816,36928,,,,,,
182155544585300,63249733907659,54,-4800,1248,-2912,-12672,-522880,39744,,,,,,
182155545588300,63249734903909,55,-4416,1024,-1600,-13952,-523200,35072,,,,,,
182155546586700,63249735903701,56,-5184,1664,-2208,-12992,-523392,37376,,,,,,
182155547584800,63249736903993,57,-4768,1728,-2080,-13056,-525312,37440,,,,,,
182155548586500,63249737903826,58,-4512,1312,-2048,-13056,-523072,36800,,,,,,
182155549582600,63249738903784,59,-4544,1856,-2144,-11712,-524608,39040,,,,,,
182155550589200,63249739903909,60,-4480,1472,-2688,-12352,-524032,39232,,,,,,
182155551584600,63249740904784,61,-4832,1600,-2688,-13184,-525056,39104,,,,,,
182155552587200,63249741903868,62,-4832,1568,-2592,-13696,-522688,35584,,,,,,
182155553586300,63249742905368,63,-4320,1824,-2048,-11328,-523712,36928,,,,,,
182155554592300,63249743903909,64,-4800,1952,-2304,-14144,-523264,37248,,,,,,
182155555588600,63249744903826,65,-4960,2304,-2208,-13824,-522624,35584,,,,,,
182155556587800,63249745903784,66,-4672,1760,-2400,-13824,-526144,37824,,,,,,
182155557588300,63249746903909,67,-4192,2176,-2208,-13248,-524160,37184,,,,,,
182155558586100,63249747903659,68,-4768,2144,-2080,-14080,-521792,37120,,,,,,
182155559585500,63249748903743,69,-5120,2272,-2688,-13888,-521216,35008,,,,,,
182155560586300,63249749903826,70,-4704,2272,-2304,-13568,-522112,35648,,,,,,
182155561585100,63249750903701,71,-4896,2240,-1952,-13696,-523712,39104,,,,,,
182155562586200,63249751903743,72,-5120,2176,-2272,-13632,-521536,40064,,,,,,
182155563585600,63249752903784,73,-4416,2208,-2464,-14336,-524032,35776,,,,,,
182155564575900,63249753903784,74,-4352,2176,-2240,-14208,-522688,36672,,,,,,
182155565589400,63249754903701,75,-4864,2464,-2272,-14144,-521280,38656,,,,,,
182155566589000,63249755903909,76,-4992,2144,-2112,-13952,-524096,39680,,,,,,
182155567588100,63249756904284,77,-4576,2304,-2784,-13824,-522944,36800,,,,,,
182155568586800,63249757903659,78,-4384,2336,-2464,-14976,-521408,37120,,,,,,
182155569584400,63249758903951,79,-4832,1696,-1920,-14400,-523520,38272,,,,,,
182155570587600,63249759903784,80,-4864,2400,-2112,-14272,-521024,39040,,,,,,
182155571592000,63249760904909,81,-4768,1696,-1952,-13248,-521984,39104,,,,,,
182155572587300,63249761904076,82,-4736,2048,-1984,-13760,-522560,38784,,,,,,
182155573587300,63249762903784,83,-5312,2368,-2752,-12416,-524096,38336,,,,,,
182155574587900,63249763903743,84,-4800,2080,-1600,-14272,-523904,38912,,,,,,
182155575583500,63249764903951,85,-4960,1888,-2528,-12608,-522880,38144,,,,,,
182155576583600,63249765903909,86,-5120,1664,-2176,-15040,-524928,37632,,,,,,
182155578074300,63249766903701,87,-4928,2112,-2208,-12736,-523648,39232,,,,,,
182155578585800,63249767904409,88,-5056,2016,-1696,-13248,-522560,37312,,,,,,
182155579584700,63249768904118,89,-5184,1952,-2016,-12800,-524160,34880,,,,,,
182155580581000,63249769903701,90,-4416,1856,-1568,-15488,-521920,36480,,,,,,
182155581586700,63249770904826,91,-5120,1984,-2400,-14912,-523712,36992,,,,,,
182155582583400,63249771903868,92,-4704,1664,-1792,-15424,-522304,38400,,,,,,
182155583582100,63249772903368,93,-4640,1664,-1376,-14528,-523840,35840,,,,,,
182155584584700,63249773903951,94,-4800,1696,-1952,-16704,-524288,36992,,,,,,
182155585584200,63249774903784,95,-4992,1632,-2240,-14912,-524800,35584,,,,,,
182155586586300,63249775903826,96,-4896,1888,-1824,-14464,-524352,36608,,,,,,
182155587588200,63249776903909,97,-4640,1824,-2048,-17664,-523328,39040,,,,,,
182155588588400,63249777904159,98,-5216,1536,-2368,-17216,-523200,36160,,,,,,
182155589574900,63249778903826,99,-4800,1696,-2016,-18816,-524096,38016,,,,,,
182155590588700,63249779903659,100,-4512,1664,-2304,-15936,-522880,36352,,,,,,
182155591584400,63249780903826,101,-5056,1728,-2048,-16256,-524032,35136,,,,,,
182155592582200,63249781903743,102,-4832,2240,-2432,-15936,-523520,39552,,,,,,
182155593580300,63249782905701,103,-4320,1632,-2560,-18240,-523264,37760,,,,,,
182155594676900,63249783903909,104,-4672,1280,-2400,-17216,-522688,38528,,,,,,
182155595661000,63249784903743,105,-5088,1920,-2368,-17088,-524224,38848,,,,,,
182155596596300,63249785905034,106,-5632,2112,-2112,-16128,-523968,36480,,,,,,
182155597577900,63249786905493,107,-5216,1664,-2848,-18368,-523136,35136,,,,,,
182155598591000,63249787905451,108,-4608,1408,-2336,-17536,-522496,37440,,,,,,
182155599589900,63249788904993,109,-4704,1600,-2304,-17920,-523328,34880,,,,,,
182155600584700,63249789903826,110,-4288,1632,-2080,-16256,-525504,37568,,,,,,
182155601592200,63249790903743,111,-4832,1856,-2688,-15488,-524032,37312,,,,,,
182155602589200,63249791903701,112,-5216,1472,-3136,-15808,-523648,35712,,,,,,
182155603589100,63249792905284,113,-4352,1472,-3040,-15360,-523328,36032,,,,,,
182155604588700,63249793903826,114,-5248,1568,-2976,-17152,-522944,38016,,,,,,
182155605592400,63249794903659,115,-4160,1344,-2720,-17856,-525376,35840,,,,,,
182155606669300,63249795903868,116,-4160,896,-2784,-15488,-525056,37760,,,,,,
182155607596100,63249796903743,117,-5152,1184,-3328,-15936,-522496,37760,,,,,,
182155608581300,63249797905868,118,-4864,320,-2528,-16704,-524800,38784,,,,,,
182155609587400,63249798905451,119,-4128,992,-2784,-15680,-523584,38720,,,,,,
182155610596100,63249799903784,120,-5120,384,-3040,-16192,-523072,39232,,,,,,
182155611587100,63249800903659,121,-4352,64,-2784,-14912,-522368,38016,,,,,,
182155612588200,63249801903826,122,-5312,320,-2272,-16256,-522944,38400,,,,,,
182155613589200,63249802903868,123,-4224,96,-2784,-16128,-524032,37760,,,,,,
182155614675700,63249803903743,124,-4480,320,-2400,-15616,-522944,38528,,,,,,
182155615622400,63249804903868,125,-4288,352,-2656,-13120,-523584,36864,,,,,,
182155616593000,63249805903868,126,-4480,128,-2816,-11072,-523456,39488,,,,,,
182155617585900,63249806903743,127,-4672,96,-2432,-15680,-523392,37632,,,,,,
182155618585700,63249807903784,128,-4064,192,-2048,-14400,-522304,40128,,,,,,
182155619586400,63249808903784,129,-4192,352,-2176,-15232,-523136,38464,,,,,,
182155620706000,63249809904243,130,-4288,288,-2080,-14272,-521920,42176,,,,,,
182155621581600,63249810903868,131,-4832,-288,-2304,-13248,-523264,39808,,,,,,
182155622579100,63249811903826,132,-4512,416,-2784,-13248,-521792,39744,,,,,,
182155623589400,63249812903743,133,-4960,192,-2336,-15680,-521216,38592,,,,,,
182155624584200,63249813903618,134,-4352,-64,-1504,-13120,-522368,41280,,,,,,
182155625599400,63249814903743,135,-4352,320,-2528,-13056,-523200,38400,,,,,,
182155626597800,63249815903826,136,-4960,704,-2784,-15808,-522048,37312,,,,,,
182155627586900,63249816903701,137,-5024,224,-2560,-12800,-522368,39232,,,,,,
182155628588300,63249817903909,138,-4736,224,-2528,-11264,-520704,40832,,,,,,
182155629587300,63249818903784,139,-5088,1184,-2336,-13312,-520832,38720,,,,,,
182155630584900,63249819903701,140,-4992,480,-3136,-14144,-521856,39616,,,,,,
182155631588000,63249820903993,141,-4672,640,-2496,-14272,-522240,37632,,,,,,
182155632597200,63249821903659,142,-5952,928,-2560,-13056,-523776,38400,,,,,,
182155633585700,63249822903784,143,-5824,992,-2304,-12224,-523328,40064,,,,,,
182155634585000,63249823904868,144,-4288,1472,-2240,-12352,-524096,36992,,,,,,
182155635588200,63249824903784,145,-5344,1088,-2464,-12736,-524352,38208,,,,,,
182155636587600,63249825903909,146,-5440,1088,-2496,-13696,-525504,39488,,,,,,
182155637580000,63249826903993,147,-5088,1184,-2944,-11520,-523776,37120,,,,,,
182155638579900,63249827903784,148,-5728,1344,-2496,-11200,-523776,38080,,,,,,
182155639577000,63249828903701,149,-5344,1824,-2720,-11840,-524032,37440,,,,,,
182155640588900,63249829904701,150,-5152,1600,-2368,-13568,-523904,37184,,,,,,
182155641594400,63249830904993,151,-5344,1856,-2688,-12736,-523712,36800,,,,,,
182155642591000,63249831903784,152,-4544,2112,-2880,-13568,-526848,39104,,,,,,
182155643612700,63249832903909,153,-4832,1632,-2112,-14912,-524288,36480,,,,,,
182155644590900,63249833903743,154,-4864,1824,-2336,-14592,-524928,36672,,,,,,
182155645592000,63249834903659,155,-4928,1792,-2240,-14336,-525568,35328,,,,,,
182155646582600,63249835903868,156,-5088,1568,-2048,-13888,-526208,35968,,,,,,
182155647581600,63249836903743,157,-5216,1472,-1984,-13440,-525568,39360,,,,,,
182155648588100,63249837903826,158,-5248,1280,-2752,-14016,-525376,39552,,,,,,
182155649582800,63249838903868,159,-5056,1760,-2272,-13696,-525312,38720,,,,,,
182155650708300,63249839905826,160,-4448,1248,-1920,-15872,-523648,37248,,,,,,
182155651587100,63249840908493,161,-4992,1312,-1920,-15552,-523008,35776,,,,,,
182155652588200,63249841904993,162,-5088,1440,-2208,-17792,-523392,36096,,,,,,
182155653588100,63249842903826,163,-4416,1344,-2080,-14336,-526144,38528,,,,,,
182155654586500,63249843903743,164,-4576,1504,-2656,-16064,-522048,35328,,,,,,
182155655587300,63249844903743,165,-4384,1600,-2048,-15232,-523776,35840,,,,,,
182155656583800,63249845904368,166,-4928,960,-2176,-16704,-523904,37504,,,,,,
182155657581900,63249846903659,167,-4768,1216,-1760,-14400,-523648,35520,,,,,,
182155658583300,63249847903701,168,-5184,1568,-2368,-14400,-522432,36544,,,,,,
182155659585100,63249848903868,169,-4512,1344,-1824,-15616,-522880,37632,,,,,,
182155660586800,63249849905701,170,-5152,1696,-2048,-17088,-524672,36608,,,,,,
182155661591200,63249850903659,171,-4416,1024,-2016,-12288,-525120,37440,,,,,,
182155662589100,63249851903909,172,-4992,1568,-1792,-15168,-524800,37632,,,,,,
182155663591800,63249852903868,173,-4256,1024,-2080,-14656,-523328,35200,,,,,,
182155664584800,63249853903618,174,-4000,1056,-2336,-15808,-524416,39168,,,,,,
182155665587900,63249854903909,175,-4800,1088,-2240,-13120,-525120,38912,,,,,,
182155666586700,63249855903784,176,-5344,1728,-2912,-15616,-522368,34752,,,,,,
182155667585300,63249856903451,177,-5088,1568,-2880,-15808,-523968,36480,,,,,,
182155668587700,63249857903909,178,-4288,864,-2432,-14912,-525184,38016,,,,,,
182155669588600,63249858903701,179,-4608,1248,-2176,-14080,-526464,36480,,,,,,
182155670586500,63249859903743,180,-4896,1568,-2944,-13568,-523264,37376,,,,,,
182155671586800,63249860905909,181,-4000,1184,-2240,-14656,-524608,35584,,,,,,
182155672587100,63249861904743,182,-4192,1376,-2272,-13760,-525568,38336,,,,,,
182155673592400,63249862904451,183,-4192,1632,-2496,-14208,-524992,35456,,,,,,
182155674587200,63249863905243,184,-4576,1728,-1920,-11712,-526272,38848,,,,,,
182155675586300,63249864903868,185,-4096,1408,-2208,-12288,-524608,39616,,,,,,
182155676588100,63249865903784,186,-4736,1504,-2080,-13440,-523712,39616,,,,,,
182155677588800,63249866903909,187,-4480,1152,-2656,-12352,-523712,37504,,,,,,
182155678591300,63249867903909,188,-4800,1824,-2816,-14080,-524160,36288,,,,,,
182155679587600,63249868903784,189,-4512,1312,-2336,-12160,-523776,36096,,,,,,
182155680591400,63249869903909,190,-3968,1024,-1792,-13696,-522880,38080,,,,,,
182155681586100,63249870903784,191,-4608,1728,-1984,-13824,-523904,38656,,,,,,
182155682583400,63249871903701,192,-4192,1408,-2176,-13440,-524096,38912,,,,,,
182155683582800,63249872903993,193,-5184,1344,-2112,-15296,-523264,39936,,,,,,
182155684587400,63249873903784,194,-4352,1472,-2176,-15744,-523712,38016,,,,,,
182155685583500,63249874905701,195,-4416,1408,-1568,-13184,-523520,40704,,,,,,
182155686582400,63249875903576,196,-4288,1728,-2432,-14016,-522048,38144,,,,,,
182155687584000,63249876903993,197,-4416,1696,-1920,-13312,-523968,34560,,,,,,
182155688577700,63249877903743,198,-4992,1664,-2016,-14080,-524160,38016,,,,,,
182155689688100,63249878903618,199,-4864,1728,-2912,-13824,-523072,39424,,,,,,
182155690605800,63249879904659,200,-4672,1792,-2272,-13504,-522752,36288,,,,,,
182155691632100,63249880905743,201,-4864,1280,-2048,-13184,-522240,38912,,,,,,
182155692600500,63249881905076,202,-5088,1696,-2016,-16128,-522432,34752,,,,,,
182155693586600,63249882903826,203,-4704,1568,-2368,-12864,-524352,37952,,,,,,
182155694580800,63249883903701,204,-5216,1152,-2016,-13504,-522432,38912,,,,,,
182155695587500,63249884903784,205,-5376,1184,-2368,-13568,-523840,37632,,,,,,
182155696588400,63249885903826,206,-4864,1312,-2272,-16000,-523776,39616,,,,,,
182155697588800,63249886904784,207,-4768,1376,-2496,-15296,-523328,37888,,,,,,
182155698593600,63249887903743,208,-4672,832,-1952,-13952,-522688,38400,,,,,,
182155699589400,63249888904909,209,-4672,1120,-1536,-14336,-523904,35904,,,,,,
182155700585900,63249889903868,210,-4608,1248,-1856,-14272,-523520,36800,,,,,,
182155701590200,63249890903576,211,-5312,1440,-2240,-14464,-523392,38848,,,,,,
182155702587500,63249891905034,212,-4576,928,-1408,-14208,-523776,36288,,,,,,
182155703586100,63249892904451,213,-4608,1184,-2240,-15232,-524736,37760,,,,,,
182155704584700,63249893903701,214,-5088,1440,-2432,-15040,-523072,37248,,,,,,
182155705574900,63249894904326,215,-4704,1248,-2080,-13504,-521600,38720,,,,,,
182155706582000,63249895903909,216,-4768,1056,-2368,-13312,-521984,37696,,,,,,
182155707599300,63249896903701,217,-4704,1280,-2016,-13312,-523008,38592,,,,,,
182155708589000,63249897903909,218,-4576,864,-2240,-14912,-522624,36416,,,,,,
182155709583400,63249898903743,219,-4576,1056,-2176,-16896,-522944,39168,,,,,,
182155710583300,63249899903701,220,-5120,1216,-2432,-14144,-524480,37760,,,,,,
182155711582600,63249900903868,221,-4864,1088,-2784,-13632,-522240,37568,,,,,,
182155712581600,63249901903868,222,-4608,1024,-1824,-16512,-521728,35968,,,,,,
182155713582900,63249902903701,223,-4384,1248,-2784,-16832,-522752,36608,,,,,,
182155714582500,63249903903784,224,-4320,416,-2240,-15680,-523968,38784,,,,,,
182155715584400,63249904904534,225,-4768,928,-1760,-15168,-522816,36992,,,,,,
182155716583000,63249905904743,226,-4256,1248,-2464,-15552,-521152,39488,,,,,,
182155717591700,63249906903659,227,-5184,1280,-2240,-15040,-523584,35776,,,,,,
182155718587900,63249907903784,228,-4448,1088,-2560,-16640,-524032,36544,,,,,,
182155719575500,63249908903701,229,-5120,1632,-2912,-17024,-521856,36480,,,,,,
182155720578600,63249909903743,230,-4832,1536,-2560,-17216,-525440,38528,,,,,,
182155721587800,63249910905243,231,-5024,1280,-2272,-13888,-523776,38464,,,,,,
182155722586000,63249911903284,232,-5248,1312,-2656,-16320,-523776,38080,,,,,,
182155723591300,63249912903784,233,-5088,1088,-2816,-14336,-523392,40448,,,,,,
182155724586400,63249913903784,234,-4768,928,-2464,-13504,-524480,36032,,,,,,
182155725586700,63249914903743,235,-5056,1248,-2496,-16320,-522368,36800,,,,,,
182155726588600,63249915903618,236,-4800,1248,-2368,-14848,-522368,37632,,,,,,
182155727588200,63249916903826,237,-4640,960,-2464,-15168,-522880,40512,,,,,,
182155728592300,63249917903701,238,-4864,640,-2400,-14848,-524416,37120,,,,,,
182155729591600,63249918903618,239,-4768,832,-2240,-15296,-522432,37248,,,,,,
182155730590900,63249919904659,240,-4768,896,-2592,-15296,-525120,39936,,,,,,
182155732006500,63249920905034,241,-4416,1024,-2848,-14464,-524032,38400,,,,,,
182155732614200,63249921905451,242,-4992,992,-2912,-15680,-523520,37248,,,,,,
182155733589600,63249922904034,243,-4960,448,-2688,-13888,-523776,40064,,,,,,
182155734582400,63249923906618,244,-5152,896,-3008,-14720,-522432,35392,,,,,,
182155735583000,63249924903701,245,-4960,640,-2688,-15744,-524864,37760,,,,,,
182155736714100,63249925903909,246,-4832,736,-2624,-14080,-523840,37312,,,,,,
182155737581400,63249926903701,247,-5152,608,-2240,-15104,-526336,39680,,,,,,
182155738574100,63249927903701,248,-4640,640,-2848,-14400,-523840,37632,,,,,,
182155739670000,63249928904243,249,-4640,992,-2624,-13568,-525312,39296,,,,,,
182155740626500,63249929905243,250,-5120,608,-2656,-12928,-523072,37824,,,,,,
182155741592300,63249930905243,251,-4320,640,-2816,-14144,-523072,36800,,,,,,
182155742586800,63249931903868,252,-5088,480,-2784,-12864,-523392,38784,,,,,,
182155743588000,63249932903826,253,-4544,864,-2144,-13248,-524160,39872,,,,,,
182155744588100,63249933903993,254,-4832,704,-2368,-15936,-523648,38144,,,,,,
182155745585100,63249934906118,255,-4864,864,-2464,-14336,-524416,38528,,,,,,
182155746584700,63249935903909,0,-4960,320,-2656,-13696,-524096,38144,,,,,,
182155747588200,63249936903784,1,-5024,480,-2496,-14016,-523840,39104,,,,,,
182155748585400,63249937903868,2,-5280,864,-2240,-16192,-522816,39616,,,,,,
182155749581500,63249938903826,3,-4896,1184,-2784,-14656,-525184,36096,,,,,,
182155750579600,63249939903743,4,-4576,960,-2944,-14336,-523328,35392,,,,,,
182155751582200,63249940903951,5,-4864,1056,-2976,-13632,-524800,36160,,,,,,
182155752590100,63249941903826,6,-4896,1408,-2528,-17472,-522048,36224,,,,,,
182155753600000,63249942903743,7,-4640,1152,-2592,-13952,-524352,40000,,,,,,
182155754586500,63249943903368,8,-4736,1120,-2560,-14272,-524032,40320,,,,,,
182155755584300,63249944904243,9,-5216,992,-2624,-12544,-523136,37952,,,,,,
182155756588500,63249945903784,10,-4800,864,-3232,-14400,-523072,38912,,,,,,
182155757594800,63249946903701,11,-5216,1344,-2944,-13952,-523776,36160,,,,,,
182155758596400,63249947903784,12,-4704,1696,-2304,-15040,-524288,38976,,,,,,
182155759588800,63249948903784,13,-4896,1376,-2464,-13888,-523328,38592,,,,,,
182155760589100,63249949903618,14,-4672,1344,-2528,-14912,-524736,38592,,,,,,
182155761587900,63249950903909,15,-5088,1216,-2400,-14528,-522816,34944,,,,,,
182155762587500,63249951904034,16,-5056,1376,-2528,-14208,-522624,38016,,,,,,
182155764036600,63249952903618,17,-4480,1376,-2560,-12480,-522816,38848,,,,,,
182155764584100,63249953903868,18,-4672,1312,-2336,-12928,-523712,40768,,,,,,
182155765585000,63249954903659,19,-4608,768,-2304,-15040,-523648,36672,,,,,,
182155766581000,63249955903201,20,-5152,1696,-2816,-12544,-522816,36096,,,,,,
182155767704200,63249956903993,21,-5120,1472,-3200,-13696,-522240,38848,,,,,,
182155768590100,63249957903784,22,-5472,832,-2592,-15168,-523200,38208,,,,,,
182155769577500,63249958903743,23,-4352,864,-1920,-12800,-521728,37952,,,,,,
182155770590200,63249959903784,24,-4448,640,-2208,-11968,-521664,37760,,,,,,
182155771585700,63249960903784,25,-5216,1344,-2400,-14144,-523328,37312,,,,,,
182155772584700,63249961903659,26,-4704,768,-2240,-13760,-523904,39680,,,,,,
182155773586900,63249962903826,27,-4480,768,-1440,-12864,-524224,37504,,,,,,
182155774584800,63249963903784,28,-4512,1120,-2368,-13760,-523904,39808,,,,,,
182155775585500,63249964903701,29,-5056,960,-2144,-13504,-522752,38464,,,,,,
182155776587000,63249965904701,30,-5344,576,-2496,-14592,-523264,36992,,,,,,
182155777591200,63249966903826,31,-4512,928,-1600,-13120,-522624,39104,,,,,,
182155778588700,63249967903743,32,-4544,864,-2208,-13952,-523136,38016,,,,,,
182155779588600,63249968903993,33,-4480,1024,-1856,-12928,-523904,36864,,,,,,
182155780588500,63249969903784,34,-4896,1376,-2336,-12352,-522688,38528,,,,,,
182155781583500,63249970903659,35,-4544,896,-1536,-11776,-523200,36096,,,,,,
182155782581600,63249971903618,36,-4480,1120,-2112,-14208,-521216,37824,,,,,,
182155783587000,63249972903909,37,-4928,1376,-2176,-13504,-523584,38528,,,,,,
182155784584200,63249973903784,38,-5408,1632,-1856,-12032,-524992,37312,,,,,,
182155785578700,63249974903618,39,-5216,1312,-1568,-12672,-523008,37504,,,,,,
182155786573500,63249975905368,40,-4768,1600,-2464,-13440,-522944,38080,,,,,,
182155787594200,63249976903743,41,-4288,2048,-1888,-14272,-522176,38720,,,,,,
182155788588600,63249977903576,42,-4608,1824,-1792,-12416,-522560,36992,,,,,,
182155789579900,63249978903826,43,-4672,1888,-2144,-15296,-524544,37696,,,,,,
182155790590700,63249979903659,44,-5152,2048,-2144,-12672,-524224,37824,,,,,,
182155791588800,63249980904659,45,-4832,2176,-2144,-15232,-522176,37888,,,,,,
182155792581700,63249981903868,46,-5152,2624,-2176,-13056,-523968,34752,,,,,,
182155793585900,63249982903701,47,-5024,2624,-1888,-14336,-525888,39232,,,,,,
182155794584800,63249983903659,48,-5184,2592,-2528,-14656,-523584,37504,,,,,,
182155795586200,63249984903826,49,-4928,2400,-1856,-14848,-523712,38272,,,,,,
182155796591400,63249985903701,50,-5376,2592,-2592,-15424,-522304,37952,,,,,,
182155797587700,63249986904034,51,-4928,2304,-2208,-15424,-524224,36544,,,,,,
182155798583400,63249987903826,52,-5024,2400,-1728,-16000,-523712,38016,,,,,,
182155799586700,63249988903784,53,-5312,2272,-2752,-13696,-522688,38016,,,,,,
182155800587900,63249989903659,54,-4480,2688,-1920,-13824,-522624,39360,,,,,,
182155801584100,63249990903868,55,-4736,2784,-2176,-16576,-523776,39552,,,,,,
182155802584300,63249991903659,56,-4704,2400,-1408,-13568,-521984,40192,,,,,,
182155803585700,63249992903743,57,-5408,2080,-2176,-15808,-523456,37952,,,,,,
182155804621300,63249993906618,58,-4992,2496,-2144,-15872,-522752,39232,,,,,,
182155805587800,63249994903743,59,-5056,2624,-1984,-16576,-525760,37248,,,,,,
182155806591300,63249995903701,60,-4992,2272,-2432,-17024,-523328,37760,,,,,,
182155807587900,63249996903951,61,-5088,1824,-2048,-16192,-524800,39232,,,,,,
182155808588600,63249997904951,62,-4640,1952,-2848,-17024,-521408,36352,,,,,,
182155809591200,63249998903743,63,-5344,2176,-2336,-16000,-524032,34816,,,,,,
182155810591600,63249999907909,64,-4096,960,-1376,-15168,-523648,36544,,,,,,
182155811592200,63250000905284,65,-5152,1888,-2336,-16128,-523840,37376,,,,,,
182155812590600,63250001904618,66,-4576,1248,-2688,-16192,-523008,36288,,,,,,
182155813586900,63250002903576,67,-4832,1440,-1792,-15936,-523584,39552,,,,,,
182155814574700,63250003903743,68,-4640,672,-1824,-15296,-522432,38080,,,,,,
182155815590700,63250004903659,69,-4896,1408,-2144,-15808,-523328,36352,,,,,,
182155816586300,63250005904118,70,-4864,1568,-2752,-16640,-523520,38208,,,,,,
182155817589100,63250006903784,71,-4704,1408,-2368,-14720,-525312,36352,,,,,,
182155818585700,63250007903701,72,-4352,928,-2048,-15936,-523648,36992,,,,,,
182155819582000,63250008903701,73,-5184,1408,-2240,-15104,-525056,35584,,,,,,
182155820581300,63250009903743,74,-4224,1344,-2304,-17728,-524160,35392,,,,,,
182155821581600,63250010903868,75,-4576,1312,-2016,-15424,-525760,39296,,,,,,
182155822590100,63250011905076,76,-5024,1664,-2304,-16448,-524352,40000,,,,,,
182155823588800,63250012904243,77,-4640,1856,-3168,-16384,-522624,38848,,,,,,
182155824587200,63250013903826,78,-4320,1440,-2080,-16192,-524032,37824,,,,,,
182155825586800,63250014903618,79,-4544,1760,-2656,-17344,-521408,39424,,,,,,
182155826589600,63250015903868,80,-5184,1696,-2560,-15360,-522496,37632,,,,,,
182155827592600,63250016903826,81,-4704,1568,-2880,-16320,-523008,38208,,,,,,
182155828593300,63250017903451,82,-4480,1408,-3296,-16064,-525248,38208,,,,,,
182155829586500,63250018903784,83,-4608,1728,-3136,-15552,-520384,39104,,,,,,
182155830586700,63250019903701,84,-4352,1920,-3040,-13568,-522432,36608,,,,,,
182155831583600,63250020903868,85,-4320,1824,-2336,-15232,-522176,38080,,,,,,
182155832603100,63250021903826,86,-4512,1728,-2560,-15488,-523008,36544,,,,,,
182155833582900,63250022904909,87,-4736,1888,-3488,-14400,-522752,40192,,,,,,
182155834577600,63250023905659,88,-4000,2048,-2496,-15296,-523136,39104,,,,,,
182155835588700,63250024903743,89,-4864,1824,-3360,-14144,-524224,37120,,,,,,
182155836588200,63250025903784,90,-4992,1760,-3168,-15936,-523008,38912,,,,,,
182155837578200,63250026903659,91,-4512,1408,-2336,-13184,-524096,38080,,,,,,
182155838579300,63250027903951,92,-5280,1440,-3104,-13120,-522560,40704,,,,,,
182155839578400,63250028903951,93,-4256,1376,-2752,-14144,-523584,39808,,,,,,
182155840594100,63250029903701,94,-4416,1024,-2272,-13824,-522944,40128,,,,,,
182155841580300,63250030903909,95,-5184,1184,-2688,-12864,-523584,41152,,,,,,
182155842582400,63250031905159,96,-5056,1376,-2400,-11456,-523904,37312,,,,,,
182155843577000,63250032904784,97,-4768,1440,-2848,-12352,-523456,37888,,,,,,
182155844687600,63250033903618,98,-4672,896,-2304,-11904,-523264,40128,,,,,,
182155845676800,63250034903743,99,-4864,960,-1792,-12544,-523840,40896,,,,,,
182155846580300,63250035903784,100,-4704,1344,-2144,-11648,-522624,38656,,,,,,
182155847580300,63250036903701,101,-4896,800,-2464,-12288,-522432,38016,,,,,,
182155848589800,63250037904618,102,-5184,1248,-2304,-13120,-522944,37568,,,,,,
182155849610800,63250038904826,103,-4960,1120,-3040,-12608,-521536,37696,,,,,,
182155850590600,63250039904076,104,-4864,1024,-1696,-13632,-525056,36928,,,,,,
182155851590100,63250040905409,105,-4672,960,-1888,-12992,-524800,39424,,,,,,
182155852575000,63250041903784,106,-5280,1152,-2304,-12480,-522944,38912,,,,,,
182155853591100,63250042904368,107,-5344,1408,-2528,-13376,-524416,38272,,,,,,
182155854577400,63250043904618,108,-4672,960,-2592,-14528,-523328,37888,,,,,,
182155855579200,63250044903618,109,-4768,768,-1664,-13632,-523136,38720,,,,,,
182155856583000,63250045903659,110,-4896,800,-1920,-16320,-523136,39552,,,,,,
182155857604600,63250046903743,111,-5152,1440,-1824,-15104,-522560,36288,,,,,,
182155858589300,63250047903826,112,-4896,1056,-1984,-12992,-525568,39040,,,,,,
182155859585300,63250048903701,113,-5024,1184,-2176,-13504,-523456,40192,,,,,,
182155860587700,63250049903868,114,-4608,1344,-2240,-15104,-523200,39488,,,,,,
182155861586400,63250050903784,115,-5120,1312,-2176,-15360,-524672,39616,,,,,,
182155862587700,63250051904493,116,-4640,1600,-3232,-14848,-523520,38336,,,,,,
182155863586400,63250052904493,117,-4768,1568,-2240,-15808,-524160,34368,,,,,,
182155864592500,63250053905784,118,-5312,1888,-3040,-16128,-523648,38464,,,,,,
182155865590400,63250054903743,119,-5120,1920,-2656,-16320,-522880,37952,,,,,,
182155866595100,63250055903909,120,-4896,1568,-2304,-17920,-522816,38464,,,,,,
182155867585900,63250056903826,121,-5312,1920,-2624,-13248,-524160,37696,,,,,,
182155868587900,63250057903659,122,-4928,2208,-2528,-13376,-523776,36608,,,,,,
182155869588900,63250058903826,123,-5088,1760,-1952,-14400,-524800,36480,,,,,,
182155870584500,63250059903826,124,-5120,2272,-2528,-13504,-524992,35328,,,,,,
182155871585400,63250060903659,125,-4352,2016,-2944,-14592,-523904,34752,,,,,,
182155872587400,63250061903826,126,-4448,1568,-2016,-14208,-524736,37632,,,,,,
182155873591300,63250062903826,127,-4608,2496,-3072,-14848,-526912,36736,,,,,,
182155874589300,63250063903576,128,-5056,2240,-2432,-13824,-523840,38080,,,,,,
182155875578600,63250064903618,129,-4800,1536,-1984,-15232,-525504,37376,,,,,,
182155876585300,63250065903826,130,-5120,2016,-2976,-13952,-523648,37440,,,,,,
182155877587700,63250066903659,131,-4608,1568,-2464,-12864,-523712,36224,,,,,,
182155878581900,63250067904743,132,-4832,1920,-2656,-14720,-524608,37312,,,,,,
182155879586700,63250068904951,133,-4960,1664,-2176,-13952,-524480,38528,,,,,,
182155880585400,63250069906034,134,-4640,1696,-2176,-15424,-523776,40896,,,,,,
182155881575100,63250070904826,135,-4576,1280,-2528,-16320,-523904,38016,,,,,,
182155882588800,63250071903743,136,-4384,1024,-2400,-15552,-523008,38144,,,,,,
182155883586100,63250072905159,137,-4768,1728,-2144,-14784,-523712,36928,,,,,,
182155884590400,63250073903659,138,-4352,1408,-2912,-14080,-525056,37824,,,,,,
182155885588800,63250074903826,139,-4192,960,-2112,-14592,-523328,36096,,,,,,
182155886593100,63250075903743,140,-4320,736,-2080,-15296,-522368,40000,,,,,,
182155887592100,63250076903576,141,-4768,1056,-3136,-14656,-523200,37952,,,,,,
182155888590800,63250077903868,142,-5280,800,-2336,-15744,-522496,36416,,,,,,
182155889574100,63250078903659,143,-4512,736,-2176,-15936,-523776,38784,,,,,,
182155890589500,63250079904034,144,-4288,896,-2080,-13952,-523328,39040,,,,,,
182155891587200,63250080904618,145,-4960,576,-2592,-14528,-524032,38848,,,,,,
182155892584200,63250081904326,146,-4960,736,-2304,-15424,-525312,40128,,,,,,
182155893586100,63250082905118,147,-4512,480,-1984,-13504,-523136,39808,,,,,,
182155894587100,63250083903784,148,-4352,1152,-2048,-13888,-523072,39104,,,,,,
182155895586500,63250084903784,149,-4928,576,-2720,-15040,-525184,38080,,,,,,
182155896585600,63250085903576,150,-4416,416,-2208,-13504,-523456,36608,,,,,,
182155897582500,63250086904284,151,-4864,480,-2144,-15744,-521920,36736,,,,,,
182155898588100,63250087903743,152,-4864,864,-2144,-14208,-522880,39040,,,,,,
182155899587900,63250088905826,153,-4192,768,-2304,-15680,-523072,36416,,,,,,
182155900589100,63250089903868,154,-4320,928,-1824,-15104,-524096,36736,,,,,,
182155901585700,63250090903784,155,-5216,992,-1984,-14848,-522432,38144,,,,,,
182155902607100,63250091905451,156,-4192,1280,-2560,-15488,-522432,36672,,,,,,
182155903594100,63250092903743,157,-4128,1504,-2208,-16192,-523328,37824,,,,,,
182155904603100,63250093903951,158,-4672,1152,-2208,-14400,-524224,39168,,,,,,
182155905585900,63250094903659,159,-4512,1408,-2720,-15488,-524800,38016,,,,,,
182155906575100,63250095903618,160,-4608,1632,-2720,-14400,-524736,36864,,,,,,
182155907592900,63250096906951,161,-4896,1568,-2528,-13440,-523904,38656,,,,,,
182155908599400,63250097903743,162,-4384,1312,-2400,-16512,-522176,37696,,,,,,
182155909592000,63250098903534,163,-4640,1280,-2656,-13760,-523712,36736,,,,,,
182155910585100,63250099904159,164,-4384,1792,-2368,-15808,-523264,37696,,,,,,
182155911587600,63250100905034,165,-4416,1312,-2880,-13696,-524672,38720,,,,,,
182155912582500,63250101903659,166,-4384,1728,-2528,-14080,-523648,38336,,,,,,
182155913593900,63250102903826,167,-4448,1856,-2880,-13696,-522944,38016,,,,,,
182155914587700,63250103903618,168,-4384,1920,-2880,-13120,-523584,40640,,,,,,
182155915579700,63250104903659,169,-4544,1504,-2976,-13760,-521216,38464,,,,,,
182155916584200,63250105905034,170,-4448,1376,-1920,-12352,-523264,36992,,,,,,
182155917586900,63250106905743,171,-4480,1920,-2592,-13184,-522688,36480,,,,,,
182155918580800,63250107903743,172,-4768,1312,-2272,-12480,-521984,37120,,,,,,
182155919588000,63250108903826,173,-4896,1536,-2720,-11520,-524288,36928,,,,,,
182155920581700,63250109903743,174,-4256,1408,-1952,-11712,-523456,38144,,,,,,
182155921587700,63250110903618,175,-4320,896,-2304,-12992,-523264,37184,,,,,,
182155922589900,63250111903868,176,-4768,1024,-2752,-13440,-522432,37952,,,,,,
182155923589700,63250112903659,177,-4448,832,-2592,-11840,-521472,38208,,,,,,
182155924596700,63250113903659,178,-4352,928,-2144,-13184,-522688,39552,,,,,,
182155925580200,63250114903909,179,-4512,448,-1824,-11968,-523200,39232,,,,,,
182155926584800,63250115903784,180,-4608,896,-2656,-13696,-521344,38336,,,,,,
182155927590800,63250116903326,181,-5120,704,-2528,-12544,-523776,37888,,,,,,
182155928590300,63250117903951,182,-5312,832,-2176,-14208,-523648,38400,,,,,,
182155929588600,63250118903784,183,-4192,288,-2048,-12608,-522560,36672,,,,,,
182155930583200,63250119904534,184,-4768,512,-2528,-12928,-522688,38720,,,,,,
182155931582900,63250120903868,185,-4736,512,-1568,-13184,-523200,38080,,,,,,
182155932586600,63250121903326,186,-4832,320,-1664,-13376,-523392,40448,,,,,,
182155933584500,63250122903826,187,-5184,736,-2080,-13504,-523648,36672,,,,,,
182155934579200,63250123903784,188,-5248,448,-1728,-13504,-522688,36096,,,,,,
182155935581300,63250124904201,189,-4768,736,-1344,-13632,-523072,38272,,,,,,
182155936587200,63250125903743,190,-4832,544,-2112,-12736,-523200,40256,,,,,,
182155937579500,63250126903701,191,-4960,832,-2432,-12928,-522560,39936,,,,,,
182155938578300,63250127903743,192,-5504,640,-1984,-13440,-522816,39872,,,,,,
182155939579500,63250128903701,193,-5152,704,-2176,-14656,-523392,38592,,,,,,
182155940589000,63250129903743,194,-5120,736,-2368,-13952,-520896,39296,,,,,,
182155941575900,63250130903743,195,-4800,576,-2112,-12928,-523776,39040,,,,,,
182155942585600,63250131903743,196,-5504,1024,-2368,-13632,-521728,38016,,,,,,
182155943573000,63250132903576,197,-5088,352,-1760,-13568,-522752,38976,,,,,,
182155944574000,63250133903743,198,-4576,640,-2272,-15488,-522368,38400,,,,,,
182155945607700,63250134903826,199,-4832,640,-1280,-14528,-525632,37888,,,,,,
182155946581200,63250135905159,200,-5632,1216,-2592,-15232,-523392,38080,,,,,,
182155947578900,63250136904618,201,-5120,1248,-1984,-13440,-523008,39424,,,,,,
182155948582500,63250137903743,202,-5152,960,-1568,-15296,-522752,38208,,,,,,
182155949588400,63250138904534,203,-4512,928,-2176,-14784,-522880,37120,,,,,,
182155950591400,63250139903784,204,-5088,608,-2464,-16064,-522752,35840,,,,,,
182155951584200,63250140903618,205,-4544,1312,-1984,-14400,-523520,37568,,,,,,
182155952583000,63250141903743,206,-5280,544,-1792,-14080,-524672,34880,,,,,,
182155953586500,63250142903784,207,-4448,640,-1696,-14720,-523840,35904,,,,,,
182155954573600,63250143904243,208,-4512,896,-1952,-13824,-522240,38912,,,,,,
182155955580900,63250144903784,209,-4576,480,-2048,-16000,-523840,36736,,,,,,
182155956591100,63250145903868,210,-4864,608,-1824,-14848,-522688,38592,,,,,,
182155957582100,63250146903951,211,-4960,1088,-2144,-16128,-522112,37952,,,,,,
182155958584600,63250147903659,212,-4800,768,-1408,-14720,-525056,36160,,,,,,
182155959586900,63250148904034,213,-4992,864,-2592,-15936,-524160,35776,,,,,,
182155960581400,63250149903784,214,-4960,1344,-2272,-16256,-524096,37440,,,,,,
182155961589800,63250150903701,215,-4480,480,-1952,-14400,-523648,39360,,,,,,
182155962595800,63250151903659,216,-4576,512,-2528,-13440,-522944,37760,,,,,,
182155963578100,63250152903826,217,-4768,480,-2016,-15104,-521728,37376,,,,,,
182155964575600,63250153903659,218,-4864,448,-2016,-13888,-522944,39808,,,,,,
182155965764800,63250154903659,219,-4736,672,-2144,-17088,-523072,40000,,,,,,
182155966599100,63250155903868,220,-5344,512,-2496,-15808,-523904,37568,,,,,,
182155967584000,63250156903784,221,-4800,1120,-2592,-15680,-522432,38016,,,,,,
182155968582800,63250157903659,222,-4960,160,-1920,-15616,-522432,37888,,,,,,
182155969588400,63250158903784,223,-4672,256,-1984,-14208,-522816,37440,,,,,,
182155970578900,63250159905159,224,-4832,608,-2688,-15872,-523392,37376,,,,,,
182155971588400,63250160903618,225,-4096,640,-2528,-13312,-523776,38272,,,,,,
182155972587300,63250161904576,226,-5152,256,-2336,-16064,-523264,39872,,,,,,
182155973608600,63250162903701,227,-5216,480,-2208,-16000,-522688,38784,,,,,,
182155974592600,63250163903618,228,-4640,-128,-2368,-15040,-525312,37440,,,,,,
182155975588700,63250164903909,229,-5504,128,-2368,-17088,-522752,38400,,,,,,
182155976579700,63250165907118,230,-5248,352,-2208,-14592,-524800,35520,,,,,,
182155977589300,63250166903576,231,-4480,160,-2080,-13440,-522176,39552,,,,,,
182155978591400,63250167903826,232,-5440,864,-2560,-13760,-524352,36864,,,,,,
182155979584900,63250168903701,233,-4768,576,-2624,-14528,-523008,34240,,,,,,
182155980578800,63250169903701,234,-5376,64,-1952,-15488,-523584,37632,,,,,,
182155981586400,63250170907784,235,-4800,576,-2656,-14336,-524864,38592,,,,,,
182155982591200,63250171904951,236,-4736,224,-2240,-14336,-522176,37888,,,,,,
182155983598700,63250172905034,237,-4704,480,-2368,-13632,-523712,38208,,,,,,
182155984579600,63250173903826,238,-4992,512,-2208,-14144,-525376,37696,,,,,,
182155985583000,63250174903743,239,-5024,704,-2752,-16512,-525248,38400,,,,,,
182155986578900,63250175903409,240,-4960,896,-2560,-14592,-524032,36416,,,,,,
182155987585700,63250176903951,241,-5280,1056,-2464,-14336,-524928,36800,,,,,,
182155988583000,63250177903701,242,-4864,992,-2336,-13760,-525632,36160,,,,,,
182155989575400,63250178903618,243,-4896,1152,-2784,-13120,-523968,35712,,,,,,
182155990586800,63250179904034,244,-5216,1248,-3104,-14528,-524288,37440,,,,,,
182155991702400,63250180908118,245,-4608,1216,-2304,-14784,-524800,36544,,,,,,
182155992713700,63250181909368,246,-5184,896,-2720,-14400,-524800,35840,,,,,,
182155993573400,63250182906993,247,-5248,1344,-2528,-15040,-525120,36992,,,,,,
182155994578400,63250183906409,248,-4384,1024,-2176,-14272,-525760,37312,,,,,,
182155995697700,63250184918618,249,-4800,1632,-2912,-14272,-523392,36992,,,,,,
182155996700600,63250185913368,250,-4064,1408,-2976,-13568,-523200,38976,,,,,,
182155997700100,63250186912409,251,-4608,1408,-2208,-14720,-524352,37376,,,,,,
182155998586500,63250187911951,252,-4416,1408,-2784,-15104,-522624,37568,,,,,,
182155999619400,63250188906951,253,-3904,1504,-3040,-16000,-524864,37312,,,,,,
182156000716700,63250189908368,254,-4352,1728,-2016,-14656,-522624,36480,,,,,,
182156001574900,63250190906409,255,-4256,1056,-2688,-13632,-524224,38592,,,,,,
182156002577700,63250191909784,0,-4992,2112,-3232,-14208,-523136,39296,,,,,,
182156003586800,63250192909243,1,-4736,1696,-2368,-14720,-523328,36864,,,,,,
182156004704700,63250193911951,2,-5120,1440,-2944,-14592,-524416,37696,,,,,,
182156005581000,63250194911159,3,-4352,1216,-2880,-14848,-524800,39040,,,,,,
182156006589700,63250195908493,4,-5472,1440,-3200,-14080,-522432,37632,,,,,,
182156007596900,63250196908409,5,-4416,1568,-3456,-14464,-522752,35392,,,,,,
182156008579600,63250197910034,6,-4256,2208,-2848,-13504,-523200,36032,,,,,,
182156009704400,63250198906534,7,-3968,1408,-2400,-16512,-522496,38464,,,,,,
182156010702400,63250199909243,8,-4160,1568,-2400,-14656,-522944,39104,,,,,,
182156011576300,63250200907159,9,-4416,1216,-2656,-15040,-524608,36416,,,,,,
182156012592900,63250201906409,10,-4832,1792,-2944,-14848,-524160,38720,,,,,,
182156013583800,63250202905326,11,-4288,1696,-2624,-13696,-524160,37120,,,,,,
182156014579500,63250203906493,12,-5216,1792,-2400,-13632,-525376,37312,,,,,,
182156015592400,63250204910493,13,-5184,2176,-2944,-14208,-522560,35648,,,,,,
182156016587800,63250205906201,14,-4032,1440,-2400,-13312,-525312,37376,,,,,,
182156017585700,63250206906243,15,-4416,1728,-3072,-11392,-523904,36928,,,,,,
182156018592200,63250207905534,16,-3936,1824,-2656,-14464,-524480,37248,,,,,,
182156019581900,63250208905951,17,-4192,1728,-2496,-13248,-523840,36800,,,,,,
182156020706900,63250209909076,18,-4640,1888,-2432,-12224,-523648,38400,,,,,,
182156021584000,63250210906701,19,-4160,1728,-2464,-11072,-523328,36672,,,,,,
182156022583700,63250211906743,20,-4416,2048,-2912,-12288,-521280,39424,,,,,,
182156023587700,63250212909659,21,-4384,1888,-2464,-13568,-524672,40960,,,,,,
182156024589000,63250213909034,22,-4608,1856,-1792,-13184,-523904,37760,,,,,,
182156025586300,63250214907368,23,-4480,1600,-1888,-11456,-522304,37184,,,,,,
182156026587100,63250215912451,24,-4608,1920,-2464,-14272,-522816,38592,,,,,,
182156027586100,63250216910159,25,-4160,2240,-1760,-14336,-522752,37312,,,,,,
182156028585900,63250217908243,26,-4224,2112,-2496,-11840,-522752,36352,,,,,,
182156029877100,63250218912659,27,-4544,2560,-2656,-13184,-523072,37376,,,,,,
182156030713200,63250219910493,28,-4512,2208,-1952,-15808,-523328,38080,,,,,,
182156031589700,63250220907284,29,-4928,2304,-2784,-12608,-521856,38464,,,,,,
182156032709900,63250221908493,30,-5216,2208,-1984,-13632,-522752,39552,,,,,,
182156033709900,63250222909993,31,-4608,2528,-2016,-12480,-522880,39616,,,,,,
182156034587600,63250223911326,32,-4576,2112,-2016,-11968,-525120,39296,,,,,,
182156035711400,63250224912326,33,-4736,2304,-2272,-13056,-523648,38976,,,,,,
182156036589600,63250225910618,34,-4480,2304,-1728,-11968,-523392,38656,,,,,,
182156037595300,63250226906576,35,-4512,2368,-2432,-14208,-524544,39616,,,,,,
182156038586800,63250227907118,36,-5280,1760,-2112,-12800,-523712,37760,,,,,,
182156039595100,63250228907618,37,-4512,2048,-1920,-14336,-523200,37568,,,,,,
182156040713200,63250229909243,38,-4992,2208,-2432,-13504,-524352,37760,,,,,,
182156041586700,63250230911409,39,-4608,1984,-1568,-12864,-524096,37888,,,,,,
182156042604200,63250231908993,40,-4608,2240,-2304,-13568,-523072,38336,,,,,,
182156043588000,63250232908284,41,-5152,2272,-2272,-13568,-522368,38144,,,,,,
182156044583000,63250233905951,42,-5024,1984,-2304,-13824,-523008,40960,,,,,,
182156045581600,63250234906826,43,-4864,2112,-2272,-14528,-524544,37632,,,,,,
182156046703700,63250235912368,44,-5152,1760,-2400,-14144,-522816,40064,,,,,,
182156047582100,63250236907201,45,-4640,1664,-1888,-14528,-522624,37696,,,,,,
182156048716400,63250237909159,46,-5312,2208,-1824,-14400,-522688,39488,,,,,,
182156049576600,63250238905618,47,-5888,1984,-2080,-13248,-524224,37760,,,,,,
182156050577600,63250239904743,48,-5312,1728,-2656,-12672,-523392,39232,,,,,,
182156051578600,63250240903743,49,-4576,2368,-2432,-16320,-523328,37376,,,,,,
182156052571900,63250241903534,50,-4800,1952,-1728,-13504,-522368,38720,,,,,,
182156053576200,63250242903743,51,-5152,2048,-2240,-15552,-523584,38144,,,,,,
182156054577700,63250243903659,52,-5728,1856,-2304,-14208,-524224,37632,,,,,,
182156055574700,63250244903493,53,-5312,2464,-2208,-15936,-521536,40384,,,,,,
182156056576000,63250245903784,54,-5632,1824,-2176,-15936,-524736,37632,,,,,,
182156057589100,63250246903659,55,-5408,2112,-1920,-15040,-524096,37952,,,,,,
182156058573600,63250247903618,56,-5632,2272,-2432,-16384,-522368,36416,,,,,,
182156059573500,63250248903743,57,-5504,2208,-2720,-16640,-525376,35136,,,,,,
182156060571200,63250249903659,58,-4832,1984,-1952,-15744,-524992,38144,,,,,,
182156061573100,63250250903701,59,-4576,2592,-2496,-15808,-523520,37184,,,,,,
182156062571500,63250251904326,60,-5088,1760,-2624,-17408,-523328,34176,,,,,,
182156063570000,63250252903826,61,-4736,2240,-2400,-15104,-523904,34944,,,,,,
182156064581800,63250253903534,62,-4576,1536,-2080,-17088,-524608,35520,,,,,,
182156065593100,63250254903868,63,-5024,1440,-2272,-15744,-524992,33472,,,,,,
182156066578400,63250255904701,64,-4800,1344,-2432,-16000,-524736,35328,,,,,,
182156067577400,63250256903701,65,-4992,1632,-2528,-17920,-526016,36544,,,,,,
182156068586900,63250257904701,66,-4416,1632,-1984,-16576,-524032,36544,,,,,,
182156069584200,63250258903784,67,-4576,1632,-2624,-16896,-524672,35776,,,,,,
182156070588300,63250259903743,68,-4512,1376,-2336,-17088,-525440,38784,,,,,,
182156071583200,63250260903868,69,-4672,704,-2752,-14272,-525312,35264,,,,,,
182156072596600,63250261903909,70,-4832,1120,-2432,-17024,-523968,38016,,,,,,
182156073586000,63250262903868,71,-4384,1120,-2112,-16128,-524864,38592,,,,,,
182156074588500,63250263903784,72,-4256,832,-2208,-16000,-524096,37312,,,,,,
182156075589800,63250264903743,73,-4384,704,-1984,-16960,-523136,36928,,,,,,
182156076591000,63250265903576,74,-4320,736,-2176,-14336,-522176,38400,,,,,,
182156077586600,63250266903159,75,-4352,288,-2176,-15296,-523200,38208,,,,,,
182156078582900,63250267903784,76,-4160,608,-2528,-17344,-522048,37184,,,,,,
182156079583600,63250268903659,77,-4448,192,-2176,-14400,-522560,37632,,,,,,
182156080584400,63250269904243,78,-4640,96,-2368,-13952,-520704,38272,,,,,,
182156081587200,63250270903826,79,-4864,-64,-2592,-14464,-524160,39168,,,,,,
182156082596200,63250271903784,80,-4096,-288,-2528,-13888,-521152,39552,,,,,,
182156083588200,63250272905243,81,-4320,-288,-1856,-14848,-521472,36416,,,,,,
182156084587200,63250273903784,82,-5024,160,-2848,-14336,-521600,38592,,,,,,
182156085589900,63250274903701,83,-4416,-288,-2400,-13440,-522496,39680,,,,,,
182156086591100,63250275903659,84,-4640,192,-2528,-15040,-523712,38656,,,,,,
182156087590400,63250276903951,85,-4096,128,-2080,-12800,-524800,37504,,,,,,
182156088592200,63250277903701,86,-4992,288,-2944,-13440,-522752,38784,,,,,,
182156089581100,63250278903576,87,-5024,384,-3008,-13376,-525504,38592,,,,,,
182156090586000,63250279903868,88,-4640,320,-1984,-13376,-523456,38336,,,,,,
182156091594700,63250280903868,89,-4960,384,-2784,-12864,-523008,39168,,,,,,
182156092676600,63250281905909,90,-5312,480,-2656,-11584,-522944,37888,,,,,,
182156093593200,63250282905284,91,-4480,192,-1984,-14144,-524160,38336,,,,,,
182156094587000,63250283903618,92,-4768,736,-2784,-11584,-523136,36864,,,,,,
182156095587000,63250284903659,93,-4448,384,-2016,-10560,-524416,35392,,,,,,
182156096588900,63250285903701,94,-5376,704,-2528,-13440,-523648,38144,,,,,,
182156097586400,63250286904326,95,-4896,896,-2432,-13248,-524416,36544,,,,,,
182156098592200,63250287903534,96,-4704,512,-2368,-12224,-524800,37184,,,,,,
182156099587800,63250288903951,97,-4832,736,-1920,-13504,-523264,37568,,,,,,
182156100580500,63250289903826,98,-5408,1184,-3008,-13952,-522880,38976,,,,,,
182156101586200,63250290903618,99,-4480,1504,-2848,-14144,-522816,40896,,,,,,
182156102588700,63250291903826,100,-4448,608,-2464,-13632,-523520,39808,,,,,,
182156103591200,63250292903743,101,-5120,768,-2400,-12352,-522624,37184,,,,,,
182156104597000,63250293904076,102,-4896,1344,-2336,-14528,-523392,36736,,,,,,
182156105589700,63250294904951,103,-4448,992,-2272,-13952,-525312,36416,,,,,,
182156106588200,63250295903784,104,-4896,1536,-2272,-14464,-521984,38976,,,,,,
182156107593400,63250296905493,105,-5408,1536,-2112,-14400,-523520,37184,,,,,,
182156108593200,63250297903534,106,-5216,1504,-2144,-13952,-523968,35328,,,,,,
182156109594400,63250298903618,107,-5248,1952,-2112,-14976,-523968,37440,,,,,,
182156110591700,63250299904284,108,-4768,1600,-2624,-15744,-523008,36864,,,,,,
182156111594000,63250300903576,109,-4480,1408,-2304,-15552,-522624,37568,,,,,,
182156112596800,63250301903784,110,-4832,1440,-2656,-16896,-523200,37248,,,,,,
182156113596600,63250302903576,111,-5088,1376,-2688,-16192,-523264,37696,,,,,,
182156114588700,63250303903909,112,-4896,1568,-1824,-13824,-523328,38720,,,,,,
182156115600700,63250304903909,113,-4704,1216,-2592,-13248,-524096,37312,,,,,,
182156116589800,63250305903576,114,-5696,1344,-2848,-16256,-524288,36928,,,,,,
182156117592500,63250306905076,115,-4992,960,-2432,-14528,-522688,36288,,,,,,
182156118597200,63250307903743,116,-4960,1088,-1696,-14912,-522112,38144,,,,,,
182156119595200,63250308903659,117,-5120,800,-2784,-16576,-524096,36224,,,,,,
182156120590000,63250309903701,118,-5024,896,-2336,-14592,-524736,37504,,,,,,
182156121590800,63250310904284,119,-4864,960,-2784,-14208,-524864,35840,,,,,,
182156122586400,63250311903784,120,-4768,832,-2016,-14016,-523584,38016,,,,,,
182156123593200,63250312903659,121,-4736,672,-1696,-13760,-524096,36352,,,,,,
182156124590400,63250313903868,122,-4512,736,-1824,-14400,-522112,34688,,,,,,
182156125591500,63250314903826,123,-4736,832,-2400,-14400,-523776,37120,,,,,,
182156126594400,63250315903576,124,-4352,672,-2368,-15808,-523072,37504,,,,,,
182156127593500,63250316903826,125,-4992,1184,-2368,-15232,-524544,36800,,,,,,
182156128592000,63250317903659,126,-4672,864,-1888,-12736,-522688,34624,,,,,,
182156129592700,63250318903659,127,-4672,224,-2400,-13824,-523264,35776,,,,,,
182156130593600,63250319903701,128,-4864,1184,-2912,-15744,-524608,37696,,,,,,
182156131844900,63250320903826,129,-4640,1024,-2560,-12992,-523648,36544,,,,,,
182156132594300,63250321903659,130,-4256,896,-2400,-14592,-523008,35200,,,,,,
182156133587300,63250322903618,131,-4512,928,-2368,-13568,-523072,37632,,,,,,
182156134591700,63250323905743,132,-4288,1344,-2880,-13952,-523904,36608,,,,,,
182156135593200,63250324903659,133,-4544,1344,-1792,-14336,-524992,39424,,,,,,
182156136591200,63250325903493,134,-5248,1344,-3072,-15872,-523584,37312,,,,,,
182156137578500,63250326903826,135,-4768,1472,-2464,-13120,-522240,38016,,,,,,
182156138583000,63250327903784,136,-4320,1696,-3040,-14400,-524736,38464,,,,,,
182156139589200,63250328903659,137,-4480,1824,-2016,-15552,-523712,36544,,,,,,
182156140600600,63250329903826,138,-4672,1696,-2368,-13952,-521728,37248,,,,,,
182156141592400,63250330903659,139,-4192,1888,-2720,-17472,-523072,34944,,,,,,
182156142590800,63250331904118,140,-4608,2464,-2432,-13568,-524224,39616,,,,,,
182156143590200,63250332903743,141,-4576,2176,-2240,-16256,-524096,39616,,,,,,
182156144591700,63250333903618,142,-4256,2528,-2432,-16256,-524224,36672,,,,,,
182156145594700,63250334903701,143,-4704,2304,-2080,-14720,-523776,37888,,,,,,
182156146595000,63250335904243,144,-3840,2560,-2976,-15424,-524288,39744,,,,,,
182156147590800,63250336903868,145,-4448,2304,-2464,-16384,-521856,37056,,,,,,
182156148593400,63250337903576,146,-4832,2208,-3008,-14592,-522496,36160,,,,,,
182156149590000,63250338903784,147,-4224,2368,-3104,-14464,-522624,38336,,,,,,
182156150591800,63250339903701,148,-4736,2368,-2208,-14144,-523200,38976,,,,,,
182156151591300,63250340903701,149,-4512,2272,-3424,-14720,-522624,40832,,,,,,
182156152587300,63250341903951,150,-4768,2208,-2336,-13056,-522240,39104,,,,,,
182156153586200,63250342903701,151,-4288,2336,-2848,-14464,-522624,38144,,,,,,
182156154582300,63250343903659,152,-4640,2208,-2432,-12928,-524352,35968,,,,,,
182156155582300,63250344903868,153,-5216,2272,-2944,-14848,-522688,35776,,,,,,
182156156595300,63250345904535,154,-4896,1952,-2464,-12096,-524352,38464,,,,,,
182156157632000,63250346903701,155,-3904,1952,-2752,-11904,-524416,38912,,,,,,
182156158596500,63250347903618,156,-4416,1728,-2432,-12160,-523456,39744,,,,,,
182156159580600,63250348903701,157,-4544,1888,-2432,-13632,-523008,38656,,,,,,
182156160587400,63250349903618,158,-4960,1920,-2432,-13056,-524224,39296,,,,,,
182156161587400,63250350905118,159,-4256,1824,-2688,-11968,-523584,38464,,,,,,
182156162590900,63250351903868,160,-4448,1504,-2016,-14528,-523584,39744,,,,,,
182156163594800,63250352903743,161,-4832,2048,-3168,-14400,-522944,39104,,,,,,
182156164582600,63250353903618,162,-4768,1760,-1984,-13824,-525056,37952,,,,,,
182156165591200,63250354903785,163,-4896,1728,-2304,-11904,-522048,38272,,,,,,
182156166586600,63250355903618,164,-5216,1312,-1856,-14336,-524224,38272,,,,,,
182156167587500,63250356903576,165,-4448,1728,-2592,-12736,-522624,36416,,,,,,
182156168589100,63250357903701,166,-5152,1760,-2624,-14528,-523328,36992,,,,,,
182156169588600,63250358903826,167,-4576,1248,-2016,-13632,-524608,36544,,,,,,
182156170593000,63250359903576,168,-4768,1760,-1856,-12928,-520896,38528,,,,,,
182156171586500,63250360904535,169,-4640,1152,-2272,-14592,-522624,38528,,,,,,
182156172582100,63250361903701,170,-4800,1536,-2048,-13952,-522688,37312,,,,,,
182156173591800,63250362903493,171,-4480,1216,-1952,-13120,-522368,37568,,,,,,
182156174587100,63250363903826,172,-5280,1504,-2368,-14464,-523776,38784,,,,,,
182156175588300,63250364903660,173,-4640,1792,-1760,-17216,-524608,39168,,,,,,
182156176587100,63250365903701,174,-4928,2048,-2496,-15168,-521088,38976,,,,,,
182156177587200,63250366903785,175,-5216,2112,-1824,-14272,-522816,39232,,,,,,
182156178592400,63250367905826,176,-4832,1888,-2560,-16576,-523200,39232,,,,,,
182156179588400,63250368903576,177,-4608,1696,-2112,-15360,-522496,38080,,,,,,
182156180585900,63250369903785,178,-4960,1920,-1856,-16128,-523584,37248,,,,,,
182156181585900,63250370906743,179,-5472,1728,-2208,-15552,-523584,36288,,,,,,
182156182641900,63250371904410,180,-5280,1888,-1920,-15488,-522048,37824,,,,,,
182156183592600,63250372903493,181,-5280,1504,-2400,-15872,-524288,36352,,,,,,
182156184579300,63250373903826,182,-4736,1760,-2688,-16000,-524480,38912,,,,,,
182156185586900,63250374903576,183,-5184,1728,-3008,-15296,-526208,37440,,,,,,
182156186589000,63250375903660,184,-4864,2016,-2976,-15040,-525440,37632,,,,,,
182156187592900,63250376903660,185,-4384,1824,-2528,-18240,-524480,37376,,,,,,
182156188587800,63250377903743,186,-4768,1888,-2144,-15296,-524480,37120,,,,,,
182156189573500,63250378903701,187,-4768,1600,-2432,-15488,-524032,37632,,,,,,
182156190599700,63250379903743,188,-4704,2080,-2304,-15808,-525888,36736,,,,,,
182156191601000,63250380903826,189,-4736,1280,-1920,-16768,-523712,36160,,,,,,
182156192587600,63250381905201,190,-5696,1472,-3040,-15296,-524800,36608,,,,,,
182156193586700,63250382905285,191,-4704,1376,-2144,-17472,-523200,38656,,,,,,
182156194591000,63250383903576,192,-4864,1472,-2336,-13824,-522752,35776,,,,,,
182156195590600,63250384903826,193,-5056,960,-2656,-15616,-523840,35264,,,,,,
182156196590400,63250385903743,194,-5088,864,-2560,-15872,-524224,35456,,,,,,
182156197593800,63250386904451,195,-4704,576,-2496,-15872,-524352,35840,,,,,,
182156198596500,63250387903535,196,-5056,576,-2176,-13952,-524800,36032,,,,,,
182156199597100,63250388903660,197,-5024,736,-2560,-14912,-522624,38400,,,,,,
182156200590300,63250389903618,198,-4640,800,-2336,-14016,-524928,36544,,,,,,
182156201586300,63250390903660,199,-4928,832,-2816,-15488,-524608,33664,,,,,,
182156202590400,63250391903785,200,-4736,544,-2720,-15872,-523776,40256,,,,,,
182156203590300,63250392903618,201,-4736,352,-2528,-14464,-525120,38144,,,,,,
182156204592700,63250393903660,202,-5088,992,-2304,-14912,-522496,37120,,,,,,
182156205591900,63250394903701,203,-4864,512,-2944,-14912,-523008,37952,,,,,,
182156206586500,63250395903743,204,-4768,448,-1920,-14400,-524992,37888,,,,,,
182156207595100,63250396903576,205,-5376,544,-2592,-14208,-523456,36608,,,,,,
182156208589500,63250397903785,206,-4768,544,-3456,-13312,-522304,37824,,,,,,
182156209590300,63250398903701,207,-4224,384,-1888,-16256,-522816,37760,,,,,,
182156210592300,63250399903993,208,-4544,800,-2368,-12544,-522880,38080,,,,,,
182156211589900,63250400906785,209,-4576,384,-2080,-15808,-524224,38464,,,,,,
182156212586500,63250401903660,210,-5408,736,-2720,-14336,-523840,37440,,,,,,
182156213588200,63250402903660,211,-4928,256,-2560,-15936,-523520,38592,,,,,,
182156214578900,63250403903493,212,-5024,544,-1952,-15040,-523840,34880,,,,,,
182156215589500,63250404903826,213,-5216,288,-2304,-14976,-523072,35200,,,,,,
182156216588300,63250405903618,214,-4896,448,-2336,-13952,-522816,39552,,,,,,
182156217587600,63250406904826,215,-4448,192,-2464,-15680,-523648,37824,,,,,,
182156218586900,63250407903826,216,-4672,832,-2656,-13696,-522944,36608,,,,,,
182156219591300,63250408903660,217,-4800,672,-2336,-15168,-523264,39104,,,,,,
182156220712500,63250409904035,218,-4960,832,-2304,-12864,-523520,37120,,,,,,
182156221587300,63250410905410,219,-4416,448,-2592,-14656,-525568,37952,,,,,,
182156222579300,63250411903826,220,-4576,608,-2016,-14080,-523328,37056,,,,,,
182156223599300,63250412903660,221,-4672,800,-2432,-15040,-521984,35904,,,,,,
182156224577100,63250413903701,222,-4928,1024,-2336,-15296,-523840,37248,,,,,,
182156225595200,63250414903618,223,-5024,704,-1888,-13696,-521984,38592,,,,,,
182156226602100,63250415903660,224,-4992,1024,-2848,-15424,-522688,39040,,,,,,
182156227587700,63250416903826,225,-4352,576,-2112,-13504,-523520,37568,,,,,,
182156228586100,63250417903660,226,-5088,480,-2016,-15488,-523200,38336,,,,,,
182156229588600,63250418903618,227,-4736,832,-1888,-13696,-522816,37888,,,,,,
182156230586600,63250419903701,228,-5216,1120,-2656,-14336,-523648,39744,,,,,,
182156231590000,63250420904910,229,-4864,992,-2240,-13120,-523968,38080,,,,,,
182156232592400,63250421903535,230,-4800,576,-1952,-14208,-523712,36160,,,,,,
182156233587000,63250422903910,231,-4768,768,-2144,-13632,-525056,37696,,,,,,
182156234588100,63250423903743,232,-4832,896,-2656,-15936,-522496,38976,,,,,,
182156235588900,63250424903618,233,-4448,736,-2848,-12096,-521920,35840,,,,,,
182156236588800,63250425903826,234,-4416,672,-2496,-14784,-522560,36800,,,,,,
182156237581600,63250426903618,235,-4832,640,-1184,-14720,-523584,38272,,,,,,
182156238585700,63250427903618,236,-4960,384,-2336,-14976,-523264,37120,,,,,,
182156239579400,63250428903535,237,-4928,544,-2592,-13184,-523456,36416,,,,,,
182156240599900,63250429903743,238,-4768,480,-2656,-14080,-523264,37184,,,,,,
182156241579000,63250430904618,239,-4224,992,-2240,-15104,-522496,38976,,,,,,
182156242626800,63250431904451,240,-4544,480,-1888,-13952,-521536,38912,,,,,,
182156243591900,63250432903826,241,-4928,896,-1632,-14784,-522816,36672,,,,,,
182156244589400,63250433903660,242,-5216,704,-2304,-13248,-524032,37312,,,,,,
182156245588900,63250434903785,243,-4512,832,-2176,-14080,-524032,37312,,,,,,
182156246587400,63250435903785,244,-4640,768,-2272,-13824,-521984,35712,,,,,,
182156247588700,63250436903535,245,-5088,736,-2272,-14144,-523776,35456,,,,,,
182156248590900,63250437904285,246,-5184,928,-2560,-14272,-524416,37888,,,,,,
182156249588500,63250438903660,247,-4064,384,-1632,-14080,-522880,38208,,,,,,
182156250586200,63250439903660,248,-4896,1184,-2272,-15168,-522688,35200,,,,,,
182156251589000,63250440903660,249,-4512,928,-2912,-14144,-524928,36160,,,,,,
182156252589400,63250441904201,250,-4672,992,-1984,-12864,-522304,38848,,,,,,
182156253589200,63250442903701,251,-4608,992,-2048,-14592,-523136,38080,,,,,,
182156254577400,63250443903576,252,-5120,896,-2976,-14912,-523392,35264,,,,,,
182156255587300,63250444904618,253,-4864,1344,-1760,-15360,-523712,38208,,,,,,
182156256585600,63250445903618,254,-4576,960,-2336,-16896,-524096,38912,,,,,,
182156257590300,63250446903576,255,-4672,1152,-2560,-14976,-522688,39488,,,,,,
182156258586800,63250447903826,0,-4320,1408,-2720,-16384,-524608,38592,,,,,,
182156259592800,63250448904243,1,-4224,1312,-2080,-14656,-524928,37824,,,,,,
182156260588000,63250449903660,2,-4320,1824,-2656,-14272,-523584,36544,,,,,,
182156261592100,63250450903826,3,-4864,1696,-2528,-12928,-525056,36992,,,,,,
182156262589600,63250451903701,4,-5152,1536,-2144,-13952,-523648,35712,,,,,,
182156263591800,63250452903660,5,-4768,1888,-2208,-15744,-524096,36672,,,,,,
182156264577100,63250453903826,6,-4064,1664,-1728,-15360,-523968,39744,,,,,,
182156265593400,63250454903826,7,-4512,1536,-2688,-15552,-522944,38208,,,,,,
182156266591100,63250455903701,8,-4192,1856,-2880,-14016,-523264,36992,,,,,,
182156267591700,63250456905660,9,-4544,1568,-2336,-14208,-523648,38976,,,,,,
182156268588800,63250457903826,10,-4992,1696,-2976,-12416,-523520,39552,,,,,,
182156269587900,63250458903660,11,-4576,1824,-2272,-14656,-523968,37888,,,,,,
182156270595600,63250459903576,12,-4352,1952,-2656,-14656,-522816,38336,,,,,,
182156271578600,63250460906410,13,-4480,1408,-2464,-14784,-522944,37120,,,,,,
182156272579000,63250461903535,14,-4768,1888,-2976,-13696,-523456,37504,,,,,,
182156273580500,63250462903535,15,-4640,1568,-2656,-15616,-523136,38592,,,,,,
182156274600200,63250463904701,16,-4384,1536,-2048,-14848,-522880,39680,,,,,,
182156275574300,63250464903743,17,-5088,1408,-2752,-13568,-522496,38720,,,,,,
182156276580200,63250465905035,18,-4864,1312,-3296,-14656,-524992,39552,,,,,,
182156277585000,63250466903785,19,-4576,1632,-2560,-13952,-521792,36608,,,,,,
182156278604200,63250467903618,20,-4992,1504,-3424,-12672,-523584,39552,,,,,,
182156279574100,63250468903535,21,-4288,1056,-1632,-15232,-525888,36416,,,,,,
182156280591000,63250469903743,22,-4448,1376,-2112,-14784,-524800,38912,,,,,,
182156281581200,63250470903701,23,-5024,1504,-3296,-12992,-523648,36864,,,,,,
182156282603700,63250471905035,24,-5024,1344,-2784,-12928,-524928,40000,,,,,,
182156283587700,63250472903785,25,-4704,1376,-2848,-14400,-525184,37760,,,,,,
182156284585900,63250473903743,26,-4704,1120,-2368,-13184,-524224,37120,,,,,,
182156285587700,63250474903660,27,-4544,1440,-2432,-12352,-523264,40128,,,,,,
182156286590000,63250475903701,28,-4832,2048,-2624,-13440,-523264,38976,,,,,,
182156287588400,63250476903743,29,-4832,1152,-2240,-14912,-523392,38272,,,,,,
182156288586000,63250477904951,30,-4512,1408,-2720,-14592,-523648,38912,,,,,,
182156289667700,63250478903743,31,-4288,1184,-2464,-14720,-525184,38784,,,,,,
182156290589800,63250479903660,32,-4768,1280,-2592,-14720,-525312,36352,,,,,,
182156291592500,63250480904910,33,-4992,1696,-2496,-12992,-522880,37056,,,,,,
182156292584900,63250481903868,34,-4288,1248,-1984,-13312,-523776,39232,,,,,,
182156293592100,63250482903618,35,-5152,1952,-2464,-14720,-524288,38208,,,,,,
182156294601000,63250483903576,36,-4832,1344,-2368,-13248,-522432,40896,,,,,,
182156295584400,63250484903576,37,-4832,1600,-2368,-12992,-524928,37184,,,,,,
182156296577100,63250485903618,38,-4864,1504,-2432,-13568,-523520,36992,,,,,,
182156297599400,63250486903535,39,-4736,1952,-2976,-13888,-523264,41024,,,,,,
182156298589700,63250487903493,40,-4736,1440,-2560,-14016,-524928,38656,,,,,,
182156299576700,63250488903326,41,-4384,1856,-1728,-13248,-523200,36992,,,,,,
182156300576600,63250489903743,42,-4576,1664,-2848,-14336,-523456,37888,,,,,,
182156301602300,63250490903618,43,-5344,1600,-2688,-14400,-522240,36608,,,,,,
182156302587700,63250491903785,44,-4736,1440,-2176,-13568,-523008,38656,,,,,,
182156303585800,63250492903701,45,-4928,2464,-2464,-14592,-522880,36480,,,,,,
182156304590700,63250493903743,46,-4864,1728,-2208,-14144,-523840,37760,,,,,,
182156305592900,63250494906160,47,-5120,1760,-2464,-14464,-524224,39360,,,,,,
182156306586200,63250495903743,48,-4672,1824,-2624,-14272,-523904,38592,,,,,,
182156307591600,63250496903576,49,-5056,1824,-2976,-15808,-523456,35840,,,,,,
182156308584100,63250497903618,50,-5216,2016,-2368,-14144,-523840,38720,,,,,,
182156309589100,63250498903535,51,-5088,1952,-2432,-15296,-523520,37952,,,,,,
182156310592400,63250499903576,52,-5696,1664,-2944,-14272,-523968,38592,,,,,,
182156311601900,63250500904368,53,-4960,1664,-2240,-14656,-524352,37632,,,,,,
182156312586900,63250501905118,54,-4800,1760,-2080,-13440,-522560,36800,,,,,,
182156313589800,63250502903701,55,-5408,1472,-2400,-14848,-523712,38336,,,,,,
182156314635700,63250503903451,56,-4352,1664,-2304,-13312,-524928,37504,,,,,,
182156315593600,63250504903785,57,-5120,1696,-2368,-14464,-521280,38016,,,,,,
182156316588300,63250505903493,58,-4864,1728,-2272,-14912,-523456,35520,,,,,,
182156317586400,63250506905326,59,-4832,800,-2560,-14080,-523904,38656,,,,,,
182156318591200,63250507905826,60,-4896,1472,-2528,-14528,-521792,36864,,,,,,
182156319594700,63250508905368,61,-5248,1120,-2240,-14528,-522176,40064,,,,,,
182156320590100,63250509903535,62,-4832,1024,-2368,-13504,-523904,37888,,,,,,
182156321588400,63250510904660,63,-5248,896,-2816,-15232,-522368,35648,,,,,,
182156322592700,63250511904826,64,-5376,1280,-1952,-15168,-523584,35392,,,,,,
182156323590500,63250512903576,65,-4640,1056,-1984,-16768,-523008,37824,,,,,,
182156324593100,63250513905785,66,-4800,736,-2496,-15552,-523968,39488,,,,,,
182156325587100,63250514903785,67,-4832,960,-2144,-13952,-525440,38400,,,,,,
182156326587200,63250515903576,68,-4832,672,-2112,-13760,-522432,36736,,,,,,
182156327586100,63250516903826,69,-4928,672,-2336,-15168,-523776,36736,,,,,,
182156328589800,63250517903576,70,-4800,768,-1952,-15232,-523520,39232,,,,,,
182156329589800,63250518903660,71,-5152,864,-2464,-17984,-523584,37504,,,,,,
182156330589900,63250519903743,72,-4704,672,-2048,-12736,-523712,37184,,,,,,
182156331593800,63250520903785,73,-4928,544,-2400,-14592,-522752,37824,,,,,,
182156332590700,63250521903618,74,-4224,736,-1760,-14400,-523392,39680,,,,,,
182156333591100,63250522903910,75,-4768,992,-2080,-15104,-524416,38208,,,,,,
182156334589500,63250523904660,76,-5088,1312,-1888,-15360,-523840,37184,,,,,,
182156335625300,63250524903618,77,-4256,1056,-2144,-14272,-523968,35264,,,,,,
182156336585400,63250525903743,78,-4672,864,-2272,-14592,-524544,37056,,,,,,
182156337578000,63250526903743,79,-4544,1216,-2336,-12672,-524160,36992,,,,,,
182156338580100,63250527904285,80,-4640,1152,-2016,-13248,-523520,38208,,,,,,
182156339723300,63250528903785,81,-5024,928,-2656,-14592,-522752,37952,,,,,,
182156340583900,63250529903743,82,-4096,1216,-2720,-14528,-523520,37888,,,,,,
182156341587500,63250530903618,83,-4864,960,-2656,-14208,-523520,36608,,,,,,
182156342587400,63250531903826,84,-5056,1440,-3488,-14464,-523712,35648,,,,,,
182156343587200,63250532904868,85,-4992,1152,-2656,-15040,-523392,38144,,,,,,
182156344593500,63250533903868,86,-5184,1632,-2176,-12672,-523520,37568,,,,,,
182156345598700,63250534903743,87,-5024,1472,-2976,-13504,-523840,38656,,,,,,
182156346583900,63250535903660,88,-4736,1344,-2464,-12992,-523520,37440,,,,,,
182156347588600,63250536904285,89,-5088,992,-3264,-14144,-523392,38336,,,,,,
182156348591100,63250537904868,90,-4160,1536,-1856,-14016,-524544,39168,,,,,,
182156349590900,63250538904743,91,-5280,1088,-2336,-14016,-522560,38592,,,,,,
182156350589300,63250539903785,92,-5152,736,-2432,-13504,-521920,37440,,,,,,
182156351583800,63250540903576,93,-4416,1088,-2624,-12672,-522432,38144,,,,,,
182156352583900,63250541903868,94,-4576,960,-1856,-13248,-521984,38528,,,,,,
182156353586500,63250542903660,95,-5152,800,-2688,-14464,-522496,38592,,,,,,
182156354583400,63250543903576,96,-4864,1344,-2400,-15296,-521408,39040,,,,,,
182156355589500,63250544903618,97,-4352,1152,-2496,-12992,-523584,36736,,,,,,
182156356591700,63250545903660,98,-4416,1248,-1760,-11712,-523264,38592,,,,,,
182156357589400,63250546904410,99,-4544,640,-1600,-12608,-522880,38656,,,,,,
182156358586100,63250547903785,100,-4896,960,-2560,-12864,-522368,39744,,,,,,
182156359588700,63250548903618,101,-4640,736,-1600,-12160,-523904,37696,,,,,,
182156360590000,63250549903535,102,-4704,1120,-1824,-14208,-522688,38912,,,,,,
182156361588800,63250550907493,103,-5216,864,-1504,-13632,-522944,39552,,,,,,
182156362590100,63250551904535,104,-4832,992,-2848,-12096,-522048,38272,,,,,,
182156363590300,63250552903535,105,-4608,768,-2496,-13120,-524416,37888,,,,,,
182156364587200,63250553904035,106,-5248,544,-2272,-12800,-521984,39296,,,,,,
182156365593100,63250554904868,107,-4000,512,-1728,-12800,-522752,38144,,,,,,
182156366591300,63250555903660,108,-4672,864,-1920,-13760,-523904,37184,,,,,,
182156367589600,63250556903743,109,-4480,608,-1696,-15744,-523264,39744,,,,,,
182156368587400,63250557903576,110,-4864,864,-1760,-13632,-523968,36352,,,,,,
182156369587200,63250558904618,111,-4512,1440,-2080,-14528,-523904,34624,,,,,,
182156370586500,63250559903451,112,-5152,1440,-2240,-14784,-523264,38272,,,,,,
182156371598400,63250560903743,113,-4672,800,-1440,-16448,-524544,35520,,,,,,
182156372593000,63250561903618,114,-5216,1440,-2144,-16576,-525760,37248,,,,,,
182156373587000,63250562903451,115,-4736,1696,-2080,-16128,-525824,39168,,,,,,
182156374592800,63250563904576,116,-4736,1696,-1856,-15168,-524672,37696,,,,,,
182156375587500,63250564903701,117,-4992,1440,-1664,-13888,-523904,37952,,,,,,
182156376587300,63250565904868,118,-4256,1728,-2464,-14976,-524992,39104,,,,,,
182156377581500,63250566903660,119,-4512,1824,-2208,-13888,-527104,39296,,,,,,
182156378580800,63250567903618,120,-4832,1504,-2240,-15744,-525184,36864,,,,,,
182156379589800,63250568903701,121,-5120,1696,-1856,-14784,-524096,39232,,,,,,
182156380590000,63250569903618,122,-4992,1952,-2464,-14144,-524160,38656,,,,,,
182156381592700,63250570903660,123,-5248,1920,-2464,-15168,-526080,35136,,,,,,
182156382589600,63250571903576,124,-4672,1472,-2400,-16384,-525312,37376,,,,,,
182156383588600,63250572903993,125,-5184,1920,-2528,-14784,-524736,36736,,,,,,
182156384588900,63250573903785,126,-4704,2144,-2752,-14656,-524928,36864,,,,,,
182156385589500,63250574903618,127,-4736,2336,-2432,-14464,-525376,36480,,,,,,
182156386593400,63250575903868,128,-5056,2112,-2848,-13696,-526016,39680,,,,,,
182156387579400,63250576903701,129,-5696,2368,-3072,-15232,-523904,37184,,,,,,
182156388572000,63250577904160,130,-4448,2176,-2560,-14912,-525568,38208,,,,,,
182156389620600,63250578904451,131,-4736,2208,-2112,-14528,-527168,37312,,,,,,
182156390590300,63250579903576,132,-4320,2208,-1984,-14400,-524864,38464,,,,,,
182156391583100,63250580903576,133,-4032,2112,-2176,-14528,-526080,37632,,,,,,
182156392598100,63250581903660,134,-4768,1632,-2720,-14592,-524672,38016,,,,,,
182156393583800,63250582903785,135,-4608,2016,-2272,-12352,-526080,36096,,,,,,
182156394585600,63250583904410,136,-4320,1664,-2176,-14080,-523648,39808,,,,,,
182156395590400,63250584903826,137,-4160,2112,-2304,-13632,-525824,36480,,,,,,
182156396587300,63250585903743,138,-4704,1632,-2688,-14208,-524160,37504,,,,,,
182156397590900,63250586903493,139,-4352,1600,-2208,-13696,-523008,35584,,,,,,
182156398591800,63250587903201,140,-4640,1696,-2400,-14976,-523904,36672,,,,,,
182156399587600,63250588904618,141,-4032,1248,-2400,-14080,-522560,36736,,,,,,
182156400584900,63250589903535,142,-4224,1760,-2112,-12992,-525568,32512,,,,,,
182156401583700,63250590903660,143,-4288,1440,-2240,-13888,-524800,37568,,,,,,
182156402593400,63250591903660,144,-4512,1184,-2400,-14272,-523072,36288,,,,,,
182156403592300,63250592903868,145,-4064,1248,-1888,-13888,-524032,36992,,,,,,
182156404590100,63250593903576,146,-3808,1408,-2144,-14848,-523520,37888,,,,,,
182156405590700,63250594903785,147,-4032,1376,-2528,-14080,-523072,37504,,,,,,
182156406592300,63250595906410,148,-4320,1696,-2272,-15040,-522752,36736,,,,,,
182156407590100,63250596903618,149,-4224,1120,-1888,-16320,-525952,39424,,,,,,
182156408587400,63250597903285,150,-4576,1536,-2208,-16384,-524672,37504,,,,,,
182156409586600,63250598903868,151,-4320,1344,-2304,-16320,-524992,38208,,,,,,
182156410587400,63250599903618,152,-4064,1504,-2144,-15936,-521728,38976,,,,,,
182156411594000,63250600903701,153,-4320,1248,-2112,-15296,-522880,39360,,,,,,
182156412588900,63250601906368,154,-5152,1248,-2272,-13888,-522176,40960,,,,,,
182156413586800,63250602905576,155,-4896,1280,-2464,-14016,-523072,39744,,,,,,
182156414589500,63250603903743,156,-4800,1472,-2624,-13568,-522240,38912,,,,,,
182156415593400,63250604903660,157,-4288,1120,-2496,-16192,-521920,38080,,,,,,
182156416585600,63250605903618,158,-4736,1376,-2560,-14272,-522176,39168,,,,,,
182156417572200,63250606903910,159,-4672,1504,-2912,-16768,-523456,38464,,,,,,
182156418590200,63250607903826,160,-4576,1536,-2880,-13568,-521792,40000,,,,,,
182156419591400,63250608903576,161,-3776,1728,-2112,-12992,-521088,39296,,,,,,
182156420604700,63250609903660,162,-4736,1952,-1984,-14080,-521600,38976,,,,,,
182156421585700,63250610903743,163,-4288,1888,-2624,-13888,-522944,37952,,,,,,
182156422589300,63250611903535,164,-5152,2016,-2464,-14400,-522304,37504,,,,,,
182156423593200,63250612903451,165,-4864,2304,-2944,-12672,-524608,39872,,,,,,
182156424589600,63250613903701,166,-4480,2400,-2272,-16704,-522560,39808,,,,,,
182156425588700,63250614903576,167,-4832,2112,-2432,-12288,-521664,38592,,,,,,
182156426586100,63250615903576,168,-5088,2624,-2496,-14592,-521856,37120,,,,,,
182156427588500,63250616903701,169,-5632,2240,-2848,-15232,-523264,37760,,,,,,
182156428594100,63250617903701,170,-5120,2432,-3296,-14272,-522560,37568,,,,,,
182156429591400,63250618903535,171,-5344,2016,-2432,-13760,-522560,40576,,,,,,
182156430593000,63250619905243,172,-4832,2496,-2464,-14272,-522944,38208,,,,,,
182156431588500,63250620905576,173,-5280,2080,-2016,-11456,-522944,38400,,,,,,
182156432586500,63250621903493,174,-4992,1856,-1952,-12800,-523264,38144,,,,,,
182156433589000,63250622903785,175,-4416,1792,-2720,-12928,-522624,38208,,,,,,
182156434597000,63250623903618,176,-4896,1632,-1856,-14208,-522496,38592,,,,,,
182156435589200,63250624903493,177,-5824,1632,-2016,-12992,-523712,35776,,,,,,
182156436591400,63250625903701,178,-5312,1824,-2464,-14336,-523136,38400,,,,,,
182156437587700,63250626903618,179,-5440,1536,-2528,-14336,-523968,37440,,,,,,
182156438584000,63250627903618,180,-5184,1440,-2400,-16064,-524736,36224,,,,,,
182156439760900,63250628903618,181,-4704,1632,-1984,-14528,-522560,38464,,,,,,
182156440576400,63250629903785,182,-5152,1408,-2208,-15936,-523200,37696,,,,,,
182156441579000,63250630903785,183,-5312,1792,-2336,-13120,-522304,38976,,,,,,
182156442588400,63250631903785,184,-5248,1472,-2176,-13696,-522880,37888,,,,,,
182156443589700,63250632904493,185,-5088,1824,-2464,-13248,-523328,37888,,,,,,
182156444587800,63250633903576,186,-4800,1792,-2784,-14528,-524288,37248,,,,,,
182156445592500,63250634903701,187,-5024,2048,-2272,-16384,-523520,39488,,,,,,
182156446589900,63250635903785,188,-4960,1824,-1952,-15104,-521536,38848,,,,,,
182156447589300,63250636903576,189,-5216,1600,-2112,-14976,-522560,40256,,,,,,
182156448591300,63250637904993,190,-4960,2080,-2464,-14976,-524672,39424,,,,,,
182156449582100,63250638905243,191,-4832,1600,-2176,-14464,-522176,38144,,,,,,
182156450594200,63250639904868,192,-5216,1408,-2784,-16320,-525248,37248,,,,,,
182156451625200,63250640903576,193,-5312,1728,-2176,-15040,-525632,35968,,,,,,
182156452586900,63250641903618,194,-5408,1632,-2400,-15104,-523968,36992,,,,,,
182156453587400,63250642903785,195,-5184,1376,-2080,-15168,-521408,39040,,,,,,
182156454590800,63250643903451,196,-5408,1344,-3008,-14976,-524160,38720,,,,,,
182156455590300,63250644903785,197,-4736,1632,-2656,-16064,-522624,36544,,,,,,
182156456593800,63250645903576,198,-5504,1888,-2688,-14272,-523712,37824,,,,,,
182156457591500,63250646903493,199,-4032,1440,-2784,-15296,-526016,36224,,,,,,
182156458591900,63250647903618,200,-5120,1504,-3104,-16768,-523648,36864,,,,,,
182156459590900,63250648903535,201,-4544,1440,-2592,-14912,-524800,37248,,,,,,
182156460587600,63250649903535,202,-4544,1376,-1984,-14592,-524544,39168,,,,,,
182156461586200,63250650903826,203,-4800,1280,-2368,-15232,-523200,35584,,,,,,
182156462587700,63250651903576,204,-4832,1376,-2848,-15168,-523776,38208,,,,,,
182156463589300,63250652903576,205,-4736,1760,-2816,-15360,-524352,35200,,,,,,
182156464590500,63250653903993,206,-4576,1568,-2528,-14592,-523712,39104,,,,,,
182156465583800,63250654903618,207,-4864,1376,-2560,-14592,-522752,37760,,,,,,
182156466598000,63250655904910,208,-4160,1024,-2048,-15040,-523392,36480,,,,,,
182156467588700,63250656903785,209,-5184,1088,-2400,-15424,-522816,38016,,,,,,
182156468586100,63250657903701,210,-4832,1408,-2784,-13888,-522048,35840,,,,,,
182156469586100,63250658903576,211,-5056,704,-2240,-15232,-522112,38144,,,,,,
182156470586100,63250659903493,212,-4608,800,-2688,-15040,-524096,37888,,,,,,
182156471715400,63250660905410,213,-4448,960,-1856,-13376,-522368,34880,,,,,,
182156472586500,63250661903910,214,-5440,544,-2272,-12992,-524352,40064,,,,,,
182156473586400,63250662903618,215,-4800,576,-2912,-14016,-523392,36480,,,,,,
182156474589600,63250663903785,216,-4672,896,-2016,-13056,-523136,38592,,,,,,
182156475586900,63250664903660,217,-4576,704,-2080,-13312,-523072,36736,,,,,,
182156476586400,63250665903576,218,-4832,416,-2336,-14272,-524288,37824,,,,,,
182156477586600,63250666903743,219,-4224,544,-1984,-14016,-523328,39616,,,,,,
182156478588500,63250667903701,220,-4992,416,-1728,-13568,-523776,37824,,,,,,
182156479588900,63250668903576,221,-4512,192,-2016,-14848,-523712,38976,,,,,,
182156480587700,63250669903660,222,-4768,-224,-1792,-13312,-524160,38016,,,,,,
182156481583200,63250670903618,223,-5120,-96,-2240,-14208,-523904,38272,,,,,,
182156482590200,63250671903451,224,-4896,160,-2048,-12800,-524416,37760,,,,,,
182156483587600,63250672903951,225,-4448,-32,-1952,-13696,-522560,38272,,,,,,
182156484586800,63250673903576,226,-4736,-96,-2048,-13824,-522112,38400,,,,,,
182156485589600,63250674903660,227,-4480,-96,-1376,-14464,-523456,40448,,,,,,
182156486595000,63250675903701,228,-4320,-224,-1728,-15232,-523840,38528,,,,,,
182156487587800,63250676903535,229,-5088,-192,-1888,-13568,-522048,40128,,,,,,
182156488589700,63250677903618,230,-4736,-96,-992,-13120,-522624,39296,,,,,,
182156489571900,63250678905951,231,-4608,-64,-2528,-13952,-522688,37376,,,,,,
182156490589000,63250679903618,232,-4960,384,-2240,-13504,-523712,38528,,,,,,
182156491646600,63250680903576,233,-4544,-96,-1920,-17984,-523712,38208,,,,,,
182156492589500,63250681903826,234,-5632,192,-2144,-14464,-524992,37568,,,,,,
182156493588800,63250682904451,235,-4576,1248,-2656,-15552,-522816,36992,,,,,,
182156494587600,63250683903576,236,-4448,384,-1504,-13440,-524544,37760,,,,,,
182156495589000,63250684903910,237,-5152,640,-1856,-15936,-522752,39552,,,,,,
182156496588300,63250685903660,238,-5440,640,-1856,-14912,-523840,35648,,,,,,
182156497580000,63250686903660,239,-5472,1024,-2368,-13952,-525376,38336,,,,,,
182156498588700,63250687903743,240,-4608,800,-1824,-13376,-524864,37184,,,,,,
182156499585700,63250688903701,241,-4672,928,-2240,-14656,-524544,38528,,,,,,
182156500595200,63250689903701,242,-5408,992,-1952,-14976,-524864,36352,,,,,,
182156501582700,63250690903535,243,-4736,928,-1760,-15616,-523712,38016,,,,,,
182156502579100,63250691903660,244,-4736,1024,-2240,-15232,-525504,37568,,,,,,
182156503578400,63250692903785,245,-5088,736,-2304,-16000,-524160,36352,,,,,,
182156504587500,63250693903493,246,-4352,928,-2208,-15872,-525248,36800,,,,,,
182156505590000,63250694903785,247,-4896,704,-1760,-12416,-524608,36480,,,,,,
182156506602200,63250695903618,248,-4992,1408,-2720,-14144,-525696,36544,,,,,,
182156507594200,63250696903826,249,-4512,736,-2048,-15936,-525376,38912,,,,,,
182156508590500,63250697904618,250,-4256,1184,-1792,-16000,-526976,35712,,,,,,
182156509585800,63250698903576,251,-5312,736,-2432,-14144,-526336,36096,,,,,,
182156510588300,63250699903576,252,-4928,800,-1984,-14784,-523968,37120,,,,,,
182156511589600,63250700903701,253,-4096,608,-2432,-15424,-524800,40832,,,,,,
182156512586700,63250701903660,254,-4576,512,-2368,-15424,-525120,35072,,,,,,
182156513585500,63250702903618,255,-4672,544,-1408,-16640,-526144,34816,,,,,,
182156514702600,63250703903701,0,-4768,448,-2976,-15808,-524608,36864,,,,,,
182156515592500,63250704903660,1,-3712,384,-2176,-14720,-525568,36224,,,,,,
182156516597500,63250705903493,2,-4672,128,-2112,-15616,-524544,40320,,,,,,
182156517593600,63250706903701,3,-4128,672,-2176,-13568,-522176,36224,,,,,,
182156518595500,63250707903826,4,-5120,544,-2464,-13568,-524544,39040,,,,,,
182156519585200,63250708906368,5,-4192,704,-2272,-14976,-525184,35840,,,,,,
182156520587600,63250709903785,6,-4832,640,-2208,-15552,-524352,35904,,,,,,
182156521585800,63250710903535,7,-4768,576,-2432,-14912,-523072,39232,,,,,,
182156522593400,63250711903701,8,-4416,704,-3072,-15744,-523648,36864,,,,,,
182156523605900,63250712903451,9,-4448,640,-2464,-14592,-524800,40000,,,,,,
182156524595300,63250713904160,10,-4416,768,-2016,-15040,-522944,37312,,,,,,
182156525588300,63250714905243,11,-4704,672,-3040,-14208,-524096,38400,,,,,,
182156526586600,63250715905118,12,-4704,1568,-2464,-13888,-522368,37760,,,,,,
182156527587700,63250716903743,13,-4576,672,-2400,-14464,-522176,40704,,,,,,
182156528586900,63250717903576,14,-5056,1056,-2592,-12672,-521472,36736,,,,,,
182156529590900,63250718903451,15,-4544,1024,-2944,-15360,-521152,40960,,,,,,
182156530671400,63250719904160,16,-4640,1120,-2848,-16256,-521984,34816,,,,,,
182156531592500,63250720903576,17,-4416,1120,-1792,-14528,-521472,37632,,,,,,
182156532600700,63250721903535,18,-4672,1696,-2944,-14336,-521408,39936,,,,,,
182156533590500,63250722903826,19,-4352,1152,-2880,-13632,-522816,39680,,,,,,
182156534586800,63250723903201,20,-4672,1312,-2464,-14016,-521600,36928,,,,,,
182156535592100,63250724903743,21,-4832,1312,-2432,-15808,-523136,39040,,,,,,
182156536585600,63250725903785,22,-5184,1152,-2144,-12288,-522368,37440,,,,,,
182156537584800,63250726903785,23,-4352,1152,-2528,-14976,-523264,36672,,,,,,
182156538585100,63250727903618,24,-4832,1184,-2528,-14592,-523840,39104,,,,,,
182156539575500,63250728903743,25,-5184,1312,-2272,-15104,-523136,41472,,,,,,
182156540591000,63250729904451,26,-4800,1120,-3040,-12224,-520448,39936,,,,,,
182156541587300,63250730903535,27,-4448,1152,-2400,-11968,-523008,41280,,,,,,
182156542586800,63250731903785,28,-4640,1216,-2240,-14528,-521728,36672,,,,,,
182156543585000,63250732903660,29,-4320,864,-2048,-14464,-524288,38528,,,,,,
182156544587000,63250733903701,30,-5056,928,-2176,-10240,-523264,36224,,,,,,
182156545590500,63250734903951,31,-5152,896,-2336,-12288,-523776,40384,,,,,,
182156546591200,63250735903660,32,-4544,896,-2624,-13952,-521664,37696,,,,,,
182156547587000,63250736904493,33,-4192,960,-2464,-10688,-521728,37440,,,,,,
182156548589200,63250737903826,34,-4672,800,-2176,-13504,-523072,37952,,,,,,
182156549589100,63250738903743,35,-4128,544,-2496,-11648,-522112,39232,,,,,,
182156550588900,63250739904826,36,-4928,1056,-2688,-12736,-522624,38784,,,,,,
182156551588000,63250740903410,37,-4992,1056,-1536,-13248,-520512,38656,,,,,,
182156552589700,63250741903826,38,-4416,1344,-2112,-14080,-522048,37952,,,,,,
182156553591800,63250742904785,39,-4640,1408,-1856,-12608,-521152,39040,,,,,,
182156554591400,63250743904076,40,-5408,1472,-2848,-13440,-522112,41728,,,,,,
182156555592000,63250744903743,41,-5056,1280,-2624,-14080,-521408,39104,,,,,,
182156556593300,63250745903618,42,-4800,1760,-2816,-14592,-521536,39488,,,,,,
182156557588600,63250746903576,43,-4672,1280,-1568,-14336,-522496,39104,,,,,,
182156558588400,63250747903701,44,-5152,1696,-2784,-13824,-521792,39936,,,,,,
182156559588700,63250748904076,45,-4608,2112,-3040,-15936,-522432,39680,,,,,,
182156560588700,63250749903451,46,-4960,1632,-2112,-15616,-522560,37888,,,,,,
182156561590800,63250750904201,47,-4800,2176,-2080,-14016,-522432,39104,,,,,,
182156562588600,63250751903743,48,-5344,2592,-2624,-13184,-523136,38592,,,,,,
182156563586900,63250752903493,49,-5280,2496,-2912,-12800,-522176,39616,,,,,,
182156564574600,63250753903743,50,-5536,2752,-2432,-15424,-522112,37568,,,,,,
182156565592200,63250754903618,51,-4736,2624,-2624,-15296,-522560,36736,,,,,,
182156566586800,63250755903868,52,-5248,2624,-2848,-15104,-523776,37632,,,,,,
182156567589400,63250756903910,53,-4896,2304,-2176,-13312,-523648,37760,,,,,,
182156568585600,63250757903660,54,-5568,2688,-2240,-15168,-523584,36736,,,,,,
182156569585700,63250758903535,55,-4896,2880,-2432,-13120,-523264,37312,,,,,,
182156570585700,63250759903660,56,-6112,3008,-2560,-13376,-521920,36224,,,,,,
182156571582000,63250760903368,57,-5088,3232,-2944,-12992,-523328,36352,,,,,,
182156572582600,63250761903743,58,-4960,2624,-1920,-13248,-524672,39936,,,,,,
182156573658800,63250762903660,59,-5696,2464,-2752,-13440,-520960,37376,,,,,,
182156574596200,63250763903701,60,-5024,2432,-2720,-14208,-526464,38208,,,,,,
182156575586900,63250764903576,61,-5472,2272,-2880,-12800,-523136,36672,,,,,,
182156576584700,63250765905118,62,-5408,2272,-2528,-12352,-526400,36672,,,,,,
182156577589600,63250766903785,63,-5056,2592,-3104,-13568,-526528,37376,,,,,,
182156578588400,63250767905118,64,-4544,2080,-2720,-13632,-523328,37440,,,,,,
182156579590400,63250768903535,65,-4736,1856,-2080,-13632,-524416,36736,,,,,,
182156580593700,63250769903701,66,-4992,1920,-2208,-14336,-524800,35200,,,,,,
182156581585900,63250770904660,67,-5120,2016,-2624,-14080,-524352,38528,,,,,,
182156582580400,63250771903660,68,-5184,1696,-2368,-15424,-524544,36672,,,,,,
182156583579800,63250772903868,69,-4640,1632,-1504,-12672,-522560,37248,,,,,,
182156584588000,63250773904243,70,-5120,1024,-1856,-13632,-522752,36480,,,,,,
182156585590800,63250774903493,71,-5376,1184,-2144,-13504,-523456,36928,,,,,,
182156586592500,63250775905576,72,-4928,768,-2912,-14400,-523648,35840,,,,,,
182156587592100,63250776903701,73,-4640,608,-1824,-15680,-523328,38848,,,,,,
182156588592500,63250777903535,74,-4160,576,-2144,-14272,-523392,37312,,,,,,
182156589573800,63250778903826,75,-4480,672,-1888,-16576,-523584,40448,,,,,,
182156590588700,63250779903576,76,-4672,512,-1536,-15104,-521664,38912,,,,,,
182156591585400,63250780903576,77,-4864,704,-2336,-15424,-522880,37824,,,,,,
182156592577300,63250781903701,78,-4832,896,-2240,-14592,-522240,37056,,,,,,
182156593590300,63250782903618,79,-3616,544,-1504,-17280,-523584,38400,,,,,,
182156594588900,63250783903618,80,-4256,768,-2112,-15424,-522624,39104,,,,,,
182156595591400,63250784903785,81,-5120,704,-1824,-17216,-523968,34880,,,,,,
182156596586600,63250785906243,82,-4416,384,-2176,-16320,-523776,38528,,,,,,
182156597585500,63250786903618,83,-4544,288,-2112,-14080,-525056,36544,,,,,,
182156598589800,63250787903410,84,-5280,896,-2592,-15744,-522944,37248,,,,,,
182156599587400,63250788903618,85,-4736,992,-2304,-15680,-524160,38080,,,,,,
182156600586500,63250789903576,86,-5280,1216,-3360,-15104,-523648,37632,,,,,,
182156601585900,63250790903576,87,-4544,928,-2464,-15296,-524416,37824,,,,,,
182156602588900,63250791903826,88,-5344,1312,-2688,-16000,-523904,35776,,,,,,
182156603585200,63250792903576,89,-4608,1312,-2368,-15488,-522816,37632,,,,,,
182156604587800,63250793903493,90,-3840,1760,-2112,-14976,-524224,38016,,,,,,
182156605591300,63250794903660,91,-4704,1504,-2144,-15680,-524352,37504,,,,,,
182156606589600,63250795903660,92,-4928,1696,-2112,-13952,-524736,40064,,,,,,
182156607585300,63250796903701,93,-4576,1952,-2208,-14272,-526592,36288,,,,,,
182156608704500,63250797903660,94,-5152,1696,-2496,-14848,-524672,36096,,,,,,
182156609576400,63250798903701,95,-4320,1792,-2784,-14272,-524544,36992,,,,,,
182156610580800,63250799903576,96,-4544,1824,-2688,-13952,-524480,36736,,,,,,
182156611581000,63250800903785,97,-4928,1728,-2304,-16000,-523840,38912,,,,,,
182156612577400,63250801903618,98,-4512,1696,-2720,-14272,-521472,37824,,,,,,
182156613575300,63250802903201,99,-4768,1440,-2464,-15104,-523456,39872,,,,,,
182156614583700,63250803903868,100,-4384,1984,-2944,-14272,-523200,36608,,,,,,
182156615599100,63250804903701,101,-4992,1344,-2464,-14080,-521600,37056,,,,,,
182156616587100,63250805903660,102,-4192,1376,-2528,-15616,-524096,39296,,,,,,
182156617585800,63250806903951,103,-4640,1248,-2464,-13824,-522112,36864,,,,,,
182156618587800,63250807903326,104,-4672,1632,-2016,-12928,-524288,38528,,,,,,
182156619588800,63250808905660,105,-5024,1472,-2176,-13568,-525056,36928,,,,,,
182156620586900,63250809903535,106,-4736,1280,-1984,-13120,-521472,37248,,,,,,
182156621589400,63250810903743,107,-4736,928,-2272,-15040,-522816,37568,,,,,,
182156622589600,63250811903493,108,-4576,1600,-2208,-13504,-524480,38464,,,,,,
182156623590200,63250812905826,109,-4704,384,-1952,-12736,-523392,36672,,,,,,
182156624768600,63250813904368,110,-4640,448,-1376,-14016,-526080,36928,,,,,,
182156625599300,63250814904951,111,-4384,480,-2304,-13824,-524672,38912,,,,,,
182156626588300,63250815904910,112,-4960,192,-1504,-15232,-524160,37056,,,,,,
182156627588500,63250816903618,113,-4576,-64,-1664,-15296,-524288,38336,,,,,,
182156628586700,63250817903701,114,-4864,512,-2080,-13696,-522880,36288,,,,,,
182156629588500,63250818903576,115,-5248,224,-1664,-14272,-523968,38080,,,,,,
182156630588200,63250819903618,116,-4640,736,-2400,-15296,-522368,36288,,,,,,
182156631587100,63250820903701,117,-4800,320,-2144,-15616,-523584,39168,,,,,,
182156632597100,63250821904535,118,-4576,-128,-1920,-16064,-523712,39360,,,,,,
182156633588500,63250822906910,119,-5216,224,-1664,-14720,-523072,38272,,,,,,
182156634589100,63250823903618,120,-4544,640,-2816,-15104,-523072,38208,,,,,,
182156635591600,63250824903576,121,-4704,384,-2112,-15488,-524288,36480,,,,,,
182156636585600,63250825903785,122,-5056,512,-1504,-17408,-523584,37632,,,,,,
182156637582000,63250826903576,123,-5280,480,-2912,-13120,-524096,40000,,,,,,
182156638582700,63250827903618,124,-4448,480,-2112,-15104,-523008,36352,,,,,,
182156639581400,63250828903785,125,-4768,384,-2496,-15296,-522688,36736,,,,,,
182156640667500,63250829903576,126,-4416,576,-2400,-15872,-524736,37952,,,,,,
182156641592500,63250830903576,127,-4704,736,-2016,-15744,-522048,36096,,,,,,
182156642601400,63250831905076,128,-4832,800,-2208,-13888,-523968,37632,,,,,,
182156643588100,63250832903285,129,-4768,1248,-2400,-17344,-523840,36416,,,,,,
182156644589400,63250833903618,130,-4416,1440,-2400,-15296,-523520,38848,,,,,,
182156645585500,63250834903576,131,-4544,1568,-2816,-14976,-523200,37952,,,,,,
182156646588000,63250835903743,132,-4672,1408,-2784,-17408,-524608,37312,,,,,,
182156647589200,63250836903535,133,-4384,2016,-2656,-16832,-524864,37504,,,,,,
182156648730400,63250837903618,134,-4800,1728,-2560,-16192,-522368,38656,,,,,,
182156649594700,63250838904451,135,-4672,2048,-2752,-15744,-524032,35392,,,,,,
182156650581000,63250839903868,136,-4928,2112,-2912,-14784,-524736,37760,,,,,,
182156651587400,63250840904743,137,-4800,1728,-2720,-14528,-522048,37696,,,,,,
182156652586700,63250841903576,138,-4864,2464,-2880,-14208,-523648,36416,,,,,,
182156653586200,63250842903660,139,-4960,2144,-3424,-16576,-522752,38528,,,,,,
182156654584700,63250843903951,140,-4256,1568,-2688,-14400,-524992,37888,,,,,,
182156655587700,63250844903743,141,-4992,1984,-2368,-14272,-524672,37696,,,,,,
182156656589400,63250845903660,142,-4640,1952,-3264,-15040,-522624,37504,,,,,,
182156657592700,63250846903701,143,-4096,1984,-2848,-12096,-524608,36480,,,,,,
182156658596200,63250847903826,144,-4896,1856,-2784,-14080,-523072,35776,,,,,,
182156659590600,63250848903660,145,-4416,1440,-2912,-12864,-524288,36480,,,,,,
182156660583900,63250849903576,146,-5120,1760,-2432,-11840,-522048,37824,,,,,,
182156661598000,63250850907118,147,-4512,1344,-2304,-14144,-524352,36800,,,,,,
182156662576700,63250851905035,148,-5152,1728,-3296,-11008,-523840,39232,,,,,,
182156663588200,63250852904910,149,-4384,928,-2432,-13888,-521984,36480,,,,,,
182156664585100,63250853903785,150,-4288,1216,-2464,-12480,-524352,36992,,,,,,
182156665590800,63250854903701,151,-5152,1056,-2272,-11328,-522560,38080,,,,,,
182156666588900,63250855903618,152,-4736,768,-1920,-12928,-523008,40832,,,,,,
182156667589300,63250856903826,153,-4832,448,-2400,-12032,-523968,37696,,,,,,
182156668589200,63250857903743,154,-4960,832,-2560,-11712,-522688,36544,,,,,,
182156669593000,63250858903618,155,-4672,928,-1984,-13568,-522496,38976,,,,,,
182156670588100,63250859903826,156,-4832,480,-2400,-12480,-522304,40256,,,,,,
182156671586300,63250860903660,157,-4736,640,-2112,-13440,-522112,37760,,,,,,
182156672573300,63250861903451,158,-5024,960,-2624,-12992,-522304,38912,,,,,,
182156673582300,63250862903618,159,-4512,896,-2176,-11520,-523776,41344,,,,,,
182156674584700,63250863903535,160,-5152,832,-1760,-14336,-521536,39552,,,,,,
182156675593800,63250864903618,161,-4928,960,-2336,-12608,-522752,40000,,,,,,
182156676587600,63250865903535,162,-4800,864,-2400,-13184,-522432,38912,,,,,,
182156677575200,63250866903660,163,-4864,1024,-2176,-12352,-522752,39168,,,,,,
182156678587700,63250867903701,164,-4736,1184,-2464,-13696,-524288,41984,,,,,,
182156679587600,63250868903410,165,-4608,1120,-1728,-14912,-522240,39424,,,,,,
182156680591000,63250869903743,166,-5216,1440,-2176,-14528,-523776,38144,,,,,,
182156681592600,63250870903535,167,-4704,1280,-1952,-14400,-522688,38464,,,,,,
182156682588700,63250871905743,168,-5536,1472,-2048,-15232,-522880,38528,,,,,,
182156683585900,63250872903868,169,-5632,1792,-2368,-13952,-522048,38080,,,,,,
182156684587600,63250873903743,170,-5696,1504,-1664,-14272,-524288,37824,,,,,,
182156685589400,63250874904993,171,-4896,1728,-2208,-12864,-524032,40832,,,,,,
182156686587100,63250875904201,172,-4896,1536,-1728,-13440,-525248,37632,,,,,,
182156687587300,63250876903701,173,-5248,2112,-2656,-13568,-523648,37120,,,,,,
182156688588200,63250877903493,174,-5440,1536,-1824,-13824,-526400,38016,,,,,,
182156689584500,63250878903743,175,-5024,1632,-2272,-14464,-525440,35456,,,,,,
182156690595800,63250879903618,176,-5248,2112,-2272,-15552,-523520,37056,,,,,,
182156691587100,63250880903493,177,-5376,1952,-2208,-13824,-523776,36032,,,,,,
182156692582300,63250881904410,178,-4608,1856,-1888,-15488,-523840,38592,,,,,,
182156693594900,63250882903576,179,-4416,1248,-2016,-14336,-522624,36032,,,,,,
182156694591300,63250883903576,180,-5120,1728,-2336,-13120,-524288,36352,,,,,,
182156695588800,63250884903535,181,-5024,1408,-1952,-14976,-524224,36672,,,,,,
182156696590700,63250885903618,182,-4640,1344,-1536,-15360,-522688,38400,,,,,,
182156697592900,63250886903660,183,-4992,1984,-2688,-14080,-521728,36352,,,,,,
182156698590800,63250887903535,184,-4800,1440,-2304,-14144,-524288,36608,,,,,,
182156699586900,63250888903701,185,-4736,1344,-1696,-14016,-525120,36800,,,,,,
182156700587500,63250889903785,186,-5152,1472,-2432,-14272,-524672,38144,,,,,,
182156701589100,63250890903535,187,-5120,1568,-2560,-13248,-524608,37504,,,,,,
182156702588800,63250891903826,188,-5216,1408,-2272,-15232,-521984,40384,,,,,,
182156703586400,63250892903660,189,-4960,1440,-2208,-15424,-523456,35328,,,,,,
182156704586000,63250893903535,190,-4832,960,-1696,-15872,-523520,38656,,,,,,
182156705592300,63250894903826,191,-5120,864,-2272,-16000,-522048,38976,,,,,,
182156706585800,63250895903618,192,-4800,960,-1792,-16640,-523072,37888,,,,,,
182156707599200,63250896903493,193,-4544,1280,-2176,-16512,-524416,37184,,,,,,
182156708589400,63250897904076,194,-4960,1088,-2304,-18496,-524160,38400,,,,,,
182156709585300,63250898903535,195,-4992,1280,-2560,-17792,-523648,34496,,,,,,
182156710590500,63250899903660,196,-5184,992,-2432,-16000,-526208,38848,,,,,,
182156711591200,63250900903701,197,-5056,704,-2144,-16512,-524352,37888,,,,,,
182156712589600,63250901903660,198,-5056,1376,-2272,-15296,-523968,35904,,,,,,
182156713591400,63250902903451,199,-4608,1184,-2304,-17920,-523712,37248,,,,,,
182156714573300,63250903905660,200,-4736,1088,-2240,-16960,-524096,34240,,,,,,
182156715590300,63250904903618,201,-4960,1312,-1888,-13760,-524608,37248,,,,,,
182156716588200,63250905903493,202,-4768,1376,-2368,-16384,-524288,36992,,,,,,
182156717586600,63250906903535,203,-4960,1408,-2144,-15232,-524032,36224,,,,,,
182156718589000,63250907903701,204,-4704,928,-2304,-14656,-525696,37376,,,,,,
182156719586900,63250908903535,205,-5472,1376,-3264,-15168,-523904,35264,,,,,,
182156720585100,63250909905535,206,-5056,1664,-2720,-16640,-524160,36800,,,,,,
182156721676700,63250910905201,207,-4896,1600,-2368,-15616,-524800,38592,,,,,,
182156722592100,63250911904701,208,-4352,1472,-1952,-17024,-523968,35520,,,,,,
182156723594500,63250912903576,209,-5088,1344,-2624,-13952,-523520,38272,,,,,,
182156724593900,63250913903326,210,-4576,1472,-3168,-15552,-523008,34304,,,,,,
182156725586000,63250914903660,211,-4448,1408,-2752,-14400,-524416,38848,,,,,,
182156726581800,63250915903451,212,-4640,1600,-2624,-12672,-523584,36032,,,,,,
182156727590800,63250916903701,213,-3808,1376,-2496,-14464,-523328,38720,,,,,,
182156728585500,63250917903535,214,-4608,1312,-2688,-15616,-525312,37376,,,,,,
182156729585500,63250918903535,215,-4064,1280,-1728,-13120,-522880,37696,,,,,,
182156730586600,63250919903618,216,-4864,1664,-2912,-13376,-523584,38784,,,,,,
182156731580900,63250920903576,217,-4416,1184,-2784,-14784,-524352,36480,,,,,,
182156732591900,63250921904076,218,-4128,1504,-2688,-13504,-523392,37760,,,,,,
182156733589900,63250922905201,219,-4992,1344,-2784,-14400,-522688,34432,,,,,,
182156734584000,63250923903701,220,-4288,1152,-2240,-11776,-522816,35968,,,,,,
182156735581900,63250924903576,221,-4256,992,-2432,-13952,-523392,35456,,,,,,
182156736583200,63250925907701,222,-4704,1280,-2272,-13120,-521600,36096,,,,,,
182156737583100,63250926903743,223,-3872,960,-1920,-13440,-523968,39168,,,,,,
182156738578100,63250927903993,224,-4864,768,-2272,-12288,-523328,41792,,,,,,
182156739687200,63250928903493,225,-4960,800,-2080,-11328,-523712,40448,,,,,,
182156740596300,63250929903618,226,-3776,1664,-1376,-11904,-523648,39104,,,,,,
182156741575900,63250930903660,227,-5248,1376,-2368,-14464,-523008,38016,,,,,,
182156742574500,63250931903535,228,-4960,992,-2464,-13888,-521408,39040,,,,,,
182156743576100,63250932904451,229,-4832,864,-2240,-13056,-523712,37120,,,,,,
182156744574500,63250933903701,230,-3904,736,-2048,-13376,-524864,37568,,,,,,
182156745578500,63250934904493,231,-4608,896,-2080,-14592,-524160,38784,,,,,,
182156746585700,63250935903701,232,-4512,960,-2368,-15296,-523328,38144,,,,,,
182156747588100,63250936903576,233,-4704,1216,-2304,-15168,-520832,38336,,,,,,
182156748614500,63250937903493,234,-4224,416,-1920,-14720,-522176,38016,,,,,,
182156749591200,63250938903743,235,-4192,864,-1920,-14592,-522688,38144,,,,,,
182156750585900,63250939903493,236,-4640,704,-2048,-16704,-521664,37184,,,,,,
182156751585300,63250940905951,237,-4896,832,-2016,-14144,-524032,38400,,,,,,
182156752585400,63250941903743,238,-4672,1024,-1888,-14528,-523008,39232,,,,,,
182156753592100,63250942903618,239,-4384,1280,-2336,-14016,-522560,39680,,,,,,
182156754587600,63250943903535,240,-4800,672,-1856,-14784,-523520,39872,,,,,,
182156755586200,63250944903743,241,-5248,896,-1856,-15552,-521664,40384,,,,,,
182156756587300,63250945903910,242,-5312,704,-3104,-14080,-522368,38720,,,,,,
182156757597700,63250946903576,243,-4704,1024,-2080,-17152,-524992,41280,,,,,,
182156758588700,63250947903701,244,-4832,1216,-2496,-15168,-522944,36672,,,,,,
182156759589000,63250948903701,245,-4864,896,-2400,-12992,-523712,38080,,,,,,
182156760591600,63250949903535,246,-4800,1600,-2048,-13376,-523392,35840,,,,,,
182156761586100,63250950903743,247,-5280,1248,-2528,-13952,-523136,36032,,,,,,
182156762587500,63250951903576,248,-4704,1280,-1888,-14016,-523712,36160,,,,,,
182156763590300,63250952903493,249,-4288,1248,-1984,-14976,-524544,37184,,,,,,
182156764590800,63250953903493,250,-4832,1344,-2528,-15296,-523712,37312,,,,,,
182156765590600,63250954903618,251,-4672,1568,-2688,-15296,-524608,38464,,,,,,
182156766587000,63250955903535,252,-4448,1568,-1792,-14080,-523712,36288,,,,,,
182156767583600,63250956904285,253,-4448,1504,-2016,-14528,-522880,38144,,,,,,
182156768675300,63250957903493,254,-4992,2176,-2976,-14912,-522176,38784,,,,,,
182156769582100,63250958903701,255,-4640,1632,-2400,-15744,-524160,38656,,,,,,
182156770591600,63250959903368,0,-4928,1664,-2880,-14528,-525632,38464,,,,,,
182156771589400,63250960903743,1,-4416,1600,-1792,-13952,-522688,38784,,,,,,
182156772589500,63250961903618,2,-4192,1888,-2304,-14592,-523520,40960,,,,,,
182156773592200,63250962903451,3,-4800,1248,-2240,-16192,-524480,38336,,,,,,
182156774596400,63250963903785,4,-4672,1472,-2304,-14592,-522560,38464,,,,,,
182156775580200,63250964903493,5,-4928,1408,-2880,-13824,-522112,37568,,,,,,
182156776586400,63250965903618,6,-4800,1504,-2272,-15872,-521856,38464,,,,,,
182156777588800,63250966903660,7,-5088,1184,-2752,-13504,-522816,38080,,,,,,
182156778588100,63250967905951,8,-5152,1344,-3040,-15808,-523456,38528,,,,,,
182156779587600,63250968904993,9,-4864,1344,-2208,-15040,-521664,38400,,,,,,
182156780588000,63250969903660,10,-4672,1504,-2688,-15296,-523200,40128,,,,,,
182156781590100,63250970903660,11,-4640,1248,-2272,-15232,-523264,39232,,,,,,
182156782599300,63250971903410,12,-4672,928,-2624,-15808,-521536,40896,,,,,,
182156783598400,63250972903368,13,-4832,1056,-2944,-13952,-523136,37632,,,,,,
182156784579200,63250973903701,14,-4384,1376,-3008,-15360,-522048,37760,,,,,,
182156785594100,63250974904785,15,-5344,1088,-2752,-14080,-521920,38784,,,,,,
182156786589400,63250975904285,16,-4736,1408,-2368,-12800,-521088,39296,,,,,,
182156787587500,63250976903618,17,-5536,1152,-2656,-15936,-523968,38784,,,,,,
182156788587400,63250977904285,18,-4480,1088,-1600,-15872,-524032,39168,,,,,,
182156789595400,63250978903493,19,-5696,1344,-2464,-15552,-522944,38080,,,,,,
182156790588000,63250979903576,20,-4928,992,-1952,-13376,-522112,36608,,,,,,
182156791588100,63250980904160,21,-5056,1632,-2848,-13760,-524608,37888,,,,,,
182156792586600,63250981904285,22,-4608,1152,-2208,-14720,-522944,37184,,,,,,
182156793591900,63250982903743,23,-5120,1344,-2336,-14080,-523840,36800,,,,,,
182156794588100,63250983903535,24,-5696,1440,-3104,-13248,-524224,37440,,,,,,
182156795586900,63250984903410,25,-4960,1088,-2624,-15680,-524544,37312,,,,,,
182156796589500,63250985903785,26,-4800,1280,-2432,-13952,-524736,38528,,,,,,
182156797589400,63250986904493,27,-5472,960,-2176,-14848,-523072,37120,,,,,,
182156798587300,63250987903535,28,-5472,1408,-2240,-15744,-526016,37120,,,,,,
182156799571700,63250988903785,29,-4928,896,-2240,-11264,-523968,36544,,,,,,
182156800588600,63250989903618,30,-4768,1504,-2624,-15168,-526208,36544,,,,,,
182156801590700,63250990905160,31,-5024,1472,-2560,-14912,-526656,35136,,,,,,
182156802575200,63250991903660,32,-5280,704,-2464,-13760,-523200,36224,,,,,,
182156803586800,63250992904576,33,-4320,1632,-2496,-14976,-524672,35200,,,,,,
182156804600100,63250993903493,34,-4640,1472,-2848,-13952,-523584,35456,,,,,,
182156805587800,63250994903660,35,-4352,1280,-2272,-13568,-525056,38272,,,,,,
182156806588900,63250995903785,36,-4672,1440,-2720,-15040,-525824,37440,,,,,,
182156807587200,63250996903535,37,-3776,1536,-2656,-15296,-522240,37312,,,,,,
182156808588700,63250997904243,38,-4672,1280,-2464,-13504,-523584,40000,,,,,,
182156809588000,63250998906660,39,-4672,1216,-2624,-15360,-524224,38272,,,,,,
182156810586300,63250999905660,40,-4288,1600,-3040,-15424,-523456,36224,,,,,,
182156811585400,63251000903576,41,-5280,1312,-3104,-13696,-521792,37504,,,,,,
182156812592600,63251001904576,42,-4320,1056,-2144,-13824,-524288,37120,,,,,,
182156813592000,63251002903618,43,-5120,1184,-2688,-14656,-521408,39552,,,,,,
182156814588600,63251003903701,44,-4448,1344,-2656,-13248,-521856,37760,,,,,,
182156815586900,63251004903660,45,-5728,1152,-2176,-14656,-523200,38080,,,,,,
182156816585200,63251005903660,46,-4640,1120,-2656,-14272,-522688,36416,,,,,,
182156817590900,63251006903660,47,-4640,1344,-2528,-13824,-523776,36992,,,,,,
182156818590600,63251007903743,48,-4320,1184,-2432,-14976,-521024,35264,,,,,,
182156819588300,63251008903576,49,-4992,768,-2176,-14464,-522752,36992,,,,,,
182156820587000,63251009903660,50,-5344,1376,-2720,-13376,-522880,38144,,,,,,
182156821590800,63251010905285,51,-4768,1248,-2080,-13568,-524352,36992,,,,,,
182156822589400,63251011903535,52,-4800,1536,-2144,-14208,-523968,35840,,,,,,
182156823592100,63251012903451,53,-5056,1056,-1920,-14208,-523648,38528,,,,,,
182156824589700,63251013903576,54,-5152,1120,-2976,-12864,-522240,35200,,,,,,
182156825587200,63251014903618,55,-4288,640,-2336,-13184,-523520,37248,,,,,,
182156826591100,63251015903576,56,-5088,1248,-2016,-15104,-523584,35264,,,,,,
182156827593800,63251016903535,57,-5216,1152,-2240,-13440,-524992,37824,,,,,,
182156828592300,63251017903660,58,-5088,1344,-2880,-14464,-523712,36928,,,,,,
182156829592300,63251018903618,59,-4896,768,-2656,-13120,-522752,35712,,,,,,
182156830588900,63251019903701,60,-4832,960,-1504,-15296,-523712,37824,,,,,,
182156831580600,63251020903660,61,-4768,1120,-2240,-12480,-523904,35968,,,,,,
182156832580300,63251021903576,62,-5056,1088,-2048,-12992,-524928,37248,,,,,,
182156833620100,63251022903660,63,-5280,1024,-2528,-13888,-522752,39552,,,,,,
182156834581800,63251023905035,64,-4192,1280,-2080,-13440,-522816,36288,,,,,,
182156835581000,63251024903868,65,-4576,864,-2240,-13568,-523712,38400,,,,,,
182156836587300,63251025903451,66,-4448,960,-2464,-13504,-522624,37760,,,,,,
182156837579100,63251026903618,67,-4992,1312,-2624,-12544,-523520,37248,,,,,,
182156838596200,63251027903701,68,-4576,1440,-2400,-16000,-522560,37056,,,,,,
182156839745400,63251028903493,69,-4960,1568,-2240,-12032,-522624,37376,,,,,,
182156840602500,63251029903743,70,-5120,1120,-2080,-12800,-522112,38080,,,,,,
182156841581200,63251030903535,71,-4544,736,-1568,-14208,-523520,37312,,,,,,
182156842573400,63251031905410,72,-4704,1344,-2208,-14848,-524096,39104,,,,,,
182156843676000,63251032903743,73,-4608,1152,-2272,-15424,-523520,37632,,,,,,
182156844671300,63251033903576,74,-5408,1024,-2432,-15104,-522752,38272,,,,,,
182156845688800,63251034906576,75,-4864,1376,-2208,-14464,-524096,38848,,,,,,
182156846681000,63251035903576,76,-5184,1568,-2720,-14912,-524224,36672,,,,,,
182156847577000,63251036904826,77,-5600,1792,-3008,-13312,-524416,35008,,,,,,
182156848614600,63251037903660,78,-4480,1632,-1664,-14464,-523520,39680,,,,,,
182156849641800,63251038905826,79,-5088,1408,-2400,-13952,-524416,37056,,,,,,
182156850586500,63251039904201,80,-5152,1920,-1792,-14144,-523136,38528,,,,,,
182156851585600,63251040910118,81,-4992,2048,-2592,-15808,-525696,35392,,,,,,
182156852588100,63251041904993,82,-5216,1248,-1472,-14656,-523904,40000,,,,,,
182156853586000,63251042903743,83,-5568,1472,-2624,-14848,-523776,38464,,,,,,
182156854591800,63251043903493,84,-5088,1216,-1952,-14656,-524352,36800,,,,,,
182156855592800,63251044903452,85,-4160,1216,-2080,-16448,-525632,37376,,,,,,
182156856605700,63251045903618,86,-4960,1440,-2368,-11200,-523840,37952,,,,,,
182156857599300,63251046903493,87,-4448,1344,-1632,-15104,-523840,35584,,,,,,
182156858590100,63251047903493,88,-4704,1504,-2304,-15360,-522048,37440,,,,,,
182156859587700,63251048903618,89,-4608,1664,-2816,-15808,-523584,38208,,,,,,
182156860588300,63251049903618,90,-5120,1600,-1952,-13248,-522624,38144,,,,,,
182156861587700,63251050904868,91,-4800,1568,-2048,-15296,-523456,36352,,,,,,
182156862587900,63251051903743,92,-4448,1600,-2560,-15936,-521984,39040,,,,,,
182156863588200,63251052903577,93,-5280,1952,-2528,-15040,-522880,38144,,,,,,
182156864597100,63251053903368,94,-4256,1888,-1952,-15680,-522176,40192,,,,,,
182156865599600,63251054903785,95,-4640,1824,-1664,-17088,-522112,35712,,,,,,
182156866586900,63251055904243,96,-4704,1536,-2496,-14528,-524096,38144,,,,,,
182156867586200,63251056903452,97,-4192,1760,-2560,-15872,-522880,38464,,,,,,
182156868588700,63251057903577,98,-4704,1760,-2976,-16192,-523264,37248,,,,,,
182156869590900,63251058904910,99,-4704,1568,-2880,-14976,-521280,37120,,,,,,
182156870586700,63251059903535,100,-5088,1984,-2560,-15424,-523968,35904,,,,,,
182156871587000,63251060903702,101,-4384,2272,-2912,-15424,-523776,39360,,,,,,
182156872588100,63251061903618,102,-5376,1312,-2720,-14912,-523584,38528,,,,,,
182156873647200,63251062903618,103,-4448,1664,-2048,-13952,-523008,40640,,,,,,
182156874601200,63251063904577,104,-4288,1344,-2496,-15360,-523072,35328,,,,,,
182156875589100,63251064903618,105,-5792,1536,-3072,-15680,-523712,36160,,,,,,
182156876588800,63251065903493,106,-4224,1664,-2528,-14464,-522304,40000,,,,,,
182156877588800,63251066903493,107,-4512,1664,-2656,-14912,-523520,37440,,,,,,
182156878583000,63251067903618,108,-4576,1600,-2528,-14912,-522496,38592,,,,,,
182156879583900,63251068903618,109,-4960,1824,-2336,-14656,-524480,38912,,,,,,
182156880588600,63251069905910,110,-4960,1536,-3072,-13184,-522240,37248,,,,,,
182156881580000,63251070903618,111,-4832,1664,-2784,-13568,-520768,39808,,,,,,
182156882591600,63251071903577,112,-4704,2016,-2528,-14528,-521600,39424,,,,,,
182156883587100,63251072903452,113,-4256,1600,-2304,-13056,-522048,37760,,,,,,
182156884588300,63251073903702,114,-4704,1664,-2432,-13248,-522688,37504,,,,,,
182156885590700,63251074903577,115,-4064,2112,-2816,-13376,-523328,38976,,,,,,
182156886592800,63251075903452,116,-4736,1856,-2080,-13184,-523328,41472,,,,,,
182156887592100,63251076903618,117,-4800,1120,-2080,-14400,-522560,36672,,,,,,
182156888589300,63251077903493,118,-4960,1632,-2720,-12288,-521728,41664,,,,,,
182156889602400,63251078903493,119,-4512,1216,-2144,-13760,-521152,40640,,,,,,
182156890591300,63251079903535,120,-5280,1568,-2304,-15104,-521600,40256,,,,,,
182156891582300,63251080903702,121,-4576,1120,-1824,-14848,-522496,39936,,,,,,
182156892587200,63251081904952,122,-4992,1472,-2432,-14016,-522112,38144,,,,,,
182156893584900,63251082903743,123,-4608,800,-2112,-12800,-523328,40192,,,,,,
182156894587300,63251083903618,124,-5248,1088,-2880,-12864,-522688,36544,,,,,,
182156895582700,63251084903452,125,-4768,1184,-1856,-14976,-522624,40896,,,,,,
182156896586900,63251085903577,126,-4736,1408,-2400,-13632,-523456,38656,,,,,,
182156897587100,63251086903702,127,-5184,1056,-1888,-14016,-523072,39232,,,,,,
182156898591400,63251087904952,128,-5184,1504,-2208,-13888,-523456,38336,,,,,,
182156899586500,63251088904910,129,-4832,1280,-2336,-13760,-524544,36160,,,,,,
182156900588800,63251089903577,130,-4672,1344,-2048,-14848,-524288,37504,,,,,,
182156901588100,63251090903285,131,-4960,1344,-2496,-16000,-523520,37568,,,,,,
182156902589300,63251091905035,132,-5216,1504,-2080,-17280,-525248,37248,,,,,,
182156903588900,63251092903910,133,-4640,672,-1824,-14272,-526400,37312,,,,,,
182156904591300,63251093904368,134,-4704,1632,-2432,-14784,-524160,39936,,,,,,
182156905592400,63251094903535,135,-5120,1408,-2688,-13248,-525376,36800,,,,,,
182156906589300,63251095903243,136,-4960,1312,-2368,-16384,-525248,36480,,,,,,
182156907588800,63251096903618,137,-5312,1248,-2720,-14720,-525440,36352,,,,,,
182156908586500,63251097903368,138,-4768,1344,-1440,-13952,-526144,38272,,,,,,
182156909583800,63251098903577,139,-5056,1568,-1984,-14848,-524928,38400,,,,,,
182156910584400,63251099903535,140,-4928,1600,-2432,-15744,-524800,38016,,,,,,
182156911590500,63251100903327,141,-5376,1248,-2880,-15360,-524544,37568,,,,,,
182156912587400,63251101903827,142,-5248,1632,-2656,-14080,-522496,36736,,,,,,
182156913592400,63251102903535,143,-4544,1344,-2112,-17024,-523072,35456,,,,,,
182156914588400,63251103903618,144,-4544,1664,-3104,-15168,-522624,39104,,,,,,
182156915590300,63251104903785,145,-4896,1824,-2976,-14144,-524608,37376,,,,,,
182156916586900,63251105905243,146,-4928,1696,-1536,-17344,-524864,36864,,,,,,
182156917586900,63251106903618,147,-4352,1376,-2688,-17280,-524608,37696,,,,,,
182156918587500,63251107903660,148,-5024,1696,-2784,-16064,-523840,37440,,,,,,
182156919592700,63251108903618,149,-4896,1216,-2528,-15680,-523904,36736,,,,,,
182156920587600,63251109903452,150,-4864,1216,-2784,-15680,-526592,40064,,,,,,
182156921585700,63251110903202,151,-4864,1856,-2656,-14720,-524480,39680,,,,,,
182156922591600,63251111903660,152,-4800,1216,-2688,-16960,-524416,38272,,,,,,
182156923592000,63251112903618,153,-4160,1344,-2464,-15296,-523968,38592,,,,,,
182156924589100,63251113903535,154,-4960,1568,-2720,-13760,-524352,38016,,,,,,
182156925584700,63251114903577,155,-4800,1184,-3168,-14656,-523072,39040,,,,,,
182156926584900,63251115904660,156,-4736,1184,-3104,-12608,-522880,34432,,,,,,
182156927584400,63251116903535,157,-4672,992,-2592,-16064,-522880,37824,,,,,,
182156928590100,63251117903577,158,-4544,1088,-2464,-12864,-523072,36480,,,,,,
182156929586800,63251118903660,159,-4960,1248,-2848,-14848,-523520,38656,,,,,,
182156930589100,63251119903452,160,-4864,1152,-2400,-13824,-522240,36096,,,,,,
182156931589900,63251120903660,161,-4512,960,-1888,-13120,-524032,39680,,,,,,
182156932588400,63251121903618,162,-4576,832,-2144,-14720,-523392,36224,,,,,,
182156933586600,63251122904577,163,-5152,1312,-3104,-13312,-522816,35840,,,,,,
182156934588000,63251123905077,164,-4544,928,-1952,-13824,-524736,35008,,,,,,
182156935587400,63251124903660,165,-4480,1024,-2016,-14784,-523136,34944,,,,,,
182156936589400,63251125903077,166,-5024,672,-2752,-13504,-524032,38976,,,,,,
182156937601800,63251126903702,167,-4224,1024,-2016,-13248,-525312,38976,,,,,,
182156938584400,63251127903535,168,-4704,320,-2048,-14144,-524096,36736,,,,,,
182156939580400,63251128903577,169,-4256,704,-2528,-14592,-522752,36416,,,,,,
182156940587400,63251129904743,170,-4800,704,-2336,-13184,-525248,35328,,,,,,
182156941585700,63251130904702,171,-4736,672,-2656,-12928,-523264,35776,,,,,,
182156942582900,63251131903493,172,-5088,640,-2656,-13056,-521920,36928,,,,,,
182156943585800,63251132903452,173,-4544,736,-1856,-15296,-522688,34496,,,,,,
182156944587100,63251133903660,174,-5248,1024,-3040,-14720,-523200,37120,,,,,,
182156945581000,63251134903535,175,-4384,448,-2528,-14784,-521088,37248,,,,,,
182156946587800,63251135903535,176,-4736,896,-2368,-13568,-523328,36288,,,,,,
182156947583900,63251136903618,177,-4672,832,-2272,-13440,-523584,37952,,,,,,
182156948584000,63251137903410,178,-4064,384,-2304,-16960,-523200,37504,,,,,,
182156949587400,63251138903410,179,-4384,640,-2624,-14400,-523712,36864,,,,,,
182156950594900,63251139903702,180,-4256,736,-2112,-14144,-521600,37248,,,,,,
182156951586700,63251140904118,181,-4832,928,-2464,-13376,-523328,37184,,,,,,
182156952575500,63251141907577,182,-4640,736,-2336,-16384,-524544,38720,,,,,,
182156953577700,63251142903660,183,-4832,832,-1984,-13248,-522560,38528,,,,,,
182156954589900,63251143903618,184,-5184,736,-2080,-13568,-523200,39808,,,,,,
182156955586200,63251144903368,185,-4672,960,-2592,-13760,-521984,36352,,,,,,
182156956603600,63251145903743,186,-4608,384,-1632,-14272,-523520,37632,,,,,,
182156957594200,63251146904577,187,-5184,576,-2400,-13888,-523904,38336,,,,,,
182156958586400,63251147903785,188,-4800,640,-2208,-15552,-523392,38080,,,,,,
182156959591700,63251148903660,189,-4288,832,-2144,-12032,-524032,37440,,,,,,
182156960586400,63251149903618,190,-4064,992,-1760,-14208,-524032,36416,,,,,,
182156961584900,63251150903493,191,-4160,1120,-1856,-13440,-524224,39872,,,,,,
182156962582900,63251151903743,192,-5056,1056,-1792,-15296,-526080,38848,,,,,,
182156963594400,63251152905118,193,-4544,736,-2176,-13120,-523392,40192,,,,,,
182156964597300,63251153903577,194,-4800,960,-2272,-12672,-525632,38528,,,,,,
182156965590300,63251154903660,195,-4352,1344,-1632,-13760,-523648,39616,,,,,,
182156966587800,63251155903660,196,-4448,896,-1920,-12352,-523968,36736,,,,,,
182156967586800,63251156903493,197,-4256,1312,-2048,-12224,-524800,36928,,,,,,
182156968586100,63251157903577,198,-4736,1248,-2240,-13248,-524992,36672,,,,,,
182156969589200,63251158905035,199,-4192,1600,-1952,-14400,-523392,37120,,,,,,
182156970588100,63251159903535,200,-4800,2208,-2688,-16768,-521216,39424,,,,,,
182156971680700,63251160903535,201,-4832,1280,-2240,-14656,-523840,36480,,,,,,
182156972586200,63251161903577,202,-4448,1376,-2144,-12864,-523200,36480,,,,,,
182156973581600,63251162904118,203,-5216,1664,-1952,-13696,-524672,34752,,,,,,
182156974584200,63251163903618,204,-4320,1248,-2464,-13824,-524544,38592,,,,,,
182156975589300,63251164903535,205,-4512,1728,-2336,-13632,-524096,38784,,,,,,
182156976590300,63251165903577,206,-4832,2048,-2144,-15552,-522880,39680,,,,,,
182156977585400,63251166903327,207,-4352,1664,-2432,-13504,-523520,39168,,,,,,
182156978586800,63251167903702,208,-5376,1824,-2368,-14656,-525248,38848,,,,,,
182156979587200,63251168903618,209,-4320,1728,-1728,-14976,-523968,38528,,,,,,
182156980586900,63251169903410,210,-4576,1792,-2592,-13696,-523072,37440,,,,,,
182156981593700,63251170904618,211,-5280,1248,-2240,-14464,-522432,37440,,,,,,
182156982592500,63251171905035,212,-4544,1376,-2208,-14848,-521472,40896,,,,,,
182156983593200,63251172903452,213,-4096,1376,-1888,-15808,-521792,39040,,,,,,
182156984588000,63251173903743,214,-4960,1792,-3200,-14464,-524096,39808,,,,,,
182156985590700,63251174903493,215,-4768,1088,-2528,-14336,-521664,40768,,,,,,
182156986585100,63251175903660,216,-3904,1312,-2720,-14080,-523136,37760,,,,,,
182156987585000,63251176903368,217,-4800,1216,-2496,-17152,-524224,38016,,,,,,
182156988585900,63251177903702,218,-4960,1472,-2112,-15424,-522688,40512,,,,,,
182156989597300,63251178903493,219,-4640,1312,-2528,-15104,-522176,39872,,,,,,
182156990751500,63251179903368,220,-4928,1280,-1984,-14080,-522880,37184,,,,,,
182156991600200,63251180905160,221,-4800,928,-1952,-15680,-523776,39104,,,,,,
182156992586200,63251181903535,222,-4448,992,-2144,-14272,-522688,37504,,,,,,
182156993588500,63251182904827,223,-5024,1184,-2976,-14720,-522560,37440,,,,,,
182156994587400,63251183903618,224,-4384,1184,-2336,-14848,-524416,36288,,,,,,
182156995588400,63251184903577,225,-4416,832,-2080,-16448,-522688,39680,,,,,,
182156996587700,63251185903535,226,-4448,1152,-2400,-16640,-523840,39808,,,,,,
182156997585800,63251186903618,227,-4896,928,-2432,-16832,-522944,40256,,,,,,
182156998590200,63251187905077,228,-4704,1024,-1760,-14848,-524032,38784,,,,,,
182156999586600,63251188905785,229,-4896,1088,-2560,-15808,-521920,39168,,,,,,
182157000587000,63251189905535,230,-5056,928,-2752,-15168,-522880,35904,,,,,,
182157001587900,63251190905118,231,-4896,1184,-2176,-17088,-522624,40576,,,,,,
182157002589300,63251191903535,232,-4928,1376,-2496,-14272,-521728,38272,,,,,,
182157003589200,63251192903785,233,-5312,1056,-2528,-16832,-523328,39808,,,,,,
182157004587900,63251193903785,234,-4352,1440,-2272,-14784,-523200,39488,,,,,,
182157005587800,63251194904910,235,-4448,896,-1888,-13696,-522688,37632,,,,,,
182157006588000,63251195903743,236,-5216,1056,-2080,-15296,-523392,39104,,,,,,
182157007585000,63251196903618,237,-5312,1376,-2720,-16320,-523968,38848,,,,,,
182157008587200,63251197903535,238,-4928,992,-2816,-13120,-521664,39616,,,,,,
182157009586200,63251198903410,239,-4640,1408,-2464,-13760,-521984,37632,,,,,,
182157010585300,63251199903118,240,-5120,2080,-2368,-13120,-521024,38848,,,,,,
182157011666200,63251200906327,241,-5440,1120,-3168,-14720,-521856,39104,,,,,,
182157012590000,63251201903493,242,-5088,1312,-2400,-15744,-522560,37504,,,,,,
182157013585700,63251202904868,243,-4832,1472,-3008,-12864,-522624,38976,,,,,,
182157014576600,63251203903577,244,-5824,1728,-3648,-13312,-522240,39872,,,,,,
182157015590200,63251204903410,245,-4928,1792,-2432,-15680,-523520,36992,,,,,,
182157016586800,63251205904702,246,-4832,1280,-2176,-13568,-522752,37760,,,,,,
182157017586400,63251206903452,247,-4928,1664,-2336,-15680,-522752,37632,,,,,,
182157018587600,63251207903535,248,-4800,1600,-3200,-13120,-524288,36608,,,,,,
182157019592500,63251208903618,249,-5120,1536,-2592,-13568,-521536,36608,,,,,,
182157020585900,63251209903618,250,-5152,2016,-2656,-15744,-522944,37440,,,,,,
182157021586300,63251210904243,251,-4160,1088,-2144,-14528,-522944,39424,,,,,,
182157022587500,63251211903577,252,-4384,1888,-2688,-13760,-523968,37888,,,,,,
182157023589200,63251212904368,253,-4832,1984,-2496,-12480,-524288,37824,,,,,,
182157024585900,63251213903493,254,-4832,1856,-2528,-13632,-523648,36416,,,,,,
182157025582900,63251214903785,255,-4576,1248,-2144,-14400,-524096,36736,,,,,,
182157026585500,63251215904327,0,-5376,1760,-2560,-13952,-522560,39744,,,,,,
182157027587800,63251216903493,1,-4800,1280,-2112,-15168,-523392,36992,,,,,,
182157028603300,63251217903743,2,-5344,1440,-2624,-13440,-522816,38208,,,,,,
182157029576200,63251218903535,3,-4960,1184,-2688,-15040,-523584,34880,,,,,,
182157030595900,63251219903743,4,-4864,1472,-2336,-14720,-524096,38208,,,,,,
182157031584100,63251220903535,5,-4704,1472,-2560,-13568,-522752,39488,,,,,,
182157032675500,63251221903577,6,-5280,992,-1888,-14592,-521088,39424,,,,,,
182157033598600,63251222903743,7,-5728,1088,-3232,-13952,-524608,38528,,,,,,
182157034576500,63251223903452,8,-4960,1312,-2624,-13056,-523456,36352,,,,,,
182157035574000,63251224903618,9,-4960,1216,-2080,-13568,-522688,37376,,,,,,
182157036582500,63251225903535,10,-4704,1632,-2656,-13184,-524992,34496,,,,,,
182157037599200,63251226904618,11,-4576,1600,-2784,-14464,-521152,37440,,,,,,
182157038678500,63251227903618,12,-4960,2080,-2848,-17472,-523840,36736,,,,,,
182157039610200,63251228903493,13,-4704,1440,-1824,-14848,-523072,38976,,,,,,
182157040586300,63251229903535,14,-5120,1696,-1952,-14656,-523584,39296,,,,,,
182157041585000,63251230903702,15,-4736,1472,-2368,-14016,-522816,35392,,,,,,
182157042579600,63251231904702,16,-5152,2016,-3168,-13632,-523648,36224,,,,,,
182157043584900,63251232903368,17,-4704,1088,-2592,-12864,-523968,36800,,,,,,
182157044575400,63251233903577,18,-5056,1472,-1856,-13440,-523840,35648,,,,,,
182157045618200,63251234903743,19,-5344,1504,-2560,-13504,-524672,37504,,,,,,
182157046585100,63251235904952,20,-4544,1184,-2368,-14144,-524800,36992,,,,,,
182157047588300,63251236904493,21,-4864,1632,-1632,-13952,-524096,37120,,,,,,
182157048593000,63251237903618,22,-5312,1664,-2560,-14720,-522944,36416,,,,,,
182157049591300,63251238904952,23,-5216,1568,-2848,-14336,-522496,37824,,,,,,
182157050722700,63251239906785,24,-4384,1568,-2432,-14784,-523136,40128,,,,,,
182157051587400,63251240905285,25,-4608,1440,-1888,-11584,-521472,39168,,,,,,
182157052594500,63251241907827,26,-4192,1312,-2080,-12608,-523328,38464,,,,,,
182157053584200,63251242907910,27,-4128,1568,-2912,-13824,-521984,38784,,,,,,
182157054701700,63251243911077,28,-5184,1888,-2496,-13440,-523008,39040,,,,,,
182157055701400,63251244914618,29,-4736,1536,-2336,-12928,-522688,36480,,,,,,
182157056714300,63251245917243,30,-4960,1600,-1856,-12480,-524352,37184,,,,,,
182157057701300,63251246908827,31,-4192,1440,-2496,-14400,-524544,35072,,,,,,
182157058588000,63251247905077,32,-4512,1312,-2016,-12352,-524672,37952,,,,,,
182157059576000,63251248904035,33,-4640,896,-2208,-13184,-524224,39360,,,,,,
182157060707400,63251249910702,34,-4512,1440,-2528,-13248,-524672,39744,,,,,,
182157061578000,63251250912868,35,-4416,896,-1728,-14272,-522944,37504,,,,,,
182157062589900,63251251912702,36,-4480,928,-2720,-14912,-523328,39232,,,,,,
182157063588900,63251252910535,37,-4192,768,-2080,-14912,-522752,38016,,,,,,
182157064720200,63251253907035,38,-4416,896,-1888,-16448,-524608,38400,,,,,,
182157065596500,63251254906743,39,-4800,704,-2144,-13504,-523072,38400,,,,,,
182157066581400,63251255906452,40,-4672,992,-1568,-17024,-525632,36032,,,,,,
182157067577000,63251256907493,41,-4288,704,-2208,-13696,-523904,36352,,,,,,
182157068582300,63251257910160,42,-4576,832,-2752,-15424,-522368,38144,,,,,,
182157069575600,63251258910285,43,-4704,320,-1984,-15808,-524928,36992,,,,,,
182157070882600,63251259914785,44,-4832,288,-1888,-15296,-524608,37440,,,,,,
182157071586200,63251260905035,45,-4640,832,-2240,-17920,-524288,41472,,,,,,
182157072583400,63251261909410,46,-4608,256,-1952,-13440,-523840,37120,,,,,,
182157073607000,63251262904452,47,-5056,256,-1792,-16384,-524096,37056,,,,,,
182157074581900,63251263909618,48,-4544,800,-2144,-16448,-524928,38272,,,,,,
182157075578900,63251264910993,49,-4800,480,-2624,-14592,-523136,37120,,,,,,
182157076568300,63251265906577,50,-4448,512,-1920,-14144,-524224,38464,,,,,,
182157077583800,63251266905577,51,-4736,352,-2432,-13696,-524416,38080,,,,,,
182157078586500,63251267907160,52,-4992,1184,-2304,-14272,-523392,38976,,,,,,
182157079597200,63251268910160,53,-4864,288,-2496,-15040,-522944,41792,,,,,,
182157080699700,63251269908202,54,-4832,736,-2240,-13184,-523264,39168,,,,,,
182157081715400,63251270905327,55,-4768,320,-2240,-14592,-522752,39168,,,,,,
182157082590500,63251271907243,56,-4448,928,-2240,-14912,-523520,37440,,,,,,
182157083577300,63251272905702,57,-5344,736,-2592,-13952,-523776,38080,,,,,,
182157084581700,63251273910243,58,-4896,608,-1760,-14464,-523776,36800,,,,,,
182157085580800,63251274908577,59,-4864,608,-2432,-14528,-523136,37312,,,,,,
182157086578600,63251275909785,60,-4800,1024,-2208,-15616,-524928,38528,,,,,,
182157087582500,63251276909618,61,-4256,384,-2144,-14528,-523712,38272,,,,,,
182157088575500,63251277908618,62,-4864,704,-1792,-13056,-524352,37440,,,,,,
182157089596600,63251278906660,63,-5120,1408,-2464,-14400,-524032,35520,,,,,,
182157090577700,63251279903368,64,-4704,832,-1824,-13504,-525568,38016,,,,,,
182157091581200,63251280908785,65,-4896,1280,-1920,-13504,-522880,37440,,,,,,
182157092593500,63251281912118,66,-4480,1472,-1920,-14272,-524544,38464,,,,,,
182157093585200,63251282907577,67,-4800,1568,-2272,-14464,-524096,35776,,,,,,
182157094581200,63251283913160,68,-4864,1440,-2656,-13952,-524672,38720,,,,,,
182157095582600,63251284913743,69,-4960,1312,-2464,-13824,-523072,38592,,,,,,
182157096569500,63251285909618,70,-4800,1472,-2112,-13504,-525120,37504,,,,,,
182157097579300,63251286907077,71,-4672,1472,-2848,-14976,-522752,38720,,,,,,
182157098580900,63251287908160,72,-4928,1600,-2176,-14336,-523968,35456,,,,,,
182157099581200,63251288906827,73,-4800,1120,-2144,-16128,-523840,39296,,,,,,
182157100716300,63251289910285,74,-4416,1088,-2176,-16896,-521536,36992,,,,,,
182157101586000,63251290910202,75,-4832,1664,-2624,-14336,-521920,38144,,,,,,
182157102579300,63251291907660,76,-4992,1344,-2624,-14272,-522304,38976,,,,,,
182157103582400,63251292906535,77,-4864,1504,-3040,-13952,-522752,40000,,,,,,
182157104579300,63251293909702,78,-5024,960,-1888,-14016,-523392,38656,,,,,,
182157105596100,63251294912493,79,-4416,1344,-1664,-15232,-522112,37056,,,,,,
182157106579600,63251295910035,80,-5056,1728,-2912,-14784,-522112,36608,,,,,,
182157107579700,63251296915077,81,-4480,1312,-1984,-14784,-523648,41600,,,,,,
182157108588900,63251297905910,82,-5184,992,-2304,-15104,-522240,38784,,,,,,
182157109578000,63251298905285,83,-4896,1728,-2656,-12736,-525568,39744,,,,,,
182157110579300,63251299903618,84,-5344,1504,-2528,-13824,-522816,38208,,,,,,
182157111579700,63251300906410,85,-5152,1728,-2880,-13376,-522176,37632,,,,,,
182157112579100,63251301903535,86,-4800,1408,-2848,-14336,-523968,40384,,,,,,
182157113583900,63251302904993,87,-5088,1088,-3072,-15040,-522496,36480,,,,,,
182157114607400,63251303903952,88,-4672,1280,-2080,-14656,-524736,36800,,,,,,
182157115675600,63251304904368,89,-5216,1376,-2176,-15360,-522560,39296,,,,,,
182157116573100,63251305903868,90,-4224,1184,-2336,-13376,-523776,38912,,,,,,
182157117584400,63251306903577,91,-4832,1760,-3424,-12992,-521344,38592,,,,,,
182157118577900,63251307903493,92,-4576,1536,-2016,-14080,-523456,38720,,,,,,
182157119579700,63251308903577,93,-4672,1792,-2720,-13952,-523008,37824,,,,,,
182157120586100,63251309903702,94,-4576,1504,-2592,-13056,-524800,37568,,,,,,
182157121578400,63251310903910,95,-4736,1696,-2720,-14592,-522048,36928,,,,,,
182157122567900,63251311907202,96,-4576,1568,-2176,-15104,-522560,39488,,,,,,
182157123581100,63251312903577,97,-4672,1984,-2848,-14528,-521664,38208,,,,,,
182157124582900,63251313903535,98,-4352,1696,-1792,-12224,-522176,38144,,,,,,
182157125586800,63251314903410,99,-5056,1792,-2528,-13568,-522880,36864,,,,,,
182157126569300,63251315903618,100,-4512,2496,-2432,-15744,-522688,40000,,,,,,
182157127573300,63251316903743,101,-5216,1824,-2624,-13888,-524032,38976,,,,,,
182157128579000,63251317904160,102,-4256,2112,-2784,-13824,-523904,39360,,,,,,
182157129576300,63251318903660,103,-4640,2272,-2336,-15424,-522752,37376,,,,,,
182157130574100,63251319903535,104,-5120,2272,-2464,-14016,-522304,42112,,,,,,
182157131577300,63251320904743,105,-4864,2208,-2944,-15296,-523328,38272,,,,,,
182157132575700,63251321903660,106,-4576,1952,-1984,-14464,-522880,38144,,,,,,
182157133576900,63251322904535,107,-4992,2048,-3040,-15104,-521600,38848,,,,,,
182157134574100,63251323903618,108,-4672,2016,-2400,-13952,-525696,37696,,,,,,
182157135574700,63251324903535,109,-5184,2400,-2688,-14976,-522944,37696,,,,,,
182157136571800,63251325903743,110,-5440,2112,-3008,-15680,-524416,34880,,,,,,
182157137571500,63251326903368,111,-4864,2176,-3008,-15680,-522496,38400,,,,,,
182157138572200,63251327903160,112,-4736,2176,-2816,-14016,-524992,37056,,,,,,
182157139583100,63251328903577,113,-5376,2432,-2976,-15296,-525952,36736,,,,,,
182157140577200,63251329903410,114,-4448,2144,-1760,-15232,-524672,36096,,,,,,
182157141572400,63251330904077,115,-4896,2496,-2880,-13504,-524096,38400,,,,,,
182157142579400,63251331903618,116,-4544,2240,-2752,-13184,-525184,35968,,,,,,
182157143592700,63251332904035,117,-5568,2112,-2880,-14976,-524224,37056,,,,,,
182157144584000,63251333903577,118,-5216,1952,-2272,-14848,-522688,36032,,,,,,
182157145579900,63251334903618,119,-4928,1472,-2368,-15360,-524864,38720,,,,,,
182157146577700,63251335903577,120,-4576,2016,-1920,-14976,-524608,35264,,,,,,
182157147601600,63251336903410,121,-5312,1792,-3104,-15232,-524544,35200,,,,,,
182157148586400,63251337903660,122,-4800,1760,-2240,-14592,-522880,37760,,,,,,
182157149584100,63251338903535,123,-5248,1760,-2592,-14976,-523648,36480,,,,,,
182157150588900,63251339903410,124,-4896,1088,-2496,-13440,-523712,35584,,,,,,
182157151588100,63251340903660,125,-4608,1088,-2496,-14656,-524544,36864,,,,,,
182157152582300,63251341903452,126,-4864,1696,-2784,-15040,-524032,38656,,,,,,
182157153587300,63251342905827,127,-4960,1280,-2496,-14848,-523520,37888,,,,,,
182157154585900,63251343903618,128,-4928,1856,-2976,-14528,-523648,38912,,,,,,
182157155593300,63251344903535,129,-4576,1152,-2816,-14784,-523584,38016,,,,,,
182157156590700,63251345903410,130,-4480,1088,-2656,-14528,-524544,37184,,,,,,
182157157592900,63251346904160,131,-4736,1376,-2592,-14912,-523456,39360,,,,,,
182157158590300,63251347903493,132,-4384,1280,-2272,-15168,-523648,36992,,,,,,
182157159590500,63251348903452,133,-4992,1120,-3008,-14848,-523840,36352,,,,,,
182157160591000,63251349903327,134,-4160,960,-1792,-14528,-523968,39488,,,,,,
182157161590000,63251350903577,135,-5152,1472,-2848,-14592,-523200,37440,,,,,,
182157162590800,63251351904618,136,-4416,1184,-2944,-14272,-522176,40256,,,,,,
182157163590900,63251352904702,137,-4736,1312,-2432,-14336,-523712,37248,,,,,,
182157164583600,63251353905035,138,-4864,1344,-2592,-14848,-523328,37952,,,,,,
182157165593600,63251354903410,139,-4768,896,-2752,-15488,-523072,38592,,,,,,
182157166594800,63251355903452,140,-4608,1184,-2400,-13376,-523520,37952,,,,,,
182157167593400,63251356903535,141,-4672,1088,-2496,-15488,-524352,40832,,,,,,
182157168591700,63251357903577,142,-4544,1088,-2528,-13504,-524224,36416,,,,,,
182157169590500,63251358904868,143,-5280,1344,-2752,-13120,-524160,36992,,,,,,
182157170590700,63251359903285,144,-4320,1088,-1952,-13952,-523584,37248,,,,,,
182157171581600,63251360903702,145,-4864,1472,-2016,-13568,-523456,38272,,,,,,
182157172580400,63251361903493,146,-4640,704,-1376,-14528,-523008,37184,,,,,,
182157173578100,63251362903743,147,-5344,1120,-2464,-14336,-523840,38272,,,,,,
182157174597400,63251363904368,148,-4608,1056,-2496,-13696,-525184,35456,,,,,,
182157175592800,63251364903410,149,-5280,640,-2368,-11392,-524352,36288,,,,,,
182157176593300,63251365903618,150,-4544,672,-2176,-12416,-524864,37248,,,,,,
182157177590700,63251366904577,151,-4448,448,-1920,-13952,-522752,37248,,,,,,
182157178593100,63251367903493,152,-5344,864,-2592,-13248,-523904,38336,,,,,,
182157179594800,63251368903410,153,-4736,640,-2368,-13504,-522816,37952,,,,,,
182157180592900,63251369903868,154,-5152,448,-1856,-12160,-523456,38720,,,,,,
182157181588000,63251370903493,155,-4576,736,-2400,-13120,-523968,36672,,,,,,
182157182612700,63251371903368,156,-4608,832,-2496,-13440,-522816,38208,,,,,,
182157183599100,63251372903618,157,-4352,576,-1824,-13120,-524032,39040,,,,,,
182157184594700,63251373903577,158,-4832,896,-2272,-14144,-524864,36992,,,,,,
182157185591600,63251374903452,159,-4352,768,-1056,-13120,-524480,36928,,,,,,
182157186594200,63251375903618,160,-5056,832,-1792,-13952,-524416,39552,,,,,,
182157187596400,63251376903493,161,-4864,480,-2080,-13376,-523648,39488,,,,,,
182157188595500,63251377903493,162,-4960,-64,-1408,-13504,-521792,39424,,,,,,
182157189581200,63251378903618,163,-5056,352,-2048,-14720,-524736,37056,,,,,,
182157190590700,63251379903618,164,-5248,640,-2496,-14400,-521408,37952,,,,,,
182157191603100,63251380906452,165,-4864,864,-1984,-13504,-522560,37824,,,,,,
182157192601100,63251381903535,166,-4384,192,-2016,-16064,-523840,38336,,,,,,
182157193582100,63251382903618,167,-4480,256,-1984,-13760,-522752,41600,,,,,,
182157194592600,63251383903493,168,-4960,512,-2304,-16128,-523584,40512,,,,,,
182157195591900,63251384903618,169,-4928,608,-1792,-15616,-523776,37952,,,,,,
182157196596900,63251385903618,170,-4704,704,-1920,-14336,-523520,38848,,,,,,
182157197596800,63251386903368,171,-4928,160,-1664,-15104,-524416,37696,,,,,,
182157198609200,63251387903618,172,-4992,544,-2432,-14784,-525568,37568,,,,,,
182157199601100,63251388903452,173,-4832,640,-2304,-14080,-523328,39424,,,,,,
182157200590900,63251389903493,174,-4160,640,-1728,-16256,-522432,37888,,,,,,
182157201591800,63251390903368,175,-5408,576,-2976,-13952,-523520,36416,,,,,,
182157202591100,63251391903535,176,-4928,608,-1728,-12672,-522624,38336,,,,,,
182157203590700,63251392904285,177,-5184,992,-1632,-16000,-522560,37504,,,,,,
182157204593800,63251393903285,178,-4800,768,-1984,-15680,-522688,41472,,,,,,
182157205594400,63251394904410,179,-4576,640,-2304,-14464,-524032,37568,,,,,,
182157206587300,63251395903410,180,-4736,672,-1888,-15168,-523584,36864,,,,,,
182157207597500,63251396903327,181,-5280,896,-2496,-13632,-520448,36032,,,,,,
182157208591300,63251397903618,182,-4608,1152,-2208,-15040,-523648,35968,,,,,,
182157209590300,63251398903493,183,-4512,1216,-2464,-15424,-523008,35520,,,,,,
182157210742200,63251399903452,184,-4320,1056,-2368,-14784,-522368,38400,,,,,,
182157211595500,63251400906243,185,-4960,1472,-2688,-15424,-522432,38464,,,,,,
182157212591500,63251401905202,186,-4544,1152,-2912,-13760,-522432,38784,,,,,,
182157213591900,63251402905035,187,-4736,736,-2272,-12864,-523392,39104,,,,,,
182157214586100,63251403903535,188,-4128,576,-2656,-12736,-521792,40512,,,,,,
182157215597900,63251404903535,189,-3776,896,-2048,-14080,-525376,37568,,,,,,
182157216591500,63251405904785,190,-4512,1664,-2528,-15040,-522432,37952,,,,,,
182157217589000,63251406904202,191,-4512,1376,-2976,-14848,-522304,40256,,,,,,
182157218589300,63251407903618,192,-4480,1184,-2176,-15744,-522752,37120,,,,,,
182157219589400,63251408903493,193,-4896,1440,-2944,-12736,-522240,37120,,,,,,
182157220587300,63251409904410,194,-4384,1312,-2176,-14784,-521984,38208,,,,,,
182157221585900,63251410903618,195,-4928,1664,-3008,-12288,-523456,38400,,,,,,
182157222594200,63251411903952,196,-3840,896,-2656,-12864,-523392,39296,,,,,,
182157223593900,63251412903577,197,-5056,1280,-2272,-14144,-522304,37952,,,,,,
182157224587900,63251413903493,198,-4352,672,-2336,-13632,-522176,40064,,,,,,
182157225587400,63251414903535,199,-4640,1120,-2688,-13248,-521600,39680,,,,,,
182157226589300,63251415903452,200,-4512,832,-2144,-14208,-522432,39168,,,,,,
182157227590100,63251416906493,201,-5024,672,-2784,-13696,-522944,37760,,,,,,
182157228593400,63251417904952,202,-4704,928,-2240,-14208,-522688,37760,,,,,,
182157229590800,63251418903452,203,-4608,800,-1888,-14592,-523328,39360,,,,,,
182157230585800,63251419903618,204,-4544,640,-2400,-13824,-522432,39104,,,,,,
182157231641800,63251420903577,205,-4544,864,-2528,-14592,-522240,37568,,,,,,
182157232590100,63251421903452,206,-4928,864,-2688,-13888,-525184,35840,,,,,,
182157233591100,63251422903618,207,-4896,704,-2528,-13632,-523008,39488,,,,,,
182157234590600,63251423903493,208,-5216,672,-2240,-13952,-522112,35904,,,,,,
182157235591000,63251424905035,209,-4704,1248,-2304,-12544,-523712,42176,,,,,,
182157236589600,63251425903577,210,-4672,1184,-2016,-15488,-523072,36736,,,,,,
182157237583000,63251426903535,211,-4768,1280,-2304,-13888,-524416,39488,,,,,,
182157238579400,63251427903452,212,-4736,960,-2080,-14400,-523136,38016,,,,,,
182157239579400,63251428903493,213,-4992,1376,-2048,-13760,-523456,37824,,,,,,
182157240600600,63251429903827,214,-4832,1088,-2080,-13824,-524096,39232,,,,,,
182157241580900,63251430903577,215,-4352,1536,-2272,-14400,-521728,39680,,,,,,
182157242575300,63251431903535,216,-5408,1408,-2752,-13824,-524544,35584,,,,,,
182157243598300,63251432903577,217,-4416,1632,-2112,-15104,-522432,39104,,,,,,
182157244586700,63251433903410,218,-5088,1920,-3136,-14720,-522624,36096,,,,,,
182157245589500,63251434904577,219,-4800,1440,-2624,-16000,-523264,37888,,,,,,
182157246591800,63251435905993,220,-4672,1664,-2336,-16448,-522176,38080,,,,,,
182157247593800,63251436903618,221,-4576,2112,-3072,-14208,-523840,38464,,,,,,
182157248591100,63251437903327,222,-5152,2208,-2720,-13632,-523328,36480,,,,,,
182157249587400,63251438903702,223,-5024,1536,-2080,-16960,-522816,36160,,,,,,
182157250587200,63251439903618,224,-4960,2112,-3040,-15168,-523264,37824,,,,,,
182157251639500,63251440904952,225,-5056,1920,-3200,-16448,-524928,38912,,,,,,
182157252583500,63251441905160,226,-4768,1888,-2560,-12160,-524480,38848,,,,,,
182157253585200,63251442903410,227,-5088,1792,-2528,-14720,-523072,37696,,,,,,
182157254592800,63251443903118,228,-4992,2240,-2432,-12928,-523904,39168,,,,,,
182157255588400,63251444903702,229,-4992,2528,-2880,-17472,-523456,38592,,,,,,
182157256592000,63251445903452,230,-5408,2368,-2400,-14848,-523648,38528,,,,,,
182157257589000,63251446903535,231,-5504,2016,-2880,-14080,-523968,35584,,,,,,
182157258593000,63251447905243,232,-4608,1920,-2560,-13312,-523520,35648,,,,,,
182157259592300,63251448903160,233,-5312,1824,-2624,-14080,-522624,35584,,,,,,
182157260585900,63251449903535,234,-4928,2016,-2944,-12864,-524288,37312,,,,,,
182157261588600,63251450903327,235,-5376,1728,-2176,-12544,-523904,37440,,,,,,
182157262586200,63251451903618,236,-5184,1440,-2656,-12992,-522560,39488,,,,,,
182157263591400,63251452903535,237,-4576,1728,-2528,-14528,-523520,37824,,,,,,
182157264588000,63251453904160,238,-5184,1472,-1984,-14016,-523136,38912,,,,,,
182157265590400,63251454903618,239,-5184,992,-2976,-12352,-522624,38016,,,,,,
182157266587800,63251455903410,240,-5472,1120,-2464,-15168,-522560,36992,,,,,,
182157267587300,63251456904160,241,-4736,864,-2688,-15360,-522304,38272,,,,,,
182157268586300,63251457903535,242,-5152,1088,-2048,-13632,-522816,38080,,,,,,
182157269588200,63251458903577,243,-4896,736,-1952,-12992,-523392,37376,,,,,,
182157270586900,63251459903452,244,-5280,1088,-2336,-13504,-525184,36416,,,,,,
182157271589800,63251460903577,245,-5120,1024,-2048,-14144,-524032,38784,,,,,,
182157272589700,63251461903577,246,-4672,672,-1984,-14208,-524416,36928,,,,,,
182157273586800,63251462903410,247,-5184,384,-1632,-15104,-524288,39296,,,,,,
182157274584400,63251463903743,248,-4704,672,-2112,-14912,-524992,37056,,,,,,
182157275582200,63251464903535,249,-4384,1024,-2528,-13632,-524928,36416,,,,,,
182157276583900,63251465903327,250,-4576,352,-2112,-14720,-523584,36800,,,,,,
182157277582100,63251466903702,251,-4512,480,-2272,-13760,-525568,38592,,,,,,
182157278587100,63251467903535,252,-4640,576,-2912,-13568,-524992,35328,,,,,,
182157279599800,63251468905952,253,-5088,320,-2560,-14208,-525056,38848,,,,,,
182157280586300,63251469903660,254,-4096,448,-1504,-16192,-526272,36288,,,,,,
182157281581400,63251470906410,255,-4960,608,-2368,-14080,-525056,36288,,,,,,
182157282590000,63251471905118,0,-4928,800,-2112,-13248,-523648,37696,,,,,,
182157283579100,63251472903368,1,-4576,640,-2240,-16960,-523264,35392,,,,,,
182157284578200,63251473904327,2,-4864,1024,-2048,-15360,-522752,37696,,,,,,
182157285576800,63251474903577,3,-4544,736,-2080,-14400,-523392,37504,,,,,,
182157286578800,63251475903327,4,-5056,544,-1920,-14080,-525248,38656,,,,,,
182157287577300,63251476903702,5,-5312,1088,-2528,-13952,-523968,38720,,,,,,
182157288578500,63251477903452,6,-4864,1184,-2368,-14656,-521984,36352,,,,,,
182157289586700,63251478903452,7,-5120,1376,-2432,-13184,-522880,34944,,,,,,
182157290584000,63251479903577,8,-4768,1248,-1888,-14912,-523392,37760,,,,,,
182157291590700,63251480905410,9,-5440,1568,-2208,-14144,-524992,35584,,,,,,
182157292584800,63251481903577,10,-4928,1024,-1952,-13184,-523776,37632,,,,,,
182157293578700,63251482903493,11,-5088,1216,-2560,-12480,-522432,36288,,,,,,
182157294577900,63251483903618,12,-4960,1536,-2336,-12288,-523392,36864,,,,,,
182157295578500,63251484903452,13,-5088,1376,-2528,-14464,-524608,36224,,,,,,
182157296576800,63251485903618,14,-5024,736,-2400,-12544,-523776,37184,,,,,,
182157297577000,63251486903660,15,-5152,1120,-2400,-14848,-523840,36416,,,,,,
182157298578600,63251487903452,16,-5408,1440,-2496,-13952,-523456,37760,,,,,,
182157299588100,63251488903660,17,-4576,832,-2592,-13504,-524160,40000,,,,,,
182157300578500,63251489903493,18,-4320,960,-2432,-12224,-523968,36800,,,,,,
182157301576600,63251490903493,19,-4960,608,-1920,-14656,-524480,37312,,,,,,
182157302575300,63251491903410,20,-4896,1088,-1952,-15104,-523456,36672,,,,,,
182157303576700,63251492903452,21,-4928,544,-1504,-14080,-525120,35648,,,,,,
182157304576100,63251493904035,22,-4288,960,-2336,-15552,-525376,37056,,,,,,
182157305577200,63251494904868,23,-4800,544,-1568,-15488,-523328,38080,,,,,,
182157306576400,63251495903493,24,-4192,96,-1760,-15872,-525888,39168,,,,,,
182157307580800,63251496903452,25,-4608,608,-2560,-15616,-522624,36288,,,,,,
182157308580600,63251497903368,26,-4512,800,-2368,-15744,-526272,37184,,,,,,
182157309570000,63251498903535,27,-4000,416,-1920,-15872,-524864,38080,,,,,,
182157310567600,63251499903327,28,-4928,256,-2592,-14528,-525312,37312,,,,,,
182157311575400,63251500905035,29,-4800,480,-2240,-16320,-523776,37184,,,,,,
182157312576800,63251501903577,30,-4928,768,-2240,-14912,-523648,37760,,,,,,
182157313575900,63251502903452,31,-4768,896,-2592,-15680,-524224,36928,,,,,,
182157314580600,63251503903493,32,-4224,704,-2624,-15872,-521664,37888,,,,,,
182157315577600,63251504903660,33,-3936,1056,-1792,-15296,-524480,37952,,,,,,
182157316581800,63251505904493,34,-4416,1248,-2048,-16064,-523456,40192,,,,,,
182157317577400,63251506903452,35,-4896,832,-2688,-14464,-523840,39104,,,,,,
182157318576400,63251507905202,36,-4416,1024,-2720,-16576,-521920,41920,,,,,,
182157319575500,63251508903535,37,-4192,1312,-3424,-15360,-522816,40448,,,,,,
182157320573500,63251509903285,38,-4448,832,-1728,-16896,-522432,38592,,,,,,
182157321573500,63251510904868,39,-5312,1344,-3232,-14528,-523008,38336,,,,,,
182157322685800,63251511903577,40,-4864,1120,-2688,-14400,-522688,40832,,,,,,
182157323588900,63251512905535,41,-4448,1216,-3008,-12864,-521920,37056,,,,,,
182157324602100,63251513903493,42,-4544,960,-2144,-14528,-522240,38784,,,,,,
182157325578800,63251514903493,43,-5088,928,-2944,-13120,-522624,40384,,,,,,
182157326576400,63251515903577,44,-4608,1664,-3136,-15104,-522432,35904,,,,,,
182157327577100,63251516903410,45,-4448,1056,-2432,-13312,-522432,38464,,,,,,
182157328576600,63251517903743,46,-4736,1568,-2368,-13184,-524352,38464,,,,,,
182157329697600,63251518905035,47,-5184,1536,-3200,-12032,-522752,38080,,,,,,
182157330693400,63251519903410,48,-4672,896,-2848,-13696,-523520,40384,,,,,,
182157331627000,63251520903702,49,-4640,1248,-2688,-13632,-521856,38720,,,,,,
182157332580800,63251521903493,50,-4992,1280,-2496,-13632,-523136,39488,,,,,,
182157333576800,63251522903577,51,-4960,1216,-2656,-12096,-523072,36672,,,,,,
182157334575800,63251523904160,52,-4928,672,-2016,-12224,-525952,41088,,,,,,
182157335673500,63251524903660,53,-4512,768,-2528,-12928,-524672,38400,,,,,,
182157336736100,63251525903452,54,-4288,768,-3168,-12800,-524544,39936,,,,,,
182157337577200,63251526903577,55,-4480,352,-2560,-11264,-522304,39744,,,,,,
182157338590600,63251527903535,56,-4480,704,-2624,-11200,-523264,38592,,,,,,
182157339581900,63251528903410,57,-4032,256,-1600,-15808,-521984,36672,,,,,,
182157340596200,63251529904118,58,-4960,1184,-3168,-13248,-524224,37312,,,,,,
182157341570900,63251530907243,59,-4832,608,-1888,-12032,-522816,39488,,,,,,
182157342580700,63251531903493,60,-4768,1088,-1408,-12736,-521856,39040,,,,,,
182157343574200,63251532903368,61,-5184,672,-2080,-13824,-521472,39488,,,,,,
182157344574500,63251533903368,62,-4608,512,-1856,-14784,-525120,39168,,,,,,
182157345574400,63251534903452,63,-5056,1408,-2144,-13760,-523392,37696,,,,,,
182157346575700,63251535903785,64,-4800,704,-2272,-16768,-524096,40896,,,,,,
182157347574600,63251536903660,65,-5024,640,-1984,-14208,-522816,39552,,,,,,
182157348576900,63251537904702,66,-4736,1184,-2240,-14336,-523840,41408,,,,,,
182157349575800,63251538904493,67,-4608,992,-2176,-13440,-523776,39680,,,,,,
182157350575100,63251539903493,68,-4608,1344,-1952,-15040,-524480,35456,,,,,,
182157351574600,63251540903743,69,-4320,736,-1952,-15552,-524480,37888,,,,,,
182157352580100,63251541903327,70,-4672,832,-2400,-13312,-523968,39232,,,,,,
182157353577300,63251542903618,71,-4448,1184,-2080,-14912,-523264,35456,,,,,,
182157354620600,63251543903493,72,-4928,928,-2336,-15424,-523072,37632,,,,,,
182157355624800,63251544903410,73,-4480,768,-2208,-15552,-523392,37312,,,,,,
182157356584800,63251545903743,74,-4448,1536,-1888,-15168,-523584,37248,,,,,,
182157357581300,63251546903493,75,-4672,864,-2560,-14144,-523136,39104,,,,,,
182157358573500,63251547903493,76,-4544,1152,-2752,-13760,-524864,37760,,,,,,
182157359575200,63251548903493,77,-4448,1248,-2688,-14336,-524160,39296,,,,,,
182157360579500,63251549903827,78,-4928,1184,-1984,-13760,-522944,37440,,,,,,
182157361576600,63251550903410,79,-4736,1216,-2304,-15616,-524288,37824,,,,,,
182157362577000,63251551903952,80,-4576,864,-2688,-15552,-523520,38976,,,,,,
182157363585000,63251552903618,81,-4640,672,-3040,-14080,-523456,38528,,,,,,
182157364571300,63251553904993,82,-4864,1536,-2464,-15296,-523264,36480,,,,,,
182157365581600,63251554903577,83,-4000,1440,-2400,-15488,-522880,39168,,,,,,
182157366593100,63251555903618,84,-4928,1440,-2816,-14784,-523456,36416,,,,,,
182157367588100,63251556903368,85,-4224,928,-2176,-14784,-524864,39424,,,,,,
182157368587100,63251557903410,86,-4864,1152,-2176,-14784,-522560,35264,,,,,,
182157369586500,63251558903577,87,-4960,1376,-2496,-12160,-521408,37504,,,,,,
182157370587800,63251559903743,88,-4608,1984,-2688,-14528,-523328,36544,,,,,,
182157371577000,63251560903493,89,-4416,1280,-2112,-13184,-520192,37376,,,,,,
182157372574300,63251561903452,90,-4160,1280,-2016,-12480,-523328,38976,,,,,,
182157373578500,63251562903410,91,-4480,1408,-2400,-12352,-522176,37888,,,,,,
182157374594100,63251563903368,92,-4480,1024,-2272,-12928,-522944,37248,,,,,,
182157375592900,63251564903702,93,-4704,736,-2112,-12928,-522560,37312,,,,,,
182157376590800,63251565904410,94,-4576,960,-1920,-13440,-523264,38272,,,,,,
182157377577000,63251566904410,95,-5280,1344,-2240,-13184,-523584,38208,,,,,,
182157378589600,63251567903618,96,-4736,1472,-2496,-13952,-521600,38272,,,,,,
182157379594200,63251568903452,97,-4800,1536,-2656,-13312,-521792,37952,,,,,,
182157380591000,63251569903827,98,-4672,1696,-2624,-13632,-522048,39616,,,,,,
182157381586400,63251570903785,99,-4896,1248,-2912,-11904,-522496,38464,,,,,,
182157382593000,63251571903535,100,-4672,1248,-2496,-12416,-523776,39488,,,,,,
182157383587400,63251572903577,101,-4640,1376,-2624,-13696,-522688,41600,,,,,,
182157384586800,63251573903452,102,-4448,928,-1696,-13248,-522304,39296,,,,,,
182157385589300,63251574903618,103,-5120,1472,-2656,-14080,-522048,38208,,,,,,
182157386589800,63251575903535,104,-4608,1760,-2016,-13440,-522624,38336,,,,,,
182157387578400,63251576904160,105,-5152,1440,-2592,-12352,-523456,39744,,,,,,
182157388584800,63251577903743,106,-4640,1568,-1920,-13888,-522112,37952,,,,,,
182157389588200,63251578903452,107,-5024,1536,-2240,-14016,-521728,36800,,,,,,
182157390599300,63251579903493,108,-5632,1888,-2656,-13888,-523136,38784,,,,,,
182157391597500,63251580903577,109,-4480,1088,-1792,-14016,-522752,38336,,,,,,
182157392600500,63251581903993,110,-4320,1664,-2432,-13632,-522752,37632,,,,,,
182157393595500,63251582903493,111,-4576,1632,-2304,-12992,-523328,38720,,,,,,
182157394598500,63251583903618,112,-5216,1824,-2144,-14784,-523968,37504,,,,,,
182157395596300,63251584903577,113,-5440,1632,-1824,-16384,-523712,35776,,,,,,
182157396594200,63251585903368,114,-5280,1664,-2208,-12480,-523200,37376,,,,,,
182157397594500,63251586903243,115,-4704,1312,-2336,-14848,-522432,36864,,,,,,
182157398596700,63251587903535,116,-5280,1632,-2816,-14592,-523072,36352,,,,,,
182157399590200,63251588903368,117,-4928,1056,-1728,-14976,-523008,37824,,,,,,
182157400587200,63251589903660,118,-5184,1760,-2496,-15040,-521344,36928,,,,,,
182157401590100,63251590904952,119,-5216,1664,-2528,-14912,-522368,37376,,,,,,
182157402590600,63251591904868,120,-4672,1472,-1952,-15552,-521920,38144,,,,,,
182157403589400,63251592903452,121,-5184,1408,-2528,-15232,-522304,37440,,,,,,
182157404592700,63251593903535,122,-5504,2016,-2592,-15296,-524288,35008,,,,,,
182157405594000,63251594903618,123,-5600,896,-2112,-16832,-524160,35456,,,,,,
182157406617200,63251595903410,124,-5184,1280,-1792,-15808,-524544,35968,,,,,,
182157407609400,63251596903535,125,-5632,1760,-2432,-15488,-523968,35840,,,,,,
182157408593700,63251597903577,126,-4896,1568,-2656,-14912,-524288,35264,,,,,,
182157409591200,63251598903410,127,-5056,1152,-2240,-15040,-523072,36416,,,,,,
182157410593100,63251599903743,128,-5376,1568,-2112,-14784,-524736,35136,,,,,,
182157411594700,63251600903577,129,-4960,1088,-2176,-16000,-525312,36864,,,,,,
182157412594100,63251601904702,130,-4672,992,-2176,-15616,-523520,35648,,,,,,
182157413594600,63251602903577,131,-4864,1152,-2208,-16960,-524224,36864,,,,,,
182157414576400,63251603903493,132,-4672,864,-2720,-17536,-525376,37312,,,,,,
182157415595700,63251604903410,133,-4640,1376,-2336,-14784,-525440,35712,,,,,,
182157416587500,63251605904452,134,-4480,896,-1920,-17408,-525120,35712,,,,,,
182157417574700,63251606903743,135,-4768,864,-1792,-15680,-525312,37376,,,,,,
182157418596500,63251607903368,136,-4736,1216,-2240,-17344,-524416,34752,,,,,,
182157419598200,63251608903618,137,-4896,1152,-2688,-17536,-525312,37952,,,,,,
182157420592200,63251609903618,138,-4448,2016,-2624,-17984,-524736,36032,,,,,,
182157421592600,63251610903452,139,-4768,1280,-2848,-16256,-526144,37696,,,,,,
182157422594800,63251611903452,140,-4512,1440,-2976,-17152,-526912,38656,,,,,,
182157423594500,63251612905077,141,-4032,896,-1984,-15040,-525504,36800,,,,,,
182157424588600,63251613903410,142,-4256,1504,-1760,-16320,-524800,37184,,,,,,
182157425585800,63251614903368,143,-4608,1664,-3104,-15616,-525248,36416,,,,,,
182157426591200,63251615904368,144,-4192,1312,-2752,-16128,-525376,35328,,,,,,
182157427588300,63251616903577,145,-3808,1632,-2848,-17152,-524928,37376,,,,,,
182157428586700,63251617903327,146,-4288,1664,-2816,-15104,-523648,36096,,,,,,
182157429589400,63251618904660,147,-4288,1664,-2720,-14848,-525056,37312,,,,,,
182157430592800,63251619903618,148,-4192,1632,-3104,-13248,-525184,36928,,,,,,
182157431589000,63251620903285,149,-4096,1824,-3008,-13120,-524160,39552,,,,,,
182157432586200,63251621903618,150,-4160,1408,-2976,-15040,-524672,38400,,,,,,
182157433592400,63251622903535,151,-4512,1920,-2368,-14080,-523520,37888,,,,,,
182157434592300,63251623903660,152,-4544,1760,-3232,-13248,-524416,37120,,,,,,
182157435592600,63251624903660,153,-4288,1376,-2944,-14144,-523456,37248,,,,,,
182157436588300,63251625903452,154,-4128,1568,-2496,-14144,-522752,37696,,,,,,
182157437589700,63251626903410,155,-4480,1472,-3008,-12224,-522688,40640,,,,,,
182157438587700,63251627903577,156,-3648,1184,-2624,-12608,-524224,36416,,,,,,
182157439582300,63251628905785,157,-4224,1312,-3072,-12928,-522752,38784,,,,,,
182157440592800,63251629903493,158,-4672,1472,-2784,-12224,-524480,36608,,,,,,
182157441587900,63251630905035,159,-4480,1408,-2816,-11776,-524096,36928,,,,,,
182157442588300,63251631903493,160,-4192,1056,-2208,-13056,-523008,39360,,,,,,
182157443587900,63251632903452,161,-4448,1408,-2624,-11584,-524544,38016,,,,,,
182157444588900,63251633903452,162,-4160,864,-2400,-13248,-522944,39424,,,,,,
182157445592700,63251634903577,163,-4160,736,-2368,-13312,-524032,37504,,,,,,
182157446592600,63251635903493,164,-4320,416,-2592,-13248,-524032,39360,,,,,,
182157447586900,63251636903910,165,-4704,896,-1984,-11584,-522176,37760,,,,,,
182157448590500,63251637904993,166,-4224,640,-1760,-12160,-524928,38720,,,,,,
182157449589500,63251638904118,167,-4448,512,-1888,-10752,-521792,39616,,,,,,
182157450589800,63251639903577,168,-4736,224,-1984,-13248,-522432,37888,,,,,,
182157451586700,63251640903535,169,-5216,1024,-2528,-11648,-524224,38912,,,,,,
182157452589200,63251641903535,170,-5152,832,-1632,-12992,-522304,38080,,,,,,
182157453591600,63251642904452,171,-4256,672,-2048,-12160,-523264,40128,,,,,,
182157454589400,63251643903660,172,-4544,448,-1920,-13120,-521280,38336,,,,,,
182157455594700,63251644903493,173,-5440,832,-2208,-13056,-523136,39744,,,,,,
182157456593400,63251645903368,174,-4416,640,-1760,-11520,-522432,38464,,,,,,
182157457588600,63251646903577,175,-4832,320,-1248,-14272,-522496,39872,,,,,,
182157458587600,63251647903660,176,-5120,544,-2016,-13056,-520768,38400,,,,,,
182157459588800,63251648903702,177,-5024,640,-1440,-14720,-521728,39552,,,,,,
182157460593800,63251649903577,178,-4864,1056,-1600,-14976,-521408,37248,,,,,,
182157461591300,63251650903493,179,-5408,768,-2176,-13440,-521472,38272,,,,,,
182157462592300,63251651903577,180,-5056,736,-2048,-13824,-523264,40384,,,,,,
182157463588300,63251652903285,181,-4800,448,-2112,-16320,-522048,38656,,,,,,
182157464582500,63251653903618,182,-4512,800,-1152,-16192,-522880,38976,,,,,,
182157465587500,63251654903452,183,-5024,1312,-1824,-18240,-522944,37248,,,,,,
182157466597900,63251655903368,184,-4768,1312,-1728,-15296,-523264,38464,,,,,,
182157467589700,63251656903577,185,-4672,1536,-1952,-14848,-522752,38656,,,,,,
182157468587500,63251657903452,186,-4864,1024,-2208,-17152,-523648,37568,,,,,,
182157469590800,63251658903452,187,-4800,1600,-2368,-17920,-523136,37312,,,,,,
182157470592500,63251659903452,188,-5120,1280,-2880,-16000,-522816,35712,,,,,,
182157471579600,63251660904910,189,-4128,1696,-1824,-15616,-523392,39808,,,,,,
182157472589100,63251661903493,190,-5120,1536,-2720,-16128,-523328,36032,,,,,,
182157473596400,63251662903493,191,-4800,1376,-1632,-14976,-522368,38016,,,,,,
182157474587600,63251663903118,192,-4864,1728,-2048,-14656,-522560,37504,,,,,,
182157475589600,63251664903368,193,-4928,1696,-2592,-14848,-522880,38336,,,,,,
182157476588800,63251665903660,194,-4416,1696,-2304,-13952,-522816,36224,,,,,,
182157477590100,63251666903535,195,-4320,1952,-2016,-15232,-522688,35968,,,,,,
182157478591900,63251667904285,196,-4832,1824,-2496,-14976,-524736,34816,,,,,,
182157479587600,63251668903535,197,-4928,1856,-2176,-16256,-523712,38848,,,,,,
182157480588300,63251669903493,198,-4256,2048,-2400,-14784,-524800,37632,,,,,,
182157481575300,63251670903285,199,-4992,1728,-2464,-15104,-523520,37888,,,,,,
182157482593300,63251671903493,200,-5056,2080,-3168,-13824,-523968,36224,,,,,,
182157483586900,63251672903660,201,-4544,1632,-2112,-15296,-522112,36224,,,,,,
182157484589500,63251673903535,202,-5728,2176,-2560,-14080,-523648,37184,,,,,,
182157485587600,63251674903285,203,-4352,2112,-2656,-16384,-522432,40896,,,,,,
182157486589000,63251675906327,204,-4864,1664,-2816,-13632,-522304,37440,,,,,,
182157487589900,63251676903577,205,-4448,2240,-3040,-14400,-524416,40640,,,,,,
182157488591000,63251677903327,206,-4512,1600,-2240,-13376,-522368,39744,,,,,,
182157489574500,63251678903618,207,-5248,2240,-2848,-15360,-523008,38272,,,,,,
182157490590600,63251679903577,208,-4800,1888,-2624,-13376,-521344,40832,,,,,,
182157491587600,63251680903910,209,-4768,1696,-2272,-13824,-522304,38720,,,,,,
182157492586800,63251681903660,210,-5120,1952,-2336,-13952,-522752,37760,,,,,,
182157493591200,63251682903368,211,-5024,1728,-3040,-13056,-521984,40704,,,,,,
182157494591700,63251683903535,212,-4192,1760,-2624,-13440,-520448,38912,,,,,,
182157495586900,63251684903535,213,-4512,1440,-2496,-12992,-523072,35648,,,,,,
182157496582200,63251685903452,214,-4672,1632,-2176,-13248,-523072,38208,,,,,,
182157497585100,63251686903452,215,-5344,1696,-2624,-13760,-524160,39936,,,,,,
182157498583200,63251687903285,216,-5152,1344,-2304,-13632,-522496,37696,,,,,,
182157499632000,63251688903785,217,-5088,1856,-2112,-14400,-523136,37888,,,,,,
182157500596800,63251689903368,218,-4800,1792,-2272,-14272,-523904,37248,,,,,,
182157501578600,63251690903368,219,-3968,1312,-1696,-13376,-523968,36032,,,,,,
182157502574600,63251691904285,220,-4704,1952,-2656,-13376,-523520,36480,,,,,,
182157503588100,63251692903368,221,-4608,1472,-1984,-13440,-524736,38592,,,,,,
182157504590300,63251693903410,222,-5216,1696,-2752,-14720,-523200,38080,,,,,,
182157505588500,63251694903535,223,-4864,1280,-2720,-15104,-523712,36096,,,,,,
182157506585600,63251695903618,224,-4640,1472,-2464,-13440,-523200,38784,,,,,,
182157507592000,63251696903368,225,-5056,1792,-2720,-14016,-523072,38080,,,,,,
182157508589100,63251697903493,226,-4480,1984,-2912,-13056,-523776,38720,,,,,,
182157509585900,63251698903493,227,-5024,1504,-2144,-14912,-523712,38464,,,,,,
182157510589200,63251699903327,228,-4480,1760,-2208,-14976,-524480,36352,,,,,,
182157511587000,63251700905452,229,-4736,1920,-2624,-15232,-522240,36672,,,,,,
182157512588000,63251701903368,230,-4736,1696,-2496,-15872,-524736,37632,,,,,,
182157513593400,63251702903327,231,-4928,1984,-2848,-16064,-524800,37120,,,,,,
182157514588600,63251703903618,232,-4960,1984,-2592,-14400,-523584,37824,,,,,,
182157515598600,63251704903452,233,-4896,1888,-2688,-14784,-525952,39168,,,,,,
182157516598800,63251705903452,234,-4448,1888,-2976,-14592,-524480,40448,,,,,,
182157517587900,63251706903285,235,-4736,1888,-2368,-14912,-524288,38400,,,,,,
182157518586800,63251707903410,236,-4384,1888,-2240,-13824,-523584,36480,,,,,,
182157519587700,63251708903452,237,-4640,2016,-2624,-16960,-522816,36992,,,,,,
182157520591800,63251709903327,238,-5280,2048,-2560,-14208,-523648,36864,,,,,,
182157521592400,63251710904202,239,-5152,2112,-3008,-16704,-526080,38464,,,,,,
182157522593000,63251711903410,240,-5376,2176,-3008,-15872,-523072,36736,,,,,,
182157523591200,63251712903410,241,-4576,1728,-1952,-14912,-523328,39104,,,,,,
182157524594200,63251713903493,242,-5152,2048,-2368,-14656,-523776,38592,,,,,,
182157525586400,63251714903327,243,-4576,1568,-2464,-14912,-523520,39104,,,,,,
182157526584100,63251715903368,244,-5152,1920,-2528,-15488,-523968,38208,,,,,,
182157527586600,63251716903535,245,-4736,1312,-2816,-15360,-526720,38016,,,,,,
182157528588700,63251717903118,246,-5152,1376,-2560,-14656,-523264,39424,,,,,,
182157529591900,63251718903368,247,-5152,1280,-2592,-13696,-524864,38784,,,,,,
182157530577900,63251719903535,248,-5120,1216,-2656,-13568,-526080,38336,,,,,,
182157531613500,63251720904202,249,-5024,1216,-3136,-14720,-526336,34880,,,,,,
182157532597500,63251721903368,250,-4736,448,-1760,-15744,-524544,37440,,,,,,
182157533591900,63251722903077,251,-4864,1024,-2784,-14016,-523008,36480,,,,,,
182157534613400,63251723903577,252,-4832,768,-2624,-14144,-525760,38656,,,,,,
182157535589400,63251724903410,253,-5312,640,-2592,-15424,-524352,36928,,,,,,
182157536578600,63251725903702,254,-4960,672,-2240,-14336,-525120,36096,,,,,,
182157537589300,63251726903618,255,-4960,736,-1920,-14784,-524800,38656,,,,,,
182157538589300,63251727903118,0,-4992,672,-1888,-11776,-525952,37952,,,,,,
182157539576800,63251728903452,1,-4672,416,-2752,-14208,-525824,37760,,,,,,
182157540600800,63251729903452,2,-4736,1216,-2048,-13760,-523776,36480,,,,,,
182157541586300,63251730903410,3,-4736,1088,-2400,-14528,-525440,35904,,,,,,
182157542593300,63251731904660,4,-4640,864,-2336,-16704,-523456,37440,,,,,,
182157543587000,63251732903368,5,-5120,512,-2336,-14400,-525248,38976,,,,,,
182157544588500,63251733903410,6,-4320,576,-2208,-15168,-524096,38464,,,,,,
182157545589600,63251734903368,7,-4704,480,-2752,-15104,-525440,37056,,,,,,
182157546586700,63251735903618,8,-4480,992,-2176,-12544,-524352,35264,,,,,,
182157547587400,63251736903577,9,-4320,672,-2336,-15232,-524544,38720,,,,,,
182157548592000,63251737904160,10,-4960,608,-2112,-16192,-524416,35200,,,,,,
182157549590900,63251738903493,11,-5248,1120,-2784,-16128,-523584,39616,,,,,,
182157550590500,63251739903452,12,-4928,1056,-2240,-16256,-524736,38976,,,,,,
182157551589400,63251740903535,13,-4864,1344,-2848,-15808,-523136,36096,,,,,,
182157552589200,63251741903618,14,-4992,960,-3360,-15232,-524672,37056,,,,,,
182157553590400,63251742904535,15,-4672,1312,-2912,-16704,-525696,36032,,,,,,
182157554588600,63251743903452,16,-4704,1760,-2976,-14464,-522816,37120,,,,,,
182157555592400,63251744903619,17,-5088,1376,-1504,-15168,-522496,35520,,,,,,
182157556592100,63251745903535,18,-4992,1984,-2656,-15744,-524288,37696,,,,,,
182157557588800,63251746903369,19,-4448,1696,-2528,-13504,-524672,38784,,,,,,
182157558584900,63251747903744,20,-4384,1792,-1728,-14208,-525120,38400,,,,,,
182157559585900,63251748903702,21,-5184,1792,-3232,-13568,-523904,37568,,,,,,
182157560585400,63251749904869,22,-4192,1376,-2464,-13696,-523200,38464,,,,,,
182157561588900,63251750903452,23,-5312,2048,-2304,-15424,-525376,37504,,,,,,
182157562587200,63251751903452,24,-4800,1760,-2912,-14848,-524800,36992,,,,,,
182157563586400,63251752903410,25,-4896,1664,-2528,-13696,-524032,38336,,,,,,
182157564584300,63251753904202,26,-4736,1728,-2432,-14144,-525056,36416,,,,,,
182157565593100,63251754903494,27,-4128,1760,-2272,-14336,-524864,37120,,,,,,
182157566590000,63251755903535,28,-4608,1312,-2176,-13440,-525184,39168,,,,,,
182157567588300,63251756903369,29,-4160,1728,-2144,-13248,-524608,35136,,,,,,
182157568592000,63251757903327,30,-5248,1184,-2432,-13376,-523648,38336,,,,,,
182157569589000,63251758903535,31,-4096,1280,-2112,-13824,-523776,38720,,,,,,
182157570588700,63251759903285,32,-4608,1664,-2272,-11904,-524288,37056,,,,,,
182157571728100,63251760903577,33,-4448,1024,-2560,-13632,-523456,39680,,,,,,
182157572587500,63251761903577,34,-4032,1504,-1920,-13504,-522880,38656,,,,,,
182157573590900,63251762903369,35,-4608,1376,-2656,-13888,-524096,38976,,,,,,
182157574586000,63251763903535,36,-4800,1728,-1792,-13568,-522944,40384,,,,,,
182157575583900,63251764903452,37,-4448,1280,-2400,-13824,-524352,38400,,,,,,
182157576586000,63251765903452,38,-4832,1408,-2464,-12672,-523008,40576,,,,,,
182157577588300,63251766904785,39,-5280,1216,-2592,-14848,-522048,38784,,,,,,
182157578586900,63251767903577,40,-4928,1280,-2848,-14720,-521024,38336,,,,,,
182157579586900,63251768903494,41,-4896,1760,-2176,-13376,-521472,40576,,,,,,
182157580590200,63251769903327,42,-4544,1568,-2304,-13120,-522496,38272,,,,,,
182157581591500,63251770903577,43,-4352,1472,-2368,-14976,-521472,40704,,,,,,
182157582587000,63251771903577,44,-4672,1280,-1984,-15424,-520704,39296,,,,,,
182157583589100,63251772906285,45,-5280,1216,-2208,-14336,-521472,35136,,,,,,
182157584588400,63251773903494,46,-5312,1600,-2144,-15360,-522240,37632,,,,,,
182157585588000,63251774903369,47,-4800,1568,-1888,-12608,-521088,39808,,,,,,
182157586585400,63251775903494,48,-4928,1440,-2592,-16320,-521856,38208,,,,,,
182157587591000,63251776903577,49,-5088,1600,-1888,-14848,-523584,40192,,,,,,
182157588593700,63251777904410,50,-5056,1536,-2400,-15744,-523584,39616,,,,,,
182157589590100,63251778903285,51,-4768,1344,-2336,-15616,-522432,39488,,,,,,
182157590586400,63251779903535,52,-5280,2016,-2368,-15552,-523072,40384,,,,,,
182157591670100,63251780903619,53,-5152,1696,-2144,-15360,-522368,38912,,,,,,
182157592582700,63251781904994,54,-4608,1472,-1696,-14208,-523648,39104,,,,,,
182157593592800,63251782903577,55,-4672,1952,-2112,-14656,-522496,37760,,,,,,
182157594589700,63251783903410,56,-5056,1408,-2464,-13696,-523392,35200,,,,,,
182157595586700,63251784904827,57,-4960,1472,-2368,-15360,-524032,37568,,,,,,
182157596588200,63251785903452,58,-4736,1120,-2240,-15808,-523712,39104,,,,,,
182157597592800,63251786903494,59,-5088,1088,-2752,-16576,-522560,37760,,,,,,
182157598592300,63251787903494,60,-4832,1120,-2752,-15808,-521536,37952,,,,,,
182157599588300,63251788904119,61,-4672,576,-1600,-13440,-524416,37120,,,,,,
182157600586500,63251789903785,62,-5440,1472,-2080,-16512,-521408,36992,,,,,,
182157601589200,63251790906577,63,-4864,1120,-2400,-14400,-522112,39232,,,,,,
182157602593300,63251791904869,64,-5152,1024,-1632,-15232,-521920,36992,,,,,,
182157603593100,63251792904202,65,-4416,992,-2144,-15488,-522944,35776,,,,,,
182157604590400,63251793903535,66,-5568,640,-2400,-15936,-523200,36800,,,,,,
182157605588300,63251794903369,67,-4992,288,-2144,-14464,-521344,37824,,,,,,
182157606586800,63251795903702,68,-5504,448,-2176,-15616,-522368,37440,,,,,,
182157607586500,63251796903410,69,-5536,384,-1792,-16064,-523264,37312,,,,,,
182157608589300,63251797903452,70,-4480,160,-2176,-14720,-523584,39104,,,,,,
182157609577500,63251798903494,71,-5056,64,-1792,-17856,-521600,38784,,,,,,
182157610616300,63251799903535,72,-5120,128,-1856,-15168,-522304,38848,,,,,,
182157611578900,63251800903577,73,-4864,-160,-2272,-15808,-522432,36544,,,,,,
182157612575000,63251801903577,74,-5216,-288,-1984,-15040,-522240,38784,,,,,,
182157613587600,63251802903452,75,-4928,0,-2464,-16064,-524160,39424,,,,,,
182157614656900,63251803903410,76,-5280,0,-2304,-16192,-523968,37696,,,,,,
182157615597400,63251804903535,77,-5376,160,-2336,-15872,-525184,39104,,,,,,
182157616588200,63251805904202,78,-5568,-160,-1984,-15680,-524608,35776,,,,,,
182157617588000,63251806903369,79,-4608,-224,-2272,-14272,-522816,38784,,,,,,
182157618590200,63251807904410,80,-4896,96,-2240,-15040,-525248,37120,,,,,,
182157619752500,63251808903494,81,-5472,-64,-2848,-16576,-525568,36800,,,,,,
182157620586100,63251809904035,82,-4928,192,-2432,-15360,-525056,37184,,,,,,
182157621586600,63251810903369,83,-4512,-320,-2464,-15040,-525312,38656,,,,,,
182157622586800,63251811903494,84,-4672,-448,-1824,-15616,-525184,34880,,,,,,
182157623597900,63251812903494,85,-5536,-192,-2688,-16064,-526400,38016,,,,,,
182157624587900,63251813903577,86,-4608,320,-2752,-14592,-523712,35072,,,,,,
182157625574400,63251814903910,87,-5152,-224,-2528,-14080,-524672,35392,,,,,,
182157626586900,63251815903535,88,-4512,288,-2496,-13568,-525760,39488,,,,,,
182157627592800,63251816903327,89,-4192,160,-1856,-14528,-524800,36800,,,,,,
182157628586700,63251817903577,90,-4864,512,-2464,-12544,-525120,37824,,,,,,
182157629585200,63251818903494,91,-5024,576,-3008,-16640,-523776,33536,,,,,,
182157630586500,63251819903494,92,-4448,288,-2304,-15680,-525440,35392,,,,,,
182157631591300,63251820903619,93,-4896,160,-2976,-12544,-525504,36544,,,,,,
182157632596800,63251821903494,94,-4608,352,-2560,-15488,-523584,38080,,,,,,
182157633590200,63251822903577,95,-4416,544,-2080,-13824,-524608,37184,,,,,,
182157634588800,63251823904119,96,-4832,256,-2976,-14400,-523392,38080,,,,,,
182157635589600,63251824903535,97,-4832,384,-2592,-13696,-523904,38848,,,,,,
182157636586600,63251825904119,98,-4416,640,-2592,-15616,-525568,36608,,,,,,
182157637586600,63251826903285,99,-4896,448,-2432,-13440,-523904,39104,,,,,,
182157638586300,63251827903494,100,-4640,480,-2304,-14272,-525120,35904,,,,,,
182157639574200,63251828903369,101,-4224,-64,-2208,-14720,-523840,38336,,,,,,
182157640575600,63251829903619,102,-4672,672,-2400,-13248,-526080,40000,,,,,,
182157641587400,63251830903535,103,-4576,160,-3232,-12608,-524736,36224,,,,,,
182157642594700,63251831906369,104,-4800,288,-2560,-13504,-524160,38976,,,,,,
182157643579700,63251832903410,105,-4448,128,-2208,-14144,-523584,38144,,,,,,
182157644586900,63251833903535,106,-4672,32,-1888,-14080,-522688,38272,,,,,,
182157645615100,63251834903410,107,-4000,0,-2016,-13824,-521344,37184,,,,,,
182157646586000,63251835903452,108,-4896,512,-2112,-13888,-522816,38848,,,,,,
182157647588800,63251836903494,109,-4000,-32,-1344,-13760,-524480,36800,,,,,,
182157648592400,63251837904744,110,-4160,-64,-2048,-11904,-521984,38528,,,,,,
182157649598100,63251838903410,111,-4800,-192,-1920,-13056,-522304,39616,,,,,,
182157650588000,63251839903744,112,-4896,-64,-2528,-13632,-521920,39168,,,,,,
182157651587600,63251840903577,113,-4544,-64,-1760,-12480,-522816,39232,,,,,,
182157652591300,63251841903369,114,-4256,-192,-1408,-13952,-522176,39808,,,,,,
182157653588500,63251842903410,115,-5216,-128,-2592,-13760,-523200,38720,,,,,,
182157654584800,63251843903369,116,-4256,0,-1568,-12736,-524416,40576,,,,,,
182157655585200,63251844903452,117,-4608,-64,-1824,-12608,-522304,38144,,,,,,
182157656581600,63251845903285,118,-4448,416,-1216,-11904,-522816,42048,,,,,,
182157657592400,63251846903452,119,-4512,416,-1728,-12800,-522304,39040,,,,,,
182157658586500,63251847903452,120,-4800,32,-2112,-14912,-522624,39808,,,,,,
182157659585700,63251848903452,121,-5152,576,-1696,-12800,-522240,39488,,,,,,
182157660587200,63251849904577,122,-4576,-128,-1760,-12928,-520512,39552,,,,,,
182157661589400,63251850903577,123,-4928,544,-1952,-13440,-521856,35968,,,,,,
182157662592100,63251851903827,124,-5184,672,-1600,-13120,-521472,36416,,,,,,
182157663587800,63251852903577,125,-5184,672,-2272,-12608,-522688,37376,,,,,,
182157664578100,63251853903369,126,-5504,960,-1728,-12672,-522432,36992,,,,,,
182157665590800,63251854903452,127,-4672,832,-1472,-12160,-522688,39936,,,,,,
182157666587100,63251855903994,128,-5184,1152,-1792,-13312,-523392,40256,,,,,,
182157667587900,63251856903452,129,-5440,1600,-1504,-12480,-520576,37184,,,,,,
182157668589900,63251857903410,130,-5344,1632,-2464,-15744,-523392,37632,,,,,,
182157669591800,63251858903535,131,-5120,1632,-2304,-14016,-523648,38464,,,,,,
182157670588200,63251859903202,132,-4896,1760,-2080,-14656,-523520,38080,,,,,,
182157671587400,63251860903452,133,-5632,1984,-2304,-13824,-524032,35904,,,,,,
182157672579900,63251861903327,134,-5216,1792,-2432,-15168,-521856,40064,,,,,,
182157673597200,63251862903660,135,-4992,1728,-2624,-13568,-523328,37952,,,,,,
182157674590400,63251863904244,136,-5344,2016,-1984,-13504,-523776,37120,,,,,,
182157675594500,63251864903452,137,-4992,1888,-1792,-14720,-525248,36096,,,,,,
182157676596600,63251865903494,138,-5344,1888,-2464,-15616,-524800,34560,,,,,,
182157677582900,63251866903452,139,-5024,1824,-2336,-11904,-523264,39424,,,,,,
182157678589100,63251867903369,140,-4928,2080,-2048,-16576,-522752,37824,,,,,,
182157679588800,63251868903494,141,-5504,2112,-2848,-13888,-523840,36096,,,,,,
182157680590300,63251869903452,142,-5024,1760,-2336,-15232,-524928,36800,,,,,,
182157681592800,63251870903327,143,-5056,1824,-2848,-17344,-521792,38976,,,,,,
182157682587100,63251871903577,144,-5056,2208,-2272,-14720,-524608,36608,,,,,,
182157683585500,63251872903994,145,-5472,2656,-2400,-16704,-524544,36160,,,,,,
182157684586300,63251873903952,146,-4960,1984,-2176,-14784,-525184,37632,,,,,,
182157685591300,63251874903535,147,-4512,2048,-2624,-13760,-523712,36224,,,,,,
182157686588900,63251875903452,148,-4960,2464,-2112,-17152,-523712,35392,,,,,,
182157687587900,63251876903452,149,-5088,2112,-2112,-16000,-523712,38016,,,,,,
182157688589800,63251877903535,150,-4640,2304,-2368,-15680,-523712,38272,,,,,,
182157689636200,63251878903535,151,-4800,1728,-2304,-16064,-524160,39104,,,,,,
182157690590500,63251879903452,152,-3936,2048,-2624,-15936,-524480,37888,,,,,,
182157691706700,63251880903369,153,-4800,2912,-3712,-16832,-523456,39424,,,,,,
182157692587600,63251881906577,154,-4448,2912,-2272,-15616,-523264,36224,,,,,,
182157693588400,63251882903494,155,-5408,2240,-2816,-18112,-523456,37888,,,,,,
182157694590300,63251883903369,156,-4704,2176,-3200,-16320,-524224,38912,,,,,,
182157695591400,63251884903702,157,-4384,1984,-3136,-17472,-521664,39168,,,,,,
182157696591900,63251885903535,158,-4320,2176,-2592,-16576,-522880,35200,,,,,,
182157697591800,63251886903577,159,-4128,2272,-3008,-14976,-521728,39360,,,,,,
182157698590900,63251887903535,160,-4064,2272,-2848,-17408,-521920,39552,,,,,,
182157699588100,63251888903327,161,-5024,1984,-3360,-15680,-522240,38528,,,,,,
182157700587300,63251889903494,162,-4992,2304,-2912,-15808,-523072,38848,,,,,,
182157701588500,63251890905494,163,-4608,2048,-2144,-14400,-523008,38464,,,,,,
182157702586700,63251891903494,164,-5024,2080,-3360,-13184,-520192,38208,,,,,,
182157703588300,63251892903369,165,-4320,2144,-3584,-14144,-521664,39168,,,,,,
182157704578100,63251893903494,166,-4576,1536,-3072,-14592,-524992,41152,,,,,,
182157705581700,63251894903452,167,-4704,1920,-3552,-14976,-523072,37696,,,,,,
182157706591300,63251895903660,168,-4832,1472,-2912,-11264,-522816,40448,,,,,,
182157707586400,63251896904369,169,-4448,1504,-2944,-13504,-523840,38720,,,,,,
182157708587900,63251897903494,170,-4288,1024,-2560,-13312,-524032,41600,,,,,,
182157709588200,63251898903410,171,-4608,1216,-1824,-11328,-522624,37120,,,,,,
182157710590900,63251899903369,172,-4992,1248,-2432,-13568,-522560,38208,,,,,,
182157711589300,63251900903494,173,-5248,832,-2816,-12992,-522752,39808,,,,,,
182157712587000,63251901903452,174,-5152,736,-2336,-13376,-523264,37312,,,,,,
182157713588300,63251902905494,175,-4928,928,-2912,-12800,-522816,39936,,,,,,
182157714575100,63251903904244,176,-4544,960,-2272,-12160,-524352,38592,,,,,,
182157715591500,63251904903577,177,-4704,1152,-1888,-12608,-524480,38976,,,,,,
182157716588500,63251905903410,178,-5376,960,-2784,-12928,-524224,37120,,,,,,
182157717587200,63251906903535,179,-4416,1056,-2496,-13376,-524032,38144,,,,,,
182157718585100,63251907903494,180,-4224,864,-1952,-12736,-523840,40256,,,,,,
182157719588500,63251908903494,181,-4640,768,-1920,-11648,-523072,36224,,,,,,
182157720587900,63251909904244,182,-4672,736,-2048,-14080,-523776,39168,,,,,,
182157721581200,63251910904577,183,-4864,768,-2496,-11968,-522688,39488,,,,,,
182157722580400,63251911903452,184,-4608,1472,-1312,-15360,-523648,37632,,,,,,
182157723592400,63251912903494,185,-4704,1056,-1920,-16448,-523648,40064,,,,,,
182157724585900,63251913903369,186,-5536,1184,-2144,-13760,-523712,38336,,,,,,
182157725587000,63251914903494,187,-5248,1056,-2240,-14784,-523200,37504,,,,,,
182157726587800,63251915903285,188,-4928,1376,-2176,-16320,-525056,39872,,,,,,
182157727589900,63251916903452,189,-4928,1504,-2048,-14592,-523200,38848,,,,,,
182157728587200,63251917903327,190,-5152,1120,-2176,-16128,-524672,38080,,,,,,
182157729585400,63251918903160,191,-4736,1536,-2176,-14656,-523136,40960,,,,,,
182157730591300,63251919903577,192,-4544,1280,-2656,-15936,-522368,38464,,,,,,
182157731587000,63251920904744,193,-5120,1152,-2368,-15424,-523840,40256,,,,,,
182157732585600,63251921903369,194,-4416,1536,-2368,-16896,-521984,35968,,,,,,
182157733578300,63251922903494,195,-5152,1664,-2336,-15040,-522752,36736,,,,,,
182157734585600,63251923902994,196,-4992,1376,-2016,-14400,-524928,35968,,,,,,
182157735586700,63251924903410,197,-5184,1152,-2464,-15040,-523904,36096,,,,,,
182157736578800,63251925903535,198,-5824,1472,-3072,-14336,-525120,38016,,,,,,
182157737576800,63251926903494,199,-5184,1536,-1920,-16064,-526272,37888,,,,,,
182157738599900,63251927903327,200,-4800,960,-1952,-15232,-523968,36352,,,,,,
182157739592900,63251928903494,201,-5280,1376,-2912,-13952,-526528,37504,,,,,,
182157740653800,63251929903494,202,-4960,1216,-2112,-13888,-525120,38656,,,,,,
182157741582700,63251930903369,203,-5216,1408,-2048,-14976,-523264,36864,,,,,,
182157742583000,63251931903577,204,-5664,1120,-2208,-14080,-524544,36544,,,,,,
182157743579700,63251932904994,205,-5504,608,-2208,-13440,-525056,37696,,,,,,
182157744581100,63251933903452,206,-4928,640,-2432,-14720,-526272,37248,,,,,,
182157745581800,63251934903244,207,-4800,352,-1696,-13824,-524800,38400,,,,,,
182157746588500,63251935903452,208,-4672,-256,-1920,-14336,-525184,36032,,,,,,
182157747598200,63251936903535,209,-4864,416,-1376,-14720,-527424,36864,,,,,,
182157748584800,63251937903410,210,-4992,320,-2048,-11456,-524288,35712,,,,,,
182157749575700,63251938904577,211,-5248,224,-1728,-14208,-525056,35264,,,,,,
182157750584900,63251939903369,212,-4448,96,-1920,-12864,-525696,38784,,,,,,
182157751585500,63251940904535,213,-4896,-128,-2304,-15168,-525824,37440,,,,,,
182157752574300,63251941903535,214,-4320,-32,-1856,-15360,-525184,37184,,,,,,
182157753595500,63251942903410,215,-4992,512,-1600,-15936,-523968,35264,,,,,,
182157754600600,63251943903327,216,-4800,512,-1792,-15040,-525056,37760,,,,,,
182157755591200,63251944903452,217,-5216,256,-2080,-13568,-525440,39296,,,,,,
182157756596400,63251945903369,218,-4864,416,-1824,-15360,-526720,36032,,,,,,
182157757582600,63251946903410,219,-4192,480,-1920,-14464,-524736,36352,,,,,,
182157758579400,63251947903452,220,-4640,384,-2080,-15360,-524288,37568,,,,,,
182157759586500,63251948903452,221,-4704,704,-2176,-13952,-523712,37184,,,,,,
182157760587700,63251949903452,222,-4736,768,-2048,-13760,-523712,38464,,,,,,
182157761588800,63251950903660,223,-4672,1088,-1376,-14592,-524160,37504,,,,,,
182157762589400,63251951904952,224,-4736,1312,-2176,-14976,-523648,36928,,,,,,
182157763591800,63251952903285,225,-4768,1920,-2944,-15360,-522752,38976,,,,,,
182157764577400,63251953903285,226,-3648,1248,-1408,-14336,-525056,37440,,,,,,
182157765591200,63251954903369,227,-4768,1824,-2944,-14016,-524736,37952,,,,,,
182157766586900,63251955905452,228,-4672,1824,-1920,-12992,-522304,38976,,,,,,
182157767584200,63251956903327,229,-5216,1984,-2272,-14080,-522560,40128,,,,,,
182157768589700,63251957904577,230,-4320,1760,-1984,-12992,-522560,35392,,,,,,
182157769586500,63251958903369,231,-4416,1440,-2560,-15680,-524544,35712,,,,,,
182157770588100,63251959904077,232,-5056,2176,-3136,-13312,-525760,37888,,,,,,
182157771589600,63251960905744,233,-4448,2144,-2048,-13248,-523520,36608,,,,,,
182157772592200,63251961903410,234,-4736,1824,-2784,-15808,-522944,39488,,,,,,
182157773588900,63251962903285,235,-4480,2016,-2816,-12224,-522112,36672,,,,,,
182157774587300,63251963903619,236,-5216,1728,-2144,-12096,-524288,37376,,,,,,
182157775586300,63251964903410,237,-4480,1856,-1600,-14976,-522752,38720,,,,,,
182157776588600,63251965903619,238,-4480,1760,-2272,-12800,-524416,37696,,,,,,
182157777590600,63251966903577,239,-5152,1728,-2944,-14208,-521536,36288,,,,,,
182157778589000,63251967903410,240,-4416,1760,-2720,-12864,-521536,36480,,,,,,
182157779590200,63251968903327,241,-4704,1888,-2816,-13696,-523648,38272,,,,,,
182157780592400,63251969903452,242,-4608,1888,-2432,-13312,-522944,38080,,,,,,
182157781590800,63251970903452,243,-4672,1696,-2240,-13568,-523392,37056,,,,,,
182157782586700,63251971903369,244,-4704,2208,-2272,-13248,-523904,38848,,,,,,
182157783584100,63251972903369,245,-4480,1248,-1632,-13248,-523008,37952,,,,,,
182157784999800,63251973903535,246,-4928,1760,-2272,-14080,-522752,39488,,,,,,
182157785585900,63251974903327,247,-4512,1024,-1472,-15296,-521152,38784,,,,,,
182157786586200,63251975903285,248,-4160,1696,-2208,-15808,-522816,38144,,,,,,
182157787586300,63251976903535,249,-4832,1696,-2080,-13184,-522880,37888,,,,,,
182157788592700,63251977903327,250,-5184,1536,-2656,-16448,-522368,37760,,,,,,
182157789585100,63251978903369,251,-4576,1408,-2112,-16192,-522688,39616,,,,,,
182157790596800,63251979905160,252,-4448,1472,-1632,-15488,-522432,37184,,,,,,
182157791722000,63251980904910,253,-4928,1472,-2496,-16960,-523008,40512,,,,,,
182157792587800,63251981903285,254,-5344,2048,-2784,-14336,-521664,40256,,,,,,
182157793588800,63251982903452,255,-4064,1376,-2336,-14784,-522880,38144,,,,,,
182157794588700,63251983903494,0,-5472,1920,-2080,-15360,-521408,36608,,,,,,
182157795589300,63251984903327,1,-4704,1280,-2400,-15808,-522240,39808,,,,,,
182157796579700,63251985903410,2,-4960,2464,-3776,-15168,-522048,36352,,,,,,
182157797583900,63251986903452,3,-4416,1472,-1792,-14464,-522496,37568,,,,,,
182157798588100,63251987903369,4,-4480,2080,-2400,-14976,-522816,39360,,,,,,
182157799586100,63251988903535,5,-4704,1888,-2528,-15552,-522560,36480,,,,,,
182157800591400,63251989903410,6,-4352,2208,-2880,-13568,-521856,37568,,,,,,
182157801589000,63251990904202,7,-4704,2176,-1792,-15680,-523264,38976,,,,,,
182157802591200,63251991903285,8,-4704,2688,-3488,-15488,-522112,37568,,,,,,
182157803588700,63251992903702,9,-4704,1792,-3328,-13376,-523008,36480,,,,,,
182157804589400,63251993903494,10,-4416,2624,-2656,-14976,-524992,35840,,,,,,
182157805589100,63251994903202,11,-4544,2240,-2432,-13888,-524672,37248,,,,,,
182157806590200,63251995903660,12,-5088,2432,-2304,-14848,-522752,37632,,,,,,
182157807587800,63251996903619,13,-4000,1888,-2496,-13440,-522688,38592,,,,,,
182157808587500,63251997902952,14,-4512,2304,-3136,-14720,-521216,38080,,,,,,
182157809589200,63251998904869,15,-4832,2112,-3296,-13248,-524032,38208,,,,,,
182157810593400,63251999903910,16,-5088,2208,-3072,-15936,-522624,39296,,,,,,
182157811586400,63252000903327,17,-4288,1984,-2624,-14336,-523904,38656,,,,,,
182157812588700,63252001903494,18,-4224,1888,-2208,-13184,-521792,38464,,,,,,
182157813587400,63252002906244,19,-5120,2016,-2112,-14656,-523392,37632,,,,,,
182157814582600,63252003906619,20,-5120,1824,-3584,-13568,-521472,40640,,,,,,
182157815586900,63252004903827,21,-4192,1792,-2432,-11008,-523456,37120,,,,,,
182157816581500,63252005904494,22,-4704,1728,-2720,-14336,-522624,37568,,,,,,
182157817593300,63252006903410,23,-4896,1696,-2016,-12288,-522816,37440,,,,,,
182157818606800,63252007905202,24,-4512,1696,-2816,-13056,-522048,40256,,,,,,
182157819586500,63252008904535,25,-4384,1600,-1856,-11456,-522880,37632,,,,,,
182157820588500,63252009903327,26,-4896,1216,-2080,-12608,-521856,38144,,,,,,
182157821595700,63252010904910,27,-5184,1120,-2432,-15424,-524288,40512,,,,,,
182157822590100,63252011903369,28,-4704,1472,-2112,-14400,-524416,38272,,,,,,
182157823593100,63252012903494,29,-4288,1312,-2080,-13312,-521920,37952,,,,,,
182157824590300,63252013903285,30,-4544,768,-2496,-13056,-522688,38528,,,,,,
182157825585400,63252014903452,31,-5088,896,-2080,-13760,-524160,38656,,,,,,
182157826586200,63252015904785,32,-5088,1312,-2496,-13568,-523904,37568,,,,,,
182157827591300,63252016903410,33,-4480,800,-1440,-14592,-524288,37632,,,,,,
182157828590900,63252017903202,34,-5440,1152,-2624,-13568,-524224,38976,,,,,,
182157829589100,63252018903410,35,-4992,864,-2304,-16832,-524800,37696,,,,,,
182157830588600,63252019903369,36,-5344,736,-2080,-14592,-522048,38720,,,,,,
182157831719900,63252020904660,37,-4960,1056,-2592,-15296,-524032,37952,,,,,,
182157832579200,63252021903327,38,-6016,1024,-2176,-16512,-525440,36096,,,,,,
182157833772400,63252022902827,39,-5216,896,-1888,-16512,-524032,37248,,,,,,
182157834680300,63252023905494,40,-5184,1472,-2656,-15488,-524160,37504,,,,,,
182157835580800,63252024903452,41,-4928,1312,-2272,-15360,-524800,35968,,,,,,
182157836582100,63252025903327,42,-5024,896,-1856,-14720,-524160,36480,,,,,,
182157837585800,63252026903202,43,-5120,1376,-2112,-12608,-522624,37120,,,,,,
182157838587700,63252027903035,44,-4800,1472,-2560,-13760,-523200,37504,,,,,,
182157839668700,63252028903410,45,-4768,1632,-2016,-15552,-524544,34240,,,,,,
182157840593800,63252029903285,46,-4160,2016,-2560,-15296,-523648,35904,,,,,,
182157841587300,63252030903619,47,-4352,1632,-2656,-17408,-524096,37120,,,,,,
182157842586000,63252031906327,48,-4448,1056,-2336,-16064,-524480,34688,,,,,,
182157843589900,63252032903744,49,-4000,1504,-2688,-14656,-522816,37440,,,,,,
182157844595200,63252033903452,50,-4704,2240,-2560,-14336,-524800,36608,,,,,,
182157845586000,63252034903244,51,-4480,1824,-2752,-15936,-523840,34624,,,,,,
182157846586500,63252035905285,52,-4512,1472,-2336,-16448,-523904,37376,,,,,,
182157847586800,63252036903410,53,-5152,1824,-2720,-13760,-523840,36288,,,,,,
182157848639100,63252037903410,54,-5024,1280,-2912,-14208,-523456,37248,,,,,,
182157849602000,63252038903535,55,-4640,1888,-2496,-15040,-523776,39360,,,,,,
182157850599500,63252039903202,56,-4448,1568,-2272,-15488,-524928,39808,,,,,,
182157851586900,63252040903577,57,-4608,1568,-2496,-15296,-524352,37568,,,,,,
182157852584700,63252041903369,58,-4512,1632,-2464,-13184,-523456,37888,,,,,,
182157853582500,63252042903327,59,-4288,1440,-2112,-14464,-524224,37312,,,,,,
182157854575200,63252043903369,60,-4640,1504,-2016,-14016,-523328,40064,,,,,,
182157855583600,63252044903202,61,-4512,1504,-2464,-13632,-523328,37824,,,,,,
182157856588000,63252045903369,62,-4288,1664,-2464,-14912,-522624,38400,,,,,,
182157857599100,63252046903494,63,-5024,1728,-2592,-12928,-524096,39168,,,,,,
182157858577900,63252047904119,64,-4448,1184,-1344,-13056,-522368,38784,,,,,,
182157859592400,63252048903285,65,-4864,1056,-2304,-14528,-525312,37248,,,,,,
182157860582900,63252049903077,66,-4928,1312,-2560,-12160,-521600,37888,,,,,,
182157861627400,63252050903535,67,-4768,608,-2208,-13568,-523072,39424,,,,,,
182157862597600,63252051903202,68,-4704,768,-2336,-12160,-524480,37568,,,,,,
182157863595700,63252052903410,69,-5248,1056,-2304,-12096,-523328,40000,,,,,,
182157864627900,63252053903369,70,-5312,1184,-1824,-13056,-522816,37696,,,,,,
182157865644400,63252054903202,71,-5184,512,-2208,-12416,-522624,39296,,,,,,
182157866603600,63252055904035,72,-5056,576,-2624,-13568,-525312,37696,,,,,,
182157867588600,63252056903369,73,-4768,448,-1824,-13312,-522752,36352,,,,,,
182157868588600,63252057903452,74,-4480,320,-2016,-13376,-524224,39616,,,,,,
182157869590600,63252058903535,75,-4832,480,-1728,-15360,-523712,38528,,,,,,
182157870588000,63252059904119,76,-5312,704,-1920,-14208,-522688,37760,,,,,,
182157871585500,63252060903535,77,-5536,640,-2560,-15040,-524608,38528,,,,,,
182157872589400,63252061903202,78,-4512,384,-1824,-14784,-523008,35712,,,,,,
182157873593800,63252062903452,79,-4960,512,-1792,-13248,-524352,37888,,,,,,
182157874602000,63252063903827,80,-4832,416,-2208,-12864,-523392,39552,,,,,,
182157875579700,63252064903160,81,-5216,864,-2240,-14016,-524992,36544,,,,,,
182157876586500,63252065903494,82,-4864,480,-2144,-15936,-524160,39040,,,,,,
182157877594600,63252066903327,83,-4736,512,-1504,-16576,-523264,38272,,,,,,
182157878583400,63252067903369,84,-4736,1184,-2400,-14592,-524032,37312,,,,,,
182157879581100,63252068903369,85,-5568,672,-1984,-16896,-524480,38464,,,,,,
182157880587400,63252069903369,86,-4736,608,-1696,-16064,-525376,37760,,,,,,
182157881591000,63252070904910,87,-4928,832,-2624,-16256,-525568,39552,,,,,,
182157882593200,63252071903494,88,-4992,576,-1696,-17152,-524416,37824,,,,,,
182157883589900,63252072903494,89,-4928,1120,-2400,-16704,-525568,37376,,,,,,
182157884589800,63252073903410,90,-4896,1408,-2176,-17024,-523648,38656,,,,,,
182157885585400,63252074904494,91,-4896,1440,-2080,-15680,-524032,36160,,,,,,
182157886585800,63252075903410,92,-4992,1088,-2400,-16320,-524032,38336,,,,,,
182157887588100,63252076903410,93,-4800,1216,-3168,-16192,-524928,36864,,,,,,
182157888590400,63252077903619,94,-5024,1440,-2368,-15744,-523904,37120,,,,,,
182157889582100,63252078903285,95,-4896,1536,-2400,-16384,-522880,35776,,,,,,
182157890590700,63252079904285,96,-4928,1632,-2880,-18304,-523712,41088,,,,,,
182157891587900,63252080904619,97,-4320,1152,-2752,-17152,-523008,36416,,,,,,
182157892589900,63252081903702,98,-4736,1664,-2848,-17344,-523072,38144,,,,,,
182157893585200,63252082903369,99,-4224,1568,-2336,-15872,-525120,35712,,,,,,
182157894584500,63252083903369,100,-4544,1856,-2656,-14400,-524032,38272,,,,,,
182157895588100,63252084903410,101,-4448,1344,-2336,-15232,-524288,39552,,,,,,
182157896588700,63252085903369,102,-4576,1440,-2656,-14784,-524352,38144,,,,,,
182157897589000,63252086903244,103,-4928,1472,-2688,-15616,-523584,39232,,,,,,
182157898592200,63252087903535,104,-4384,896,-2720,-16000,-523328,38336,,,,,,
182157899589900,63252088903410,105,-4576,1024,-2560,-14336,-522496,37248,,,,,,
182157900588000,63252089903160,106,-4704,1568,-2176,-14976,-522624,36992,,,,,,
182157901585700,63252090905035,107,-4288,1184,-2624,-15040,-523072,38208,,,,,,
182157902588100,63252091903452,108,-4704,1504,-2400,-13248,-522944,37312,,,,,,
182157903588700,63252092904785,109,-4256,960,-2976,-14464,-524352,35328,,,,,,
182157904593200,63252093903452,110,-4544,1152,-3584,-14208,-523520,36352,,,,,,
182157905593300,63252094903369,111,-3808,864,-2176,-12992,-524224,40896,,,,,,
182157906590200,63252095903369,112,-4640,896,-2400,-13824,-522624,40192,,,,,,
182157907587600,63252096903535,113,-4928,1376,-2880,-15872,-523648,40512,,,,,,
182157908579400,63252097903869,114,-5120,992,-2368,-13952,-520704,38784,,,,,,
182157909583700,63252098903285,115,-4384,832,-2720,-13312,-522880,39936,,,,,,
182157910585000,63252099903244,116,-5248,1440,-2592,-13184,-521984,40448,,,,,,
182157911588100,63252100903535,117,-4256,1024,-2144,-14464,-524416,41856,,,,,,
182157912587100,63252101903285,118,-4032,1440,-2464,-12736,-521664,37568,,,,,,
182157913587400,63252102903410,119,-4928,1280,-2816,-11904,-523072,42240,,,,,,
182157914584800,63252103903619,120,-4480,1248,-2880,-12096,-523136,40640,,,,,,
182157915589700,63252104904744,121,-5056,1536,-2400,-11776,-523904,40064,,,,,,
182157916586400,63252105903577,122,-5120,1536,-2496,-10816,-522624,41984,,,,,,
182157917588100,63252106903285,123,-4896,1856,-2496,-12288,-523904,40512,,,,,,
182157918589100,63252107903452,124,-5312,1984,-2336,-12288,-522048,38592,,,,,,
182157919592400,63252108903202,125,-4864,1888,-2912,-12736,-523136,38144,,,,,,
182157920592500,63252109904494,126,-4864,1824,-2688,-11328,-522752,38144,,,,,,
182157921589000,63252110904285,127,-4864,1728,-2112,-13632,-521728,40128,,,,,,
182157922590500,63252111903910,128,-5312,1984,-2528,-13824,-523584,39552,,,,,,
182157923592300,63252112903535,129,-4576,1824,-2272,-11776,-522176,37248,,,,,,
182157924587800,63252113903410,130,-4736,1696,-2720,-12608,-523968,38528,,,,,,
182157925586300,63252114903452,131,-5472,1632,-1952,-14016,-523008,37184,,,,,,
182157926584400,63252115904244,132,-4832,2144,-2624,-12608,-525760,37376,,,,,,
182157927587100,63252116903952,133,-5600,1664,-2944,-13888,-525120,37824,,,,,,
182157928587700,63252117903410,134,-4672,2112,-2080,-13760,-523328,39232,,,,,,
182157929589700,63252118903285,135,-5248,2176,-1952,-12672,-523520,34304,,,,,,
182157930590600,63252119903410,136,-4704,1440,-2304,-13696,-524096,38592,,,,,,
182157931626800,63252120903577,137,-5472,1824,-2304,-13248,-525056,36864,,,,,,
182157932587000,63252121903452,138,-5056,1504,-2752,-13248,-524416,37504,,,,,,
182157933588700,63252122904160,139,-5472,1632,-2016,-14272,-524416,36992,,,,,,
182157934588900,63252123903452,140,-4768,1408,-2240,-13888,-523456,36160,,,,,,
182157935588200,63252124903452,141,-5152,1376,-1888,-14528,-525120,39744,,,,,,
182157936587900,63252125903452,142,-4864,1472,-1920,-15424,-521472,37120,,,,,,
182157937592000,63252126903494,143,-5216,1344,-2592,-13824,-524800,35648,,,,,,
182157938588300,63252127903619,144,-5280,960,-1856,-15808,-523456,35904,,,,,,
182157939581000,63252128903410,145,-5312,1344,-2624,-14144,-524096,36672,,,,,,
182157940592000,63252129903369,146,-4704,1248,-1824,-15680,-522560,38144,,,,,,
182157941585500,63252130903327,147,-5056,1344,-2176,-16256,-523904,38080,,,,,,
182157942584000,63252131903452,148,-4704,1920,-2816,-16704,-525632,37696,,,,,,
182157943591300,63252132903410,149,-4800,1248,-2784,-15744,-523328,38016,,,,,,
182157944589300,63252133903285,150,-4736,1376,-2208,-13952,-522560,37056,,,,,,
182157945574100,63252134903202,151,-4896,1184,-2400,-16192,-522880,36736,,,,,,
182157946576100,63252135903410,152,-5024,1504,-2016,-14784,-524416,35840,,,,,,
182157947572300,63252136903452,153,-4896,960,-2176,-16384,-523072,35648,,,,,,
182157948575100,63252137903369,154,-5440,800,-2144,-16064,-521856,37696,,,,,,
182157949576300,63252138903410,155,-4768,1024,-2528,-17024,-522624,39168,,,,,,
182157950724600,63252139903619,156,-4672,1408,-2624,-16384,-523904,38336,,,,,,
182157951578600,63252140904410,157,-4512,1280,-2240,-16192,-523136,37824,,,,,,
182157952588300,63252141903535,158,-5120,1472,-2656,-16704,-522304,35328,,,,,,
182157953591200,63252142903452,159,-4576,992,-2432,-16768,-522560,35136,,,,,,
182157954588200,63252143903369,160,-5344,1568,-2528,-17408,-523840,37056,,,,,,
182157955587300,63252144903452,161,-4704,1472,-2368,-14912,-523840,37952,,,,,,
182157956626000,63252145904744,162,-4480,1248,-2912,-17664,-522304,37120,,,,,,
182157957595700,63252146904410,163,-4512,1184,-2368,-16512,-524032,38336,,,,,,
182157958584800,63252147903369,164,-4864,1088,-2656,-15232,-524608,37312,,,,,,
182157959583900,63252148902994,165,-4512,992,-2176,-15616,-522688,37824,,,,,,
182157960589200,63252149903327,166,-4512,1120,-2624,-15424,-523264,36800,,,,,,
182157961597800,63252150903327,167,-4736,1344,-2880,-14912,-523904,37888,,,,,,
182157962584000,63252151903494,168,-4832,768,-2112,-14464,-520960,36096,,,,,,
182157963664500,63252152903369,169,-4672,1184,-2592,-12864,-523264,35456,,,,,,
182157964612500,63252153903202,170,-5120,1152,-2912,-14720,-523136,37504,,,,,,
182157965581200,63252154904285,171,-4544,1056,-2848,-13504,-524480,38720,,,,,,
182157966597900,63252155903119,172,-4864,864,-2304,-13248,-521344,39488,,,,,,
182157967598200,63252156903410,173,-5376,928,-2432,-13312,-522880,37248,,,,,,
182157968585700,63252157903452,174,-5184,1120,-2528,-13824,-522752,37824,,,,,,
182157969577600,63252158904535,175,-5184,512,-3008,-13952,-522432,34752,,,,,,
182157970594900,63252159903410,176,-4800,416,-2848,-14720,-523648,36608,,,,,,
182157971583200,63252160903535,177,-4928,192,-2048,-13504,-522944,37184,,,,,,
182157972579900,63252161903452,178,-4800,800,-2560,-12864,-524416,35712,,,,,,
182157973587500,63252162903369,179,-4800,640,-2688,-14336,-520704,38784,,,,,,
182157974585600,63252163903702,180,-4864,160,-2144,-14720,-523328,37824,,,,,,
182157975590500,63252164903369,181,-4672,416,-2496,-13248,-524480,39168,,,,,,
182157976587200,63252165903244,182,-5120,864,-1664,-14080,-522368,38272,,,,,,
182157977575400,63252166903535,183,-4736,32,-2304,-12288,-521856,38208,,,,,,
182157978580400,63252167903369,184,-4928,544,-2528,-13632,-523648,36992,,,,,,
182157979580800,63252168903369,185,-4576,288,-2016,-13632,-524288,39872,,,,,,
182157980580900,63252169903244,186,-5088,128,-1824,-14976,-523776,36032,,,,,,
182157981632500,63252170904827,187,-4352,0,-1920,-13312,-523008,35648,,,,,,
182157982611200,63252171903410,188,-4960,160,-1920,-14592,-522624,38848,,,,,,
182157983588200,63252172903285,189,-5024,640,-2432,-15168,-522112,35200,,,,,,
182157984582900,63252173903577,190,-5056,992,-2400,-15744,-523904,37632,,,,,,
182157985580700,63252174905910,191,-4736,1152,-2144,-15872,-523008,38528,,,,,,
182157986579800,63252175903202,192,-4512,864,-2464,-15424,-524224,37376,,,,,,
182157987580600,63252176903452,193,-5824,1312,-2912,-16512,-524224,36224,,,,,,
182157988685900,63252177903369,194,-4608,1152,-1696,-15808,-520960,39040,,,,,,
182157989760200,63252178903327,195,-4864,1056,-2464,-17344,-522112,36480,,,,,,
182157990583700,63252179903452,196,-5408,1408,-3456,-14848,-523200,34752,,,,,,
182157991586200,63252180903077,197,-4448,1440,-2144,-16064,-523456,39168,,,,,,
182157992574000,63252181906494,198,-4992,1600,-1888,-14976,-523712,36032,,,,,,
182157993579600,63252182903494,199,-4768,1472,-2944,-17152,-521984,37376,,,,,,
182157994722100,63252183903452,200,-5184,1280,-2752,-14848,-524160,38784,,,,,,
182157995715200,63252184903202,201,-4192,1440,-2048,-14656,-522816,36416,,,,,,
182157996578600,63252185904369,202,-4000,2304,-2272,-15744,-523776,37568,,,,,,
182157997664600,63252186903869,203,-5120,1824,-2432,-14208,-522304,36864,,,,,,
182157998579400,63252187903244,204,-4512,1632,-2656,-13504,-523392,35264,,,,,,
182157999600800,63252188903285,205,-4448,1600,-2176,-12416,-522560,34368,,,,,,
182158000587600,63252189903410,206,-4800,1824,-2496,-11840,-523584,40256,,,,,,
182158001579700,63252190904952,207,-4480,1504,-2784,-11712,-523648,39104,,,,,,
182158002583900,63252191903869,208,-4800,1824,-2432,-15104,-521472,36928,,,,,,
182158003581400,63252192904160,209,-4864,1760,-2880,-13504,-522496,38016,,,,,,
182158004574400,63252193903327,210,-4448,1216,-2208,-12800,-523584,37760,,,,,,
182158005578500,63252194903202,211,-5088,1568,-2336,-12160,-523648,38144,,,,,,
182158006583700,63252195903494,212,-3840,1152,-2336,-11264,-523456,39680,,,,,,
182158007585200,63252196903285,213,-3808,864,-2272,-13056,-523008,37504,,,,,,
182158008580200,63252197903285,214,-4160,1056,-2560,-12480,-523648,35840,,,,,,
182158009591300,63252198903535,215,-4256,1184,-2432,-12160,-525440,38336,,,,,,
182158010580000,63252199903369,216,-4640,960,-1952,-14912,-521600,39168,,,,,,
182158011588200,63252200903285,217,-4832,1312,-1952,-12864,-523072,41792,,,,,,
182158012576700,63252201904785,218,-5248,832,-2464,-11648,-523392,40320,,,,,,
182158013585700,63252202903369,219,-4448,928,-2400,-10432,-524800,38592,,,,,,
182158014603100,63252203903494,220,-4288,704,-2080,-12736,-523456,38976,,,,,,
182158015578600,63252204906035,221,-4800,672,-1632,-12928,-524160,38592,,,,,,
182158016578200,63252205904827,222,-4416,928,-2784,-12544,-523840,39360,,,,,,
182158017577400,63252206903410,223,-4640,704,-2336,-12480,-523264,39936,,,,,,
182158018587800,63252207903327,224,-4736,672,-1440,-13248,-521024,40448,,,,,,
182158019591700,63252208903494,225,-4832,1024,-2336,-12288,-523584,39360,,,,,,
182158020583900,63252209903410,226,-4960,992,-1920,-13504,-523776,41472,,,,,,
182158021583100,63252210902952,227,-4832,832,-2176,-13760,-523200,39232,,,,,,
182158022582400,63252211903577,228,-4736,992,-1920,-11264,-523648,38592,,,,,,
182158023584400,63252212903327,229,-5312,704,-1920,-12928,-522496,38272,,,,,,
182158024589900,63252213903285,230,-5152,1216,-1920,-12864,-524352,38784,,,,,,
182158025584800,63252214903619,231,-4928,1376,-1920,-13312,-522176,39616,,,,,,
182158026583100,63252215903952,232,-4832,1280,-1920,-14976,-523648,38912,,,,,,
182158027585000,63252216903327,233,-5120,1632,-1984,-13440,-523328,38592,,,,,,
182158028584500,63252217903494,234,-5056,1632,-2144,-13184,-525632,36736,,,,,,
182158029584800,63252218903369,235,-4832,1312,-1696,-14080,-526464,37440,,,,,,
182158030583900,63252219903369,236,-5440,1952,-2816,-13760,-523264,39680,,,,,,
182158031588200,63252220903327,237,-5248,1920,-2368,-12736,-523648,36544,,,,,,
182158032589300,63252221903369,238,-5280,2048,-2432,-14400,-524608,38656,,,,,,
182158033587800,63252222903869,239,-5088,1920,-2560,-15360,-525248,36160,,,,,,
182158034587500,63252223903369,240,-4992,2208,-2496,-13888,-525824,40000,,,,,,
182158035586600,63252224903494,241,-4992,2048,-2560,-14208,-524928,38016,,,,,,
182158036586200,63252225905244,242,-4992,2016,-2048,-14080,-525184,37888,,,,,,
182158037585200,63252226903244,243,-5568,2080,-2048,-15424,-522624,35072,,,,,,
182158038584900,63252227903535,244,-4960,2592,-2368,-15168,-525312,35840,,,,,,
182158039591900,63252228905702,245,-4416,2144,-1952,-13376,-523328,38272,,,,,,
182158040592400,63252229903494,246,-4576,2368,-2240,-13888,-525824,35648,,,,,,
182158041588400,63252230903494,247,-5312,2240,-2464,-14976,-523648,36352,,,,,,
182158042586900,63252231903410,248,-4960,1984,-2560,-14976,-524800,35328,,,,,,
182158043586500,63252232903077,249,-4448,2112,-1952,-15744,-523456,36800,,,,,,
182158044585900,63252233903619,250,-4832,2400,-2496,-16384,-524288,36224,,,,,,
182158045587900,63252234904202,251,-4896,2272,-3104,-16384,-523520,37440,,,,,,
182158046586500,63252235903369,252,-5088,2144,-2304,-14976,-524736,35968,,,,,,
182158047585900,63252236903452,253,-5056,2208,-2784,-16576,-526528,37952,,,,,,
182158048588800,63252237903077,254,-5056,1504,-1504,-17664,-524288,37824,,,,,,
182158049587500,63252238903202,255,-5120,2304,-3008,-15360,-525952,38592,,,,,,
182158050587700,63252239903160,0,-4448,1856,-1440,-15872,-524800,37504,,,,,,
182158051732200,63252240904994,1,-4704,1600,-2688,-17280,-523328,39424,,,,,,
182158052586500,63252241903285,2,-4512,1760,-1856,-17088,-524288,37184,,,,,,
182158053583500,63252242906577,3,-4864,1568,-2208,-15936,-524992,37248,,,,,,
182158054582800,63252243903535,4,-5376,1472,-2048,-17344,-523392,36928,,,,,,
182158055586100,63252244903410,5,-4832,1344,-2176,-16704,-524992,37568,,,,,,
182158056589500,63252245903410,6,-4768,1120,-2176,-17152,-523776,36352,,,,,,
182158057596600,63252246904910,7,-5312,1216,-2496,-14720,-524800,38912,,,,,,
182158058597500,63252247906035,8,-5152,896,-1664,-14912,-526080,36416,,,,,,
182158059595800,63252248903244,9,-5120,896,-1760,-17088,-524928,37184,,,,,,
182158060579700,63252249903452,10,-5056,640,-2400,-16640,-522048,36672,,,,,,
182158061586400,63252250903452,11,-4672,928,-2848,-14912,-524480,36928,,,,,,
182158062585600,63252251903410,12,-5504,576,-2432,-14464,-523200,37696,,,,,,
182158063586000,63252252905077,13,-4928,288,-2144,-15296,-524800,37184,,,,,,
182158064590800,63252253903494,14,-5376,576,-2688,-16192,-523136,37376,,,,,,
182158065594200,63252254903285,15,-4544,320,-2048,-15488,-524672,36800,,,,,,
182158066588000,63252255903494,16,-5216,416,-1952,-14400,-525184,36480,,,,,,
182158067586200,63252256903285,17,-4992,832,-2176,-15936,-525184,37248,,,,,,
182158068587700,63252257904994,18,-4224,704,-2880,-13824,-522688,36288,,,,,,
182158069583800,63252258903285,19,-4576,608,-2272,-16832,-522816,34560,,,,,,
182158070598600,63252259903327,20,-5248,512,-2464,-15552,-522624,37376,,,,,,
182158071589100,63252260903327,21,-4736,832,-2304,-15616,-523264,36160,,,,,,
182158072581800,63252261903202,22,-4768,448,-2592,-15744,-521088,34944,,,,,,
182158073599400,63252262903452,23,-4352,192,-2272,-14336,-523072,37184,,,,,,
182158074599200,63252263903327,24,-4672,640,-1664,-14464,-524160,38592,,,,,,
182158075580900,63252264903285,25,-4896,1312,-2752,-16576,-521664,36224,,,,,,
182158076586300,63252265903410,26,-4896,864,-2976,-14464,-523264,36544,,,,,,
182158077585900,63252266903327,27,-5024,608,-2560,-14464,-522624,38720,,,,,,
182158078588000,63252267903827,28,-4832,1120,-2176,-15040,-523776,39104,,,,,,
182158079586800,63252268903535,29,-4544,224,-2880,-14016,-522560,36416,,,,,,
182158080586400,63252269903327,30,-4928,1056,-2464,-14528,-523968,38592,,,,,,
182158081583100,63252270904869,31,-4416,576,-2688,-14464,-522368,37504,,,,,,
182158082594700,63252271903452,32,-4768,704,-1984,-15680,-522368,39936,,,,,,
182158083580400,63252272903410,33,-4896,960,-2304,-14720,-524672,37888,,,,,,
182158084576400,63252273903327,34,-5376,864,-3392,-14848,-523136,39360,,,,,,
182158085584800,63252274903327,35,-4992,928,-2304,-14912,-523968,36096,,,,,,
182158086584900,63252275903410,36,-5088,896,-2816,-14976,-523328,36864,,,,,,
182158087586000,63252276903910,37,-4736,800,-2912,-14528,-523904,38144,,,,,,
182158088584400,63252277903327,38,-4160,608,-2656,-14464,-522368,37568,,,,,,
182158089597500,63252278903452,39,-5056,320,-2336,-14208,-523776,38656,,,,,,
182158090588200,63252279902910,40,-5312,896,-2560,-16512,-523264,37184,,,,,,
182158091592800,63252280903619,41,-5248,544,-3136,-13120,-523328,38592,,,,,,
182158092588000,63252281906160,42,-4736,544,-2208,-15104,-523072,34496,,,,,,
182158093586500,63252282903327,43,-4704,864,-2624,-13184,-522112,36864,,,,,,
182158094585200,63252283903285,44,-4768,320,-2112,-15040,-523840,40448,,,,,,
182158095587200,63252284903452,45,-4704,864,-3008,-14784,-524224,37568,,,,,,
182158096585900,63252285903410,46,-4480,864,-2304,-12928,-523200,38400,,,,,,
182158097588600,63252286903494,47,-5088,224,-2752,-12992,-525696,38848,,,,,,
182158098589300,63252287903619,48,-5120,384,-2784,-14016,-522560,39616,,,,,,
182158099606200,63252288903327,49,-5152,448,-2880,-11648,-525376,39488,,,,,,
182158100594000,63252289904285,50,-4288,352,-2720,-15872,-522880,39296,,,,,,
182158101579700,63252290904619,51,-4064,704,-1664,-12608,-524288,38656,,,,,,
182158102595900,63252291905077,52,-4544,288,-3104,-12672,-523904,36864,,,,,,
182158103587900,63252292903369,53,-4512,416,-2080,-13056,-522688,37952,,,,,,
182158104585500,63252293904702,54,-4480,416,-1856,-13504,-523712,41088,,,,,,
182158105585200,63252294903535,55,-4960,448,-2240,-12736,-522432,37504,,,,,,
182158106584800,63252295903369,56,-4544,448,-2112,-13056,-523840,38528,,,,,,
182158107585200,63252296903160,57,-4320,352,-2432,-12160,-523456,34816,,,,,,
182158108578600,63252297904744,58,-4224,672,-2592,-13760,-521664,38464,,,,,,
182158109586100,63252298908577,59,-5120,704,-2016,-11968,-523136,36992,,,,,,
182158110587400,63252299904827,60,-5024,800,-2336,-11456,-521472,36224,,,,,,
182158111586900,63252300908369,61,-4832,576,-2016,-13824,-522048,37568,,,,,,
182158112587600,63252301908327,62,-4512,480,-2432,-12864,-523136,38208,,,,,,
182158113710000,63252302913910,63,-4768,672,-2656,-12672,-524416,39872,,,,,,
182158114716600,63252303913494,64,-4960,1152,-2208,-12736,-522368,38080,,,,,,
182158115598500,63252304908244,65,-4864,1344,-2240,-12992,-521536,37120,,,,,,
182158116585000,63252305906577,66,-5024,608,-2176,-11584,-520576,38976,,,,,,
182158117586900,63252306905827,67,-5504,1216,-2848,-13184,-523392,37312,,,,,,
182158118586500,63252307907077,68,-5152,1312,-2208,-14464,-522752,37184,,,,,,
182158119588500,63252308909744,69,-4896,1376,-2112,-13184,-522624,38656,,,,,,
182158120707700,63252309908785,70,-4320,1216,-2208,-14592,-519872,38784,,,,,,
182158121583600,63252310913244,71,-4128,2176,-2048,-11840,-521216,36224,,,,,,
182158122589300,63252311905327,72,-4672,1664,-2016,-13248,-522048,37248,,,,,,
182158123593900,63252312909244,73,-4896,1088,-2560,-13568,-524096,37312,,,,,,
182158124600600,63252313909702,74,-4992,2016,-1888,-12992,-521152,38528,,,,,,
182158125593500,63252314909119,75,-4992,1568,-2400,-12800,-522752,37184,,,,,,
182158126591200,63252315908702,76,-5344,1952,-2624,-15552,-523968,38976,,,,,,
182158127584500,63252316909577,77,-4928,2016,-2208,-13312,-523840,38336,,,,,,
182158128584800,63252317911285,78,-5088,1696,-2592,-16704,-523904,37568,,,,,,
182158129585100,63252318908994,79,-4768,2528,-1824,-17664,-522304,38592,,,,,,
182158130707800,63252319906410,80,-5120,2240,-2272,-14208,-521984,39104,,,,,,
182158131580100,63252320907077,81,-5344,2720,-3168,-15424,-521024,39424,,,,,,
182158132581100,63252321908952,82,-5024,2176,-2624,-14528,-523776,36800,,,,,,
182158133587900,63252322910619,83,-5408,2752,-3136,-14784,-522112,37952,,,,,,
182158134585100,63252323908410,84,-5056,2272,-2688,-14400,-521600,39552,,,,,,
182158135585200,63252324906410,85,-4896,2240,-2240,-14912,-522368,36416,,,,,,
182158136582800,63252325906577,86,-5152,2656,-2976,-15040,-522240,37120,,,,,,
182158137581600,63252326909910,87,-5120,2272,-2944,-14848,-521216,38592,,,,,,
182158138584400,63252327909244,88,-4576,2208,-2368,-14848,-521280,37952,,,,,,
182158139580900,63252328906369,89,-4576,1888,-2528,-14272,-523072,36992,,,,,,
182158140708200,63252329908160,90,-5088,2016,-2848,-14848,-522368,37888,,,,,,
182158141576900,63252330906244,91,-4576,2336,-2144,-14784,-521408,37376,,,,,,
182158142582100,63252331909785,92,-3968,1696,-1664,-15424,-523328,39680,,,,,,
182158143582900,63252332908910,93,-4896,1856,-1984,-15104,-525632,37056,,,,,,
182158144580300,63252333907035,94,-4864,2272,-2816,-15232,-526848,37632,,,,,,
182158145583400,63252334908619,95,-5120,2080,-3040,-16448,-523648,36800,,,,,,
182158146579800,63252335907869,96,-4704,1568,-1792,-13568,-523712,36800,,,,,,
182158147583100,63252336908619,97,-5120,1984,-2912,-17472,-524736,39040,,,,,,
182158148585700,63252337905660,98,-4832,1856,-2496,-16768,-525696,38272,,,,,,
182158149575200,63252338909244,99,-5056,1632,-2176,-13504,-524800,37440,,,,,,
182158150706700,63252339909994,100,-5408,1344,-2496,-15040,-523776,37632,,,,,,
182158151703100,63252340911744,101,-4928,1952,-2592,-15488,-524032,37504,,,,,,
182158152576500,63252341910660,102,-4096,1088,-1984,-14592,-523200,36800,,,,,,
182158153581700,63252342909452,103,-5120,1408,-2560,-15040,-524864,35648,,,,,,
182158154584400,63252343905994,104,-5024,1696,-3200,-15168,-524352,37760,,,,,,
182158155584600,63252344908910,105,-5184,1472,-2784,-14144,-522368,38208,,,,,,
182158156599800,63252345907827,106,-3904,1504,-1888,-16256,-523648,35648,,,,,,
182158157571100,63252346907994,107,-4384,1216,-2304,-15616,-522432,37632,,,,,,
182158158587500,63252347909035,108,-5184,1568,-2816,-14144,-522304,38720,,,,,,
182158159592400,63252348905327,109,-4960,2112,-2912,-14016,-523456,37952,,,,,,
182158160576500,63252349906452,110,-4768,1312,-2624,-15104,-522112,37376,,,,,,
182158161579700,63252350909869,111,-4928,2016,-2560,-14720,-524480,35584,,,,,,
182158162583600,63252351908535,112,-4736,1536,-2464,-13120,-524288,38336,,,,,,
182158163575500,63252352913619,113,-4800,1056,-2496,-14336,-523520,36992,,,,,,
182158164587600,63252353914827,114,-5024,1568,-2688,-14528,-524416,37376,,,,,,
182158165581100,63252354912119,115,-4736,1536,-2624,-14016,-523392,36800,,,,,,
182158166571400,63252355904035,116,-4512,1504,-2304,-15296,-524800,37888,,,,,,
182158167582200,63252356904535,117,-4608,1376,-2368,-13696,-523648,38208,,,,,,
182158168591500,63252357904827,118,-4448,1760,-2592,-14592,-524032,36928,,,,,,
182158169591500,63252358903452,119,-4608,1344,-1568,-11904,-525184,37632,,,,,,
182158170581600,63252359903244,120,-4736,1216,-2880,-15104,-525632,40192,,,,,,
182158171584100,63252360903285,121,-5184,1440,-2496,-14400,-525312,36864,,,,,,
182158172571800,63252361903452,122,-4992,1280,-2560,-13568,-525120,35712,,,,,,
182158173587700,63252362904785,123,-4800,896,-2400,-12288,-524672,39360,,,,,,
182158174587000,63252363903285,124,-4832,1376,-2336,-14848,-526080,37376,,,,,,
182158175582700,63252364903494,125,-4576,1024,-2368,-13056,-523584,37952,,,,,,
182158176581500,63252365903369,126,-5312,1088,-1984,-14912,-524160,38080,,,,,,
182158177574100,63252366905619,127,-5216,1216,-2112,-13696,-526144,39232,,,,,,
182158178581800,63252367903410,128,-5056,928,-2048,-14784,-524032,36352,,,,,,
182158180071900,63252368903369,129,-4736,768,-2144,-14528,-523904,39424,,,,,,
182158180584500,63252369904119,130,-4864,608,-1568,-14784,-524864,38272,,,,,,
182158181591400,63252370907077,131,-4736,736,-2464,-13632,-524352,37312,,,,,,
182158182588700,63252371903369,132,-4800,320,-1728,-15360,-525632,36992,,,,,,
182158183583200,63252372904244,133,-5568,0,-2912,-14208,-524416,40128,,,,,,
182158184586100,63252373903577,134,-5440,320,-2176,-14720,-525568,36864,,,,,,
182158185581500,63252374904910,135,-4704,-416,-2080,-15808,-524992,37952,,,,,,
182158186586500,63252375903244,136,-4800,288,-2080,-15552,-524544,41344,,,,,,
182158187582600,63252376903244,137,-5088,288,-1696,-15680,-524992,36992,,,,,,
182158188588200,63252377903369,138,-5472,192,-2208,-16256,-523520,38144,,,,,,
182158189571800,63252378902869,139,-4640,416,-1728,-15360,-527360,38400,,,,,,
182158190586500,63252379903285,140,-5280,32,-1856,-15872,-524352,38400,,,,,,
182158191587300,63252380906369,141,-4832,288,-2176,-15680,-523392,37952,,,,,,
182158192589100,63252381903369,142,-4992,160,-2528,-15488,-525376,36800,,,,,,
182158193584500,63252382903244,143,-4864,-224,-1728,-14080,-524288,37824,,,,,,
182158194582000,63252383904827,144,-5312,-128,-2496,-14592,-523904,37120,,,,,,
182158195592500,63252384903452,145,-4352,384,-1760,-15296,-525632,37184,,,,,,
182158196582300,63252385903285,146,-5152,256,-2176,-15360,-524032,37120,,,,,,
182158197581200,63252386904952,147,-4768,256,-1952,-14144,-523776,36736,,,,,,
182158198579300,63252387903369,148,-5216,704,-2400,-15040,-524032,35136,,,,,,
182158199580600,63252388903202,149,-4928,640,-3200,-14784,-524544,34880,,,,,,
182158200571600,63252389903577,150,-4192,128,-2592,-14272,-525440,35712,,,,,,
182158201576700,63252390903369,151,-4448,256,-2240,-13632,-523008,36608,,,,,,
182158202583000,63252391903410,152,-4544,544,-2560,-13696,-523136,36800,,,,,,
182158203585500,63252392903160,153,-3840,288,-2080,-12416,-523328,35072,,,,,,
182158204581600,63252393903410,154,-4032,512,-2496,-13248,-524864,36096,,,,,,
182158205583300,63252394903244,155,-3936,672,-2336,-11776,-524800,33856,,,,,,
182158206591200,63252395903119,156,-4448,256,-2496,-13760,-524672,35648,,,,,,
182158207580200,63252396903410,157,-4384,1184,-2816,-13760,-523648,36928,,,,,,
182158208573200,63252397903452,158,-4448,1184,-2560,-11520,-524544,39040,,,,,,
182158209588100,63252398903494,159,-4256,864,-2752,-12480,-522368,39616,,,,,,
182158210589300,63252399903494,160,-4032,864,-2464,-13952,-523648,38144,,,,,,
182158211592800,63252400903327,161,-4288,1152,-1856,-13312,-523200,37824,,,,,,
182158212574400,63252401903369,162,-4832,1024,-2880,-14080,-522432,38848,,,,,,
182158213587200,63252402903577,163,-4320,864,-2720,-11968,-523584,37888,,,,,,
182158214581400,63252403903369,164,-3936,352,-2496,-12992,-522816,36544,,,,,,
182158215580500,63252404903160,165,-4160,864,-2784,-14016,-523456,37312,,,,,,
182158216578600,63252405904535,166,-4000,1280,-2240,-13056,-523072,38848,,,,,,
182158217577800,63252406903410,167,-4288,672,-2112,-13312,-522880,39808,,,,,,
182158218581300,63252407903285,168,-4544,1184,-2240,-12864,-521472,37568,,,,,,
182158219578700,63252408903160,169,-4480,1120,-2752,-12928,-522496,42944,,,,,,
182158220573400,63252409903910,170,-4544,1120,-2016,-13376,-520448,39232,,,,,,
182158221584600,63252410903994,171,-4448,1120,-2208,-13248,-521984,40896,,,,,,
182158222584100,63252411903285,172,-4672,1152,-2208,-13760,-522176,35840,,,,,,
182158223587700,63252412903285,173,-4768,704,-1952,-13568,-522560,36608,,,,,,
182158224573900,63252413903327,174,-4544,1120,-1984,-12352,-523328,41088,,,,,,
182158225578500,63252414903244,175,-4320,1760,-2176,-13952,-522240,41408,,,,,,
182158226580500,63252415903410,176,-4704,1120,-2400,-11520,-523392,41088,,,,,,
182158227587700,63252416905619,177,-5056,1184,-1952,-12288,-523968,38976,,,,,,
182158228602100,63252417903160,178,-4640,1600,-2464,-12800,-521472,40832,,,,,,
182158229581900,63252418903410,179,-5312,1376,-1952,-12992,-523776,37120,,,,,,
182158230578900,63252419903369,180,-4480,1344,-1728,-10944,-523648,37056,,,,,,
182158231584300,63252420904619,181,-5504,2176,-2336,-14528,-522176,38784,,,,,,
182158232576200,63252421903577,182,-5248,1952,-2048,-14848,-523456,39424,,,,,,
182158233580800,63252422903244,183,-4256,1536,-1696,-12864,-522496,39232,,,,,,
182158234573400,63252423903285,184,-5216,1952,-1856,-12352,-521664,38592,,,,,,
182158235581400,63252424903535,185,-5504,1888,-2656,-12864,-521984,37056,,,,,,
182158236596700,63252425903119,186,-5184,2304,-2624,-14592,-521088,38016,,,,,,
182158237578400,63252426903285,187,-5472,2336,-2336,-12288,-524224,39168,,,,,,
182158238585800,63252427904327,188,-4960,2528,-1664,-13760,-523456,36992,,,,,,
182158239579300,63252428903369,189,-5248,2432,-2336,-15104,-523904,37760,,,,,,
182158240593300,63252429903244,190,-5216,2496,-2240,-14592,-523136,36352,,,,,,
182158241578100,63252430903744,191,-5120,2720,-3008,-16640,-521856,37824,,,,,,
182158242591100,63252431903452,192,-4608,2560,-2016,-14656,-521792,36928,,,,,,
182158243576300,63252432904535,193,-5504,2656,-2368,-13568,-522048,38976,,,,,,
182158244586900,63252433904660,194,-4512,2688,-2400,-14080,-521920,38080,,,,,,
182158245576900,63252434903369,195,-5504,2688,-2016,-15168,-522432,37376,,,,,,
182158246581500,63252435903285,196,-5344,3264,-2400,-16448,-524160,38208,,,,,,
182158247584000,63252436903160,197,-5600,3008,-2496,-18304,-522112,35200,,,,,,
182158248589500,63252437903285,198,-5280,3168,-2336,-15488,-524160,35776,,,,,,
182158249584100,63252438903244,199,-4576,3264,-2560,-15552,-523392,37888,,,,,,
182158250590300,63252439903160,200,-5248,3136,-2400,-17536,-523648,37952,,,,,,
182158251579200,63252440903535,201,-5312,3072,-2560,-15872,-522240,37248,,,,,,
182158252573700,63252441903411,202,-5280,2944,-2976,-15872,-525056,36480,,,,,,
182158253577100,63252442903286,203,-5344,3264,-2944,-17344,-524672,41600,,,,,,
182158254576700,63252443903244,204,-5248,2976,-2368,-17728,-524736,38272,,,,,,
182158255573800,63252444903369,205,-4352,2624,-3104,-17600,-525888,35840,,,,,,
182158256584200,63252445903536,206,-5248,2848,-3168,-15872,-524864,38016,,,,,,
182158257575900,63252446903286,207,-5184,2848,-3424,-17856,-525888,37760,,,,,,
182158258578100,63252447904036,208,-4512,2528,-2016,-16064,-523712,38848,,,,,,
182158259577800,63252448903911,209,-5216,2592,-3840,-15936,-523712,35712,,,,,,
182158260577400,63252449903244,210,-4224,2208,-3008,-17088,-523648,37504,,,,,,
182158261583100,63252450903286,211,-4800,2464,-2080,-15744,-523456,39488,,,,,,
182158262585000,63252451904411,212,-4832,2080,-3232,-17152,-524736,38080,,,,,,
182158263579500,63252452903202,213,-4768,1888,-1952,-16640,-524288,38016,,,,,,
182158264580100,63252453903411,214,-3968,1728,-2816,-15104,-524352,35328,,,,,,
182158265589100,63252454903744,215,-5056,2304,-2944,-15232,-524224,36800,,,,,,
182158266585500,63252455904077,216,-4800,2272,-3200,-14464,-524608,36288,,,,,,
182158267577300,63252456903494,217,-4800,1824,-2976,-14208,-523968,37888,,,,,,
182158268595500,63252457904702,218,-4352,1856,-2336,-14720,-523648,37696,,,,,,
182158269591600,63252458904702,219,-4800,1824,-2752,-13568,-524800,35712,,,,,,
182158270590600,63252459903036,220,-5088,1856,-3456,-14080,-524800,37056,,,,,,
182158271560000,63252460903536,221,-4160,1504,-2752,-13888,-523904,36288,,,,,,
182158272591400,63252461903286,222,-4416,1344,-2848,-11648,-524160,38016,,,,,,
182158273575700,63252462902994,223,-4736,2240,-3136,-13824,-521024,35648,,,,,,
182158274569600,63252463903577,224,-4832,1920,-3040,-13888,-522176,36352,,,,,,
182158275574900,63252464903327,225,-4960,1984,-2848,-12736,-524864,38976,,,,,,
182158276593400,63252465903161,226,-5216,1792,-2880,-14016,-523520,37440,,,,,,
182158277591100,63252466903411,227,-4736,2016,-3040,-12160,-522816,37696,,,,,,
182158278590900,63252467904119,228,-4608,1728,-2912,-13312,-521920,38208,,,,,,
182158279589400,63252468903286,229,-4352,1728,-2464,-11904,-523264,38336,,,,,,
182158280591800,63252469903411,230,-4832,1888,-2432,-12288,-523328,38976,,,,,,
182158281589700,63252470903661,231,-4736,1856,-2656,-12480,-524672,37184,,,,,,
182158282590500,63252471903202,232,-4416,1824,-2912,-11200,-523264,36672,,,,,,
182158283593500,63252472904702,233,-5024,1600,-2880,-12800,-524480,37632,,,,,,
182158284591400,63252473903452,234,-3936,1216,-1984,-12992,-523392,38784,,,,,,
182158285588900,63252474903244,235,-4544,1440,-2464,-12416,-523840,36992,,,,,,
182158286589400,63252475903202,236,-4608,1312,-2400,-13056,-522688,39872,,,,,,
182158287588300,63252476903327,237,-5248,1440,-2144,-14528,-523328,38848,,,,,,
182158288592100,63252477903661,238,-4416,1056,-1600,-15104,-522304,37760,,,,,,
182158289585000,63252478903286,239,-4832,1248,-1984,-12800,-524416,37440,,,,,,
182158290596800,63252479903369,240,-4576,1216,-2080,-14528,-522432,37568,,,,,,
182158291601300,63252480903452,241,-4512,928,-2624,-15808,-523264,38592,,,,,,
182158292595400,63252481903202,242,-4576,1472,-1824,-14912,-524608,37568,,,,,,
182158293590500,63252482904327,243,-5504,896,-2080,-16512,-524224,37440,,,,,,
182158294590100,63252483903411,244,-4992,800,-1984,-14976,-524864,37504,,,,,,
182158295592500,63252484903244,245,-5120,1120,-2592,-14080,-526208,37376,,,,,,
182158296594700,63252485903411,246,-5376,1280,-2208,-16000,-524480,37056,,,,,,
182158297593900,63252486903661,247,-4896,640,-2048,-16064,-524992,38592,,,,,,
182158298588500,63252487903327,248,-4736,640,-2400,-14144,-524096,36672,,,,,,
182158299603600,63252488904452,249,-4896,1088,-2752,-15872,-523968,39744,,,,,,
182158300591200,63252489903327,250,-5120,672,-2176,-15104,-522624,37504,,,,,,
182158301589900,63252490903327,251,-4384,1088,-2016,-14400,-523328,35968,,,,,,
182158302591900,63252491903119,252,-4992,960,-2784,-15232,-523520,34624,,,,,,
182158303593600,63252492904452,253,-4576,992,-1984,-13760,-523776,37248,,,,,,
182158304593100,63252493903202,254,-4480,1120,-2272,-12224,-522752,39552,,,,,,
182158305593800,63252494903119,255,-4864,544,-2784,-15488,-524096,39168,,,,,,
182158306584100,63252495903452,0,-4896,640,-2240,-14400,-524544,36416,,,,,,
182158307602700,63252496903202,1,-4448,640,-2080,-13888,-523840,38592,,,,,,
182158308588400,63252497903327,2,-4800,704,-2464,-13312,-522880,37760,,,,,,
182158309587000,63252498903411,3,-4768,352,-1728,-13952,-525312,34176,,,,,,
182158310588100,63252499903327,4,-4864,1216,-2624,-14720,-523392,37312,,,,,,
182158311589200,63252500903244,5,-4416,864,-2688,-13824,-522176,38656,,,,,,
182158312588800,63252501903369,6,-4896,864,-2272,-13632,-523392,36928,,,,,,
182158313587900,63252502903494,7,-4640,384,-1856,-13504,-523648,37312,,,,,,
182158314573900,63252503903286,8,-4832,736,-2176,-12928,-523456,36544,,,,,,
182158315593400,63252504904786,9,-4768,1024,-2112,-13952,-522624,38080,,,,,,
182158316587900,63252505903369,10,-4544,608,-1664,-14528,-523264,35072,,,,,,
182158317587500,63252506903119,11,-5440,1088,-2880,-13440,-522880,39616,,,,,,
182158318589200,63252507903452,12,-4448,192,-1792,-13504,-523136,38784,,,,,,
182158319589800,63252508903411,13,-4576,672,-2144,-13760,-524352,37056,,,,,,
182158320587700,63252509904786,14,-4416,736,-1600,-13632,-523456,37632,,,,,,
182158321584500,63252510906411,15,-4736,800,-1792,-14400,-522496,39360,,,,,,
182158322586300,63252511904952,16,-4576,608,-1888,-14592,-522944,34688,,,,,,
182158323588900,63252512903327,17,-4384,544,-1440,-14016,-522752,38592,,,,,,
182158324588200,63252513903244,18,-5248,864,-1952,-13952,-522624,38784,,,,,,
182158325586600,63252514903411,19,-4448,800,-1696,-14016,-523904,37632,,,,,,
182158326588500,63252515903327,20,-4128,832,-1888,-14720,-523200,37312,,,,,,
182158327592900,63252516904119,21,-4640,1312,-1824,-17024,-523584,38784,,,,,,
182158328589500,63252517903577,22,-4800,992,-2080,-13312,-522432,39232,,,,,,
182158329589400,63252518903411,23,-5376,544,-2080,-15808,-522560,38656,,,,,,
182158330589800,63252519903244,24,-4544,800,-2208,-13504,-522816,37696,,,,,,
182158331591100,63252520903494,25,-5024,1024,-1440,-16896,-522368,38400,,,,,,
182158332581100,63252521903911,26,-5088,1024,-2016,-15936,-522880,38592,,,,,,
182158333580200,63252522905286,27,-4384,832,-1536,-16448,-523008,37696,,,,,,
182158334587100,63252523903452,28,-4896,640,-2848,-14272,-522624,38848,,,,,,
182158335589300,63252524903494,29,-5024,864,-2304,-14784,-523264,37056,,,,,,
182158336587600,63252525903244,30,-4800,640,-1856,-17664,-524224,38592,,,,,,
182158337587700,63252526903119,31,-5184,768,-2464,-16768,-523584,40064,,,,,,
182158338694600,63252527903452,32,-4512,768,-2464,-15488,-523584,36032,,,,,,
182158339590300,63252528904661,33,-5120,1024,-2560,-16960,-522496,38656,,,,,,
182158340589900,63252529903202,34,-4544,1216,-2080,-16768,-522368,38144,,,,,,
182158341589700,63252530903286,35,-4960,896,-2528,-14528,-522048,39488,,,,,,
182158342590500,63252531903286,36,-5408,1376,-2176,-14144,-523264,41088,,,,,,
182158343594100,63252532903327,37,-5376,1152,-2624,-14976,-523456,35264,,,,,,
182158344591300,63252533903369,38,-4832,736,-2432,-15168,-522752,38848,,,,,,
182158345591200,63252534903619,39,-4928,1120,-2688,-14208,-523520,36672,,,,,,
182158346590100,63252535903244,40,-5056,992,-2336,-14336,-523712,39296,,,,,,
182158347585700,63252536904536,41,-4736,1248,-2336,-13760,-524864,36224,,,,,,
182158348590800,63252537903494,42,-4416,928,-1984,-15552,-524352,38528,,,,,,
182158349587900,63252538903202,43,-4448,1024,-2528,-15552,-523008,37568,,,,,,
182158350591500,63252539903744,44,-4448,960,-2176,-15552,-523968,38016,,,,,,
182158351587500,63252540903327,45,-4864,1056,-2144,-15296,-524032,37952,,,,,,
182158352585700,63252541903536,46,-4800,864,-2112,-15232,-523968,39552,,,,,,
182158353585200,63252542903286,47,-4224,992,-2400,-14784,-524992,39616,,,,,,
182158354584700,63252543903327,48,-4352,1056,-2496,-13184,-524480,36672,,,,,,
182158355592300,63252544903369,49,-4640,928,-2048,-13312,-524864,37632,,,,,,
182158356589200,63252545903286,50,-4288,1152,-2752,-14464,-523776,39680,,,,,,
182158357580700,63252546903827,51,-4544,1152,-2592,-15232,-523776,36608,,,,,,
182158358586900,63252547903369,52,-4640,992,-2208,-14848,-523136,38656,,,,,,
182158359588400,63252548903161,53,-3968,1632,-2400,-14208,-523392,36992,,,,,,
182158360591100,63252549903411,54,-4736,1280,-3456,-15168,-523200,36928,,,,,,
182158361586300,63252550903202,55,-4032,1376,-2304,-16192,-524032,36352,,,,,,
182158362586700,63252551903286,56,-4224,1376,-2752,-14208,-522880,37440,,,,,,
182158363588700,63252552904869,57,-4768,1728,-2656,-13504,-524736,39744,,,,,,
182158364575400,63252553903286,58,-4384,1600,-2912,-14592,-524544,36160,,,,,,
182158365592500,63252554903327,59,-4768,1920,-2976,-13504,-523200,38720,,,,,,
182158366587400,63252555903369,60,-4448,2080,-2912,-14784,-524480,38592,,,,,,
182158367584600,63252556903327,61,-4544,2112,-3264,-13952,-522688,39040,,,,,,
182158368586500,63252557903244,62,-4224,2208,-3296,-14784,-522304,36800,,,,,,
182158369586600,63252558903202,63,-4576,1888,-2592,-12480,-523264,38784,,,,,,
182158370592300,63252559903452,64,-5408,2560,-3200,-13312,-522880,39040,,,,,,
182158371587900,63252560903244,65,-4768,1856,-2720,-11968,-521920,39552,,,,,,
182158372585900,63252561902911,66,-5216,2464,-2976,-12992,-524992,41152,,,,,,
182158373594400,63252562903411,67,-4832,2624,-3104,-14336,-522688,39168,,,,,,
182158374587000,63252563903244,68,-4768,2336,-2528,-13888,-522560,39488,,,,,,
182158375588700,63252564904827,69,-5184,1952,-3264,-13824,-522944,36480,,,,,,
182158376586300,63252565903369,70,-4448,2048,-2912,-13184,-523712,42496,,,,,,
182158377571200,63252566903369,71,-5152,2432,-2592,-12480,-523776,38080,,,,,,
182158378588800,63252567903244,72,-5216,2560,-3328,-11008,-523840,38976,,,,,,
182158379588100,63252568903286,73,-5024,2144,-2528,-12416,-524096,38592,,,,,,
182158380592900,63252569903452,74,-5344,2400,-2528,-12096,-524352,37888,,,,,,
182158381591000,63252570903327,75,-5504,1696,-2208,-12992,-523136,38208,,,,,,
182158382587500,63252571903411,76,-5248,1984,-2272,-12352,-525440,39296,,,,,,
182158383585600,63252572903411,77,-4480,1952,-2272,-13312,-525376,36928,,,,,,
182158384589000,63252573904327,78,-4800,2016,-2496,-12864,-522880,35968,,,,,,
182158385588900,63252574903494,79,-5280,1760,-2272,-12992,-524928,36608,,,,,,
182158386591400,63252575903202,80,-4960,1888,-2752,-14400,-523136,36992,,,,,,
182158387576000,63252576903286,81,-4960,1952,-2560,-13696,-524480,36352,,,,,,
182158388576000,63252577903411,82,-4832,1120,-2080,-13568,-523392,38656,,,,,,
182158389592100,63252578903536,83,-5088,1024,-2336,-11776,-524224,39552,,,,,,
182158390648500,63252579903327,84,-5056,1536,-2272,-15488,-523008,37568,,,,,,
182158391587800,63252580903202,85,-5280,1280,-1568,-15552,-523840,40576,,,,,,
182158392606500,63252581903411,86,-4704,1312,-1888,-14464,-523200,38976,,,,,,
182158393589100,63252582903286,87,-4992,1568,-2208,-15744,-523136,38464,,,,,,
182158394591000,63252583903161,88,-4256,1216,-2208,-14848,-523776,39168,,,,,,
182158395586700,63252584903411,89,-4928,1088,-1728,-15616,-523072,39232,,,,,,
182158396586700,63252585903244,90,-4896,1408,-1728,-15872,-522816,38528,,,,,,
182158397586600,63252586903369,91,-5376,1280,-1984,-15616,-519936,35584,,,,,,
182158398602100,63252587903494,92,-5024,1248,-2496,-15232,-522048,37952,,,,,,
182158399588200,63252588904286,93,-5056,1344,-2528,-16832,-522880,37888,,,,,,
182158400583700,63252589903369,94,-5152,1472,-2400,-15424,-522880,36160,,,,,,
182158401584200,63252590904702,95,-4992,1344,-2080,-16256,-521344,37504,,,,,,
182158402613600,63252591904244,96,-4608,1664,-2624,-13696,-522176,36352,,,,,,
182158403584100,63252592903369,97,-5024,1440,-2048,-18560,-523456,35904,,,,,,
182158404581600,63252593902786,98,-5120,1664,-2880,-15936,-522560,38400,,,,,,
182158405581300,63252594903369,99,-5088,1696,-3040,-17024,-522880,38912,,,,,,
182158406604600,63252595903327,100,-5408,1472,-3200,-16064,-521472,35776,,,,,,
182158407596100,63252596903161,101,-5344,1632,-2528,-13952,-523840,36416,,,,,,
182158408592000,63252597903286,102,-5600,1536,-2688,-14976,-524992,38080,,,,,,
182158409589900,63252598905702,103,-4736,1568,-2880,-15552,-524672,37056,,,,,,
182158410594900,63252599903327,104,-4960,1536,-3008,-16320,-524672,37440,,,,,,
182158411586400,63252600903327,105,-5344,1504,-2240,-14336,-523904,38208,,,,,,
182158412586300,63252601903411,106,-5216,1600,-2624,-13824,-524352,35904,,,,,,
182158413588600,63252602903202,107,-4864,1088,-3072,-17216,-524160,37952,,,,,,
182158414640800,63252603903411,108,-5568,1376,-2368,-15232,-523648,37952,,,,,,
182158415611000,63252604903869,109,-4960,1312,-2432,-15552,-524160,38016,,,,,,
182158416591400,63252605903202,110,-4736,1184,-2336,-13376,-523904,38720,,,,,,
182158417612200,63252606904869,111,-4608,832,-2432,-14400,-524736,37312,,,,,,
182158418589600,63252607903327,112,-4864,928,-2816,-13824,-524352,37696,,,,,,
182158419594600,63252608903244,113,-4960,608,-2272,-14528,-523648,36672,,,,,,
182158420586000,63252609903161,114,-4992,448,-2208,-12992,-524992,35840,,,,,,
182158421588700,63252610903536,115,-4544,576,-2624,-15680,-523456,36864,,,,,,
182158422590800,63252611903452,116,-4608,544,-2112,-12992,-524480,34240,,,,,,
182158423592300,63252612903202,117,-4608,-160,-2240,-15552,-524416,35072,,,,,,
182158424603500,63252613904577,118,-4832,384,-2112,-13440,-521920,36224,,,,,,
182158425588700,63252614903244,119,-4672,-64,-2048,-14976,-523328,36672,,,,,,
182158426585300,63252615903119,120,-4672,32,-2400,-13632,-522560,35712,,,,,,
182158427588400,63252616904494,121,-4320,224,-2272,-14784,-522304,39680,,,,,,
182158428589900,63252617903827,122,-4768,-192,-1760,-15296,-525120,37760,,,,,,
182158429589500,63252618903286,123,-4608,384,-2368,-13120,-522304,35648,,,,,,
182158430589300,63252619903411,124,-4224,32,-2304,-14336,-523008,36992,,,,,,
182158431588800,63252620903036,125,-4960,64,-2432,-13440,-525440,38720,,,,,,
182158432591900,63252621904577,126,-4480,64,-1856,-14336,-522176,38848,,,,,,
182158433585600,63252622905869,127,-5216,352,-2336,-13888,-523008,36096,,,,,,
182158434588800,63252623904952,128,-5312,-32,-2912,-13632,-521536,38400,,,,,,
182158435586700,63252624903244,129,-4608,0,-2912,-14336,-522816,37632,,,,,,
182158436586200,63252625903244,130,-4928,448,-2016,-14848,-522880,36672,,,,,,
182158437587700,63252626903452,131,-4576,384,-2272,-15296,-523648,38272,,,,,,
182158438590400,63252627903327,132,-4448,544,-2816,-15808,-523200,37184,,,,,,
182158439604700,63252628905411,133,-4192,800,-2560,-14208,-522560,34816,,,,,,
182158440593700,63252629906286,134,-4608,736,-2592,-15040,-523072,35968,,,,,,
182158441588700,63252630904077,135,-5024,800,-3104,-12736,-523904,39360,,,,,,
182158442586600,63252631903202,136,-4832,928,-2656,-14336,-523392,39232,,,,,,
182158443589100,63252632903411,137,-4736,288,-2016,-13824,-524288,39232,,,,,,
182158444590100,63252633903327,138,-4256,928,-1984,-14400,-522432,37568,,,,,,
182158445589500,63252634903327,139,-4736,1312,-2304,-14912,-524608,38784,,,,,,
182158446589000,63252635903452,140,-4608,608,-2016,-13184,-522560,36544,,,,,,
182158447588900,63252636904327,141,-4416,608,-2176,-14720,-524480,37248,,,,,,
182158448590500,63252637903244,142,-5088,1088,-2944,-15744,-523136,38208,,,,,,
182158449583400,63252638904286,143,-4704,1120,-1920,-15360,-521536,38016,,,,,,
182158450589100,63252639903286,144,-5024,992,-2720,-14272,-522560,38080,,,,,,
182158451586700,63252640904286,145,-4480,928,-2336,-11968,-523008,38080,,,,,,
182158452589300,63252641904577,146,-4672,1152,-2656,-13568,-522944,37888,,,,,,
182158453589200,63252642903369,147,-4416,1152,-2688,-13760,-522176,36160,,,,,,
182158454589700,63252643903327,148,-4800,544,-1952,-12992,-523456,39552,,,,,,
182158455589000,63252644903161,149,-4384,480,-2400,-12096,-522624,39104,,,,,,
182158456593100,63252645903827,150,-4320,384,-2112,-12864,-522112,39040,,,,,,
182158457591400,63252646903327,151,-4448,256,-2432,-13888,-522816,40192,,,,,,
182158458593200,63252647903161,152,-4704,480,-2496,-12800,-522176,37440,,,,,,
182158459590000,63252648903369,153,-5568,352,-2336,-11968,-521408,40384,,,,,,
182158460596000,63252649904036,154,-5312,672,-1920,-12480,-521280,37056,,,,,,
182158461588100,63252650903369,155,-4672,192,-2272,-14464,-521600,38656,,,,,,
182158462585200,63252651903411,156,-4704,128,-1984,-12416,-522752,41152,,,,,,
182158463583600,63252652903202,157,-4832,384,-2080,-14016,-521152,38848,,,,,,
182158464583700,63252653903244,158,-4352,384,-2208,-15552,-522240,41472,,,,,,
182158465590900,63252654903119,159,-4608,288,-1728,-12672,-521920,40256,,,,,,
182158466588200,63252655905077,160,-4160,480,-1856,-13760,-521344,38912,,,,,,
182158467589700,63252656903202,161,-5056,96,-1152,-12352,-520192,40704,,,,,,
182158468589900,63252657904244,162,-5056,1248,-1984,-14272,-521664,39296,,,,,,
182158469586500,63252658905077,163,-4768,704,-2176,-12544,-522496,39232,,,,,,
182158470585900,63252659903244,164,-5248,544,-1792,-14208,-521664,39872,,,,,,
182158471588400,63252660903327,165,-4928,864,-2304,-13376,-521472,38400,,,,,,
182158472586700,63252661903327,166,-4416,1344,-2272,-12544,-521920,36736,,,,,,
182158473591500,63252662903494,167,-4992,768,-2336,-12608,-521344,37952,,,,,,
182158474587700,63252663903244,168,-5408,1120,-1984,-13504,-522496,36160,,,,,,
182158475587000,63252664903369,169,-4928,1376,-1632,-13760,-522944,38848,,,,,,
182158476588900,63252665903286,170,-5600,1920,-2496,-14656,-523200,35776,,,,,,
182158477593400,63252666903202,171,-5024,1376,-1760,-14336,-522752,38144,,,,,,
182158478589000,63252667903411,172,-5408,1632,-2304,-15168,-523200,36608,,,,,,
182158479585600,63252668903369,173,-4864,2400,-2208,-13248,-523968,38464,,,,,,
182158480587100,63252669903244,174,-4832,1824,-3104,-13568,-521984,35008,,,,,,
182158481579300,63252670903202,175,-5312,1728,-1792,-12096,-524864,39232,,,,,,
182158482591700,63252671903369,176,-4736,2144,-2304,-13952,-524224,37440,,,,,,
182158483587800,63252672902869,177,-5408,1952,-2400,-14848,-524928,38848,,,,,,
182158484586800,63252673904161,178,-4896,1920,-2144,-15232,-523200,36800,,,,,,
182158485586100,63252674903327,179,-4544,2496,-2784,-14656,-524480,37824,,,,,,
182158486585700,63252675903286,180,-5152,1632,-1888,-13504,-525312,37184,,,,,,
182158487588900,63252676903286,181,-4704,1696,-2560,-15808,-523648,35200,,,,,,
182158488590400,63252677903327,182,-5472,2368,-2656,-14208,-526848,37056,,,,,,
182158489568000,63252678903286,183,-5408,2176,-2336,-15104,-525248,38336,,,,,,
182158490589800,63252679903161,184,-4960,2112,-2624,-13632,-524160,36160,,,,,,
182158491588700,63252680904244,185,-5280,2304,-2496,-14592,-523392,38080,,,,,,
182158492587300,63252681903827,186,-4832,2144,-2336,-13120,-522560,36672,,,,,,
182158493586200,63252682903577,187,-4608,2080,-2464,-16384,-525696,37824,,,,,,
182158494586300,63252683903452,188,-4896,1792,-2400,-15488,-523136,35648,,,,,,
182158495587200,63252684903202,189,-4704,1856,-2176,-15616,-524288,37696,,,,,,
182158496586800,63252685903286,190,-4928,1728,-2048,-15616,-523328,38976,,,,,,
182158497581000,63252686903202,191,-4832,1760,-2400,-15424,-524672,40128,,,,,,
182158498575000,63252687903411,192,-5152,1632,-2112,-16512,-525440,40000,,,,,,
182158499610300,63252688904786,193,-4896,2016,-2592,-16128,-525120,37568,,,,,,
182158500588300,63252689903202,194,-4672,1472,-2368,-17792,-524928,38656,,,,,,
182158501586800,63252690905036,195,-5568,1440,-2304,-18432,-523840,39168,,,,,,
182158502583500,63252691903286,196,-4928,1568,-2432,-16000,-523968,37952,,,,,,
182158503588000,63252692903286,197,-4928,1984,-1920,-16448,-523968,35712,,,,,,
182158504586800,63252693903452,198,-4608,1952,-2048,-17280,-523968,37952,,,,,,
182158505588100,63252694903161,199,-5120,2080,-2944,-15424,-523712,37056,,,,,,
182158506576100,63252695903161,200,-4608,2144,-2176,-16320,-525632,36672,,,,,,
182158507592000,63252696903327,201,-4384,1824,-2400,-14528,-523072,36800,,,,,,
182158508589200,63252697903369,202,-5216,1824,-2912,-15680,-522688,34560,,,,,,
182158509588500,63252698903119,203,-5088,2240,-2432,-15552,-524608,37440,,,,,,
182158510587200,63252699904452,204,-4576,1920,-3040,-14272,-525632,37632,,,,,,
182158511585100,63252700903411,205,-4736,1664,-2176,-14848,-524608,36416,,,,,,
182158512585000,63252701903161,206,-5056,2144,-3072,-13760,-524288,36928,,,,,,
182158513588700,63252702903202,207,-5248,2272,-2688,-14464,-524672,38080,,,,,,
182158514583900,63252703903411,208,-4992,2112,-2464,-15232,-526592,37440,,,,,,
182158515592700,63252704903286,209,-4160,1920,-2464,-14912,-524032,37376,,,,,,
182158516589600,63252705904994,210,-5088,1696,-2688,-14080,-524928,38208,,,,,,
182158517587600,63252706903952,211,-4928,2016,-2304,-13696,-524160,36736,,,,,,
182158518585900,63252707903327,212,-4352,2112,-2688,-12736,-523968,38400,,,,,,
182158519591000,63252708903202,213,-4608,1696,-2400,-12416,-524736,39360,,,,,,
182158520588100,63252709903827,214,-4928,1888,-3168,-15104,-524352,38784,,,,,,
182158521588500,63252710904161,215,-4384,1280,-2624,-12928,-524288,38208,,,,,,
182158522590600,63252711903244,216,-4512,1696,-2912,-12608,-521792,37312,,,,,,
182158523589000,63252712903452,217,-3904,1408,-2624,-12800,-522944,37248,,,,,,
182158524594200,63252713903286,218,-4608,1472,-2528,-13248,-524608,37888,,,,,,
182158525586600,63252714903244,219,-4640,1312,-2336,-12608,-522432,36544,,,,,,
182158526587000,63252715903411,220,-4640,1248,-1696,-12800,-522112,39232,,,,,,
182158527584200,63252716903536,221,-5088,928,-2656,-14080,-522880,37568,,,,,,
182158528584100,63252717904661,222,-4512,1376,-2624,-13376,-524032,36736,,,,,,
182158529582400,63252718903077,223,-4736,1184,-2432,-12800,-524160,38400,,,,,,
182158530595900,63252719903369,224,-5312,576,-1696,-13952,-524480,37312,,,,,,
182158531593100,63252720903244,225,-4448,1120,-2560,-15872,-523456,38976,,,,,,
182158532600100,63252721903244,226,-4928,928,-1408,-13184,-524544,39104,,,,,,
182158533575100,63252722903661,227,-4800,992,-2208,-13184,-524672,38528,,,,,,
182158534596700,63252723903327,228,-4608,704,-2176,-12928,-524160,37888,,,,,,
182158535587200,63252724903161,229,-4640,640,-1696,-15808,-524096,40320,,,,,,
182158536585900,63252725903494,230,-4608,512,-1920,-13248,-522496,37760,,,,,,
182158537587500,63252726903202,231,-4768,576,-1920,-16064,-523840,39552,,,,,,
182158538587100,63252727903202,232,-4672,704,-1920,-16640,-523200,35776,,,,,,
182158539598900,63252728903411,233,-4640,544,-1792,-16128,-524928,36928,,,,,,
182158540591900,63252729902869,234,-4608,736,-2112,-14912,-523392,39424,,,,,,
182158541589900,63252730903786,235,-4416,800,-1792,-14784,-523328,36288,,,,,,
182158542588700,63252731903411,236,-5248,640,-2528,-17344,-525568,39552,,,,,,
182158543584000,63252732903494,237,-5088,736,-1568,-14720,-524480,40128,,,,,,
182158544584000,63252733903327,238,-4000,544,-2016,-12736,-525504,36928,,,,,,
182158545579300,63252734903744,239,-4992,928,-2208,-14464,-525440,37824,,,,,,
182158546587500,63252735903494,240,-4576,704,-1376,-16064,-523456,37376,,,,,,
182158547586400,63252736903202,241,-4480,1184,-2400,-13696,-525248,39424,,,,,,
182158548591900,63252737903161,242,-4736,1344,-2816,-13696,-524352,36288,,,,,,
182158549589800,63252738904036,243,-4192,1056,-2208,-15168,-522752,36608,,,,,,
182158550589800,63252739904577,244,-4128,1120,-2432,-14784,-523776,38656,,,,,,
182158551591800,63252740904369,245,-5024,992,-2528,-14528,-525696,36480,,,,,,
182158552587500,63252741903369,246,-4864,800,-2176,-14592,-523264,38848,,,,,,
182158553586200,63252742903452,247,-4800,1024,-2496,-14912,-521600,35584,,,,,,
182158554588000,63252743903244,248,-4256,1248,-2144,-14336,-523968,37056,,,,,,
182158555588700,63252744903494,249,-4736,1248,-2752,-14720,-524416,36864,,,,,,
182158556592000,63252745903369,250,-4768,1664,-2368,-14464,-523008,38912,,,,,,
182158557588000,63252746903202,251,-4672,1184,-2464,-14400,-523712,37504,,,,,,
182158558586300,63252747905119,252,-4384,1408,-2208,-14208,-523392,35648,,,,,,
182158559584400,63252748903327,253,-5408,736,-2912,-15424,-522880,36416,,,,,,
182158560588200,63252749903161,254,-3744,1056,-1792,-13248,-525184,39232,,,,,,
182158561588100,63252750903786,255,-4704,1568,-2464,-15872,-521088,37696,,,,,,
182158562586600,63252751903036,0,-5088,1376,-2240,-14528,-524160,36544,,,,,,
182158563588200,63252752903452,1,-4608,1248,-2816,-14272,-523968,37056,,,,,,
182158564598600,63252753903244,2,-4640,1504,-2304,-13120,-526016,37760,,,,,,
182158565589900,63252754903452,3,-4736,1472,-2880,-17408,-523392,40064,,,,,,
182158566589900,63252755903327,4,-4640,1312,-2592,-14208,-523136,38528,,,,,,
182158567587800,63252756904244,5,-4704,1344,-1920,-14336,-522304,37696,,,,,,
182158568590800,63252757903452,6,-4896,928,-2560,-15104,-522240,38080,,,,,,
182158569592300,63252758903411,7,-4320,1440,-2400,-13248,-523072,36672,,,,,,
182158570590800,63252759903244,8,-4384,992,-2560,-15104,-524672,39488,,,,,,
182158571591500,63252760903327,9,-5056,1408,-1984,-15744,-520960,40384,,,,,,
182158572587900,63252761902869,10,-4576,1344,-2048,-14592,-522496,37888,,,,,,
182158573593100,63252762903244,11,-4864,800,-2304,-13824,-522688,38528,,,,,,
182158574587900,63252763903411,12,-4704,1088,-2464,-14848,-521664,41024,,,,,,
182158575585900,63252764903286,13,-3904,800,-1856,-14400,-522752,38400,,,,,,
182158576583400,63252765903286,14,-4864,896,-2112,-14656,-522752,40384,,,,,,
182158577589600,63252766903119,15,-4704,1216,-2272,-14720,-521344,40256,,,,,,
182158578586800,63252767903411,16,-4800,1120,-2240,-14144,-523840,37248,,,,,,
182158579585800,63252768903244,17,-4672,608,-2208,-14784,-520256,38720,,,,,,
182158580590800,63252769903244,18,-4864,1088,-2016,-13888,-522880,38336,,,,,,
182158581590800,63252770904786,19,-5024,1696,-2176,-13696,-521664,38592,,,,,,
182158582587400,63252771903411,20,-4640,864,-1664,-13248,-520960,39424,,,,,,
182158583586000,63252772903327,21,-5024,1344,-2688,-14144,-523008,35776,,,,,,
182158584592300,63252773903369,22,-5120,960,-2816,-13056,-521728,39616,,,,,,
182158585587800,63252774903536,23,-4960,736,-2240,-14656,-521216,39616,,,,,,
182158586585500,63252775903119,24,-4704,960,-1824,-13760,-522688,38080,,,,,,
182158587589100,63252776903619,25,-4864,1344,-2144,-14080,-521728,38144,,,,,,
182158588592400,63252777903244,26,-5376,1280,-1408,-14016,-521792,34688,,,,,,
182158589586600,63252778903202,27,-5152,1376,-2304,-12288,-523200,38144,,,,,,
182158590589600,63252779903494,28,-4896,1152,-2208,-12608,-522752,35200,,,,,,
182158591583200,63252780903327,29,-4544,1248,-2688,-14272,-521920,38144,,,,,,
182158592582700,63252781903411,30,-5152,1088,-2240,-14144,-523648,39104,,,,,,
182158593581700,63252782904619,31,-4992,1280,-2592,-15744,-522816,38720,,,,,,
182158594591100,63252783903327,32,-4768,1184,-2432,-14656,-523008,35456,,,,,,
182158595589500,63252784903327,33,-5344,1696,-2400,-14528,-523584,38208,,,,,,
182158596587900,63252785903286,34,-4128,1152,-1888,-15040,-523264,39360,,,,,,
182158597588100,63252786903411,35,-5088,1696,-1984,-15808,-524672,37440,,,,,,
182158598591400,63252787903202,36,-5216,1536,-2592,-15744,-522432,35904,,,,,,
182158599586700,63252788903244,37,-5024,1536,-2400,-17856,-526400,37248,,,,,,
182158600587100,63252789903577,38,-5024,1280,-2048,-14976,-523840,36224,,,,,,
182158601589200,63252790903244,39,-4608,1920,-2880,-14784,-523200,37760,,,,,,
182158602592500,63252791903286,40,-4960,1888,-2848,-16320,-523584,35648,,,,,,
182158603591300,63252792903327,41,-4480,1760,-2112,-14848,-523200,37312,,,,,,
182158604592300,63252793903327,42,-5056,1728,-2528,-16768,-525184,36864,,,,,,
182158605593900,63252794903369,43,-5312,1696,-2816,-14464,-522688,36032,,,,,,
182158606591100,63252795903327,44,-4608,2016,-2816,-14336,-523584,39872,,,,,,
182158607585000,63252796903369,45,-4640,1920,-2848,-15232,-525056,37952,,,,,,
182158608584100,63252797903327,46,-4256,2016,-1760,-15168,-524096,35776,,,,,,
182158609589900,63252798907161,47,-5120,2336,-2976,-14016,-523712,36480,,,,,,
