host_timestamp_ns,device_timestamp,sequence,gyro_raw_x,gyro_raw_y,gyro_raw_z,accel_raw_x,accel_raw_y,accel_raw_z,gyro_x,gyro_y,gyro_z,accel_x,accel_y,accel_z
182187760564700,63281948903216,13,-5344,1504,-2176,832,525440,19456,,,,,,
182187760577500,63281949901050,14,-5568,1376,-2816,256,525376,20416,,,,,,
182187760967700,63281950902925,15,-5824,1280,-2016,-384,525888,21312,,,,,,
182187761947000,63281951900258,16,-5600,1088,-2528,-768,525376,19456,,,,,,
182187763073200,63281952905883,17,-5184,1472,-2176,-832,526016,17408,,,,,,
182187764214800,63281953907008,18,-5408,1728,-2752,384,526080,17408,,,,,,
182187765105900,63281954907966,19,-5152,1088,-2080,-896,526656,19136,,,,,,
182187766084400,63281955926050,20,-4736,1152,-2560,896,524864,19200,,,,,,
182187767090100,63281956905216,21,-5056,960,-2432,2560,526208,17984,,,,,,
182187767966700,63281957899508,22,-5600,736,-2400,-2112,526144,20800,,,,,,
182187769072700,63281958903175,23,-5088,1376,-1440,-576,527936,19328,,,,,,
182187770070200,63281959905175,24,-5056,1504,-2432,1152,528320,18688,,,,,,
182187771095600,63281960904133,25,-5216,1440,-2176,1984,526592,18368,,,,,,
182187771959900,63281961903841,26,-4960,1440,-1792,2432,525248,19328,,,,,,
182187772951300,63281962901383,27,-5856,1152,-2432,-512,526784,20416,,,,,,
182187773954800,63281963900466,28,-5184,1312,-2272,-448,526272,18112,,,,,,
182187775097400,63281964903133,29,-5568,1408,-1856,1344,527104,19392,,,,,,
182187775953100,63281965904383,30,-5152,1536,-2048,0,527040,18112,,,,,,
182187777080400,63281966904216,31,-5440,1312,-2464,192,526592,18304,,,,,,
182187778079000,63281967905216,32,-5056,832,-2336,1088,525568,19328,,,,,,
182187778955100,63281968902133,33,-5536,1664,-1824,704,527168,20096,,,,,,
182187780081500,63281969903050,34,-5440,1888,-2624,-256,526144,19392,,,,,,
182187781058800,63281970904425,35,-5408,1312,-2592,1536,525632,17600,,,,,,
182187782103600,63281971903466,36,-5440,1376,-2304,-768,528128,20032,,,,,,
182187783083800,63281972901633,37,-5760,1024,-2112,128,526144,20352,,,,,,
182187783988700,63281973903425,38,-5376,1248,-2560,-832,524480,19776,,,,,,
182187785080700,63281974905591,39,-6048,1600,-2816,640,523392,19328,,,,,,
182187785954800,63281975901258,40,-5760,1568,-2336,384,524736,17536,,,,,,
182187786942800,63281976900508,41,-5152,1152,-2208,-64,525632,20416,,,,,,
182187788078200,63281977906716,42,-4928,1152,-2496,-2112,525056,20672,,,,,,
182187788954500,63281978901841,43,-5248,960,-2688,1536,525760,17472,,,,,,
182187790092500,63281979903216,44,-5056,1344,-1728,256,524736,16448,,,,,,
182187791090200,63281980906675,45,-4672,1184,-2528,-64,525632,18240,,,,,,
182187792078000,63281981904008,46,-4864,1440,-2720,-320,524352,17792,,,,,,
182187792950700,63281982902966,47,-4832,1216,-2208,640,525696,16512,,,,,,
182187793954400,63281983899008,48,-4992,1280,-2304,768,527296,20160,,,,,,
182187794954600,63281984898716,49,-4640,1088,-2112,-64,526080,20416,,,,,,
182187795957200,63281985902258,50,-5088,1120,-3072,448,527488,22080,,,,,,
182187797082200,63281986907008,51,-5056,1408,-2368,1344,524224,19840,,,,,,
182187798078500,63281987904008,52,-4544,1056,-2752,1152,524864,19008,,,,,,
182187798948800,63281988903383,53,-5248,1440,-2176,0,527040,19200,,,,,,
182187800085200,63281989900841,54,-5184,1248,-2656,192,525504,18880,,,,,,
182187801076900,63281990901050,55,-4864,1824,-2592,-576,526528,17280,,,,,,
182187802080500,63281991902133,56,-5280,1536,-2464,384,526080,19456,,,,,,
182187803085700,63281992905633,57,-5600,1280,-3136,320,526336,16640,,,,,,
182187804086700,63281993904925,58,-4768,1536,-2080,-1792,526016,17920,,,,,,
182187805087600,63281994903133,59,-5536,1408,-2240,1600,524800,16960,,,,,,
182187805957200,63281995899841,60,-5088,1088,-2496,960,526272,19840,,,,,,
182187806959700,63281996901633,61,-5696,1312,-2208,1344,526400,17600,,,,,,
182187807957100,63281997902091,62,-5344,928,-2304,640,525952,16576,,,,,,
182187808954500,63281998898216,63,-5536,1568,-2112,-320,525312,19200,,,,,,
182187809958700,63281999898341,64,-5344,1376,-1984,1152,524288,18176,,,,,,
182187810957900,63282000898425,65,-5376,1312,-2560,2176,523328,18048,,,,,,
182187811959900,63282001898383,66,-5088,1344,-1568,1600,522752,18816,,,,,,
182187812956800,63282002898258,67,-5952,1408,-1984,576,523520,18432,,,,,,
182187813956400,63282003898550,68,-4864,1408,-1920,1600,524480,18304,,,,,,
182187814952400,63282004898466,69,-5376,1536,-2144,896,521664,18496,,,,,,
182187815966400,63282005921758,70,-4960,1312,-1440,1024,522176,19584,,,,,,
182187816992700,63282006898133,71,-5120,1600,-1952,-768,523584,17600,,,,,,
182187817960500,63282007899883,72,-5312,1568,-2048,64,523264,17152,,,,,,
182187818951700,63282008898216,73,-5184,1056,-1824,1088,522624,19392,,,,,,
182187819952300,63282009898216,74,-4416,1280,-2144,192,520128,16384,,,,,,
182187820950400,63282010898508,75,-4672,1120,-2336,1088,521664,20672,,,,,,
182187821949700,63282011898258,76,-4000,1152,-1792,1152,522752,19328,,,,,,
182187822964500,63282012898300,77,-4832,1408,-2272,128,523264,21376,,,,,,
182187823947400,63282013898216,78,-4288,1632,-2176,320,522944,17344,,,,,,
182187824947100,63282014898550,79,-4480,1280,-2304,0,522112,20736,,,,,,
182187826069300,63282015898341,80,-4224,960,-2976,512,521408,18944,,,,,,
182187827077300,63282016898175,81,-3872,1376,-2464,-384,521920,19584,,,,,,
182187828092500,63282017898508,82,-4224,1664,-2816,1600,523264,19200,,,,,,
182187828955400,63282018898341,83,-4640,928,-2304,0,525632,18496,,,,,,
182187829952300,63282019899383,84,-4352,1760,-2784,320,523328,18240,,,,,,
182187830948800,63282020901216,85,-4640,1440,-2848,256,522944,18752,,,,,,
182187831964800,63282021898341,86,-4192,992,-2240,896,521984,18432,,,,,,
182187832958000,63282022899800,87,-4096,1152,-3040,-1792,524096,17856,,,,,,
182187833953700,63282023898175,88,-4320,992,-2272,768,523712,18304,,,,,,
182187834952900,63282024898258,89,-4352,1344,-2464,-1088,524096,18816,,,,,,
182187835948600,63282025898883,90,-3680,1408,-2368,-1088,523392,16512,,,,,,
182187836952500,63282026898300,91,-4672,1664,-2432,1152,523904,18304,,,,,,
182187837957200,63282027898966,92,-3744,1024,-1760,192,523008,19584,,,,,,
182187838955800,63282028898383,93,-3776,1472,-2272,768,525120,18880,,,,,,
182187839959400,63282029898050,94,-3584,800,-2240,1024,523968,20224,,,,,,
182187840958500,63282030899508,95,-4032,1408,-2464,768,522496,19584,,,,,,
182187841955700,63282031898716,96,-3040,928,-2464,832,524608,17344,,,,,,
182187842958800,63282032900466,97,-3456,960,-2784,512,523520,16960,,,,,,
182187843959100,63282033898383,98,-3456,1280,-2560,384,523968,18688,,,,,,
182187844957600,63282034898216,99,-3008,1184,-2464,-640,523456,17472,,,,,,
182187845955500,63282035898216,100,-3424,1088,-2432,-2176,525696,18048,,,,,,
182187846953500,63282036898383,101,-3552,1120,-2144,640,525888,16576,,,,,,
182187847967100,63282037898758,102,-3520,1408,-2944,2304,525632,18560,,,,,,
182187848953000,63282038898175,103,-4192,1376,-2720,-320,524672,17024,,,,,,
182187849978000,63282039898466,104,-3904,1376,-2496,-1024,525888,18432,,,,,,
182187850958900,63282040898300,105,-3808,1760,-2304,512,525632,18432,,,,,,
182187851949000,63282041898258,106,-3968,1344,-1760,-320,526464,17664,,,,,,
182187852973200,63282042899758,107,-3904,832,-1792,-1088,525824,17280,,,,,,
182187853957100,63282043899883,108,-4032,1152,-2048,1728,528448,17984,,,,,,
182187854968400,63282044898341,109,-3584,896,-2112,-512,526400,19584,,,,,,
182187855982100,63282045898300,110,-4416,1440,-2560,-192,526080,20288,,,,,,
182187856960000,63282046898341,111,-4480,1408,-2368,448,525888,20224,,,,,,
182187857954500,63282047898466,112,-4736,1504,-2176,2304,526016,20480,,,,,,
182187858955200,63282048898300,113,-3968,1472,-2240,1664,526464,19520,,,,,,
182187859955300,63282049898216,114,-3776,928,-2176,512,525440,20800,,,,,,
182187860941800,63282050898341,115,-3584,1376,-2176,2240,525312,20416,,,,,,
182187861962500,63282051898425,116,-4736,1216,-1760,-832,525632,19584,,,,,,
182187862963800,63282052898258,117,-4992,1504,-2272,-256,524672,18944,,,,,,
182187863951500,63282053898091,118,-5184,1568,-2304,-64,525312,17856,,,,,,
182187864957100,63282054898550,119,-5024,1504,-1984,1024,525312,18432,,,,,,
182187865948500,63282055921133,120,-5152,1600,-2560,768,524608,17984,,,,,,
182187866952600,63282056899591,121,-4672,960,-2176,576,524672,19136,,,,,,
182187867961100,63282057898216,122,-4736,1120,-2496,512,523584,20480,,,,,,
182187868953300,63282058898300,123,-4064,1344,-1760,704,523904,17344,,,,,,
182187869947500,63282059898300,124,-5248,1632,-2624,-448,524608,18560,,,,,,
182187870940500,63282060898133,125,-4736,1760,-3136,1728,523968,18368,,,,,,
182187871945700,63282061898425,126,-5152,896,-2368,-320,524480,19008,,,,,,
182187872954200,63282062898258,127,-5056,928,-2624,192,526912,18880,,,,,,
182187873961000,63282063898175,128,-4864,1152,-2656,64,525248,18304,,,,,,
182187874943300,63282064898258,129,-4832,1440,-2080,-704,525056,20544,,,,,,
182187875934200,63282065898466,130,-5056,1312,-2656,2304,525248,19136,,,,,,
182187876940800,63282066897966,131,-4416,1664,-2528,704,527936,20096,,,,,,
182187877943000,63282067898216,132,-4416,1280,-2752,192,525504,17856,,,,,,
182187878940500,63282068898133,133,-5472,1024,-2944,128,526784,18496,,,,,,
182187879941700,63282069898341,134,-5152,1472,-2400,-1856,527872,18112,,,,,,
182187881167200,63282070898258,135,-5344,1024,-2976,1088,524864,20224,,,,,,
182187881955200,63282071898800,136,-5152,1632,-3008,-64,525760,18176,,,,,,
182187882980900,63282072899133,137,-4704,1888,-2144,320,527936,19968,,,,,,
182187883954200,63282073898425,138,-5088,1440,-2784,384,526720,16256,,,,,,
182187884944600,63282074898341,139,-5088,1216,-3040,576,526272,21504,,,,,,
182187885941000,63282075898133,140,-5440,1472,-2240,384,527808,18752,,,,,,
182187886943200,63282076898341,141,-5216,768,-2752,-1088,527744,20352,,,,,,
182187888138000,63282077898258,142,-5312,1184,-2272,-384,526336,19776,,,,,,
182187888948600,63282078898175,143,-5632,1312,-2912,576,526720,20608,,,,,,
182187889955800,63282079899466,144,-5760,1056,-2080,-512,526912,18816,,,,,,
182187890949700,63282080898258,145,-5312,1568,-2368,1088,527680,18112,,,,,,
182187891945500,63282081898341,146,-5344,1088,-2496,1088,528320,19328,,,,,,
182187892944900,63282082898216,147,-5696,1376,-2496,-1088,526272,19136,,,,,,
182187894044000,63282083898383,148,-4864,1440,-2112,1984,528576,16448,,,,,,
182187895063500,63282084899091,149,-5312,1504,-1984,128,527680,16192,,,,,,
182187895941300,63282085898300,150,-5824,1376,-2400,192,527360,18496,,,,,,
182187896956600,63282086898175,151,-5024,1024,-2112,-960,527744,19072,,,,,,
182187897964300,63282087898258,152,-5344,1088,-2240,320,528640,18176,,,,,,
182187898949500,63282088898008,153,-5088,1408,-2432,512,527808,17280,,,,,,
182187899947800,63282089898300,154,-5120,1536,-3168,-64,527232,18240,,,,,,
182187900945300,63282090898341,155,-5248,1536,-2656,192,527808,15936,,,,,,
182187902097700,63282091899800,156,-4768,1088,-1664,448,527744,17728,,,,,,
182187903064700,63282092898300,157,-5248,864,-2720,-192,528128,17408,,,,,,
182187903942500,63282093898216,158,-5312,1408,-2816,1280,526784,17024,,,,,,
182187904943700,63282094898425,159,-4640,1088,-1952,-832,525568,18880,,,,,,
182187905947100,63282095898300,160,-5632,1376,-2560,704,527296,16384,,,,,,
182187906955500,63282096898841,161,-5376,1248,-1792,-1472,527552,19328,,,,,,
182187907950700,63282097898050,162,-5152,1248,-1984,1152,526144,17088,,,,,,
182187908963800,63282098898383,163,-5568,736,-1824,384,527424,18624,,,,,,
182187909939600,63282099898425,164,-5280,960,-2400,1984,527680,17344,,,,,,
182187910935700,63282100898175,165,-5344,1312,-2240,-768,526144,18176,,,,,,
182187911939900,63282101898508,166,-5216,1216,-2144,704,526848,15744,,,,,,
182187913089600,63282102899925,167,-5024,1440,-1952,-448,526144,18880,,,,,,
182187913949400,63282103901216,168,-4832,1088,-2240,-512,527232,15680,,,,,,
182187914957000,63282104899091,169,-4960,1056,-1984,512,526528,19136,,,,,,
182187915981400,63282105919591,170,-5280,1408,-1792,256,527040,15872,,,,,,
182187917214200,63282106898425,171,-4928,1568,-2784,1152,526336,18944,,,,,,
182187917941100,63282107898216,172,-4928,992,-2624,-64,525568,20288,,,,,,
182187918940200,63282108900091,173,-4960,1568,-2656,64,526208,19008,,,,,,
182187919943500,63282109898258,174,-4992,1760,-2432,1792,524928,19648,,,,,,
182187921034300,63282110898341,175,-4544,832,-1824,832,525376,17856,,,,,,
182187922033900,63282111898258,176,-5376,1472,-2784,-704,525504,22464,,,,,,
182187923098700,63282112898425,177,-4768,1344,-2304,256,526528,16512,,,,,,
182187924115600,63282113899008,178,-4544,1056,-2016,-576,525696,17088,,,,,,
182187924946300,63282114898258,179,-4640,960,-2112,704,525504,19392,,,,,,
182187925943500,63282115899633,180,-4608,928,-3040,256,526592,19712,,,,,,
182187926944300,63282116898383,181,-4288,1440,-2592,896,525568,16064,,,,,,
182187927945200,63282117898216,182,-4224,800,-2624,1216,526400,16448,,,,,,
182187928945300,63282118898258,183,-4288,1248,-2944,-1408,525504,19520,,,,,,
182187929945600,63282119898425,184,-4960,1280,-2976,0,526528,19072,,,,,,
182187930942600,63282120898550,185,-3776,1248,-2368,128,526336,19008,,,,,,
182187931967000,63282121898425,186,-4640,1568,-2784,320,527360,18752,,,,,,
182187932952700,63282122898633,187,-3808,1408,-2624,-192,526976,19520,,,,,,
182187933959300,63282123898383,188,-4672,1632,-2496,1216,528000,19840,,,,,,
182187934951800,63282124898300,189,-4256,1056,-2848,832,526528,19584,,,,,,
182187935952400,63282125898341,190,-4384,1024,-1888,0,525568,19776,,,,,,
182187936956900,63282126900300,191,-4320,992,-2272,896,527232,16128,,,,,,
182187937957200,63282127899716,192,-4768,1472,-3008,-768,526528,17088,,,,,,
182187938952100,63282128903258,193,-4320,1440,-2784,64,524352,19200,,,,,,
182187939958000,63282129898216,194,-4448,1056,-2048,448,525760,20608,,,,,,
182187940952900,63282130899508,195,-4640,1408,-2272,2112,525504,17024,,,,,,
182187941953400,63282131898383,196,-4832,1440,-2560,640,525376,20288,,,,,,
182187942951000,63282132898841,197,-4192,1568,-2016,512,524480,18880,,,,,,
182187943956100,63282133898175,198,-4256,1120,-2336,832,525248,19392,,,,,,
182187944950300,63282134898258,199,-4192,1312,-2528,128,525824,17536,,,,,,
182187945953000,63282135899883,200,-4544,1824,-2464,960,525376,21312,,,,,,
182187946955200,63282136898258,201,-4256,1888,-2208,1152,524224,20032,,,,,,
182187947977200,63282137899175,202,-5120,1408,-2304,64,524352,19648,,,,,,
182187948952300,63282138898341,203,-5216,1184,-2400,448,524864,19392,,,,,,
182187949950700,63282139898175,204,-5024,1632,-2496,960,524992,20544,,,,,,
182187950955400,63282140898258,205,-4768,1120,-1952,64,525568,19712,,,,,,
182187951958000,63282141898341,206,-5536,768,-3008,512,525824,20672,,,,,,
182187952956100,63282142898341,207,-4384,1024,-2144,-384,524608,19712,,,,,,
182187953955500,63282143898466,208,-4256,1312,-1600,192,524416,21824,,,,,,
182187954946500,63282144899008,209,-4800,1408,-2368,-1984,524928,18496,,,,,,
182187955940900,63282145898508,210,-5312,1152,-2048,-192,525824,16960,,,,,,
182187956952800,63282146898175,211,-5472,1568,-2560,1728,525376,19200,,,,,,
182187957960800,63282147898175,212,-4512,1152,-1664,-256,526464,17856,,,,,,
182187958949200,63282148899008,213,-5504,1600,-2208,-832,524736,20608,,,,,,
182187959957600,63282149898383,214,-5248,1312,-2144,-896,525056,18880,,,,,,
182187960949000,63282150899133,215,-4768,1312,-1984,2304,523264,20992,,,,,,
182187961951800,63282151899591,216,-4736,1760,-2720,-832,523840,17408,,,,,,
182187962960100,63282152898341,217,-5312,1568,-2368,1984,524160,19136,,,,,,
182187963951500,63282153898508,218,-5184,992,-1856,-1216,523200,18176,,,,,,
182187964951200,63282154898300,219,-5440,960,-2048,1344,521984,17472,,,,,,
182187965960600,63282155898383,220,-5280,1600,-1888,0,523840,20800,,,,,,
182187966947000,63282156898425,221,-5824,1568,-2784,-128,523264,16960,,,,,,
182187967945100,63282157898383,222,-4768,1440,-2016,-512,522880,21312,,,,,,
182187968956100,63282158898216,223,-4800,1152,-2016,768,521600,17664,,,,,,
182187969957600,63282159898466,224,-4736,992,-1984,1024,523008,17024,,,,,,
182187970958900,63282160899883,225,-5152,1344,-1440,-192,522560,20032,,,,,,
182187971957100,63282161898216,226,-5056,1504,-2720,128,522496,20928,,,,,,
182187972953100,63282162898258,227,-5728,1440,-2752,1664,524160,18112,,,,,,
182187973956200,63282163898383,228,-4768,960,-1824,1536,522048,18688,,,,,,
182187974945200,63282164898216,229,-4768,1120,-2624,0,521408,18496,,,,,,
182187975949800,63282165898300,230,-5024,1024,-2784,1024,520256,17472,,,,,,
182187976991100,63282166898216,231,-4672,1024,-1920,-256,523264,21568,,,,,,
182187977957900,63282167898425,232,-5152,1696,-2848,960,521664,19072,,,,,,
182187978954900,63282168898341,233,-5152,1696,-2592,-1728,523904,18304,,,,,,
182187979954700,63282169898216,234,-4992,1472,-2304,768,523328,20160,,,,,,
182187980947400,63282170898550,235,-4480,1216,-2368,-1600,522944,17664,,,,,,
182187981980100,63282171898300,236,-4960,1344,-2208,-704,523712,19584,,,,,,
182187982971300,63282172898383,237,-4704,800,-2816,192,523392,19456,,,,,,
182187983958000,63282173899341,238,-5120,1568,-2304,2368,523200,17792,,,,,,
182187984957400,63282174899800,239,-4512,1152,-2752,-1344,523328,17984,,,,,,
182187985957200,63282175898383,240,-5248,1440,-3072,640,524672,18176,,,,,,
182187986958900,63282176898175,241,-4192,1184,-2208,-448,525632,19264,,,,,,
182187987953700,63282177898841,242,-4832,1408,-2624,768,526208,19584,,,,,,
182187988955700,63282178898841,243,-4640,1280,-2496,-704,524160,16640,,,,,,
182187989965800,63282179899716,244,-5280,1472,-2816,896,525120,18240,,,,,,
182187990958400,63282180898258,245,-4384,800,-2112,2176,524480,18496,,,,,,
182187991956600,63282181898341,246,-4704,1632,-2304,-1088,524160,18368,,,,,,
182187992954600,63282182898383,247,-4288,896,-2176,-1152,525952,18752,,,,,,
182187993953600,63282183898300,248,-5024,1664,-3712,832,526912,18368,,,,,,
182187994953200,63282184898258,249,-4480,1344,-2528,1344,524736,17472,,,,,,
182187995956400,63282185900050,250,-4896,1568,-2432,1088,527616,16448,,,,,,
182187996955900,63282186898258,251,-4096,1440,-2176,0,525568,15488,,,,,,
182187998070900,63282187898258,252,-4640,1216,-2208,-320,525440,17408,,,,,,
182187998953300,63282188898966,253,-4832,832,-2208,768,525824,19264,,,,,,
182187999947600,63282189898841,254,-4640,1088,-2080,-704,524864,17280,,,,,,
182188000947900,63282190898341,255,-4480,1856,-2688,1024,525696,17152,,,,,,
182188001957700,63282191899758,0,-4320,1472,-2944,-256,524736,18560,,,,,,
182188002949900,63282192898466,1,-4800,1376,-2560,576,524992,15744,,,,,,
182188003952000,63282193898383,2,-4128,1248,-2176,640,525888,18048,,,,,,
182188004964900,63282194898300,3,-4256,1536,-1952,-1280,525120,16832,,,,,,
182188006088800,63282195898258,4,-4160,1312,-2272,768,524608,18112,,,,,,
182188006958100,63282196898383,5,-4352,992,-2208,512,525184,17984,,,,,,
182188007998300,63282197898300,6,-4000,1088,-1952,-384,526272,18496,,,,,,
182188008968300,63282198898133,7,-4576,1504,-2464,960,524992,18688,,,,,,
182188009998500,63282199899591,8,-4736,1280,-2464,768,524480,19904,,,,,,
182188011009300,63282200898383,9,-4064,1248,-1664,-1280,525376,18240,,,,,,
182188011950700,63282201898258,10,-3904,1184,-1952,-1088,524800,18048,,,,,,
182188012957600,63282202899008,11,-4544,1344,-2688,320,526528,17920,,,,,,
182188013953200,63282203898300,12,-4192,992,-1856,256,524800,19392,,,,,,
182188014948000,63282204899300,13,-4096,1376,-2432,-128,525120,19200,,,,,,
182188015953000,63282205898175,14,-4032,1152,-1920,-1280,526080,20160,,,,,,
182188016967200,63282206898258,15,-4512,1952,-3200,1344,524608,18752,,,,,,
182188017960700,63282207898425,16,-4864,1280,-2432,-192,524160,18048,,,,,,
182188018953800,63282208898216,17,-4128,1216,-1632,64,525248,16704,,,,,,
182188019952600,63282209897800,18,-4256,928,-2688,1600,524416,21248,,,,,,
182188020951100,63282210898091,19,-4512,1056,-2272,320,524992,20544,,,,,,
182188021951000,63282211898300,20,-4352,1472,-1952,1536,524224,20032,,,,,,
182188022951000,63282212898383,21,-4320,1632,-2368,576,524544,19008,,,,,,
182188023963400,63282213898175,22,-4256,1376,-2784,-1024,525056,19136,,,,,,
182188024952900,63282214899258,23,-4640,1952,-3136,0,524352,17344,,,,,,
182188025951000,63282215901675,24,-4672,832,-2048,-448,525184,18944,,,,,,
182188026950800,63282216901591,25,-4192,1408,-2848,704,524352,17984,,,,,,
182188027950300,63282217898300,26,-3616,864,-2144,-2496,525248,18816,,,,,,
182188028950800,63282218898341,27,-4736,1408,-2720,-192,525696,19328,,,,,,
182188029950600,63282219898300,28,-4576,864,-1952,-1600,526720,18752,,,,,,
182188030944900,63282220899466,29,-4416,1440,-2656,960,526144,19264,,,,,,
182188031962400,63282221899675,30,-4800,1568,-2816,1600,525696,19456,,,,,,
182188032951900,63282222898175,31,-4640,1440,-2848,0,527552,20928,,,,,,
182188033948200,63282223898258,32,-4224,1568,-2112,-704,526400,18368,,,,,,
182188034951200,63282224898716,33,-4800,1312,-2912,-448,526720,16448,,,,,,
182188035953100,63282225898341,34,-4928,1344,-2944,576,528256,20480,,,,,,
182188036953000,63282226901550,35,-5248,1408,-1824,1792,525888,18304,,,,,,
182188037950800,63282227898341,36,-4736,1152,-2432,640,526912,19008,,,,,,
182188038951200,63282228898133,37,-4448,1248,-2432,448,527936,21120,,,,,,
182188039960100,63282229898425,38,-4672,1856,-2752,-320,528000,19520,,,,,,
182188040950700,63282230898341,39,-4576,1056,-2048,-64,528192,18176,,,,,,
182188041945900,63282231898258,40,-4896,1376,-2752,1408,526208,21120,,,,,,
182188042978600,63282232898300,41,-5184,1440,-2784,-128,525376,20096,,,,,,
182188043946200,63282233898300,42,-4576,1600,-2112,1280,527040,18816,,,,,,
182188044941100,63282234898425,43,-5472,1088,-2176,1152,528704,19136,,,,,,
182188045946000,63282235898133,44,-5440,672,-2496,1472,527168,19392,,,,,,
182188046957200,63282236898716,45,-5056,1248,-2176,2304,526848,19456,,,,,,
182188047953100,63282237898258,46,-5216,992,-2016,-960,525760,18496,,,,,,
182188049041600,63282238898800,47,-5952,1376,-2528,-1920,526912,16896,,,,,,
182188049947900,63282239898633,48,-5440,1504,-1984,64,526976,18240,,,,,,
182188050958100,63282240898383,49,-5280,1248,-1952,256,526208,20800,,,,,,
182188051943300,63282241898008,50,-5280,1600,-2304,-256,527168,19328,,,,,,
182188052944900,63282242898175,51,-5184,1088,-2528,896,529216,19264,,,,,,
182188053940600,63282243898341,52,-5344,1152,-2688,192,527616,19648,,,,,,
182188054942800,63282244898383,53,-5408,1280,-2080,-1280,527808,18624,,,,,,
182188055941500,63282245898216,54,-5280,1408,-2304,320,525760,20032,,,,,,
182188056971800,63282246898550,55,-5568,1632,-2336,3136,526592,19840,,,,,,
182188057955500,63282247898341,56,-5280,1216,-2368,-1600,525504,18048,,,,,,
182188058950400,63282248900258,57,-5376,1152,-1920,-384,527936,20672,,,,,,
182188059951200,63282249898258,58,-5600,1216,-2336,320,526976,20608,,,,,,
182188060943100,63282250899258,59,-4736,1536,-2432,-384,528192,22016,,,,,,
182188061964300,63282251899800,60,-4704,1248,-2592,768,526464,17024,,,,,,
182188062953800,63282252898341,61,-5408,1312,-2272,1088,527360,18560,,,,,,
182188063943200,63282253897800,62,-5280,1504,-2272,-448,527040,20480,,,,,,
182188064952800,63282254898425,63,-5376,1280,-2112,-2240,525824,19328,,,,,,
182188065957100,63282255898966,64,-5152,1664,-1952,1408,526464,18816,,,,,,
182188066948100,63282256900591,65,-5408,1408,-1920,64,525504,19072,,,,,,
182188067949700,63282257898300,66,-5824,1120,-2464,448,527360,21120,,,,,,
182188068948200,63282258898383,67,-4928,1216,-2368,-704,525312,18112,,,,,,
182188069953600,63282259898300,68,-5664,1408,-2112,896,527232,19072,,,,,,
182188070952500,63282260898091,69,-6016,736,-2176,-192,525440,17792,,,,,,
182188071951000,63282261898341,70,-5504,1376,-3168,-896,524800,18944,,,,,,
182188072947300,63282262898341,71,-4992,1120,-2112,-1280,526336,19264,,,,,,
182188073959300,63282263898300,72,-4928,832,-2016,-128,525248,19264,,,,,,
182188074954900,63282264898175,73,-5568,1280,-3040,-512,525760,20352,,,,,,
182188075980800,63282265898258,74,-5152,736,-2784,512,524864,19072,,,,,,
182188076955800,63282266898341,75,-4992,1600,-2208,640,523968,19200,,,,,,
182188077987800,63282267898133,76,-5056,1408,-2240,-640,524800,20160,,,,,,
182188078951000,63282268898216,77,-5056,1024,-2176,1152,524864,20352,,,,,,
182188079949900,63282269898216,78,-4544,736,-2048,640,524544,18240,,,,,,
182188080934400,63282270898341,79,-5504,1120,-2656,2240,525632,17856,,,,,,
182188081959500,63282271898300,80,-4320,1504,-1696,-1024,524864,17728,,,,,,
182188082949300,63282272899425,81,-5056,1312,-2592,1024,526144,16320,,,,,,
182188083957000,63282273898966,82,-4256,1024,-2880,0,526144,19200,,,,,,
182188084970500,63282274899841,83,-5440,1408,-2464,576,525184,19392,,,,,,
182188085961300,63282275898175,84,-5056,1056,-2240,128,525952,16704,,,,,,
182188086958800,63282276898341,85,-4544,1216,-2048,64,524928,19200,,,,,,
182188087962900,63282277898300,86,-5056,992,-2944,1152,525824,18112,,,,,,
182188088961000,63282278898300,87,-4352,864,-2336,1216,524480,17088,,,,,,
182188089963900,63282279898633,88,-4864,1216,-2528,-384,525376,17600,,,,,,
182188090960300,63282280899550,89,-5024,1472,-2560,64,525184,18240,,,,,,
182188092361300,63282281899841,90,-4416,1184,-2464,1472,524544,17088,,,,,,
182188092954100,63282282898133,91,-5120,896,-2976,640,526080,16832,,,,,,
182188093953800,63282283898383,92,-4640,1088,-2272,1152,524736,17920,,,,,,
182188094955600,63282284898258,93,-4192,1408,-2048,1472,525952,20032,,,,,,
182188095961600,63282285898216,94,-5440,1600,-2432,1280,526080,17344,,,,,,
182188096962900,63282286898175,95,-4928,1440,-2112,3008,525248,18560,,,,,,
182188097955200,63282287898258,96,-4320,960,-1856,-448,525312,18880,,,,,,
182188098978500,63282288898216,97,-5184,1632,-3040,64,526976,19840,,,,,,
182188099959900,63282289898175,98,-5312,1088,-2624,-512,524416,18368,,,,,,
182188100972900,63282290899800,99,-4672,1760,-2080,-1216,525568,20352,,,,,,
182188101958500,63282291898258,100,-4864,1184,-2368,0,525184,19072,,,,,,
182188102960300,63282292898258,101,-4064,1344,-2176,576,524160,18560,,,,,,
182188103962100,63282293898341,102,-4800,1056,-2464,1024,525120,19840,,,,,,
182188104963300,63282294898300,103,-4960,1184,-2144,1216,525504,18816,,,,,,
182188105957900,63282295898300,104,-4864,1216,-2176,1152,524480,20928,,,,,,
182188106965200,63282296898383,105,-4352,1184,-1728,320,523712,20032,,,,,,
182188107973900,63282297901341,106,-5216,1472,-2112,256,523776,19456,,,,,,
182188108983900,63282298898383,107,-5664,1632,-2752,-1280,525184,18752,,,,,,
182188109961100,63282299898258,108,-4224,960,-1952,896,523712,18176,,,,,,
182188110957700,63282300898175,109,-4896,1536,-2368,128,522816,20544,,,,,,
182188111960200,63282301898258,110,-5120,1408,-2112,1152,523392,19008,,,,,,
182188112963200,63282302898341,111,-4608,1184,-2368,-512,523712,17216,,,,,,
182188113964700,63282303898258,112,-4896,1184,-1856,-896,524736,18688,,,,,,
182188114959400,63282304898050,113,-4608,1728,-2464,-128,523264,17920,,,,,,
182188115958000,63282305898383,114,-4576,864,-2688,-896,523712,17600,,,,,,
182188116959700,63282306898383,115,-4224,1472,-2208,1216,523776,17536,,,,,,
182188117948600,63282307899925,116,-4480,1152,-2368,3328,523200,18048,,,,,,
182188118958000,63282308898175,117,-4320,864,-2176,-128,525248,19904,,,,,,
182188119955400,63282309901425,118,-4640,1664,-2272,576,523456,18048,,,,,,
182188120955800,63282310898300,119,-4928,1632,-2496,640,524032,19328,,,,,,
182188121957500,63282311898133,120,-4736,1248,-2336,-192,524992,19776,,,,,,
182188122959100,63282312898258,121,-4576,1088,-1504,512,526400,18880,,,,,,
182188123968000,63282313898341,122,-4864,1184,-2240,896,523008,18752,,,,,,
182188124961200,63282314898091,123,-4256,1216,-2720,1024,524736,17024,,,,,,
182188125962400,63282315900925,124,-4832,1120,-2496,1088,523584,17792,,,,,,
182188126966000,63282316899633,125,-4224,1216,-2400,576,523136,19584,,,,,,
182188127963400,63282317898466,126,-3936,1088,-2624,512,524160,19776,,,,,,
182188128967900,63282318898300,127,-3936,1312,-2272,832,525056,19776,,,,,,
182188129965900,63282319898050,128,-4096,1152,-2368,1088,523200,19456,,,,,,
182188130951100,63282320898508,129,-4416,1472,-2208,832,526208,20928,,,,,,
182188131968900,63282321899675,130,-4256,1312,-2752,960,525184,18688,,,,,,
182188132962800,63282322898175,131,-4160,1120,-3040,64,525376,17280,,,,,,
182188133959700,63282323898258,132,-4192,1280,-2336,-256,527424,15936,,,,,,
182188134964900,63282324898216,133,-4448,1280,-2432,-1472,525824,19840,,,,,,
182188135962000,63282325898300,134,-3776,1248,-2720,1792,525952,17664,,,,,,
182188136962200,63282326898216,135,-3552,1088,-3232,576,524928,18176,,,,,,
182188137963700,63282327899425,136,-4192,1376,-1728,320,526016,17728,,,,,,
182188138959200,63282328898258,137,-4576,1024,-3456,-2496,525312,17536,,,,,,
182188139962400,63282329898133,138,-4416,1344,-2400,-128,524928,16192,,,,,,
182188140957500,63282330898133,139,-3168,864,-2496,-2240,527744,17152,,,,,,
182188141982400,63282331898258,140,-4512,1184,-3072,-768,526016,19072,,,,,,
182188142963300,63282332897925,141,-4448,1440,-1952,128,525760,20608,,,,,,
182188143960000,63282333898133,142,-4608,896,-3040,2496,526976,20032,,,,,,
182188144960000,63282334898466,143,-4000,1440,-2656,-512,526592,18048,,,,,,
182188145957700,63282335898425,144,-4224,1664,-2432,-64,527296,21056,,,,,,
182188146958000,63282336898258,145,-3520,1376,-3136,-64,528000,17792,,,,,,
182188147971400,63282337898133,146,-4000,1280,-2144,-1024,526336,18560,,,,,,
182188148965400,63282338898466,147,-5088,1632,-3232,256,524992,18752,,,,,,
182188149952100,63282339898216,148,-4000,1344,-1984,1152,524800,19392,,,,,,
182188150970000,63282340898216,149,-4608,1216,-2560,256,526016,18048,,,,,,
182188151957400,63282341899008,150,-4192,1184,-1856,-1280,525888,19840,,,,,,
182188152958300,63282342898300,151,-4064,1216,-2560,640,525312,17856,,,,,,
182188153959400,63282343898258,152,-4448,1440,-2176,448,526848,20672,,,,,,
182188155099400,63282344898050,153,-4960,1056,-2432,0,525632,18432,,,,,,
182188155952500,63282345898383,154,-4320,1440,-1728,256,524096,18944,,,,,,
182188156970100,63282346898175,155,-4160,1568,-2144,576,524864,19392,,,,,,
182188157953400,63282347898258,156,-4320,1664,-2368,320,523904,18624,,,,,,
182188158948400,63282348898008,157,-4096,1600,-2080,-1024,522944,18752,,,,,,
182188159970700,63282349899175,158,-3936,1280,-2560,192,523584,16960,,,,,,
182188160945700,63282350900550,159,-4832,1120,-2624,-576,524032,19136,,,,,,
182188161949500,63282351899008,160,-4800,1216,-2368,192,522432,17984,,,,,,
182188162963900,63282352898383,161,-4512,640,-2176,-896,523200,21120,,,,,,
182188163960000,63282353898341,162,-4160,1536,-2208,1408,524480,19648,,,,,,
182188164958700,63282354898133,163,-4448,1248,-1856,704,524480,18816,,,,,,
182188165965500,63282355898091,164,-4704,1568,-2688,896,523520,16704,,,,,,
182188166958100,63282356898383,165,-5088,1312,-2592,-384,523968,17536,,,,,,
182188167956500,63282357899716,166,-4704,1248,-2464,2176,522304,17792,,,,,,
182188168958000,63282358898300,167,-4448,1408,-2400,-1024,521728,19008,,,,,,
182188169963700,63282359900550,168,-5248,1504,-1920,960,521856,15424,,,,,,
182188170958200,63282360898425,169,-4576,1344,-1632,-256,524288,18880,,,,,,
182188171958300,63282361898216,170,-4736,992,-1856,1216,521152,18496,,,,,,
182188172957300,63282362898175,171,-4960,1536,-2976,128,522624,17920,,,,,,
182188173954200,63282363898341,172,-4960,1504,-2272,-384,525568,18048,,,,,,
182188174974800,63282364898425,173,-4768,1472,-2048,832,522112,16192,,,,,,
182188175972700,63282365898133,174,-5248,1376,-2272,1728,523136,19072,,,,,,
182188176951700,63282366898133,175,-4704,1312,-3264,-256,524928,20288,,,,,,
182188177951000,63282367898466,176,-4672,1088,-2368,-832,524416,16000,,,,,,
182188178954900,63282368900133,177,-4768,1152,-2176,1280,523008,18560,,,,,,
182188179943000,63282369900133,178,-5536,1504,-2560,-2112,524608,18240,,,,,,
182188180964300,63282370898425,179,-4768,1376,-2688,-1024,523264,18496,,,,,,
182188181947600,63282371898425,180,-4544,1152,-2336,1152,523584,19456,,,,,,
182188182956900,63282372898300,181,-5600,1600,-2848,128,525504,19264,,,,,,
182188183947200,63282373898175,182,-4992,1728,-3168,1216,524544,17984,,,,,,
182188184951200,63282374898383,183,-4320,1120,-2496,320,524992,15104,,,,,,
182188185947500,63282375898258,184,-4864,1472,-2912,-1216,526080,17408,,,,,,
182188186945400,63282376898175,185,-5184,1216,-2528,576,524544,20480,,,,,,
182188187954600,63282377898175,186,-5216,1344,-2880,-128,524352,16448,,,,,,
182188188953400,63282378898300,187,-4480,1184,-2464,1344,526784,17472,,,,,,
182188189966300,63282379898591,188,-4512,1504,-2816,-1216,527360,16768,,,,,,
182188190963600,63282380898716,189,-4864,1216,-2976,0,527680,18816,,,,,,
182188191956600,63282381898716,190,-4576,1248,-2656,-128,526272,19072,,,,,,
182188192954900,63282382898425,191,-4704,1248,-2656,1472,528448,17920,,,,,,
182188193955700,63282383898175,192,-4704,1440,-3072,-512,527488,17536,,,,,,
182188194958300,63282384898175,193,-4704,1248,-3168,-192,528064,19968,,,,,,
182188195956700,63282385898883,194,-4640,1312,-2688,576,529024,18688,,,,,,
182188196961800,63282386898050,195,-4736,1440,-2624,-960,527616,19968,,,,,,
182188197954700,63282387898300,196,-4608,1728,-2528,1216,529088,17216,,,,,,
182188198960600,63282388898133,197,-5024,1728,-2624,-1088,529344,16896,,,,,,
182188199964400,63282389898341,198,-5376,1120,-2528,256,529280,16384,,,,,,
182188200956700,63282390898300,199,-4928,1440,-2400,-832,526720,18304,,,,,,
182188201956100,63282391898341,200,-4480,1184,-2368,-640,528768,18944,,,,,,
182188202956000,63282392898425,201,-4448,1184,-2176,-192,527680,15680,,,,,,
182188203958200,63282393898258,202,-5440,1408,-2816,-640,528960,19328,,,,,,
182188204955400,63282394898341,203,-5056,1472,-2336,256,528832,19072,,,,,,
182188205961700,63282395898133,204,-5472,1376,-2688,1600,527488,21312,,,,,,
182188206952100,63282396898341,205,-5184,1504,-2592,0,528320,17728,,,,,,
182188207994900,63282397898216,206,-4832,1664,-2464,-64,527552,21504,,,,,,
182188208955600,63282398898050,207,-4640,1184,-2208,1088,526976,19328,,,,,,
182188209961300,63282399898258,208,-4864,1152,-2144,192,527104,22784,,,,,,
182188210946500,63282400898216,209,-5120,1440,-2592,512,526720,18816,,,,,,
182188211953400,63282401898341,210,-5088,1504,-1952,-768,526464,16384,,,,,,
182188212955500,63282402898175,211,-5024,1248,-1920,64,527296,19584,,,,,,
182188213958200,63282403900675,212,-5792,1216,-2816,-1088,526464,16512,,,,,,
182188214952600,63282404899758,213,-5312,1760,-2368,-704,524928,17024,,,,,,
182188215960600,63282405898175,214,-4960,1056,-2112,-448,526592,18368,,,,,,
182188216957100,63282406898008,215,-5472,1312,-1728,1024,525824,19904,,,,,,
182188217955100,63282407898466,216,-5664,1280,-2688,-384,526848,19328,,,,,,
182188218958500,63282408898216,217,-4800,1216,-2272,640,526336,19840,,,,,,
182188220081600,63282409900175,218,-5952,1184,-2464,1536,525440,22208,,,,,,
182188220960800,63282410899633,219,-5536,1056,-2112,1536,526592,21056,,,,,,
182188221960900,63282411898341,220,-4896,1376,-2368,960,525504,18816,,,,,,
182188222959100,63282412898383,221,-5472,1152,-2048,1088,524928,17792,,,,,,
182188223952900,63282413898175,222,-5664,1248,-2848,384,527168,18432,,,,,,
182188224953900,63282414898508,223,-5600,1216,-2432,576,526208,21440,,,,,,
182188225954900,63282415898425,224,-5120,1280,-2080,1408,526592,19200,,,,,,
182188226957200,63282416898300,225,-5856,1312,-2400,1984,526144,21184,,,,,,
182188227998700,63282417898091,226,-5248,1184,-2848,2304,524608,18624,,,,,,
182188228953600,63282418898175,227,-5824,1088,-2176,1984,525440,18432,,,,,,
182188229952900,63282419898341,228,-5184,1120,-2176,-640,525376,19520,,,,,,
182188230947400,63282420898300,229,-6496,1696,-3264,128,524736,19712,,,,,,
182188231960900,63282421898383,230,-5472,1472,-2368,1728,525952,20928,,,,,,
182188232958500,63282422899008,231,-5088,832,-2368,128,526848,20224,,,,,,
182188233956000,63282423899758,232,-5856,1536,-2592,1472,525952,20096,,,,,,
182188234956200,63282424898300,233,-5888,992,-2464,640,526080,18944,,,,,,
182188235959800,63282425898258,234,-5312,1216,-2240,832,526144,20928,,,,,,
182188236960200,63282426898258,235,-5024,1408,-3520,1600,524480,19648,,,,,,
182188237958800,63282427898258,236,-4640,1344,-2432,256,527424,17408,,,,,,
182188238959300,63282428899216,237,-5472,1472,-2560,2560,525248,17152,,,,,,
182188239962500,63282429898383,238,-5504,1056,-2688,576,527104,20800,,,,,,
182188240976200,63282430898341,239,-5664,1312,-2784,1408,526976,19456,,,,,,
182188241955800,63282431898258,240,-5504,800,-2368,320,527616,19264,,,,,,
182188242957400,63282432898383,241,-5408,1152,-2560,704,523392,18112,,,,,,
182188243958300,63282433898841,242,-5344,1536,-2496,-1344,525696,22080,,,,,,
182188244954000,63282434898258,243,-5024,1440,-2400,-768,526080,19200,,,,,,
182188245954600,63282435898133,244,-5184,1280,-2240,256,527488,19072,,,,,,
182188246955900,63282436898425,245,-5152,1120,-2528,1024,526720,19968,,,,,,
182188247959700,63282437898300,246,-5984,1888,-2528,64,526336,18944,,,,,,
182188248953500,63282438898300,247,-5632,1344,-2752,256,527744,17216,,,,,,
182188249950000,63282439898050,248,-5408,1376,-2112,384,526784,16704,,,,,,
182188250955600,63282440898800,249,-5056,1216,-2432,-192,525824,19072,,,,,,
182188251958800,63282441898383,250,-4768,1216,-2240,1216,527104,19264,,,,,,
182188252956700,63282442898133,251,-5728,1024,-3040,1664,526208,20160,,,,,,
182188253958000,63282443898800,252,-4544,1216,-1504,64,526464,18816,,,,,,
182188255003500,63282444898300,253,-5024,1248,-2688,640,526912,19008,,,,,,
182188255950800,63282445898216,254,-4992,1536,-1792,1408,528000,18560,,,,,,
182188256962300,63282446898300,255,-4864,1536,-2368,-704,526208,18688,,,,,,
182188257964000,63282447898258,0,-5376,1280,-2240,-704,525504,22912,,,,,,
182188258959800,63282448900133,1,-5248,1216,-2016,1472,525824,18048,,,,,,
182188259958500,63282449898258,2,-4576,1504,-2240,-576,525888,18112,,,,,,
182188260953100,63282450898508,3,-4640,1184,-1792,1216,525760,17216,,,,,,
182188262324300,63282451898466,4,-5152,1120,-2496,-832,524736,18176,,,,,,
182188262985300,63282452898258,5,-4192,1568,-2432,384,525184,16384,,,,,,
182188263946600,63282453898216,6,-5664,1408,-2656,1088,526016,19264,,,,,,
182188264964500,63282454898341,7,-5024,1504,-2432,1024,524992,18560,,,,,,
182188265959000,63282455898175,8,-5056,1408,-2976,640,525120,17536,,,,,,
182188266959700,63282456898300,9,-4192,1472,-2048,-1088,523200,16256,,,,,,
182188267952900,63282457898133,10,-4160,1056,-2496,-192,525120,19392,,,,,,
182188268947500,63282458898300,11,-4256,1312,-2752,64,524096,16704,,,,,,
182188269957300,63282459898300,12,-4448,1312,-2592,576,523712,18368,,,,,,
182188270957700,63282460897925,13,-4128,1248,-2272,-1728,523072,18368,,,,,,
182188271958800,63282461898466,14,-4736,1408,-2176,-64,523520,17216,,,,,,
182188272962200,63282462898425,15,-4800,992,-2016,1280,520960,19968,,,,,,
182188274012500,63282463898883,16,-4128,1024,-1760,-256,522880,18240,,,,,,
182188274943900,63282464898675,17,-4640,1280,-1664,-1024,522688,18752,,,,,,
182188275949500,63282465898300,18,-3616,1696,-2112,1344,523392,18816,,,,,,
182188276953200,63282466898425,19,-3712,1024,-2912,-1216,520512,18560,,,,,,
182188277957000,63282467898175,20,-3424,1376,-2144,512,521920,17984,,,,,,
182188278953500,63282468898133,21,-3744,1344,-2208,1472,520832,18176,,,,,,
182188279948400,63282469898300,22,-4288,1344,-2336,-576,522880,20032,,,,,,
182188280964300,63282470898258,23,-3744,1536,-3136,512,522624,16384,,,,,,
182188281956000,63282471898175,24,-3840,1664,-2208,-64,521920,18944,,,,,,
182188282949700,63282472898300,25,-4160,1344,-1984,640,521344,17408,,,,,,
182188284009900,63282473898300,26,-4128,1152,-2240,1152,520704,17472,,,,,,
182188284946500,63282474898258,27,-4096,1376,-2496,256,522048,17728,,,,,,
182188285956500,63282475898175,28,-3488,1344,-2400,-192,522816,17152,,,,,,
182188286950600,63282476898466,29,-3712,1120,-2560,256,520576,19904,,,,,,
182188287949200,63282477898258,30,-3744,1504,-2240,-960,522432,18176,,,,,,
182188288957400,63282478898175,31,-3680,800,-2112,640,521984,15936,,,,,,
182188289969400,63282479898008,32,-4384,1216,-2496,1856,523072,17600,,,,,,
182188290951900,63282480898508,33,-3840,1504,-2464,1600,523200,20032,,,,,,
182188291949500,63282481898300,34,-3424,1312,-2304,256,522816,20800,,,,,,
182188292944100,63282482898091,35,-3744,1600,-2080,1792,522432,18496,,,,,,
182188293950600,63282483899258,36,-3520,1248,-2336,0,523136,19968,,,,,,
182188294956900,63282484898300,37,-3840,864,-2432,-1408,523008,16768,,,,,,
182188295960300,63282485898258,38,-4096,992,-2880,-640,522816,20352,,,,,,
182188296953400,63282486898216,39,-4224,1536,-2880,-512,523072,16576,,,,,,
182188298067200,63282487898300,40,-3616,1344,-2944,1024,523264,16640,,,,,,
182188298976400,63282488899050,41,-3168,1120,-2592,576,523968,14912,,,,,,
182188299948000,63282489898091,42,-3584,1344,-2880,-64,524352,19840,,,,,,
182188300963600,63282490898216,43,-3968,1632,-2304,192,524480,20416,,,,,,
182188301955700,63282491898300,44,-4320,1344,-2368,-960,525120,17280,,,,,,
182188302951100,63282492900341,45,-3424,1184,-2400,-128,527488,20992,,,,,,
182188303951700,63282493898300,46,-3616,1440,-2208,704,525312,19008,,,,,,
182188304959400,63282494898383,47,-3296,1344,-2624,-576,525824,19520,,,,,,
182188305947000,63282495898341,48,-3744,1472,-2496,-704,525440,16960,,,,,,
182188307055000,63282496898216,49,-4352,1696,-3648,896,526336,17920,,,,,,
182188307991600,63282497899216,50,-4192,1312,-3008,-896,525440,19520,,,,,,
182188308951800,63282498898425,51,-3680,928,-2496,320,526336,19200,,,,,,
182188309945100,63282499898175,52,-3616,1600,-3072,-1472,525056,16832,,,,,,
182188310984100,63282500898258,53,-3552,1216,-2240,1280,527168,20032,,,,,,
182188311953600,63282501898217,54,-4256,1056,-2272,192,525696,19712,,,,,,
182188312954300,63282502899092,55,-4224,1696,-2592,1408,525824,19968,,,,,,
182188313956900,63282503898217,56,-3840,1344,-2464,-704,526272,19520,,,,,,
182188314963100,63282504898217,57,-4384,1824,-2880,-384,526656,18432,,,,,,
182188315964100,63282505898300,58,-4544,1568,-2656,-1600,525824,18880,,,,,,
182188316963600,63282506898300,59,-4288,960,-2208,-320,527232,20096,,,,,,
182188317955400,63282507898008,60,-4704,1312,-2240,-320,526016,20736,,,,,,
182188318956600,63282508898092,61,-4416,1248,-2848,3072,526464,18112,,,,,,
182188319957600,63282509898300,62,-4672,1376,-2816,-256,525440,17088,,,,,,
182188320962800,63282510898175,63,-4288,1024,-2272,-320,527936,18432,,,,,,
182188321958700,63282511898133,64,-4672,1728,-2752,1728,526784,18240,,,,,,
182188322959100,63282512898592,65,-4832,1376,-2720,-1088,527040,19392,,,,,,
182188323969900,63282513898300,66,-4512,1344,-2656,576,524544,17216,,,,,,
182188324960800,63282514898175,67,-4064,1536,-2336,1472,525696,17664,,,,,,
182188325952200,63282515898258,68,-4608,1632,-2720,640,526912,19584,,,,,,
182188326950600,63282516902633,69,-5120,1248,-2816,192,526720,18496,,,,,,
182188327954900,63282517898842,70,-4512,1344,-2432,-320,528320,21248,,,,,,
182188328954400,63282518898258,71,-5088,1344,-2656,768,526848,17344,,,,,,
182188329955300,63282519900258,72,-4384,960,-2176,1536,526784,18432,,,,,,
182188330964200,63282520898300,73,-5312,1440,-2464,960,525952,17088,,,,,,
182188331960800,63282521898258,74,-5184,896,-2592,-1280,525632,17152,,,,,,
182188332957400,63282522900175,75,-5248,1600,-2528,448,526400,18688,,,,,,
182188333956700,63282523898300,76,-5248,1024,-2656,-384,525888,17216,,,,,,
182188334958200,63282524898258,77,-4832,1472,-2336,320,526592,16896,,,,,,
182188335958900,63282525898258,78,-5184,1344,-1856,1216,526208,18240,,,,,,
182188336957300,63282526898050,79,-5280,1312,-2496,-576,525312,20416,,,,,,
182188337959600,63282527898300,80,-5632,1152,-2880,-384,526976,18880,,,,,,
182188338957200,63282528899758,81,-5088,1472,-2784,384,527488,16960,,,,,,
182188339984300,63282529898800,82,-5024,1024,-2496,256,527552,18880,,,,,,
182188340954300,63282530898925,83,-4864,1728,-2560,192,525376,19712,,,,,,
182188341952400,63282531898300,84,-5056,1184,-2304,1408,527424,19840,,,,,,
182188342957500,63282532898258,85,-5888,1504,-2912,384,525760,16896,,,,,,
182188343956600,63282533898300,86,-5248,1600,-2656,1600,528000,18496,,,,,,
182188344956200,63282534898383,87,-4896,1600,-2336,0,526208,18112,,,,,,
182188345954400,63282535899175,88,-5664,1216,-2048,128,525120,20096,,,,,,
182188346956000,63282536898217,89,-5024,960,-1504,1344,528384,19904,,,,,,
182188347957400,63282537898175,90,-5632,1600,-2144,0,526528,18496,,,,,,
182188348957400,63282538898300,91,-5248,1152,-2528,192,526272,16704,,,,,,
182188349955700,63282539898592,92,-5536,1504,-2624,1792,526720,18560,,,,,,
182188350955000,63282540899883,93,-5504,1408,-2432,2368,527168,18432,,,,,,
182188351954800,63282541898300,94,-5920,1984,-3072,832,526656,18304,,,,,,
182188352955700,63282542898342,95,-5248,1344,-2144,-192,526400,18752,,,,,,
182188353958300,63282543898258,96,-5184,1312,-1952,2112,527296,20416,,,,,,
182188354957700,63282544898133,97,-5440,1408,-2656,-1088,527104,20160,,,,,,
182188355952600,63282545898508,98,-5824,1056,-2464,2112,527296,17472,,,,,,
182188356957800,63282546898217,99,-5408,1216,-2592,-768,527552,16384,,,,,,
182188357992300,63282547898258,100,-5248,1344,-2272,320,526848,16512,,,,,,
182188358952500,63282548898092,101,-5248,1312,-2080,0,526272,21120,,,,,,
182188359962300,63282549898258,102,-6112,1376,-2432,-832,526784,17344,,,,,,
182188360952800,63282550898300,103,-5056,1312,-2240,-832,527616,17088,,,,,,
182188361953200,63282551898175,104,-5856,1504,-2560,2368,528320,19456,,,,,,
182188362952800,63282552898342,105,-5088,1600,-1664,-768,529088,19968,,,,,,
182188363955400,63282553898300,106,-5216,1184,-2560,320,526400,19264,,,,,,
182188364960400,63282554898133,107,-5248,1280,-2688,-768,528704,18880,,,,,,
182188365959900,63282555898092,108,-5472,1440,-2144,-384,526400,16960,,,,,,
182188366953300,63282556898425,109,-5216,1696,-2272,-1728,527360,18432,,,,,,
182188367952900,63282557898258,110,-4544,1664,-3008,-576,528640,19328,,,,,,
182188368958900,63282558898342,111,-5248,896,-2336,-64,527616,18112,,,,,,
182188369966400,63282559898550,112,-5088,1280,-2752,896,528000,18432,,,,,,
182188370953400,63282560898342,113,-5344,1312,-1824,-1088,527104,16384,,,,,,
182188371950200,63282561898175,114,-5440,1440,-2368,1344,527936,21696,,,,,,
182188372992000,63282562898300,115,-5312,1312,-1888,1280,524416,18112,,,,,,
182188373953800,63282563898258,116,-5504,1440,-2272,-1344,526720,18368,,,,,,
182188374956100,63282564898342,117,-4672,1152,-2208,256,527936,20096,,,,,,
182188375947000,63282565898175,118,-4800,1312,-1856,2048,528128,18368,,,,,,
182188376959500,63282566898050,119,-4992,1248,-2048,1024,526784,18496,,,,,,
182188377952200,63282567898425,120,-4768,1056,-2208,-128,526336,17600,,,,,,
182188378956000,63282568898342,121,-5440,1408,-2464,-1024,525632,20480,,,,,,
182188379954700,63282569898175,122,-5344,1280,-2240,-64,524032,20224,,,,,,
182188380991200,63282570898092,123,-5856,1760,-2336,-832,526592,19200,,,,,,
182188381964900,63282571898175,124,-5280,1248,-2400,1792,523776,17472,,,,,,
182188382956200,63282572898133,125,-4352,1280,-1920,-960,525632,18432,,,,,,
182188383953300,63282573898092,126,-4608,832,-1472,-384,524224,19712,,,,,,
182188384952400,63282574898925,127,-4832,960,-2688,0,523712,18112,,,,,,
182188385953800,63282575898467,128,-5056,1024,-2112,640,526016,20480,,,,,,
182188386953100,63282576898258,129,-4608,960,-2080,-320,523904,17920,,,,,,
182188387966400,63282577898050,130,-5312,1024,-2368,768,524736,18816,,,,,,
182188388970900,63282578899342,131,-4928,1280,-2560,384,524096,20160,,,,,,
182188389947300,63282579898217,132,-4896,1120,-2464,-704,526336,20096,,,,,,
182188390960500,63282580898258,133,-5088,896,-2368,768,523840,17664,,,,,,
182188391956700,63282581902508,134,-5280,1024,-1856,192,524800,17664,,,,,,
182188392955600,63282582898300,135,-4960,1440,-2976,768,523392,18752,,,,,,
182188393942400,63282583898092,136,-4736,1568,-2592,1408,523392,19584,,,,,,
182188394945100,63282584898175,137,-4864,1536,-2432,-128,525312,19520,,,,,,
182188395953400,63282585898383,138,-5376,1280,-2144,-640,523712,20032,,,,,,
182188396945900,63282586898467,139,-4896,1152,-2112,-128,524672,20352,,,,,,
182188397949000,63282587898175,140,-5088,1248,-2496,-64,525056,22400,,,,,,
182188398946600,63282588898508,141,-4544,1376,-1856,384,524352,19648,,,,,,
182188399961600,63282589898258,142,-4960,1376,-2656,704,523392,18368,,,,,,
182188400940800,63282590898133,143,-4768,1248,-2304,1088,524928,18944,,,,,,
182188401943200,63282591898425,144,-4576,1280,-2016,1728,524928,17024,,,,,,
182188402951700,63282592898342,145,-4800,1088,-2304,1600,524800,20736,,,,,,
182188403934600,63282593898758,146,-4704,1504,-2784,-896,525696,16000,,,,,,
182188404954600,63282594898258,147,-4480,864,-2656,832,523712,17088,,,,,,
182188406010200,63282595898008,148,-4480,1024,-1792,-768,523712,16640,,,,,,
182188406944000,63282596898342,149,-5248,1376,-3200,576,524544,18368,,,,,,
182188407960400,63282597898175,150,-4544,1248,-2400,640,525888,20480,,,,,,
182188408950000,63282598899050,151,-5216,1440,-2560,64,524032,19520,,,,,,
182188409948800,63282599898092,152,-4896,1152,-2432,1856,525376,19072,,,,,,
182188410964000,63282600898217,153,-4768,1504,-2816,1664,525440,17472,,,,,,
182188411957500,63282601898300,154,-4928,1248,-2848,320,525696,15744,,,,,,
182188412952700,63282602898133,155,-5280,1440,-3072,1024,525568,20032,,,,,,
182188413944700,63282603900092,156,-4608,1088,-2272,2368,525248,18816,,,,,,
182188414952200,63282604899258,157,-4672,1312,-2432,-1600,525248,18880,,,,,,
182188415954500,63282605898133,158,-4992,1408,-2912,-128,525632,19456,,,,,,
182188416967200,63282606898217,159,-5056,1728,-2560,1536,525952,19904,,,,,,
182188417949000,63282607898300,160,-4608,1376,-2272,-1280,525376,19456,,,,,,
182188418953600,63282608898217,161,-4896,1728,-2336,-1024,523328,18240,,,,,,
182188419941000,63282609898258,162,-4672,1184,-2080,-576,526208,16896,,,,,,
182188420951600,63282610900383,163,-4448,1600,-2496,128,526848,20992,,,,,,
182188421945300,63282611898300,164,-5088,1184,-2592,2944,525056,20416,,,,,,
182188422945300,63282612899633,165,-4608,1408,-3200,-192,525568,19392,,,,,,
182188423950200,63282613899008,166,-5152,1760,-2496,-960,526400,18816,,,,,,
182188424948900,63282614898383,167,-4608,1376,-2432,-1216,525184,19264,,,,,,
182188425952600,63282615898217,168,-4640,1408,-2240,320,526080,18368,,,,,,
182188426960200,63282616900967,169,-4896,800,-2528,-448,526016,18368,,,,,,
182188428136200,63282617898675,170,-4064,1088,-2336,-2368,524608,19392,,,,,,
182188428951500,63282618898133,171,-3808,1184,-2080,-960,522624,20032,,,,,,
182188429958000,63282619898217,172,-4320,1120,-2592,192,526144,17984,,,,,,
182188430939900,63282620898050,173,-4448,1344,-2880,-832,525440,19456,,,,,,
182188431957900,63282621898842,174,-4064,1184,-1792,-512,525824,16320,,,,,,
182188432949900,63282622900967,175,-4096,1376,-1664,-192,524160,19520,,,,,,
182188433953100,63282623898217,176,-4896,1056,-2560,1024,524544,20096,,,,,,
182188434950600,63282624898217,177,-4480,1152,-2688,320,525120,14016,,,,,,
182188435953800,63282625898217,178,-4288,1312,-2240,1600,525952,18816,,,,,,
182188436959300,63282626898258,179,-4192,1216,-2368,64,525248,19648,,,,,,
182188437959600,63282627898175,180,-4192,1216,-2272,-256,522688,18496,,,,,,
182188438959800,63282628899717,181,-4384,1568,-2624,832,526272,16640,,,,,,
182188439956800,63282629899675,182,-4064,1472,-2176,-320,523648,18176,,,,,,
182188440959400,63282630899758,183,-4896,1856,-2560,1088,525440,19008,,,,,,
182188441950800,63282631900967,184,-4288,1856,-2464,192,523520,18176,,,,,,
182188442961300,63282632898217,185,-4608,1152,-2464,384,525376,19136,,,,,,
182188443955500,63282633898300,186,-4576,1664,-2624,-1536,522816,20480,,,,,,
182188444958500,63282634898217,187,-4096,1184,-2560,768,524928,18112,,,,,,
182188445960200,63282635898925,188,-4160,1376,-2336,-384,524480,17856,,,,,,
182188446968000,63282636899675,189,-4096,1088,-1600,-64,523392,20736,,,,,,
182188447953100,63282637898258,190,-4608,1280,-2240,1792,523584,14976,,,,,,
182188448963300,63282638899217,191,-4960,1312,-2528,64,523520,15680,,,,,,
182188449965800,63282639898092,192,-4448,1184,-2656,1280,524544,20096,,,,,,
182188450957000,63282640901300,193,-3456,1312,-2336,-768,523776,18624,,,,,,
182188451961200,63282641899592,194,-4128,1376,-2176,1152,523648,18432,,,,,,
182188452955500,63282642898092,195,-4448,1440,-2464,-128,523968,19712,,,,,,
182188454111100,63282643898342,196,-4128,1216,-2016,-128,524928,20864,,,,,,
182188454957700,63282644898175,197,-4256,576,-2240,1536,523456,18496,,,,,,
182188455962600,63282645898633,198,-4256,1376,-2304,-384,525568,18816,,,,,,
182188456959300,63282646898133,199,-4096,1216,-2592,64,524032,20096,,,,,,
182188457965300,63282647898342,200,-3872,1152,-1984,576,525248,18240,,,,,,
182188458967800,63282648898258,201,-3968,960,-2304,256,525440,20096,,,,,,
182188459961600,63282649898008,202,-3904,1312,-3136,-640,524288,15808,,,,,,
182188460959100,63282650899050,203,-4256,1376,-2624,960,525056,18240,,,,,,
182188461962000,63282651898758,204,-4096,1248,-2688,-192,524864,18624,,,,,,
182188462961000,63282652898217,205,-4352,1376,-2688,-64,524224,19520,,,,,,
182188463963200,63282653898133,206,-3360,1536,-2400,512,524672,19456,,,,,,
182188464949000,63282654898300,207,-3200,1472,-2624,-448,524608,19008,,,,,,
182188465968100,63282655898383,208,-3744,1312,-2688,-2112,525824,17728,,,,,,
182188466957800,63282656898258,209,-4416,1472,-2304,1088,524032,19072,,,,,,
182188467954300,63282657898050,210,-4640,1024,-2848,-1856,524608,20160,,,,,,
182188468960900,63282658901217,211,-3904,1248,-2112,2112,524992,18432,,,,,,
182188469957400,63282659898133,212,-4224,1376,-2496,1856,525184,19072,,,,,,
182188470963800,63282660898133,213,-3904,1216,-2144,832,523520,17280,,,,,,
182188471963900,63282661898217,214,-3328,832,-2560,1152,523648,19136,,,,,,
182188472946700,63282662898217,215,-4416,768,-2240,-704,524800,16960,,,,,,
182188473950600,63282663899217,216,-4384,992,-2336,384,525376,18624,,,,,,
182188474967900,63282664899133,217,-3744,1504,-2560,2048,524032,19968,,,,,,
182188475959300,63282665898342,218,-4000,1920,-2112,128,524160,17856,,,,,,
182188476955600,63282666898258,219,-4512,992,-2144,-320,525632,20160,,,,,,
182188477962800,63282667898092,220,-4672,1376,-2496,320,525568,18880,,,,,,
182188478963700,63282668898175,221,-3520,1632,-2464,-448,525376,19072,,,,,,
182188479963600,63282669898842,222,-4384,1536,-2368,1536,525312,17408,,,,,,
182188481051400,63282670898175,223,-4288,768,-2080,-768,525760,17280,,,,,,
182188481999200,63282671898133,224,-4320,1472,-2240,-128,524096,19904,,,,,,
182188482969300,63282672898300,225,-4960,1696,-2208,1088,526976,17216,,,,,,
182188483958200,63282673898258,226,-4096,1664,-2400,-192,526144,19776,,,,,,
182188484957700,63282674899050,227,-4000,960,-1792,-1024,523264,19264,,,,,,
182188485962400,63282675898133,228,-4224,1280,-2080,1088,524544,19392,,,,,,
182188486962800,63282676898258,229,-4448,1472,-2976,512,524608,19712,,,,,,
182188487962700,63282677898217,230,-4480,1120,-2560,-256,526528,16960,,,,,,
182188488962100,63282678898217,231,-3872,864,-1184,-1024,524416,17728,,,,,,
182188489961100,63282679897967,232,-4608,1408,-2720,384,526080,19328,,,,,,
182188491035500,63282680898467,233,-4352,1280,-1888,1856,525568,17600,,,,,,
182188491976700,63282681898258,234,-4800,1408,-2336,1536,525120,18240,,,,,,
182188492966600,63282682899175,235,-4960,1280,-2624,1984,524864,20480,,,,,,
182188493953800,63282683898258,236,-4768,1120,-2048,-192,525824,19648,,,,,,
182188494957200,63282684898092,237,-4864,1504,-2528,128,524864,18304,,,,,,
182188495959100,63282685898258,238,-4544,1696,-2592,-704,523200,20416,,,,,,
182188496959200,63282686898133,239,-5632,1600,-3008,960,526208,20672,,,,,,
182188497959600,63282687898342,240,-5312,992,-1792,-384,524992,17024,,,,,,
182188498966600,63282688898175,241,-5216,1344,-2208,1728,525312,18624,,,,,,
182188499955900,63282689898133,242,-4864,1280,-2592,-256,526016,18944,,,,,,
182188500954100,63282690898133,243,-4800,1152,-2592,-704,523776,17984,,,,,,
182188501949000,63282691898217,244,-5632,1440,-2912,2112,526016,19840,,,,,,
182188502956400,63282692898217,245,-5280,1344,-2208,0,526656,19264,,,,,,
182188503955100,63282693899425,246,-5376,896,-2208,896,525952,18496,,,,,,
182188504958200,63282694898300,247,-5568,1376,-2848,-320,525056,19200,,,,,,
182188505960600,63282695898342,248,-5248,1312,-2016,768,526464,20736,,,,,,
182188506956400,63282696898133,249,-5440,2016,-2784,-192,526208,21888,,,,,,
182188507961800,63282697898133,250,-4768,1408,-2784,1536,525824,18304,,,,,,
182188508971200,63282698898383,251,-5792,1280,-2720,0,527040,17856,,,,,,
182188509956100,63282699898508,252,-4960,1280,-2368,576,525248,19008,,,,,,
182188510953500,63282700900508,253,-5184,1248,-2304,-512,527040,19328,,,,,,
182188511951000,63282701898383,254,-5408,928,-2752,128,526528,18048,,,,,,
182188512956300,63282702898217,255,-5792,1536,-2976,1216,525440,18176,,,,,,
182188513958400,63282703898092,0,-5536,1056,-2656,1728,527040,15872,,,,,,
182188514960600,63282704898050,1,-4992,1408,-2432,384,526784,18368,,,,,,
182188515953200,63282705899800,2,-5920,1472,-2688,1984,525504,20736,,,,,,
182188516953400,63282706904842,3,-5280,1248,-2304,-832,526144,21632,,,,,,
182188517944500,63282707898258,4,-5280,1056,-1920,320,527168,20416,,,,,,
182188518957900,63282708898133,5,-5984,1216,-2048,2496,526400,21248,,,,,,
182188519962800,63282709898717,6,-5536,1248,-2336,192,527168,20992,,,,,,
182188520978000,63282710898300,7,-5440,1184,-2592,1024,527296,17728,,,,,,
182188521989000,63282711898133,8,-6272,1536,-2400,128,525376,19520,,,,,,
182188522955600,63282712898383,9,-5984,1408,-2720,192,526336,20608,,,,,,
182188523962200,63282713898217,10,-6368,1312,-2912,960,527360,19328,,,,,,
182188524965200,63282714898175,11,-5376,1216,-2144,448,526592,21696,,,,,,
182188525956000,63282715898092,12,-6560,960,-2368,1216,527936,20032,,,,,,
182188526955100,63282716899800,13,-5664,1152,-2624,1280,526464,16896,,,,,,
182188527958300,63282717899842,14,-5920,1376,-3008,960,526656,18752,,,,,,
182188528959300,63282718898092,15,-6080,1536,-2560,1152,527936,18496,,,,,,
182188529957200,63282719898258,16,-6016,1088,-1728,-1408,527808,19008,,,,,,
182188530952300,63282720898342,17,-5600,1440,-2592,-320,526272,17472,,,,,,
182188531964100,63282721898175,18,-5824,512,-2368,-128,525824,18752,,,,,,
182188532972200,63282722898258,19,-5984,1344,-2656,832,527296,16704,,,,,,
182188533954300,63282723899592,20,-5792,1728,-3072,1280,527104,18944,,,,,,
182188534952100,63282724898342,21,-5504,1376,-2464,-576,527424,17920,,,,,,
182188535953300,63282725898175,22,-5664,1216,-2368,576,525120,17664,,,,,,
182188536956000,63282726898092,23,-5600,1024,-1696,-1536,528448,18752,,,,,,
182188537955700,63282727899758,24,-6016,1376,-2720,384,526848,19136,,,,,,
182188538953400,63282728898175,25,-5920,1408,-2400,1024,527168,15936,,,,,,
182188539959300,63282729898217,26,-5696,1280,-2240,-768,524736,19264,,,,,,
182188540956500,63282730899967,27,-5376,928,-2656,-512,525184,17984,,,,,,
182188541954400,63282731898467,28,-5856,1440,-2560,-192,527744,17728,,,,,,
182188542956600,63282732898300,29,-5856,1024,-2208,-64,525312,17856,,,,,,
182188543957900,63282733898175,30,-5952,1376,-2784,-704,526592,17920,,,,,,
182188544958500,63282734898717,31,-5344,1248,-1792,448,525952,22080,,,,,,
182188545959600,63282735898133,32,-5472,2016,-2368,-768,525248,16512,,,,,,
182188546955700,63282736898133,33,-6048,1280,-2624,-704,524608,19456,,,,,,
182188547954900,63282737898092,34,-5472,1344,-2720,896,525312,18624,,,,,,
182188548966100,63282738898175,35,-4800,896,-1536,256,525824,18560,,,,,,
182188549956600,63282739898550,36,-5632,1472,-3360,896,525760,20416,,,,,,
182188550957400,63282740900092,37,-4896,1472,-1728,448,525312,18048,,,,,,
182188551956400,63282741898258,38,-5600,1344,-1856,-128,525120,18240,,,,,,
182188552957400,63282742898217,39,-5568,1312,-1856,-1920,525568,19392,,,,,,
182188553952700,63282743898050,40,-5408,1696,-2432,256,526272,19456,,,,,,
182188554955500,63282744898092,41,-4928,1120,-2432,2560,524672,19200,,,,,,
182188555956200,63282745898300,42,-5504,1536,-2624,896,526144,18752,,,,,,
182188556961800,63282746898967,43,-4640,992,-2304,2304,526144,18496,,,,,,
182188557958500,63282747898217,44,-5056,1472,-2400,-1088,526400,17984,,,,,,
182188558959800,63282748898092,45,-4896,1248,-2208,1856,523904,18816,,,,,,
182188559958900,63282749899800,46,-5184,928,-2592,-640,525952,17344,,,,,,
182188560955800,63282750899050,47,-4832,704,-1600,-3264,526144,18560,,,,,,
182188561955100,63282751898050,48,-5056,1856,-2720,768,523648,18880,,,,,,
182188562955600,63282752899092,49,-4704,1152,-1728,192,523776,17856,,,,,,
182188563955500,63282753898300,50,-4832,1120,-2336,640,525568,20928,,,,,,
182188564955700,63282754898217,51,-4864,1248,-2336,1792,524352,20288,,,,,,
182188565964600,63282755898133,52,-4576,1376,-2592,0,525952,18432,,,,,,
182188566944700,63282756900675,53,-4768,1120,-2464,-512,525504,18176,,,,,,
182188567954600,63282757898342,54,-4832,1312,-2208,1024,525504,18304,,,,,,
182188568959200,63282758898133,55,-4128,1312,-2912,1536,525952,19776,,,,,,
182188569945700,63282759898133,56,-4896,832,-2848,384,524480,18240,,,,,,
182188570955300,63282760898258,57,-4800,1376,-2240,384,524928,19200,,,,,,
182188571953200,63282761898800,58,-5024,1696,-2848,960,525696,20224,,,,,,
182188572950400,63282762899508,59,-3776,1280,-2432,-1344,525120,19392,,,,,,
182188573966600,63282763899342,60,-4000,1120,-2272,-64,524864,18688,,,,,,
182188574944900,63282764898258,61,-4256,1216,-1920,-576,523264,17664,,,,,,
182188575942300,63282765898217,62,-4384,1344,-2464,832,523392,18496,,,,,,
182188576942300,63282766898092,63,-4448,1408,-2272,0,525056,20096,,,,,,
182188577954700,63282767899008,64,-3968,1376,-2208,-192,521984,18432,,,,,,
182188578955500,63282768898133,65,-4480,1376,-1984,-320,523200,20032,,,,,,
182188579955800,63282769898425,66,-4640,1120,-2880,1664,523776,15872,,,,,,
182188580942500,63282770899508,67,-3808,1344,-2528,128,522752,18176,,,,,,
182188581960800,63282771898258,68,-3808,1056,-1632,-1792,523712,20224,,,,,,
182188582954200,63282772898217,69,-4064,1440,-2144,1856,523072,20416,,,,,,
182188583955200,63282773898092,70,-4320,1408,-2176,-1024,523072,19712,,,,,,
182188584952700,63282774898383,71,-4128,864,-2144,-960,525568,18688,,,,,,
182188585956900,63282775898175,72,-4160,1408,-2432,832,524224,17984,,,,,,
182188586958200,63282776900300,73,-4032,1280,-2752,-1728,521664,20672,,,,,,
182188587955100,63282777898008,74,-4288,1568,-2656,384,525824,18240,,,,,,
182188588958500,63282778898217,75,-4544,1120,-2496,1408,524224,18816,,,,,,
182188589956100,63282779898258,76,-4032,1024,-2240,640,523776,22208,,,,,,
182188590950400,63282780898050,77,-3616,1248,-2112,640,522752,20096,,,,,,
182188591954200,63282781898300,78,-4096,1184,-2112,1536,523136,19392,,,,,,
182188592959500,63282782898133,79,-4064,1664,-2048,-768,523264,17152,,,,,,
182188593955900,63282783898883,80,-4512,1440,-2944,-384,523840,17664,,,,,,
182188594948700,63282784898092,81,-3936,1280,-2176,-320,525248,19904,,,,,,
182188595950800,63282785898175,82,-3616,704,-1792,-768,521984,18816,,,,,,
182188596959500,63282786898175,83,-4192,1152,-2752,704,525056,20160,,,,,,
182188597965300,63282787898675,84,-4128,1440,-2592,-1664,523776,18880,,,,,,
182188598956400,63282788898050,85,-3872,1216,-2560,-256,523072,19136,,,,,,
182188599955200,63282789898342,86,-3904,1664,-2720,960,522624,19008,,,,,,
182188600957800,63282790899592,87,-3872,1024,-2400,768,523968,17536,,,,,,
182188601958900,63282791898175,88,-3520,1344,-1888,-384,524032,18368,,,,,,
182188602957200,63282792898342,89,-4032,1120,-2112,128,523328,18240,,,,,,
182188603958500,63282793900300,90,-3744,1216,-2240,128,524352,19072,,,,,,
182188604956300,63282794899758,91,-4384,1472,-2560,-256,522944,17664,,,,,,
182188605949200,63282795898092,92,-4160,800,-2400,-1408,522752,19648,,,,,,
182188606957900,63282796898300,93,-4832,1344,-2368,256,523584,19264,,,,,,
182188607972200,63282797898133,94,-4096,1536,-2880,128,524160,18240,,,,,,
182188608950200,63282798898550,95,-4032,1152,-2464,1728,524992,17152,,,,,,
182188609960100,63282799898133,96,-4608,1152,-2304,-320,524480,20928,,,,,,
182188610946600,63282800898258,97,-3584,1088,-2112,-1088,523328,19200,,,,,,
182188611946900,63282801898133,98,-4640,1408,-2016,-192,522304,20608,,,,,,
182188612965000,63282802898217,99,-4384,1472,-2912,64,523136,19072,,,,,,
182188613983900,63282803898258,100,-4512,1120,-2720,256,523584,20800,,,,,,
182188614976200,63282804898217,101,-4928,1760,-2784,-256,523904,19520,,,,,,
182188615951200,63282805898092,102,-4000,1376,-1472,576,524672,20288,,,,,,
182188616960600,63282806899633,103,-4064,832,-1792,832,525184,19840,,,,,,
182188617948100,63282807898175,104,-4480,1760,-2752,1920,525376,17792,,,,,,
182188618954600,63282808898258,105,-4320,864,-2368,-1152,524480,17920,,,,,,
182188619957100,63282809898133,106,-4576,1408,-2912,-192,524928,18048,,,,,,
182188620956900,63282810898258,107,-4896,1184,-2304,-576,523840,18944,,,,,,
182188621956600,63282811898175,108,-4704,1120,-2048,-768,523776,19072,,,,,,
182188622955600,63282812898175,109,-4160,1280,-2624,576,525696,20928,,,,,,
182188623957900,63282813899175,110,-4256,768,-1856,-256,523904,19904,,,,,,
182188624954500,63282814898300,111,-5120,1440,-3392,-256,526848,20160,,,,,,
182188625950900,63282815898217,112,-4384,1088,-2048,1856,524352,16256,,,,,,
182188626939900,63282816898258,113,-4192,1152,-1504,896,524800,17600,,,,,,
182188627955000,63282817900092,114,-4384,1280,-2432,192,525888,19200,,,,,,
182188628947500,63282818898217,115,-4576,1440,-2752,1088,525888,20032,,,,,,
182188629959100,63282819898217,116,-4320,1120,-2464,256,524352,17728,,,,,,
182188631027000,63282820900300,117,-5056,1056,-2240,-320,526080,18624,,,,,,
182188631959400,63282821898258,118,-4640,1824,-2720,1088,524224,19328,,,,,,
182188632960300,63282822898175,119,-4608,672,-2272,-384,526848,19712,,,,,,
182188633970700,63282823898175,120,-5280,1440,-2336,320,525440,15488,,,,,,
182188634950500,63282824898092,121,-4640,1024,-2624,832,524224,19136,,,,,,
182188635955100,63282825899133,122,-4512,1600,-2176,-256,526592,18112,,,,,,
182188636955900,63282826898258,123,-5120,1760,-2208,576,528448,17984,,,,,,
182188637954700,63282827898050,124,-5024,1536,-2400,-2112,526464,20352,,,,,,
182188638955800,63282828898050,125,-4864,1472,-3136,-1088,525568,18304,,,,,,
182188640030400,63282829898258,126,-4736,1248,-2304,-576,525248,17728,,,,,,
182188640956400,63282830899342,127,-4864,1536,-2752,384,526912,15872,,,,,,
182188641968800,63282831898133,128,-5024,1248,-1984,384,527552,18624,,,,,,
182188642956300,63282832898300,129,-4896,1536,-3392,-1216,526272,18816,,,,,,
182188643954300,63282833898217,130,-4512,1152,-1440,-1920,525504,17280,,,,,,
182188644957400,63282834898300,131,-5376,1280,-2400,384,526016,18880,,,,,,
182188645958000,63282835899258,132,-4736,1280,-2528,960,526400,17728,,,,,,
182188646957500,63282836898258,133,-4704,1472,-2272,-1984,526656,17536,,,,,,
182188648111300,63282837898217,134,-4640,1376,-1824,1024,527232,15744,,,,,,
182188648981400,63282838898133,135,-4608,1600,-2272,64,528704,17152,,,,,,
182188649962500,63282839898050,136,-4864,1344,-2560,-2688,528832,17344,,,,,,
182188650954300,63282840898133,137,-4672,1408,-2528,1536,527552,18752,,,,,,
182188651954600,63282841898342,138,-4800,1248,-2176,-768,529152,17472,,,,,,
182188652957100,63282842898050,139,-5216,1120,-2368,128,527936,17536,,,,,,
182188653955100,63282843898217,140,-5088,1280,-2464,960,528064,16960,,,,,,
182188654952800,63282844898133,141,-5312,1408,-2304,1408,525568,18880,,,,,,
182188655973100,63282845897842,142,-4896,1248,-2976,1408,525312,19136,,,,,,
182188656967500,63282846898342,143,-4704,1216,-2400,2688,526848,21056,,,,,,
182188657976400,63282847900758,144,-5408,1120,-2368,-320,528896,16512,,,,,,
182188658956600,63282848898258,145,-5312,1568,-2624,640,527040,18880,,,,,,
182188659954800,63282849897967,146,-5056,928,-2400,-2304,526464,18688,,,,,,
182188660957500,63282850898300,147,-5504,1472,-2272,-128,527808,20032,,,,,,
182188661956000,63282851898300,148,-4672,1120,-1792,448,528640,18048,,,,,,
182188662958400,63282852898133,149,-4800,1344,-2272,768,529088,19264,,,,,,
182188663957600,63282853898258,150,-4608,960,-2144,-128,525888,18880,,,,,,
182188664968600,63282854898133,151,-5408,1216,-2016,-512,527232,20352,,,,,,
182188665965700,63282855898217,152,-5376,896,-2240,-2368,526976,18432,,,,,,
182188666962300,63282856898092,153,-4896,1376,-2816,-576,527744,16960,,,,,,
182188667954400,63282857898008,154,-5440,1216,-2336,768,525760,18304,,,,,,
182188668954900,63282858898383,155,-5056,1440,-2304,768,526080,18816,,,,,,
182188669956900,63282859898133,156,-4448,1504,-2752,-1088,528384,17856,,,,,,
182188670957600,63282860898092,157,-5728,1088,-2368,-128,526400,18240,,,,,,
182188671956100,63282861898342,158,-5024,1344,-1760,2432,527936,18688,,,,,,
182188673071100,63282862899175,159,-5248,1344,-2144,512,527104,19456,,,,,,
182188673967400,63282863898383,160,-4384,960,-2304,-64,527296,17728,,,,,,
182188674951000,63282864898050,161,-4960,1152,-2144,-1024,527104,18816,,,,,,
182188675952900,63282865898258,162,-4928,1408,-2144,128,526080,19520,,,,,,
182188676952200,63282866898133,163,-5696,1344,-2176,192,526208,17920,,,,,,
182188677955300,63282867898217,164,-4768,768,-2336,-2048,527424,19392,,,,,,
182188678955300,63282868898133,165,-4576,1344,-1856,-128,526720,17664,,,,,,
182188679954900,63282869898175,166,-4800,1216,-2336,-1152,526400,17216,,,,,,
182188681003400,63282870898258,167,-5536,1216,-3104,-448,526976,17536,,,,,,
182188681993200,63282871898050,168,-4800,1216,-2368,-320,527808,20672,,,,,,
182188682966100,63282872899092,169,-5408,1472,-2144,704,525824,18240,,,,,,
182188683948900,63282873898300,170,-4864,1696,-1888,832,524672,19520,,,,,,
182188684947600,63282874898175,171,-5248,1248,-2304,256,526208,18560,,,,,,
182188685957600,63282875898092,172,-4736,1184,-2560,448,526016,19584,,,,,,
182188686957000,63282876899592,173,-5408,1536,-2272,1536,526848,18176,,,,,,
182188687955600,63282877899175,174,-5536,1312,-2624,320,526784,17088,,,,,,
182188688957600,63282878898133,175,-4672,1952,-2048,512,526336,18176,,,,,,
182188689954200,63282879897925,176,-5216,1152,-2272,832,526464,17856,,,,,,
182188690982900,63282880898342,177,-5472,1568,-2528,2496,525312,19968,,,,,,
182188691948100,63282881898133,178,-5024,1408,-2752,0,525120,20352,,,,,,
182188692961600,63282882897800,179,-5120,1280,-2496,704,526272,21632,,,,,,
182188693961500,63282883898300,180,-4480,896,-2176,64,526464,17920,,,,,,
182188694960900,63282884898175,181,-5184,1408,-2080,-832,525696,19584,,,,,,
182188695954800,63282885898133,182,-5056,1664,-2016,-832,526592,19776,,,,,,
182188696955100,63282886898050,183,-5760,1664,-1664,1856,526016,20800,,,,,,
182188697949900,63282887899175,184,-5248,1760,-1536,512,525056,18944,,,,,,
182188698968400,63282888898175,185,-5216,1312,-2816,704,524032,19904,,,,,,
182188699965100,63282889898008,186,-5024,1120,-2240,960,524800,20416,,,,,,
182188700956500,63282890898092,187,-5248,1280,-2368,1344,523712,18304,,,,,,
182188701965400,63282891898258,188,-5056,896,-1824,1728,524160,19200,,,,,,
182188702964300,63282892898133,189,-5056,1568,-2240,-1408,525376,19456,,,,,,
182188703954800,63282893898133,190,-5472,1344,-2112,2624,526208,18368,,,,,,
182188704958000,63282894898300,191,-4992,1088,-1824,512,524544,19264,,,,,,
182188706044000,63282895898258,192,-5408,864,-2144,-192,525696,19008,,,,,,
182188707027000,63282896898092,193,-4800,1472,-2592,-192,524736,18240,,,,,,
182188707959100,63282897898092,194,-5184,1024,-2176,-384,525696,20864,,,,,,
182188708957000,63282898898217,195,-4800,1280,-2592,-1280,523456,16768,,,,,,
182188709954200,63282899903425,196,-4736,1216,-2272,-384,523648,18432,,,,,,
182188710954500,63282900899633,197,-4832,1408,-2208,-1088,523008,19904,,,,,,
182188711955000,63282901898300,198,-5312,1440,-2464,-896,524288,20544,,,,,,
182188712955000,63282902898300,199,-4896,1504,-2272,128,524032,16960,,,,,,
182188713957600,63282903898258,200,-4544,1408,-2176,192,525056,20224,,,,,,
182188714979800,63282904898008,201,-4800,1280,-2400,256,524032,20352,,,,,,
182188715958500,63282905898342,202,-5152,1568,-2592,-384,523456,17920,,,,,,
182188716948900,63282906898842,203,-4736,1440,-2464,-384,525312,19200,,,,,,
182188717945800,63282907898258,204,-4640,1248,-2048,896,524480,21248,,,,,,
182188718948100,63282908898175,205,-5088,1312,-2528,1024,524032,18496,,,,,,
182188719942100,63282909897883,206,-5088,1344,-2784,1280,524992,19712,,,,,,
182188720954500,63282910898383,207,-4608,1472,-2048,448,524864,19968,,,,,,
182188721953400,63282911898383,208,-4608,1408,-2048,960,523904,17664,,,,,,
182188722958400,63282912899883,209,-4960,1120,-2720,0,523072,18176,,,,,,
182188723964600,63282913898175,210,-5248,1376,-2048,1088,524992,19136,,,,,,
182188724968300,63282914898133,211,-4896,1472,-2400,-384,525952,17920,,,,,,
182188725951100,63282915898133,212,-4576,640,-2112,576,523840,17344,,,,,,
182188726954500,63282916898300,213,-4896,1344,-2560,1216,524800,18816,,,,,,
182188727957000,63282917898217,214,-4704,1632,-2336,0,524608,20608,,,,,,
182188728958200,63282918899508,215,-4288,1376,-2400,256,525440,19968,,,,,,
182188729957700,63282919899800,216,-4960,1088,-2464,-768,523840,20096,,,,,,
182188730990400,63282920898383,217,-4448,1248,-2880,448,523776,19008,,,,,,
182188731974700,63282921898175,218,-4704,1280,-1760,-128,524288,18752,,,,,,
182188732966400,63282922898050,219,-4896,1376,-1920,-384,526080,19008,,,,,,
182188733953000,63282923898258,220,-4640,1408,-2752,1472,525120,17280,,,,,,
182188734951900,63282924898300,221,-5024,1472,-1952,-640,526208,18816,,,,,,
182188735955700,63282925898217,222,-5024,1248,-2752,1600,525632,16640,,,,,,
182188736955500,63282926898008,223,-4672,1216,-2400,320,526016,16960,,,,,,
182188737957500,63282927898258,224,-4224,928,-2464,1536,523840,17344,,,,,,
182188738959400,63282928898217,225,-4032,928,-2304,1984,525440,19072,,,,,,
182188739955200,63282929898092,226,-4544,1312,-2560,1024,525120,17920,,,,,,
182188740955500,63282930900467,227,-4352,1280,-2112,1728,523072,19392,,,,,,
182188741964100,63282931898217,228,-4864,1248,-2336,1856,523520,19584,,,,,,
182188742954600,63282932898967,229,-4512,1216,-2304,960,524992,20224,,,,,,
182188743954200,63282933898092,230,-4576,1344,-2752,-1536,523392,19072,,,,,,
182188744956200,63282934898342,231,-4768,1568,-2400,2112,525504,19392,,,,,,
182188745957700,63282935898342,232,-4768,1472,-2784,-1088,524096,19712,,,,,,
182188746957300,63282936898050,233,-4096,1024,-2176,2176,524992,17408,,,,,,
182188747957800,63282937899425,234,-5120,896,-2464,-192,524736,21248,,,,,,
182188748955500,63282938898258,235,-4768,1184,-1792,1856,525312,17792,,,,,,
182188749966800,63282939897758,236,-4128,1440,-2432,128,524992,18496,,,,,,
182188750947200,63282940898092,237,-4512,1216,-2496,-1280,524544,19008,,,,,,
182188751943900,63282941899717,238,-4224,1120,-2112,-1216,524864,18496,,,,,,
182188752944700,63282942898800,239,-4448,1536,-2208,704,524864,19008,,,,,,
182188753945600,63282943898175,240,-4576,1184,-2176,640,524992,18112,,,,,,
182188754954800,63282944898092,241,-4544,1280,-2176,320,523200,19456,,,,,,
182188755960900,63282945898300,242,-4832,1376,-2784,2112,525312,18304,,,,,,
182188756965600,63282946898175,243,-4544,1120,-2368,-128,524672,16512,,,,,,
182188757974200,63282947898050,244,-4256,1216,-2368,576,525184,19968,,,,,,
182188758957300,63282948898217,245,-4096,1184,-2624,-704,524864,18048,,,,,,
182188759950800,63282949898217,246,-4192,1440,-3008,0,525120,19264,,,,,,
182188760957300,63282950898175,247,-3936,1088,-2080,1216,525696,17600,,,,,,
182188761951700,63282951898092,248,-4416,1504,-2848,-192,526208,18816,,,,,,
182188762946400,63282952898342,249,-4288,1152,-2304,384,526656,17472,,,,,,
182188763959900,63282953898258,250,-4256,1312,-2368,0,526336,19264,,,,,,
182188764970600,63282954898133,251,-4544,1312,-1888,1984,526272,19328,,,,,,
182188765967600,63282955898008,252,-4544,864,-1856,1600,525632,19648,,,,,,
182188766956800,63282956899550,253,-4576,1216,-2272,1408,526464,18880,,,,,,
182188767949800,63282957898133,254,-4064,1312,-2656,-512,524096,17344,,,,,,
182188768964900,63282958898050,255,-4928,1440,-3168,1536,523584,18944,,,,,,
182188769949100,63282959899300,0,-3840,1280,-2144,-512,524736,17984,,,,,,
182188770948700,63282960899425,1,-4128,1344,-2208,384,524480,19776,,,,,,
182188771949100,63282961898300,2,-4768,1536,-2560,64,524928,19264,,,,,,
182188772950600,63282962898133,3,-4384,1184,-2112,2880,525504,20160,,,,,,
182188773959100,63282963898217,4,-4160,1056,-2560,-576,524992,18176,,,,,,
182188774963500,63282964898217,5,-4672,1600,-2688,448,524096,20672,,,,,,
182188775957600,63282965898050,6,-4192,896,-2016,1728,524928,20288,,,,,,
182188776955100,63282966898008,7,-4352,1056,-1888,-832,525888,18368,,,,,,
182188777955500,63282967898300,8,-5024,1568,-3008,-64,524480,19136,,,,,,
182188778954800,63282968898050,9,-4736,1664,-2176,192,524480,18368,,,,,,
182188779953200,63282969898092,10,-4320,1280,-2144,-1344,525632,18880,,,,,,
182188780955000,63282970898133,11,-4576,1248,-2432,832,526336,18880,,,,,,
182188782230900,63282971898175,12,-4288,1600,-2528,-128,524480,17792,,,,,,
182188782970700,63282972898092,13,-5088,1664,-1888,640,524864,18432,,,,,,
182188783968500,63282973897967,14,-4224,1280,-2144,768,525568,17984,,,,,,
182188784944900,63282974898258,15,-4192,960,-2848,-960,525376,19264,,,,,,
182188785946200,63282975898175,16,-4960,1600,-2784,576,525312,18112,,,,,,
182188786946800,63282976900467,17,-4096,1536,-1856,1920,526016,19648,,,,,,
182188787945600,63282977898300,18,-4736,1472,-2176,256,525824,19200,,,,,,
182188788945600,63282978898175,19,-4608,1440,-2176,640,524800,19200,,,,,,
182188789951600,63282979898092,20,-4032,1184,-2112,64,524608,18560,,,,,,
182188790964100,63282980898133,21,-4416,1280,-2464,512,524800,17920,,,,,,
182188791949900,63282981898383,22,-4768,1408,-2592,-960,525568,16768,,,,,,
182188792951700,63282982898300,23,-4736,1216,-2944,1856,525888,18496,,,,,,
182188793948800,63282983900092,24,-4320,1440,-2144,-960,526272,18816,,,,,,
182188794946300,63282984898175,25,-4864,960,-1728,896,525696,17728,,,,,,
182188795946800,63282985898133,26,-4448,1568,-2304,-448,526400,16960,,,,,,
182188796943300,63282986898175,27,-4448,1440,-3072,256,527680,18368,,,,,,
182188797947500,63282987897967,28,-4800,1248,-2080,-2176,524544,18688,,,,,,
182188798973000,63282988898383,29,-4320,1216,-2144,-256,525952,16576,,,,,,
182188799963300,63282989898300,30,-5344,1248,-2528,-1088,524160,19264,,,,,,
182188800948800,63282990898092,31,-4832,1216,-1952,448,527040,17344,,,,,,
182188801951000,63282991898092,32,-4992,1312,-2240,-576,526528,16576,,,,,,
182188802948800,63282992898217,33,-5024,1504,-2944,2752,526400,18048,,,,,,
182188803950500,63282993898217,34,-4736,1440,-1760,-320,525952,16576,,,,,,
182188804950600,63282994899925,35,-5344,1120,-2624,640,526656,20416,,,,,,
182188805962400,63282995898008,36,-4608,1344,-2336,768,524736,16640,,,,,,
182188806959100,63282996899592,37,-5216,1216,-2656,0,525632,19200,,,,,,
182188808095400,63282997903467,38,-5312,1344,-3136,1984,524672,20928,,,,,,
182188809081300,63282998903675,39,-4640,1248,-1952,2304,526208,19776,,,,,,
182188810078700,63282999911092,40,-4608,1408,-2144,-960,525056,19008,,,,,,
182188810955700,63283000899925,41,-5312,1504,-2784,832,526080,21696,,,,,,
182188811956200,63283001899925,42,-4736,992,-2592,-1728,524480,18816,,,,,,
182188813080300,63283002916925,43,-5152,1920,-2688,-768,526336,19008,,,,,,
182188814369900,63283003907050,44,-4672,1344,-2016,-192,524608,22144,,,,,,
182188815082800,63283004906217,45,-5312,992,-1888,-704,525760,19712,,,,,,
182188816220800,63283005908717,46,-4800,1312,-2528,896,525056,18496,,,,,,
182188816949600,63283006902675,47,-5120,1504,-2752,64,526784,19904,,,,,,
182188817948200,63283007902592,48,-5088,1376,-2592,960,525248,22272,,,,,,
182188818951900,63283008903842,49,-4928,1696,-2784,-640,526336,18496,,,,,,
182188820069700,63283009905008,50,-5632,1504,-2368,-384,525248,18752,,,,,,
182188821081400,63283010904217,51,-4992,1056,-1824,448,526272,18752,,,,,,
182188822082800,63283011903758,52,-4864,1440,-2752,0,524352,18368,,,,,,
182188823077000,63283012905967,53,-5568,1344,-1952,2688,525568,17216,,,,,,
182188823969200,63283013901842,54,-5120,1184,-2176,448,526528,17600,,,,,,
182188824962600,63283014901717,55,-5376,1248,-2368,1600,524416,17664,,,,,,
182188826083300,63283015905717,56,-4960,1088,-2272,-704,527232,19840,,,,,,
182188826945100,63283016901842,57,-4992,1184,-2528,-576,526848,17856,,,,,,
182188828070000,63283017903675,58,-5056,1696,-2624,-1088,525568,17216,,,,,,
182188828951400,63283018901675,59,-5536,1408,-2720,1088,527552,18560,,,,,,
182188830077700,63283019899758,60,-5344,1248,-1888,448,526272,16192,,,,,,
182188831062900,63283020901133,61,-5536,1568,-2592,384,527552,19008,,,,,,
182188831963200,63283021902925,62,-5824,1472,-2560,-256,526976,16768,,,,,,
182188832961800,63283022903383,63,-5728,1440,-1472,-448,525504,18816,,,,,,
182188833951000,63283023903133,64,-5120,1408,-2784,896,526336,20992,,,,,,
182188834956500,63283024903342,65,-4992,1600,-2112,-1856,526336,19328,,,,,,
182188835959800,63283025900550,66,-5344,1120,-2528,-320,525696,19520,,,,,,
182188837009800,63283026899592,67,-5472,1376,-2528,-960,525568,19904,,,,,,
182188837946100,63283027903467,68,-5184,1216,-1952,1856,526400,19584,,,,,,
182188838947500,63283028904300,69,-5088,1088,-2368,-384,526016,18496,,,,,,
182188840218500,63283029902092,70,-4928,1632,-2336,-256,526528,18304,,,,,,
182188840966300,63283030905092,71,-5824,1536,-2944,-384,525760,18880,,,,,,
182188841970000,63283031901092,72,-5984,1312,-2528,-1088,526976,18688,,,,,,
182188842952500,63283032901550,73,-5312,832,-2016,-640,527040,20224,,,,,,
182188843947200,63283033902383,74,-5312,1696,-2400,1216,526272,19264,,,,,,
182188844955500,63283034901383,75,-5408,1056,-2272,1472,525696,17792,,,,,,
182188845947300,63283035900717,76,-5632,640,-2176,-448,525696,20672,,,,,,
182188846945700,63283036903217,77,-5504,1088,-2368,-576,525312,19584,,,,,,
182188848084200,63283037902675,78,-5344,1376,-2336,-768,526400,16832,,,,,,
182188848973700,63283038901425,79,-5056,1024,-2432,960,526976,19584,,,,,,
182188850103000,63283039899925,80,-5216,1056,-2240,-1664,526592,15936,,,,,,
182188851082900,63283040902592,81,-5184,1504,-2336,1856,525312,19968,,,,,,
182188851952100,63283041906758,82,-5248,1312,-2464,0,525312,19968,,,,,,
182188853082800,63283042904675,83,-5504,1696,-2368,-1216,526784,17664,,,,,,
182188853955600,63283043902717,84,-5344,1696,-2464,1024,526976,17408,,,,,,
182188854956000,63283044903842,85,-4800,960,-2144,64,526336,19264,,,,,,
182188856004300,63283045900258,86,-5760,1408,-2336,-1728,524672,17024,,,,,,
182188856956300,63283046904175,87,-5536,1024,-2592,1600,526208,18304,,,,,,
182188857964700,63283047902967,88,-5600,1664,-2464,-192,524544,18304,,,,,,
182188859073600,63283048907633,89,-4384,1280,-1984,0,526080,19712,,,,,,
182188860072200,63283049903550,90,-5664,1856,-2464,768,526080,20480,,,,,,
182188861069200,63283050904967,91,-4928,1216,-2592,896,527360,18304,,,,,,
182188861947400,63283051900383,92,-5216,1408,-1888,128,525824,19520,,,,,,
182188862954500,63283052901842,93,-5312,1408,-2464,0,527680,18496,,,,,,
182188863948800,63283053901967,94,-4960,2112,-2752,1088,525632,17600,,,,,,
182188864971800,63283054905217,95,-4800,1248,-2176,768,524992,18624,,,,,,
182188865977800,63283055901133,96,-5440,1408,-2336,128,524608,17664,,,,,,
182188866998500,63283056899175,97,-4928,1312,-1888,-128,526144,18560,,,,,,
182188867959300,63283057898467,98,-4864,896,-2528,-512,524032,19264,,,,,,
182188868954400,63283058898633,99,-4736,928,-2432,-768,525824,19008,,,,,,
182188869944300,63283059898092,100,-4704,1248,-2368,-64,523584,20672,,,,,,
182188870942200,63283060898092,101,-5408,1760,-2944,320,524160,17856,,,,,,
182188871943800,63283061898258,102,-4480,928,-1952,64,526208,19200,,,,,,
182188872953000,63283062897758,103,-5056,960,-2400,-1472,524736,19072,,,,,,
182188873947700,63283063898300,104,-4576,928,-2144,1856,525120,16768,,,,,,
182188874950500,63283064898008,105,-4320,1216,-2752,-768,524800,16448,,,,,,
182188875953700,63283065898217,106,-4736,1120,-2400,768,522752,19520,,,,,,
182188876951800,63283066898133,107,-4320,1344,-1920,-1536,524864,19136,,,,,,
182188877945500,63283067898092,108,-4832,1408,-2208,-192,524032,19776,,,,,,
182188878940100,63283068898217,109,-4096,1280,-1920,-1088,525504,16768,,,,,,
182188879947000,63283069898258,110,-4608,1600,-2336,-1152,525888,17984,,,,,,
182188880947700,63283070902592,111,-4960,1568,-2240,1280,524544,19584,,,,,,
182188881963400,63283071898092,112,-4544,928,-1760,-832,526144,19392,,,,,,
182188882952200,63283072898300,113,-4800,1408,-2336,-640,525056,18816,,,,,,
182188883952200,63283073898217,114,-4224,1664,-2432,64,524992,17280,,,,,,
182188884962300,63283074898050,115,-4992,992,-2272,-448,523520,17280,,,,,,
182188885951600,63283075898175,116,-4928,1344,-2624,192,523648,18560,,,,,,
182188886937500,63283076898300,117,-4448,896,-2496,-1344,523840,18176,,,,,,
182188887939300,63283077898092,118,-4032,1408,-2624,1664,523200,15680,,,,,,
182188888944300,63283078898050,119,-4704,1600,-2176,-1984,523776,16512,,,,,,
182188889959000,63283079898217,120,-5056,1856,-2976,1088,523904,18176,,,,,,
182188890959300,63283080898133,121,-3904,992,-2176,448,523520,18688,,,,,,
182188892329400,63283081898050,122,-4544,1344,-2656,1472,523584,18752,,,,,,
182188892955300,63283082899217,123,-4512,1184,-2752,512,525184,17344,,,,,,
182188893952900,63283083898092,124,-4672,1056,-2560,1920,524992,17152,,,,,,
182188894948500,63283084898133,125,-4256,1088,-1888,2176,524608,19968,,,,,,
182188895949200,63283085898050,126,-4704,1088,-2112,448,523200,17920,,,,,,
182188896954900,63283086898258,127,-4288,1472,-2112,192,525312,17216,,,,,,
182188897957400,63283087898675,128,-4224,1376,-1856,256,524032,17472,,,,,,
182188898976200,63283088899592,129,-4736,1120,-2112,1088,522752,19904,,,,,,
182188899955300,63283089897967,130,-4192,1280,-2240,832,524672,19648,,,,,,
182188900956100,63283090898342,131,-4320,1504,-2592,-960,524928,19968,,,,,,
182188901950400,63283091898133,132,-4192,1408,-2400,384,526080,16704,,,,,,
182188902946500,63283092898758,133,-4000,1344,-1984,-768,524672,18048,,,,,,
182188903963900,63283093898092,134,-4160,1472,-2720,-320,524160,19328,,,,,,
182188904954000,63283094899550,135,-3936,1536,-1920,-704,523712,17728,,,,,,
182188905958600,63283095898175,136,-3552,1344,-2016,1216,526016,17856,,,,,,
182188906951800,63283096898133,137,-4864,1440,-2624,896,525312,17792,,,,,,
182188907959300,63283097898675,138,-3840,1472,-2432,1152,522944,19456,,,,,,
182188908948900,63283098898217,139,-3872,1408,-2496,1792,524992,20672,,,,,,
182188909948100,63283099898092,140,-3904,1152,-2752,448,524288,17792,,,,,,
182188910948900,63283100898092,141,-3680,992,-2592,-1472,524352,18752,,,,,,
182188911955200,63283101898175,142,-5024,1344,-3136,-768,524288,17472,,,,,,
182188912946200,63283102898133,143,-4032,1888,-2176,-256,523456,15872,,,,,,
182188913949700,63283103898592,144,-5184,1216,-2176,832,521984,17920,,,,,,
182188914956100,63283104897842,145,-3744,1344,-2720,896,522816,20224,,,,,,
182188915949500,63283105899258,146,-3936,1568,-3008,1664,525760,18176,,,,,,
182188916963600,63283106899508,147,-4704,1408,-2432,448,524160,19520,,,,,,
182188917951800,63283107898050,148,-3520,960,-2272,832,523648,19712,,,,,,
182188918956400,63283108898800,149,-3776,1088,-2240,1344,524992,18048,,,,,,
182188919951600,63283109901675,150,-3840,1120,-2304,576,524608,18624,,,,,,
182188920945700,63283110899758,151,-4544,1376,-2368,768,524160,19712,,,,,,
182188921968500,63283111897967,152,-4096,1536,-2752,-1344,523968,18496,,,,,,
182188922951100,63283112898300,153,-4160,1088,-2656,3072,525504,17920,,,,,,
182188923949900,63283113898092,154,-4736,1152,-2848,-128,525504,18752,,,,,,
182188924958200,63283114898050,155,-3840,1056,-2176,-64,523712,19712,,,,,,
182188925940000,63283115899717,156,-4320,1632,-2656,-512,524416,16256,,,,,,
182188926945100,63283116898133,157,-4128,1568,-2976,-960,524416,17152,,,,,,
182188927950200,63283117899175,158,-4960,1408,-2784,1408,525312,20864,,,,,,
182188928969300,63283118899883,159,-3648,1376,-1696,1472,524352,18688,,,,,,
182188929950800,63283119899425,160,-4768,1376,-2496,-192,523520,18752,,,,,,
182188930962400,63283120898133,161,-3872,928,-2112,-384,524928,18176,,,,,,
182188931947400,63283121897967,162,-4352,1408,-1920,-448,525248,19968,,,,,,
182188932950200,63283122898300,163,-4064,864,-1984,128,525248,19072,,,,,,
182188933949100,63283123899592,164,-4320,1248,-1856,1088,525056,17600,,,,,,
182188934952000,63283124898092,165,-4256,1344,-2080,2176,526016,18176,,,,,,
182188935956000,63283125898008,166,-4864,1120,-2176,832,525248,19584,,,,,,
182188936953200,63283126898092,167,-4864,1504,-2368,704,526144,21376,,,,,,
182188938291700,63283127898175,168,-4288,1536,-2848,704,526848,17984,,,,,,
182188938951500,63283128898175,169,-4576,1728,-2880,1152,525696,18944,,,,,,
182188939959800,63283129897925,170,-4544,1472,-1984,2048,525632,18176,,,,,,
182188940965000,63283130900175,171,-5344,1184,-2560,960,523840,16896,,,,,,
182188941955500,63283131898175,172,-4640,1280,-2560,-640,524608,19008,,,,,,
182188942951100,63283132898133,173,-5216,1216,-2208,0,526464,18944,,,,,,
182188943950500,63283133898050,174,-4736,1504,-2624,640,526272,17792,,,,,,
182188944952700,63283134898717,175,-5216,1344,-1920,-384,525952,19968,,,,,,
182188945960400,63283135898258,176,-5184,1440,-2432,-1408,525824,18880,,,,,,
182188946945100,63283136897925,177,-5440,1440,-2944,832,527808,17088,,,,,,
182188947967000,63283137898175,178,-4736,1024,-2208,1536,527168,19200,,,,,,
182188948972600,63283138898633,179,-4864,768,-2464,1344,528192,15936,,,,,,
182188949953900,63283139898883,180,-4736,1120,-2528,1792,526400,20160,,,,,,
182188950950500,63283140901092,181,-4864,1312,-3072,-448,527616,17920,,,,,,
182188951968300,63283141898175,182,-4960,1408,-2400,1536,526656,20416,,,,,,
182188952957500,63283142898175,183,-5312,1440,-2496,768,526720,17536,,,,,,
182188953953100,63283143897967,184,-4960,1568,-1824,704,526976,18560,,,,,,
182188954949800,63283144898092,185,-5056,1312,-3008,-1152,528192,19840,,,,,,
182188955957800,63283145898175,186,-5088,1024,-2720,1152,525632,20224,,,,,,
182188956949900,63283146898050,187,-5376,1312,-2464,768,526400,18240,,,,,,
182188957953400,63283147898008,188,-5152,1600,-3040,2816,528000,19328,,,,,,
182188958955300,63283148898133,189,-5184,1728,-2208,448,525952,17408,,,,,,
182188959966900,63283149898258,190,-5376,1600,-2208,896,527488,19072,,,,,,
182188960941800,63283150898092,191,-5920,1216,-3104,-1280,525632,17664,,,,,,
182188961939800,63283151898008,192,-5408,1216,-2240,1856,527424,19968,,,,,,
182188962951600,63283152898300,193,-4992,1280,-1888,-576,529088,20480,,,,,,
182188963948700,63283153898092,194,-5216,1056,-2560,-1280,526912,18816,,,,,,
182188964949800,63283154898175,195,-5440,960,-1920,640,526848,18560,,,,,,
182188965957900,63283155897925,196,-4832,1376,-2304,640,526400,16704,,,,,,
182188966959300,63283156898175,197,-5792,1152,-2464,1920,527744,18624,,,,,,
182188967950300,63283157898258,198,-5408,1600,-2240,-1216,526720,19456,,,,,,
182188968945000,63283158898092,199,-5344,1248,-2624,1472,526592,18624,,,,,,
182188969945800,63283159898342,200,-5280,1056,-2464,1792,526656,17792,,,,,,
182188970942500,63283160898092,201,-5312,1472,-2720,896,525952,19392,,,,,,
182188971944000,63283161899133,202,-5696,1504,-2944,1728,526528,16448,,,,,,
182188972947700,63283162898092,203,-4992,1248,-2080,-768,525760,17152,,,,,,
182188973966100,63283163898217,204,-5472,896,-2656,-576,526208,19136,,,,,,
182188974966900,63283164898092,205,-5280,1760,-2272,-1088,526336,17408,,,,,,
182188975951700,63283165897925,206,-5312,1344,-2240,-1216,525056,18560,,,,,,
182188976943700,63283166898300,207,-5312,512,-2176,1856,526720,16832,,,,,,
182188977944500,63283167898342,208,-5120,1248,-2112,640,526592,19584,,,,,,
182188978948700,63283168901258,209,-4896,1632,-2272,576,525504,17408,,,,,,
182188979958500,63283169898050,210,-5152,1280,-2752,-320,527488,18496,,,,,,
182188980950100,63283170898425,211,-4992,1440,-1888,-1536,527168,19392,,,,,,
182188981945700,63283171899092,212,-5248,1216,-2624,1472,525504,19072,,,,,,
182188982951200,63283172898092,213,-5216,1536,-2144,576,525760,15680,,,,,,
182188983949000,63283173897883,214,-5184,1184,-2176,832,525376,17600,,,,,,
182188984955500,63283174898300,215,-4608,1120,-2656,1408,526400,17216,,,,,,
182188985955000,63283175898092,216,-5344,1344,-2080,-128,526272,18816,,,,,,
182188986980800,63283176899508,217,-5536,1472,-1984,64,525312,19968,,,,,,
182188987962700,63283177899717,218,-4544,1376,-2400,384,525952,18176,,,,,,
182188988946400,63283178899008,219,-5280,1024,-2432,1088,526400,16832,,,,,,
182188989948500,63283179898092,220,-4960,896,-1984,-704,526272,18560,,,,,,
182188990960300,63283180899425,221,-5600,1248,-2496,192,525184,18880,,,,,,
182188991947500,63283181898508,222,-4896,1472,-1792,1088,525312,18560,,,,,,
182188992946100,63283182898092,223,-5056,1408,-2464,-896,525888,18368,,,,,,
182188993955100,63283183897758,224,-4800,1152,-1792,576,525056,18240,,,,,,
182188994956100,63283184898342,225,-5408,1472,-3136,320,525440,17856,,,,,,
182188995955900,63283185898050,226,-5408,1792,-2144,-256,526656,16704,,,,,,
182188996954500,63283186898175,227,-4832,1568,-2080,896,526272,20544,,,,,,
182188997956200,63283187898175,228,-5120,1920,-2784,1600,526016,18176,,,,,,
182188998957600,63283188898217,229,-5120,1504,-2368,-1088,525696,17984,,,,,,
182188999961400,63283189900425,230,-5344,1344,-2464,2240,527168,18624,,,,,,
182189000947500,63283190901258,231,-5056,1056,-2304,-384,524160,20416,,,,,,
182189001955600,63283191898008,232,-4576,1152,-2272,-256,525120,19200,,,,,,
182189002955400,63283192898217,233,-4928,1504,-2688,-1088,525440,20096,,,,,,
182189003958700,63283193898217,234,-4928,1376,-2400,128,524800,17984,,,,,,
182189004958600,63283194898342,235,-4608,896,-2336,-1600,525184,18624,,,,,,
182189005957600,63283195899300,236,-4736,736,-2752,64,525248,18112,,,,,,
182189006960500,63283196898133,237,-4928,1056,-2464,192,525120,17664,,,,,,
182189007975500,63283197898050,238,-4512,1472,-2336,0,526464,18176,,,,,,
182189008959100,63283198898008,239,-5056,1568,-2624,2048,526016,19072,,,,,,
182189009956900,63283199898175,240,-4256,1248,-1440,-640,526400,21888,,,,,,
182189010958500,63283200898634,241,-4832,1248,-2208,2880,525824,18624,,,,,,
182189011960500,63283201898759,242,-4800,1408,-1984,-1728,525312,18496,,,,,,
182189012959200,63283202897925,243,-4928,1344,-2464,-1536,524160,20416,,,,,,
182189013960600,63283203898092,244,-4640,1536,-2560,-768,525632,18624,,,,,,
182189014960000,63283204897925,245,-4960,960,-2432,2560,524864,20160,,,,,,
182189015949300,63283205897884,246,-4672,992,-2656,-2368,525952,20032,,,,,,
182189016967000,63283206898300,247,-4480,992,-2080,768,526272,17600,,,,,,
182189017952100,63283207898175,248,-4288,864,-1568,640,524032,21952,,,,,,
182189018956800,63283208898009,249,-4736,928,-2464,256,524480,18752,,,,,,
182189019958300,63283209898134,250,-4608,1344,-1728,1088,524480,21568,,,,,,
182189020960800,63283210898134,251,-4768,1568,-2432,-896,524992,18368,,,,,,
182189021957200,63283211898342,252,-5056,1504,-2336,256,524032,19328,,,,,,
182189022946200,63283212898009,253,-4736,1024,-2688,-1152,524928,19008,,,,,,
182189023952900,63283213898300,254,-4448,832,-1952,1472,523264,20032,,,,,,
182189024969700,63283214898134,255,-4288,1344,-2848,0,524480,19776,,,,,,
182189025957700,63283215899092,0,-4832,1376,-3040,576,523840,17216,,,,,,
182189026957600,63283216898092,1,-5056,1440,-2496,0,525120,18496,,,,,,
182189027959600,63283217898259,2,-4224,1728,-2208,-704,525888,18816,,,,,,
182189028961100,63283218898134,3,-4896,800,-2112,320,524672,18560,,,,,,
182189029959100,63283219898050,4,-5056,1600,-3200,640,523200,21632,,,,,,
182189030961100,63283220897592,5,-4896,1408,-1760,-576,524416,19136,,,,,,
182189032165000,63283221898259,6,-4512,1088,-2272,3008,524608,18176,,,,,,
182189032967900,63283222897967,7,-4832,1376,-2720,1600,524352,18240,,,,,,
182189033963600,63283223898300,8,-4960,1312,-2912,-1600,523776,19200,,,,,,
182189034959800,63283224898217,9,-4704,1120,-2208,1088,523648,18496,,,,,,
182189035960600,63283225898592,10,-4768,1472,-2752,768,524928,20672,,,,,,
182189036958400,63283226898092,11,-4576,1536,-2336,-576,524928,17600,,,,,,
182189037961300,63283227897842,12,-4800,1248,-2240,1280,523904,17856,,,,,,
182189038960500,63283228898092,13,-4640,1504,-3168,2112,523648,18368,,,,,,
182189039953100,63283229898134,14,-4128,992,-2304,384,524096,16960,,,,,,
182189040974400,63283230899467,15,-4352,1312,-2560,512,523712,19328,,,,,,
182189041969600,63283231898884,16,-4480,832,-2144,-832,524736,16768,,,,,,
182189042958000,63283232898175,17,-4928,1184,-2208,-1408,526080,20928,,,,,,
182189043957600,63283233898175,18,-4384,1184,-2528,128,524544,18688,,,,,,
182189044962700,63283234897967,19,-4672,1216,-2016,-640,524928,18624,,,,,,
182189045963100,63283235898259,20,-4480,928,-2688,1216,523328,19776,,,,,,
182189046959700,63283236898259,21,-4064,1280,-2656,0,523840,18624,,,,,,
182189047966000,63283237898009,22,-4864,1856,-3232,704,524224,18496,,,,,,
182189048950600,63283238898092,23,-4448,832,-2208,-1408,524736,16448,,,,,,
182189049967600,63283239898175,24,-4608,1344,-2560,-1088,524288,18304,,,,,,
182189050959500,63283240898925,25,-4416,1568,-3008,1216,524416,20800,,,,,,
182189051953600,63283241898175,26,-4672,1760,-2560,1792,525824,18496,,,,,,
182189052960500,63283242899300,27,-4384,1120,-2592,2560,524736,19584,,,,,,
182189053959600,63283243898259,28,-4640,832,-2464,-704,525120,18112,,,,,,
182189054962600,63283244898050,29,-4352,1088,-2848,-1728,525056,19904,,,,,,
182189055951800,63283245898050,30,-4480,1792,-2080,1600,525440,17984,,,,,,
182189056966600,63283246898175,31,-4512,1632,-2208,1024,523712,20352,,,,,,
182189057972900,63283247898050,32,-4704,1216,-2144,192,526016,17344,,,,,,
182189058961200,63283248898092,33,-4352,992,-2912,-768,526080,18944,,,,,,
182189059976500,63283249897884,34,-4448,1600,-2368,640,525248,18304,,,,,,
182189060960600,63283250898217,35,-4192,1312,-2688,1344,525440,19712,,,,,,
182189061956900,63283251898092,36,-4224,960,-2016,128,524800,16128,,,,,,
182189062964400,63283252898259,37,-4544,1312,-2592,128,525824,17344,,,,,,
182189063961700,63283253898425,38,-3712,928,-2176,2240,526592,19264,,,,,,
182189064953800,63283254898175,39,-4608,1344,-2560,1600,524544,21376,,,,,,
182189065955800,63283255898050,40,-4320,1248,-2752,320,525568,19264,,,,,,
182189066974600,63283256898134,41,-4224,1504,-2368,512,526272,16384,,,,,,
182189067961600,63283257900550,42,-4256,1088,-2240,1728,525696,19136,,,,,,
182189068960200,63283258898259,43,-4768,1472,-3104,-128,524736,16896,,,,,,
182189069959100,63283259897884,44,-4512,1472,-2144,1088,524480,16768,,,,,,
182189070961500,63283260898050,45,-4608,1216,-2656,-64,524800,17344,,,,,,
182189071963600,63283261898092,46,-4960,832,-2592,320,526016,17984,,,,,,
182189072957600,63283262898134,47,-4608,1344,-2400,-64,525120,18944,,,,,,
182189073955300,63283263898092,48,-4544,768,-2336,384,523968,18368,,,,,,
182189074971600,63283264898175,49,-4000,1248,-2304,-448,527232,17792,,,,,,
182189075959100,63283265898134,50,-4512,1376,-2272,128,526208,19200,,,,,,
182189076953200,63283266898050,51,-4640,1088,-2304,192,525568,18752,,,,,,
182189077953000,63283267897925,52,-4480,1056,-2464,-128,526592,20288,,,,,,
182189078956400,63283268898134,53,-4288,1184,-1632,768,523904,18112,,,,,,
182189079958300,63283269898092,54,-4448,1312,-2816,704,524288,17792,,,,,,
182189080963700,63283270898009,55,-4832,1248,-3200,-2048,525248,21568,,,,,,
182189081969500,63283271898050,56,-4416,768,-2304,256,524160,18688,,,,,,
182189082972700,63283272898259,57,-4480,1376,-2912,384,524288,18432,,,,,,
182189083956500,63283273898300,58,-4032,736,-2208,-256,524992,19200,,,,,,
182189084954700,63283274898050,59,-3808,960,-2336,832,526400,17792,,,,,,
182189085955700,63283275898342,60,-4384,1120,-2656,1088,525120,21184,,,,,,
182189086959700,63283276899134,61,-4352,1024,-2208,128,523584,19840,,,,,,
182189087958000,63283277899300,62,-4384,1088,-2432,-832,527552,20096,,,,,,
182189088957900,63283278898009,63,-4864,1344,-2752,384,526784,19840,,,,,,
182189089949700,63283279898175,64,-3520,1152,-1504,-512,524608,18368,,,,,,
182189090963500,63283280898175,65,-4288,1792,-2336,192,524352,19904,,,,,,
182189091953100,63283281898092,66,-4192,1376,-2784,768,526400,15744,,,,,,
182189092962500,63283282898384,67,-4864,992,-2144,-448,525696,18048,,,,,,
182189093955300,63283283898217,68,-4416,1408,-2176,1856,524992,20992,,,,,,
182189094953800,63283284898050,69,-4352,1440,-2080,896,526464,18496,,,,,,
182189095958700,63283285898134,70,-4576,1248,-2720,1344,526528,17664,,,,,,
182189096958400,63283286898134,71,-4544,576,-2240,960,525696,17984,,,,,,
182189097954300,63283287898134,72,-4352,1536,-2208,640,525888,18560,,,,,,
182189098966300,63283288898550,73,-4800,864,-2240,704,526336,19584,,,,,,
182189099960800,63283289900175,74,-4224,1408,-2080,1344,525696,17792,,,,,,
182189100952800,63283290901092,75,-4704,1536,-2784,1664,526080,20672,,,,,,
182189101955800,63283291898050,76,-4896,864,-2272,1472,526592,20288,,,,,,
182189102957400,63283292898134,77,-4896,1888,-2624,64,525824,20224,,,,,,
182189103957900,63283293898175,78,-4576,1280,-2176,448,526720,17728,,,,,,
182189104958700,63283294898175,79,-4000,1024,-1856,-1728,525952,17472,,,,,,
182189105960600,63283295898050,80,-4768,1376,-2400,1280,525824,19328,,,,,,
182189106969300,63283296898050,81,-5312,1440,-2528,-704,524608,17280,,,,,,
182189107977500,63283297898259,82,-4576,1408,-2560,128,526016,20032,,,,,,
182189108958400,63283298899425,83,-5056,1152,-2560,704,525824,19456,,,,,,
182189109955400,63283299898050,84,-4640,1312,-2624,128,525248,17920,,,,,,
182189110954800,63283300899009,85,-4736,1632,-2720,-1600,526208,16832,,,,,,
182189111957900,63283301898342,86,-4544,960,-2016,1408,525632,16768,,,,,,
182189112952000,63283302898134,87,-4800,1312,-2016,-832,525824,18624,,,,,,
182189113957000,63283303898092,88,-5280,1376,-3136,-960,524736,18880,,,,,,
182189114954900,63283304898259,89,-5280,992,-2624,-704,526272,17920,,,,,,
182189115964900,63283305898217,90,-5632,1632,-2816,512,526720,18752,,,,,,
182189116960000,63283306898134,91,-4512,1184,-1696,-1088,527808,19840,,,,,,
182189117951100,63283307899384,92,-5312,1376,-2496,512,525824,19648,,,,,,
182189118956600,63283308898217,93,-5024,1408,-2592,-448,526272,19584,,,,,,
182189119957500,63283309899092,94,-4768,1408,-1856,1792,527104,18368,,,,,,
182189120956000,63283310898050,95,-4928,1536,-2592,-1088,525760,18048,,,,,,
182189121958400,63283311898217,96,-5216,1568,-3008,832,526016,17216,,,,,,
182189122956600,63283312898384,97,-4992,1312,-2176,1280,525696,16704,,,,,,
182189123974500,63283313899467,98,-5312,1344,-2464,768,525568,17024,,,,,,
182189124961300,63283314898050,99,-5280,1504,-2464,1408,526080,20928,,,,,,
182189125957500,63283315898092,100,-4992,1312,-2240,512,526592,18496,,,,,,
182189126953000,63283316898175,101,-5184,1920,-2592,1728,526208,15936,,,,,,
182189127958100,63283317898092,102,-5504,1664,-2080,-1536,525888,18624,,,,,,
182189128955900,63283318897925,103,-4928,1824,-2720,-384,527168,18560,,,,,,
182189129960000,63283319901092,104,-4832,960,-2304,896,526336,19136,,,,,,
182189130951200,63283320898092,105,-5376,1536,-1920,512,525632,19776,,,,,,
182189131948600,63283321898717,106,-5600,1376,-2336,448,526016,18880,,,,,,
182189132950600,63283322898175,107,-4896,896,-2368,-256,525504,17728,,,,,,
182189133949500,63283323898092,108,-4416,1344,-1696,0,526016,18240,,,,,,
182189134947100,63283324898925,109,-5440,1504,-2400,1344,526080,16768,,,,,,
182189135946800,63283325897925,110,-5312,1408,-2048,640,526016,19712,,,,,,
182189136952600,63283326898217,111,-4672,800,-2144,256,525376,21504,,,,,,
182189137956700,63283327898050,112,-5504,1152,-2336,-64,525952,21056,,,,,,
182189138958500,63283328898009,113,-5664,1600,-2688,192,526592,17152,,,,,,
182189139951700,63283329898009,114,-5120,1024,-2528,-768,526080,18432,,,,,,
182189140972900,63283330898884,115,-4928,1376,-2272,1088,525568,22912,,,,,,
182189141951900,63283331898134,116,-6144,1504,-2496,0,525440,19264,,,,,,
182189142951800,63283332898050,117,-5120,960,-2080,-128,525888,20288,,,,,,
182189143958600,63283333898009,118,-5120,1472,-2464,-1024,524928,17728,,,,,,
182189144958900,63283334898134,119,-4640,1248,-2336,-2240,527104,18816,,,,,,
182189145955800,63283335898092,120,-5024,1152,-1696,1344,527744,17280,,,,,,
182189146956200,63283336898092,121,-5600,1280,-2688,64,526848,19904,,,,,,
182189147946400,63283337898217,122,-4928,1504,-3040,768,526080,17536,,,,,,
182189148976000,63283338898175,123,-4672,1184,-2176,-1408,524416,20992,,,,,,
182189149957100,63283339898092,124,-5088,1152,-2208,896,525184,16896,,,,,,
182189150954100,63283340898300,125,-5664,1440,-2560,256,524864,19520,,,,,,
182189151959100,63283341897800,126,-5600,1440,-2432,576,526016,20288,,,,,,
182189152956400,63283342898592,127,-5184,960,-2144,1792,526464,20800,,,,,,
182189153954900,63283343898050,128,-5216,1472,-1760,-320,525056,18496,,,,,,
182189154956100,63283344898175,129,-5152,1504,-2368,704,526144,20288,,,,,,
182189155955200,63283345897967,130,-5248,1120,-2432,1984,525312,17856,,,,,,
182189156980700,63283346897800,131,-5088,1120,-2816,896,525120,16384,,,,,,
182189157972600,63283347897925,132,-4736,992,-1824,-192,525888,20864,,,,,,
182189158968900,63283348898009,133,-4960,896,-2208,832,524288,19776,,,,,,
182189159952700,63283349898092,134,-5696,1760,-2144,1792,525440,18304,,,,,,
182189160954900,63283350897925,135,-4352,1344,-1664,1536,525376,19520,,,,,,
182189161957500,63283351898175,136,-5440,1216,-2528,448,526272,17088,,,,,,
182189162957300,63283352898050,137,-4992,1600,-2848,-64,524160,19392,,,,,,
182189163955000,63283353898009,138,-4704,1216,-2656,960,524608,19008,,,,,,
182189164968800,63283354899092,139,-5312,1184,-2112,-128,523776,17664,,,,,,
182189165971600,63283355898134,140,-4864,1504,-2592,1600,525824,16960,,,,,,
182189166961000,63283356898217,141,-5664,1472,-2368,448,524864,17600,,,,,,
182189167950300,63283357898842,142,-4896,1440,-2400,256,525760,19200,,,,,,
182189168954500,63283358898134,143,-4288,1248,-2176,2560,525312,19136,,,,,,
182189169956000,63283359898550,144,-5216,1440,-2464,576,525120,18368,,,,,,
182189170958900,63283360901509,145,-5152,1600,-2464,64,524672,20416,,,,,,
182189171957500,63283361897967,146,-4960,1312,-2144,1728,525696,18816,,,,,,
182189172958900,63283362898175,147,-5152,1216,-2016,512,525824,21312,,,,,,
182189173947900,63283363898884,148,-4832,832,-2944,1472,526784,20224,,,,,,
182189174957700,63283364898134,149,-4576,1216,-2112,-640,526336,18624,,,,,,
182189175947400,63283365898050,150,-4864,992,-2368,1472,524480,17408,,,,,,
182189176951800,63283366898217,151,-5184,1568,-3168,128,526400,18112,,,,,,
182189177956100,63283367898009,152,-4384,1984,-3008,512,523712,16704,,,,,,
182189178957200,63283368898050,153,-5248,1344,-2176,576,525120,17792,,,,,,
182189179958000,63283369898134,154,-4512,992,-1728,-64,526336,19584,,,,,,
182189180951900,63283370899675,155,-4896,1216,-2592,-576,525120,18560,,,,,,
182189181976800,63283371898717,156,-4352,1088,-1856,2112,524352,17792,,,,,,
182189182967000,63283372897967,157,-4416,960,-1952,384,524480,20160,,,,,,
182189183945600,63283373898259,158,-5248,1152,-2816,-1024,525760,18752,,,,,,
182189184942300,63283374898134,159,-4480,1280,-2176,-64,525120,19520,,,,,,
182189185959100,63283375897884,160,-4480,1152,-2528,-384,526272,20416,,,,,,
182189186960700,63283376898009,161,-4928,1376,-2208,512,524544,19584,,,,,,
182189187958400,63283377898175,162,-4832,1536,-2560,1600,523456,20032,,,,,,
182189188955000,63283378898050,163,-4288,1600,-2464,-640,525760,19200,,,,,,
182189189953100,63283379897925,164,-4608,1504,-2784,704,524352,19136,,,,,,
182189190964900,63283380898175,165,-4256,1536,-2112,960,525568,18624,,,,,,
182189192014800,63283381898175,166,-4768,1216,-2400,2688,524928,21120,,,,,,
182189192953800,63283382897967,167,-4160,928,-2144,832,523648,21952,,,,,,
182189193955400,63283383898092,168,-4416,1664,-2272,-192,522944,19072,,,,,,
182189194954600,63283384899550,169,-3872,1152,-2240,1152,524672,16960,,,,,,
182189195956600,63283385898092,170,-4384,1280,-2112,-448,524352,17344,,,,,,
182189196958900,63283386898009,171,-4672,1568,-2592,256,524352,18944,,,,,,
182189197952200,63283387897884,172,-3968,1408,-2464,384,525056,19584,,,,,,
182189198971600,63283388898092,173,-3936,1248,-1952,-128,525632,15680,,,,,,
182189199972200,63283389897967,174,-4320,1440,-2208,1152,525056,20032,,,,,,
182189200959100,63283390898884,175,-4128,1568,-1792,-320,523200,19456,,,,,,
182189201954500,63283391898300,176,-4128,1184,-2240,320,523840,16768,,,,,,
182189202955100,63283392898050,177,-4416,1152,-2528,-192,524800,17536,,,,,,
182189203958400,63283393898134,178,-3872,1152,-3136,1920,524544,20928,,,,,,
182189204957500,63283394897925,179,-4256,1088,-2720,1088,523904,18176,,,,,,
182189206040500,63283395897800,180,-4352,1344,-2368,384,525504,18880,,,,,,
182189206984700,63283396898134,181,-4448,1024,-1856,1600,524928,19328,,,,,,
182189207965700,63283397897967,182,-4448,1184,-3072,-128,524736,19328,,,,,,
182189208958400,63283398897967,183,-4160,1376,-2496,-640,523968,19520,,,,,,
182189209957700,63283399898217,184,-4000,672,-1856,320,522688,17216,,,,,,
182189210957700,63283400898175,185,-3904,864,-2592,960,524096,20416,,,,,,
182189211958500,63283401898050,186,-4256,1376,-3232,-256,523200,19840,,,,,,
182189212956200,63283402898175,187,-4352,864,-2272,832,524864,19776,,,,,,
182189213958100,63283403898134,188,-3872,1376,-2176,960,525696,19904,,,,,,
182189214964900,63283404897884,189,-4544,1184,-2560,-768,523648,20160,,,,,,
182189215970800,63283405897925,190,-4256,1216,-2272,-512,526272,18880,,,,,,
182189216953600,63283406898175,191,-4448,1536,-2528,-320,524160,16000,,,,,,
182189217954400,63283407898759,192,-3936,1120,-2208,384,523584,16128,,,,,,
182189218958000,63283408899509,193,-4032,1664,-2720,1280,523968,18496,,,,,,
182189219958300,63283409898717,194,-4288,1472,-2688,1280,524992,18624,,,,,,
182189220962600,63283410898092,195,-4000,1632,-2336,832,525440,16896,,,,,,
182189221959100,63283411897967,196,-3936,1504,-2240,1536,524608,19456,,,,,,
182189222951200,63283412897884,197,-4640,1088,-2400,-1216,525888,16064,,,,,,
182189223968300,63283413899634,198,-4064,1184,-2656,-192,525120,19520,,,,,,
182189224968800,63283414898217,199,-4864,1472,-2176,-448,524352,17408,,,,,,
182189225956700,63283415898009,200,-3936,1408,-2208,320,524288,18496,,,,,,
182189226954900,63283416898217,201,-4544,1568,-2656,448,524992,19904,,,,,,
182189227960800,63283417898134,202,-4448,1184,-2080,512,525312,16768,,,,,,
182189228956000,63283418898092,203,-4128,1408,-2496,576,523840,16832,,,,,,
182189230082500,63283419902634,204,-4224,1344,-2240,-448,524928,17920,,,,,,
182189230950300,63283420899634,205,-4608,1344,-2432,-704,524928,18688,,,,,,
182189231958400,63283421898134,206,-4640,1280,-2272,1280,525440,18432,,,,,,
182189232972800,63283422901134,207,-4224,1280,-2176,768,524672,18944,,,,,,
182189233942200,63283423898175,208,-4160,1376,-2208,960,523648,17664,,,,,,
182189234948100,63283424898634,209,-4384,1280,-3008,-1344,524032,19328,,,,,,
182189235943200,63283425898092,210,-4640,1472,-1984,-192,523840,21056,,,,,,
182189236958000,63283426897967,211,-4352,1184,-2624,1024,525376,17408,,,,,,
182189237960100,63283427898884,212,-4896,1856,-2048,1856,525376,17664,,,,,,
182189238956100,63283428898134,213,-4096,1088,-2720,-1216,524224,16896,,,,,,
182189239947800,63283429898092,214,-3712,768,-2304,-1408,526848,17664,,,,,,
182189240963400,63283430898092,215,-4192,480,-2592,320,526080,17024,,,,,,
182189241958200,63283431899550,216,-4736,1408,-2624,-640,526784,17856,,,,,,
182189242953900,63283432898092,217,-4224,768,-1952,2688,524992,17664,,,,,,
182189243957400,63283433898050,218,-4544,1344,-3584,-512,526080,21696,,,,,,
182189244960800,63283434897967,219,-4320,1056,-2208,1536,526528,20480,,,,,,
182189245958400,63283435899050,220,-4352,896,-2048,-768,526656,16448,,,,,,
182189246961500,63283436898300,221,-4704,1440,-2304,1536,524608,19008,,,,,,
182189247951500,63283437898009,222,-4800,1568,-2528,576,524928,16832,,,,,,
182189248956500,63283438898342,223,-4544,1696,-2272,-128,525440,19776,,,,,,
182189249969700,63283439898092,224,-4512,1184,-2080,-2688,525376,17344,,,,,,
182189250962800,63283440898092,225,-5248,1280,-2208,-704,525632,18304,,,,,,
182189251948600,63283441897967,226,-4768,1440,-2688,576,525312,21440,,,,,,
182189252969200,63283442898259,227,-4672,1120,-2368,-1024,525248,19456,,,,,,
182189253954300,63283443898175,228,-4864,1440,-2272,-384,524992,17728,,,,,,
182189254954500,63283444897925,229,-4512,1184,-2272,-768,526144,19328,,,,,,
182189255984100,63283445898259,230,-4672,864,-2336,-320,526592,19072,,,,,,
182189256957100,63283446898009,231,-5216,1408,-3360,1728,526656,16512,,,,,,
182189257969700,63283447897634,232,-4832,1248,-2400,-1152,526784,17280,,,,,,
182189258957900,63283448899009,233,-4736,1472,-2816,704,525376,19776,,,,,,
182189259951800,63283449898134,234,-5440,1408,-2752,1280,526784,19136,,,,,,
182189260954300,63283450898175,235,-4672,1152,-2048,-1344,526464,17856,,,,,,
182189261958400,63283451898009,236,-4704,928,-2208,-64,526080,18944,,,,,,
182189262957900,63283452898009,237,-4768,1152,-2624,1536,526016,19584,,,,,,
182189263957600,63283453898217,238,-4128,1248,-2144,1472,527680,18880,,,,,,
182189264950200,63283454898009,239,-4512,1216,-2400,2048,525888,19392,,,,,,
182189265970100,63283455898092,240,-4896,1600,-2816,1216,527424,17088,,,,,,
182189266968400,63283456898300,241,-5440,1184,-2144,0,525824,18816,,,,,,
182189267945500,63283457898384,242,-5248,1472,-2464,-192,525568,18688,,,,,,
182189268956800,63283458898092,243,-4928,1152,-2272,64,527552,18752,,,,,,
182189269955400,63283459897925,244,-5088,1536,-3232,1408,526144,19648,,,,,,
182189270960900,63283460898259,245,-4864,1984,-2720,-640,526528,18624,,,,,,
182189271956500,63283461899134,246,-4480,832,-2432,320,527488,20992,,,,,,
182189272956700,63283462898009,247,-4992,1216,-1920,-1536,527232,19008,,,,,,
182189273954600,63283463897842,248,-4768,992,-2688,512,526272,17920,,,,,,
182189274955700,63283464898134,249,-5376,1536,-2144,1472,526848,16576,,,,,,
182189275950800,63283465898050,250,-5312,1344,-2688,1856,527808,19200,,,,,,
182189276942900,63283466898050,251,-5152,1248,-2720,-960,525632,22784,,,,,,
182189277954700,63283467898384,252,-5664,1536,-2656,576,526208,17408,,,,,,
182189278960400,63283468898009,253,-5536,1536,-3232,-384,526976,20160,,,,,,
182189279956900,63283469897759,254,-5536,1312,-2080,704,526144,18816,,,,,,
182189280984600,63283470897967,255,-5280,1504,-2208,-1472,525248,19840,,,,,,
182189282031400,63283471898050,0,-5568,1280,-2272,1856,526464,17216,,,,,,
182189282973300,63283472898259,1,-5632,1312,-2592,-128,525440,18304,,,,,,
182189283956900,63283473898009,2,-4928,1504,-2272,1472,526272,18944,,,,,,
182189284957100,63283474898884,3,-5408,1216,-1952,-576,526272,17600,,,,,,
182189285962100,63283475898259,4,-5280,1376,-2432,-448,527232,18304,,,,,,
182189286957100,63283476898009,5,-5664,1120,-2496,1024,528000,18496,,,,,,
182189287954100,63283477898050,6,-4800,960,-2016,320,526656,19328,,,,,,
182189288957100,63283478898217,7,-5312,1056,-2720,-320,526016,18240,,,,,,
182189289962700,63283479897800,8,-5248,1376,-2144,384,525184,17280,,,,,,
182189290960900,63283480898175,9,-5376,1088,-2752,1984,525312,18944,,,,,,
182189291958200,63283481897842,10,-5248,1120,-1600,-576,527552,17152,,,,,,
182189292957600,63283482898217,11,-5248,1248,-2528,320,526784,19712,,,,,,
182189293954500,63283483898217,12,-6144,1408,-3008,256,526848,19136,,,,,,
182189294954400,63283484897967,13,-4800,1568,-1824,-192,527552,18816,,,,,,
182189295957100,63283485898384,14,-5344,1280,-2112,1792,526400,18112,,,,,,
182189296957500,63283486898092,15,-5600,1824,-2592,0,527168,20800,,,,,,
182189297949500,63283487898092,16,-5632,1536,-2432,-1280,526464,19712,,,,,,
182189298980600,63283488897925,17,-4992,1376,-2560,320,527232,20736,,,,,,
182189299962400,63283489898425,18,-5088,992,-2080,-896,524864,16256,,,,,,
182189300953200,63283490899675,19,-5312,1504,-2560,960,525568,16960,,,,,,
182189301954400,63283491898009,20,-4864,1152,-2208,192,525632,17664,,,,,,
182189302954100,63283492897967,21,-5056,1120,-1376,-960,526272,19648,,,,,,
182189303960700,63283493898134,22,-4672,1312,-2272,576,526208,18880,,,,,,
182189304957500,63283494898050,23,-4992,1728,-2464,960,526144,19520,,,,,,
182189305954400,63283495898217,24,-5344,1248,-2240,320,523456,16960,,,,,,
182189306958700,63283496899634,25,-5024,1312,-2592,320,524608,19456,,,,,,
182189307975600,63283497898259,26,-5440,1440,-2720,1216,526656,18240,,,,,,
182189308965800,63283498897967,27,-4864,1312,-2560,1152,526848,19840,,,,,,
182189309948600,63283499900384,28,-4704,1152,-1856,64,524672,18688,,,,,,
182189310963900,63283500898175,29,-5056,992,-2368,-704,524544,18240,,,,,,
182189311953800,63283501898259,30,-5024,1568,-2816,64,524544,17728,,,,,,
182189312953700,63283502898134,31,-4992,1600,-2432,1472,524416,17728,,,,,,
182189313957500,63283503897800,32,-4736,1024,-2112,-512,524160,19776,,,,,,
182189314947100,63283504898134,33,-4736,992,-2272,-960,524416,21248,,,,,,
182189315958300,63283505897967,34,-4896,1600,-2944,448,523968,19584,,,,,,
182189316964500,63283506898009,35,-5280,1248,-1760,320,525568,17536,,,,,,
182189317958700,63283507899592,36,-5280,1216,-2112,832,524864,19072,,,,,,
182189318955300,63283508898134,37,-5536,1312,-2592,192,525568,20672,,,,,,
182189319956100,63283509899092,38,-4704,1248,-1984,-1088,525504,19008,,,,,,
182189320955800,63283510897884,39,-4768,928,-1792,960,526208,17664,,,,,,
182189321958000,63283511898175,40,-4704,1472,-2752,-896,526208,20160,,,,,,
182189322952100,63283512898050,41,-5312,1440,-2592,1280,524608,19136,,,,,,
182189323969900,63283513898509,42,-4992,1280,-2656,1024,524032,18880,,,,,,
182189324962100,63283514899675,43,-4800,1600,-2400,-64,522560,17984,,,,,,
182189325964000,63283515898050,44,-4512,1312,-2240,-2944,524480,18368,,,,,,
182189326952500,63283516897925,45,-4576,1024,-2400,960,524480,19392,,,,,,
182189327953900,63283517898009,46,-5312,1568,-2432,2240,523264,21312,,,,,,
182189328955300,63283518898009,47,-5248,1248,-2016,-256,524096,18752,,,,,,
182189329957400,63283519898175,48,-4896,1024,-1600,-1984,524800,20736,,,,,,
182189330956000,63283520905134,49,-4544,1344,-2496,-512,523520,19392,,,,,,
182189331967100,63283521898009,50,-4832,1568,-2912,-832,525056,20096,,,,,,
182189332950900,63283522898092,51,-4640,1184,-2976,960,524544,18368,,,,,,
182189333943500,63283523898092,52,-4704,1376,-3008,192,523712,18880,,,,,,
182189334947300,63283524898009,53,-4512,1664,-2496,-768,523264,18816,,,,,,
182189335943600,63283525898092,54,-4160,1088,-2176,704,525312,20224,,,,,,
182189336955200,63283526898134,55,-4736,1888,-2208,128,522816,17856,,,,,,
182189337957100,63283527899217,56,-4384,1376,-2624,-896,524416,18304,,,,,,
182189338958100,63283528897967,57,-4896,1536,-3168,-832,523776,17600,,,,,,
182189339992600,63283529898175,58,-5024,1472,-2304,-128,523264,19520,,,,,,
182189340962900,63283530898092,59,-4320,1152,-2112,960,523264,20224,,,,,,
182189341966600,63283531899050,60,-4448,1600,-2560,-768,523968,18496,,,,,,
182189342951900,63283532899384,61,-4576,1408,-2368,256,522176,20224,,,,,,
182189343954900,63283533898050,62,-4992,1408,-2528,-640,525888,18304,,,,,,
182189344954300,63283534898009,63,-4672,1088,-1664,320,524864,18496,,,,,,
182189345957200,63283535897925,64,-4672,1536,-2976,384,525376,19456,,,,,,
182189346958200,63283536898217,65,-4608,1152,-2176,-1216,524672,18880,,,,,,
182189347951100,63283537900217,66,-4800,1280,-1824,64,524608,18048,,,,,,
182189348981300,63283538898092,67,-4256,1184,-2464,192,523136,18944,,,,,,
182189349969500,63283539898009,68,-4320,1216,-2656,448,524608,18560,,,,,,
182189350955600,63283540898259,69,-4192,1248,-3200,128,525184,20672,,,,,,
182189351954500,63283541898259,70,-4192,672,-2176,-128,523456,20224,,,,,,
182189352954600,63283542897925,71,-4640,1536,-3264,384,523712,19712,,,,,,
182189353961200,63283543898217,72,-4032,1088,-2464,-704,524288,17600,,,,,,
182189354957600,63283544898134,73,-4416,1344,-2624,1408,524672,19392,,,,,,
182189355951300,63283545898050,74,-4512,1312,-1888,-896,525504,17472,,,,,,
182189356952000,63283546898050,75,-4736,1664,-2720,-896,523904,19968,,,,,,
182189358069400,63283547898134,76,-4576,1440,-3072,896,523136,18176,,,,,,
182189358966100,63283548898009,77,-4096,1152,-1248,-64,524416,16576,,,,,,
182189359955000,63283549898092,78,-4864,1536,-2432,1152,523264,19136,,,,,,
182189360958300,63283550897884,79,-4416,1440,-2752,320,524480,19712,,,,,,
182189361956700,63283551898009,80,-4320,1088,-2336,-1408,524736,18048,,,,,,
182189362958200,63283552898634,81,-4768,832,-1856,320,524224,19328,,,,,,
182189363956000,63283553898550,82,-4672,1344,-1888,-64,523904,18880,,,,,,
182189364977400,63283554898175,83,-3808,992,-2816,2112,525696,19712,,,,,,
182189365990000,63283555898092,84,-4544,1152,-1888,512,525440,19328,,,,,,
182189366975400,63283556898134,85,-4416,1024,-3040,192,524416,20928,,,,,,
182189367958400,63283557897967,86,-4064,1472,-2304,960,525568,17792,,,,,,
182189368953800,63283558898092,87,-4448,1248,-2432,-256,525952,17408,,,,,,
182189369957100,63283559898092,88,-4096,864,-1856,-1280,525056,19840,,,,,,
182189370955300,63283560897967,89,-4992,1472,-2400,-1472,524608,17152,,,,,,
182189371960500,63283561898175,90,-3904,1088,-1920,-384,524288,18560,,,,,,
182189372958500,63283562898092,91,-4416,1472,-2752,1408,525056,19328,,,,,,
182189373968600,63283563898050,92,-4288,1696,-1920,-1344,527232,15936,,,,,,
182189374966800,63283564897967,93,-4416,1856,-2528,256,524160,17344,,,,,,
182189375952100,63283565898134,94,-4992,1024,-2560,512,525376,17216,,,,,,
182189376946300,63283566898050,95,-3968,1152,-2560,448,525568,18560,,,,,,
182189377957200,63283567897967,96,-4480,1536,-2752,128,527424,19136,,,,,,
182189378957400,63283568897925,97,-4768,1408,-2400,-896,526720,17216,,,,,,
182189379956000,63283569898134,98,-4640,1568,-2336,-192,525760,17536,,,,,,
182189380955800,63283570898092,99,-4672,1312,-2528,-1024,525888,18816,,,,,,
182189381969100,63283571897967,100,-4864,1376,-2816,-1728,525504,18944,,,,,,
182189383002900,63283572898175,101,-4832,736,-3360,-128,525056,19840,,,,,,
182189383957700,63283573899675,102,-3872,1376,-2368,-1344,524928,19200,,,,,,
182189384955000,63283574898050,103,-4544,992,-2336,1280,524480,17600,,,,,,
182189385955600,63283575898009,104,-4544,1344,-3360,64,525184,18432,,,,,,
182189386956900,63283576898175,105,-4192,1344,-2048,2240,525632,19264,,,,,,
182189387958200,63283577898134,106,-4288,1376,-3008,-640,524736,17472,,,,,,
182189388958100,63283578897675,107,-4544,1088,-2624,-1216,526080,19584,,,,,,
182189389957500,63283579897925,108,-4960,1408,-2496,-128,525184,19328,,,,,,
182189390968300,63283580899300,109,-4800,1376,-2592,960,525440,17920,,,,,,
182189391958000,63283581898134,110,-4448,1312,-2208,896,526400,15936,,,,,,
182189392967400,63283582897967,111,-4672,1024,-2400,128,525952,19328,,,,,,
182189393960300,63283583898217,112,-4864,1536,-2304,-64,525824,17600,,,,,,
182189394948700,63283584898134,113,-4512,1088,-2336,576,526336,19648,,,,,,
182189395954200,63283585897967,114,-4608,1120,-2400,768,524864,17600,,,,,,
182189396954800,63283586897925,115,-4896,1440,-2496,-1408,524160,16256,,,,,,
182189397956000,63283587898175,116,-4512,1088,-2272,-320,525504,20032,,,,,,
182189398955000,63283588898134,117,-4128,1504,-2400,128,526720,17472,,,,,,
182189400059800,63283589897884,118,-4704,1568,-2656,640,524672,19008,,,,,,
182189400961200,63283590899342,119,-4352,1312,-2560,384,526400,16192,,,,,,
182189401954000,63283591898217,120,-4384,1760,-2432,1280,525952,17728,,,,,,
182189402960400,63283592898050,121,-4800,1120,-2176,-640,525568,19840,,,,,,
182189403954700,63283593898050,122,-5536,1600,-2368,-384,526912,18944,,,,,,
182189404954700,63283594898175,123,-4800,1088,-2432,128,526848,18560,,,,,,
182189406043200,63283595897800,124,-4768,1408,-2592,-832,526464,19264,,,,,,
182189406961300,63283596899550,125,-5184,1312,-2272,192,526272,17792,,,,,,
182189407962100,63283597897925,126,-4512,896,-2624,576,526400,17536,,,,,,
182189408957300,63283598898217,127,-4640,1760,-2976,-576,526912,17984,,,,,,
182189409954500,63283599898050,128,-4544,1120,-2432,-640,526848,17344,,,,,,
182189410954700,63283600899467,129,-4832,1216,-2304,-640,526272,19712,,,,,,
182189411956700,63283601898217,130,-4736,1088,-1664,1984,525440,18944,,,,,,
182189412961600,63283602898134,131,-4768,960,-2752,1664,524352,18176,,,,,,
182189413961000,63283603898050,132,-4768,1056,-2304,1536,525568,18240,,,,,,
182189414962300,63283604898050,133,-4992,704,-2816,-512,527616,16384,,,,,,
182189415959600,63283605899467,134,-4768,1248,-2048,1024,526336,21440,,,,,,
182189416959000,63283606898217,135,-4896,992,-2432,1600,527744,18240,,,,,,
182189417952100,63283607898092,136,-4832,1216,-2368,896,526464,18944,,,,,,
182189418954500,63283608897967,137,-4768,992,-2112,832,525568,19072,,,,,,
182189419960400,63283609898092,138,-5376,1152,-2752,192,525952,18560,,,,,,
182189420961700,63283610898050,139,-5024,1056,-2496,-384,526336,16512,,,,,,
182189421956600,63283611898009,140,-5024,864,-2400,-1536,526336,18496,,,,,,
182189422944900,63283612898092,141,-4256,1056,-1984,1600,526528,20672,,,,,,
182189423955700,63283613898092,142,-5664,1312,-2848,1280,525952,19840,,,,,,
182189424942000,63283614897967,143,-4992,1248,-1824,960,524864,19584,,,,,,
182189425937900,63283615897967,144,-4768,960,-2304,-1920,528000,18048,,,,,,
182189426959100,63283616898217,145,-5248,1568,-2048,-2048,525120,18432,,,,,,
182189427949600,63283617898009,146,-4960,1472,-2560,576,525952,18496,,,,,,
182189428979800,63283618898092,147,-4736,1504,-2016,-1024,525696,19136,,,,,,
182189429970700,63283619898217,148,-4480,1408,-2304,-192,525952,19264,,,,,,
182189430956400,63283620897800,149,-4896,1056,-1792,1408,526592,18368,,,,,,
182189431954900,63283621898759,150,-5120,1280,-1824,-64,526016,19072,,,,,,
182189432948000,63283622897925,151,-5312,1216,-2336,384,525312,19008,,,,,,
182189433947300,63283623898175,152,-4960,1184,-2368,-896,525696,18304,,,,,,
182189434943300,63283624898425,153,-4672,1440,-2208,1664,525696,17984,,,,,,
182189435945600,63283625898842,154,-5184,1312,-2368,1088,524992,18432,,,,,,
182189436948900,63283626897967,155,-4800,1408,-2048,448,529088,19072,,,,,,
182189437948000,63283627898092,156,-5408,992,-1664,448,526592,18240,,,,,,
182189438955300,63283628898092,157,-4896,1312,-2656,-1344,525632,18880,,,,,,
182189439957200,63283629897884,158,-5504,1248,-2368,1088,525056,19456,,,,,,
182189441060600,63283630898217,159,-5312,1408,-2016,1536,526208,17280,,,,,,
182189441949300,63283631898175,160,-5120,1344,-2592,576,524160,20480,,,,,,
182189442942400,63283632897925,161,-4800,1536,-2560,1152,526656,16640,,,,,,
182189443940800,63283633898050,162,-4768,1248,-2144,512,525504,17920,,,,,,
182189444955800,63283634898134,163,-5184,1216,-2304,-768,526016,19328,,,,,,
182189445948200,63283635898092,164,-5632,1184,-2848,-576,526336,19392,,,,,,
182189446951100,63283636898009,165,-4896,1568,-2752,1344,526272,16640,,,,,,
182189447952300,63283637899217,166,-4800,1504,-2656,1984,526080,17216,,,,,,
182189448946800,63283638899592,167,-4704,1344,-1792,960,525696,20736,,,,,,
182189449951600,63283639898009,168,-5920,1728,-3168,192,525376,19136,,,,,,
182189450949000,63283640898050,169,-4768,1248,-2112,1728,525248,20480,,,,,,
182189451944300,63283641898175,170,-5024,1184,-2816,960,526592,18816,,,,,,
182189452945000,63283642897717,171,-4576,1312,-2464,64,524800,20416,,,,,,
182189453946500,63283643898175,172,-5440,1248,-2432,192,527104,19648,,,,,,
182189454948800,63283644898009,173,-5664,1216,-2784,0,526208,18560,,,,,,
182189455967400,63283645898092,174,-4768,1216,-2496,-64,525056,18112,,,,,,
182189456959300,63283646898134,175,-5088,1376,-1952,1728,524608,20416,,,,,,
182189457936700,63283647897925,176,-5376,1536,-2592,384,523328,18112,,,,,,
182189458937300,63283648898175,177,-5024,1184,-2400,1152,524800,19264,,,,,,
182189459948500,63283649897967,178,-4640,1056,-2304,640,525504,17600,,,,,,
182189461097800,63283650898050,179,-4832,1152,-1920,-448,525504,19008,,,,,,
182189462042700,63283651898009,180,-4544,896,-2528,832,526400,20480,,,,,,
182189462958100,63283652900842,181,-4896,1888,-2112,-1152,526784,17472,,,,,,
182189463950800,63283653898092,182,-5248,1248,-2112,1088,525376,19264,,,,,,
182189464959000,63283654898342,183,-5056,1568,-2208,320,525952,18944,,,,,,
182189465974600,63283655897925,184,-5088,928,-2272,-640,526272,22016,,,,,,
182189466949100,63283656898217,185,-4256,736,-2048,1408,525632,19072,,,,,,
182189467947200,63283657898050,186,-5536,1632,-2688,-1920,526528,16000,,,,,,
182189468949300,63283658898009,187,-4640,1408,-2816,-1472,526848,20032,,,,,,
182189469948000,63283659898134,188,-5056,1312,-2336,-192,525952,19520,,,,,,
182189471070800,63283660898134,189,-5408,1504,-2240,-832,525440,19328,,,,,,
182189472045300,63283661897967,190,-4800,1440,-2816,-64,525824,19904,,,,,,
182189473054200,63283662897884,191,-4928,1248,-2496,1792,526784,16704,,,,,,
182189473946300,63283663898050,192,-4896,1248,-2624,1408,525440,16512,,,,,,
182189475050200,63283664897925,193,-4800,1504,-2336,1088,523008,16896,,,,,,
182189476052900,63283665897967,194,-5600,1504,-2816,-832,525760,17536,,,,,,
182189476959900,63283666897925,195,-4928,1600,-2560,192,524992,19776,,,,,,
182189477945400,63283667898217,196,-4576,1088,-1824,-576,526208,20800,,,,,,
182189478946800,63283668898009,197,-4672,896,-2080,704,524032,20416,,,,,,
182189479936800,63283669898884,198,-4736,1472,-2656,-1024,526784,18240,,,,,,
182189480950800,63283670898175,199,-4064,1824,-2400,-576,526336,19968,,,,,,
182189481949900,63283671898092,200,-4928,928,-2528,-576,526080,18304,,,,,,
182189482955600,63283672898092,201,-4544,1664,-2304,-192,524928,18368,,,,,,
182189483962700,63283673897884,202,-4544,1376,-2304,1408,525056,17920,,,,,,
182189484956400,63283674898092,203,-5120,1152,-2752,-1408,523520,18496,,,,,,
182189485957800,63283675898175,204,-4960,1120,-1824,1408,525632,19776,,,,,,
182189486955300,63283676898009,205,-4160,1600,-2208,-2368,525376,19584,,,,,,
182189487955000,63283677898134,206,-4992,1312,-3392,1280,524480,17344,,,,,,
182189488957300,63283678898759,207,-4192,1216,-2208,-640,523200,21184,,,,,,
182189489962500,63283679897842,208,-5216,1344,-2272,832,525568,16320,,,,,,
182189490957100,63283680899759,209,-4064,1120,-1952,128,526976,20480,,,,,,
182189491956400,63283681898134,210,-4448,1152,-2720,-128,524288,19008,,,,,,
182189492953700,63283682898175,211,-4384,1088,-2304,128,525696,19200,,,,,,
182189493953800,63283683898009,212,-4672,1440,-2720,-512,526464,18304,,,,,,
182189494951300,63283684897925,213,-4480,1312,-2368,-256,522304,16384,,,,,,
182189495958500,63283685898217,214,-4416,1408,-1888,448,525824,17920,,,,,,
182189496969800,63283686897967,215,-4704,1312,-1888,896,523968,18944,,,,,,
182189497961700,63283687898050,216,-4224,1472,-1824,1984,523008,18240,,,,,,
182189498957700,63283688898134,217,-4224,1248,-2336,576,525888,17152,,,,,,
182189499956200,63283689898050,218,-4032,1376,-2240,576,523968,19456,,,,,,
182189501092900,63283690898134,219,-4480,1376,-2880,1856,523200,18240,,,,,,
182189501953800,63283691897842,220,-4480,1184,-1952,1024,523712,19712,,,,,,
182189502953600,63283692898259,221,-4416,1152,-2784,1344,524608,17984,,,,,,
182189503954800,63283693897925,222,-4224,1120,-2304,-192,525568,19968,,,,,,
182189504956300,63283694897925,223,-4128,1312,-1888,256,523264,17792,,,,,,
182189505952100,63283695898217,224,-4896,1248,-2464,1600,524288,20480,,,,,,
182189506959500,63283696897967,225,-4320,1184,-2336,-1280,524800,18176,,,,,,
182189507957600,63283697898009,226,-3968,1248,-2496,-192,522688,20288,,,,,,
182189508954500,63283698897842,227,-5152,1536,-2272,1152,524096,20160,,,,,,
182189509957300,63283699898175,228,-4512,1600,-2048,-64,524992,18880,,,,,,
182189510956000,63283700898050,229,-4128,1632,-2400,128,525184,16704,,,,,,
182189511954600,63283701898009,230,-3424,1024,-1632,64,526464,19520,,,,,,
182189512959400,63283702898009,231,-4096,1184,-2400,640,525120,19712,,,,,,
182189513959200,63283703898175,232,-4224,1312,-2688,128,524864,21376,,,,,,
182189514957500,63283704898050,233,-4128,1760,-2304,-1280,526592,19264,,,,,,
182189515961800,63283705898009,234,-3776,1152,-2208,-384,524672,18624,,,,,,
182189516956700,63283706897967,235,-3744,1248,-2080,576,523968,20480,,,,,,
182189517954300,63283707898509,236,-4672,1440,-1984,1088,523840,15424,,,,,,
182189518958000,63283708898675,237,-4064,1280,-2464,-960,523712,20096,,,,,,
182189519959300,63283709898009,238,-4064,1056,-2336,1216,523200,18176,,,,,,
182189520958600,63283710898550,239,-4192,1184,-2400,704,524096,19136,,,,,,
182189521959000,63283711898050,240,-4864,1440,-2368,1792,524160,19328,,,,,,
182189522959300,63283712898092,241,-4832,1024,-2432,2048,524288,20352,,,,,,
182189523959600,63283713897842,242,-4032,1088,-2368,-128,523200,17984,,,,,,
182189524958100,63283714898050,243,-4064,1216,-2336,-640,526144,19776,,,,,,
182189525957100,63283715897967,244,-4704,1536,-3040,192,524160,20032,,,,,,
182189526951300,63283716897759,245,-4448,1440,-2848,-320,524928,17216,,,,,,
182189527958700,63283717898259,246,-4640,1792,-2848,-832,525632,17216,,,,,,
182189529030300,63283718898009,247,-4256,928,-2496,-640,525312,19392,,,,,,
182189529955700,63283719898009,248,-4800,1536,-2592,384,524352,19008,,,,,,
182189530952600,63283720899884,249,-4352,1120,-2272,-1024,523008,17216,,,,,,
182189531965700,63283721901092,250,-4416,1376,-3008,1088,525760,18240,,,,,,
182189532956700,63283722898134,251,-4192,928,-1600,0,524992,20608,,,,,,
182189533957200,63283723898009,252,-4256,1536,-2656,832,525888,17472,,,,,,
182189534956100,63283724898134,253,-4416,992,-2464,192,525568,18432,,,,,,
182189535956000,63283725898300,254,-4160,960,-1632,384,524224,18432,,,,,,
182189536956700,63283726898342,255,-4608,1504,-2848,-64,525376,17792,,,,,,
182189537957100,63283727898092,0,-3680,960,-2112,-64,526080,21440,,,,,,
182189538958900,63283728898134,1,-4736,1248,-3360,-704,524160,17536,,,,,,
182189539958200,63283729898134,2,-4480,960,-2784,64,523776,20352,,,,,,
182189540955600,63283730898050,3,-4928,1280,-2400,-512,524160,19392,,,,,,
182189541957500,63283731898550,4,-5024,1024,-3008,576,524928,18880,,,,,,
182189542955200,63283732898175,5,-4224,1216,-2304,768,525376,19392,,,,,,
182189543955700,63283733898050,6,-4128,1664,-2656,-320,525056,17280,,,,,,
182189544966100,63283734897967,7,-3968,992,-2528,576,526464,18688,,,,,,
182189545962900,63283735898092,8,-4608,960,-2400,576,525632,19840,,,,,,
182189546959200,63283736898134,9,-5056,1440,-2336,-832,524032,18176,,,,,,
182189547951200,63283737899800,10,-3904,768,-2112,-512,524992,18880,,,,,,
182189548968100,63283738900842,11,-4544,1344,-2208,-64,524800,17664,,,,,,
182189550020000,63283739898134,12,-5120,1856,-2656,-192,526464,17984,,,,,,
182189550955400,63283740899175,13,-4128,1216,-2432,704,525760,17152,,,,,,
182189551956300,63283741898759,14,-4672,1312,-1792,1024,526848,18624,,,,,,
182189552957700,63283742898425,15,-4384,1472,-2816,-1152,525440,19136,,,,,,
182189553957200,63283743898384,16,-4704,1440,-2656,896,524928,19968,,,,,,
182189554954800,63283744898134,17,-4384,1216,-2400,1024,525184,18496,,,,,,
182189555954100,63283745897884,18,-4544,1088,-2496,-832,526400,16256,,,,,,
182189556968000,63283746898134,19,-5152,1472,-2592,-1344,526208,16896,,,,,,
182189558052500,63283747898050,20,-4576,1344,-2272,384,524992,17728,,,,,,
182189558964000,63283748898717,21,-4768,1440,-2144,-256,525312,18240,,,,,,
182189559954600,63283749897884,22,-4864,1504,-2336,-1088,525760,15808,,,,,,
182189560954700,63283750899675,23,-5248,992,-1952,512,525504,18048,,,,,,
182189561956200,63283751898217,24,-5472,1568,-3328,64,526912,19840,,,,,,
182189562957800,63283752898050,25,-4064,1312,-2656,1472,526656,19264,,,,,,
182189563956000,63283753898175,26,-4256,1536,-2368,-448,525632,17408,,,,,,
182189564959000,63283754898050,27,-4640,1312,-2304,-256,525440,20352,,,,,,
182189565960000,63283755898009,28,-4832,1344,-1888,-576,526208,17600,,,,,,
182189566951700,63283756899509,29,-4640,1056,-1696,1728,526080,17728,,,,,,
182189567955900,63283757899509,30,-5088,1440,-2944,1856,525632,18880,,,,,,
182189568958200,63283758898050,31,-4896,1376,-2336,64,525696,18752,,,,,,
182189569955700,63283759898092,32,-4896,1312,-2752,128,525184,21376,,,,,,
182189570957900,63283760897842,33,-5280,1184,-2400,-896,524416,18112,,,,,,
182189571956500,63283761898134,34,-4480,1152,-1888,-576,525696,18688,,,,,,
182189572958200,63283762897925,35,-5024,1120,-2432,192,526976,18624,,,,,,
182189573951800,63283763897925,36,-4768,736,-2816,1152,527296,19072,,,,,,
182189574986600,63283764898134,37,-5504,1312,-2944,-640,526016,21120,,,,,,
182189575946200,63283765897925,38,-4256,1152,-1888,-256,525632,21376,,,,,,
182189576952500,63283766898009,39,-5216,1536,-2528,1152,526976,17728,,,,,,
182189577953200,63283767897800,40,-5216,1600,-2624,-1344,526592,18752,,,,,,
182189578960700,63283768898134,41,-5152,1056,-2560,-64,527872,19776,,,,,,
182189579957600,63283769897925,42,-5152,1088,-2176,-1792,526080,20288,,,,,,
182189580945400,63283770898050,43,-4928,1120,-2880,-128,525632,18496,,,,,,
182189581969600,63283771897842,44,-4832,1856,-2624,64,527680,18240,,,,,,
182189582964300,63283772898342,45,-4864,1344,-2784,-448,524480,18240,,,,,,
182189583953400,63283773899342,46,-4384,1504,-2144,-384,527488,20672,,,,,,
182189584957300,63283774897842,47,-5056,1280,-2720,-320,527040,17152,,,,,,
182189585959400,63283775898092,48,-5344,1600,-1920,768,525824,19776,,,,,,
182189586956900,63283776898175,49,-5376,1344,-2080,0,526144,19008,,,,,,
182189587955400,63283777897925,50,-5056,1440,-2784,-128,525440,19712,,,,,,
182189588954200,63283778897925,51,-5184,1152,-2048,-64,527808,17408,,,,,,
182189589957000,63283779898009,52,-4864,992,-2272,-64,526464,17792,,,,,,
182189590953700,63283780899675,53,-6272,1376,-2400,128,525440,20224,,,,,,
182189592293100,63283781898050,54,-5120,1184,-2304,-128,527168,18432,,,,,,
182189592955100,63283782898050,55,-5184,1504,-2752,1216,527232,19328,,,,,,
182189593954600,63283783898092,56,-4864,1088,-2400,-128,524992,18304,,,,,,
182189594956100,63283784898050,57,-5376,1568,-2464,1920,525376,16896,,,,,,
182189595961800,63283785897842,58,-5760,1312,-2624,1216,527232,18496,,,,,,
182189596957700,63283786898217,59,-5088,1120,-2976,-1792,525248,18496,,,,,,
182189597960100,63283787898009,60,-5024,1088,-2496,-2560,525952,16768,,,,,,
182189598956000,63283788897967,61,-5472,1024,-2400,1856,526784,18368,,,,,,
182189599953700,63283789897717,62,-5024,1120,-2592,-2112,526336,20992,,,,,,
182189600956200,63283790898092,63,-5472,1312,-2272,832,527552,18624,,,,,,
182189601957800,63283791897925,64,-5184,1120,-1888,-448,526784,19328,,,,,,
182189602957200,63283792897800,65,-5024,1376,-2592,-384,525056,20160,,,,,,
182189603955000,63283793898092,66,-5024,1280,-2560,-1152,525440,18560,,,,,,
182189604955900,63283794898092,67,-5024,1248,-1920,-1152,524672,16896,,,,,,
182189605940200,63283795898009,68,-5408,1536,-2240,-192,526592,18368,,,,,,
182189606963300,63283796898009,69,-5440,1568,-2304,-640,524928,19968,,,,,,
182189607956100,63283797898050,70,-5568,1312,-3360,1344,525760,19968,,,,,,
182189608954400,63283798898009,71,-5824,1120,-2336,1152,525696,18112,,,,,,
182189609953500,63283799897967,72,-5120,1216,-1984,-1472,524928,17088,,,,,,
182189610957800,63283800898217,73,-5120,1184,-2208,1216,525888,18624,,,,,,
182189611958400,63283801898175,74,-5312,1280,-1920,1280,524288,18432,,,,,,
182189612958300,63283802897967,75,-4544,1184,-1600,-576,526080,16896,,,,,,
182189613960900,63283803899009,76,-5120,1376,-2528,512,523712,18240,,,,,,
182189614953700,63283804898134,77,-4864,1344,-1792,128,525632,18880,,,,,,
182189615952900,63283805898050,78,-5632,1536,-1856,384,525824,18048,,,,,,
182189616953900,63283806897925,79,-4928,992,-2016,-512,526336,19328,,,,,,
182189617956500,63283807898175,80,-4864,1536,-2400,1216,524544,20672,,,,,,
182189618958600,63283808898175,81,-5216,1248,-2720,-384,523456,20352,,,,,,
182189619952600,63283809900925,82,-5664,1504,-2112,384,525312,19456,,,,,,
182189620955400,63283810897925,83,-4896,1408,-2272,576,526848,19840,,,,,,
182189621950400,63283811898092,84,-5184,1120,-2752,-128,524544,19328,,,,,,
182189622958600,63283812898550,85,-4576,1280,-2336,960,524800,20032,,,,,,
182189623952700,63283813898050,86,-4672,1440,-2176,576,525376,19648,,,,,,
182189624955000,63283814897925,87,-5024,1568,-2176,384,524928,17088,,,,,,
182189625957100,63283815898175,88,-5280,992,-2240,1088,525952,20800,,,,,,
182189626952800,63283816898009,89,-5024,1280,-2560,256,524544,19584,,,,,,
182189627954000,63283817899425,90,-4416,1632,-2176,1728,525248,20480,,,,,,
182189628954800,63283818897884,91,-4736,960,-2880,-1664,523456,18496,,,,,,
182189629954600,63283819897967,92,-5408,1152,-2560,1216,525184,18880,,,,,,
182189630982400,63283820899050,93,-4448,1088,-1760,768,524992,18816,,,,,,
182189631959100,63283821898925,94,-4800,1344,-2400,-320,523328,20032,,,,,,
182189632957700,63283822898092,95,-4160,1344,-1984,-256,524800,19264,,,,,,
182189633955100,63283823898092,96,-4576,1536,-2176,512,523968,17472,,,,,,
182189634951700,63283824897884,97,-4480,1344,-2368,192,525952,18304,,,,,,
182189635952100,63283825898467,98,-4448,704,-2528,-1344,523712,18368,,,,,,
182189636953300,63283826899467,99,-4288,1312,-2368,1664,526144,18112,,,,,,
182189637955500,63283827898384,100,-4864,1312,-2368,512,524160,19008,,,,,,
182189638953600,63283828897884,101,-4608,1248,-2528,1472,524288,20352,,,,,,
182189639960100,63283829898092,102,-4800,1120,-2304,1728,525248,18368,,,,,,
182189640956100,63283830898259,103,-4256,1664,-2688,-1664,524800,17472,,,,,,
182189641954500,63283831897967,104,-4736,1344,-2848,-1024,524672,19648,,,,,,
182189642961400,63283832899134,105,-4512,1152,-2432,-576,526528,18496,,,,,,
182189643958100,63283833898050,106,-4544,672,-2080,1472,524160,20224,,,,,,
182189644958600,63283834897967,107,-4864,960,-2624,64,523712,17344,,,,,,
182189645961500,63283835898050,108,-4128,1056,-2592,960,524096,19840,,,,,,
182189646957500,63283836897925,109,-4096,1216,-2400,-1664,525440,18112,,,,,,
182189647950400,63283837898217,110,-4960,1632,-3424,-192,524096,18048,,,,,,
182189648959700,63283838899259,111,-4544,1024,-2624,320,525440,17472,,,,,,
182189649955700,63283839902217,112,-4384,832,-2496,3008,525696,18112,,,,,,
182189650952300,63283840899759,113,-4960,1024,-2400,448,523392,19456,,,,,,
182189651955400,63283841898009,114,-4256,1184,-2432,-128,525248,19968,,,,,,
182189652955800,63283842898050,115,-4800,1216,-2784,-1088,524416,17792,,,,,,
182189653955800,63283843898675,116,-4192,1472,-2432,-512,525504,17344,,,,,,
182189654976800,63283844898050,117,-4480,1024,-1760,896,523776,18368,,,,,,
182189655958100,63283845898009,118,-4576,1568,-2432,256,525376,19072,,,,,,
182189656951400,63283846897842,119,-4448,1664,-2624,256,525376,18816,,,,,,
182189657950500,63283847897884,120,-4416,1344,-2720,-64,524160,18624,,,,,,
182189658944100,63283848898009,121,-4544,832,-1664,1536,524032,19008,,,,,,
182189659946100,63283849897967,122,-4576,1536,-2176,1152,523456,18688,,,,,,
182189660956200,63283850898217,123,-4256,1120,-2336,2368,524288,18944,,,,,,
182189661955400,63283851898009,124,-5120,1280,-2240,640,524736,16768,,,,,,
182189662953000,63283852898050,125,-5120,1152,-2720,-1024,524672,20672,,,,,,
182189663953800,63283853898050,126,-4448,1440,-2560,384,525760,18240,,,,,,
182189664961300,63283854897925,127,-4384,1504,-2112,1280,522432,18112,,,,,,
182189665955200,63283855898050,128,-4352,1088,-2400,-128,524480,17792,,,,,,
182189666954400,63283856898009,129,-4544,1184,-2016,512,524864,18560,,,,,,
182189667955000,63283857897967,130,-4224,896,-2432,576,523584,20416,,,,,,
182189668955300,63283858898050,131,-4256,1536,-2656,1024,525376,20480,,,,,,
182189669954600,63283859898134,132,-4704,1568,-2592,192,524672,19008,,,,,,
182189670958200,63283860899342,133,-4320,1280,-2912,1664,523520,17920,,,,,,
182189671965100,63283861897884,134,-4192,1344,-1792,320,524608,21056,,,,,,
182189673143100,63283862899550,135,-4192,1440,-2080,896,522944,18432,,,,,,
182189674047700,63283863898009,136,-4864,1312,-2816,832,526016,18624,,,,,,
182189674960400,63283864898009,137,-4736,1536,-2784,2560,524864,18112,,,,,,
182189675948900,63283865897884,138,-4800,1216,-2464,-128,524928,17792,,,,,,
182189676969200,63283866898009,139,-4416,1376,-2624,-640,523456,18624,,,,,,
182189677953800,63283867898050,140,-4896,1184,-2752,-1664,524992,17600,,,,,,
182189678953400,63283868897925,141,-4576,1664,-2016,768,523648,17216,,,,,,
182189679957500,63283869898134,142,-4640,1344,-2272,1408,523648,20288,,,,,,
182189681042400,63283870898009,143,-4192,1568,-1792,-128,525568,16384,,,,,,
182189682005700,63283871899134,144,-4224,992,-2752,-2368,523072,17792,,,,,,
182189682964800,63283872898884,145,-4576,1376,-2400,-960,526016,18880,,,,,,
182189683954600,63283873898009,146,-4384,928,-1632,256,526336,19648,,,,,,
182189684952700,63283874898050,147,-4512,1280,-2912,320,523776,18752,,,,,,
182189685955700,63283875897967,148,-4928,1312,-2624,-320,525056,20032,,,,,,
182189686963300,63283876897592,149,-4832,1408,-2848,576,524992,18944,,,,,,
182189687961700,63283877898092,150,-4640,1280,-2144,-1408,525056,17984,,,,,,
182189688953400,63283878897842,151,-4896,1568,-3136,448,525824,19264,,,,,,
182189689958800,63283879897842,152,-4192,1088,-2464,128,526016,17408,,,,,,
182189690952000,63283880899467,153,-4416,1376,-2016,-704,525952,17984,,,,,,
182189691954400,63283881898217,154,-4448,800,-2528,64,524608,17920,,,,,,
182189692960200,63283882898050,155,-4960,832,-3072,1792,525056,18432,,,,,,
182189693957400,63283883897800,156,-4544,1696,-3168,-192,524608,16896,,,,,,
182189694961300,63283884898134,157,-4704,1504,-2304,-256,525632,18304,,,,,,
182189695961300,63283885897884,158,-4352,1024,-2240,1152,524800,18112,,,,,,
182189696955500,63283886897759,159,-4224,1248,-2368,-1728,525568,18816,,,,,,
182189697948600,63283887898134,160,-5024,1344,-3040,-1920,525120,19072,,,,,,
182189698956900,63283888897967,161,-4768,1376,-2336,1344,525952,19136,,,,,,
182189699952800,63283889898092,162,-4736,1504,-2080,1984,525504,15808,,,,,,
182189700954500,63283890897884,163,-5152,1472,-2304,-1600,525504,19712,,,,,,
182189701956300,63283891898175,164,-4736,1344,-2720,-1792,526336,19008,,,,,,
182189702957400,63283892898092,165,-4672,1472,-2496,-1280,523648,20288,,,,,,
182189703946700,63283893897884,166,-5056,800,-2208,-960,526976,17280,,,,,,
182189704945600,63283894898009,167,-5408,1280,-2656,64,525248,20480,,,,,,
182189705976300,63283895898009,168,-4576,1408,-2304,704,525696,16896,,,,,,
182189707038600,63283896898092,169,-4544,1216,-2240,320,526592,18496,,,,,,
182189707957600,63283897897967,170,-5472,1440,-3008,-128,526528,16320,,,,,,
182189708953400,63283898898134,171,-4800,576,-2880,1024,525440,19136,,,,,,
182189709959200,63283899898051,172,-4288,1248,-2912,512,525184,19904,,,,,,
182189710956700,63283900897967,173,-4896,1312,-3360,128,525312,19776,,,,,,
182189711961800,63283901897926,174,-4416,1344,-2176,-1344,525824,19904,,,,,,
182189712955200,63283902898259,175,-4640,1152,-2112,-1792,524480,20864,,,,,,
182189713961200,63283903898009,176,-5024,1760,-2752,896,523584,18304,,,,,,
182189714958800,63283904899259,177,-5120,1216,-1472,1152,524352,16896,,,,,,
182189715954000,63283905898176,178,-4608,1536,-2368,64,525312,20288,,,,,,
182189716953100,63283906898051,179,-5184,1536,-2400,1152,525760,20160,,,,,,
182189718003900,63283907898051,180,-4800,960,-2016,576,525312,21248,,,,,,
182189718952400,63283908898842,181,-4960,1376,-1664,128,524032,17984,,,,,,
182189719960800,63283909898217,182,-4320,1248,-2208,1344,525056,20224,,,,,,
182189720952900,63283910897967,183,-4896,1440,-2560,1280,526720,19968,,,,,,
182189721956400,63283911898051,184,-4704,416,-2080,192,525632,18816,,,,,,
182189722960000,63283912898801,185,-4704,1216,-1760,-384,524864,19456,,,,,,
182189723955800,63283913897717,186,-5472,1888,-2944,-128,526080,16320,,,,,,
182189724958000,63283914898676,187,-4896,1184,-2208,-1472,526848,17600,,,,,,
182189725960600,63283915899384,188,-4960,1376,-2560,-192,525888,18048,,,,,,
182189726961200,63283916898176,189,-5824,1376,-2528,832,524544,18112,,,,,,
182189727960700,63283917898009,190,-3968,992,-1664,-2048,525696,18624,,,,,,
182189728961000,63283918898801,191,-5120,1344,-2432,2176,526272,16960,,,,,,
182189729958700,63283919897926,192,-5152,1664,-2304,-128,524800,18432,,,,,,
182189730947300,63283920898384,193,-5248,1344,-2912,-192,526784,18752,,,,,,
182189731956500,63283921899259,194,-4352,1344,-1984,-768,524096,16640,,,,,,
182189732951700,63283922898426,195,-4736,1120,-2432,640,525888,18560,,,,,,
182189733949900,63283923900092,196,-4672,1312,-2080,192,526272,19136,,,,,,
182189734963500,63283924898176,197,-4896,1472,-3072,-1344,525888,18432,,,,,,
182189735955500,63283925897967,198,-5024,1344,-2144,-1536,524672,19264,,,,,,
182189736952800,63283926897926,199,-4736,800,-2208,-640,525760,19776,,,,,,
182189737953800,63283927898092,200,-4672,1472,-2560,-640,525440,19008,,,,,,
182189738954800,63283928899967,201,-5504,1440,-2336,1472,523264,19520,,,,,,
182189739957800,63283929899176,202,-4768,1440,-2624,1472,525504,20800,,,,,,
182189740956700,63283930897801,203,-4992,1376,-2400,-128,525120,18304,,,,,,
182189741955900,63283931898134,204,-5056,960,-1888,1088,524800,17536,,,,,,
182189742958600,63283932897967,205,-5248,1600,-2336,896,526208,17728,,,,,,
182189743958800,63283933897884,206,-5088,1344,-2240,1024,526208,18560,,,,,,
182189744957800,63283934898176,207,-5088,1504,-2912,512,525632,19904,,,,,,
182189745962100,63283935898092,208,-4544,768,-2112,704,525376,15936,,,,,,
182189746961500,63283936898009,209,-4992,1504,-2528,768,525312,18432,,,,,,
182189747952800,63283937897842,210,-5536,1376,-2304,1280,526784,17856,,,,,,
182189748948300,63283938899259,211,-4512,1408,-2368,1344,526336,17984,,,,,,
182189749955300,63283939900509,212,-4832,864,-2496,1728,525312,17600,,,,,,
182189750957800,63283940898217,213,-4576,1088,-1984,704,525760,17472,,,,,,
182189751954500,63283941898051,214,-5760,992,-2688,-64,525696,16832,,,,,,
182189752954800,63283942898092,215,-4864,1248,-2144,960,525824,19584,,,,,,
182189753956200,63283943899301,216,-5376,1408,-2848,192,525760,18880,,,,,,
182189754950300,63283944897884,217,-4736,1088,-2272,1472,525632,18432,,,,,,
182189755950400,63283945898134,218,-5248,1600,-1920,-320,525248,18688,,,,,,
182189756955200,63283946898134,219,-5248,1280,-2336,-1152,525824,20992,,,,,,
182189757956500,63283947898009,220,-5248,1664,-2400,192,525376,18624,,,,,,
182189758955700,63283948897842,221,-5216,1120,-1952,0,524800,19200,,,,,,
182189759955300,63283949898134,222,-4640,1376,-2880,2048,526656,16960,,,,,,
182189760959500,63283950899717,223,-4640,1248,-2304,1920,526976,16896,,,,,,
182189761955200,63283951897967,224,-4288,928,-2272,832,524672,18496,,,,,,
182189762960400,63283952898134,225,-5504,1344,-2176,1280,525376,19456,,,,,,
182189763956200,63283953898092,226,-5280,1248,-2272,768,525120,20416,,,,,,
182189764954200,63283954898009,227,-4832,1088,-2144,-384,526016,18176,,,,,,
182189766019200,63283955897634,228,-4896,1248,-2560,-1408,526400,17856,,,,,,
182189766941700,63283956898384,229,-5024,1536,-2560,960,525120,18304,,,,,,
182189767960500,63283957898051,230,-5056,1280,-2944,832,526784,18944,,,,,,
182189768953000,63283958898009,231,-4864,992,-1824,1536,525504,18176,,,,,,
182189769948400,63283959897842,232,-5440,1152,-2720,-128,525440,17664,,,,,,
182189770955400,63283960898051,233,-4832,1408,-2624,704,524928,17856,,,,,,
182189771947600,63283961898051,234,-4864,832,-2016,0,526080,19520,,,,,,
182189773065600,63283962897967,235,-4320,1408,-2560,-832,524672,20224,,,,,,
182189773962800,63283963898176,236,-5056,1280,-2368,1600,525056,17152,,,,,,
182189774955300,63283964898009,237,-5056,1312,-2656,-576,525120,18112,,,,,,
182189775946300,63283965898009,238,-4416,1408,-2400,1216,524544,19584,,,,,,
182189776975600,63283966897926,239,-4960,1408,-2304,1216,525376,20288,,,,,,
182189777944200,63283967899009,240,-5376,1120,-2016,1024,523456,16640,,,,,,
182189778950700,63283968899509,241,-4224,1376,-1888,-128,526272,15872,,,,,,
182189779951400,63283969897842,242,-4992,1312,-2656,768,525760,19200,,,,,,
182189780954100,63283970897842,243,-5056,1312,-2656,1536,524992,19200,,,,,,
182189781956400,63283971898134,244,-5280,1120,-2144,704,524608,17984,,,,,,
182189783010700,63283972897884,245,-4544,672,-2144,-1344,524416,17920,,,,,,
182189783968900,63283973897926,246,-5280,1536,-2272,64,525440,17856,,,,,,
182189784946000,63283974898134,247,-4576,1248,-1888,64,525376,18176,,,,,,
182189785942500,63283975899342,248,-4960,1632,-2560,1216,523904,20224,,,,,,
182189786959000,63283976897842,249,-4576,1248,-2368,960,525248,17728,,,,,,
182189787954400,63283977897842,250,-5056,1664,-2240,-320,527104,19840,,,,,,
182189788957400,63283978898134,251,-4640,1536,-2144,640,525184,17856,,,,,,
182189789962400,63283979898134,252,-4896,1696,-2528,704,523840,17152,,,,,,
182189790964300,63283980898384,253,-4736,1344,-2144,-192,524288,20160,,,,,,
182189791955100,63283981897884,254,-4544,960,-2528,64,524224,18240,,,,,,
182189792955600,63283982898009,255,-5088,1504,-2240,-640,524352,20800,,,,,,
182189793957600,63283983898009,0,-4512,1376,-2464,512,525440,20544,,,,,,
182189794952200,63283984897884,1,-4928,1344,-2656,512,524480,18752,,,,,,
182189795951900,63283985897717,2,-5088,1184,-2400,2048,525120,17664,,,,,,
182189796953800,63283986898051,3,-4480,1248,-1824,320,526912,19392,,,,,,
182189797955100,63283987897884,4,-4896,1024,-2496,2112,524096,17792,,,,,,
182189798948600,63283988897926,5,-4384,992,-2368,64,525760,19520,,,,,,
182189799970800,63283989898842,6,-4704,1216,-2560,128,524288,19008,,,,,,
182189800956000,63283990898134,7,-4192,1312,-2560,1024,524800,18112,,,,,,
182189801954200,63283991898759,8,-4032,1056,-2496,320,524608,19456,,,,,,
182189802957500,63283992898009,9,-4576,992,-2688,128,525504,20224,,,,,,
182189803955000,63283993898301,10,-4480,1600,-2400,960,524352,19072,,,,,,
182189804957600,63283994897967,11,-4576,1088,-2592,576,523584,19648,,,,,,
182189805994000,63283995897884,12,-4512,864,-2208,-1088,526144,13824,,,,,,
182189806968300,63283996899342,13,-4288,1376,-2432,-3328,526464,17856,,,,,,
182189807977000,63283997898717,14,-4256,1344,-2272,1728,525248,18880,,,,,,
182189808959600,63283998898009,15,-4352,1408,-2368,128,524800,18240,,,,,,
182189809952500,63283999897884,16,-4224,1312,-2432,1728,525632,18560,,,,,,
182189810953700,63284000898092,17,-5088,896,-2496,-320,525056,18304,,,,,,
182189811955000,63284001898051,18,-4896,1248,-2080,-1280,524416,15616,,,,,,
182189812955700,63284002900384,19,-4480,1664,-3008,192,524608,17600,,,,,,
182189813953200,63284003898759,20,-3936,1280,-1600,1280,524736,18688,,,,,,
182189814971500,63284004898051,21,-4480,1472,-2848,-512,523328,18560,,,,,,
182189815967400,63284005898009,22,-4608,1216,-2176,1408,523712,16640,,,,,,
182189816959500,63284006897967,23,-4672,1344,-2144,1344,523648,20928,,,,,,
182189817946700,63284007898676,24,-4576,1120,-2336,448,524288,19136,,,,,,
182189818954700,63284008898092,25,-4448,1280,-1632,1024,523776,17984,,,,,,
182189819952000,63284009897967,26,-4544,1376,-3200,256,523776,17984,,,,,,
182189820953800,63284010897842,27,-4384,1536,-2624,64,524928,17664,,,,,,
182189821954500,63284011898009,28,-4160,1568,-2496,-896,524608,20352,,,,,,
182189822964900,63284012898176,29,-4448,1408,-2144,-896,523968,17344,,,,,,
182189823956200,63284013898009,30,-4448,1152,-2176,-64,524672,18048,,,,,,
182189824959500,63284014898259,31,-4608,1408,-3168,256,526592,18560,,,,,,
182189825957000,63284015898259,32,-3968,1376,-2784,384,524608,18880,,,,,,
182189826952500,63284016899426,33,-4384,1536,-2912,64,526208,18624,,,,,,
182189827952700,63284017897842,34,-3808,1440,-2080,512,522624,20352,,,,,,
182189828955400,63284018898092,35,-4096,1472,-2432,384,524288,19648,,,,,,
182189829968700,63284019897884,36,-3936,1408,-2272,-704,524736,18496,,,,,,
182189830964200,63284020897884,37,-4800,1408,-2656,384,526016,16384,,,,,,
182189831965700,63284021898759,38,-4576,928,-2464,1856,523392,17600,,,,,,
182189832954500,63284022898009,39,-4768,1344,-2816,-192,524288,20096,,,,,,
182189833954700,63284023897926,40,-4640,1152,-2368,-128,524736,17472,,,,,,
182189834953600,63284024897801,41,-3936,1024,-2432,-576,525504,17600,,,,,,
182189835955600,63284025898176,42,-4512,1600,-3072,1024,524416,18240,,,,,,
182189836961000,63284026898176,43,-4096,1472,-2080,1792,523776,19328,,,,,,
182189837960500,63284027897926,44,-4160,1056,-2016,896,524800,19712,,,,,,
182189838960900,63284028898217,45,-5216,928,-2816,-192,524224,19008,,,,,,
182189839955200,63284029897967,46,-5184,1792,-2304,1792,524096,17728,,,,,,
182189840951800,63284030898092,47,-4448,1536,-2528,-640,523968,19200,,,,,,
182189841957500,63284031898676,48,-4160,1280,-2624,1984,525568,18176,,,,,,
182189842953100,63284032900384,49,-4320,1408,-2176,64,524544,19328,,,,,,
182189843954000,63284033899967,50,-4160,1248,-2400,-128,523968,17408,,,,,,
182189844954900,63284034897926,51,-4704,992,-1984,-896,524992,18176,,,,,,
182189845955300,63284035898051,52,-4928,1280,-2720,-1664,525952,17088,,,,,,
182189846959400,63284036899217,53,-4736,1344,-2272,128,524032,18624,,,,,,
182189847958500,63284037898009,54,-4576,1472,-2144,64,526080,18816,,,,,,
182189848954000,63284038897926,55,-4928,1184,-2464,-64,524224,20032,,,,,,
182189849952000,63284039898134,56,-4832,1152,-2816,2240,524544,17984,,,,,,
182189850956900,63284040900092,57,-5056,864,-2272,256,526912,18368,,,,,,
182189851956500,63284041897967,58,-4416,1440,-2048,-832,525952,20224,,,,,,
182189852955200,63284042897842,59,-5152,1280,-2144,1920,523840,17728,,,,,,
182189853954600,63284043898051,60,-4672,1344,-2336,832,526528,18880,,,,,,
182189855114000,63284044897926,61,-4928,1024,-2208,576,527232,19520,,,,,,
182189855950000,63284045897884,62,-4864,1472,-2496,64,525632,16576,,,,,,
182189856958100,63284046898759,63,-5120,1728,-2528,768,524608,20160,,,,,,
182189857961500,63284047898009,64,-4608,1024,-2048,1728,525568,19968,,,,,,
182189858954000,63284048899092,65,-4800,1728,-2080,1728,525504,17536,,,,,,
182189859952800,63284049897842,66,-5472,1312,-2432,960,526144,19840,,,,,,
182189860954400,63284050899217,67,-4448,1856,-2304,448,527680,17280,,,,,,
182189861956500,63284051898051,68,-4992,1440,-3232,512,525824,18496,,,,,,
182189862958300,63284052897926,69,-4480,1472,-2496,1408,523136,16896,,,,,,
182189863954900,63284053897884,70,-5216,1600,-2656,-1856,525120,19136,,,,,,
182189864959800,63284054897926,71,-5280,1472,-2752,704,524032,19008,,,,,,
182189865956500,63284055900676,72,-4192,1568,-2752,576,526848,21696,,,,,,
182189866952500,63284056898009,73,-4960,1568,-2176,192,525568,17728,,,,,,
182189867954300,63284057902967,74,-5056,896,-2880,-2368,524608,17280,,,,,,
182189868954400,63284058904717,75,-4992,1376,-2592,1408,525888,18816,,,,,,
182189870203500,63284059911842,76,-5088,1344,-2592,1792,525504,17408,,,,,,
182189871079800,63284060914217,77,-5344,1056,-1664,-960,525824,17216,,,,,,
182189871953400,63284061904926,78,-4864,800,-3072,1088,523776,18304,,,,,,
182189872958000,63284062904009,79,-4704,1600,-2272,-2048,526336,19072,,,,,,
182189873955800,63284063901801,80,-5152,1216,-2304,-1216,524160,17472,,,,,,
182189875062900,63284064902676,81,-5376,1664,-2592,-960,526656,18176,,,,,,
182189875942300,63284065900926,82,-5536,1376,-2272,-2240,526336,21312,,,,,,
182189876956900,63284066900426,83,-4768,1664,-2176,896,527296,18880,,,,,,
182189877948800,63284067901634,84,-4928,736,-2112,0,525056,15872,,,,,,
182189878950400,63284068905592,85,-5152,1504,-2560,-1088,526912,20928,,,,,,
182189880077600,63284069900926,86,-5248,1152,-2432,-64,525440,20224,,,,,,
182189880950400,63284070904134,87,-4992,1088,-2656,0,525760,17216,,,,,,
182189881956700,63284071903509,88,-5120,1152,-2240,-1280,525568,19776,,,,,,
182189883064500,63284072902759,89,-5376,1504,-3008,-128,528064,20416,,,,,,
182189883954800,63284073905134,90,-4608,1152,-1984,704,526208,17600,,,,,,
182189884956200,63284074902592,91,-5184,1088,-2304,640,525760,18816,,,,,,
182189885954400,63284075903092,92,-4864,1056,-2496,1600,527232,17664,,,,,,
182189886955800,63284076902384,93,-4800,1408,-2336,832,526080,17216,,,,,,
182189887954600,63284077900676,94,-5248,1440,-1984,-1408,526400,18304,,,,,,
182189888958400,63284078900717,95,-5280,1280,-2720,1280,525248,16448,,,,,,
182189890088800,63284079905342,96,-4992,768,-2304,1600,526016,21824,,,,,,
182189890965900,63284080902467,97,-4960,1344,-2304,-832,525120,17856,,,,,,
182189891952500,63284081900801,98,-4928,1504,-2624,1664,526528,19648,,,,,,
182189893105500,63284082900384,99,-5504,864,-2176,-768,526848,19840,,,,,,
182189893947600,63284083900342,100,-5536,1184,-2528,1408,524864,16256,,,,,,
182189894948000,63284084903176,101,-4896,1184,-1952,1088,526208,17664,,,,,,
182189895953900,63284085907467,102,-4832,1536,-2400,-640,526720,17984,,,,,,
182189896957000,63284086903217,103,-5216,928,-2432,1088,526656,19072,,,,,,
182189897954400,63284087901759,104,-5216,1440,-2656,-2176,526656,19648,,,,,,
182189898969500,63284088900092,105,-4736,1376,-2368,1216,526528,18432,,,,,,
182189900083900,63284089903176,106,-4928,1568,-2624,-768,526912,19584,,,,,,
182189900955100,63284090902426,107,-5216,1440,-2208,-320,524992,17536,,,,,,
182189901957100,63284091900842,108,-4992,1024,-2496,0,525120,18816,,,,,,
182189902954000,63284092901259,109,-5312,928,-2240,0,526400,18240,,,,,,
182189903955400,63284093903634,110,-5536,832,-2816,-832,526144,20672,,,,,,
182189904961000,63284094902301,111,-5312,1408,-2464,-384,525760,18880,,,,,,
182189905963900,63284095899051,112,-4736,1472,-2496,960,527360,18752,,,,,,
182189906959000,63284096904426,113,-4992,1248,-2240,-64,525568,18112,,,,,,
182189907955800,63284097907509,114,-5088,1184,-2464,2240,526656,19904,,,,,,
182189909015500,63284098905259,115,-5312,1248,-2336,704,525632,19200,,,,,,
182189910078000,63284099906717,116,-4768,1600,-2336,-1344,525248,19008,,,,,,
182189910962400,63284100904717,117,-4960,1184,-2560,704,526272,21120,,,,,,
182189911963300,63284101899009,118,-4576,1472,-1824,512,525952,19008,,,,,,
182189912955900,63284102903342,119,-5024,1568,-2528,512,525632,19392,,,,,,
182189914508000,63284103902926,120,-4800,1312,-2272,1984,525248,19328,,,,,,
182189915511400,63284104904051,121,-4960,832,-1600,1152,527232,19136,,,,,,
182189915956100,63284105901967,122,-5568,1440,-2560,576,527168,17280,,,,,,
182189917110000,63284106902884,123,-4992,1184,-2176,512,524864,17408,,,,,,
182189917955600,63284107898551,124,-4992,896,-2656,1664,524672,18880,,,,,,
182189918954800,63284108901051,125,-5408,1472,-2624,-384,525632,21312,,,,,,
182189920079500,63284109903259,126,-4544,1184,-2176,-576,523840,18368,,,,,,
182189920957400,63284110904801,127,-4896,1664,-2560,-832,525696,20864,,,,,,
182189921958000,63284111903051,128,-5312,1056,-3168,1536,525632,19648,,,,,,
182189923000600,63284112902884,129,-4864,1120,-2144,1280,524864,16128,,,,,,
182189923960100,63284113899676,130,-4736,1152,-2272,-1600,527488,18624,,,,,,
182189924958100,63284114898967,131,-5248,1312,-2368,-384,524992,18432,,,,,,
182189925955500,63284115898009,132,-4992,992,-2176,384,523712,18688,,,,,,
182189926957800,63284116898009,133,-4352,1184,-2368,-640,525696,19584,,,,,,
182189927947900,63284117897842,134,-4448,1504,-2240,-576,524992,18624,,,,,,
182189928986000,63284118897801,135,-5088,1568,-2752,-192,526336,18240,,,,,,
182189929957400,63284119898092,136,-4480,1216,-2400,-256,525248,19072,,,,,,
182189930947200,63284120897801,137,-4416,1440,-2112,640,524416,17216,,,,,,
182189931959200,63284121898009,138,-4448,1344,-2720,-64,524800,18112,,,,,,
182189932956000,63284122897842,139,-4608,1248,-2272,0,525184,17920,,,,,,
182189933954900,63284123899092,140,-4928,1408,-2496,1216,524224,17472,,,,,,
182189934960300,63284124897926,141,-4608,1312,-1952,64,525504,16128,,,,,,
182189935959100,63284125897967,142,-4256,1344,-2176,-832,525248,15744,,,,,,
182189936960700,63284126898259,143,-4928,1472,-2080,448,525056,17920,,,,,,
182189937958900,63284127898009,144,-4736,960,-2304,1984,525824,19456,,,,,,
182189938955800,63284128897842,145,-4416,1408,-1888,-832,524480,16960,,,,,,
182189939958500,63284129897884,146,-4800,1504,-3072,-1536,525376,20416,,,,,,
182189940946300,63284130899342,147,-4064,1536,-2528,2432,523392,17920,,,,,,
182189941960700,63284131898051,148,-4640,1152,-1984,768,526336,19072,,,,,,
182189942957100,63284132897842,149,-4960,1472,-2240,-256,524672,19392,,,,,,
182189943954900,63284133898259,150,-4800,1024,-2848,-64,525568,16832,,,,,,
182189944956900,63284134898092,151,-4352,1504,-2368,832,526144,16896,,,,,,
182189945958200,63284135897926,152,-4992,1216,-2464,-1600,523968,19776,,,,,,
182189946961400,63284136897926,153,-4096,1184,-1792,2432,525056,17472,,,,,,
182189947958800,63284137898342,154,-4384,1600,-2688,-256,524224,19584,,,,,,
182189948950500,63284138898342,155,-4672,1248,-2368,-1152,524800,19136,,,,,,
182189949952000,63284139897926,156,-4544,1248,-1856,-832,525632,19200,,,,,,
182189950959900,63284140897842,157,-4480,896,-2304,896,525632,17728,,,,,,
182189951961200,63284141898134,158,-4096,800,-1856,-1280,525184,19072,,,,,,
182189952958100,63284142898592,159,-4160,1088,-2304,448,525120,15552,,,,,,
182189953956000,63284143897676,160,-4032,1280,-2080,-320,524608,21248,,,,,,
182189954953300,63284144898051,161,-4096,832,-2432,-1536,524800,19840,,,,,,
182189955950600,63284145897926,162,-4640,1856,-2720,768,524416,18432,,,,,,
182189956957700,63284146897967,163,-4704,896,-1920,832,524800,18752,,,,,,
182189957951100,63284147897884,164,-4736,1344,-2336,0,524736,19008,,,,,,
182189959158600,63284148898009,165,-4320,1280,-2176,-896,525504,19136,,,,,,
182189959983600,63284149898092,166,-4768,1824,-2848,832,526656,19008,,,,,,
182189960952500,63284150899176,167,-4480,992,-1984,768,525248,19840,,,,,,
182189961965000,63284151898134,168,-4448,1664,-2400,512,524352,19840,,,,,,
182189962944900,63284152897967,169,-4448,1088,-2240,448,524864,17792,,,,,,
182189963944000,63284153897967,170,-4480,1024,-2144,1600,523712,18816,,,,,,
182189964954900,63284154897884,171,-4192,1536,-2208,1216,523776,20160,,,,,,
182189965948100,63284155898217,172,-4544,1344,-2688,576,524672,19584,,,,,,
182189966945700,63284156898301,173,-4096,992,-2432,256,525440,18048,,,,,,
182189967944200,63284157898051,174,-4672,1280,-2560,704,524352,18688,,,,,,
182189969185300,63284158898717,175,-4224,1184,-2112,768,525312,18880,,,,,,
182189970091200,63284159897926,176,-4512,1024,-1792,640,523776,17408,,,,,,
182189970947000,63284160897884,177,-4384,960,-2528,-384,524672,17984,,,,,,
182189971944800,63284161898842,178,-4576,1248,-2368,-704,524032,19200,,,,,,
182189972949200,63284162898051,179,-4448,1312,-2464,2368,523456,18368,,,,,,
182189973952300,63284163898009,180,-4544,1792,-2624,1408,523712,17728,,,,,,
182189975056200,63284164897967,181,-4256,1472,-2240,1152,524928,18880,,,,,,
182189975951300,63284165897842,182,-4128,1728,-2944,-704,524608,18880,,,,,,
182189976942700,63284166898134,183,-5376,1088,-2240,0,523072,16448,,,,,,
182189977950500,63284167897884,184,-4704,1824,-2368,1088,523264,18048,,,,,,
182189978953900,63284168897967,185,-4416,1344,-2400,-384,525632,18304,,,,,,
182189979957100,63284169898051,186,-4288,1568,-2304,448,524480,17088,,,,,,
182189980952900,63284170898009,187,-4768,1728,-2784,128,524416,19776,,,,,,
182189981960300,63284171897926,188,-4160,992,-2464,896,524416,19520,,,,,,
182189982958100,63284172897717,189,-4480,1120,-1760,2368,523136,19392,,,,,,
182189983953800,63284173898217,190,-4640,1376,-2688,896,523520,17152,,,,,,
182189984958000,63284174898009,191,-4384,1440,-2560,320,526016,18944,,,,,,
182189985955000,63284175897842,192,-3904,896,-1984,1216,525056,17280,,,,,,
182189986954200,63284176897967,193,-4352,1408,-2688,1536,525504,17856,,,,,,
182189987955100,63284177897842,194,-5024,1472,-2688,1600,524736,17792,,,,,,
182189988956500,63284178897842,195,-4736,1472,-2528,1088,525824,19200,,,,,,
182189989945600,63284179897801,196,-4640,800,-2656,1664,526784,19456,,,,,,
182189990939900,63284180898176,197,-4416,1376,-2560,-192,523840,19200,,,,,,
182189991967700,63284181897967,198,-4480,1152,-2720,-1152,526528,16768,,,,,,
182189993033100,63284182897926,199,-4672,1248,-2656,448,525760,18688,,,,,,
182189993951900,63284183897926,200,-4480,1344,-2080,576,523840,20096,,,,,,
182189994959800,63284184898801,201,-4224,1408,-2688,-128,525184,18752,,,,,,
182189995954000,63284185900176,202,-5248,1408,-2848,1728,525248,18496,,,,,,
182189996953200,63284186897884,203,-5024,1600,-2368,-2368,526720,17216,,,,,,
182189998046900,63284187897801,204,-4768,896,-2208,448,524480,17664,,,,,,
182189998957700,63284188898051,205,-4576,1696,-2560,-1472,525120,18624,,,,,,
182189999945900,63284189897926,206,-4736,1472,-2144,2560,524736,16896,,,,,,
182190000943400,63284190898009,207,-4288,1568,-2400,1344,525056,17152,,,,,,
182190001956900,63284191898426,208,-4608,1408,-2592,2176,525184,17920,,,,,,
182190002948200,63284192898759,209,-4480,1440,-2528,192,526208,18624,,,,,,
182190003963600,63284193897967,210,-4768,1376,-2624,576,526208,20416,,,,,,
182190005029200,63284194897842,211,-4640,896,-2272,-448,526016,17280,,,,,,
182190005946000,63284195898092,212,-4352,1472,-2496,640,527872,18176,,,,,,
182190006948600,63284196897926,213,-5024,1696,-2208,2112,526208,15808,,,,,,
182190007971500,63284197897801,214,-4864,992,-2912,1280,524608,18816,,,,,,
182190008960000,63284198898717,215,-5280,992,-2528,1984,524288,17088,,,,,,
182190009946900,63284199897967,216,-4864,1216,-2944,1280,528768,17024,,,,,,
182190010960300,63284200898009,217,-4160,544,-1824,-1280,525568,20224,,,,,,
182190011958900,63284201897842,218,-4640,1312,-2944,-256,526592,18048,,,,,,
182190012959200,63284202897676,219,-5056,1312,-1824,-1856,525056,19136,,,,,,
182190013959400,63284203898092,220,-4992,1312,-2400,-256,526912,19904,,,,,,
182190014945100,63284204897926,221,-4512,1216,-2688,1536,524224,17792,,,,,,
182190015941000,63284205897926,222,-5248,1248,-2784,768,525632,19840,,,,,,
182190016946200,63284206898176,223,-5120,1664,-2208,832,524544,19584,,,,,,
182190017956000,63284207898009,224,-4608,1024,-2272,960,526336,20032,,,,,,
182190018954900,63284208898176,225,-5184,1312,-1888,-1344,523904,17024,,,,,,
182190019949600,63284209898051,226,-5280,1408,-2656,-320,525376,18112,,,,,,
182190020946900,63284210898009,227,-5440,1600,-3200,-192,524352,19072,,,,,,
182190021962000,63284211897926,228,-4992,1248,-2336,640,525952,18432,,,,,,
182190022963500,63284212897884,229,-5536,1248,-2336,1728,523520,19712,,,,,,
182190023954200,63284213898051,230,-4000,992,-2048,832,527104,18368,,,,,,
182190024944700,63284214897967,231,-5472,1408,-2560,512,526784,20096,,,,,,
182190025949000,63284215898467,232,-4352,1088,-1856,1792,525760,17408,,,,,,
182190026944900,63284216897717,233,-4960,1216,-2528,-192,525568,18816,,,,,,
182190027958800,63284217897926,234,-4800,1504,-2976,-768,524480,17792,,,,,,
182190028955500,63284218897842,235,-5056,992,-2144,512,523840,18368,,,,,,
182190029944200,63284219897842,236,-4544,1632,-2688,1344,525376,17920,,,,,,
182190030953900,63284220898217,237,-4992,1312,-2304,704,526080,20608,,,,,,
182190031955700,63284221897926,238,-4672,1184,-2368,832,525888,19008,,,,,,
182190032944100,63284222899009,239,-5344,1376,-2528,1344,524416,17152,,,,,,
182190033945700,63284223897967,240,-4928,1184,-2112,1408,525056,20608,,,,,,
182190034941600,63284224897967,241,-5152,1344,-2528,1152,527680,18240,,,,,,
182190036031700,63284225897926,242,-4960,1600,-2336,-512,526144,20992,,,,,,
182190036944700,63284226897884,243,-5216,1088,-2496,1216,526720,20864,,,,,,
182190037951900,63284227900467,244,-4832,1120,-2368,-320,527168,20032,,,,,,
182190038960200,63284228898051,245,-4512,1216,-2944,-320,525760,17792,,,,,,
182190039948000,63284229897967,246,-5120,1184,-2400,448,524992,16704,,,,,,
182190040944500,63284230897801,247,-5472,1280,-2240,256,524992,18304,,,,,,
182190041943500,63284231898051,248,-5280,1472,-2240,-576,526464,19584,,,,,,
182190042948200,63284232899342,249,-4768,1792,-2400,0,527616,19840,,,,,,
182190043946100,63284233899259,250,-5216,1120,-2624,-192,526272,18816,,,,,,
182190044956400,63284234897842,251,-5280,1120,-3008,1088,524672,16576,,,,,,
182190045955600,63284235898092,252,-4960,1408,-2112,128,526464,18880,,,,,,
182190046958800,63284236897967,253,-4896,1248,-2912,-1344,526656,18688,,,,,,
182190047959700,63284237899134,254,-5472,1120,-2880,128,526400,17472,,,,,,
182190048946800,63284238897967,255,-4576,1088,-2144,-320,524992,16960,,,,,,
182190049943500,63284239898051,0,-5280,1504,-1856,-1024,524672,20480,,,,,,
182190050941100,63284240898134,1,-5408,1216,-2496,960,527552,18240,,,,,,
182190051947800,63284241899426,2,-4864,1248,-2272,768,525312,18560,,,,,,
182190052951800,63284242899509,3,-4608,1408,-2272,1344,525184,18432,,,,,,
182190053953000,63284243897967,4,-5696,1184,-2304,-832,524608,18816,,,,,,
182190054947900,63284244897801,5,-5120,1376,-2432,192,523008,17088,,,,,,
182190056004700,63284245898051,6,-4960,1216,-2176,1856,525760,17216,,,,,,
182190056945500,63284246899009,7,-4800,1344,-2144,1216,525504,17984,,,,,,
182190057948700,63284247898051,8,-5184,1088,-2176,0,526336,18496,,,,,,
182190058947500,63284248897884,9,-5120,1408,-2592,0,525376,18240,,,,,,
182190059957200,63284249898009,10,-5408,1344,-2624,1856,525376,17024,,,,,,
182190060947000,63284250898092,11,-4800,928,-2528,-448,525440,18048,,,,,,
182190061945100,63284251897926,12,-5504,1600,-2432,-704,525248,17472,,,,,,
182190062953300,63284252897842,13,-4640,1376,-2656,1024,525056,18560,,,,,,
182190063959200,63284253897967,14,-5248,1184,-2208,-1152,528192,19392,,,,,,
182190064954000,63284254897717,15,-5024,1184,-2304,704,526528,19904,,,,,,
182190065946600,63284255897967,16,-5472,1408,-2976,-1984,525504,19008,,,,,,
182190066953700,63284256898217,17,-5088,928,-2624,1664,523456,18304,,,,,,
182190067951000,63284257898051,18,-5120,1344,-2240,-1344,525376,17728,,,,,,
182190068953500,63284258897884,19,-5152,1248,-2144,1024,525184,18304,,,,,,
182190069948300,63284259898134,20,-5312,1312,-2560,-1024,525376,19072,,,,,,
182190070953500,63284260898134,21,-4768,1216,-2368,-1408,526848,19712,,,,,,
182190071944900,63284261898051,22,-5088,1184,-2016,-704,524608,17280,,,,,,
182190072944500,63284262899801,23,-5248,1120,-2624,-1152,525056,18240,,,,,,
182190073948800,63284263897842,24,-5088,1472,-3232,-512,524672,19520,,,,,,
182190074967200,63284264898009,25,-5184,1248,-2720,1536,525056,19136,,,,,,
182190075949600,63284265898009,26,-4352,1216,-1920,-768,523776,19072,,,,,,
182190076953100,63284266897884,27,-4544,1056,-2208,-320,525696,19200,,,,,,
182190077949400,63284267898259,28,-5312,1280,-2432,-128,525824,19328,,,,,,
182190078957000,63284268897926,29,-4992,1152,-1856,-448,526336,19840,,,,,,
182190079946000,63284269897967,30,-5568,1440,-2304,-1216,526208,18496,,,,,,
182190080947100,63284270897884,31,-4864,1024,-2144,-768,525888,17600,,,,,,
182190081945800,63284271897967,32,-4576,896,-2240,896,524992,21056,,,,,,
182190082957700,63284272897801,33,-5216,1472,-2496,-640,524864,17408,,,,,,
182190083949200,63284273898884,34,-4576,1088,-1984,-128,524864,17664,,,,,,
182190084950000,63284274898176,35,-5472,1728,-3168,192,523968,18944,,,,,,
182190085954400,63284275897884,36,-4544,928,-2400,448,525888,16576,,,,,,
182190086945000,63284276897884,37,-5312,1056,-2656,1792,525056,19584,,,,,,
182190087941600,63284277897884,38,-4416,1408,-2816,1408,524352,18816,,,,,,
182190088945300,63284278897967,39,-5440,1408,-2464,384,525312,18880,,,,,,
182190089946200,63284279897967,40,-4864,1120,-2720,0,524544,18752,,,,,,
182190090952100,63284280899342,41,-4800,1408,-2208,-1472,524032,19648,,,,,,
182190091945600,63284281897801,42,-4768,1408,-2752,-832,525184,16192,,,,,,
182190092947400,63284282897926,43,-4448,1344,-2624,0,524800,19008,,,,,,
182190093947100,63284283897842,44,-4192,1184,-1920,64,524416,19456,,,,,,
182190094944200,63284284898551,45,-4544,1312,-2656,-64,524544,17792,,,,,,
182190095950400,63284285897926,46,-5216,1312,-2272,704,525760,18816,,,,,,
182190096946500,63284286898217,47,-4832,1120,-2688,576,525696,18432,,,,,,
182190097944900,63284287897884,48,-4544,1088,-1888,-1792,525376,20416,,,,,,
182190098947600,63284288897759,49,-4480,864,-2432,-960,525952,19648,,,,,,
182190099955600,63284289897967,50,-4704,1600,-2720,2368,524224,19008,,,,,,
182190100952700,63284290898051,51,-4544,1056,-2080,-128,524672,16640,,,,,,
182190101949600,63284291898759,52,-4672,1120,-2112,0,524800,20480,,,,,,
182190102950000,63284292898092,53,-4704,1536,-2048,576,524480,19392,,,,,,
182190103945600,63284293897884,54,-4256,1088,-2848,-384,524160,17792,,,,,,
182190104945900,63284294897967,55,-4480,1248,-1920,-64,525760,19520,,,,,,
182190105947600,63284295897842,56,-4160,1440,-2592,128,525312,20224,,,,,,
182190106969100,63284296898009,57,-4704,1248,-3136,1152,525312,17536,,,,,,
182190107952200,63284297898717,58,-4160,1216,-2112,-1856,522880,17472,,,,,,
182190108958100,63284298897801,59,-4672,1280,-1792,768,524992,18304,,,,,,
182190109954600,63284299897842,60,-4928,928,-1952,-640,523968,17664,,,,,,
182190110955100,63284300898051,61,-4544,1504,-2528,192,524160,18688,,,,,,
182190111958300,63284301897801,62,-4384,1376,-1856,-640,524736,19072,,,,,,
182190112955500,63284302897884,63,-4608,1088,-2560,192,525440,20224,,,,,,
182190113958200,63284303898801,64,-4128,1184,-2496,-704,524224,19072,,,,,,
182190114951300,63284304897967,65,-4192,1376,-1760,-128,524800,18432,,,,,,
182190115953800,63284305897967,66,-4032,736,-1920,64,524992,18112,,,,,,
182190116954200,63284306897759,67,-4000,1568,-2656,1408,524352,18432,,,,,,
182190117955100,63284307897926,68,-4800,1216,-2560,768,525248,20480,,,,,,
182190118956300,63284308897926,69,-4384,1408,-2368,-1152,525376,17088,,,,,,
182190119953500,63284309898009,70,-4672,1120,-2432,1408,525568,17984,,,,,,
182190120952100,63284310897801,71,-4512,1920,-2816,1600,524736,20736,,,,,,
182190121953900,63284311898842,72,-4416,1408,-2656,128,525504,19904,,,,,,
182190122950800,63284312897926,73,-4000,1184,-2624,-1344,523584,17408,,,,,,
182190123955700,63284313897801,74,-4032,1120,-1696,640,522944,18624,,,,,,
182190124958200,63284314898051,75,-4416,1344,-1952,192,526336,19392,,,,,,
182190125949300,63284315897926,76,-4608,1312,-2368,-448,525184,18368,,,,,,
182190126953100,63284316897884,77,-4544,1248,-2336,-1216,524736,16832,,,,,,
182190127958900,63284317897759,78,-4512,1536,-2112,1024,524416,18816,,,,,,
182190128994300,63284318897967,79,-4768,1120,-2144,-704,522048,20288,,,,,,
182190129959200,63284319898009,80,-4704,1024,-2496,-1536,523904,20864,,,,,,
182190131007400,63284320897801,81,-4128,1600,-1984,1088,523520,19584,,,,,,
182190131950300,63284321898717,82,-4864,1568,-2304,-384,525056,18432,,,,,,
182190132955000,63284322897967,83,-4640,1376,-2624,-1920,525760,19008,,,,,,
182190133949100,63284323897926,84,-4000,1440,-2848,-64,525120,20480,,,,,,
182190134957100,63284324897884,85,-3936,1376,-2176,448,525056,18752,,,,,,
182190136126600,63284325898051,86,-3808,1184,-1888,1344,525504,17344,,,,,,
182190136939600,63284326899217,87,-4096,1440,-2560,-384,524544,20224,,,,,,
182190137937700,63284327899384,88,-4928,1088,-3008,1472,525696,18816,,,,,,
182190138940700,63284328897759,89,-4224,1600,-2656,512,525376,16704,,,,,,
182190139955200,63284329898009,90,-4288,1536,-2208,-64,524800,17280,,,,,,
182190140945300,63284330897926,91,-4128,1184,-2080,512,523456,19328,,,,,,
182190141946700,63284331897842,92,-4480,768,-2048,-128,525568,18496,,,,,,
182190142950200,63284332897926,93,-4096,1472,-2944,-896,524608,17600,,,,,,
182190143952000,63284333897967,94,-4416,1216,-2144,2752,523136,18048,,,,,,
182190144951900,63284334897884,95,-4576,960,-1760,-1152,523264,19968,,,,,,
182190145950600,63284335897759,96,-4512,1184,-2560,1344,524352,19200,,,,,,
182190146948000,63284336898051,97,-4608,1120,-2272,2688,525312,18432,,,,,,
182190147958700,63284337897967,98,-4192,1472,-2400,-512,523456,18240,,,,,,
182190148949100,63284338897926,99,-4800,1312,-2560,-640,524032,17408,,,,,,
182190150071300,63284339899259,100,-4544,1088,-2336,448,524160,18240,,,,,,
182190151049600,63284340898051,101,-4352,672,-2208,-640,525440,19712,,,,,,
182190152120100,63284341898051,102,-3904,1312,-1952,-64,525376,18624,,,,,,
182190153087500,63284342897926,103,-4992,1472,-2912,-256,526912,17920,,,,,,
182190154044200,63284343899176,104,-4288,1376,-1952,1088,524544,18624,,,,,,
182190154958000,63284344897842,105,-4896,1280,-2560,-448,525824,19968,,,,,,
182190155954400,63284345897801,106,-4608,1248,-2176,704,526080,20352,,,,,,
182190156953000,63284346897884,107,-5152,1216,-3168,576,525376,17408,,,,,,
182190157949800,63284347897967,108,-4544,1216,-2400,768,525760,20416,,,,,,
182190158949400,63284348897926,109,-4480,992,-2688,768,527296,20480,,,,,,
182190159950200,63284349897842,110,-4704,1152,-2784,-512,526080,18560,,,,,,
182190160950900,63284350900301,111,-4960,1248,-2560,-1216,526400,17408,,,,,,
182190161963800,63284351898801,112,-4032,1408,-2176,-1536,526336,19904,,,,,,
182190162951700,63284352898634,113,-4672,768,-1888,384,524032,18496,,,,,,
182190163951400,63284353900342,114,-4992,992,-2784,192,525504,20224,,,,,,
182190164949300,63284354898051,115,-5056,896,-2560,256,524992,20288,,,,,,
182190165948100,63284355900176,116,-4960,1408,-2528,-384,525696,19840,,,,,,
182190166945500,63284356898759,117,-4864,1248,-2688,1088,526400,17728,,,,,,
182190167947000,63284357897801,118,-4992,1024,-1952,1152,526336,18880,,,,,,
182190168940900,63284358898051,119,-4576,1312,-2528,-1088,527744,17792,,,,,,
182190169942800,63284359899259,120,-4736,1728,-2656,-448,525568,20864,,,,,,
182190170941600,63284360897842,121,-4928,1280,-2336,256,525568,18368,,,,,,
182190171948500,63284361898009,122,-4640,1504,-2144,-704,525056,17536,,,,,,
182190172949200,63284362898217,123,-5184,640,-2496,960,526784,20352,,,,,,
182190173955300,63284363900051,124,-5280,1504,-2112,1664,523712,16960,,,,,,
182190174949100,63284364897801,125,-5280,1728,-2496,-1536,526784,20416,,,,,,
182190175952800,63284365898134,126,-4864,1216,-2048,-128,526528,18624,,,,,,
182190176970800,63284366897884,127,-5280,1472,-2656,-128,525376,18688,,,,,,
182190177949900,63284367897801,128,-5536,1152,-3008,896,527680,17728,,,,,,
182190178987900,63284368898092,129,-5088,992,-2688,-1216,526208,18176,,,,,,
182190180370700,63284369897884,130,-5248,1280,-2816,64,524224,16064,,,,,,
182190180951300,63284370897967,131,-5408,1280,-2368,1600,524544,19712,,,,,,
182190181945900,63284371897759,132,-4768,640,-2112,1536,525248,18624,,,,,,
182190182952300,63284372898217,133,-5472,1536,-2208,1024,526016,18304,,,,,,
182190183954900,63284373897967,134,-4960,1472,-1824,768,526144,16192,,,,,,
182190184974500,63284374898634,135,-5248,1472,-2400,64,526016,19776,,,,,,
182190185950000,63284375897759,136,-5184,1536,-2208,-128,526592,19328,,,,,,
182190186948100,63284376897967,137,-4960,896,-2848,832,525440,17152,,,,,,
182190187959200,63284377900009,138,-5536,1248,-2688,1472,524416,19136,,,,,,
182190188950600,63284378897926,139,-5056,1344,-2560,960,526272,16256,,,,,,
182190189949400,63284379898051,140,-5120,1056,-2752,768,526592,19264,,,,,,
182190190959400,63284380899509,141,-5472,1248,-1984,0,525760,19712,,,,,,
182190191959400,63284381897884,142,-5056,1600,-2304,-1536,526208,18880,,,,,,
182190192947600,63284382897842,143,-4992,1056,-2240,128,526912,18752,,,,,,
182190193946500,63284383898717,144,-5600,1152,-2048,-512,526848,20352,,,,,,
182190194949700,63284384897759,145,-5024,992,-1952,640,524864,20864,,,,,,
182190195956200,63284385897926,146,-5504,1440,-2048,1024,525824,18752,,,,,,
182190196972800,63284386897967,147,-5504,832,-2272,384,525632,19712,,,,,,
182190197949000,63284387899384,148,-5344,1408,-1920,448,525376,18560,,,,,,
182190198948600,63284388897926,149,-4992,1312,-2208,-1536,525760,17472,,,,,,
182190199954500,63284389897759,150,-6208,1344,-2304,320,526272,20352,,,,,,
182190200962300,63284390899509,151,-4608,1280,-2208,512,525952,17600,,,,,,
182190201947700,63284391897967,152,-5184,1696,-2720,832,525824,17088,,,,,,
182190202947800,63284392900259,153,-5120,992,-2368,1600,527168,17920,,,,,,
182190203947200,63284393897717,154,-5504,1312,-2528,-576,525888,18752,,,,,,
182190204955300,63284394897884,155,-5344,1408,-2432,1920,525248,20992,,,,,,
182190205949200,63284395897967,156,-4736,1408,-2528,-256,525952,18368,,,,,,
182190206966200,63284396897801,157,-5344,1600,-2720,-192,525184,16704,,,,,,
182190207955300,63284397897967,158,-5184,1088,-2176,192,526528,16768,,,,,,
182190208956300,63284398899426,159,-5184,1408,-2336,-128,526720,18880,,,,,,
182190209955600,63284399901384,160,-4512,1280,-2304,1024,525952,20864,,,,,,
182190210957600,63284400899342,161,-4992,1696,-2560,960,525312,19904,,,,,,
182190211958400,63284401897967,162,-5088,1376,-2976,2304,526336,21760,,,,,,
182190212963500,63284402897926,163,-4832,1024,-2304,896,526912,17920,,,,,,
182190213971200,63284403897884,164,-4576,1408,-2144,1280,526080,18112,,,,,,
182190214968900,63284404899009,165,-4960,1504,-2688,-1664,525120,18112,,,,,,
182190215969300,63284405898009,166,-4608,1152,-2592,768,525312,18240,,,,,,
182190216960200,63284406897884,167,-5120,1728,-2880,2048,526656,17536,,,,,,
182190217956300,63284407897842,168,-5344,1216,-2592,2112,525056,18496,,,,,,
182190218957200,63284408897967,169,-5024,1248,-2336,-128,525440,20736,,,,,,
182190220100600,63284409898217,170,-5056,1536,-2592,320,525888,21376,,,,,,
182190220954200,63284410899467,171,-4896,1472,-2528,832,526592,16896,,,,,,
182190221953600,63284411899259,172,-5248,1344,-2304,1152,524160,19072,,,,,,
182190222949500,63284412897967,173,-4768,1312,-2720,-448,526592,17792,,,,,,
182190223960700,63284413897967,174,-4448,1184,-2528,512,526144,20544,,,,,,
182190224957300,63284414897926,175,-4736,1120,-2496,192,525312,18240,,,,,,
182190225956900,63284415899176,176,-5344,1504,-2240,-1600,525504,18944,,,,,,
182190226958700,63284416897884,177,-5280,1376,-2592,512,526336,16768,,,,,,
182190228145000,63284417897967,178,-4480,1024,-1856,896,525056,19584,,,,,,
182190228961900,63284418897801,179,-4640,864,-2240,2304,525760,19008,,,,,,
182190229948300,63284419901009,180,-4544,1344,-2112,-384,524544,18240,,,,,,
182190230953400,63284420898009,181,-4384,1600,-2080,448,524736,19840,,,,,,
182190231963500,63284421897759,182,-4864,1056,-2176,1344,524288,20160,,,,,,
182190232956400,63284422897842,183,-5248,928,-1856,-448,524032,19584,,,,,,
182190233955000,63284423897926,184,-4544,1216,-2400,-384,524992,19136,,,,,,
182190234958700,63284424897884,185,-4800,864,-2464,-1408,525568,15680,,,,,,
182190235954400,63284425897884,186,-4448,1248,-2080,64,525312,19072,,,,,,
182190236955000,63284426898842,187,-4672,1088,-2208,896,525440,18112,,,,,,
182190237954800,63284427897884,188,-5216,960,-2656,320,526656,16960,,,,,,
182190239080500,63284428897759,189,-4864,1536,-2176,1152,523712,18624,,,,,,
182190239962500,63284429897926,190,-5056,992,-2048,-320,525248,19136,,,,,,
182190240950100,63284430899009,191,-5312,1568,-2688,-1024,524416,19072,,,,,,
182190241972900,63284431897842,192,-4736,1632,-3296,832,525888,18048,,,,,,
182190242955500,63284432897926,193,-4416,1248,-2816,2240,526080,19072,,,,,,
182190243961500,63284433897967,194,-4992,1312,-2176,384,522368,17536,,,,,,
182190244950200,63284434898176,195,-4672,1120,-2432,-960,524352,16768,,,,,,
182190245956800,63284435897926,196,-4736,1440,-2432,2176,525888,19584,,,,,,
182190246957800,63284436897801,197,-4864,1408,-2560,-384,523840,17984,,,,,,
182190247949200,63284437898134,198,-4768,1056,-2240,-1344,524608,17984,,,,,,
182190248983000,63284438897842,199,-4608,1536,-2336,64,523264,19200,,,,,,
182190249958300,63284439900717,200,-4864,1280,-2592,-192,524416,20608,,,,,,
182190250956800,63284440897884,201,-4864,1216,-2752,-896,523904,18688,,,,,,
182190251956900,63284441897926,202,-4512,1440,-2176,1728,523008,18240,,,,,,
182190252958500,63284442898551,203,-4768,1440,-2816,320,523712,18880,,,,,,
182190253952600,63284443897884,204,-4640,1024,-2304,-1152,524544,17280,,,,,,
182190254958100,63284444898092,205,-4704,1120,-1952,-1600,523584,19840,,,,,,
182190255964300,63284445899384,206,-4064,1472,-1952,-448,525952,19712,,,,,,
182190256963400,63284446899092,207,-4576,1344,-2208,896,523712,18688,,,,,,
182190257957900,63284447898301,208,-4320,1024,-2464,448,524992,17472,,,,,,
182190258958000,63284448897884,209,-4384,1408,-2464,1344,525120,17664,,,,,,
182190259956900,63284449897884,210,-4192,1344,-2400,1216,525184,17792,,,,,,
182190260959800,63284450897801,211,-4448,1056,-2784,192,525440,19904,,,,,,
182190261960600,63284451897967,212,-5088,1504,-2336,1536,524160,18944,,,,,,
182190262960100,63284452898009,213,-4576,1504,-1920,1408,522624,20288,,,,,,
182190263957800,63284453897884,214,-4224,1312,-2560,-128,523584,18304,,,,,,
182190264962300,63284454897842,215,-4640,1472,-2496,-640,523520,17152,,,,,,
182190265961100,63284455898051,216,-4640,1312,-2560,256,527040,19968,,,,,,
182190266962100,63284456897967,217,-4384,960,-1920,704,524096,17024,,,,,,
182190267959700,63284457899426,218,-4096,1536,-2304,-64,523776,19840,,,,,,
182190268957600,63284458897759,219,-4320,1216,-2336,-768,524032,18048,,,,,,
182190269957900,63284459897967,220,-3872,1440,-2144,448,523904,19072,,,,,,
182190270961300,63284460897842,221,-4224,1856,-2496,896,524928,21504,,,,,,
182190271957600,63284461897801,222,-4512,1408,-2496,-320,523840,19136,,,,,,
182190272958400,63284462898051,223,-4160,896,-1952,512,524288,20096,,,,,,
182190273960400,63284463897967,224,-4640,1216,-2496,384,523648,19584,,,,,,
182190274958400,63284464900342,225,-4768,1216,-2528,0,524096,18688,,,,,,
182190275951600,63284465897717,226,-4160,1728,-2944,-512,524032,18816,,,,,,
182190276955200,63284466899342,227,-4480,1216,-2144,-1152,524224,17664,,,,,,
182190277957000,63284467897926,228,-4480,1696,-2208,576,525248,20224,,,,,,
182190278962500,63284468897759,229,-4416,1280,-2720,-320,525248,19200,,,,,,
182190279963400,63284469899176,230,-4448,960,-2336,384,524480,19648,,,,,,
182190280954400,63284470900842,231,-4192,1088,-2688,1984,526848,19072,,,,,,
182190281956800,63284471897884,232,-4640,1216,-1632,576,526720,18496,,,,,,
182190282971500,63284472897801,233,-4544,1024,-2528,-320,525120,19904,,,,,,
182190283959100,63284473897967,234,-4576,1248,-2176,-576,524672,18240,,,,,,
182190284956900,63284474898176,235,-4480,1440,-2496,1984,525056,17408,,,,,,
182190285961500,63284475897926,236,-4448,1248,-1952,-192,522816,19904,,,,,,
182190286962800,63284476897717,237,-4416,1312,-2688,-640,524928,16064,,,,,,
182190287962900,63284477897926,238,-4608,1504,-2144,-768,523456,19200,,,,,,
182190288963200,63284478897842,239,-4480,1568,-3200,-1024,525760,16768,,,,,,
182190289949600,63284479897926,240,-4608,1504,-2112,128,524608,18368,,,,,,
182190290966200,63284480898176,241,-4480,1536,-2752,-320,522624,17536,,,,,,
182190291957200,63284481897967,242,-4032,1088,-2144,-1088,525440,21568,,,,,,
182190292960300,63284482897842,243,-4576,1312,-2240,384,524672,17792,,,,,,
182190293962100,63284483898426,244,-4480,1120,-1984,-1408,524928,18560,,,,,,
182190295020400,63284484898801,245,-4544,1440,-2368,512,525184,17728,,,,,,
182190295961100,63284485897801,246,-4224,1408,-2368,-192,526656,19328,,,,,,
182190296959300,63284486898426,247,-4768,1504,-2080,1152,523584,18816,,,,,,
182190297951400,63284487897717,248,-4416,1312,-2688,-2304,525504,17472,,,,,,
182190298968900,63284488897884,249,-4864,1184,-2240,-1600,525312,17024,,,,,,
182190299955400,63284489897759,250,-3904,1088,-2304,-1472,526272,17536,,,,,,
182190300960600,63284490897801,251,-4896,960,-2112,-1344,526400,18944,,,,,,
182190301962400,63284491898009,252,-4832,1632,-2368,-192,525568,20928,,,,,,
182190302962100,63284492897842,253,-4640,1120,-2688,256,525440,16960,,,,,,
182190303963500,63284493898217,254,-4128,896,-2304,-704,522688,18496,,,,,,
182190304964100,63284494897759,255,-4256,1536,-2240,-128,524224,18688,,,,,,
182190305953600,63284495897801,0,-4224,1280,-2560,1792,524928,19712,,,,,,
182190306939700,63284496897884,1,-5568,1408,-2560,192,524928,18688,,,,,,
182190307939800,63284497897759,2,-4512,1440,-2112,1344,523712,16640,,,,,,
182190308949700,63284498898342,3,-4576,960,-2432,-256,525696,18240,,,,,,
182190309975600,63284499897884,4,-5152,896,-2368,512,524736,18432,,,,,,
182190310958600,63284500897759,5,-4416,1600,-2208,1216,527040,19904,,,,,,
182190311953800,63284501897842,6,-4384,1504,-2720,384,525056,19136,,,,,,
182190312959100,63284502897842,7,-4672,1376,-2528,0,526208,19776,,,,,,
182190313962100,63284503897842,8,-4160,1024,-2528,384,525120,19712,,,,,,
182190314962200,63284504899676,9,-5056,1600,-2592,-64,524608,19328,,,,,,
182190315955900,63284505899176,10,-4512,1440,-2272,576,525312,18368,,,,,,
182190316953600,63284506898092,11,-4480,1696,-2528,576,525056,17536,,,,,,
182190317952700,63284507898051,12,-4608,1120,-2336,1856,526016,19072,,,,,,
182190318953700,63284508897384,13,-4512,1184,-2240,-832,526912,19712,,,,,,
182190319955900,63284509897926,14,-4992,1504,-2816,1472,526592,17792,,,,,,
182190320956100,63284510898759,15,-5088,896,-2496,256,525504,18880,,,,,,
182190321951700,63284511898176,16,-4768,896,-2432,448,525632,18752,,,,,,
182190322963500,63284512897759,17,-4256,1184,-3264,-128,526144,18432,,,,,,
182190323973500,63284513899051,18,-5056,1440,-2976,1024,525120,19008,,,,,,
182190324950600,63284514897801,19,-5504,1408,-2528,-64,526336,20096,,,,,,
182190325957200,63284515897926,20,-4832,1120,-1600,576,525888,18688,,,,,,
182190326965400,63284516898259,21,-5216,1344,-2592,-2432,523776,18560,,,,,,
182190327951600,63284517897884,22,-5216,1600,-2912,-2048,526656,20032,,,,,,
182190328959500,63284518897926,23,-4832,1248,-2560,1280,527680,16576,,,,,,
182190329955700,63284519897759,24,-5376,864,-2048,704,526592,18496,,,,,,
182190330966200,63284520897551,25,-5216,1792,-2752,512,526976,17600,,,,,,
182190331948900,63284521898051,26,-4832,1344,-2208,-256,526464,18048,,,,,,
182190332945200,63284522897967,27,-4800,1440,-2720,640,526144,19136,,,,,,
182190333958000,63284523897884,28,-4352,1344,-1600,0,524672,18752,,,,,,
182190334956500,63284524897967,29,-5568,864,-2976,-704,525632,20480,,,,,,
182190335950500,63284525900426,30,-5248,1248,-3072,1664,526144,18624,,,,,,
182190336962900,63284526897884,31,-4512,1504,-2752,832,526336,16704,,,,,,
182190337965300,63284527898426,32,-4864,1664,-2592,-1024,527680,19264,,,,,,
182190338957500,63284528897884,33,-4736,992,-2080,256,526208,17664,,,,,,
182190339955500,63284529897842,34,-5344,736,-2464,1664,526656,19520,,,,,,
182190340957800,63284530899426,35,-4608,1536,-2176,-256,526080,18496,,,,,,
182190341967300,63284531898051,36,-5312,1696,-2272,2048,524928,18240,,,,,,
182190342949000,63284532897842,37,-4704,1344,-2304,512,527744,22144,,,,,,
182190343954800,63284533897842,38,-4352,1024,-1984,-832,526016,21888,,,,,,
182190344957300,63284534898759,39,-4352,896,-2336,448,525696,18816,,,,,,
182190345949100,63284535898009,40,-4704,1248,-2048,-320,525312,20160,,,,,,
182190346953000,63284536897884,41,-4448,1248,-1952,-832,525888,18816,,,,,,
182190347975100,63284537897842,42,-5088,1152,-2624,640,527232,18432,,,,,,
182190348958300,63284538898051,43,-5440,1440,-2176,384,525568,18048,,,,,,
182190349953800,63284539897884,44,-5120,1440,-3072,0,526272,20800,,,,,,
182190350954900,63284540899551,45,-5120,1440,-2752,-576,524736,18752,,,,,,
182190351954600,63284541897884,46,-5312,1280,-2592,0,524992,15744,,,,,,
182190352957000,63284542897926,47,-4832,1504,-2624,448,526208,18368,,,,,,
182190353951800,63284543898551,48,-4864,1248,-2016,1344,524928,19136,,,,,,
182190354958100,63284544897801,49,-4864,1760,-2784,128,525440,18752,,,,,,
182190355964000,63284545899842,50,-5088,1824,-2016,640,527552,17728,,,,,,
182190356958200,63284546898051,51,-4832,1248,-2560,0,526784,17984,,,,,,
182190357956000,63284547897884,52,-4480,1408,-2336,-320,526848,18304,,,,,,
182190358956400,63284548899301,53,-4512,1024,-2208,1216,526208,17984,,,,,,
182190359957300,63284549897926,54,-4864,1824,-2656,-1216,526336,16832,,,,,,
182190360958600,63284550898009,55,-4832,1344,-2176,-896,526784,16896,,,,,,
182190361957800,63284551897926,56,-5504,1344,-3104,-1664,526080,16512,,,,,,
182190362960900,63284552897676,57,-4896,1536,-2240,-1088,526400,18560,,,,,,
182190363957100,63284553897967,58,-4704,1248,-2176,768,526208,20672,,,,,,
182190364958400,63284554897801,59,-4768,1664,-1824,832,524992,18624,,,,,,
182190365954800,63284555897842,60,-5056,1248,-2400,512,526016,18112,,,,,,
182190366955000,63284556898092,61,-5216,1248,-2368,-320,526592,18816,,,,,,
182190367957000,63284557898009,62,-4704,1760,-2496,1344,526400,21248,,,,,,
182190368955500,63284558898009,63,-5216,1312,-2656,256,527040,19008,,,,,,
182190369961000,63284559897759,64,-5024,1280,-2432,-512,526336,19264,,,,,,
182190370956600,63284560898051,65,-5120,1280,-2528,-192,526144,19648,,,,,,
182190371956100,63284561897926,66,-5088,1440,-2720,-576,525376,19776,,,,,,
182190372959800,63284562897759,67,-4864,960,-2304,-320,527360,19712,,,,,,
182190373953700,63284563899384,68,-4928,1184,-2720,-1280,523968,20224,,,,,,
182190375050300,63284564897842,69,-4864,1056,-2336,128,524608,18560,,,,,,
182190375948400,63284565897842,70,-5184,1344,-2656,-2496,525568,18624,,,,,,
182190376951500,63284566897759,71,-5216,1440,-2400,512,526272,18240,,,,,,
182190377955600,63284567897926,72,-5568,1600,-2816,576,527168,18176,,,,,,
182190378958000,63284568897842,73,-4992,1344,-2784,320,524288,16448,,,,,,
182190379956900,63284569897842,74,-5184,1440,-2176,832,523200,21184,,,,,,
182190380997000,63284570898884,75,-5728,1472,-2464,0,525696,18496,,,,,,
182190381959400,63284571897926,76,-5152,1472,-2400,512,526336,19520,,,,,,
182190382957000,63284572897509,77,-4832,1376,-2048,448,525504,18624,,,,,,
182190383947300,63284573897926,78,-5088,1568,-2208,-192,526336,17664,,,,,,
182190385078500,63284574897842,79,-4864,1408,-2432,448,525440,19264,,,,,,
182190385952700,63284575898467,80,-4896,1440,-2656,576,526336,17664,,,,,,
182190386974000,63284576897842,81,-5440,1280,-2368,1664,526208,17344,,,,,,
182190387957900,63284577898301,82,-5472,1344,-2880,-448,525056,18624,,,,,,
182190388947300,63284578898092,83,-4832,1184,-1792,384,523392,17152,,,,,,
182190389970900,63284579897717,84,-4800,1184,-2240,-384,523072,19392,,,,,,
182190390952700,63284580897842,85,-4704,1504,-2464,64,524416,21120,,,,,,
182190391954600,63284581898051,86,-4832,1344,-2304,256,524544,20032,,,,,,
182190392956700,63284582898551,87,-4608,1280,-2720,960,523328,19456,,,,,,
182190393957500,63284583897926,88,-4096,768,-1376,-256,524224,20288,,,,,,
182190394956600,63284584897759,89,-4800,800,-2112,-384,521792,18560,,,,,,
182190395955700,63284585897967,90,-4448,1504,-2240,-128,525184,19264,,,,,,
182190396957600,63284586897759,91,-4352,1248,-2464,1280,525120,18752,,,,,,
182190397955200,63284587899217,92,-4544,1600,-2176,64,526848,17984,,,,,,
182190398950000,63284588897717,93,-4736,1856,-2752,1216,525056,19136,,,,,,
182190399948800,63284589897884,94,-5088,1696,-2720,1728,524608,20032,,,,,,
182190400954300,63284590899342,95,-4608,1248,-2368,-1344,525120,18176,,,,,,
182190401963000,63284591897801,96,-4544,1344,-2560,256,525376,20224,,,,,,
182190402951800,63284592898134,97,-4160,1696,-2304,-448,526528,19392,,,,,,
182190403949300,63284593897884,98,-4928,1280,-2464,-1344,521984,17984,,,,,,
182190404961500,63284594897884,99,-4576,1248,-1792,1280,523520,18240,,,,,,
182190405957900,63284595897884,100,-5056,1216,-2560,1216,524864,17472,,,,,,
182190406963700,63284596897926,101,-4544,1408,-2656,1856,526912,19008,,,,,,
182190407956200,63284597898009,102,-4736,1248,-2368,1920,525696,20480,,,,,,
182190408953600,63284598897759,103,-4896,832,-2624,1856,524224,15168,,,,,,
182190409955000,63284599898718,104,-4448,1408,-2400,576,525376,18176,,,,,,
182190410953300,63284600899343,105,-4640,1280,-2048,-256,524288,20480,,,,,,
182190411956100,63284601897884,106,-4768,1792,-2048,640,524352,18880,,,,,,
182190412958000,63284602897843,107,-4384,1184,-2560,384,524096,17408,,,,,,
182190413956400,63284603898009,108,-4512,1248,-2656,-576,526400,21760,,,,,,
182190414952300,63284604898384,109,-4480,1120,-1984,832,524608,18432,,,,,,
182190415947700,63284605897884,110,-4576,1152,-1760,320,524992,20352,,,,,,
182190416944900,63284606897843,111,-4800,1504,-2368,256,525632,17216,,,,,,
182190417947500,63284607897968,112,-3712,992,-2496,-256,525888,17920,,,,,,
182190418950500,63284608897884,113,-4352,1024,-2560,-192,522752,19712,,,,,,
182190420404100,63284609897634,114,-4672,1184,-2816,576,524608,17728,,,,,,
182190420956100,63284610898593,115,-4800,1216,-2016,320,523200,17024,,,,,,
182190421951700,63284611897926,116,-4480,1216,-2720,-640,525568,19712,,,,,,
182190422952600,63284612897843,117,-4288,768,-2784,-960,524736,19136,,,,,,
182190423956600,63284613897718,118,-3936,1088,-2048,-448,524544,18112,,,,,,
182190424959400,63284614897968,119,-4480,1088,-2560,832,524864,17920,,,,,,
182190425956000,63284615898051,120,-4704,1472,-2592,-192,524736,20032,,,,,,
182190426958400,63284616899384,121,-4512,1216,-2336,-64,523392,19712,,,,,,
182190427958800,63284617897801,122,-4192,1600,-1664,-896,523136,17344,,,,,,
182190428959200,63284618898009,123,-4480,1344,-2784,-960,525184,18496,,,,,,
182190429958100,63284619897593,124,-3968,1280,-2784,1536,526208,18624,,,,,,
182190430946600,63284620897843,125,-3872,576,-2112,1728,525120,18304,,,,,,
182190432011900,63284621898009,126,-4448,1088,-2528,-512,525376,15872,,,,,,
182190432960600,63284622900093,127,-4480,928,-2688,1280,527424,20544,,,,,,
182190433954600,63284623903759,128,-4288,1216,-2592,1216,527232,19136,,,,,,
182190434949500,63284624897718,129,-5088,1184,-2368,1152,525504,19392,,,,,,
182190435955200,63284625898009,130,-4384,1248,-2400,-192,525696,18304,,,,,,
182190436956700,63284626897801,131,-4160,1280,-2304,768,526400,17408,,,,,,
182190437957400,63284627897843,132,-4608,1664,-2464,0,525504,18176,,,,,,
182190438956900,63284628897884,133,-4224,1760,-2432,-512,525696,20672,,,,,,
182190439969000,63284629897593,134,-4640,1344,-2528,0,525120,18304,,,,,,
182190440976400,63284630897968,135,-5184,1536,-2432,192,525120,18048,,,,,,
182190441957500,63284631897759,136,-4640,1056,-2560,1216,524608,19648,,,,,,
182190442953900,63284632897926,137,-4480,1312,-2624,-256,524992,22016,,,,,,
182190443956600,63284633897843,138,-4608,1088,-2240,2880,523584,17408,,,,,,
182190444954500,63284634897718,139,-4448,1376,-2240,768,524480,18496,,,,,,
182190445957000,63284635899259,140,-4224,1568,-2080,192,524928,18816,,,,,,
182190446955200,63284636897926,141,-4928,1760,-2336,384,525504,17920,,,,,,
182190447954800,63284637897843,142,-4832,1312,-2528,-1728,525056,17344,,,,,,
182190448958200,63284638897843,143,-4864,1952,-2208,1920,524864,19200,,,,,,
182190449947200,63284639897843,144,-4544,1344,-2752,-256,523584,18112,,,,,,
182190450959000,63284640899218,145,-4992,1408,-2784,64,525376,16960,,,,,,
182190451958000,63284641899176,146,-4032,1184,-1856,-1280,524416,18816,,,,,,
182190452955600,63284642897759,147,-4480,1024,-2816,768,524928,19136,,,,,,
182190453953500,63284643898759,148,-4512,1344,-2368,-256,524416,18304,,,,,,
182190454956900,63284644897884,149,-4352,1216,-2336,1344,523904,19712,,,,,,
182190455952400,63284645897884,150,-4288,1184,-1984,-704,523968,19584,,,,,,
182190456964200,63284646898634,151,-4864,1472,-2560,-192,524288,18368,,,,,,
182190457961900,63284647897884,152,-5024,928,-2400,1024,524928,18880,,,,,,
182190458954800,63284648897759,153,-4544,992,-2400,64,523904,16448,,,,,,
182190459952600,63284649897801,154,-4896,1472,-2752,-64,524928,18624,,,,,,
182190460959700,63284650898093,155,-4672,1184,-2432,1984,524032,19584,,,,,,
182190461962000,63284651897884,156,-4288,896,-2432,-64,524352,18816,,,,,,
182190462955700,63284652897884,157,-4928,1376,-2432,-1344,525888,17792,,,,,,
182190463954800,63284653897801,158,-5056,1248,-2272,-320,525184,20928,,,,,,
182190464964000,63284654897884,159,-4640,1472,-2400,-1280,526272,17088,,,,,,
182190465968300,63284655897968,160,-5056,1696,-2784,192,526144,18624,,,,,,
182190466954900,63284656897968,161,-4320,1568,-2304,1408,524736,18816,,,,,,
182190467954400,63284657898176,162,-4224,1056,-2400,-64,525184,18176,,,,,,
182190468957300,63284658897884,163,-4704,1344,-2528,448,524736,15680,,,,,,
182190469957300,63284659900468,164,-4576,1024,-2368,3648,524544,18048,,,,,,
182190470957600,63284660900718,165,-4608,1024,-2048,384,525568,19328,,,,,,
182190471953000,63284661898051,166,-4800,1152,-2624,256,525376,18880,,,,,,
182190472960400,63284662897968,167,-5120,1312,-2400,-448,525440,18112,,,,,,
182190473956700,63284663897801,168,-4640,1376,-2560,512,524736,16832,,,,,,
182190474956500,63284664897759,169,-5056,1472,-2784,1856,525504,20032,,,,,,
182190475956300,63284665898009,170,-4864,800,-1824,1088,526016,18624,,,,,,
182190476961400,63284666897801,171,-4736,1088,-2112,1472,524864,18240,,,,,,
182190477957500,63284667898509,172,-4640,1216,-2400,-448,526144,19584,,,,,,
182190478956000,63284668898051,173,-4256,1312,-2432,-1344,526080,19968,,,,,,
182190479956100,63284669898093,174,-4928,1216,-2496,-576,524928,17216,,,,,,
182190480946800,63284670898884,175,-4672,1248,-2816,-192,527296,18944,,,,,,
182190481971700,63284671899176,176,-4928,1088,-2912,960,526592,17472,,,,,,
182190482953100,63284672897843,177,-5120,864,-2592,960,524608,19648,,,,,,
182190483957200,63284673897801,178,-4544,1472,-2144,1024,525184,17984,,,,,,
182190484958000,63284674897801,179,-4736,928,-2208,960,526400,19456,,,,,,
182190485959800,63284675898051,180,-4800,960,-2624,896,526208,20096,,,,,,
182190486957600,63284676897926,181,-5376,1312,-2592,-384,525888,18432,,,,,,
182190487954000,63284677897968,182,-4736,1024,-1600,-512,527552,18624,,,,,,
182190488954800,63284678897801,183,-5056,832,-3168,-1856,524288,17344,,,,,,
182190489957700,63284679898051,184,-4320,1312,-2112,384,526784,19904,,,,,,
182190490950400,63284680897884,185,-4800,1088,-1632,320,526208,16448,,,,,,
182190491954600,63284681898759,186,-5184,1440,-2272,1984,528768,19136,,,,,,
182190492956100,63284682899426,187,-4928,1376,-1760,1472,525248,17216,,,,,,
182190493961200,63284683897968,188,-5152,1152,-2624,128,524736,17600,,,,,,
182190494952400,63284684897884,189,-4992,1248,-2464,-256,524928,18432,,,,,,
182190495952600,63284685897759,190,-5472,1216,-2880,1856,526336,18048,,,,,,
182190496950200,63284686897884,191,-4800,1024,-2432,-1152,524864,21888,,,,,,
182190497963800,63284687898801,192,-4864,1472,-1888,768,524992,17600,,,,,,
182190498955800,63284688897718,193,-5216,704,-2144,192,524160,17792,,,,,,
182190499955600,63284689898259,194,-4736,1408,-2304,1536,525120,20672,,,,,,
182190500957800,63284690900343,195,-5184,1504,-3008,-640,526528,19328,,,,,,
182190501957700,63284691897843,196,-5056,1280,-2208,384,525760,18816,,,,,,
182190502957100,63284692897718,197,-4992,1408,-2176,-512,524352,19008,,,,,,
182190503957500,63284693898009,198,-4544,864,-2560,640,524736,17472,,,,,,
182190504956800,63284694897968,199,-5056,1376,-1952,-384,525952,15808,,,,,,
182190505947200,63284695897884,200,-4576,1344,-1952,192,524736,19008,,,,,,
182190506959400,63284696897759,201,-5344,1024,-2112,704,526144,18112,,,,,,
182190507957400,63284697897884,202,-4512,1184,-2176,1280,526656,19776,,,,,,
182190508959000,63284698897718,203,-4704,1120,-1632,-192,524224,18688,,,,,,
182190509955100,63284699898426,204,-4896,1120,-2240,-128,524992,19776,,,,,,
182190511251900,63284700899426,205,-4896,1120,-2528,1600,524736,18176,,,,,,
182190511955100,63284701897926,206,-5024,1280,-2304,1024,526144,19264,,,,,,
182190512945400,63284702898009,207,-4256,1536,-2336,-448,525760,16512,,,,,,
182190513941300,63284703897759,208,-5472,1216,-1984,128,526272,20096,,,,,,
182190514953500,63284704898009,209,-4864,1184,-3072,-128,527232,18688,,,,,,
182190515959400,63284705898093,210,-5056,1376,-2624,1280,525504,18048,,,,,,
182190516952600,63284706899259,211,-5152,1440,-2400,-896,524160,17216,,,,,,
182190517954100,63284707897884,212,-5120,960,-3008,-320,527040,18688,,,,,,
182190518953600,63284708897884,213,-5504,1344,-2912,-960,525632,18048,,,,,,
182190519958700,63284709897926,214,-4448,1568,-2656,1024,526976,18368,,,,,,
182190520960800,63284710897801,215,-5056,1440,-2176,192,525440,20480,,,,,,
182190521959300,63284711900843,216,-5472,1024,-2592,64,525376,15808,,,,,,
182190522961600,63284712897884,217,-5472,1952,-2240,1216,525760,18304,,,,,,
182190523958500,63284713897843,218,-4896,1440,-2304,-768,524352,16192,,,,,,
182190524955300,63284714897759,219,-4800,1184,-2016,-1216,523840,17984,,,,,,
182190525960000,63284715897926,220,-5408,1504,-2208,-1536,525632,18688,,,,,,
182190526956600,63284716897551,221,-4800,1568,-2144,-64,527424,19264,,,,,,
182190527955200,63284717898009,222,-4864,1408,-2016,1472,524416,18304,,,,,,
182190528949600,63284718897759,223,-5088,1152,-2432,-1408,523840,17536,,,,,,
182190529945800,63284719898009,224,-4672,1248,-2176,704,525952,16384,,,,,,
182190530959500,63284720898718,225,-4896,864,-2048,-832,524480,17856,,,,,,
182190531956000,63284721900259,226,-4800,1344,-2240,0,525120,17216,,,,,,
182190532958100,63284722898051,227,-4544,1216,-2080,960,526080,19328,,,,,,
182190533967100,63284723898718,228,-4512,1376,-2208,-832,525952,18176,,,,,,
182190534952200,63284724897926,229,-4736,960,-2304,1600,525312,19392,,,,,,
182190536148500,63284725897759,230,-5312,1248,-2336,1408,524736,19776,,,,,,
182190536952800,63284726898093,231,-5280,1344,-2336,576,524096,17600,,,,,,
182190538051500,63284727897843,232,-4896,1312,-2880,1024,524224,17344,,,,,,
182190538960400,63284728897926,233,-4992,1376,-2112,2496,525376,19008,,,,,,
182190539963300,63284729898134,234,-5216,1280,-2176,-128,526080,17088,,,,,,
182190540954400,63284730898009,235,-4608,1632,-2240,512,526464,16768,,,,,,
182190541956800,63284731898343,236,-5344,1344,-1984,-1152,524928,16512,,,,,,
182190542954900,63284732897759,237,-5216,1536,-2656,-1728,525632,18816,,,,,,
182190543955600,63284733897968,238,-5248,1056,-2336,-128,526656,17024,,,,,,
182190544964200,63284734898301,239,-4448,1568,-2240,448,526144,17664,,,,,,
182190545957600,63284735897926,240,-4864,1280,-1792,256,524672,18112,,,,,,
182190546956000,63284736899426,241,-4640,1248,-2368,-576,525888,18496,,,,,,
182190547954200,63284737897968,242,-5184,1728,-2688,0,524096,19456,,,,,,
182190548986900,63284738897884,243,-4416,1312,-2368,-1152,523840,18496,,,,,,
182190549956500,63284739897759,244,-4384,1024,-2112,960,524672,19200,,,,,,
182190550954600,63284740898843,245,-4960,992,-2688,64,525824,19136,,,,,,
182190551954000,63284741898259,246,-5152,1440,-2784,1280,522816,19072,,,,,,
182190552957300,63284742897843,247,-4992,1184,-1984,448,524224,18880,,,,,,
182190553956600,63284743897843,248,-4192,1312,-1760,-512,526464,17088,,,,,,
182190554954100,63284744899509,249,-4704,1728,-2592,-192,523776,20032,,,,,,
182190555985700,63284745897968,250,-5056,1120,-2208,960,524608,19008,,,,,,
182190557015600,63284746897884,251,-4320,1088,-1920,1024,523840,18304,,,,,,
182190557962400,63284747899968,252,-4704,1440,-2272,960,523968,19584,,,,,,
182190558950900,63284748897926,253,-4672,1088,-2016,-384,524672,20480,,,,,,
182190559951900,63284749897968,254,-4480,1248,-2816,-64,522752,20736,,,,,,
182190560947100,63284750897843,255,-4736,1248,-2688,-192,525056,16448,,,,,,
182190561965800,63284751897968,0,-4512,1760,-2688,256,523328,19776,,,,,,
182190562957400,63284752898009,1,-4416,1376,-2496,-960,523520,19072,,,,,,
182190563958600,63284753897676,2,-4640,1280,-2560,1536,523904,18752,,,,,,
182190564960800,63284754897759,3,-4096,992,-1920,-64,523904,19136,,,,,,
182190565964300,63284755897884,4,-4672,1184,-2464,448,525568,17344,,,,,,
182190566955100,63284756897968,5,-4384,1280,-2176,-256,525120,19072,,,,,,
182190567954200,63284757897759,6,-4768,1472,-2752,1216,525248,20416,,,,,,
182190568952500,63284758899134,7,-4512,1376,-2112,512,526016,17472,,,,,,
182190569956600,63284759897884,8,-4768,1312,-2848,-512,524480,18112,,,,,,
182190570959400,63284760897843,9,-4736,1248,-2432,1792,523520,18368,,,,,,
182190571956800,63284761897759,10,-4096,1312,-2272,-1344,524096,16704,,,,,,
182190572944200,63284762897843,11,-4512,1280,-2272,-896,524160,18304,,,,,,
182190573953900,63284763899593,12,-4160,1344,-2304,-576,524992,20416,,,,,,
182190574947700,63284764897843,13,-3872,1248,-2656,-1152,524032,18880,,,,,,
182190575952300,63284765897676,14,-4160,1088,-2240,-64,524224,18176,,,,,,
182190576960000,63284766897968,15,-4128,1408,-2624,-64,524864,19200,,,,,,
182190577958200,63284767897926,16,-4064,1600,-2688,1088,524352,18816,,,,,,
182190578955800,63284768897801,17,-4384,1376,-2528,-128,524288,22208,,,,,,
182190579955600,63284769897968,18,-4352,1120,-2720,192,523840,17984,,,,,,
182190580974200,63284770898634,19,-4768,1024,-2528,-128,523328,17920,,,,,,
182190581959500,63284771897843,20,-4768,1312,-2816,704,525632,19264,,,,,,
182190582957000,63284772897759,21,-4608,1248,-2240,1024,523520,19520,,,,,,
182190583954300,63284773898009,22,-4928,1216,-2656,448,525056,21440,,,,,,
182190584955600,63284774897843,23,-4704,1344,-2368,576,526336,17024,,,,,,
182190585960600,63284775898176,24,-5088,1280,-2816,-768,525376,19392,,,,,,
182190586957500,63284776897968,25,-4224,1408,-2464,-768,524096,16256,,,,,,
182190587957500,63284777897884,26,-4448,1056,-2560,1152,524800,19392,,,,,,
182190588957400,63284778897801,27,-4224,1376,-1696,-384,525504,17792,,,,,,
182190589949900,63284779897676,28,-4672,1184,-2368,384,524096,19456,,,,,,
182190590953300,63284780897926,29,-4544,1632,-2944,576,525504,17536,,,,,,
182190591955100,63284781897926,30,-4736,1696,-1824,960,526080,18880,,,,,,
182190592957200,63284782897843,31,-4960,1696,-2624,256,525888,14016,,,,,,
182190593954400,63284783897968,32,-5056,1408,-2432,320,525248,18496,,,,,,
182190594955300,63284784897968,33,-4256,1024,-2528,-448,525568,19584,,,,,,
182190595959100,63284785897801,34,-4480,1472,-1888,-256,524480,17664,,,,,,
182190596960300,63284786897718,35,-4800,640,-1792,-640,524416,18880,,,,,,
182190597956100,63284787898009,36,-4832,1376,-2816,1600,524928,18240,,,,,,
182190598952300,63284788898009,37,-4640,1248,-2080,256,525568,19840,,,,,,
182190599950000,63284789897759,38,-4480,1344,-2016,1472,524736,16192,,,,,,
182190600953200,63284790897801,39,-4288,1376,-1568,-768,523520,18816,,,,,,
182190601957200,63284791898051,40,-4736,1344,-1856,-384,524352,17984,,,,,,
182190602955600,63284792897884,41,-4864,1920,-2720,960,527872,17536,,,,,,
182190603962400,63284793897759,42,-4544,1472,-2592,1344,525248,20672,,,,,,
182190604960500,63284794898009,43,-4544,1152,-2112,0,525184,19456,,,,,,
182190606195400,63284795897926,44,-4416,960,-2304,1088,528064,20800,,,,,,
182190606960200,63284796897843,45,-4608,1152,-2720,1792,525824,16320,,,,,,
182190607952500,63284797897718,46,-4768,1312,-2528,-256,526528,20096,,,,,,
182190608956200,63284798897926,47,-4832,1120,-2304,1152,525184,17856,,,,,,
182190609957500,63284799897843,48,-4224,1152,-2688,2880,525184,16192,,,,,,
182190610954700,63284800897759,49,-4608,1120,-2688,-1664,524736,19392,,,,,,
182190611954500,63284801897718,50,-4640,1344,-2240,320,523904,20544,,,,,,
182190612955700,63284802897843,51,-4736,1344,-2656,1664,524416,20672,,,,,,
182190613957800,63284803897926,52,-4672,1472,-2752,1600,526720,18112,,,,,,
182190614956400,63284804897801,53,-4864,1216,-2528,-512,525568,18304,,,,,,
182190615953500,63284805897968,54,-4032,1056,-2560,-1216,526208,19328,,,,,,
182190616957300,63284806897843,55,-3936,1376,-2048,-768,526080,17472,,,,,,
182190617958700,63284807897843,56,-4256,1152,-2624,-640,524672,19584,,,,,,
182190618960000,63284808897801,57,-5344,1120,-2912,-256,525248,19328,,,,,,
182190619961300,63284809897884,58,-4288,1216,-2528,64,526208,19904,,,,,,
182190620960600,63284810897843,59,-4352,1248,-2528,-192,525824,18048,,,,,,
182190621955600,63284811897801,60,-4832,1088,-2496,-384,525120,16896,,,,,,
182190622955400,63284812897509,61,-4704,1280,-2464,704,524416,21184,,,,,,
182190624031600,63284813897843,62,-4416,1504,-2720,-128,525056,18368,,,,,,
182190624965000,63284814897801,63,-4384,1440,-1792,320,526656,18752,,,,,,
182190625956800,63284815897676,64,-4992,1536,-3040,384,527296,17152,,,,,,
182190626953600,63284816898051,65,-4672,1248,-2496,-320,527872,18944,,,,,,
182190627953800,63284817897718,66,-5056,1504,-2752,512,526848,17216,,,,,,
182190628960300,63284818897801,67,-4512,1312,-2432,-128,525952,18880,,,,,,
182190629955500,63284819897718,68,-4864,1024,-2368,-1216,527360,18880,,,,,,
182190630945500,63284820897968,69,-4960,992,-2720,1792,526720,17984,,,,,,
182190631960000,63284821897843,70,-4832,960,-2176,128,527360,18624,,,,,,
182190632956000,63284822899926,71,-4704,1312,-2752,-832,525888,16832,,,,,,
182190633952500,63284823898301,72,-4864,1440,-2432,704,525504,19840,,,,,,
182190634953200,63284824900134,73,-5120,1696,-2656,1600,526208,18304,,,,,,
182190635953600,63284825897843,74,-4320,1504,-2272,384,526528,18816,,,,,,
182190636954800,63284826897718,75,-5120,896,-2496,-512,526848,17728,,,,,,
182190637952600,63284827897884,76,-4736,1408,-2880,-704,525632,18112,,,,,,
182190638953500,63284828898009,77,-5024,1536,-2240,-320,525824,18112,,,,,,
182190639955800,63284829899009,78,-5344,1312,-1920,1472,526400,19008,,,,,,
182190640960200,63284830898009,79,-5344,1248,-2368,-1472,525184,19328,,,,,,
182190642099400,63284831897926,80,-5184,1056,-2144,-704,524672,17536,,,,,,
182190642950500,63284832897801,81,-4704,1280,-1920,-768,526464,17856,,,,,,
182190643966100,63284833897759,82,-5056,1184,-1952,-256,526912,19264,,,,,,
182190644947100,63284834898009,83,-5376,1024,-2816,1856,526784,18240,,,,,,
182190645947200,63284835899259,84,-4512,1120,-1792,1088,525568,19136,,,,,,
182190646957800,63284836897801,85,-4800,1312,-2144,1408,524032,23168,,,,,,
182190648029600,63284837897926,86,-5344,1376,-1632,1408,526720,17664,,,,,,
182190648964500,63284838897843,87,-5888,1248,-2624,-1664,526400,19712,,,,,,
182190649955400,63284839897759,88,-5344,1472,-2336,-1024,526464,17408,,,,,,
182190650954000,63284840897843,89,-5152,1344,-2560,-1600,526848,18112,,,,,,
182190651957600,63284841899009,90,-4704,1248,-1920,640,527424,17664,,,,,,
182190652958200,63284842898009,91,-5056,1344,-2112,-1536,524864,17984,,,,,,
182190653954800,63284843897759,92,-5792,1568,-2720,-1984,522176,16768,,,,,,
182190654951600,63284844898384,93,-5280,1216,-2432,1344,525056,20288,,,,,,
182190655942500,63284845897884,94,-5504,1184,-2176,-832,525760,19008,,,,,,
182190656956900,63284846897926,95,-4832,1280,-1856,-1088,524096,18368,,,,,,
182190657984100,63284847897968,96,-5216,1600,-2688,-64,525888,18240,,,,,,
182190658956100,63284848898926,97,-4928,800,-1792,-1216,525440,19136,,,,,,
182190659953400,63284849897926,98,-5408,1600,-2944,832,524864,16960,,,,,,
182190660956500,63284850897926,99,-5344,1120,-2496,960,523072,19840,,,,,,
182190661952500,63284851897676,100,-4736,992,-2144,0,524352,18688,,,,,,
182190662953300,63284852898634,101,-5120,1440,-2240,896,524736,20160,,,,,,
182190663954100,63284853897884,102,-5376,1056,-2464,-704,525568,18048,,,,,,
182190664957800,63284854897759,103,-5312,1600,-2528,-1600,524416,20800,,,,,,
182190665963600,63284855897759,104,-5440,1152,-2048,-64,524480,18304,,,,,,
182190666955000,63284856897968,105,-5088,1376,-1792,-1024,524352,17792,,,,,,
182190667954200,63284857897968,106,-5728,1568,-2400,-768,524736,19008,,,,,,
182190668956000,63284858897718,107,-5120,1152,-2464,-1408,524928,17280,,,,,,
182190669956000,63284859899301,108,-4928,1216,-2752,-320,523072,18304,,,,,,
182190670954100,63284860897884,109,-4960,1216,-2112,-256,525888,22592,,,,,,
182190671954400,63284861897801,110,-5344,1344,-2720,704,525056,21568,,,,,,
182190672955400,63284862897843,111,-4768,928,-2144,-64,523712,19520,,,,,,
182190673951100,63284863897926,112,-5376,1088,-1792,-960,524672,18624,,,,,,
182190674958800,63284864897843,113,-5440,1312,-1696,64,524032,20288,,,,,,
182190675954800,63284865897884,114,-5152,1344,-2880,2240,525760,18816,,,,,,
182190676963600,63284866897718,115,-4832,1312,-2016,-1024,527040,20224,,,,,,
182190677950800,63284867897926,116,-4896,1248,-2464,-64,524544,19520,,,,,,
182190678949800,63284868897801,117,-5216,1312,-2368,448,526336,18944,,,,,,
182190679954700,63284869898468,118,-4736,1216,-2336,448,525312,21120,,,,,,
182190680956300,63284870898009,119,-5152,1312,-2240,512,526272,18304,,,,,,
182190681954000,63284871897926,120,-5088,1280,-2816,-704,527296,17984,,,,,,
182190682959900,63284872897801,121,-5088,1536,-2464,128,524480,20544,,,,,,
182190683959400,63284873897718,122,-4576,1664,-2336,-2368,524352,18688,,,,,,
182190684958300,63284874898926,123,-5024,992,-3104,512,526272,20544,,,,,,
182190685955000,63284875898009,124,-4320,1312,-2752,-1024,524608,17984,,,,,,
182190686951300,63284876897718,125,-4512,928,-2048,640,526976,19840,,,,,,
182190687949500,63284877897926,126,-4992,1088,-3008,960,525760,20480,,,,,,
182190688958200,63284878897884,127,-4992,832,-2400,320,527232,18432,,,,,,
182190689954500,63284879897468,128,-5280,1248,-3136,-1344,526016,18368,,,,,,
182190690955800,63284880897843,129,-4544,1792,-2080,576,524032,21632,,,,,,
182190691955000,63284881897884,130,-5440,1280,-2112,-128,524032,16960,,,,,,
182190692955800,63284882897968,131,-4928,1408,-2048,-192,526016,19776,,,,,,
182190693957000,63284883897718,132,-4544,1472,-2208,-1024,524864,18176,,,,,,
182190694954200,63284884897884,133,-4672,1472,-2304,-832,525376,18752,,,,,,
182190695958100,63284885898009,134,-4544,1120,-1952,704,524736,20096,,,,,,
182190696955600,63284886897843,135,-5184,1888,-2912,1216,524160,19200,,,,,,
182190697955700,63284887897759,136,-4864,1120,-2368,-1280,526656,17728,,,,,,
182190698954500,63284888897968,137,-4448,960,-2048,128,525888,18176,,,,,,
182190699953200,63284889899009,138,-5152,1344,-2112,-1536,525440,18496,,,,,,
182190700959500,63284890897843,139,-4448,1184,-2048,2560,525952,19264,,,,,,
182190701955600,63284891897718,140,-4416,1376,-1824,192,524736,20160,,,,,,
182190702955200,63284892897926,141,-4512,1504,-2304,-1024,525440,19264,,,,,,
182190703955300,63284893897801,142,-4928,1024,-1952,-192,524608,18112,,,,,,
182190704958500,63284894902218,143,-5120,1600,-2496,192,524672,16960,,,,,,
182190705982000,63284895898093,144,-5312,1792,-2592,1408,523840,17024,,,,,,
182190706958600,63284896897884,145,-3968,1248,-2240,-1472,524736,16704,,,,,,
182190707955300,63284897897759,146,-4832,1120,-1920,-1088,525888,21056,,,,,,
182190708954000,63284898897759,147,-4960,1280,-2944,-1984,523392,20160,,,,,,
182190709957600,63284899898801,148,-4320,1632,-2688,-1088,526336,20160,,,,,,
182190710955800,63284900898968,149,-4640,1184,-1760,576,522688,18048,,,,,,
182190711960300,63284901899218,150,-4864,1184,-2080,1600,523264,17344,,,,,,
182190712959600,63284902899426,151,-5024,1280,-2688,1600,522368,19392,,,,,,
182190713957100,63284903897884,152,-4448,1504,-2848,384,524224,17728,,,,,,
182190714954900,63284904897843,153,-4672,1376,-2624,-192,524160,19904,,,,,,
182190715954500,63284905897718,154,-4640,1056,-2752,-192,523904,20096,,,,,,
182190716953700,63284906899009,155,-4768,1216,-2336,512,523136,16512,,,,,,
182190717951500,63284907897926,156,-5536,864,-2624,1600,523712,17792,,,,,,
182190718950800,63284908897718,157,-4512,1088,-1888,448,524352,17216,,,,,,
182190719947700,63284909899301,158,-4640,896,-2592,1408,524864,18624,,,,,,
182190720955600,63284910898051,159,-4704,1408,-2592,-256,525184,16640,,,,,,
182190721953700,63284911897843,160,-4960,1344,-2272,1216,523136,18560,,,,,,
182190722958900,63284912897718,161,-4576,1408,-2752,640,526656,20288,,,,,,
182190723955200,63284913897884,162,-4800,1504,-3232,192,525184,21888,,,,,,
182190724954400,63284914897801,163,-4928,1536,-2336,1472,525184,18048,,,,,,
182190725955300,63284915897759,164,-4608,1344,-2464,-704,524160,18048,,,,,,
182190726956200,63284916897843,165,-4576,928,-2528,1088,524416,20160,,,,,,
182190727959400,63284917898051,166,-4896,1152,-2496,640,525376,15936,,,,,,
182190728961200,63284918897843,167,-4480,1152,-2560,-1344,525184,20160,,,,,,
182190729956400,63284919897509,168,-4736,1536,-2432,960,523904,17664,,,,,,
182190730939200,63284920898051,169,-4704,1632,-2624,-1216,525184,22080,,,,,,
182190731958100,63284921899384,170,-5280,1184,-2496,1664,524480,17536,,,,,,
182190732955700,63284922899009,171,-4896,1408,-3040,512,527040,16640,,,,,,
182190733952600,63284923897759,172,-4448,960,-2176,-1152,524864,20224,,,,,,
182190734946100,63284924900884,173,-4032,1184,-2752,-256,525440,16704,,,,,,
182190735947500,63284925900801,174,-4800,1440,-3392,-1920,525568,18496,,,,,,
182190736958800,63284926897801,175,-4704,1376,-2528,-896,525248,17920,,,,,,
182190737951300,63284927897718,176,-4160,1312,-2816,832,526912,19136,,,,,,
182190738955200,63284928897884,177,-4608,1280,-2496,-1024,526528,17088,,,,,,
182190739958700,63284929897801,178,-4416,1568,-2464,-576,524672,19712,,,,,,
182190740955200,63284930897884,179,-4928,1056,-2688,64,525824,17920,,,,,,
182190741954500,63284931897968,180,-4864,1280,-2720,-1600,526656,17216,,,,,,
182190742956600,63284932897843,181,-4128,1088,-2656,-64,524992,16832,,,,,,
182190743957300,63284933897759,182,-4672,1216,-2400,-2048,527232,19712,,,,,,
182190744958900,63284934897718,183,-4640,1216,-2336,-640,526592,17472,,,,,,
182190745957000,63284935897968,184,-4544,896,-2272,-1344,525248,18240,,,,,,
182190746961500,63284936897801,185,-4960,1184,-2496,1216,527360,19392,,,,,,
182190747955700,63284937897843,186,-5056,1472,-2336,1088,526464,17344,,,,,,
182190748956000,63284938897884,187,-4512,1248,-2624,-1024,525120,17152,,,,,,
182190749949200,63284939899676,188,-4928,1184,-2336,320,525056,21888,,,,,,
182190750952200,63284940898134,189,-4384,1536,-2112,320,526848,19520,,,,,,
182190751955400,63284941898259,190,-4192,1248,-1760,1920,524416,18112,,,,,,
182190752948600,63284942898009,191,-4512,1440,-2464,-576,526016,19328,,,,,,
182190753945400,63284943897801,192,-4672,1184,-2208,512,527168,17536,,,,,,
182190755007000,63284944897843,193,-4704,1216,-2336,-320,525888,19584,,,,,,
182190755973400,63284945897801,194,-4896,1728,-2368,2240,523712,20928,,,,,,
182190756957500,63284946897843,195,-4512,1216,-2144,-128,526336,18304,,,,,,
182190757944100,63284947898134,196,-4256,1248,-2592,896,524608,15680,,,,,,
182190758954200,63284948897843,197,-4544,1344,-2208,-896,525056,20544,,,,,,
182190759955900,63284949897634,198,-4864,1152,-2432,1344,524864,20096,,,,,,
182190760958800,63284950899384,199,-3968,1792,-2080,1536,525568,20672,,,,,,
182190761960900,63284951897676,200,-4448,1536,-3008,-320,523520,19264,,,,,,
182190762959600,63284952898218,201,-4704,864,-1824,-832,525056,19776,,,,,,
182190763960700,63284953898593,202,-4256,1376,-2304,2240,525440,18432,,,,,,
182190765134400,63284954897759,203,-4352,1408,-2560,-832,525504,18368,,,,,,
182190765969600,63284955897718,204,-4832,1248,-2144,640,525632,17536,,,,,,
182190766950900,63284956897884,205,-4192,896,-2176,-960,526016,16384,,,,,,
182190767957900,63284957898009,206,-4640,1120,-3168,-832,525568,19456,,,,,,
182190768960500,63284958897843,207,-4800,1504,-2912,-384,524352,17664,,,,,,
182190769957200,63284959898259,208,-3904,992,-2496,-1024,523840,18560,,,,,,
182190770956900,63284960902468,209,-4192,1376,-2528,-128,525056,17024,,,,,,
182190771959600,63284961897759,210,-4736,1504,-2048,1024,524992,19136,,,,,,
182190772964400,63284962897843,211,-4480,1632,-2816,256,524992,18944,,,,,,
182190773963100,63284963897718,212,-4288,1248,-2528,1280,525248,19584,,,,,,
182190774952100,63284964897801,213,-4608,1280,-2560,1024,523968,17984,,,,,,
182190776009000,63284965898009,214,-4320,1088,-2304,1792,524992,17920,,,,,,
182190776949900,63284966899176,215,-4064,1312,-1824,960,525824,18752,,,,,,
182190777953200,63284967897926,216,-4256,1504,-2816,2048,523840,17600,,,,,,
182190778953300,63284968897801,217,-3968,1600,-2240,-704,525824,20224,,,,,,
182190779957100,63284969898051,218,-4512,864,-3232,1408,525120,16960,,,,,,
182190780953400,63284970897801,219,-4576,1376,-2208,1536,524480,19776,,,,,,
182190781957600,63284971897968,220,-4480,1248,-2688,-640,524096,18432,,,,,,
182190782953700,63284972897843,221,-4288,896,-2624,-576,524928,16832,,,,,,
182190783962100,63284973897801,222,-4416,1184,-2880,384,524928,20928,,,,,,
182190784963600,63284974897759,223,-5216,1376,-2336,-832,527616,16320,,,,,,
182190785959300,63284975897926,224,-4768,1696,-2688,-832,526016,19840,,,,,,
182190786960900,63284976897634,225,-4640,928,-3072,-384,525568,18688,,,,,,
182190787952300,63284977897926,226,-4096,992,-2208,320,525312,17536,,,,,,
182190788954800,63284978897968,227,-4544,992,-2464,-192,524672,20352,,,,,,
182190789960900,63284979897884,228,-5120,1536,-2784,1728,524800,20032,,,,,,
182190790966900,63284980897801,229,-5120,928,-1440,320,525952,19840,,,,,,
182190791953100,63284981897676,230,-4800,1408,-3200,-320,525440,18560,,,,,,
182190792953000,63284982898009,231,-4768,1632,-2144,-192,526848,20608,,,,,,
182190793954100,63284983897759,232,-5248,1280,-2208,1024,526592,17920,,,,,,
182190794956700,63284984897718,233,-4864,1184,-2464,192,529408,16384,,,,,,
182190795960700,63284985898009,234,-4384,1344,-1920,-1152,525120,17984,,,,,,
182190796955700,63284986897801,235,-4928,1280,-2464,448,526016,19328,,,,,,
182190797963700,63284987899176,236,-5216,1152,-2848,320,525312,18816,,,,,,
182190798950800,63284988897718,237,-5472,1504,-2432,128,528576,20160,,,,,,
182190799953400,63284989900801,238,-4512,896,-2176,384,527552,19648,,,,,,
182190800955600,63284990899926,239,-5568,1280,-2368,192,525952,18496,,,,,,
182190801954100,63284991897593,240,-5536,1216,-2656,-576,527104,19392,,,,,,
182190802956900,63284992897676,241,-5216,1536,-2240,448,526976,18944,,,,,,
182190803958300,63284993898801,242,-4672,1088,-1984,-1216,526400,16832,,,,,,
182190804957800,63284994897718,243,-5344,1280,-2400,320,527296,18368,,,,,,
182190805950100,63284995897634,244,-5632,1504,-2144,704,526272,17600,,,,,,
182190806958900,63284996898051,245,-4928,1120,-2784,0,526784,19136,,,,,,
182190807955700,63284997897926,246,-5088,1152,-2464,-768,525760,18048,,,,,,
182190808953500,63284998897676,247,-6016,1440,-2848,640,527040,19072,,,,,,
182190809956000,63284999897634,248,-4832,1440,-3136,448,525056,17344,,,,,,
182190810957200,63285000897926,249,-5312,1408,-2080,1600,526528,19008,,,,,,
182190811957500,63285001901551,250,-4960,832,-2208,1216,526720,18112,,,,,,
182190812954900,63285002897718,251,-4800,1408,-2720,1024,526400,15616,,,,,,
182190813955500,63285003897926,252,-5216,1408,-2240,1280,524800,17984,,,,,,
182190814955900,63285004897843,253,-5056,1312,-2400,1536,528384,19712,,,,,,
182190815951700,63285005897801,254,-5024,1856,-2272,2112,525760,18304,,,,,,
182190816951100,63285006900009,255,-4512,1728,-2432,-320,524736,17408,,,,,,
182190817955300,63285007900509,0,-4768,1248,-2304,320,525504,17536,,,,,,
182190818953100,63285008897718,1,-5504,1376,-2176,-2816,525568,20416,,,,,,
182190819972800,63285009897843,2,-5920,1376,-2336,2048,525312,20352,,,,,,
182190820955400,63285010897676,3,-5408,1120,-2528,-1152,525568,17856,,,,,,
182190821953500,63285011897968,4,-4736,1216,-2528,448,526720,17920,,,,,,
182190822962300,63285012897718,5,-5280,992,-1632,-1024,525376,20672,,,,,,
182190823960000,63285013897718,6,-5472,1248,-2880,704,526656,16832,,,,,,
182190824954500,63285014897926,7,-4992,1216,-2496,704,523776,18496,,,,,,
182190825959200,63285015897801,8,-5664,1504,-2080,-256,524160,18624,,,,,,
182190826957600,63285016897843,9,-5056,1536,-2656,-1024,526016,18496,,,,,,
182190827957700,63285017898926,10,-5216,1280,-2528,1472,525312,20096,,,,,,
182190828956400,63285018897801,11,-5600,896,-2176,-640,524160,20032,,,,,,
182190829953800,63285019897801,12,-5152,1536,-2304,-1088,524032,18112,,,,,,
182190830947900,63285020897759,13,-5760,1184,-2016,1088,523776,19264,,,,,,
182190831966200,63285021897968,14,-5312,1568,-2208,1408,528000,18880,,,,,,
182190832953800,63285022899134,15,-4640,1248,-2176,384,525888,20160,,,,,,
182190833953200,63285023897759,16,-5184,992,-1952,1728,526208,19840,,,,,,
182190834954200,63285024897843,17,-5568,896,-1856,-704,523776,18368,,,,,,
182190835957200,63285025899343,18,-5152,1824,-2656,-256,525760,20672,,,,,,
182190836955700,63285026899301,19,-5184,1440,-2016,1088,524864,17088,,,,,,
182190837954100,63285027897676,20,-4544,1280,-2656,1408,524608,19200,,,,,,
182190838959700,63285028897551,21,-4608,1248,-2752,896,526016,18496,,,,,,
182190839960800,63285029897926,22,-5376,1440,-2272,1088,525760,17984,,,,,,
182190840954300,63285030897884,23,-5472,1280,-2432,-320,527232,19072,,,,,,
182190841958400,63285031897843,24,-5056,1696,-2144,768,525504,17024,,,,,,
182190842962000,63285032897801,25,-5632,1312,-2784,-512,525888,18688,,,,,,
182190843958800,63285033897468,26,-5440,1280,-2752,-448,523648,19648,,,,,,
182190844955400,63285034897843,27,-4928,1248,-1920,-448,525760,19840,,,,,,
182190845955200,63285035897593,28,-5600,1248,-2816,2112,525248,17216,,,,,,
182190846956800,63285036897843,29,-4672,928,-2464,-832,524736,20672,,,,,,
182190847956800,63285037897759,30,-5472,1344,-2848,704,525824,18816,,,,,,
182190848957200,63285038897301,31,-4928,1568,-2304,1216,523904,18560,,,,,,
182190849953700,63285039897884,32,-4960,1184,-1824,384,526400,19584,,,,,,
182190850952100,63285040899343,33,-4736,1536,-2688,-2176,524992,20864,,,,,,
182190851952900,63285041897843,34,-5184,1536,-2624,832,523520,17792,,,,,,
182190852954300,63285042897676,35,-4960,1408,-2176,448,523968,19072,,,,,,
182190853960700,63285043899884,36,-4992,1568,-2272,256,524672,18880,,,,,,
182190854956800,63285044897884,37,-4256,1088,-2752,320,524096,16448,,,,,,
182190855942400,63285045897718,38,-5024,1248,-2464,2048,523904,18176,,,,,,
182190856957200,63285046897801,39,-5056,1248,-2208,-384,524992,19008,,,,,,
182190857957100,63285047897884,40,-5248,1216,-2496,-1344,524672,17024,,,,,,
182190858957100,63285048897676,41,-5152,992,-2432,0,524032,17984,,,,,,
182190859956600,63285049898968,42,-4608,1248,-2080,-576,524224,19264,,,,,,
182190860956000,63285050897801,43,-4896,1248,-2944,-192,524480,19264,,,,,,
182190861955100,63285051897843,44,-4704,1248,-2272,1152,525248,19584,,,,,,
182190862955200,63285052897801,45,-4736,896,-2240,-64,524480,19904,,,,,,
182190863958500,63285053900718,46,-5056,1024,-2304,-1024,525120,19648,,,,,,
182190864952900,63285054899426,47,-4640,1408,-2496,-128,524352,21632,,,,,,
182190865953100,63285055897843,48,-4608,1088,-2272,-768,522432,20544,,,,,,
182190866958900,63285056897843,49,-4544,1504,-2240,-128,524544,18176,,,,,,
182190867952800,63285057897884,50,-4448,1120,-2560,-512,526208,18240,,,,,,
182190868954500,63285058897801,51,-4544,1280,-2368,1408,523776,18624,,,,,,
182190869953800,63285059897843,52,-4608,1408,-2144,384,525184,20864,,,,,,
182190870955900,63285060898801,53,-4288,1504,-2400,960,524608,17024,,,,,,
182190871952400,63285061897926,54,-4800,1792,-2496,320,525568,18304,,,,,,
182190872954000,63285062897801,55,-4512,1408,-2592,1472,522048,16960,,,,,,
182190873944800,63285063897634,56,-4480,1088,-3232,640,524672,19008,,,,,,
182190874946500,63285064897718,57,-4480,1088,-2432,768,524160,22272,,,,,,
182190875943200,63285065897801,58,-4224,1408,-1984,704,525056,17152,,,,,,
182190876942000,63285066897884,59,-4544,1568,-2720,-768,522240,19712,,,,,,
182190877951700,63285067897759,60,-4672,992,-2592,-1216,523072,20288,,,,,,
182190878951400,63285068897884,61,-4448,1152,-2400,-64,524160,19712,,,,,,
182190879967100,63285069897884,62,-4576,1312,-2080,-1152,524224,17920,,,,,,
182190880948900,63285070897634,63,-4640,1120,-2496,640,524672,18048,,,,,,
182190881960400,63285071897718,64,-4224,960,-2272,-192,525952,18944,,,,,,
182190882945800,63285072898218,65,-4256,1184,-2304,-1216,525376,17600,,,,,,
182190883944800,63285073897968,66,-4608,1504,-2272,640,525888,18624,,,,,,
182190884948100,63285074897759,67,-4192,1088,-2048,0,524672,18688,,,,,,
182190885950300,63285075897634,68,-3904,1216,-2112,-1472,526080,17856,,,,,,
182190886949600,63285076897676,69,-4160,1664,-2528,1152,524544,17984,,,,,,
182190887953000,63285077897843,70,-3488,1376,-1984,-256,525312,18176,,,,,,
182190888960200,63285078898218,71,-4160,1632,-2816,448,525120,16832,,,,,,
182190889967300,63285079897926,72,-4320,1056,-1952,640,524352,20288,,,,,,
182190890972200,63285080897676,73,-4192,768,-2144,-320,524096,18688,,,,,,
182190892140000,63285081897759,74,-4064,1696,-2336,-704,524544,19328,,,,,,
182190892954900,63285082897634,75,-4064,1344,-2624,1664,525504,19584,,,,,,
182190893946300,63285083898093,76,-3936,928,-2304,0,524928,18112,,,,,,
182190895020700,63285084897843,77,-3680,928,-2336,1344,524928,20416,,,,,,
182190896010000,63285085897676,78,-3872,1152,-3104,1856,524544,17920,,,,,,
182190896955400,63285086897926,79,-4032,928,-1760,1152,524928,19392,,,,,,
182190897970600,63285087897884,80,-4352,1088,-2368,-256,525248,19072,,,,,,
182190898972100,63285088897759,81,-3712,1248,-2528,-640,523968,18688,,,,,,
182190899957200,63285089898343,82,-3904,1472,-2432,-1088,524224,18624,,,,,,
182190900954000,63285090899134,83,-4000,1920,-2496,-320,525248,19904,,,,,,
182190901953600,63285091897968,84,-3296,1248,-2368,-640,525440,16896,,,,,,
182190902951500,63285092897718,85,-4224,1184,-2560,-320,526400,18688,,,,,,
182190903952000,63285093897551,86,-3072,800,-1984,320,524608,15552,,,,,,
182190904958200,63285094897843,87,-3648,1088,-2400,1088,525120,20544,,,,,,
182190905952400,63285095897634,88,-4032,1280,-2272,-640,527168,18752,,,,,,
182190906954200,63285096897718,89,-4224,1056,-2208,-896,526528,20672,,,,,,
182190907951400,63285097897843,90,-4448,1888,-2656,1152,524288,17920,,,,,,
182190908953300,63285098897801,91,-4192,1440,-2496,768,524864,19520,,,,,,
182190909951500,63285099897718,92,-4384,1632,-2656,1216,525696,19904,,,,,,
182190910955400,63285100897634,93,-4128,1632,-2720,1088,527680,18880,,,,,,
182190911961000,63285101898134,94,-4448,1440,-2528,1536,525568,19264,,,,,,
182190912954000,63285102897801,95,-4736,1280,-2496,320,528064,16640,,,,,,
182190913953900,63285103897843,96,-3968,1120,-1696,-1408,524736,18176,,,,,,
182190914954800,63285104897968,97,-4480,1472,-2112,320,524736,15680,,,,,,
182190915952100,63285105898259,98,-4800,640,-2496,-128,524160,18496,,,,,,
182190916954700,63285106897884,99,-4416,1440,-2112,-960,526336,18624,,,,,,
182190917954100,63285107897759,100,-5024,1728,-2528,768,526912,18048,,,,,,
182190918954000,63285108898009,101,-4896,1184,-2400,640,525248,17728,,,,,,
182190919955400,63285109897759,102,-4256,1728,-2240,64,525760,18176,,,,,,
182190920957200,63285110897801,103,-4768,768,-1600,576,525376,18304,,,,,,
182190921960000,63285111897968,104,-4192,1344,-2016,832,525568,18816,,,,,,
182190922955800,63285112897843,105,-4800,1664,-2880,640,524928,19136,,,,,,
182190923951600,63285113901051,106,-5088,1088,-2336,2048,524480,16192,,,,,,
182190924948600,63285114898634,107,-4992,1088,-2336,-832,524608,17728,,,,,,
182190925951700,63285115903384,108,-5152,1376,-2784,576,526208,18816,,,,,,
182190926954000,63285116904176,109,-4256,1408,-2272,704,525120,18496,,,,,,
182190928082000,63285117908343,110,-4704,1056,-2304,384,524928,16448,,,,,,
182190929079600,63285118907093,111,-4768,1696,-2208,1024,526208,19072,,,,,,
182190930078700,63285119905801,112,-4928,1568,-2976,-768,526592,19648,,,,,,
182190930939700,63285120899176,113,-4992,1088,-2304,256,526528,19712,,,,,,
182190931959800,63285121902343,114,-4832,1280,-2400,-192,524928,15680,,,,,,
182190932955500,63285122900718,115,-4768,1216,-1824,-576,524416,17792,,,,,,
182190933954500,63285123902134,116,-4832,1280,-2432,-576,526144,19712,,,,,,
182190934950200,63285124907426,117,-4928,1152,-2624,-1408,526528,16832,,,,,,
182190935950100,63285125903384,118,-4224,832,-2592,-64,526208,18304,,,,,,
182190936956900,63285126898134,119,-5632,1120,-2176,1152,524608,20672,,,,,,
182190937958300,63285127901801,120,-5280,1280,-1952,832,525056,17856,,,,,,
182190938957600,63285128902634,121,-4864,1184,-2560,1984,524480,18240,,,,,,
182190940081200,63285129902801,122,-5440,1664,-2240,1344,526912,18368,,,,,,
182190940954500,63285130903759,123,-4576,1184,-3008,-1600,525248,17792,,,,,,
182190941952300,63285131902509,124,-4832,1440,-2848,384,526464,17280,,,,,,
182190942955000,63285132899009,125,-4896,1056,-2272,-128,527168,18432,,,,,,
182190943954600,63285133904009,126,-4960,1632,-2240,1280,526592,17472,,,,,,
182190944954100,63285134902009,127,-4576,1376,-2496,-576,525248,21120,,,,,,
182190945953700,63285135902593,128,-5120,1024,-1888,-832,524480,17408,,,,,,
182190946962000,63285136902884,129,-5408,1248,-3136,512,524160,19392,,,,,,
182190947954800,63285137902093,130,-5152,1248,-2240,1280,525184,19648,,,,,,
182190948956000,63285138899384,131,-5184,1536,-2496,1344,524032,19904,,,,,,
182190950080200,63285139901593,132,-4864,1632,-2272,0,528192,18880,,,,,,
182190950957100,63285140902884,133,-4992,1056,-2496,-192,525952,19008,,,,,,
182190951960600,63285141904509,134,-5248,736,-2784,640,526016,20480,,,,,,
182190952961400,63285142899384,135,-5312,1376,-2880,-320,526592,17280,,,,,,
182190953960700,63285143898593,136,-5344,992,-1536,256,525312,20992,,,,,,
182190954952300,63285144901176,137,-5344,1184,-2304,128,525120,19328,,,,,,
182190955951900,63285145901301,138,-5216,1632,-2272,896,525120,18432,,,,,,
182190956958300,63285146901218,139,-4864,1408,-2496,-576,527552,19520,,,,,,
182190957953100,63285147900884,140,-5824,1408,-2688,640,526784,17472,,,,,,
182190958969300,63285148900759,141,-4960,1504,-2944,704,526784,16384,,,,,,
182190960074700,63285149899676,142,-4000,992,-2304,-768,527360,19328,,,,,,
182190960965600,63285150903634,143,-5088,896,-2048,384,524544,16960,,,,,,
182190961968900,63285151900426,144,-5536,1408,-2432,-704,525184,17728,,,,,,
182190962960000,63285152902301,145,-5280,1472,-2304,2176,524544,20352,,,,,,
182190963966600,63285153902093,146,-5408,1344,-2528,384,525952,16832,,,,,,
182190964953000,63285154899593,147,-4608,1408,-1952,-640,526848,18176,,,,,,
182190965953000,63285155905801,148,-5632,1248,-2848,320,527360,17408,,,,,,
182190967082800,63285156910926,149,-5088,1504,-1920,320,523904,15936,,,,,,
182190967959600,63285157902551,150,-5664,544,-1760,-768,525888,17344,,,,,,
182190968957900,63285158900968,151,-5824,1344,-2272,0,526464,16704,,,,,,
182190969957400,63285159901301,152,-5600,1728,-3072,-128,524928,20352,,,,,,
182190970957100,63285160903676,153,-5056,1344,-2112,-1088,526016,17600,,,,,,
182190971952600,63285161903176,154,-4896,1568,-2144,1280,525376,18944,,,,,,
182190972956700,63285162903968,155,-5216,1504,-2528,192,525376,16448,,,,,,
182190973952200,63285163904301,156,-5344,1440,-2688,1920,525824,20224,,,,,,
182190974943800,63285164898926,157,-5184,928,-2272,-576,526336,18112,,,,,,
182190975949900,63285165901968,158,-4736,1152,-2368,1280,525504,20736,,,,,,
182190977027400,63285166909968,159,-4896,1152,-2016,-576,525120,20416,,,,,,
182190977943600,63285167906051,160,-5504,1088,-2720,512,524864,17536,,,,,,
182190978955100,63285168907259,161,-5792,1632,-2304,-640,526912,19328,,,,,,
182190980072200,63285169902801,162,-5216,960,-2112,704,525312,17152,,,,,,
182190981050400,63285170900051,163,-4672,832,-1856,704,525504,19008,,,,,,
182190981960400,63285171897718,164,-5504,1536,-2656,0,525760,17472,,,,,,
182190982954900,63285172897676,165,-4928,1312,-2336,-768,525696,17792,,,,,,
182190983952800,63285173897843,166,-5024,1184,-1952,128,524224,19840,,,,,,
182190984954300,63285174897968,167,-4640,1632,-3040,320,524352,18112,,,,,,
182190985954300,63285175897718,168,-5120,1152,-2304,-640,526208,19200,,,,,,
182190986954200,63285176897968,169,-5376,1440,-2944,-576,525184,19584,,,,,,
182190987956800,63285177897926,170,-5376,1024,-2048,-1216,524224,17216,,,,,,
182190988955900,63285178897718,171,-5280,1536,-2400,-2112,525888,16640,,,,,,
182190989972200,63285179897801,172,-4992,1184,-2496,256,525824,19200,,,,,,
182190990959200,63285180897759,173,-5088,1536,-2112,-192,524096,16704,,,,,,
182190991958400,63285181898301,174,-4608,1216,-2112,896,527232,18304,,,,,,
182190992956500,63285182898718,175,-5216,1568,-2976,-576,524992,21440,,,,,,
182190993951200,63285183898468,176,-5280,1696,-2176,1472,524736,17536,,,,,,
182190994956400,63285184897843,177,-4416,1152,-2048,-512,525632,20800,,,,,,
182190995955700,63285185897759,178,-4864,864,-2720,448,525504,19968,,,,,,
182190996957100,63285186897718,179,-5376,1344,-2304,-64,524800,18368,,,,,,
182190997953100,63285187898551,180,-4544,1408,-2208,704,525312,18880,,,,,,
182190998965300,63285188897676,181,-4768,1184,-2048,320,524544,19200,,,,,,
182190999955100,63285189897551,182,-4352,1504,-2784,576,525504,17728,,,,,,
182191000952900,63285190899218,183,-4800,1152,-1792,640,526144,19072,,,,,,
182191001958000,63285191897801,184,-4768,1152,-2432,-896,526016,18432,,,,,,
182191002961000,63285192898634,185,-4640,1440,-1856,-896,526656,17472,,,,,,
182191003957000,63285193897718,186,-4928,1312,-1952,512,525248,18112,,,,,,
182191004956100,63285194898426,187,-4928,1312,-2464,-384,524288,16448,,,,,,
182191005953900,63285195899259,188,-4384,864,-2080,1344,524672,19008,,,,,,
182191006953100,63285196897634,189,-5280,736,-1920,512,525568,16960,,,,,,
182191007956400,63285197897718,190,-4544,1248,-3232,1216,525248,18048,,,,,,
182191008962700,63285198897843,191,-4864,1440,-2336,1536,524352,18752,,,,,,
182191009964900,63285199897843,192,-4736,832,-2752,2304,524352,17472,,,,,,
182191010954400,63285200898218,193,-4736,1184,-2496,64,524224,18112,,,,,,
182191011957000,63285201899343,194,-5696,1472,-2400,320,524352,18944,,,,,,
182191012954900,63285202899884,195,-4320,1184,-1920,384,525440,17920,,,,,,
182191013960300,63285203897718,196,-4864,1120,-2240,-832,526016,19648,,,,,,
182191014956400,63285204897718,197,-5312,992,-2144,1408,524544,19584,,,,,,
182191015950700,63285205897884,198,-4576,1536,-2592,-128,524736,18048,,,,,,
182191016952100,63285206899759,199,-4640,1312,-2560,640,525120,19072,,,,,,
182191017954600,63285207897718,200,-5024,1504,-2240,192,526272,18240,,,,,,
182191018957700,63285208897718,201,-4544,1440,-1952,-384,525312,19520,,,,,,
182191019957300,63285209897843,202,-4224,1536,-2496,1728,527232,17600,,,,,,
182191020951500,63285210897759,203,-4000,1344,-2624,-1216,524672,18560,,,,,,
182191021950400,63285211897509,204,-4480,1504,-2688,-512,526592,20032,,,,,,
182191022954700,63285212897843,205,-4800,1376,-1984,-704,524096,18816,,,,,,
182191023966400,63285213897718,206,-4288,1472,-2144,768,525248,21440,,,,,,
182191024954500,63285214898468,207,-4544,1152,-2592,1024,524928,18496,,,,,,
182191025957300,63285215897551,208,-4288,992,-2688,-320,524992,16960,,,,,,
182191026958400,63285216897801,209,-4096,1280,-2272,-1472,524096,18240,,,,,,
182191027961400,63285217897801,210,-4288,928,-2080,192,525632,18368,,,,,,
182191028960200,63285218897676,211,-4672,1344,-2656,256,525184,20672,,,,,,
182191029957200,63285219897676,212,-4704,1344,-2624,2240,526400,20480,,,,,,
182191030944800,63285220897759,213,-4192,1056,-2528,-512,525248,18496,,,,,,
182191031957100,63285221897759,214,-4608,1184,-2176,-768,525440,18816,,,,,,
182191032956300,63285222897593,215,-4800,992,-2208,640,525888,15488,,,,,,
182191033953300,63285223897926,216,-4544,1536,-2784,896,524864,16960,,,,,,
182191034957200,63285224897843,217,-4096,1568,-2816,-64,523904,19136,,,,,,
182191035957400,63285225897759,218,-4448,768,-1792,704,525312,21120,,,,,,
182191036956500,63285226897759,219,-4608,1248,-2720,960,525120,16832,,,,,,
182191037954600,63285227897926,220,-4640,1056,-2496,512,523968,19200,,,,,,
182191038960200,63285228897634,221,-4448,1408,-2208,576,525184,18368,,,,,,
182191039957200,63285229897718,222,-3808,1376,-2464,1792,524288,19072,,,,,,
182191040955800,63285230899968,223,-5120,1472,-2560,832,525632,16832,,,,,,
182191041957600,63285231897593,224,-4960,1792,-2592,-1024,526272,17600,,,,,,
182191042956700,63285232897884,225,-3904,1056,-2368,640,522944,19200,,,,,,
182191043957300,63285233897676,226,-3744,1536,-2240,-128,524480,17024,,,,,,
182191044957100,63285234897884,227,-4160,928,-2624,-128,525376,20992,,,,,,
182191045961200,63285235897759,228,-4736,1184,-2656,1408,525952,21248,,,,,,
182191046959300,63285236897593,229,-4000,1440,-2272,1024,525312,16256,,,,,,
182191047958500,63285237897509,230,-4128,1152,-2528,-192,525632,19840,,,,,,
182191048957000,63285238897843,231,-4480,1024,-2432,320,524480,19520,,,,,,
182191049952900,63285239897718,232,-4096,1280,-2272,1728,525248,17920,,,,,,
182191050957800,63285240897634,233,-4320,1088,-2528,-256,525120,18880,,,,,,
182191051960400,63285241897926,234,-4000,1440,-2496,-704,525888,17728,,,,,,
182191052959700,63285242899218,235,-4736,1376,-2080,1408,525120,19648,,,,,,
182191053956400,63285243897759,236,-4288,896,-1696,320,524736,16896,,,,,,
182191054950900,63285244897676,237,-4192,1632,-2432,-512,525632,20352,,,,,,
182191056009100,63285245897843,238,-4256,1472,-2592,512,525056,19264,,,,,,
182191056951700,63285246897843,239,-4160,1248,-2400,832,524864,20096,,,,,,
182191058084300,63285247897843,240,-4192,1600,-2176,576,524288,17664,,,,,,
182191058953600,63285248899009,241,-5088,1408,-2656,-1408,527488,19904,,,,,,
182191059955000,63285249897884,242,-4704,1280,-2944,1536,526208,18560,,,,,,
182191060948700,63285250897676,243,-4192,448,-2752,640,525696,18560,,,,,,
182191061942900,63285251897801,244,-4512,1056,-2656,1408,524416,18688,,,,,,
182191063022900,63285252897884,245,-4608,960,-2368,-576,524160,19328,,,,,,
182191063947400,63285253897759,246,-4448,1408,-2624,-384,525568,18496,,,,,,
182191064956700,63285254897801,247,-4608,1472,-2240,640,527936,18688,,,,,,
182191065961300,63285255897843,248,-4224,1184,-2240,1664,526272,16704,,,,,,
182191066958600,63285256897801,249,-4736,1120,-2528,-1280,525824,18688,,,,,,
182191067954700,63285257898509,250,-4352,1568,-3104,1216,524864,16576,,,,,,
182191068955400,63285258897634,251,-3936,1216,-2048,1600,524480,20160,,,,,,
182191069954500,63285259898051,252,-4480,1408,-1792,1088,526208,19712,,,,,,
182191070953500,63285260899259,253,-4288,1536,-2720,576,526464,19584,,,,,,
182191071955400,63285261897884,254,-4672,1184,-2592,448,524672,18816,,,,,,
182191072952800,63285262897676,255,-4320,992,-2112,1088,526144,17600,,,,,,
182191074210200,63285263898968,0,-4352,1024,-2176,-384,526400,19200,,,,,,
182191074958600,63285264897843,1,-4576,928,-2272,320,525632,20032,,,,,,
182191075956100,63285265897593,2,-4864,1920,-1920,1024,524800,18496,,,,,,
182191076956500,63285266897926,3,-4864,1152,-2208,-128,525312,18752,,,,,,
182191077953400,63285267897884,4,-4640,1664,-2336,64,526144,17152,,,,,,
182191078973500,63285268897801,5,-4352,1024,-2400,-1152,524544,18944,,,,,,
182191079957100,63285269897801,6,-4448,1248,-1664,384,526528,18560,,,,,,
182191080943900,63285270897884,7,-4320,1216,-2528,-960,525568,20032,,,,,,
182191081950800,63285271897884,8,-5248,1184,-2432,1088,527040,19264,,,,,,
182191082946500,63285272897634,9,-4768,1312,-2560,-960,524224,19008,,,,,,
182191083945500,63285273897634,10,-4832,1120,-2272,1600,523776,16832,,,,,,
182191084958400,63285274897801,11,-5024,1280,-2048,-704,523840,17344,,,,,,
182191085952500,63285275897718,12,-4800,1344,-2016,512,526656,18688,,,,,,
182191086951700,63285276898259,13,-5216,1280,-1984,-192,525312,19136,,,,,,
182191087960600,63285277899426,14,-4768,1184,-2848,1728,526144,20224,,,,,,
182191088961000,63285278897801,15,-4768,1312,-2688,832,525568,18048,,,,,,
182191089961200,63285279897676,16,-4832,1472,-2528,1088,526208,17408,,,,,,
182191090953400,63285280898218,17,-5408,1184,-2912,-320,524800,19200,,,,,,
182191091950700,63285281897801,18,-4960,1280,-2560,-1344,527296,18880,,,,,,
182191092955500,63285282897884,19,-4800,1632,-1920,0,524864,16128,,,,,,
182191093953800,63285283897759,20,-5472,1152,-3328,128,525440,16896,,,,,,
182191094951500,63285284897926,21,-5344,1440,-2176,-192,524224,18560,,,,,,
182191095953600,63285285897676,22,-4928,1344,-2528,704,525888,21056,,,,,,
182191096956100,63285286897759,23,-4896,1120,-2016,1088,528064,15040,,,,,,
182191098054100,63285287897801,24,-4992,1664,-2592,-2176,525888,18112,,,,,,
182191098955200,63285288898009,25,-5120,1312,-1824,-576,524416,18176,,,,,,
182191099958400,63285289899176,26,-5696,1152,-2528,-576,526144,19712,,,,,,
182191100969900,63285290897468,27,-4896,1088,-2784,320,526016,16512,,,,,,
182191101950500,63285291897759,28,-5248,1184,-2336,320,525312,19200,,,,,,
182191102957600,63285292897801,29,-4960,1344,-2144,-448,525248,20544,,,,,,
182191103951900,63285293897718,30,-5024,800,-2144,448,526464,21184,,,,,,
182191104954900,63285294897676,31,-5760,1248,-2432,1408,525888,18624,,,,,,
182191105962800,63285295898926,32,-5024,1472,-2464,1664,526976,19392,,,,,,
182191106946500,63285296897843,33,-5056,1568,-2880,0,525760,19904,,,,,,
182191107969300,63285297898135,34,-4864,960,-2560,448,524736,19072,,,,,,
182191108954800,63285298897718,35,-5312,960,-2752,-896,527104,18432,,,,,,
182191109953000,63285299897843,36,-5280,1216,-2560,1024,526272,19136,,,,,,
182191110955200,63285300901676,37,-5344,1280,-2624,-2112,525824,20480,,,,,,
182191111954900,63285301897843,38,-5312,1344,-2688,-64,525248,18816,,,,,,
182191112953600,63285302897801,39,-4960,1088,-2720,512,526848,19776,,,,,,
182191113958400,63285303897926,40,-4736,1408,-2592,-640,523712,16960,,,,,,
182191114961300,63285304897760,41,-4736,1600,-2464,128,525824,19520,,,,,,
182191115953400,63285305897260,42,-4864,1408,-2176,640,524800,18624,,,,,,
182191116954700,63285306898176,43,-5472,1696,-2688,2624,526656,20416,,,,,,
182191117952800,63285307897801,44,-5376,1536,-2912,-320,525952,18304,,,,,,
182191118952300,63285308897843,45,-5280,896,-1824,960,525376,19072,,,,,,
182191119951200,63285309897510,46,-5248,1280,-2624,384,525312,20480,,,,,,
182191120955600,63285310897718,47,-4960,1280,-2176,2240,525632,17472,,,,,,
182191121954600,63285311898635,48,-5056,1536,-2528,1408,524672,18304,,,,,,
182191122964500,63285312897676,49,-5632,1536,-2784,1920,525504,21056,,,,,,
182191123948100,63285313897843,50,-5312,1024,-2784,2048,525376,20480,,,,,,
182191124945900,63285314897760,51,-4768,864,-2368,512,523520,18560,,,,,,
182191125946600,63285315898510,52,-4960,1472,-2272,-1536,526976,18752,,,,,,
182191127034300,63285316897760,53,-5408,1888,-2528,-1088,524672,18368,,,,,,
182191128074800,63285317897843,54,-5216,1408,-2688,896,526080,17600,,,,,,
182191128956500,63285318898260,55,-4832,1216,-2080,1024,523328,18816,,,,,,
182191129943600,63285319897718,56,-4800,1376,-2624,320,524416,15424,,,,,,
182191130958400,63285320901010,57,-5120,1664,-3136,-640,525248,17728,,,,,,
182191131951100,63285321897885,58,-5120,1472,-2848,1024,528320,20096,,,,,,
182191132941200,63285322897718,59,-5184,1152,-2304,1600,523904,17216,,,,,,
182191133945300,63285323897843,60,-5344,1344,-2656,64,524544,17728,,,,,,
182191135105600,63285324898593,61,-5184,768,-2336,448,525504,19712,,,,,,
182191135964900,63285325897843,62,-5024,1536,-2720,1088,524928,19392,,,,,,
182191136959400,63285326897635,63,-5216,1440,-2080,-1600,524480,21056,,,,,,
182191137954100,63285327897551,64,-4928,1184,-2432,576,525056,18816,,,,,,
182191138960400,63285328897843,65,-4800,1056,-2720,704,525248,19072,,,,,,
182191139950800,63285329897718,66,-4928,1568,-2496,64,525952,17472,,,,,,
182191140953000,63285330898385,67,-4832,1408,-2208,0,525056,19456,,,,,,
182191141957400,63285331897843,68,-4640,1440,-2144,-1920,524864,16832,,,,,,
182191142949800,63285332897718,69,-4800,768,-2624,-64,523968,17792,,,,,,
182191143954600,63285333897801,70,-4576,1280,-3008,-448,524928,21248,,,,,,
182191144951600,63285334897635,71,-4576,1280,-3040,-576,525440,18560,,,,,,
182191145952700,63285335898010,72,-5120,768,-2624,-2176,524032,16320,,,,,,
182191146958700,63285336901926,73,-4800,1632,-2528,768,524800,19584,,,,,,
182191147957100,63285337898301,74,-4544,1472,-2432,-1920,527872,20032,,,,,,
182191148963500,63285338897885,75,-4160,1376,-2880,1152,526528,21184,,,,,,
182191149951700,63285339897760,76,-4800,1280,-2368,0,525568,21248,,,,,,
182191150952300,63285340898635,77,-4736,1536,-2240,-640,526656,15936,,,,,,
182191151954500,63285341897593,78,-5024,1696,-2976,512,526656,20992,,,,,,
182191152953500,63285342899301,79,-4448,1152,-1760,-64,525888,19776,,,,,,
182191153948800,63285343898718,80,-4416,1248,-2016,1344,525504,20352,,,,,,
182191154961100,63285344897718,81,-4608,1184,-2336,64,525568,19136,,,,,,
182191155966000,63285345898010,82,-5024,1120,-2752,-320,526016,20096,,,,,,
182191156958000,63285346897843,83,-4544,1344,-2272,896,524352,17536,,,,,,
182191157943400,63285347898676,84,-4672,1312,-2912,-704,525632,18496,,,,,,
182191158943100,63285348897801,85,-4608,1280,-2208,-448,523712,16960,,,,,,
182191159961200,63285349899801,86,-5024,1376,-2432,-1024,526144,19328,,,,,,
182191160944400,63285350898885,87,-4512,1568,-2624,768,524032,17280,,,,,,
182191161951800,63285351897593,88,-4672,1376,-2592,-1024,526016,19648,,,,,,
182191162949000,63285352897593,89,-4768,1664,-1856,768,524096,19520,,,,,,
182191163944900,63285353897885,90,-4352,1248,-2944,-192,525440,19968,,,,,,
182191164949600,63285354897760,91,-4320,1248,-1952,1344,525440,19072,,,,,,
182191165948500,63285355897801,92,-4416,1344,-2560,1536,524288,19200,,,,,,
182191166953500,63285356897926,93,-4704,992,-2048,-1472,524032,18752,,,,,,
182191167950100,63285357897760,94,-4768,1568,-2816,704,523968,18880,,,,,,
182191168951100,63285358897718,95,-4256,1248,-2176,0,524480,18944,,,,,,
182191169951100,63285359897593,96,-4992,1472,-1888,-1600,526976,19776,,,,,,
182191170949400,63285360899843,97,-4800,1120,-2144,1024,522752,20672,,,,,,
182191171948300,63285361897760,98,-4608,1248,-2240,-64,525952,18816,,,,,,
182191172949800,63285362897676,99,-4832,1248,-1952,768,525504,16960,,,,,,
182191173945500,63285363897676,100,-4864,864,-2400,-1088,524864,20032,,,,,,
182191174937500,63285364897926,101,-5088,1440,-2816,704,524416,21504,,,,,,
182191175940200,63285365898010,102,-4576,1344,-2304,-64,524352,18368,,,,,,
182191176947800,63285366897760,103,-4064,1216,-1824,-768,526400,19456,,,,,,
182191177947100,63285367897926,104,-4736,1248,-2304,896,524224,19328,,,,,,
182191178956600,63285368897801,105,-4608,1440,-2752,1472,524480,19712,,,,,,
182191179951300,63285369897718,106,-4160,800,-1728,448,525312,17984,,,,,,
182191180951200,63285370897676,107,-4192,1792,-1984,704,525376,20672,,,,,,
182191181943000,63285371897801,108,-4640,1824,-2720,1280,523584,19456,,,,,,
182191182948200,63285372899468,109,-4320,1536,-2336,0,525184,19008,,,,,,
182191183949200,63285373897635,110,-4448,1088,-2464,-64,524224,19072,,,,,,
182191184967400,63285374897885,111,-4480,1504,-2336,1344,525248,19456,,,,,,
182191185943400,63285375897760,112,-4544,992,-2720,-1344,524160,17984,,,,,,
182191186954800,63285376897676,113,-3808,960,-2304,192,524672,19392,,,,,,
182191187950300,63285377897676,114,-4640,1312,-2560,1408,524672,15936,,,,,,
182191188963000,63285378897718,115,-4768,992,-2752,448,525440,19968,,,,,,
182191189949300,63285379897676,116,-4192,1376,-2720,256,524224,18688,,,,,,
182191190943200,63285380899385,117,-4544,1312,-2368,128,525184,18432,,,,,,
182191192049700,63285381897635,118,-4384,1248,-2080,1600,525056,18176,,,,,,
182191193005000,63285382897843,119,-4832,1408,-2048,-512,526208,21312,,,,,,
182191193943500,63285383897843,120,-4672,960,-2944,-1344,525760,18688,,,,,,
182191194945900,63285384897593,121,-4096,1152,-2240,-1216,526080,16768,,,,,,
182191195949900,63285385897885,122,-4800,1216,-2496,-1344,524544,21184,,,,,,
182191196944100,63285386897718,123,-4288,1248,-2656,1856,523328,17408,,,,,,
182191197944100,63285387897718,124,-4960,1152,-1792,-1664,527168,15808,,,,,,
182191198963800,63285388897551,125,-4704,1152,-2464,-512,525440,18048,,,,,,
182191199944100,63285389901218,126,-4704,1536,-2720,-64,525248,18496,,,,,,
182191200958400,63285390901426,127,-4192,1120,-2112,-1088,525568,19008,,,,,,
182191201953900,63285391897593,128,-4224,1632,-2464,768,524992,19456,,,,,,
182191202951000,63285392897968,129,-4224,1504,-2240,2368,527360,16768,,,,,,
182191203953200,63285393897760,130,-4864,1696,-2848,640,524672,15360,,,,,,
182191204954300,63285394899301,131,-4000,864,-2432,1216,526336,17920,,,,,,
182191205940500,63285395897676,132,-4800,1472,-3168,-1024,526080,18304,,,,,,
182191206950700,63285396897801,133,-3968,1248,-2528,1216,525440,16832,,,,,,
182191207957000,63285397897801,134,-4192,960,-2848,960,524608,18880,,,,,,
182191208943700,63285398897635,135,-4288,1632,-2432,0,526784,18880,,,,,,
182191209956800,63285399897593,136,-4352,1632,-2560,-128,525504,20672,,,,,,
182191210961600,63285400897926,137,-4288,544,-2368,-256,525248,20608,,,,,,
182191211946400,63285401897676,138,-4384,1312,-2560,-1024,525376,17472,,,,,,
182191212943000,63285402897676,139,-4032,1216,-2432,-1344,526336,17344,,,,,,
182191213946000,63285403897801,140,-5120,1952,-3104,-640,524928,18624,,,,,,
182191214954000,63285404897801,141,-4800,960,-2176,1664,525696,20160,,,,,,
182191215958800,63285405897718,142,-4608,1024,-2304,576,524736,16448,,,,,,
182191216946500,63285406897968,143,-4736,992,-2816,-64,525888,18752,,,,,,
182191217959900,63285407899093,144,-3936,1120,-2048,-256,524288,16896,,,,,,
182191218951100,63285408897801,145,-4736,896,-1696,576,527488,17088,,,,,,
182191219944400,63285409897843,146,-4864,1152,-2432,320,525568,19264,,,,,,
182191220953500,63285410898010,147,-4576,1312,-2016,256,525632,18240,,,,,,
182191221987000,63285411897760,148,-4736,1056,-1952,576,524480,17408,,,,,,
182191222954400,63285412897635,149,-4800,1216,-1888,-1088,525696,18240,,,,,,
182191223952400,63285413897885,150,-4576,1312,-2560,1280,525888,17472,,,,,,
182191224950400,63285414897760,151,-4416,1152,-2688,-768,525504,16384,,,,,,
182191225963500,63285415897801,152,-5344,1824,-2688,-960,526912,19264,,,,,,
182191226942100,63285416897676,153,-5056,1440,-2208,-576,526656,20352,,,,,,
182191227942900,63285417897676,154,-4672,1312,-2656,2112,526528,18112,,,,,,
182191228944800,63285418897718,155,-4576,1216,-2144,-64,524096,16832,,,,,,
182191229947400,63285419897676,156,-4416,1216,-2272,256,525440,19200,,,,,,
182191230943100,63285420897676,157,-4032,1120,-1920,2112,526400,18880,,,,,,
182191231952400,63285421897801,158,-5184,1248,-2656,1600,525376,18368,,,,,,
182191232946000,63285422897718,159,-4416,800,-1664,-1024,524352,19648,,,,,,
182191233948400,63285423897718,160,-4352,1568,-2240,-1088,526528,20416,,,,,,
182191234947200,63285424897676,161,-4800,1344,-2432,704,524992,18688,,,,,,
182191235949100,63285425899301,162,-4608,1408,-3008,1216,525376,18304,,,,,,
182191236944800,63285426899343,163,-4672,1248,-2464,1536,525120,19136,,,,,,
182191237945400,63285427897760,164,-5408,1536,-2368,768,524736,15808,,,,,,
182191238958900,63285428897885,165,-4672,1248,-2208,448,526272,16832,,,,,,
182191239948400,63285429897843,166,-4896,1728,-2048,64,524736,19136,,,,,,
182191240946600,63285430897760,167,-5120,928,-2464,1728,525376,18816,,,,,,
182191241948500,63285431897843,168,-5440,1344,-2240,320,525632,19968,,,,,,
182191242940600,63285432897926,169,-5376,1312,-2656,1536,523200,22528,,,,,,
182191243948600,63285433897760,170,-4768,832,-2720,128,525696,19136,,,,,,
182191244955900,63285434897718,171,-4256,960,-2464,320,525440,18688,,,,,,
182191245955400,63285435897551,172,-4768,1408,-2304,1536,525504,19200,,,,,,
182191246956600,63285436900426,173,-5728,1248,-3328,960,526080,21312,,,,,,
182191247950600,63285437898343,174,-4864,1152,-2272,2368,525696,17792,,,,,,
182191248950700,63285438897593,175,-4864,1120,-2528,-64,524992,20864,,,,,,
182191249950200,63285439897843,176,-5184,1504,-2880,576,525696,17472,,,,,,
182191250954700,63285440897885,177,-5120,1600,-2208,-128,527104,17856,,,,,,
182191251950900,63285441897718,178,-5024,1344,-2304,448,525696,19136,,,,,,
182191252952700,63285442897635,179,-4992,992,-2368,448,526912,17792,,,,,,
182191253952500,63285443897760,180,-5472,1312,-2592,-448,526400,17984,,,,,,
182191254953700,63285444897718,181,-5376,736,-1952,1792,526400,17280,,,,,,
182191255947900,63285445897635,182,-5152,1504,-2528,-128,526208,18240,,,,,,
182191256957300,63285446899093,183,-5280,1568,-2336,768,524672,18688,,,,,,
182191257954400,63285447897801,184,-5248,1568,-2624,64,525120,18048,,,,,,
182191258954600,63285448897593,185,-5024,1504,-1984,-1792,525632,17728,,,,,,
182191259954600,63285449897593,186,-5120,1408,-2496,384,526400,18496,,,,,,
182191260954200,63285450897968,187,-4736,1312,-2400,960,527104,19712,,,,,,
182191261957000,63285451897343,188,-4672,1088,-2272,-192,525632,17216,,,,,,
182191262955600,63285452897676,189,-5024,1344,-1952,192,525696,19712,,,,,,
182191263955800,63285453897760,190,-4608,1376,-2592,896,526208,17344,,,,,,
182191264955500,63285454897760,191,-5152,1536,-2240,384,526336,18560,,,,,,
182191265957700,63285455897676,192,-4960,1120,-2048,832,526144,19200,,,,,,
182191266959100,63285456897718,193,-5280,1472,-1984,384,524928,19328,,,,,,
182191267957300,63285457897801,194,-4768,1280,-2432,960,525248,19520,,,,,,
182191268956500,63285458897760,195,-4768,1248,-2560,1088,526080,19072,,,,,,
182191269957500,63285459897801,196,-4672,1248,-2208,-1152,525440,18752,,,,,,
182191270957300,63285460898218,197,-4224,1024,-2048,1344,525504,18944,,,,,,
182191271956100,63285461900676,198,-5312,1088,-2560,-512,526848,18496,,,,,,
182191272955600,63285462897801,199,-5024,1312,-2688,0,525184,19136,,,,,,
182191273960000,63285463897551,200,-4608,1408,-2336,1152,526336,18944,,,,,,
182191274961000,63285464897926,201,-5312,1792,-2112,1792,524928,21056,,,,,,
182191275955900,63285465897718,202,-5056,1600,-2336,3136,525312,18112,,,,,,
182191276953100,63285466897843,203,-4896,1408,-2048,-320,525760,19008,,,,,,
182191277955400,63285467898968,204,-4864,1536,-1856,512,525184,20032,,,,,,
182191278955200,63285468897801,205,-5056,1088,-2336,-1536,523328,17664,,,,,,
182191279958000,63285469897801,206,-5088,1152,-1984,-1216,524736,17536,,,,,,
182191280965100,63285470897718,207,-4160,1376,-2528,1856,526208,18240,,,,,,
182191281952700,63285471898593,208,-5312,1696,-2208,-1920,526656,20352,,,,,,
182191282968600,63285472899510,209,-4960,1536,-2368,64,526784,18624,,,,,,
182191283958900,63285473897510,210,-5472,1280,-2400,1536,524096,18560,,,,,,
182191284956700,63285474897718,211,-5696,1472,-3200,832,525440,19072,,,,,,
182191285949400,63285475897676,212,-4736,960,-1792,-1152,524160,17152,,,,,,
182191286958800,63285476897760,213,-5152,1184,-2016,640,525120,18752,,,,,,
182191287959100,63285477897926,214,-5024,992,-1920,256,523200,17856,,,,,,
182191288961400,63285478897801,215,-5120,1184,-2112,1344,525376,18816,,,,,,
182191289954400,63285479897760,216,-4640,1440,-2496,832,525312,17280,,,,,,
182191290962500,63285480897760,217,-4576,1696,-2400,320,525248,19904,,,,,,
182191291960100,63285481897635,218,-4832,1344,-2752,320,524480,16256,,,,,,
182191292958900,63285482897801,219,-5024,1376,-2624,-1088,524288,16832,,,,,,
182191293960000,63285483897926,220,-4672,1376,-2592,1088,525056,21440,,,,,,
182191294956400,63285484897760,221,-4288,1696,-3296,-192,525184,19200,,,,,,
182191295953400,63285485897551,222,-5248,1120,-1728,640,524480,17536,,,,,,
182191296955200,63285486897801,223,-4672,1184,-2752,-2752,526272,20544,,,,,,
182191297950800,63285487897676,224,-4704,960,-2080,768,524608,19072,,,,,,
182191298950100,63285488898635,225,-4928,1312,-2688,896,526016,19968,,,,,,
182191299957500,63285489897968,226,-4736,1120,-2304,-2560,524544,19328,,,,,,
182191300999100,63285490897885,227,-5120,1280,-2240,-1344,524864,17536,,,,,,
182191301992900,63285491897926,228,-4928,1472,-2528,-1024,524544,18496,,,,,,
182191302964600,63285492897635,229,-4192,1408,-2272,1024,526592,19072,,,,,,
182191303958500,63285493897885,230,-4896,1600,-2464,256,524352,20800,,,,,,
182191304955800,63285494897718,231,-4928,1248,-2208,960,524800,17408,,,,,,
182191306069100,63285495897843,232,-4640,1344,-2272,704,524928,17792,,,,,,
182191306961100,63285496897635,233,-4576,800,-2144,256,525440,19200,,,,,,
182191307964700,63285497897676,234,-5184,1120,-2720,1216,523520,21248,,,,,,
182191308958200,63285498897885,235,-4544,1248,-2304,-64,526336,17536,,,,,,
182191309961500,63285499897635,236,-5088,1504,-2880,448,526336,20928,,,,,,
182191310962300,63285500897843,237,-4736,1184,-1952,0,526720,17920,,,,,,
182191311962300,63285501898885,238,-4800,1440,-1760,-576,524608,18816,,,,,,
182191312960000,63285502897593,239,-4960,1376,-2752,448,524672,19200,,,,,,
182191313961900,63285503897635,240,-5024,1184,-2336,-2432,525376,19072,,,,,,
182191315097400,63285504897718,241,-4448,992,-2016,-896,524480,18368,,,,,,
182191315973800,63285505898510,242,-4288,1152,-2624,0,522752,17728,,,,,,
182191317168400,63285506897843,243,-5248,1088,-2304,1216,525888,18176,,,,,,
182191317955300,63285507897718,244,-4640,1344,-2432,-640,523968,19200,,,,,,
182191318955000,63285508897843,245,-4832,1088,-2176,-1280,526080,17792,,,,,,
182191319956300,63285509897676,246,-4672,1376,-2176,1664,524352,18304,,,,,,
182191320957800,63285510897718,247,-5312,1216,-1920,320,524096,17792,,,,,,
182191321957600,63285511897801,248,-5120,1312,-2912,256,526272,19072,,,,,,
182191322961700,63285512897801,249,-4608,672,-2496,1408,524224,20928,,,,,,
182191323982800,63285513898343,250,-4576,1152,-2336,-448,524672,21248,,,,,,
182191324967300,63285514899801,251,-4928,1728,-3072,-768,523008,18112,,,,,,
182191325959000,63285515900885,252,-4800,1280,-2688,-1088,524992,19136,,,,,,
182191326959300,63285516897843,253,-4544,1440,-1920,1088,524608,17984,,,,,,
182191327960000,63285517897676,254,-4832,960,-2304,0,524608,20928,,,,,,
182191328961800,63285518897843,255,-5088,1248,-1760,256,523136,17408,,,,,,
182191329961900,63285519897760,0,-4704,1600,-2560,768,523904,17152,,,,,,
182191330945500,63285520897718,1,-4416,960,-1920,0,523520,20608,,,,,,
182191331961800,63285521897593,2,-5024,1376,-3168,1408,524992,19328,,,,,,
182191332953700,63285522897926,3,-4960,1280,-2752,1664,526016,18048,,,,,,
182191333955400,63285523897801,4,-4160,1344,-1888,64,525184,17664,,,,,,
182191334956600,63285524897635,5,-5504,1184,-2112,1024,525312,17472,,,,,,
182191335955900,63285525897635,6,-5120,1184,-2080,-384,526528,19456,,,,,,
182191336955800,63285526898760,7,-4672,1632,-2400,-448,524224,18560,,,,,,
182191337955300,63285527897593,8,-4032,736,-2176,-256,523968,18560,,,,,,
182191338950500,63285528897760,9,-4768,832,-2784,2560,525248,19200,,,,,,
182191339967400,63285529897843,10,-4544,1184,-2528,1216,524480,20416,,,,,,
182191340975400,63285530900301,11,-4672,1504,-2592,1408,525312,16640,,,,,,
182191341955000,63285531897801,12,-4192,1472,-2112,1408,524480,19776,,,,,,
182191342954100,63285532897593,13,-4192,960,-2432,832,525056,19136,,,,,,
182191343956100,63285533897926,14,-4576,1184,-3008,-512,524032,20480,,,,,,
182191344955500,63285534897718,15,-4224,1312,-2272,-512,524544,18176,,,,,,
182191345956600,63285535897718,16,-4192,1024,-2208,2112,524352,19968,,,,,,
182191346957400,63285536897718,17,-4352,1184,-2176,1792,525056,16768,,,,,,
182191347957100,63285537897385,18,-4512,1440,-2560,704,526336,21696,,,,,,
182191348971300,63285538897760,19,-4256,1504,-2624,-320,525888,18368,,,,,,
182191349954400,63285539897551,20,-4672,1408,-2176,-64,525376,19968,,,,,,
182191350953600,63285540897760,21,-4608,1216,-1952,1408,524864,16512,,,,,,
182191351957600,63285541897718,22,-3936,1504,-2272,-1088,524480,19264,,,,,,
182191352952900,63285542897593,23,-4064,1248,-2528,-768,524736,17984,,,,,,
182191353952000,63285543899218,24,-4352,1472,-2784,320,525760,17984,,,,,,
182191354952200,63285544898593,25,-3872,1056,-1760,256,525120,23040,,,,,,
182191355960200,63285545897718,26,-4672,1184,-2464,-640,525120,18944,,,,,,
182191356967000,63285546897551,27,-4576,1792,-2656,512,524992,19008,,,,,,
182191357956800,63285547897760,28,-4320,1408,-1824,1664,526272,16704,,,,,,
182191358953000,63285548897760,29,-4384,1664,-2368,-576,526848,19072,,,,,,
182191359957100,63285549897593,30,-4448,1248,-1856,512,525888,18112,,,,,,
182191360954300,63285550898426,31,-4256,1056,-2496,256,524736,19968,,,,,,
182191361957400,63285551897801,32,-4320,1440,-1920,-640,524416,20288,,,,,,
182191362957100,63285552897801,33,-4480,1344,-2528,-1472,523968,18304,,,,,,
182191363957700,63285553897676,34,-4640,1216,-2336,1024,525760,18496,,,,,,
182191364956000,63285554897843,35,-4288,1120,-2080,-256,526208,19264,,,,,,
182191365956600,63285555899260,36,-4800,1120,-2368,-1280,524800,19904,,,,,,
182191366953900,63285556899051,37,-4832,992,-2464,-64,525632,20800,,,,,,
182191367951300,63285557898801,38,-4864,1024,-2400,384,524928,19584,,,,,,
182191368950300,63285558897760,39,-4864,1504,-2464,-704,525888,17792,,,,,,
182191369952000,63285559897635,40,-5056,1088,-2720,512,525120,19136,,,,,,
182191370951600,63285560898843,41,-4000,1024,-2080,448,526848,18432,,,,,,
182191371953500,63285561898343,42,-4544,1216,-2112,2240,524288,16000,,,,,,
182191372976400,63285562897635,43,-4512,992,-2496,-1216,524352,18176,,,,,,
182191373958200,63285563897635,44,-4800,1024,-2528,-256,526656,19520,,,,,,
182191374957000,63285564897551,45,-4352,1152,-2496,-128,525824,19072,,,,,,
182191375956800,63285565897718,46,-4672,1344,-2208,896,525504,19712,,,,,,
182191376954100,63285566899135,47,-5056,1312,-2624,1408,525696,19264,,,,,,
182191377955100,63285567897718,48,-4512,1152,-2304,640,524160,15808,,,,,,
182191378954800,63285568897551,49,-4896,1216,-2592,1408,525440,16064,,,,,,
182191379957000,63285569897676,50,-4192,1344,-1632,-768,525248,19008,,,,,,
182191380946800,63285570899260,51,-5216,1376,-3200,64,527424,18240,,,,,,
182191381959500,63285571897635,52,-4864,1536,-2080,1216,526976,20608,,,,,,
182191382954800,63285572897885,53,-4608,1408,-2240,320,525696,18048,,,,,,
182191383949000,63285573897718,54,-5024,896,-1760,-1280,527232,17728,,,,,,
182191384951800,63285574897635,55,-5248,1568,-2368,960,525504,17216,,,,,,
182191385951800,63285575897760,56,-4704,1920,-2688,-896,525568,18752,,,,,,
182191386949700,63285576897801,57,-4576,1696,-2688,64,524736,18176,,,,,,
182191387961000,63285577897843,58,-5024,1344,-2432,576,525696,17536,,,,,,
182191388963000,63285578897593,59,-4672,1344,-3040,-1344,524864,19456,,,,,,
182191389967800,63285579897510,60,-4160,1152,-1376,-704,524480,18688,,,,,,
182191390971100,63285580900093,61,-4384,1568,-2144,512,525504,17216,,,,,,
182191391952600,63285581899176,62,-4704,1248,-2304,-320,524800,19008,,,,,,
182191392955400,63285582897676,63,-4896,1216,-2880,128,526336,19904,,,,,,
182191393959200,63285583897843,64,-4640,1216,-2560,704,525888,17664,,,,,,
182191394956100,63285584897718,65,-5600,1664,-2496,-2176,525376,19008,,,,,,
182191395956900,63285585897801,66,-4992,1280,-2848,192,524928,21184,,,,,,
182191396960500,63285586899051,67,-4864,1216,-2528,832,526272,17216,,,,,,
182191397959300,63285587897801,68,-4896,1472,-2464,-128,526784,18816,,,,,,
182191398955700,63285588897551,69,-4800,1120,-2656,960,526656,16000,,,,,,
182191399952600,63285589897301,70,-4672,960,-2144,704,525312,19584,,,,,,
182191400952600,63285590902510,71,-5408,1440,-2624,448,527360,19200,,,,,,
182191401951200,63285591897760,72,-4576,1056,-1312,640,526592,17280,,,,,,
182191402965500,63285592897635,73,-5312,1280,-2560,-1472,525440,19264,,,,,,
182191403991500,63285593897510,74,-4544,736,-2560,-1536,525120,19968,,,,,,
182191404946000,63285594897843,75,-4992,1664,-1856,384,525504,18944,,,,,,
182191405976800,63285595897926,76,-5440,768,-1888,768,524224,16384,,,,,,
182191406970300,63285596897593,77,-4896,1632,-2816,128,525120,17984,,,,,,
182191407955300,63285597897593,78,-5024,1152,-1888,1024,526272,19328,,,,,,
182191408953500,63285598897801,79,-5888,1888,-3040,-64,526912,17728,,,,,,
182191409955200,63285599897676,80,-4992,1408,-2176,512,524800,19904,,,,,,
182191410959200,63285600897635,81,-4960,1376,-2080,768,525504,15936,,,,,,
182191411958700,63285601898885,82,-5184,960,-2464,64,524480,19776,,,,,,
182191412960900,63285602897760,83,-5440,1536,-2496,2176,525888,18752,,,,,,
182191413958600,63285603897676,84,-4928,1600,-2016,-448,523840,17920,,,,,,
182191414966200,63285604897635,85,-5088,1056,-3008,1536,524736,18048,,,,,,
182191415966500,63285605897760,86,-5088,1280,-2400,-448,525760,16960,,,,,,
182191416950300,63285606897676,87,-4992,960,-2144,256,526784,19456,,,,,,
182191417951200,63285607898343,88,-4704,1408,-2336,512,525824,19904,,,,,,
182191418957400,63285608897843,89,-5280,1088,-1728,512,524736,18432,,,,,,
182191419952700,63285609897801,90,-5184,1344,-2624,-1088,525696,18752,,,,,,
182191420954600,63285610897676,91,-5504,992,-2976,512,525248,17280,,,,,,
182191421953700,63285611897551,92,-5056,1504,-2432,832,525696,17792,,,,,,
182191423011600,63285612897885,93,-4960,1312,-2336,1088,525696,19264,,,,,,
182191423962900,63285613898468,94,-4736,928,-1792,1216,526720,17984,,,,,,
182191424955900,63285614897635,95,-4960,1056,-2464,1280,526208,20480,,,,,,
182191425953700,63285615897426,96,-5696,1408,-3040,3008,524224,19136,,,,,,
182191426953700,63285616898968,97,-4832,1152,-2240,-448,525376,17408,,,,,,
182191427955400,63285617897760,98,-4960,1248,-2368,128,525504,21376,,,,,,
182191428958600,63285618897593,99,-5280,1440,-2688,-320,527616,18944,,,,,,
182191429957700,63285619897801,100,-4512,1408,-2784,0,526208,19840,,,,,,
182191430953000,63285620897760,101,-4704,1216,-2560,128,527104,19776,,,,,,
182191431959000,63285621897593,102,-5088,1216,-2656,320,525312,19712,,,,,,
182191432952800,63285622897551,103,-5024,1568,-2784,-128,524928,16192,,,,,,
182191433945000,63285623897676,104,-4768,1408,-2592,64,525568,18176,,,,,,
182191434961400,63285624897801,105,-5184,1664,-2144,-768,526720,17600,,,,,,
182191435966700,63285625898593,106,-4736,992,-2240,-320,525888,17792,,,,,,
182191436959200,63285626900468,107,-5312,1344,-2592,-448,524992,20096,,,,,,
182191437954900,63285627897801,108,-4768,1120,-2208,-384,527168,18304,,,,,,
182191438953500,63285628897635,109,-4960,1280,-2400,-128,526144,18368,,,,,,
182191440118800,63285629897593,110,-5408,1312,-2272,896,526144,20416,,,,,,
182191440965200,63285630897676,111,-4640,896,-2528,-192,526336,17472,,,,,,
182191441954500,63285631897760,112,-5120,1344,-2464,2112,524672,18368,,,,,,
182191442954400,63285632897801,113,-4736,1440,-2240,256,525312,18944,,,,,,
182191443956900,63285633897510,114,-4544,1376,-2720,1280,526592,19648,,,,,,
182191444956800,63285634897760,115,-4704,1408,-2176,1216,525696,20416,,,,,,
182191445953000,63285635897676,116,-5024,1184,-2784,704,527104,18752,,,,,,
182191446953500,63285636899218,117,-4640,1280,-1952,1280,526400,18816,,,,,,
182191447961100,63285637897843,118,-4672,1600,-2496,-448,525056,21568,,,,,,
182191448952600,63285638899093,119,-5184,1120,-2880,960,525824,18944,,,,,,
182191449949200,63285639897843,120,-5408,1536,-2176,320,524800,19136,,,,,,
182191450955700,63285640897593,121,-4768,800,-2208,-384,525696,17088,,,,,,
182191451956000,63285641897843,122,-5504,1600,-2496,-512,524480,18432,,,,,,
182191452961500,63285642897718,123,-5184,960,-2208,-1280,524608,19520,,,,,,
182191453957400,63285643897593,124,-4384,1408,-2656,-128,526336,17344,,,,,,
182191454957000,63285644897843,125,-4640,864,-2176,1280,525760,19584,,,,,,
182191455952200,63285645897718,126,-4960,1600,-2656,192,524352,16768,,,,,,
182191456959600,63285646899218,127,-5056,1056,-2656,-896,525760,17664,,,,,,
182191457955300,63285647897551,128,-4672,1248,-2016,640,523968,20160,,,,,,
182191458955800,63285648897885,129,-4544,1376,-2240,-576,524352,18560,,,,,,
182191459957400,63285649897801,130,-4704,1504,-3040,-1088,522624,19392,,,,,,
182191460956400,63285650897676,131,-4544,736,-2464,640,526272,19008,,,,,,
182191461957100,63285651897843,132,-4768,1376,-2592,1152,525952,20864,,,,,,
182191462959500,63285652897760,133,-4896,1280,-2368,-1408,525376,19328,,,,,,
182191463953900,63285653897635,134,-5088,1504,-2304,640,524544,19200,,,,,,
182191464955700,63285654897801,135,-4832,1568,-2304,0,524480,20608,,,,,,
182191465951700,63285655897843,136,-4832,1184,-2880,-1472,526272,19584,,,,,,
182191466955800,63285656897926,137,-4064,1280,-2272,384,523904,17664,,,,,,
182191467955400,63285657897760,138,-4736,1280,-2592,-256,525952,19328,,,,,,
182191468954000,63285658897635,139,-4224,1408,-2272,576,524352,17408,,,,,,
182191469953500,63285659899551,140,-4896,992,-2112,-192,524608,19648,,,,,,
182191470956900,63285660897843,141,-4736,1280,-2176,640,525120,17280,,,,,,
182191471954400,63285661899176,142,-4608,1344,-2432,512,524160,18432,,,,,,
182191472960000,63285662897718,143,-4416,1088,-1952,-960,524224,18112,,,,,,
182191473954900,63285663899093,144,-5184,1536,-2432,1216,524736,18368,,,,,,
182191475012800,63285664897635,145,-4032,832,-2688,-704,523520,18816,,,,,,
182191475953800,63285665897635,146,-4192,1216,-1888,0,523648,20608,,,,,,
182191476954200,63285666898010,147,-4128,1248,-2336,1280,525248,17856,,,,,,
182191477956100,63285667897635,148,-4544,1792,-3072,-832,525440,17216,,,,,,
182191478960700,63285668898218,149,-4640,1568,-2336,704,525056,17856,,,,,,
182191479953200,63285669897718,150,-4640,1312,-2528,448,525376,17344,,,,,,
182191480946200,63285670897718,151,-4480,1152,-2208,1024,525568,18368,,,,,,
182191481957500,63285671897760,152,-4736,1280,-1952,-320,526976,17728,,,,,,
182191482950300,63285672897718,153,-3552,1472,-2368,-512,524224,18112,,,,,,
182191483954800,63285673901260,154,-4384,1120,-3008,1536,524544,17152,,,,,,
182191484956200,63285674897801,155,-4128,1408,-1824,-128,525952,17664,,,,,,
182191486297900,63285675897593,156,-4512,1344,-2208,256,523584,19648,,,,,,
182191486946600,63285676897635,157,-4736,1568,-2464,-576,524992,19200,,,,,,
182191488087300,63285677897843,158,-4576,1632,-2816,-64,526720,19008,,,,,,
182191489014300,63285678898260,159,-4608,1504,-2208,-64,524800,20672,,,,,,
182191489946100,63285679897468,160,-4032,1024,-2592,640,526144,16512,,,,,,
182191490955300,63285680897718,161,-4320,1024,-2272,-1280,526464,19392,,,,,,
182191491954600,63285681897760,162,-4448,1376,-2144,704,524096,20672,,,,,,
182191492954200,63285682897676,163,-4608,1568,-3104,128,524992,18112,,,,,,
182191493955900,63285683897551,164,-4160,512,-1568,1216,525440,17984,,,,,,
182191494949900,63285684897843,165,-4928,1024,-2016,-384,524160,19072,,,,,,
182191495951500,63285685897676,166,-4384,1248,-2688,-320,526016,19968,,,,,,
182191496951500,63285686897635,167,-5024,1408,-2752,-1280,524608,17920,,,,,,
182191497831200,63285687897426,168,-4608,1376,-2368,-576,526976,17344,,,,,,
182191498956200,63285688897760,169,-4704,864,-2880,192,524672,17472,,,,,,
182191499954000,63285689898468,170,-4416,1664,-2432,1472,524224,20224,,,,,,
182191500955300,63285690897551,171,-4576,1600,-2592,-1216,525568,18432,,,,,,
182191501956200,63285691899343,172,-4416,1152,-2592,2368,525696,18112,,,,,,
182191502957600,63285692897718,173,-4832,1216,-1984,64,525760,16768,,,,,,
182191503957600,63285693897635,174,-4640,1152,-2976,640,524672,17856,,,,,,
182191504832300,63285694897510,175,-4480,1568,-2112,-1472,524864,17984,,,,,,
182191505944300,63285695897635,176,-4320,1344,-2304,-1152,524096,19392,,,,,,
182191506961600,63285696897593,177,-4864,1280,-2496,320,526784,17536,,,,,,
182191507955600,63285697897635,178,-4800,1216,-2816,192,526912,18752,,,,,,
182191508954200,63285698897843,179,-4128,1408,-2336,448,524416,17792,,,,,,
182191509959300,63285699897676,180,-3936,1216,-1984,-1152,525184,19840,,,,,,
182191510954900,63285700898551,181,-4928,1472,-3104,1664,523776,18752,,,,,,
182191511954800,63285701897760,182,-4672,1344,-2240,-640,525248,20160,,,,,,
182191512954700,63285702898468,183,-4128,1600,-2496,64,524160,18368,,,,,,
182191514111300,63285703898718,184,-3968,1440,-2400,-512,525888,18880,,,,,,
182191514992200,63285704897510,185,-4192,1472,-2112,-320,525696,16896,,,,,,
182191516009000,63285705897468,186,-4544,1248,-2656,576,525760,20352,,,,,,
182191516992800,63285706897843,187,-4352,1408,-1984,512,524096,18432,,,,,,
182191517952300,63285707897635,188,-4192,1472,-2496,576,527360,17408,,,,,,
182191518943300,63285708899135,189,-4512,1504,-2112,-640,524544,20032,,,,,,
182191519943100,63285709897760,190,-4288,1024,-1888,1408,524032,18240,,,,,,
182191520960300,63285710897718,191,-4256,1536,-2720,256,524992,17152,,,,,,
182191521956900,63285711897676,192,-4672,1312,-2048,-448,524160,19200,,,,,,
182191522963700,63285712897510,193,-4384,864,-2144,-128,526208,18304,,,,,,
182191523966300,63285713897760,194,-4608,1088,-3424,1344,525824,17088,,,,,,
182191524957000,63285714897676,195,-4544,1248,-2272,448,525952,20160,,,,,,
182191525955800,63285715898760,196,-5408,1248,-2944,576,524736,19648,,,,,,
182191526958700,63285716897801,197,-4576,960,-1888,-640,526656,17472,,,,,,
182191527954700,63285717897718,198,-4576,960,-2560,1152,527296,20800,,,,,,
182191528955400,63285718897676,199,-4576,1376,-2528,-64,525184,18560,,,,,,
182191529995400,63285719898260,200,-4192,1152,-2112,-1792,526528,18752,,,,,,
182191530968100,63285720897760,201,-4736,1376,-2720,384,524096,18240,,,,,,
182191532126500,63285721897760,202,-4320,928,-2560,1344,524736,17024,,,,,,
182191532961100,63285722897426,203,-4000,1024,-1504,-1664,526144,19968,,,,,,
182191533959800,63285723897885,204,-4768,1120,-2560,-384,524608,19776,,,,,,
182191534954200,63285724897676,205,-5376,1536,-2560,1152,524672,16512,,,,,,
182191535955200,63285725897801,206,-4544,1440,-2688,192,526144,17600,,,,,,
182191536967300,63285726898343,207,-4704,1248,-2080,-64,526784,18752,,,,,,
182191537954900,63285727897843,208,-5120,1728,-3040,-832,527744,20160,,,,,,
182191538954000,63285728897801,209,-4640,1376,-2880,1408,525184,17984,,,,,,
182191539957800,63285729897635,210,-4768,1024,-2016,-320,526144,20672,,,,,,
182191540961700,63285730898135,211,-5152,1280,-2848,-384,525568,17152,,,,,,
182191541953600,63285731897843,212,-4160,1248,-2592,64,526976,18880,,,,,,
182191542956200,63285732897718,213,-4736,1216,-1888,-640,527104,20800,,,,,,
182191543954300,63285733897718,214,-5280,1536,-2688,832,524544,17600,,,,,,
182191544955500,63285734897843,215,-4704,1472,-2752,896,526784,19584,,,,,,
182191545953000,63285735897676,216,-4768,1376,-2400,-1024,527104,19776,,,,,,
182191546821700,63285736897635,217,-4960,1376,-2912,2624,525760,19072,,,,,,
182191548020000,63285737897968,218,-4224,1024,-1888,1728,525440,18240,,,,,,
182191548953400,63285738899885,219,-4288,1312,-2560,-704,525888,19776,,,,,,
182191549946600,63285739897635,220,-5088,1376,-2432,0,527104,20480,,,,,,
182191550943800,63285740897635,221,-4832,1600,-2208,-256,527104,18176,,,,,,
182191552186800,63285741897801,222,-5376,1184,-2336,1024,524352,18624,,,,,,
182191553214100,63285742899593,223,-4256,832,-2336,704,527104,18496,,,,,,
182191553955500,63285743897843,224,-4480,1408,-2464,192,525696,15680,,,,,,
182191554827100,63285744898885,225,-5152,1184,-2912,-1664,526976,20416,,,,,,
182191555956900,63285745897801,226,-4992,928,-2304,192,525952,19648,,,,,,
182191556834400,63285746897676,227,-5536,1280,-2784,64,526912,17472,,,,,,
182191557958100,63285747897926,228,-4352,1312,-2784,-896,525440,19008,,,,,,
182191558954000,63285748897676,229,-4320,1312,-2016,768,526336,18688,,,,,,
182191559954100,63285749897760,230,-4800,1760,-2880,960,526016,19328,,,,,,
182191560954100,63285750899260,231,-5120,1504,-2336,-832,526656,17472,,,,,,
182191561950200,63285751899510,232,-4608,1152,-2016,-384,524992,19840,,,,,,
182191562958200,63285752898260,233,-5504,1216,-2208,-512,524928,17344,,,,,,
182191563957000,63285753898593,234,-5056,1152,-2560,192,524672,18624,,,,,,
182191564834800,63285754897551,235,-4896,1504,-2720,-320,527232,20608,,,,,,
182191565956700,63285755897676,236,-5344,1664,-2688,-64,525568,17920,,,,,,
182191566955800,63285756897718,237,-4640,736,-2272,832,524480,17728,,,,,,
182191567954400,63285757897676,238,-5408,1440,-2368,1664,526784,18048,,,,,,
182191568832600,63285758897551,239,-5376,1600,-2144,640,523456,20224,,,,,,
182191569956700,63285759897593,240,-4640,928,-2176,960,525632,18432,,,,,,
182191570961300,63285760897885,241,-4736,960,-2432,-832,525504,20096,,,,,,
182191571955400,63285761897885,242,-5408,1280,-2752,320,526272,18240,,,,,,
182191572957500,63285762897551,243,-4992,1376,-2080,1024,525568,18048,,,,,,
182191573954500,63285763897843,244,-5152,1536,-2880,-320,524032,18496,,,,,,
182191575031500,63285764897635,245,-5344,1440,-2400,512,524544,18880,,,,,,
182191575952000,63285765897760,246,-4736,1600,-2240,-576,525632,18048,,,,,,
182191576948400,63285766897551,247,-4640,1568,-2272,-768,525120,17472,,,,,,
182191577959700,63285767899301,248,-5568,1408,-1824,-2368,525056,18240,,,,,,
182191578956600,63285768897593,249,-5536,1696,-3168,-192,525184,20096,,,,,,
182191579953400,63285769897510,250,-4544,1248,-1824,-256,525568,18944,,,,,,
182191580947200,63285770900093,251,-4832,1184,-2400,-448,525632,17984,,,,,,
182191581834600,63285771897718,252,-4832,1024,-2848,-1344,523520,18688,,,,,,
182191582955000,63285772898635,253,-5024,1184,-2144,1152,526336,18688,,,,,,
182191583929700,63285773897593,254,-5568,1376,-2912,0,524544,20352,,,,,,
182191584951500,63285774897801,255,-5440,1024,-1888,-1792,524928,18048,,,,,,
182191585954200,63285775897760,0,-4896,864,-2112,192,524160,20544,,,,,,
182191586822500,63285776898801,1,-5312,1184,-2720,1536,524736,18240,,,,,,
182191587953600,63285777897760,2,-4256,1504,-2400,-1984,525568,18112,,,,,,
182191588955600,63285778898635,3,-5344,1312,-2208,1216,523392,18176,,,,,,
182191589960100,63285779898760,4,-5184,1120,-2240,832,526080,19456,,,,,,
182191590953800,63285780899135,5,-5216,1376,-2656,-64,525184,17792,,,,,,
182191591827400,63285781897760,6,-4704,1024,-2272,-384,525120,17408,,,,,,
182191592954900,63285782897760,7,-4864,1408,-2304,1280,522624,19520,,,,,,
182191593954500,63285783897593,8,-5472,1696,-2464,-896,524544,18688,,,,,,
182191594954200,63285784897718,9,-4832,1696,-2240,1024,525376,20928,,,,,,
182191595955800,63285785899218,10,-4992,992,-2336,1792,525888,18752,,,,,,
182191596827100,63285786897760,11,-4672,1312,-2144,1792,526016,16320,,,,,,
182191597830600,63285787897593,12,-4864,1248,-2624,1024,524736,18944,,,,,,
182191598829100,63285788897801,13,-5216,1152,-2336,576,525312,18752,,,,,,
182191600144000,63285789899051,14,-5280,1824,-2656,384,525824,17856,,,,,,
182191600951000,63285790897926,15,-4576,1312,-2272,1728,525120,17664,,,,,,
182191601961200,63285791899343,16,-4992,1440,-2464,320,524864,19328,,,,,,
182191602972800,63285792897760,17,-5120,1312,-1920,0,525184,18560,,,,,,
182191603829400,63285793897551,18,-4992,1024,-2560,-1408,524224,19776,,,,,,
182191604949800,63285794897718,19,-4672,1504,-2336,1152,524736,18432,,,,,,
182191605833300,63285795897760,20,-4768,1184,-2496,768,524928,19904,,,,,,
182191606958000,63285796897676,21,-5024,1216,-1632,-256,524736,20160,,,,,,
182191607952000,63285797897760,22,-4960,1664,-2592,1920,523136,19008,,,,,,
182191608950800,63285798897468,23,-5024,1440,-2400,-192,525504,17728,,,,,,
182191609965100,63285799897801,24,-4320,1472,-2848,128,524928,19072,,,,,,
182191610955200,63285800899260,25,-4800,1536,-2112,-320,525056,19072,,,,,,
182191611832400,63285801897551,26,-4576,1312,-2272,-448,525568,18560,,,,,,
182191612956600,63285802897676,27,-4320,1568,-2592,-64,526400,17280,,,,,,
182191613955700,63285803899218,28,-4320,1120,-2208,960,524800,18048,,,,,,
182191614956200,63285804899176,29,-5152,1408,-1792,-960,524416,19648,,,,,,
182191615953400,63285805897593,30,-5120,928,-2368,640,525056,18304,,,,,,
182191616957400,63285806897718,31,-4448,1376,-2784,-1152,524352,18688,,,,,,
182191617957400,63285807897760,32,-4576,1344,-2016,1664,524672,19136,,,,,,
182191618956700,63285808898135,33,-5024,992,-1824,1216,525056,18048,,,,,,
182191619954100,63285809897760,34,-4864,1632,-2432,-1280,525824,21696,,,,,,
182191620957300,63285810897801,35,-4800,1440,-2656,1344,526976,17024,,,,,,
182191621835600,63285811897843,36,-5120,1408,-2496,-1024,524736,18240,,,,,,
182191622829200,63285812897635,37,-4480,1408,-2496,1088,524352,18304,,,,,,
182191623833100,63285813897760,38,-5056,1088,-2272,128,524672,19136,,,,,,
182191624959500,63285814897760,39,-4448,1312,-2816,2304,525056,17152,,,,,,
182191625944200,63285815897718,40,-4192,1536,-2528,1536,525056,19200,,,,,,
182191626823700,63285816897551,41,-3808,1312,-2880,640,524800,17216,,,,,,
182191627949600,63285817897801,42,-4800,1312,-3104,-576,526016,17792,,,,,,
182191628828000,63285818897676,43,-4160,1248,-1952,1600,524480,17536,,,,,,
182191629956300,63285819897551,44,-4256,928,-2560,576,525632,17472,,,,,,
182191630956000,63285820897926,45,-4864,1248,-2336,512,525120,20416,,,,,,
182191631998200,63285821898843,46,-4640,1536,-2560,448,525632,18944,,,,,,
182191632962500,63285822897551,47,-4640,1024,-2592,1728,524224,18880,,,,,,
182191633828300,63285823897551,48,-4352,992,-2432,1088,525248,18624,,,,,,
182191634953500,63285824897801,49,-5024,1856,-2656,128,524736,18048,,,,,,
182191635955700,63285825897885,50,-4672,1056,-2272,-2112,525824,20608,,,,,,
182191636961200,63285826897760,51,-4576,1600,-3200,-1408,525440,19520,,,,,,
182191637960300,63285827899051,52,-5024,1312,-2368,-448,525248,19712,,,,,,
182191638830700,63285828897760,53,-4288,1088,-2880,384,524608,20352,,,,,,
182191639833800,63285829897760,54,-4736,1664,-2720,-192,525568,18880,,,,,,
182191640829100,63285830897593,55,-4352,1088,-2752,-2688,523968,19840,,,,,,
182191641962500,63285831897801,56,-4256,1408,-2432,576,525248,18624,,,,,,
182191642954800,63285832899343,57,-4224,704,-2048,960,524544,19200,,,,,,
182191643827100,63285833897635,58,-4512,1408,-2624,832,524992,19072,,,,,,
182191644830700,63285834897635,59,-4224,672,-2464,512,524736,17920,,,,,,
182191645830500,63285835897760,60,-4096,1536,-2720,-1152,525760,19008,,,,,,
182191646947300,63285836898135,61,-4800,1248,-3200,576,525952,20864,,,,,,
182191647956200,63285837897718,62,-4352,1312,-2624,256,525184,19328,,,,,,
182191648974800,63285838898218,63,-4736,1088,-2496,-512,524800,19264,,,,,,
182191649955800,63285839897760,64,-3808,1152,-1824,-448,527168,19968,,,,,,
182191650954300,63285840897551,65,-4736,1440,-2816,-1088,524416,19392,,,,,,
182191651947600,63285841897551,66,-4512,1248,-2304,704,525120,19584,,,,,,
182191652832300,63285842897843,67,-4832,1632,-2400,1088,526144,18560,,,,,,
182191653953200,63285843897718,68,-4544,1664,-2848,-256,526272,20352,,,,,,
182191654826200,63285844897635,69,-4256,1184,-2048,640,525760,17344,,,,,,
182191655829600,63285845897551,70,-4768,1408,-2016,64,524352,19904,,,,,,
182191656948100,63285846897343,71,-4448,1152,-2240,1920,527168,19968,,,,,,
182191657840500,63285847897801,72,-4288,1536,-2752,-704,527296,18688,,,,,,
182191658833400,63285848897551,73,-3872,1664,-2368,256,526784,17088,,,,,,
182191659972500,63285849898801,74,-4256,1344,-1536,448,525888,16512,,,,,,
182191660959100,63285850899885,75,-4704,1504,-2176,-128,524608,19520,,,,,,
182191661954600,63285851898010,76,-4352,992,-2816,1600,526272,21184,,,,,,
182191662955100,63285852897801,77,-4960,1120,-2400,1728,526592,17536,,,,,,
182191663830400,63285853897718,78,-4864,1344,-2976,-192,525312,17472,,,,,,
182191664959300,63285854898385,79,-4768,928,-2656,-320,525184,17792,,,,,,
182191665952000,63285855897635,80,-4128,1024,-2176,704,527616,17856,,,,,,
182191666950900,63285856899135,81,-5056,928,-2048,-640,526080,21824,,,,,,
182191667954400,63285857897885,82,-4320,832,-2624,-384,526528,19072,,,,,,
182191668835800,63285858897593,83,-5248,1376,-2720,704,526464,18944,,,,,,
182191669957200,63285859897593,84,-4512,1440,-2400,576,525440,21312,,,,,,
182191670955400,63285860899301,85,-4896,992,-2560,-448,525568,18496,,,,,,
182191671955200,63285861897343,86,-4224,992,-1472,320,523520,18752,,,,,,
182191672822900,63285862897635,87,-5088,1440,-2400,640,525120,19008,,,,,,
182191673959400,63285863898301,88,-4192,1664,-2944,0,523648,18368,,,,,,
182191674841000,63285864897843,89,-4864,1184,-2784,-576,525504,18176,,,,,,
182191675832400,63285865897551,90,-4736,1696,-2592,-448,525824,17088,,,,,,
182191676847200,63285866897635,91,-4096,1344,-2112,0,523264,19584,,,,,,
182191677962800,63285867897926,92,-4800,1440,-2592,576,524736,19840,,,,,,
182191678832400,63285868897676,93,-4480,1216,-1952,640,525632,17472,,,,,,
182191679828500,63285869897593,94,-4672,992,-2656,1152,525824,15040,,,,,,
182191680951700,63285870897551,95,-4864,1504,-2816,640,524736,19328,,,,,,
182191681961300,63285871897343,96,-4576,1056,-2400,-512,524928,17024,,,,,,
182191682955500,63285872898385,97,-4576,1344,-2144,896,523584,17856,,,,,,
182191683957200,63285873897593,98,-5344,1472,-2720,-256,525824,18688,,,,,,
182191684958700,63285874897801,99,-4352,960,-1984,-1984,524352,19456,,,,,,
182191685836200,63285875897718,100,-5440,1664,-3008,-384,525632,19200,,,,,,
182191686956700,63285876899051,101,-4192,960,-2528,-1344,525440,18496,,,,,,
182191687829600,63285877897551,102,-4992,1056,-3072,1408,525184,17600,,,,,,
182191688963300,63285878897635,103,-4672,1344,-2432,-1472,525888,17664,,,,,,
182191689961000,63285879898760,104,-4544,960,-2144,448,524288,19008,,,,,,
182191690955000,63285880899051,105,-4576,1248,-2784,2752,524800,17984,,,,,,
182191691959500,63285881897468,106,-4768,1248,-2368,832,526528,19968,,,,,,
182191692830400,63285882897718,107,-4672,1248,-2432,320,526272,17216,,,,,,
182191693830200,63285883897510,108,-5280,1408,-2272,-64,526400,18048,,,,,,
182191694959400,63285884897926,109,-4768,1344,-2592,0,524224,18688,,,,,,
182191695828400,63285885897760,110,-5024,1280,-2208,320,525888,19712,,,,,,
182191696955300,63285886897801,111,-5440,1504,-1856,576,525376,17600,,,,,,
182191697820900,63285887897635,112,-5344,1184,-2368,384,526400,20224,,,,,,
182191698956300,63285888897468,113,-4672,1440,-2752,64,523968,19904,,,,,,
182191699954100,63285889897885,114,-4576,1728,-2464,-512,527936,18624,,,,,,
182191700957400,63285890898051,115,-3968,1504,-2240,-768,524928,18240,,,,,,
182191701957800,63285891897676,116,-4640,1472,-1824,192,524160,21120,,,,,,
182191702830100,63285892897843,117,-4576,1088,-2784,-1024,526464,17920,,,,,,
182191703829600,63285893897218,118,-4512,896,-2272,-192,526592,19968,,,,,,
182191704822900,63285894897635,119,-4960,1280,-2304,-1472,523712,18176,,,,,,
182191705839000,63285895897551,120,-5152,1440,-1856,-576,526528,17984,,,,,,
182191706959100,63285896897926,121,-4864,1632,-2464,-192,526464,18240,,,,,,
182191707955200,63285897897760,122,-5152,1216,-2560,2048,526080,19968,,,,,,
182191708829200,63285898897718,123,-5056,1280,-2528,960,525952,19392,,,,,,
182191709831800,63285899897676,124,-4960,1312,-2976,704,526400,19072,,,,,,
182191710831100,63285900897760,125,-4192,1184,-2560,1344,522432,16640,,,,,,
182191711835600,63285901897676,126,-4736,992,-2176,640,526016,18176,,,,,,
182191712960900,63285902898676,127,-4160,1280,-1824,1216,525824,18048,,,,,,
182191713958700,63285903899551,128,-4352,1120,-2016,1344,526656,17728,,,,,,
182191714958500,63285904899260,129,-4384,1248,-2656,512,524736,18112,,,,,,
182191715953200,63285905897593,130,-4640,1600,-2880,-1280,527552,21248,,,,,,
182191716832500,63285906897718,131,-4960,1280,-2272,-192,525248,17408,,,,,,
182191717828200,63285907897885,132,-4064,1472,-2240,896,526336,18624,,,,,,
182191718951600,63285908897718,133,-4832,1216,-2368,128,525952,19776,,,,,,
182191719951100,63285909897510,134,-4416,992,-1984,1472,525760,17792,,,,,,
182191720861700,63285910897801,135,-4832,1216,-2816,640,524480,20544,,,,,,
182191721955700,63285911897718,136,-4288,1120,-1664,832,525504,18432,,,,,,
182191722813300,63285912897635,137,-5088,1312,-2368,-2368,525440,17792,,,,,,
182191723832500,63285913897593,138,-4864,928,-2080,832,525248,18752,,,,,,
182191724955900,63285914898010,139,-4768,1216,-2272,1344,525504,16896,,,,,,
182191725958600,63285915899135,140,-4704,1088,-1728,0,525312,19712,,,,,,
182191726955600,63285916897676,141,-5664,896,-2176,-832,525184,18880,,,,,,
182191727831900,63285917897510,142,-5024,1344,-2528,576,526784,21632,,,,,,
182191728832400,63285918897760,143,-4704,1664,-2368,768,524864,19840,,,,,,
182191729831900,63285919897676,144,-4992,1376,-2080,576,524608,16512,,,,,,
182191730940100,63285920897426,145,-4608,1184,-2048,1216,526080,18176,,,,,,
182191731959100,63285921897926,146,-4736,864,-2752,-576,524032,19840,,,,,,
182191732955500,63285922897718,147,-4864,832,-2080,-2560,525824,19200,,,,,,
182191733954100,63285923897260,148,-5184,1600,-2176,512,524544,20416,,,,,,
182191734820500,63285924897551,149,-4608,1536,-1792,-1152,524928,19200,,,,,,
182191735823000,63285925897760,150,-4576,1248,-2400,960,525760,17152,,,,,,
182191736951700,63285926897676,151,-5024,1248,-2880,1088,526912,16704,,,,,,
182191737947100,63285927899551,152,-4768,960,-2240,-1408,526400,16384,,,,,,
182191738880800,63285928900968,153,-5184,1248,-2496,1344,526528,15936,,,,,,
182191740064900,63285929897718,154,-4928,1280,-2752,1280,524992,20096,,,,,,
182191741044300,63285930897593,155,-5344,1248,-2720,320,525824,18176,,,,,,
182191741832000,63285931897635,156,-4736,1280,-2624,-832,524288,18816,,,,,,
182191742947400,63285932897718,157,-5440,1376,-2688,256,525312,19328,,,,,,
182191743943800,63285933897635,158,-4576,1536,-2272,320,526976,17984,,,,,,
182191744827200,63285934897635,159,-4320,1408,-2048,-320,525824,19456,,,,,,
182191745828800,63285935897468,160,-4544,1632,-2112,896,525632,16768,,,,,,
182191746828400,63285936897885,161,-5056,1376,-1984,192,524288,19136,,,,,,
182191747955700,63285937897551,162,-5056,1632,-2720,-128,525248,19776,,,,,,
182191748962100,63285938898926,163,-4224,960,-2176,768,524544,17792,,,,,,
182191749953800,63285939899718,164,-4672,1568,-2272,1152,524416,18560,,,,,,
182191750951400,63285940897718,165,-4768,928,-1888,-64,525568,19008,,,,,,
182191751953500,63285941897760,166,-4960,1440,-2912,1280,525760,18560,,,,,,
182191752828400,63285942897551,167,-4544,1344,-1984,128,524800,19456,,,,,,
182191753958200,63285943897760,168,-5312,1472,-2688,-1088,524736,17920,,,,,,
182191754958000,63285944899135,169,-4864,1280,-1984,256,524672,18240,,,,,,
182191755964900,63285945897801,170,-4704,1248,-2304,-832,524352,17664,,,,,,
182191756833700,63285946897801,171,-4864,1088,-1472,384,525504,18368,,,,,,
182191757845700,63285947897760,172,-4640,1600,-2336,768,526464,18752,,,,,,
182191758830900,63285948897760,173,-4960,1824,-2240,2368,526016,18752,,,,,,
182191759953800,63285949897760,174,-5056,1216,-2080,384,526272,16576,,,,,,
182191760953900,63285950901843,175,-5120,1600,-2336,-576,524352,19008,,,,,,
182191761954300,63285951899051,176,-4800,1152,-2624,-832,524736,19392,,,,,,
182191762956800,63285952898426,177,-4288,1344,-2432,1664,525568,18304,,,,,,
182191763956800,63285953899051,178,-4448,1472,-2048,128,524544,16768,,,,,,
182191764842000,63285954897718,179,-4672,1088,-2816,1216,525120,19392,,,,,,
182191765960800,63285955897718,180,-4896,1696,-2720,-448,525376,18432,,,,,,
182191766950500,63285956898218,181,-4864,1504,-2848,-640,523584,17280,,,,,,
182191767826200,63285957897885,182,-4704,1056,-2368,-1088,526080,18816,,,,,,
182191768947100,63285958899093,183,-4480,1376,-2016,-960,524672,18432,,,,,,
182191769839100,63285959897635,184,-5088,1248,-2080,-1216,524800,18496,,,,,,
182191770828700,63285960897551,185,-4544,1504,-2080,-832,523776,21184,,,,,,
182191771833000,63285961897760,186,-4288,640,-2624,384,524480,18112,,,,,,
182191772960400,63285962898176,187,-4448,960,-2112,256,524992,18752,,,,,,
182191773960700,63285963897635,188,-5184,1504,-2400,320,527232,19136,,,,,,
182191774955100,63285964897760,189,-4640,1408,-2048,1728,525568,15872,,,,,,
182191775953800,63285965898218,190,-4416,1216,-2368,-1280,525568,20864,,,,,,
182191776834800,63285966897635,191,-4736,928,-2528,1856,526528,18176,,,,,,
182191777954200,63285967897593,192,-4704,1472,-1792,320,523200,18944,,,,,,
182191778952900,63285968897760,193,-5216,1632,-1280,512,525376,18368,,,,,,
182191779834500,63285969897593,194,-4512,1056,-2400,-1280,525952,16256,,,,,,
182191780977400,63285970897510,195,-5088,1088,-2624,192,524032,19328,,,,,,
182191781831200,63285971897718,196,-4576,992,-2176,-1600,523904,18048,,,,,,
182191782953100,63285972897635,197,-4320,1216,-1536,192,524160,19456,,,,,,
182191783950800,63285973897968,198,-5280,1056,-2976,1472,525632,19264,,,,,,
182191784829100,63285974897551,199,-4256,1728,-1760,1664,526016,18496,,,,,,
182191785832700,63285975897801,200,-4640,1248,-2240,960,523840,19648,,,,,,
182191786831900,63285976897635,201,-4352,1504,-1824,-384,526016,18432,,,,,,
182191787953500,63285977902093,202,-4544,1600,-2720,1536,522048,19136,,,,,,
182191788832900,63285978897551,203,-4352,1120,-2528,-832,524544,19264,,,,,,
182191789958300,63285979897676,204,-4512,1504,-2208,-576,524224,18816,,,,,,
182191790955500,63285980898676,205,-4768,1568,-1984,704,525120,18240,,,,,,
182191791829000,63285981897635,206,-4672,1152,-2016,1344,526400,17856,,,,,,
182191792956000,63285982897760,207,-4128,1376,-3072,2112,525312,18880,,,,,,
182191793835500,63285983898093,208,-4480,1312,-2016,1536,525760,19840,,,,,,
182191794835200,63285984897718,209,-4800,1056,-1760,640,525504,19904,,,,,,
182191795960300,63285985897593,210,-5184,1440,-2624,128,525248,16384,,,,,,
182191796835800,63285986897676,211,-4384,1120,-2304,-896,525184,19520,,,,,,
182191797834300,63285987899218,212,-4608,832,-2432,128,526272,19328,,,,,,
182191798829300,63285988897551,213,-4448,1440,-3008,-1280,523584,20224,,,,,,
182191799822600,63285989898801,214,-5088,1408,-3328,-960,525568,18624,,,,,,
182191800831000,63285990897760,215,-3200,768,-1696,-192,523584,19776,,,,,,
182191801953500,63285991897593,216,-4864,1344,-2304,-192,525120,19904,,,,,,
182191802952500,63285992897968,217,-4640,960,-2528,704,526144,18048,,,,,,
182191803831300,63285993898051,218,-4672,960,-2720,-896,525248,19264,,,,,,
182191804831500,63285994897635,219,-4736,704,-2400,320,524672,19200,,,,,,
182191805830000,63285995897593,220,-4960,1024,-2400,704,524736,19136,,,,,,
182191806833000,63285996897510,221,-4928,1088,-2784,1536,526656,19648,,,,,,
182191807954800,63285997899135,222,-4384,1696,-2432,-192,524096,18752,,,,,,
182191808829200,63285998897593,223,-4352,1344,-2720,-1088,526784,21568,,,,,,
182191809833700,63285999897552,224,-4640,1536,-2528,1024,525760,18624,,,,,,
182191810830200,63286000897760,225,-4320,1024,-2400,-960,524672,19904,,,,,,
182191811832200,63286001897718,226,-4128,1440,-2240,-320,525376,17600,,,,,,
182191812957100,63286002897635,227,-4864,1376,-2080,1088,523456,19712,,,,,,
182191813831200,63286003897510,228,-4608,1408,-2336,1152,526464,19520,,,,,,
182191814828200,63286004897677,229,-4224,1184,-2240,-512,525184,20160,,,,,,
182191815946000,63286005897677,230,-4704,1472,-2336,64,523904,18816,,,,,,
182191816821000,63286006897552,231,-5248,864,-2304,64,524544,17728,,,,,,
182191817848400,63286007898843,232,-4192,1344,-2176,-192,524864,21056,,,,,,
182191818959700,63286008897677,233,-4672,1440,-2496,960,526016,20032,,,,,,
182191819966800,63286009897552,234,-5056,1344,-2592,1536,525312,19200,,,,,,
182191820943200,63286010899010,235,-5024,832,-2688,960,525888,17216,,,,,,
182191821818800,63286011897718,236,-4512,1120,-2176,768,525504,19072,,,,,,
182191822837700,63286012897677,237,-4640,1664,-2528,64,526336,22016,,,,,,
182191823822700,63286013897593,238,-4352,640,-2176,640,524608,17792,,,,,,
182191824948400,63286014897927,239,-4480,832,-2720,-64,526016,18880,,,,,,
182191825953900,63286015897760,240,-4768,1568,-2464,-1344,526592,16448,,,,,,
182191826827100,63286016897593,241,-4864,1600,-3008,256,525888,16704,,,,,,
182191827831400,63286017897593,242,-4448,1088,-2048,-1344,526080,19392,,,,,,
182191828836100,63286018897760,243,-5248,928,-2528,-256,525184,15872,,,,,,
182191829830300,63286019897927,244,-3808,1312,-2624,-384,525760,17280,,,,,,
182191830961500,63286020899802,245,-4384,1184,-2528,1280,526336,17728,,,,,,
182191831948200,63286021897552,246,-4384,1472,-2656,1024,525120,16576,,,,,,
182191832831200,63286022897843,247,-4640,1024,-2368,896,524480,18048,,,,,,
182191833828900,63286023897677,248,-4672,1280,-2496,640,526016,16832,,,,,,
182191834829000,63286024897510,249,-5312,1664,-2784,384,524928,17600,,,,,,
182191835828800,63286025897843,250,-5088,512,-1728,1216,525952,19456,,,,,,
182191836954100,63286026897593,251,-4736,1600,-2592,128,525376,20608,,,,,,
182191837955700,63286027899260,252,-4608,1504,-2656,1664,524736,17728,,,,,,
182191838831200,63286028897468,253,-4480,960,-2336,1344,524992,18624,,,,,,
182191839834700,63286029897385,254,-4704,992,-2432,-384,526400,16256,,,,,,
182191840955500,63286030898510,255,-4032,1472,-2240,384,525696,18432,,,,,,
182191841827700,63286031897552,0,-5184,1376,-2624,640,526464,18624,,,,,,
182191842956800,63286032897885,1,-4288,1376,-1664,-512,526208,17856,,,,,,
182191843829300,63286033898343,2,-5184,1408,-2688,704,526080,19008,,,,,,
182191844953600,63286034898885,3,-4320,1440,-2496,1088,524992,19648,,,,,,
182191845955200,63286035897718,4,-4000,1376,-1696,-192,524864,18944,,,,,,
182191846829600,63286036897718,5,-5216,1152,-2848,-960,526464,19328,,,,,,
182191847824400,63286037897718,6,-4640,704,-2560,640,524928,17536,,,,,,
182191848942700,63286038897677,7,-5248,1440,-2784,2176,525440,17856,,,,,,
182191849952400,63286039897510,8,-4128,1664,-1600,1344,525824,16064,,,,,,
182191850953800,63286040899260,9,-4320,1088,-2528,1920,523904,20480,,,,,,
182191851953000,63286041897510,10,-4512,1664,-3040,-1536,526976,19648,,,,,,
182191852826500,63286042899010,11,-4384,1440,-2240,-128,524608,19968,,,,,,
182191853832400,63286043897718,12,-4896,1440,-2912,1344,524736,18752,,,,,,
182191854951900,63286044898093,13,-4896,832,-2080,128,526400,18112,,,,,,
182191855987400,63286045899093,14,-4640,1184,-2624,320,525888,20288,,,,,,
182191856832800,63286046897468,15,-4960,1216,-2624,-1152,526208,18816,,,,,,
182191857828400,63286047898635,16,-4832,1280,-1920,-512,528128,18624,,,,,,
182191858828800,63286048897718,17,-4832,1344,-3104,-448,525568,17280,,,,,,
182191859953200,63286049898843,18,-4800,1824,-2816,1728,525312,18496,,,,,,
182191860953300,63286050897635,19,-5152,1376,-2080,-128,527424,17792,,,,,,
182191861828700,63286051897635,20,-4992,1152,-2400,768,525696,18112,,,,,,
182191862955300,63286052897843,21,-4800,1120,-2496,0,525888,17024,,,,,,
182191863948500,63286053897468,22,-4864,1632,-2368,576,524928,18176,,,,,,
182191864857300,63286054897635,23,-4864,1248,-1888,-128,525184,17984,,,,,,
182191865956500,63286055897593,24,-5152,1248,-2528,-960,525632,21312,,,,,,
182191866945600,63286056897635,25,-4832,1536,-3136,1280,525120,18112,,,,,,
182191867818700,63286057897552,26,-4416,1280,-2176,2752,524928,17280,,,,,,
182191868844100,63286058897635,27,-4992,1216,-1312,1088,524544,18048,,,,,,
182191869829700,63286059897760,28,-4576,1216,-1920,1344,525376,17728,,,,,,
182191870955000,63286060897635,29,-4768,1600,-2720,-384,524672,19584,,,,,,
182191871955600,63286061897677,30,-4896,1248,-2752,-960,525760,17984,,,,,,
182191872952600,63286062899468,31,-5440,1504,-2752,448,525184,17728,,,,,,
182191873830600,63286063897593,32,-4960,1408,-2176,-1600,525952,19072,,,,,,
182191874828400,63286064897510,33,-4608,1440,-2848,64,525888,18688,,,,,,
182191875829200,63286065897843,34,-4448,1632,-2656,2944,525120,18304,,,,,,
182191876903400,63286066897635,35,-4864,1248,-2432,1792,526720,18176,,,,,,
182191877830900,63286067897635,36,-4800,1440,-2912,1728,524480,19264,,,,,,
182191878951600,63286068897760,37,-5280,1280,-2592,-192,526720,18368,,,,,,
182191879946900,63286069898302,38,-5696,1536,-2464,-1728,525888,19712,,,,,,
182191880947500,63286070898343,39,-5024,1280,-2432,-768,525312,18240,,,,,,
182191881850000,63286071898510,40,-4736,1760,-2560,-384,523520,16960,,,,,,
182191882832200,63286072897802,41,-4832,1376,-2784,640,524288,18496,,,,,,
182191883828700,63286073897593,42,-4608,1280,-2240,-320,524608,18432,,,,,,
182191884947100,63286074897593,43,-4576,1504,-2208,-1472,523904,17472,,,,,,
182191885815900,63286075898260,44,-5280,1440,-2528,1152,525888,18048,,,,,,
182191886814700,63286076897468,45,-5184,1120,-2304,512,525568,18240,,,,,,
182191887816600,63286077897718,46,-5280,1536,-2176,-448,526272,19904,,,,,,
182191888816500,63286078897427,47,-5152,1408,-2784,320,524928,19328,,,,,,
182191890102900,63286079897593,48,-4544,1280,-2400,832,525440,18560,,,,,,
182191890963600,63286080897635,49,-5280,1216,-2272,320,526464,17344,,,,,,
182191891825900,63286081897385,50,-4544,1216,-2112,768,524480,17472,,,,,,
182191892823000,63286082897677,51,-5216,1248,-2752,-64,526912,19648,,,,,,
182191893823100,63286083897635,52,-4960,1344,-2176,-448,523904,16704,,,,,,
182191894825000,63286084897635,53,-4640,960,-1984,-896,524864,19136,,,,,,
182191895828400,63286085897468,54,-5312,1344,-2496,-896,525184,18240,,,,,,
182191896952400,63286086899093,55,-4832,1216,-3104,-576,525184,18688,,,,,,
182191897827400,63286087897760,56,-4512,1280,-2336,-1536,525696,21952,,,,,,
182191898835200,63286088897552,57,-4576,1312,-2272,-512,524480,17280,,,,,,
182191899828500,63286089897510,58,-4960,864,-1984,1984,524352,20608,,,,,,
182191900953600,63286090897635,59,-5120,1184,-2496,448,525824,18688,,,,,,
182191901960700,63286091898760,60,-5312,1504,-2624,1216,526848,16576,,,,,,
182191902960200,63286092898968,61,-5024,1344,-2400,1088,525120,18624,,,,,,
182191903833800,63286093897718,62,-4864,1536,-2720,-576,526464,13952,,,,,,
182191904837700,63286094897927,63,-4896,1408,-2176,128,524416,22912,,,,,,
182191905840600,63286095897552,64,-4544,1088,-2208,64,525504,19840,,,,,,
182191906832500,63286096898843,65,-4512,1120,-2272,-512,525504,18560,,,,,,
182191907958900,63286097897843,66,-5120,1440,-2432,256,525312,20480,,,,,,
182191908833600,63286098899635,67,-4864,1024,-2496,1408,527488,17152,,,,,,
182191909829200,63286099897635,68,-4384,1280,-1664,-1344,524160,18816,,,,,,
182191910955700,63286100898927,69,-4416,1184,-2304,-704,526848,19584,,,,,,
182191911818200,63286101897302,70,-5216,864,-2112,64,525376,19968,,,,,,
182191912828700,63286102897760,71,-4800,1536,-2304,-512,526592,18560,,,,,,
182191913831200,63286103897593,72,-4768,1472,-2656,-384,525952,19264,,,,,,
182191914830800,63286104897760,73,-4608,1024,-1888,640,523520,18752,,,,,,
182191915952200,63286105897677,74,-4864,1472,-2336,1984,524800,18688,,,,,,
182191916832500,63286106899260,75,-4384,1504,-1952,1024,524480,18752,,,,,,
182191917830600,63286107897635,76,-4704,1248,-2272,576,526016,17728,,,,,,
182191918832700,63286108897677,77,-5152,1632,-2976,1792,525568,18944,,,,,,
182191919957600,63286109897593,78,-4800,1024,-2592,64,524928,19200,,,,,,
182191920960600,63286110898635,79,-4992,1632,-1952,-128,524672,20608,,,,,,
182191921960300,63286111899010,80,-5248,960,-2240,1344,524608,20096,,,,,,
182191922828500,63286112897677,81,-4288,1376,-2464,1344,526272,20352,,,,,,
182191923833000,63286113897510,82,-4992,1408,-2496,1024,524608,19584,,,,,,
182191924832000,63286114897552,83,-4992,1280,-2688,768,525440,19712,,,,,,
182191925828900,63286115897718,84,-4864,1280,-2080,64,524800,17024,,,,,,
182191926955100,63286116897260,85,-4032,928,-2688,1088,525056,18880,,,,,,
182191927827000,63286117897677,86,-4576,1120,-2432,704,524160,18816,,,,,,
182191928836400,63286118897510,87,-4576,1344,-2272,-128,523072,17600,,,,,,
182191929825400,63286119897677,88,-4896,1760,-3104,-512,523328,17984,,,,,,
182191930826700,63286120897593,89,-4160,1184,-2880,512,524032,17408,,,,,,
182191931954300,63286121897593,90,-4608,1344,-1856,-704,524800,20288,,,,,,
182191932952500,63286122898177,91,-4544,1216,-1856,-1280,524672,19264,,,,,,
182191933833100,63286123897593,92,-4736,768,-3040,448,525312,19136,,,,,,
182191934821400,63286124897635,93,-4992,1664,-2592,-1152,524800,17408,,,,,,
182191935828100,63286125897510,94,-5504,1344,-3072,-128,525440,17088,,,,,,
182191936819400,63286126897760,95,-4000,928,-1888,1216,524352,20224,,,,,,
182191937954700,63286127897635,96,-4832,1312,-2496,640,524032,20992,,,,,,
182191938945700,63286128897677,97,-4992,1216,-2624,1216,526464,18176,,,,,,
182191939823900,63286129897802,98,-4352,768,-2400,2176,525248,17216,,,,,,
182191940824500,63286130897677,99,-5088,1024,-2496,768,526784,20992,,,,,,
182191941820100,63286131897385,100,-4864,1696,-2112,1664,524672,18816,,,,,,
182191942827100,63286132897593,101,-4768,1472,-2368,448,524544,17728,,,,,,
182191943954700,63286133897843,102,-4800,1280,-2176,384,524032,15744,,,,,,
182191944833700,63286134898635,103,-5024,1248,-2656,192,524992,18368,,,,,,
182191945834800,63286135897468,104,-4736,1248,-2752,768,524416,19136,,,,,,
182191946826800,63286136897552,105,-4768,1088,-2080,-192,525056,18496,,,,,,
182191947838900,63286137897677,106,-4544,1152,-2432,704,525184,18688,,,,,,
182191948831600,63286138900552,107,-4512,1280,-2080,0,523648,18240,,,,,,
182191949955100,63286139897760,108,-4992,1216,-2400,128,526464,16896,,,,,,
182191950956600,63286140900343,109,-4320,1024,-2368,2048,525760,20224,,,,,,
182191951827800,63286141897718,110,-5056,1344,-2752,576,524992,17728,,,,,,
182191952827100,63286142897552,111,-4640,1376,-2368,576,525504,16512,,,,,,
182191953829400,63286143897593,112,-4288,1376,-2880,640,524992,21248,,,,,,
182191954955900,63286144897718,113,-4576,1216,-2208,-896,524864,19072,,,,,,
182191955826700,63286145897552,114,-5248,1408,-3136,-1472,524480,17984,,,,,,
182191956831500,63286146897510,115,-4864,1408,-2464,704,525184,20224,,,,,,
182191957830300,63286147897718,116,-4640,1280,-2304,320,523904,19328,,,,,,
182191958828400,63286148897510,117,-4736,1152,-2880,192,525760,21056,,,,,,
182191959824800,63286149897593,118,-5216,992,-2624,-448,525824,16896,,,,,,
182191960833300,63286150897510,119,-4800,1152,-2016,1408,525568,17600,,,,,,
182191961960800,63286151898010,120,-4704,896,-2240,384,525120,17472,,,,,,
182191962836400,63286152897552,121,-4704,1024,-2688,-192,526848,17536,,,,,,
182191963964400,63286153898677,122,-4672,1568,-2528,256,527232,18048,,,,,,
182191964825700,63286154897427,123,-4288,1568,-2304,-576,523264,18048,,,,,,
182191965955300,63286155897593,124,-4512,1312,-2272,768,523968,20352,,,,,,
182191966954800,63286156897593,125,-4864,1376,-2976,1728,526208,19648,,,,,,
182191967954000,63286157898968,126,-4640,1248,-2048,-320,524608,18880,,,,,,
182191968828300,63286158898468,127,-4672,1344,-2624,1728,526592,18240,,,,,,
182191969826000,63286159897552,128,-4896,1312,-2368,-1280,525056,20096,,,,,,
182191970827800,63286160897593,129,-4128,1568,-1856,896,524928,17152,,,,,,
182191971829400,63286161897510,130,-4736,1056,-2848,1472,528192,20928,,,,,,
182191972965200,63286162898010,131,-4896,1344,-2016,2496,526400,19392,,,,,,
182191973956000,63286163899135,132,-4096,1216,-2624,704,523968,19200,,,,,,
182191974819400,63286164897635,133,-4896,768,-2592,1088,523968,19328,,,,,,
182191975950400,63286165897843,134,-5120,1248,-2528,576,526144,20096,,,,,,
182191976828800,63286166897677,135,-4384,960,-2240,-192,526016,16640,,,,,,
182191977829000,63286167897510,136,-4800,960,-2048,896,525504,17984,,,,,,
182191978954700,63286168897552,137,-3968,1056,-2464,-320,526528,18432,,,,,,
182191979954300,63286169897760,138,-4832,864,-2496,320,526016,20352,,,,,,
182191980989000,63286170900302,139,-4928,736,-1920,576,524544,16576,,,,,,
182191981964500,63286171902385,140,-4768,1536,-2944,192,524352,18752,,,,,,
182191982961000,63286172901927,141,-4768,832,-2592,-1600,522752,17024,,,,,,
182191984080300,63286173908718,142,-4800,1728,-2944,192,526208,19456,,,,,,
182191984954700,63286174906885,143,-4256,1216,-2368,384,525568,18112,,,,,,
182191985953500,63286175899302,144,-4704,1440,-2464,-384,524928,16896,,,,,,
182191986954000,63286176901260,145,-3648,1184,-2144,-320,523904,18496,,,,,,
182191987952600,63286177903052,146,-5024,1312,-2368,1152,524864,21760,,,,,,
182191988956900,63286178903843,147,-4704,800,-2048,1408,527488,17984,,,,,,
182191990087600,63286179903802,148,-4608,1344,-1696,-192,524352,19584,,,,,,
182191990954200,63286180904260,149,-4800,1568,-2336,1344,526720,19072,,,,,,
182191991955900,63286181903802,150,-4320,1408,-2048,448,524288,19584,,,,,,
182191992954600,63286182902093,151,-4960,1024,-2048,-192,523008,18752,,,,,,
182191993955000,63286183905010,152,-4576,1216,-2592,-320,524992,19264,,,,,,
182191994953600,63286184903302,153,-4512,992,-2752,1024,525696,16704,,,,,,
182191995954500,63286185902302,154,-4896,1440,-2432,-64,526912,19712,,,,,,
182191996954900,63286186903385,155,-5088,1696,-2944,-640,524416,17856,,,,,,
182191997946500,63286187903885,156,-4384,1344,-3168,0,526208,17920,,,,,,
182191998964900,63286188900302,157,-4416,1312,-2080,2432,525184,18816,,,,,,
182192000083600,63286189902885,158,-5344,1280,-2368,-1728,526464,21056,,,,,,
182192000954400,63286190904218,159,-4480,1568,-2528,1472,524672,18752,,,,,,
182192001953100,63286191901677,160,-4768,1600,-3168,1600,525568,18496,,,,,,
182192002953000,63286192905302,161,-4288,1056,-1952,1664,524672,17792,,,,,,
182192003952200,63286193903510,162,-4480,1184,-1792,2176,525504,18880,,,,,,
182192004953200,63286194899468,163,-4544,1248,-2304,1408,525504,19328,,,,,,
182192005956900,63286195903385,164,-5088,1312,-2176,2112,525760,16960,,,,,,
182192006980000,63286196901427,165,-4800,1408,-2528,192,525376,16832,,,,,,
182192007959200,63286197903385,166,-4736,928,-2464,1280,524736,20416,,,,,,
182192008955300,63286198905093,167,-4704,1472,-3040,1088,524608,18944,,,,,,
182192010076600,63286199901010,168,-4800,1344,-2624,-192,522944,17856,,,,,,
182192010951500,63286200900260,169,-5504,1536,-2848,384,525120,20544,,,,,,
182192011956800,63286201901260,170,-4800,896,-1984,-640,526016,18112,,,,,,
182192012977700,63286202902968,171,-5344,1408,-2528,-640,524480,20160,,,,,,
182192013947500,63286203904052,172,-4480,992,-2112,0,525440,19712,,,,,,
182192014976500,63286204903427,173,-4896,1280,-2464,448,525120,18688,,,,,,
182192015945100,63286205904385,174,-4800,1376,-2208,2240,524800,19584,,,,,,
182192016957400,63286206902218,175,-4864,1568,-2528,-896,524672,17600,,,,,,
182192017943700,63286207898718,176,-4864,1280,-2784,1536,525504,18368,,,,,,
182192018957800,63286208902552,177,-4608,1024,-2560,768,523456,19136,,,,,,
182192019951000,63286209899468,178,-5440,1280,-2624,256,525952,19392,,,,,,
182192020950900,63286210905468,179,-4544,1632,-2656,-1472,523584,17984,,,,,,
182192021969400,63286211904718,180,-4448,1120,-2336,320,526720,18880,,,,,,
182192023016500,63286212904135,181,-4832,1344,-2496,-960,524096,17920,,,,,,
182192023947800,63286213901927,182,-5120,1472,-2528,-640,526720,19648,,,,,,
182192024943500,63286214900177,183,-4736,1216,-2944,2176,526016,20800,,,,,,
182192025942100,63286215900760,184,-4832,1472,-3040,384,524416,20160,,,,,,
182192026942400,63286216903635,185,-4672,1056,-2400,576,526272,21888,,,,,,
182192028064200,63286217901135,186,-4928,1344,-2144,-384,524928,17792,,,,,,
182192028969200,63286218907718,187,-4576,1440,-2176,1280,526784,17216,,,,,,
182192029947700,63286219905260,188,-4864,1504,-2688,-960,525632,21312,,,,,,
182192030943000,63286220900135,189,-4928,1248,-1792,-384,524992,17728,,,,,,
182192032049600,63286221900843,190,-4928,1600,-2496,-576,524864,19712,,,,,,
182192032955500,63286222900093,191,-4800,1312,-2016,1344,524352,19200,,,,,,
182192033954100,63286223902885,192,-4512,992,-2080,-1344,526080,18176,,,,,,
182192034955000,63286224902927,193,-4512,1408,-2176,-1024,524160,18432,,,,,,
182192035957400,63286225901593,194,-4928,1760,-2528,1024,526080,19008,,,,,,
182192036956100,63286226899635,195,-4480,1568,-2176,1984,525120,18176,,,,,,
182192037832100,63286227897593,196,-4288,1184,-2016,-64,525184,21504,,,,,,
182192038958800,63286228898177,197,-5536,1088,-2688,-512,525120,18432,,,,,,
182192039825800,63286229897510,198,-5728,1248,-2368,1152,523584,15808,,,,,,
182192040830300,63286230897885,199,-5248,1280,-1952,1792,527040,16704,,,,,,
182192041953600,63286231897927,200,-4192,1504,-1984,320,525056,17536,,,,,,
182192042830600,63286232897427,201,-4672,1408,-2752,448,526144,19392,,,,,,
182192043955200,63286233898010,202,-4896,832,-2016,-128,525184,17152,,,,,,
182192044824100,63286234897593,203,-5312,1216,-2560,-576,524864,18688,,,,,,
182192045836900,63286235897968,204,-4896,1120,-2944,1344,526784,19648,,,,,,
182192046827200,63286236897427,205,-4736,1152,-2304,1280,526336,19840,,,,,,
182192047957900,63286237897635,206,-4288,1184,-1728,1088,523392,17152,,,,,,
182192048954900,63286238898177,207,-4768,1440,-2976,1088,525824,16576,,,,,,
182192049953200,63286239898552,208,-5472,1856,-3232,896,525248,20096,,,,,,
182192050955100,63286240897593,209,-4352,1408,-2528,0,524416,18816,,,,,,
182192051979400,63286241897635,210,-4992,1248,-1920,384,522816,19584,,,,,,
182192052837200,63286242903302,211,-4704,1216,-2080,-192,524928,18304,,,,,,
182192053953300,63286243897552,212,-4832,1344,-2752,-960,525760,17664,,,,,,
182192054953500,63286244898968,213,-4736,1568,-2016,768,526144,17600,,,,,,
182192055948800,63286245899093,214,-4320,896,-2496,-1088,523136,20096,,,,,,
182192056833100,63286246897552,215,-4704,1312,-2272,-256,525248,19264,,,,,,
182192057823400,63286247899802,216,-4736,960,-3040,960,525440,19520,,,,,,
182192058816600,63286248897760,217,-4224,1216,-1824,1280,524736,20288,,,,,,
182192059826400,63286249897552,218,-4704,992,-2464,-512,524736,20544,,,,,,
182192060944500,63286250897552,219,-4928,1696,-3104,384,524416,20736,,,,,,
182192061829400,63286251897677,220,-4800,1376,-2400,128,525760,19264,,,,,,
182192062824200,63286252897635,221,-5088,1056,-2368,2048,524096,19776,,,,,,
182192063969400,63286253898302,222,-4544,1088,-2144,2048,524992,19008,,,,,,
182192064833300,63286254897468,223,-4800,1312,-1920,320,525952,15744,,,,,,
182192065968600,63286255897635,224,-5024,1184,-2624,-2304,526976,18368,,,,,,
182192066838100,63286256898302,225,-4736,1312,-2176,0,525248,20096,,,,,,
182192067833300,63286257899177,226,-5088,1632,-2336,1920,525760,18496,,,,,,
182192068826200,63286258897552,227,-4832,1216,-2496,1280,523520,19072,,,,,,
182192069823700,63286259897552,228,-5248,1440,-2112,-1600,525312,19520,,,,,,
182192070827000,63286260897843,229,-4768,1472,-2016,-384,525312,17920,,,,,,
182192071954000,63286261897427,230,-4832,896,-2176,1152,526720,19648,,,,,,
182192073035700,63286262897718,231,-4672,1280,-2336,-512,524032,17984,,,,,,
182192073826800,63286263897635,232,-4480,992,-1888,-1152,525248,19584,,,,,,
182192074840000,63286264897593,233,-4736,928,-2272,576,527360,17728,,,,,,
182192075833500,63286265897552,234,-4960,1152,-2464,-320,524224,18304,,,,,,
182192076830100,63286266897718,235,-5056,1568,-2784,-1600,523008,17216,,,,,,
182192077827500,63286267897677,236,-4512,1024,-2048,1216,525440,16960,,,,,,
182192078825600,63286268898927,237,-4832,1248,-2336,3584,524992,19584,,,,,,
182192079825500,63286269897635,238,-4832,1504,-2816,1664,525056,18816,,,,,,
182192080950100,63286270902093,239,-4256,1152,-2432,-768,523520,20032,,,,,,
182192081829700,63286271897593,240,-4672,1472,-1920,-1024,524160,16448,,,,,,
182192082845900,63286272897510,241,-4256,1056,-2080,192,524672,18752,,,,,,
182192083952800,63286273897677,242,-4672,1184,-2400,-384,524928,18880,,,,,,
182192084828800,63286274897593,243,-4928,1088,-1952,-832,525376,19200,,,,,,
182192085831300,63286275897635,244,-4928,1248,-1760,2176,525248,19968,,,,,,
182192086833200,63286276897468,245,-4800,1536,-2176,-2368,524032,18624,,,,,,
182192087832400,63286277897677,246,-4672,1664,-2720,256,524352,18624,,,,,,
182192088833000,63286278897677,247,-3968,1664,-2464,320,525824,17664,,,,,,
182192089942900,63286279897093,248,-5056,1344,-2144,1280,523776,18112,,,,,,
182192090964800,63286280901677,249,-4576,1152,-3040,704,526208,20288,,,,,,
182192091827800,63286281899052,250,-4160,1376,-2336,-192,523712,19328,,,,,,
182192092828200,63286282898427,251,-5216,1408,-2560,-64,523712,18304,,,,,,
182192093831600,63286283897468,252,-4736,1280,-3200,704,524672,18624,,,,,,
182192094832100,63286284897677,253,-4832,1312,-1984,-1088,523520,18304,,,,,,
182192095957900,63286285898468,254,-4768,864,-2400,384,526272,16960,,,,,,
182192096832400,63286286897552,255,-4640,1152,-2880,-2240,525312,19584,,,,,,
182192097842200,63286287897760,0,-4544,1376,-2496,640,524288,18496,,,,,,
182192098836100,63286288897552,1,-4896,1536,-2880,128,526528,17728,,,,,,
182192099830300,63286289897635,2,-4192,736,-1824,1088,526016,18560,,,,,,
182192100829400,63286290897635,3,-5248,1600,-2720,448,524928,18688,,,,,,
182192101832000,63286291898177,4,-4960,992,-2464,1792,525376,17856,,,,,,
182192102831700,63286292897510,5,-4352,1216,-2304,-1792,526208,17024,,,,,,
182192103828000,63286293897635,6,-4064,1568,-2912,1088,526400,20416,,,,,,
182192104829700,63286294897427,7,-5504,1088,-2400,64,526144,18304,,,,,,
182192105837600,63286295897802,8,-4672,1408,-2144,-704,525120,19456,,,,,,
182192106832200,63286296897593,9,-4768,1024,-2816,768,525440,19776,,,,,,
182192107821500,63286297897635,10,-4064,1344,-2112,1216,526656,16128,,,,,,
182192108825800,63286298898260,11,-5280,1472,-3104,-1088,524160,19776,,,,,,
182192109836100,63286299897510,12,-4800,1472,-2432,-1216,524864,20864,,,,,,
182192110836800,63286300897593,13,-4544,1376,-2688,-128,525376,18624,,,,,,
182192111827300,63286301897468,14,-4480,928,-2592,-1472,526528,17792,,,,,,
182192112828500,63286302897802,15,-4896,1504,-2720,-448,526592,19648,,,,,,
182192113829100,63286303897593,16,-4448,896,-2272,640,526208,18880,,,,,,
182192114958600,63286304898135,17,-4512,1376,-2048,2688,525888,19840,,,,,,
182192115955300,63286305897593,18,-4608,1664,-2368,192,524800,17728,,,,,,
182192116828900,63286306897593,19,-4736,1216,-2048,960,525376,19840,,,,,,
182192117830000,63286307897593,20,-4480,1312,-2336,-704,525952,16064,,,,,,
182192118829300,63286308897593,21,-4800,1216,-1952,256,526784,16128,,,,,,
182192119828400,63286309897427,22,-4224,1184,-2944,-1408,524608,18304,,,,,,
182192120953700,63286310899218,23,-4864,1120,-2688,384,524608,19072,,,,,,
182192121831700,63286311897552,24,-4416,1472,-2304,1088,525824,17984,,,,,,
182192122836500,63286312897760,25,-5280,736,-2112,320,525696,17600,,,,,,
182192123830200,63286313897635,26,-4768,1472,-2624,64,526720,18048,,,,,,
182192124830400,63286314897802,27,-4640,1248,-2656,2176,525888,17792,,,,,,
182192125956700,63286315897677,28,-4640,1152,-2656,64,526400,21312,,,,,,
182192126830200,63286316897635,29,-4928,1856,-2688,1152,524544,17600,,,,,,
182192127832300,63286317897593,30,-4576,1472,-2432,0,525120,17984,,,,,,
182192128830300,63286318897510,31,-4800,1856,-2528,320,524928,18432,,,,,,
182192129831800,63286319897468,32,-4960,1280,-2272,-1472,525760,17920,,,,,,
182192130944400,63286320897635,33,-4512,1376,-2272,640,525632,19968,,,,,,
182192131959800,63286321897468,34,-4960,1280,-2592,-192,524992,18304,,,,,,
182192132831600,63286322897593,35,-4480,1184,-1984,960,524864,19200,,,,,,
182192133830800,63286323897677,36,-5024,1600,-2272,2816,524416,19008,,,,,,
182192134832300,63286324897593,37,-4832,1248,-2496,1792,525376,17856,,,,,,
182192135828100,63286325897510,38,-5120,832,-2208,-1152,524672,18048,,,,,,
182192136953100,63286326897468,39,-4896,928,-2592,896,527168,18304,,,,,,
182192137826200,63286327897635,40,-4768,928,-1824,1536,526016,16640,,,,,,
182192138834300,63286328897510,41,-4576,1056,-2048,-320,523008,17408,,,,,,
182192139833500,63286329898927,42,-5248,896,-2336,256,526848,16960,,,,,,
182192140829600,63286330898927,43,-4896,1408,-2368,-256,526528,18432,,,,,,
182192141828400,63286331898302,44,-4640,1696,-2368,640,525824,16960,,,,,,
182192142828300,63286332897760,45,-3936,1440,-2368,-384,526272,20416,,,,,,
182192143828100,63286333899010,46,-5088,1280,-2560,-128,524160,19520,,,,,,
182192144953500,63286334897802,47,-4640,1088,-2976,128,526656,17344,,,,,,
182192145830600,63286335897552,48,-4512,1440,-2304,-832,526144,17280,,,,,,
182192146831000,63286336897593,49,-5120,1248,-2880,-2816,525760,17792,,,,,,
182192147832000,63286337897427,50,-4576,1408,-2784,256,525696,18560,,,,,,
182192148828200,63286338897593,51,-4960,1408,-2336,-384,525824,17856,,,,,,
182192149828700,63286339897635,52,-4928,1248,-2592,448,527168,16384,,,,,,
182192150953400,63286340897510,53,-5088,1056,-2432,-448,526976,20352,,,,,,
182192151829400,63286341897677,54,-4928,1440,-2240,2752,525568,18816,,,,,,
182192152829400,63286342897510,55,-4576,1376,-1824,-640,525504,19136,,,,,,
182192153831300,63286343897510,56,-4320,1440,-3136,384,525696,15424,,,,,,
182192154824900,63286344897427,57,-5024,1600,-2272,576,524544,20096,,,,,,
182192155866000,63286345898218,58,-4800,1376,-2304,640,526656,20992,,,,,,
182192156840400,63286346897843,59,-5216,1472,-1792,1408,526592,18432,,,,,,
182192157830600,63286347897510,60,-5280,1216,-3360,-896,525888,17856,,,,,,
182192158827900,63286348897552,61,-4512,896,-1888,960,524672,17728,,,,,,
182192159825700,63286349898427,62,-4960,1088,-1824,-256,526400,19008,,,,,,
182192160830200,63286350899468,63,-4896,1792,-2240,-1408,525824,17216,,,,,,
182192161954900,63286351899927,64,-4160,1216,-2016,1280,524864,18304,,,,,,
182192162831800,63286352899135,65,-4288,1440,-2400,-2944,525376,17216,,,,,,
182192163830700,63286353897510,66,-5088,1344,-2272,0,525440,18112,,,,,,
182192164832000,63286354897468,67,-5056,1408,-2368,192,525440,17664,,,,,,
182192165830100,63286355897427,68,-4992,1408,-2816,-128,526912,17984,,,,,,
182192166830100,63286356898177,69,-4480,1248,-2112,256,527168,17600,,,,,,
182192167832800,63286357897593,70,-4832,1504,-2688,-960,526848,17088,,,,,,
182192168831600,63286358897343,71,-4736,1312,-2688,512,526144,18304,,,,,,
182192169829600,63286359897718,72,-4544,1600,-2656,-128,526592,20544,,,,,,
182192170829200,63286360897593,73,-4320,1248,-1888,1216,524544,18560,,,,,,
182192171819300,63286361899718,74,-4128,736,-2240,704,525568,17280,,,,,,
182192172828500,63286362897468,75,-4896,1216,-2592,896,525120,18304,,,,,,
182192173830600,63286363897552,76,-5312,1536,-2848,-3200,525632,18688,,,,,,
182192174843200,63286364897552,77,-4768,1440,-1984,960,525312,17216,,,,,,
182192175816900,63286365897552,78,-5248,1536,-1888,-896,526272,18624,,,,,,
182192176825000,63286366897843,79,-4832,1504,-2816,-768,525824,16320,,,,,,
182192177830300,63286367897760,80,-5376,1312,-2208,1280,525760,17088,,,,,,
182192178831600,63286368897052,81,-4736,928,-2176,512,524160,18944,,,,,,
182192179832000,63286369899052,82,-4928,1664,-2752,64,524672,20416,,,,,,
182192180980900,63286370897677,83,-4544,1312,-2336,768,525504,16704,,,,,,
182192181834000,63286371897552,84,-5472,1152,-2848,-448,524096,19008,,,,,,
182192182825300,63286372897427,85,-5248,960,-2208,-64,525760,16768,,,,,,
182192183824700,63286373900802,86,-4768,1312,-2400,-448,524096,16192,,,,,,
182192184956800,63286374897677,87,-5376,1536,-2144,576,527808,18176,,,,,,
182192185829500,63286375897635,88,-5024,1344,-2432,64,523456,21056,,,,,,
182192186832900,63286376897427,89,-4192,704,-2592,1792,525120,18752,,,,,,
182192187831100,63286377897677,90,-4704,1280,-2368,448,526720,17920,,,,,,
182192188831600,63286378897510,91,-4832,1440,-3168,768,523456,18368,,,,,,
182192189826000,63286379897635,92,-4768,1280,-2432,3392,525184,20608,,,,,,
182192190838100,63286380897427,93,-4608,1408,-2432,0,523968,19008,,,,,,
182192191833800,63286381897760,94,-5056,1344,-2944,832,526272,16832,,,,,,
182192192822800,63286382897468,95,-4800,1184,-2112,1472,526016,19712,,,,,,
182192193817400,63286383897510,96,-4960,1344,-2240,640,523008,18880,,,,,,
182192194819400,63286384897760,97,-4832,1056,-2304,640,525440,18752,,,,,,
182192195839400,63286385897760,98,-4896,1600,-2784,576,524480,18304,,,,,,
182192196954500,63286386897718,99,-4992,1536,-2976,768,524032,18112,,,,,,
182192197826000,63286387897427,100,-4768,992,-1952,-768,526272,18368,,,,,,
182192198823800,63286388897718,101,-5248,1312,-2624,-448,525440,18304,,,,,,
182192199850300,63286389897427,102,-4864,1568,-2624,1792,526336,19264,,,,,,
182192200829800,63286390897552,103,-4672,1408,-2496,-384,525376,18816,,,,,,
182192201828200,63286391897760,104,-4384,1312,-2240,256,524480,18240,,,,,,
182192202830500,63286392897635,105,-5152,1216,-1920,1152,524672,19776,,,,,,
182192203832600,63286393897593,106,-4480,1600,-2784,-64,525248,19648,,,,,,
182192204829900,63286394897552,107,-4608,1312,-2336,320,526528,16960,,,,,,
182192205823700,63286395897593,108,-4512,1408,-2784,576,524800,20160,,,,,,
182192206877000,63286396897677,109,-4640,1248,-2592,-448,525952,19840,,,,,,
182192207836600,63286397897552,110,-4768,1216,-2368,448,525120,18560,,,,,,
182192208827800,63286398897343,111,-4704,1440,-2176,1152,524800,18176,,,,,,
182192209831800,63286399897593,112,-5312,832,-2592,-2496,523968,18880,,,,,,
182192210831700,63286400898093,113,-4384,832,-2624,832,525760,20224,,,,,,
182192211833000,63286401897593,114,-4992,1344,-2304,-192,526656,17024,,,,,,
182192212832100,63286402897635,115,-5120,1248,-2624,1280,525632,18112,,,,,,
182192213828800,63286403897635,116,-4672,1056,-2080,960,526720,19072,,,,,,
182192214832600,63286404897593,117,-4992,1440,-2048,-640,527040,19392,,,,,,
182192215829500,63286405897468,118,-4192,1120,-2496,896,525952,18496,,,,,,
182192216828600,63286406897760,119,-5408,1664,-2592,1856,525568,17664,,,,,,
182192217827900,63286407897593,120,-4832,1792,-2784,-448,525184,18240,,,,,,
182192218826300,63286408897593,121,-5088,1600,-3200,0,526784,20736,,,,,,
182192219953000,63286409898593,122,-4608,1344,-2144,1536,524928,19904,,,,,,
182192220957400,63286410897677,123,-4704,864,-2048,-192,526272,19392,,,,,,
182192221831800,63286411897593,124,-4352,1504,-2240,640,524800,19840,,,,,,
182192222833400,63286412897468,125,-4800,1632,-2240,704,526208,19648,,,,,,
182192223836000,63286413897718,126,-4832,1440,-2496,-2560,526336,20032,,,,,,
182192224830200,63286414897635,127,-5504,1184,-2752,1152,525184,19200,,,,,,
182192225829100,63286415898177,128,-5088,832,-2688,832,526208,16896,,,,,,
182192226829200,63286416897635,129,-4544,832,-2368,640,526656,18368,,,,,,
182192227829100,63286417897635,130,-4896,1152,-2240,1664,524288,19968,,,,,,
182192228829300,63286418897635,131,-4960,1088,-2752,-1792,523136,18752,,,,,,
182192229830100,63286419897468,132,-5248,1376,-2176,704,526592,16832,,,,,,
182192230826800,63286420900177,133,-5024,1248,-2464,384,526720,18176,,,,,,
182192231831300,63286421897677,134,-4960,1152,-2656,512,525888,19712,,,,,,
182192232830400,63286422897468,135,-4704,1440,-2368,1408,524992,19136,,,,,,
182192233828500,63286423897468,136,-4640,1152,-2304,320,526080,18496,,,,,,
182192234830700,63286424897677,137,-4576,1024,-1760,1408,526272,17984,,,,,,
182192235831000,63286425897593,138,-4928,1568,-2176,384,526208,19328,,,,,,
182192236831000,63286426897510,139,-4608,1440,-2560,-64,524800,18112,,,,,,
182192237832000,63286427897677,140,-4288,1312,-2400,-448,525696,18176,,,,,,
182192238834800,63286428899052,141,-4512,1344,-2176,512,524160,19776,,,,,,
182192239831300,63286429897552,142,-4864,1344,-2336,-448,524928,19456,,,,,,
182192240832200,63286430897843,143,-4864,1504,-2112,128,523968,19392,,,,,,
182192241831900,63286431898718,144,-5216,1024,-2560,640,524992,17728,,,,,,
182192242832800,63286432897510,145,-5152,1024,-2368,192,526016,19072,,,,,,
182192243831800,63286433897593,146,-4672,1376,-2080,-1536,521600,17472,,,,,,
182192244831700,63286434897343,147,-5056,1536,-2400,448,523904,18944,,,,,,
182192245832600,63286435897635,148,-5088,1472,-2176,-896,524800,17408,,,,,,
182192246832300,63286436897552,149,-4896,1504,-2304,2176,524352,18240,,,,,,
182192247825200,63286437897427,150,-4512,960,-2016,1792,524288,20544,,,,,,
182192248830200,63286438898468,151,-4928,864,-1664,704,524288,20224,,,,,,
182192249953700,63286439898802,152,-4768,1088,-2144,2496,523072,17856,,,,,,
182192250954900,63286440897635,153,-5408,1600,-2560,-704,523840,17856,,,,,,
182192251832000,63286441897468,154,-4640,1216,-2080,-128,521984,17600,,,,,,
182192252833500,63286442899843,155,-5088,1312,-2528,1024,523840,18304,,,,,,
182192253831700,63286443897635,156,-4320,1152,-2048,128,525056,18368,,,,,,
182192254819100,63286444897468,157,-4832,1344,-3296,320,524352,16192,,,,,,
182192255821000,63286445897718,158,-4032,1056,-1856,512,523456,18624,,,,,,
182192256833700,63286446897843,159,-4896,1248,-2080,-1728,523584,19392,,,,,,
182192257831800,63286447897552,160,-4896,1344,-2912,-896,524096,18816,,,,,,
182192258821400,63286448897427,161,-5024,1408,-2336,320,523584,19584,,,,,,
182192259952300,63286449897510,162,-4576,1312,-2688,2304,525184,19072,,,,,,
182192260828600,63286450898510,163,-4448,1408,-2560,1344,524288,18880,,,,,,
182192261831600,63286451897510,164,-5056,1280,-2944,640,525376,19968,,,,,,
182192262822700,63286452898635,165,-4576,864,-2048,512,522880,18688,,,,,,
182192263832200,63286453897677,166,-3904,1376,-2016,576,526016,17664,,,,,,
182192264838100,63286454897843,167,-4608,1120,-2496,-64,525632,19712,,,,,,
182192265946800,63286455897510,168,-5120,1536,-3104,-2816,527488,19008,,,,,,
182192266834600,63286456897802,169,-4288,1280,-2624,-192,524928,18944,,,,,,
182192267833000,63286457897677,170,-4512,1280,-2848,640,525120,20352,,,,,,
182192268823900,63286458897593,171,-4608,1408,-2816,-64,525248,19776,,,,,,
182192269834500,63286459897427,172,-4576,1088,-2528,704,524928,17920,,,,,,
182192270853300,63286460897635,173,-4384,1888,-2688,0,525760,19776,,,,,,
182192271838500,63286461897552,174,-4480,1344,-2528,320,524288,17536,,,,,,
182192272954100,63286462897635,175,-4544,1408,-2272,704,525440,18880,,,,,,
182192273822600,63286463897760,176,-4800,736,-2496,512,524608,18816,,,,,,
182192274821400,63286464897552,177,-4896,1184,-2784,640,527168,19520,,,,,,
182192275834700,63286465897593,178,-3968,1088,-1888,256,526144,20160,,,,,,
182192276821900,63286466897468,179,-4736,1312,-2752,-384,526016,16960,,,,,,
182192277828700,63286467897302,180,-4352,1120,-2656,-896,526272,18048,,,,,,
182192278829600,63286468897468,181,-4512,1184,-2752,-1664,524608,17280,,,,,,
182192279831100,63286469899427,182,-5056,1568,-2624,-768,526848,18304,,,,,,
182192280889200,63286470897718,183,-5088,960,-2752,-960,525184,17728,,,,,,
182192281830400,63286471897552,184,-4448,1440,-3136,-960,525568,17408,,,,,,
182192282830500,63286472897510,185,-4576,1184,-2112,64,525952,17728,,,,,,
182192283827700,63286473897510,186,-5024,1344,-2496,192,525568,19456,,,,,,
182192284964100,63286474897635,187,-4320,1376,-2176,448,528704,20224,,,,,,
182192285816200,63286475900218,188,-4032,1440,-2432,64,526144,17728,,,,,,
182192286823300,63286476897468,189,-4672,1600,-2656,1792,525632,19584,,,,,,
182192287818100,63286477897427,190,-5184,1472,-2720,1408,526400,17920,,,,,,
182192288821500,63286478897635,191,-4960,1632,-2400,1856,524928,17856,,,,,,
182192289843600,63286479897510,192,-4928,1440,-2272,448,526528,19776,,,,,,
182192290831700,63286480897802,193,-4608,1088,-1792,-704,525440,21440,,,,,,
182192291819000,63286481899677,194,-4832,1472,-2816,320,526144,19392,,,,,,
182192292822200,63286482897677,195,-5088,1024,-2336,1984,524416,18816,,,,,,
182192293822100,63286483897593,196,-4928,1344,-2496,128,525568,18624,,,,,,
182192294912700,63286484897468,197,-4672,1376,-2720,-384,523072,16896,,,,,,
182192295945700,63286485897802,198,-5408,1120,-2080,512,523264,20928,,,,,,
182192296818000,63286486897552,199,-4320,1120,-1472,448,526464,18880,,,,,,
182192297824000,63286487897593,200,-4672,992,-2080,-448,526528,18944,,,,,,
182192298819500,63286488897593,201,-5312,1248,-2336,-128,524160,17536,,,,,,
182192299828100,63286489897677,202,-5280,1280,-2624,64,526336,19840,,,,,,
182192300812100,63286490897802,203,-5440,1408,-2048,1856,523456,18112,,,,,,
182192301812500,63286491897427,204,-4832,992,-1888,448,524096,18560,,,,,,
182192302814600,63286492897635,205,-5088,1376,-2208,768,523008,21952,,,,,,
182192303819800,63286493897510,206,-5344,1248,-3232,-640,526016,17600,,,,,,
182192304816800,63286494897677,207,-5216,960,-2720,320,524416,17984,,,,,,
182192305814800,63286495897510,208,-4512,1184,-1856,1984,523200,17472,,,,,,
182192306835100,63286496897718,209,-4768,1120,-2528,448,524160,19776,,,,,,
182192307822200,63286497897552,210,-4992,1248,-2016,1408,523392,19712,,,,,,
182192308819100,63286498897427,211,-5312,1248,-2752,1024,524864,19392,,,,,,
182192309821800,63286499897593,212,-5280,960,-2336,1472,525440,18624,,,,,,
182192310828400,63286500897677,213,-5024,1568,-2336,1408,525440,17600,,,,,,
182192311820900,63286501897468,214,-5088,1728,-2400,1152,523840,17088,,,,,,
182192312818100,63286502897510,215,-4800,1440,-2624,-128,525376,19776,,,,,,
182192313835200,63286503897593,216,-4992,1088,-2176,-768,522560,19968,,,,,,
182192314823000,63286504897510,217,-5152,1216,-2208,-576,524928,19456,,,,,,
182192315830600,63286505897427,218,-4864,1280,-2208,2048,526912,19008,,,,,,
182192316823400,63286506897718,219,-5312,1600,-2880,128,525440,19200,,,,,,
182192317835500,63286507897635,220,-4800,1568,-2720,64,524992,18304,,,,,,
182192318819700,63286508897510,221,-5216,1376,-2720,-1152,525888,18944,,,,,,
182192319820600,63286509897468,222,-4768,1248,-2816,640,525952,16704,,,,,,
182192320954500,63286510900635,223,-5024,1344,-2688,-128,526208,18496,,,,,,
182192321949800,63286511898052,224,-4832,1024,-2208,-192,526720,19520,,,,,,
182192322833700,63286512899093,225,-4480,928,-1984,-1536,526272,19968,,,,,,
182192323814100,63286513897385,226,-4896,1312,-2752,1472,527296,18112,,,,,,
182192324826500,63286514897593,227,-4704,1344,-2656,-384,527040,16960,,,,,,
182192325818100,63286515897468,228,-5024,1056,-2464,192,525440,17408,,,,,,
182192326826200,63286516897218,229,-5152,896,-2528,704,525568,20288,,,,,,
182192327831000,63286517897802,230,-4800,1248,-2560,1152,526208,19456,,,,,,
182192328827300,63286518897552,231,-5024,1088,-2208,960,527232,17664,,,,,,
182192329826200,63286519897552,232,-4864,1632,-2720,1408,526720,18496,,,,,,
182192330816500,63286520898927,233,-5024,1216,-2272,-2176,526016,19136,,,,,,
182192331820900,63286521897468,234,-4736,1376,-2112,-64,526272,18368,,,,,,
182192332958400,63286522897677,235,-4800,1472,-2688,-512,525952,16704,,,,,,
182192333833400,63286523897427,236,-4384,1280,-2944,-1984,525824,16320,,,,,,
182192334833400,63286524897635,237,-4832,1152,-2624,128,526720,17216,,,,,,
182192335812900,63286525897677,238,-4992,1312,-1760,704,527168,19136,,,,,,
182192336814600,63286526897552,239,-4928,896,-3072,896,528064,17920,,,,,,
182192337833100,63286527897468,240,-4640,1088,-2432,1152,526720,18880,,,,,,
182192338812900,63286528897552,241,-4928,1600,-3360,576,526656,19328,,,,,,
182192339823600,63286529898635,242,-4512,1088,-2240,2688,528384,19264,,,,,,
182192340815600,63286530897468,243,-5312,1664,-2368,-384,524544,20224,,,,,,
182192341816900,63286531899510,244,-4384,1248,-2336,1152,526528,16768,,,,,,
182192342830700,63286532897677,245,-4736,1600,-2208,256,525312,18496,,,,,,
182192343818600,63286533897552,246,-5088,1056,-3040,256,524352,17792,,,,,,
182192344820600,63286534897510,247,-4672,1472,-2272,384,525504,18816,,,,,,
182192345816900,63286535897593,248,-4576,1216,-2368,896,525376,19072,,,,,,
182192346830800,63286536897468,249,-4640,1248,-2304,896,524672,18112,,,,,,
182192347832500,63286537897510,250,-4288,1568,-2400,448,526336,17088,,,,,,
182192348822200,63286538897385,251,-5280,1344,-2240,896,524864,18304,,,,,,
182192349824300,63286539897635,252,-4480,992,-2688,-384,524736,18880,,,,,,
182192350947000,63286540901052,253,-5056,1344,-2048,640,526656,17152,,,,,,
182192351821900,63286541897593,254,-3744,1120,-2336,-1152,523136,17856,,,,,,
182192352824500,63286542897677,255,-4416,1408,-2752,448,524160,17216,,,,,,
182192353823500,63286543897552,0,-4576,1344,-2208,448,524800,18880,,,,,,
182192354820800,63286544897427,1,-4384,1280,-2144,-1664,525952,22592,,,,,,
182192355945900,63286545897510,2,-3680,1568,-2304,-1536,524096,19008,,,,,,
182192356818500,63286546897302,3,-4384,1280,-2240,-64,525504,17664,,,,,,
182192357818100,63286547897427,4,-4640,992,-2592,1792,525888,20032,,,,,,
182192358816700,63286548897427,5,-4000,1248,-2400,0,524928,17152,,,,,,
182192359817500,63286549897635,6,-4608,1472,-2720,512,524992,17216,,,,,,
182192360820200,63286550897510,7,-4640,1632,-2752,-192,523328,19200,,,,,,
182192361825600,63286551897718,8,-4160,1312,-2240,-192,524160,18880,,,,,,
182192362812500,63286552897468,9,-3584,832,-2528,1344,524416,17792,,,,,,
182192363815700,63286553897510,10,-4000,1280,-2656,-448,524544,17216,,,,,,
182192364825500,63286554897677,11,-4256,1472,-2560,640,524480,16192,,,,,,
182192365819200,63286555897427,12,-4320,1408,-2368,256,522624,20224,,,,,,
182192366827400,63286556897552,13,-4288,928,-2208,-64,523904,19776,,,,,,
182192367835200,63286557897635,14,-4448,1248,-2336,-512,524992,18688,,,,,,
182192368825900,63286558898093,15,-4256,1600,-2624,-640,525248,17536,,,,,,
182192369820900,63286559897510,16,-4288,992,-2272,-1600,524928,17216,,,,,,
182192370828000,63286560897593,17,-4224,1024,-2496,1920,523072,18880,,,,,,
182192371829300,63286561897552,18,-4384,1568,-2336,0,525248,17920,,,,,,
182192372830000,63286562897385,19,-3872,960,-2080,1664,526144,16256,,,,,,
182192373820700,63286563897385,20,-4544,1504,-2816,1280,524736,18112,,,,,,
182192374829400,63286564897718,21,-4672,1440,-2592,192,524096,17664,,,,,,
182192375819600,63286565897510,22,-4928,1152,-2048,896,525568,19584,,,,,,
182192376826100,63286566897427,23,-4480,1376,-2624,320,525120,20928,,,,,,
182192377826000,63286567897593,24,-4320,1280,-2560,192,524288,16064,,,,,,
182192378827200,63286568897552,25,-4800,1440,-2688,1984,525120,21248,,,,,,
182192379827200,63286569897552,26,-4480,1312,-2464,-896,525120,18176,,,,,,
182192380830100,63286570898843,27,-4480,1024,-2560,1408,527488,19136,,,,,,
182192381827700,63286571897593,28,-4480,1504,-3104,64,525184,15872,,,,,,
182192382830800,63286572897510,29,-4672,1568,-2688,128,526208,17728,,,,,,
182192383818400,63286573897593,30,-4512,1216,-2080,832,524352,16832,,,,,,
182192384825100,63286574897635,31,-4608,1280,-2208,-512,524544,19456,,,,,,
182192385835100,63286575897593,32,-4576,1344,-2496,1664,526016,17152,,,,,,
182192386828500,63286576897510,33,-4672,1376,-2752,-896,526848,19264,,,,,,
182192387825000,63286577897427,34,-4224,1088,-2080,1024,524608,16768,,,,,,
182192388848800,63286578898135,35,-4512,1312,-1728,-704,524224,20416,,,,,,
182192389830500,63286579897468,36,-4032,1024,-2304,1408,525568,17856,,,,,,
182192390828100,63286580897427,37,-4192,1376,-2656,-1600,526784,16640,,,,,,
182192391826500,63286581897510,38,-4992,1152,-2720,-1280,527168,18048,,,,,,
182192392829800,63286582899010,39,-4768,928,-1792,1152,524992,15616,,,,,,
182192393829100,63286583897593,40,-5472,1280,-2272,-960,526336,21312,,,,,,
182192394829100,63286584897427,41,-4736,1248,-2496,-320,525824,17600,,,,,,
182192395828600,63286585897510,42,-5120,1216,-2560,192,524416,17216,,,,,,
182192396830100,63286586897552,43,-5440,1632,-2560,0,524544,19776,,,,,,
182192397831700,63286587897552,44,-4896,1280,-3008,1536,525888,19264,,,,,,
182192398850700,63286588897427,45,-4416,1632,-1984,576,526208,20224,,,,,,
182192399846100,63286589897552,46,-5536,1664,-2976,640,526528,18240,,,,,,
182192400818000,63286590897593,47,-5120,1312,-2784,-1344,525824,16768,,,,,,
182192401837900,63286591898343,48,-4960,1120,-2688,448,525376,19584,,,,,,
182192402951100,63286592898677,49,-4736,1120,-2176,768,526848,18688,,,,,,
182192403837900,63286593897593,50,-4128,1120,-2720,1472,524992,20544,,,,,,
182192404843200,63286594897510,51,-5088,1024,-2208,2688,523520,18496,,,,,,
182192406035500,63286595897385,52,-4448,928,-2176,320,526208,16896,,,,,,
182192406834500,63286596897552,53,-5344,1312,-2528,-960,524736,16960,,,,,,
182192407833900,63286597897510,54,-5120,1408,-2176,-64,525760,18304,,,,,,
182192408829800,63286598897510,55,-5344,1760,-3168,-256,526656,19584,,,,,,
182192409830100,63286599897385,56,-4928,1792,-2304,1600,526080,21056,,,,,,
182192410829300,63286600897593,57,-5280,1280,-2144,576,526080,19648,,,,,,
182192411832700,63286601897427,58,-4864,1344,-2560,-192,525504,18752,,,,,,
182192412833700,63286602897427,59,-5280,1312,-2592,192,525056,20032,,,,,,
182192413832200,63286603897677,60,-5696,1344,-2688,1984,525120,18368,,,,,,
182192414834500,63286604897677,61,-5216,1312,-1728,704,525760,20352,,,,,,
182192415955500,63286605898010,62,-4608,1344,-2944,-960,525696,17280,,,,,,
182192416895400,63286606897468,63,-4960,1248,-2848,-1728,524800,19968,,,,,,
182192417931800,63286607898302,64,-5088,1152,-2400,-640,524928,19968,,,,,,
182192418836400,63286608897593,65,-4928,1472,-2592,-192,524800,19072,,,,,,
182192419830500,63286609897385,66,-5408,1408,-2784,-640,524160,20352,,,,,,
182192420835000,63286610897760,67,-5152,1248,-3104,320,523776,18368,,,,,,
182192421831300,63286611897552,68,-5216,1216,-2208,-320,524992,20032,,,,,,
182192422831300,63286612898093,69,-4768,1344,-2624,1984,525824,21184,,,,,,
182192423878900,63286613897468,70,-5056,1184,-2912,384,526016,17152,,,,,,
182192424835100,63286614897593,71,-5760,1568,-2752,1088,526336,17216,,,,,,
182192425830400,63286615897635,72,-5824,1152,-2656,-64,524160,19392,,,,,,
182192426955400,63286616898218,73,-5024,768,-2112,-384,525184,19072,,,,,,
182192427833000,63286617897718,74,-5280,1152,-2784,1024,523840,20544,,,,,,
182192428832400,63286618897593,75,-5248,1152,-2016,192,525568,17728,,,,,,
182192429833400,63286619897510,76,-4832,1056,-2240,0,524288,18752,,,,,,
182192430990600,63286620897510,77,-5152,1248,-2336,-320,525184,19968,,,,,,
182192431837200,63286621897593,78,-4896,1056,-1728,448,524160,18368,,,,,,
182192432956900,63286622899635,79,-5312,1312,-1696,-128,524928,18240,,,,,,
182192433829600,63286623897510,80,-5152,1568,-2240,768,526144,20096,,,,,,
182192434831800,63286624897385,81,-4768,1312,-2720,256,524032,15552,,,,,,
182192435833100,63286625897677,82,-5088,1184,-2656,1024,526016,19136,,,,,,
182192436834200,63286626897635,83,-5312,1376,-1984,-192,524800,19392,,,,,,
182192437833200,63286627897468,84,-4416,1120,-2048,1280,526016,17472,,,,,,
182192438833300,63286628897802,85,-5184,1408,-2176,0,525952,17856,,,,,,
182192439834700,63286629898177,86,-4640,1376,-2336,1792,525120,17408,,,,,,
182192440831700,63286630897593,87,-5280,1408,-2112,512,526400,19136,,,,,,
182192441832300,63286631897552,88,-5024,1248,-2400,-1152,526464,20096,,,,,,
182192442833700,63286632897718,89,-5216,736,-2400,-1536,523840,19392,,,,,,
182192443833400,63286633897593,90,-5760,1280,-2944,384,526016,16960,,,,,,
182192444834500,63286634897510,91,-4736,1184,-2624,-2048,524736,18368,,,,,,
182192445833000,63286635897843,92,-4800,1280,-2688,896,524032,19136,,,,,,
182192446832000,63286636897677,93,-4928,1312,-2112,512,526272,17984,,,,,,
182192447827300,63286637897552,94,-4928,1440,-1920,-1920,524224,19776,,,,,,
182192448818700,63286638897468,95,-5248,832,-1568,-960,524032,18176,,,,,,
182192449839900,63286639897593,96,-4800,1504,-2016,1088,525440,20608,,,,,,
182192450953500,63286640897718,97,-4608,1664,-2592,-896,526976,18432,,,,,,
182192451829200,63286641897510,98,-4896,1088,-2592,-1600,526400,19520,,,,,,
182192452833700,63286642897427,99,-4608,1504,-2080,0,525696,18240,,,,,,
182192453832800,63286643897593,100,-4832,1344,-2368,-320,525888,17984,,,,,,
182192454993800,63286644897468,101,-4928,768,-2688,448,526528,19968,,,,,,
182192455818000,63286645897593,102,-4800,1536,-3232,320,525056,20352,,,,,,
182192456842600,63286646898927,103,-4704,1216,-2048,960,524800,17536,,,,,,
182192457831400,63286647897593,104,-4544,768,-1952,-640,527872,20352,,,,,,
182192458832400,63286648897510,105,-4896,1632,-2304,1792,524672,18880,,,,,,
182192459831700,63286649899302,106,-5152,1600,-3040,-512,525952,16896,,,,,,
182192460834500,63286650899218,107,-4192,1056,-2272,-256,525760,18432,,,,,,
182192461834000,63286651898510,108,-4288,1280,-2624,-640,524864,18752,,,,,,
182192462833800,63286652897468,109,-4224,1472,-2848,896,527488,18496,,,,,,
182192463833000,63286653897593,110,-4512,1216,-2528,448,527040,18304,,,,,,
182192464818500,63286654897635,111,-4352,1504,-2240,-1024,524224,18368,,,,,,
182192465966500,63286655897593,112,-4160,832,-2464,-1472,526144,17152,,,,,,
182192466831900,63286656898218,113,-4864,1472,-2336,256,527424,20288,,,,,,
182192467831200,63286657898218,114,-5184,1440,-2752,-1152,526400,18176,,,,,,
182192468834300,63286658897468,115,-4832,1024,-2400,64,522944,19008,,,,,,
182192469832800,63286659898052,116,-4896,1632,-1888,-1344,526784,19904,,,,,,
182192470833900,63286660897343,117,-4160,928,-2112,896,526784,19456,,,,,,
182192471833700,63286661897552,118,-4448,1408,-2432,448,524608,17856,,,,,,
182192472831700,63286662897552,119,-4224,1152,-2688,384,525888,20288,,,,,,
182192473837700,63286663897343,120,-4192,1344,-2144,128,524352,20544,,,,,,
182192474832600,63286664897593,121,-4832,960,-2272,640,525376,19648,,,,,,
182192475831900,63286665897510,122,-4192,1184,-2176,1216,525056,14784,,,,,,
182192476831600,63286666897468,123,-4032,1056,-2336,256,524160,19840,,,,,,
182192477825400,63286667897427,124,-4736,1536,-1792,1792,525120,16960,,,,,,
182192478830800,63286668897635,125,-4992,960,-2624,640,525952,20288,,,,,,
182192479827900,63286669897552,126,-3680,992,-2688,1152,524224,20224,,,,,,
182192480948400,63286670897468,127,-4032,928,-2368,0,527616,19648,,,,,,
182192481836700,63286671897593,128,-4960,1568,-2368,512,525696,20096,,,,,,
182192482831200,63286672897593,129,-4544,864,-2240,-384,526080,19328,,,,,,
182192483830500,63286673897343,130,-4480,1408,-2656,960,525056,16128,,,,,,
182192484833700,63286674897427,131,-4288,1088,-1920,-896,524608,18048,,,,,,
182192485834500,63286675897510,132,-4448,1440,-2528,-1408,525184,17152,,,,,,
182192486831400,63286676897552,133,-4160,864,-2592,1024,527680,17856,,,,,,
182192487831700,63286677897510,134,-4736,1088,-2464,-320,523584,18048,,,,,,
182192488830700,63286678897552,135,-4352,1312,-1984,-64,524416,18752,,,,,,
182192489835500,63286679897593,136,-4576,1248,-2368,960,524160,19264,,,,,,
182192490832000,63286680897427,137,-4064,1184,-2144,-768,526784,16384,,,,,,
182192491831400,63286681898135,138,-4448,1280,-2272,832,525760,18560,,,,,,
182192492831200,63286682899010,139,-4800,1472,-1792,-640,525568,15936,,,,,,
182192493831000,63286683897552,140,-4704,1600,-2816,-512,522944,19392,,,,,,
182192494825300,63286684897593,141,-4384,1312,-2688,-256,526208,20096,,,,,,
182192495830200,63286685897510,142,-4608,1696,-2016,896,526400,18368,,,,,,
182192496830700,63286686897635,143,-4384,960,-2496,-512,523840,17984,,,,,,
182192497896900,63286687897635,144,-4544,1408,-2624,-192,524224,15808,,,,,,
182192499152000,63286688899427,145,-4480,1216,-2976,0,524480,19520,,,,,,
182192499837400,63286689897635,146,-4288,1376,-1920,512,526400,20224,,,,,,
182192500831200,63286690897635,147,-4416,1152,-1696,512,525824,19328,,,,,,
182192501827000,63286691897427,148,-3968,1280,-2688,128,525056,18880,,,,,,
182192502818900,63286692897510,149,-4128,1120,-2048,-1792,524672,17856,,,,,,
182192503829100,63286693897593,150,-3584,1184,-1856,-384,524736,18112,,,,,,
182192504831800,63286694899052,151,-4640,1440,-2560,1792,524480,18048,,,,,,
182192505824100,63286695897427,152,-4320,1152,-2304,704,524416,18816,,,,,,
182192506841500,63286696897635,153,-4384,1280,-2496,384,525568,18112,,,,,,
182192507830900,63286697897552,154,-3776,1472,-2464,-128,525632,17152,,,,,,
182192508828200,63286698897427,155,-4064,1312,-2816,128,525952,20160,,,,,,
182192509828800,63286699897552,156,-4352,1056,-2592,1024,524864,20416,,,,,,
182192510832600,63286700899260,157,-4384,1664,-2304,-704,524608,18944,,,,,,
182192511831600,63286701897635,158,-5056,1856,-3104,0,526016,19584,,,,,,
182192512835700,63286702897344,159,-4288,1600,-2368,-704,525248,19264,,,,,,
182192513956000,63286703897260,160,-4032,1440,-2080,1216,526848,18112,,,,,,
182192514873400,63286704897635,161,-4576,1536,-2336,-64,523520,18688,,,,,,
182192515973000,63286705898177,162,-4672,1504,-2784,640,525824,20480,,,,,,
182192516830400,63286706897635,163,-4672,1440,-2208,768,524992,17536,,,,,,
182192518123700,63286707897635,164,-4576,1536,-2624,640,526016,17088,,,,,,
182192518812300,63286708898385,165,-4736,1088,-2464,128,525184,19072,,,,,,
182192520066500,63286709897510,166,-4320,1472,-2208,256,523520,16832,,,,,,
182192520853400,63286710897427,167,-4416,1600,-2528,2112,525312,19520,,,,,,
182192521828200,63286711898719,168,-4704,1600,-2496,128,526080,20288,,,,,,
182192523003200,63286712897469,169,-4864,896,-1856,384,525568,18752,,,,,,
182192523841200,63286713897427,170,-4992,1504,-2368,1024,525632,17536,,,,,,
182192524823900,63286714897719,171,-4832,1344,-2688,64,525248,18560,,,,,,
182192525822600,63286715897510,172,-4576,992,-2080,1216,526272,19904,,,,,,
182192526829600,63286716897552,173,-4896,1312,-2304,-2240,524160,21312,,,,,,
182192527830700,63286717897344,174,-5344,1376,-2560,0,524864,22464,,,,,,
182192528837900,63286718898219,175,-4992,1376,-2368,-1152,523904,18944,,,,,,
182192529829700,63286719897552,176,-4416,1312,-2080,-576,525504,18624,,,,,,
182192530993700,63286720897385,177,-4672,1280,-2048,1920,526464,19200,,,,,,
182192531837100,63286721897635,178,-4928,1152,-2208,192,526144,17664,,,,,,
182192532830000,63286722897885,179,-5088,1312,-2720,-384,524032,19456,,,,,,
182192533953000,63286723898927,180,-4640,960,-2336,768,525504,19456,,,,,,
182192534828400,63286724897469,181,-4992,1152,-2464,448,526400,18304,,,,,,
182192535830800,63286725897677,182,-4736,1248,-2368,128,525376,20352,,,,,,
182192536832500,63286726897552,183,-4992,1728,-2272,2176,525120,18688,,,,,,
182192537831800,63286727897469,184,-4640,1152,-1600,576,525888,17408,,,,,,
182192538832600,63286728897427,185,-5120,1312,-2304,-1920,525120,16576,,,,,,
182192539956300,63286729898844,186,-5344,1376,-2624,-704,526144,16320,,,,,,
182192540829000,63286730898927,187,-4672,1344,-1632,-896,524480,19136,,,,,,
182192541829400,63286731898885,188,-5440,864,-2432,1984,524864,19776,,,,,,
182192542830500,63286732897510,189,-4960,1440,-2368,640,526208,19840,,,,,,
182192543831600,63286733897635,190,-4672,1312,-2464,2112,526656,16256,,,,,,
182192544837000,63286734897594,191,-4544,1312,-2336,-896,523776,16256,,,,,,
182192545838200,63286735898760,192,-5664,1472,-2560,-256,525632,18496,,,,,,
182192546833900,63286736897677,193,-4928,1632,-1984,-768,525248,19776,,,,,,
182192547831500,63286737907052,194,-4832,1632,-2784,-1024,523712,18880,,,,,,
182192548843600,63286738897635,195,-4896,1632,-1952,-576,525760,16128,,,,,,
182192549824000,63286739898802,196,-5248,1152,-1888,384,524160,19008,,,,,,
182192550828300,63286740897469,197,-4800,1216,-2368,-640,525184,18816,,,,,,
182192551828700,63286741898844,198,-4448,1056,-2432,-1152,525888,17856,,,,,,
182192552831200,63286742897344,199,-4864,1536,-1952,128,525248,19008,,,,,,
182192553832300,63286743897802,200,-4928,1216,-2176,832,524480,16704,,,,,,
182192554834000,63286744897552,201,-4928,928,-2752,-1216,525952,19904,,,,,,
182192555827400,63286745897510,202,-5056,1280,-2400,-1088,523584,18368,,,,,,
182192556834700,63286746897427,203,-5120,1312,-2432,-1728,526080,15744,,,,,,
182192557828600,63286747897594,204,-5024,1504,-2272,-1600,524992,19264,,,,,,
182192558828200,63286748897469,205,-4704,1376,-2208,64,523328,20160,,,,,,
182192559828400,63286749897427,206,-5664,1312,-2496,-256,525120,17984,,,,,,
182192560837400,63286750897594,207,-5216,1760,-2144,1536,525952,17472,,,,,,
182192561877600,63286751897760,208,-5696,1216,-2144,-384,525120,17536,,,,,,
182192562887900,63286752898094,209,-5600,1184,-2688,-64,525952,17856,,,,,,
182192564143300,63286753897344,210,-4896,928,-2912,320,525696,19200,,,,,,
182192565017000,63286754897594,211,-4736,1376,-2368,-1344,525184,19584,,,,,,
182192565834000,63286755898094,212,-4512,1632,-2752,2624,524032,18112,,,,,,
182192566955300,63286756900594,213,-4672,1088,-2464,-1344,526720,18560,,,,,,
182192567827300,63286757897760,214,-4672,896,-2048,0,524864,19328,,,,,,
182192568829200,63286758898052,215,-4928,1216,-2432,1984,526272,19392,,,,,,
182192569828700,63286759897677,216,-4640,1664,-2368,-704,524608,19840,,,,,,
182192570826100,63286760897427,217,-4768,1408,-2176,320,526400,19200,,,,,,
182192571830800,63286761897594,218,-5632,1440,-2304,1472,525376,19776,,,,,,
182192572834100,63286762897427,219,-5088,1600,-2624,320,525760,19840,,,,,,
182192573830500,63286763897510,220,-4800,960,-1920,320,525184,19584,,,,,,
182192574951900,63286764898885,221,-5120,992,-2848,-128,525440,18560,,,,,,
182192575828300,63286765898594,222,-5344,1056,-1984,-704,526464,19648,,,,,,
182192576830700,63286766897594,223,-5280,1024,-2784,192,525440,19840,,,,,,
182192577830100,63286767897385,224,-5088,896,-2304,-1536,525440,20032,,,,,,
182192578831000,63286768897552,225,-5376,992,-2016,1408,525888,18304,,,,,,
182192579831200,63286769897427,226,-4608,1280,-2176,768,524160,19904,,,,,,
182192580945500,63286770899344,227,-4672,1632,-2592,320,525504,17984,,,,,,
182192581834400,63286771897469,228,-4608,1344,-1760,448,525120,17728,,,,,,
182192582830500,63286772897510,229,-5184,1568,-2592,-1344,524096,19328,,,,,,
182192583828900,63286773897510,230,-5152,928,-2464,-576,524672,19264,,,,,,
182192584826000,63286774897469,231,-4672,1056,-2720,1216,526144,18240,,,,,,
182192585827900,63286775900052,232,-4416,1152,-2592,-1024,526208,19712,,,,,,
182192586830400,63286776897552,233,-4640,1056,-1984,1664,525504,18880,,,,,,
182192587830600,63286777897385,234,-5280,1344,-2912,1216,525376,18496,,,,,,
182192588831300,63286778897469,235,-5024,1120,-2368,-512,526464,17792,,,,,,
182192589833200,63286779897552,236,-5088,736,-2272,960,524224,19008,,,,,,
182192590829200,63286780897552,237,-4160,928,-2336,1216,525504,18496,,,,,,
182192591828200,63286781897469,238,-4896,1280,-2944,448,524608,17536,,,,,,
182192592830300,63286782899510,239,-5184,1056,-2816,-320,525120,19200,,,,,,
182192593829500,63286783897552,240,-4512,1184,-2592,320,526336,16448,,,,,,
182192594829600,63286784897385,241,-4992,1344,-2464,1792,526784,18688,,,,,,
182192595828200,63286785897427,242,-4448,1568,-2368,-192,524608,19264,,,,,,
182192596828300,63286786897594,243,-4608,1216,-2400,384,524672,19456,,,,,,
182192597833800,63286787899594,244,-4640,928,-2272,-832,524032,17792,,,,,,
182192598832900,63286788898844,245,-5376,1568,-2592,896,524864,17792,,,,,,
182192599830500,63286789897344,246,-4352,1376,-2304,-768,525568,17344,,,,,,
182192600828700,63286790897552,247,-4864,896,-2112,-256,524416,19968,,,,,,
182192601830300,63286791897469,248,-4576,1440,-1632,-192,526400,20224,,,,,,
182192602832400,63286792897427,249,-4160,1184,-2240,-256,525440,18624,,,,,,
182192603830500,63286793897594,250,-4160,896,-2240,-1024,526336,19712,,,,,,
182192604831400,63286794897469,251,-4160,1344,-2240,-1344,525376,17792,,,,,,
182192605816400,63286795897427,252,-4736,1472,-2176,1664,523904,16320,,,,,,
182192606832600,63286796897260,253,-4000,1184,-2752,64,527872,18368,,,,,,
182192608069400,63286797899219,254,-4416,1344,-2528,896,523328,19712,,,,,,
182192608820100,63286798897344,255,-4288,1216,-1760,448,525056,19648,,,,,,
182192609838200,63286799898385,0,-4736,1184,-2432,-256,525184,17728,,,,,,
182192611040500,63286800899260,1,-4384,1152,-2400,384,525952,18880,,,,,,
182192611856800,63286801897510,2,-5056,1312,-2688,-896,525184,16832,,,,,,
182192612831300,63286802897469,3,-4896,1248,-2432,-1536,525504,19008,,,,,,
182192613825600,63286803897385,4,-4256,1248,-2048,512,524096,20096,,,,,,
182192614842300,63286804897510,5,-4672,1504,-2240,1792,525248,19648,,,,,,
182192615829800,63286805897760,6,-4608,1376,-1824,384,526016,19136,,,,,,
182192616953500,63286806899010,7,-4480,1120,-2112,2048,524736,18048,,,,,,
182192617829700,63286807898802,8,-4064,1088,-2272,256,525376,18368,,,,,,
182192618832000,63286808897552,9,-4896,1280,-2432,-320,524032,19328,,,,,,
182192619830200,63286809897927,10,-4672,1664,-2592,1472,526144,18944,,,,,,
182192620831300,63286810898385,11,-4704,1440,-2240,320,526720,17984,,,,,,
182192621832700,63286811897635,12,-4992,1184,-2880,-512,524288,16704,,,,,,
182192623259900,63286812897510,13,-4704,1536,-2368,576,526528,19072,,,,,,
182192623850500,63286813897510,14,-4896,1408,-2496,-640,526208,17152,,,,,,
182192624843300,63286814897260,15,-4800,1280,-2592,-256,525504,18112,,,,,,
182192625829600,63286815897885,16,-4256,992,-2016,-320,525504,15872,,,,,,
182192626829400,63286816897469,17,-4448,1216,-2464,-1280,524224,20352,,,,,,
182192627830500,63286817897469,18,-4448,1408,-2208,-320,525376,21376,,,,,,
182192628832000,63286818899052,19,-4320,1152,-2176,384,525696,18688,,,,,,
182192629832500,63286819897469,20,-4736,736,-1856,832,525376,19328,,,,,,
182192630992100,63286820898719,21,-4928,1440,-2208,320,527488,18560,,,,,,
182192631848300,63286821897344,22,-4928,1664,-2240,-1920,525696,18432,,,,,,
182192632836400,63286822897635,23,-4608,1152,-2336,1408,526784,16832,,,,,,
182192633830000,63286823897677,24,-4544,1024,-2688,768,525696,16832,,,,,,
182192634828200,63286824897427,25,-4416,1344,-2176,192,525440,17920,,,,,,
182192635828700,63286825897844,26,-5088,1248,-1856,640,525312,18688,,,,,,
182192636829100,63286826897635,27,-4768,1408,-2400,128,525824,17536,,,,,,
182192637827400,63286827897385,28,-4224,1504,-2656,-1088,525120,19200,,,,,,
182192638830400,63286828897469,29,-4608,1152,-2176,-320,524032,18304,,,,,,
182192639831200,63286829899469,30,-4800,928,-2464,1600,526016,18176,,,,,,
182192641076000,63286830900344,31,-4640,1536,-2528,-64,525056,18112,,,,,,
182192641845600,63286831898927,32,-4576,1248,-2272,1088,523584,18048,,,,,,
182192642822800,63286832897469,33,-4480,960,-2592,64,526592,19968,,,,,,
182192643826600,63286833897510,34,-4992,1248,-2624,-1920,527488,17472,,,,,,
182192644828300,63286834897427,35,-4832,1440,-2880,-384,525504,19200,,,,,,
182192645826000,63286835897427,36,-4544,1248,-2080,-320,524928,18624,,,,,,
182192646829800,63286836897552,37,-4512,1152,-2144,384,524864,15872,,,,,,
182192647849400,63286837897469,38,-4096,960,-2272,512,525056,17984,,,,,,
182192648845800,63286838897469,39,-4448,1184,-2176,0,526208,18432,,,,,,
182192649829800,63286839897802,40,-4320,1280,-2592,1088,525312,20480,,,,,,
182192650828700,63286840897719,41,-5312,1536,-3392,512,524544,17408,,,,,,
182192651954900,63286841899427,42,-4480,1824,-2752,-64,524672,17856,,,,,,
182192652829700,63286842898302,43,-4128,864,-1824,1280,525568,19584,,,,,,
182192653827800,63286843897552,44,-5088,1600,-2496,2240,526272,18240,,,,,,
182192654828500,63286844897510,45,-4704,1024,-2400,576,525184,19968,,,,,,
182192655824700,63286845897469,46,-4640,1408,-1952,0,527168,17088,,,,,,
182192656848200,63286846897427,47,-4608,1408,-2464,1856,525440,17792,,,,,,
182192657829700,63286847898260,48,-4864,1440,-2624,-320,526080,20416,,,,,,
182192658828800,63286848897510,49,-4928,1408,-2848,-256,524864,17984,,,,,,
182192659831000,63286849897510,50,-4736,1440,-2368,0,524224,19840,,,,,,
182192660831200,63286850897760,51,-4640,1568,-2208,768,525952,17472,,,,,,
182192661831300,63286851897594,52,-4384,1376,-2304,0,526144,15872,,,,,,
182192662832300,63286852897510,53,-4768,1120,-2112,1152,525696,18112,,,,,,
182192663831400,63286853897510,54,-5248,1024,-2560,960,525312,18816,,,,,,
182192664832300,63286854897594,55,-4704,1120,-2432,192,524800,16960,,,,,,
182192665830200,63286855897510,56,-4704,1280,-2048,-1344,526080,17984,,,,,,
182192666829200,63286856897469,57,-4768,1312,-2112,-2048,526208,21120,,,,,,
182192667828900,63286857897552,58,-4192,1184,-1952,1536,524352,21952,,,,,,
182192668830100,63286858897635,59,-4864,1600,-2528,-704,524352,17728,,,,,,
182192669831600,63286859897427,60,-4384,1280,-2272,-2688,524096,16512,,,,,,
182192670832200,63286860897385,61,-4768,1216,-2528,1344,524992,19328,,,,,,
182192671820500,63286861897552,62,-4640,1408,-2400,-640,524544,20096,,,,,,
182192672838000,63286862897719,63,-4704,1408,-2432,64,524928,19200,,,,,,
182192673830600,63286863897385,64,-4736,1248,-2752,-896,524416,17536,,,,,,
182192674829000,63286864897469,65,-4768,992,-1952,-576,524288,19584,,,,,,
182192675831400,63286865897552,66,-4768,1280,-2304,0,524800,18048,,,,,,
182192676830400,63286866897177,67,-4800,1600,-2304,448,524352,18112,,,,,,
182192677821800,63286867897552,68,-5120,1312,-2144,-576,526336,20544,,,,,,
182192678827700,63286868897635,69,-4896,1280,-2048,-768,524544,16512,,,,,,
182192679827500,63286869897552,70,-5216,1280,-2336,-448,524992,17984,,,,,,
182192680825100,63286870897510,71,-4896,1600,-2496,-2048,523584,18368,,,,,,
182192681832200,63286871897469,72,-4512,1408,-2112,-384,524608,19200,,,,,,
182192682830400,63286872897427,73,-4224,960,-2048,-384,524032,17792,,,,,,
182192683829200,63286873897510,74,-5088,1152,-2784,-256,525504,18752,,,,,,
182192684828700,63286874897385,75,-5024,1408,-3136,1024,526336,18624,,,,,,
182192685832000,63286875897302,76,-4480,1344,-2144,896,526400,17984,,,,,,
182192686831700,63286876897594,77,-4576,1088,-2336,-1024,524800,17984,,,,,,
182192687825600,63286877898927,78,-4736,1728,-2368,512,525568,19008,,,,,,
182192688832300,63286878897302,79,-4256,1312,-2464,192,525632,18880,,,,,,
182192689835600,63286879898427,80,-4768,1408,-2112,-640,525760,17920,,,,,,
182192690831400,63286880897469,81,-4512,1024,-2496,1664,525952,16320,,,,,,
182192691823800,63286881897510,82,-4064,1376,-2208,2752,526528,18112,,,,,,
182192692842100,63286882897552,83,-4928,960,-2112,768,524544,20672,,,,,,
182192693829700,63286883897469,84,-4672,1440,-2464,128,524736,16448,,,,,,
182192694890300,63286884899010,85,-4352,1440,-2400,1664,526080,18176,,,,,,
182192695828900,63286885897510,86,-4608,1024,-2304,-64,524928,18368,,,,,,
182192696828400,63286886898052,87,-5312,1376,-2880,1984,523520,16320,,,,,,
182192697833500,63286887897427,88,-4288,1088,-1856,1792,527232,18176,,,,,,
182192698829700,63286888897344,89,-5056,1472,-2304,-768,525312,19136,,,,,,
182192699827600,63286889897510,90,-5184,1600,-2656,320,524864,18368,,,,,,
182192700831500,63286890897594,91,-4800,1216,-1920,512,525248,20992,,,,,,
182192701830700,63286891897510,92,-5472,1376,-2464,1152,524544,19072,,,,,,
182192702831900,63286892897427,93,-4992,1312,-2592,2112,524672,18944,,,,,,
182192703831600,63286893897844,94,-4352,1088,-1568,1984,524544,16192,,,,,,
182192704829900,63286894899177,95,-4608,1440,-2592,1920,525952,17728,,,,,,
182192705817400,63286895897969,96,-4960,1184,-1920,704,524352,19200,,,,,,
182192706835300,63286896897385,97,-4256,1344,-2816,-320,525312,21376,,,,,,
182192707829900,63286897897552,98,-4640,1408,-2560,512,525888,17408,,,,,,
182192708829700,63286898897510,99,-4384,1440,-1792,-256,525504,18240,,,,,,
182192709830800,63286899897469,100,-4736,1440,-1856,192,525888,18048,,,,,,
182192710831400,63286900898344,101,-5248,768,-2080,576,524608,19136,,,,,,
182192711831700,63286901900344,102,-4416,1536,-2144,576,526592,16704,,,,,,
182192712826800,63286902898260,103,-5312,1184,-2528,-576,525312,20928,,,,,,
182192713828500,63286903897052,104,-4928,1248,-2432,-256,526016,18112,,,,,,
182192714834000,63286904897594,105,-4384,1344,-1664,-1856,525568,20352,,,,,,
182192715830900,63286905897510,106,-5184,1376,-2432,1216,524800,19008,,,,,,
182192716829300,63286906897552,107,-4736,1472,-2176,704,525056,19008,,,,,,
182192717828200,63286907897927,108,-5312,1280,-2400,-320,525440,19136,,,,,,
182192718828500,63286908897510,109,-4608,1472,-2944,2112,525120,15232,,,,,,
182192719837600,63286909897469,110,-4544,1472,-2624,-1344,525696,21504,,,,,,
182192720828200,63286910897344,111,-4800,704,-2176,1344,525504,19968,,,,,,
182192721839400,63286911897635,112,-5408,864,-2368,-512,523776,21248,,,,,,
182192722917800,63286912898427,113,-4608,1280,-2432,-192,523904,16896,,,,,,
182192723839200,63286913897469,114,-5184,1568,-2304,1280,524864,20416,,,,,,
182192724825200,63286914897344,115,-4672,1472,-2048,576,525184,18560,,,,,,
182192725821500,63286915897469,116,-4704,1696,-2016,1600,525312,19584,,,,,,
182192726829100,63286916897427,117,-4864,1472,-2400,64,524288,20160,,,,,,
182192727827700,63286917897635,118,-4800,928,-1632,896,525184,18240,,,,,,
182192728829400,63286918897635,119,-4896,1312,-2720,768,524544,17280,,,,,,
182192729830300,63286919897510,120,-4608,960,-2592,1088,525696,18368,,,,,,
182192730937300,63286920897385,121,-4864,1120,-2016,-384,525184,17152,,,,,,
182192731845300,63286921897510,122,-5440,1408,-2464,1152,525888,20032,,,,,,
182192732835800,63286922897427,123,-4704,1632,-2080,-128,524224,18240,,,,,,
182192733826800,63286923897635,124,-4416,1024,-2560,2176,524608,17728,,,,,,
182192734827300,63286924898969,125,-4800,1440,-2688,832,525632,20608,,,,,,
182192735829300,63286925900219,126,-4704,1472,-2656,0,524544,19456,,,,,,
182192736838300,63286926897552,127,-4544,1312,-2240,-64,522880,17984,,,,,,
182192737828300,63286927897427,128,-4896,1632,-2688,-704,526400,18496,,,,,,
182192738828900,63286928897427,129,-4800,1632,-1824,704,524480,20352,,,,,,
182192739836100,63286929897594,130,-4736,1280,-2272,-1216,525504,16768,,,,,,
182192740838700,63286930899052,131,-4928,1632,-2496,1280,525952,18368,,,,,,
182192741828400,63286931897469,132,-4768,1472,-2144,896,526528,15744,,,,,,
182192742828500,63286932897385,133,-4832,1536,-2080,576,525440,16832,,,,,,
182192743830100,63286933897635,134,-4608,1280,-2752,-1792,525824,18688,,,,,,
182192744828900,63286934897469,135,-4992,1248,-2112,1728,524672,17600,,,,,,
182192745828800,63286935897135,136,-4224,1184,-2528,-640,525824,17728,,,,,,
182192746831000,63286936897719,137,-4608,832,-2464,-896,527232,17920,,,,,,
182192747832100,63286937897510,138,-4448,1344,-1920,576,524800,17920,,,,,,
182192748835800,63286938897469,139,-4704,1600,-2688,1472,526080,18112,,,,,,
182192749829800,63286939897427,140,-4480,1152,-2240,-1088,526080,17664,,,,,,
182192750828600,63286940898677,141,-5024,1440,-2432,-768,525312,19136,,,,,,
182192751823700,63286941897844,142,-5152,1024,-2400,128,524672,19136,,,,,,
182192752891700,63286942897344,143,-5120,1408,-2272,-512,526400,19520,,,,,,
182192753839600,63286943897469,144,-5184,1216,-2112,-1664,526272,17792,,,,,,
182192754837400,63286944898177,145,-4576,1184,-2592,-128,525632,17216,,,,,,
182192755955000,63286945897760,146,-5248,1792,-2752,-704,524928,17600,,,,,,
182192756947700,63286946897510,147,-4832,1152,-2432,-256,524928,16448,,,,,,
182192757854100,63286947899052,148,-5376,1472,-2688,1856,525056,17216,,,,,,
182192758817500,63286948897635,149,-4864,1216,-2528,-64,526720,18752,,,,,,
182192759837600,63286949897427,150,-5024,1440,-2432,1088,524736,16512,,,,,,
182192760829800,63286950898094,151,-4992,960,-2304,832,525824,17024,,,,,,
182192761828300,63286951897594,152,-5376,1152,-2080,1984,526592,16960,,,,,,
182192762829900,63286952897469,153,-4672,1152,-1984,-1472,524992,19712,,,,,,
182192763831000,63286953899135,154,-5280,1184,-2080,896,523968,18368,,,,,,
182192764842800,63286954899177,155,-4576,1280,-2304,0,525440,20288,,,,,,
182192765829300,63286955897510,156,-4800,1632,-3104,1600,525888,19200,,,,,,
182192766828100,63286956897552,157,-5056,1024,-2752,-64,525824,16960,,,,,,
182192767823100,63286957897885,158,-4704,832,-1536,1856,524672,20352,,,,,,
182192768838100,63286958897677,159,-4960,1376,-2336,-1664,524480,18240,,,,,,
