host_timestamp_ns,device_timestamp,sequence,gyro_raw_x,gyro_raw_y,gyro_raw_z,accel_raw_x,accel_raw_y,accel_raw_z,gyro_x,gyro_y,gyro_z,accel_x,accel_y,accel_z
182638533899900,63732730821890,235,-4608,1216,-2592,523136,-39552,27968,,,,,,
182638533916200,63732731824181,236,-4928,1312,-2208,523776,-37760,26560,,,,,,
182638534274100,63732732831390,237,-5088,1184,-2016,521856,-39680,23680,,,,,,
182638535152800,63732733822015,238,-5248,1280,-2336,522752,-39104,23872,,,,,,
182638536165300,63732734822723,239,-4832,1440,-2624,522112,-39936,26880,,,,,,
182638537153600,63732735821723,240,-4480,1312,-2208,524992,-41920,27520,,,,,,
182638538148500,63732736824890,241,-4544,1120,-2240,525248,-41088,24128,,,,,,
182638539153700,63732737821806,242,-4928,1248,-2144,522688,-39808,24576,,,,,,
182638540155000,63732738821723,243,-4512,1024,-2272,522560,-39872,26496,,,,,,
182638541151000,63732739821931,244,-5120,1312,-2528,522368,-38656,26560,,,,,,
182638542152600,63732740821890,245,-4672,1440,-2240,523712,-38144,26496,,,,,,
182638543154400,63732741821765,246,-4576,1120,-2080,523648,-37824,25536,,,,,,
182638544586900,63732742821723,247,-4672,1760,-1504,523392,-38464,26816,,,,,,
182638545179900,63732743823098,248,-4800,1472,-2144,522816,-40512,24960,,,,,,
182638546147900,63732744821806,249,-4864,1344,-1472,521920,-40768,25472,,,,,,
182638547147500,63732745821765,250,-4480,1280,-1952,523584,-40832,28224,,,,,,
182638548150700,63732746821848,251,-4864,896,-2272,524416,-40768,28224,,,,,,
182638549145900,63732747821890,252,-5184,1728,-1824,521920,-38784,27648,,,,,,
182638550152600,63732748822515,253,-4896,1280,-2112,523264,-39232,25472,,,,,,
182638551150300,63732749823515,254,-4416,1376,-2272,520448,-39424,26944,,,,,,
182638552276900,63732750821890,255,-5024,1472,-2560,520896,-38336,26240,,,,,,
182638553163700,63732751821765,0,-4704,1408,-2656,523264,-38784,25856,,,,,,
182638554151600,63732752821723,1,-5312,960,-2016,524352,-37440,26240,,,,,,
182638555176500,63732753823348,2,-4768,1376,-2176,520960,-39616,28224,,,,,,
182638556149000,63732754821848,3,-5184,1376,-2432,522624,-40640,25344,,,,,,
182638557148400,63732755821598,4,-4768,1536,-1536,522176,-40192,28288,,,,,,
182638558149900,63732756822015,5,-4960,1312,-1952,523520,-39360,28224,,,,,,
182638559155100,63732757821765,6,-4800,1600,-2208,521920,-40768,26432,,,,,,
182638560153000,63732758821765,7,-5088,1760,-1952,521024,-40960,26624,,,,,,
182638561155500,63732759821931,8,-4896,1344,-2336,520128,-38464,25152,,,,,,
182638562151300,63732760821890,9,-5216,1344,-2080,520896,-40064,26304,,,,,,
182638563145600,63732761821765,10,-5088,1184,-2240,521984,-39872,27008,,,,,,
182638564152200,63732762822515,11,-4864,1344,-1312,520192,-40896,25088,,,,,,
182638565149200,63732763821806,12,-4288,1344,-1696,519744,-39936,24896,,,,,,
182638566147900,63732764821765,13,-5056,1216,-3104,520384,-39808,28544,,,,,,
182638567156800,63732765821723,14,-4704,1248,-2048,523200,-40640,24064,,,,,,
182638568153200,63732766822348,15,-4864,1312,-1888,520320,-39872,27648,,,,,,
182638569155900,63732767822640,16,-4736,1120,-2560,519232,-42240,27648,,,,,,
182638570150500,63732768821806,17,-4896,1504,-2432,518592,-41920,27456,,,,,,
182638571149200,63732769821890,18,-4576,992,-2816,518784,-39552,26496,,,,,,
182638572155300,63732770823265,19,-4384,992,-2176,520128,-41216,25472,,,,,,
182638573154600,63732771821890,20,-5216,1184,-3328,521536,-41216,25984,,,,,,
182638574155000,63732772821765,21,-4512,640,-2272,521408,-39936,27008,,,,,,
182638575133700,63732773821890,22,-4288,1216,-2592,519936,-38912,26560,,,,,,
182638576153000,63732774821848,23,-4288,1088,-2784,520512,-40832,27456,,,,,,
182638577153300,63732775821973,24,-4448,1184,-2464,520000,-40000,27776,,,,,,
182638578166200,63732776821890,25,-4896,1280,-2912,520512,-39552,25088,,,,,,
182638579148000,63732777821806,26,-4608,1024,-2496,520384,-40448,26240,,,,,,
182638580145100,63732778822306,27,-4736,1312,-2848,521344,-41344,25536,,,,,,
182638581150900,63732779821806,28,-4864,1056,-2304,520000,-39744,24448,,,,,,
182638582149000,63732780821931,29,-4192,480,-2528,522432,-40768,26560,,,,,,
182638583274800,63732781821806,30,-4480,1056,-2400,523136,-41984,25216,,,,,,
182638584152900,63732782823015,31,-4608,1440,-2848,521344,-39936,27456,,,,,,
182638585144900,63732783821973,32,-4800,1216,-2880,521600,-39936,26560,,,,,,
182638586153200,63732784821848,33,-4384,832,-3040,523456,-38528,24832,,,,,,
182638587149400,63732785821765,34,-4992,832,-2560,522112,-39680,26752,,,,,,
182638588150200,63732786821931,35,-4576,1024,-2688,522368,-38272,26752,,,,,,
182638589149300,63732787821848,36,-4480,1632,-3232,522432,-40064,26304,,,,,,
182638590155800,63732788821765,37,-4736,896,-2336,522048,-41856,26240,,,,,,
182638591151700,63732789821640,38,-5280,800,-3104,523904,-40000,29696,,,,,,
182638592155200,63732790822598,39,-4768,1024,-2912,523392,-40768,25408,,,,,,
182638593154200,63732791821765,40,-4608,1280,-2208,522368,-36864,26176,,,,,,
182638594152700,63732792821556,41,-5088,1088,-2816,521856,-40640,26304,,,,,,
182638595148500,63732793821973,42,-4480,1120,-2528,522880,-40320,27072,,,,,,
182638596148100,63732794821765,43,-4896,1056,-3168,522880,-40768,26432,,,,,,
182638597143100,63732795821806,44,-4320,768,-2912,523072,-39936,25984,,,,,,
182638598152800,63732796822015,45,-4768,1216,-3008,522240,-38784,25664,,,,,,
182638599149500,63732797821848,46,-4384,1248,-2880,522368,-41344,26048,,,,,,
182638600151800,63732798823973,47,-4448,1280,-3264,522560,-39616,25792,,,,,,
182638601154300,63732799821681,48,-4384,1472,-2304,521408,-40000,26688,,,,,,
182638602152300,63732800821515,49,-4576,1600,-2816,523264,-37568,24832,,,,,,
182638603151300,63732801821806,50,-4704,1152,-2624,521984,-37440,28928,,,,,,
182638604149700,63732802822556,51,-4384,1216,-2784,521792,-39488,24192,,,,,,
182638605154700,63732803821848,52,-4736,1376,-2432,523456,-39616,26368,,,,,,
182638606155300,63732804821806,53,-4864,1472,-2752,521472,-41536,26112,,,,,,
182638607155500,63732805821806,54,-4800,1504,-2688,523648,-37760,24384,,,,,,
182638608154400,63732806821973,55,-4320,1376,-2176,521984,-37632,27136,,,,,,
182638609157800,63732807821806,56,-4544,1408,-2208,521792,-41024,23872,,,,,,
182638610141200,63732808821723,57,-4832,1792,-2336,521536,-40512,24192,,,,,,
182638611164500,63732809821640,58,-4576,1600,-2144,521152,-39360,25536,,,,,,
182638612149200,63732810821681,59,-4448,1568,-2272,523904,-39424,27584,,,,,,
182638613147000,63732811821848,60,-4576,1664,-2304,523200,-38912,25920,,,,,,
182638614156100,63732812821640,61,-4512,1088,-1728,521728,-38208,24768,,,,,,
182638615149400,63732813821890,62,-4000,1504,-2464,523072,-38208,26944,,,,,,
182638616155400,63732814824515,63,-4864,1184,-2016,521856,-40768,25536,,,,,,
182638617151800,63732815821765,64,-5344,1216,-2176,521088,-39680,28608,,,,,,
182638618156800,63732816822015,65,-4192,1632,-2656,518976,-40448,25920,,,,,,
182638619153100,63732817821848,66,-5184,1728,-1536,519360,-40320,25792,,,,,,
182638620148500,63732818821723,67,-5024,960,-1856,521984,-37952,27648,,,,,,
182638621155900,63732819822390,68,-5440,1248,-2656,520384,-38272,25600,,,,,,
182638622148600,63732820822431,69,-5344,1184,-1760,522432,-41536,29376,,,,,,
182638623159300,63732821821681,70,-4320,1120,-2432,520640,-39552,27776,,,,,,
182638624160500,63732822821598,71,-4800,1312,-2176,518848,-38656,26560,,,,,,
182638625140800,63732823821973,72,-4864,1216,-1760,519360,-38464,27136,,,,,,
182638626157400,63732824821848,73,-5312,1056,-2528,520512,-39808,25664,,,,,,
182638627152400,63732825822306,74,-5280,1536,-2784,522304,-39360,26816,,,,,,
182638628146800,63732826822015,75,-4800,1408,-1792,520128,-38976,27264,,,,,,
182638629141800,63732827822890,76,-4864,1440,-1728,521472,-40832,23680,,,,,,
182638630154100,63732828821681,77,-5024,1184,-2720,521536,-40128,26560,,,,,,
182638631165400,63732829822931,78,-4736,1184,-2304,523584,-38848,28224,,,,,,
182638632150300,63732830821806,79,-4800,1056,-2624,522048,-40192,24768,,,,,,
182638633278700,63732831821765,80,-4480,1312,-1568,520192,-39744,28800,,,,,,
182638634139000,63732832822473,81,-5472,1568,-2400,522752,-39808,29376,,,,,,
182638635364600,63732833821931,82,-4832,1024,-2080,522048,-39552,27520,,,,,,
182638636188300,63732834821681,83,-4800,928,-2112,522304,-40960,25856,,,,,,
182638637157700,63732835821723,84,-4896,1120,-2176,522240,-39808,27456,,,,,,
182638638141400,63732836821890,85,-5216,1216,-1792,522880,-39680,25728,,,,,,
182638639143300,63732837821973,86,-4800,1120,-1696,523072,-41024,26368,,,,,,
182638640141500,63732838821723,87,-4480,1184,-1984,523392,-41472,25984,,,,,,
182638641142600,63732839822473,88,-5280,1408,-2592,522496,-40064,25216,,,,,,
182638642152800,63732840822890,89,-4352,960,-1408,523584,-40512,25408,,,,,,
182638643157400,63732841821806,90,-4768,672,-2944,521216,-42368,28224,,,,,,
182638644187800,63732842822556,91,-4672,1568,-2272,521600,-39744,25856,,,,,,
182638645153900,63732843821931,92,-4672,672,-1984,521600,-41024,27712,,,,,,
182638646144000,63732844823306,93,-3712,1728,-2016,522304,-39104,27584,,,,,,
182638647142500,63732845821765,94,-4416,800,-1856,524160,-41984,25920,,,,,,
182638648148400,63732846821890,95,-4128,1312,-2432,520704,-39808,25216,,,,,,
182638649149500,63732847821848,96,-4576,1632,-2208,523008,-39872,25472,,,,,,
182638650152300,63732848821765,97,-4768,1504,-2080,523904,-39936,26624,,,,,,
182638651152500,63732849822431,98,-5152,1280,-2304,522304,-40576,24960,,,,,,
182638652165100,63732850821973,99,-4832,1088,-3168,523584,-41152,25216,,,,,,
182638653152100,63732851821681,100,-4928,1408,-2368,521920,-40256,27520,,,,,,
182638654168800,63732852821681,101,-4608,1536,-1984,523072,-39424,26048,,,,,,
182638655152600,63732853821973,102,-5312,1536,-2720,523840,-39040,25856,,,,,,
182638656150000,63732854821765,103,-5152,1024,-2944,523392,-38080,27392,,,,,,
182638657153200,63732855821723,104,-5120,1600,-2720,523200,-39744,23040,,,,,,
182638658156800,63732856821973,105,-4864,1408,-2688,521792,-40512,24064,,,,,,
182638659153300,63732857821848,106,-4896,1824,-3008,523136,-39232,26880,,,,,,
182638660146500,63732858821765,107,-4704,1280,-3392,522496,-42176,26624,,,,,,
182638661174700,63732859821681,108,-4800,1568,-2560,522048,-38976,25408,,,,,,
182638662157900,63732860822431,109,-5056,1408,-2176,521920,-39104,25216,,,,,,
182638663156600,63732861821765,110,-4544,1536,-2912,521024,-41216,22784,,,,,,
182638664154600,63732862821723,111,-5376,1888,-2752,522944,-39552,27840,,,,,,
182638665154900,63732863821806,112,-5376,896,-2496,522176,-40704,25024,,,,,,
182638666152300,63732864821640,113,-4448,1120,-2496,520704,-38784,28224,,,,,,
182638667152000,63732865821723,114,-4832,1216,-3072,522496,-37888,26944,,,,,,
182638668147600,63732866821890,115,-5408,1312,-2784,522560,-40384,25472,,,,,,
182638669157800,63732867821806,116,-4512,1056,-2400,520960,-39168,25664,,,,,,
182638670156700,63732868821640,117,-4288,1248,-2528,521728,-39232,25216,,,,,,
182638671154800,63732869821848,118,-4544,1184,-2592,521024,-41664,27200,,,,,,
182638672153100,63732870821931,119,-5088,864,-2656,521152,-38784,25792,,,,,,
182638673158200,63732871821848,120,-5472,1408,-2880,520320,-41472,25984,,,,,,
182638674158300,63732872821681,121,-4448,1184,-2496,519936,-40192,25152,,,,,,
182638675157900,63732873821848,122,-5024,1280,-2912,520320,-39680,27840,,,,,,
182638676159700,63732874821806,123,-4224,1152,-2336,519360,-41024,25088,,,,,,
182638677186100,63732875821848,124,-4320,1184,-2336,521024,-39936,26176,,,,,,
182638678158600,63732876821931,125,-4992,1632,-2880,520384,-39488,26880,,,,,,
182638679158400,63732877821848,126,-4704,1088,-2336,521408,-39232,25344,,,,,,
182638680165400,63732878821723,127,-4992,1216,-2784,521664,-39360,25984,,,,,,
182638681148800,63732879823015,128,-4128,864,-2656,519488,-39424,26880,,,,,,
182638682144500,63732880821973,129,-4160,1504,-1888,523968,-39168,26944,,,,,,
182638683152900,63732881821681,130,-4320,1408,-2208,521536,-39296,27584,,,,,,
182638684152900,63732882821723,131,-4192,1248,-2528,524032,-39040,25088,,,,,,
182638685324400,63732883821848,132,-4672,1248,-2432,520064,-38976,27648,,,,,,
182638686158400,63732884821473,133,-4704,1216,-2592,521152,-37696,26176,,,,,,
182638687156000,63732885821806,134,-4320,928,-1792,520064,-37632,23552,,,,,,
182638688154100,63732886821598,135,-4640,1248,-2336,520768,-39296,23872,,,,,,
182638689159600,63732887821973,136,-4512,1152,-2368,522368,-39104,24256,,,,,,
182638690155300,63732888821848,137,-4832,1408,-2080,522752,-40512,26432,,,,,,
182638691155800,63732889821723,138,-4864,1696,-2016,521728,-38656,25920,,,,,,
182638692157600,63732890822015,139,-5024,1152,-1984,522304,-40384,27008,,,,,,
182638693158700,63732891821765,140,-4864,1696,-2112,522368,-39552,26112,,,,,,
182638694153700,63732892821723,141,-4736,1440,-1664,521856,-40256,26496,,,,,,
182638695153700,63732893821848,142,-5024,1216,-2688,522432,-40320,26624,,,,,,
182638696150400,63732894821806,143,-4928,832,-1440,522432,-39168,24768,,,,,,
182638697150600,63732895821723,144,-4960,1600,-2304,523456,-40448,24384,,,,,,
182638698153600,63732896821765,145,-5216,960,-2048,523136,-40768,26048,,,,,,
182638699151400,63732897821806,146,-4704,928,-1632,521408,-41408,26560,,,,,,
182638700151000,63732898821723,147,-4768,1056,-1952,522368,-40576,24000,,,,,,
182638701151100,63732899823098,148,-5120,1600,-2816,523200,-40192,27520,,,,,,
182638702149300,63732900821848,149,-4352,1216,-2304,524032,-38976,26368,,,,,,
182638703158900,63732901821723,150,-5216,1504,-2368,524032,-38784,26944,,,,,,
182638704153600,63732902821931,151,-5312,1280,-2336,522944,-40128,26944,,,,,,
182638705155300,63732903821890,152,-4928,960,-2336,524096,-40512,27840,,,,,,
182638706153200,63732904821848,153,-4736,1376,-2368,522880,-41920,27520,,,,,,
182638707155200,63732905821723,154,-4960,1376,-2656,523648,-40960,24512,,,,,,
182638708157500,63732906824890,155,-5440,1568,-2336,521536,-40064,29632,,,,,,
182638709157900,63732907821848,156,-4480,1408,-2400,524032,-40960,27328,,,,,,
182638710218700,63732908821723,157,-4608,1472,-2720,524032,-39552,24704,,,,,,
182638711154800,63732909821765,158,-4672,992,-2144,524672,-40128,24832,,,,,,
182638712154300,63732910821765,159,-5024,1568,-2464,522304,-40576,25984,,,,,,
182638713151000,63732911821348,160,-4384,1536,-2048,523968,-39232,26304,,,,,,
182638714153000,63732912821765,161,-4608,1344,-2240,523776,-39232,24704,,,,,,
182638715147800,63732913821848,162,-5088,1600,-2432,523456,-39872,26048,,,,,,
182638716145300,63732914823306,163,-4512,1184,-1984,523392,-39936,25408,,,,,,
182638717147000,63732915821640,164,-4704,1024,-2208,522176,-43072,27776,,,,,,
182638718149800,63732916823765,165,-4544,1344,-3040,523008,-40000,25280,,,,,,
182638719153500,63732917821765,166,-5376,1248,-2464,521984,-39168,27392,,,,,,
182638720150800,63732918821640,167,-4448,832,-2080,522752,-41856,28032,,,,,,
182638721153000,63732919821806,168,-5408,1984,-3008,522752,-40640,26688,,,,,,
182638722151900,63732920821931,169,-5184,960,-2944,521856,-39360,26880,,,,,,
182638723152600,63732921821806,170,-5760,1248,-2272,523072,-39744,25280,,,,,,
182638724151800,63732922821681,171,-4960,1952,-3168,523200,-41024,26624,,,,,,
182638725235600,63732923821806,172,-5216,1440,-2912,521216,-40192,26560,,,,,,
182638726149800,63732924821848,173,-4896,1408,-2752,521216,-39872,27648,,,,,,
182638727155000,63732925821848,174,-4352,1152,-2592,521216,-40448,26944,,,,,,
182638728147800,63732926822806,175,-5440,1920,-2688,520896,-38976,26688,,,,,,
182638729253900,63732927821931,176,-4256,1216,-2592,522816,-39232,25280,,,,,,
182638730144100,63732928821765,177,-4768,1024,-2976,522112,-40768,26496,,,,,,
182638731136700,63732929821681,178,-4768,1504,-3360,522112,-39744,27968,,,,,,
182638732145100,63732930821890,179,-5024,1664,-2560,521408,-39104,27328,,,,,,
182638733270900,63732931821890,180,-4512,1664,-2336,520512,-39424,25152,,,,,,
182638734147800,63732932822056,181,-5248,1632,-2240,522624,-39104,27520,,,,,,
182638735149400,63732933821806,182,-4608,1376,-2464,521664,-38208,25472,,,,,,
182638736165100,63732934821973,183,-4192,1728,-2944,521088,-38464,26240,,,,,,
182638737150300,63732935821640,184,-4672,960,-2784,518080,-40064,26752,,,,,,
182638738152600,63732936821723,185,-5472,1280,-2720,520576,-40576,27776,,,,,,
182638739155300,63732937821806,186,-4832,1024,-3040,520320,-38976,25024,,,,,,
182638740154100,63732938822931,187,-5472,1312,-2912,521408,-40448,25920,,,,,,
182638741154200,63732939821765,188,-4960,1376,-2464,521280,-41152,25472,,,,,,
182638742153600,63732940824015,189,-4448,1344,-2816,520320,-39104,25792,,,,,,
182638743173300,63732941821806,190,-5216,1632,-2752,520512,-39296,26688,,,,,,
182638744151300,63732942821723,191,-4768,1312,-2336,522816,-39936,27264,,,,,,
182638745145300,63732943821473,192,-4704,1408,-2464,521664,-39808,27200,,,,,,
182638746153700,63732944823431,193,-4768,1472,-3520,522432,-39680,25792,,,,,,
182638747143400,63732945821723,194,-4608,1504,-2112,523264,-40256,26496,,,,,,
182638748140900,63732946821681,195,-4320,1024,-2816,520896,-40448,25600,,,,,,
182638749137100,63732947821806,196,-4448,992,-2464,521600,-40064,25216,,,,,,
182638750140500,63732948821223,197,-4448,1536,-2432,523264,-40832,28800,,,,,,
182638751150400,63732949822015,198,-4736,1472,-2528,523008,-43136,24512,,,,,,
182638752331300,63732950821806,199,-4544,992,-2080,520064,-38592,26560,,,,,,
182638753164900,63732951822390,200,-4384,1312,-2816,522752,-40384,26496,,,,,,
182638754153600,63732952821681,201,-4608,1120,-2304,521920,-37760,24768,,,,,,
182638755148900,63732953821556,202,-4544,1152,-2752,522368,-40128,24960,,,,,,
182638756151100,63732954822098,203,-4320,1440,-2656,526080,-40896,27008,,,,,,
182638757157800,63732955821806,204,-4544,1344,-1952,521856,-38784,25792,,,,,,
182638758156100,63732956821681,205,-4544,1440,-2432,523648,-39744,25152,,,,,,
182638759153700,63732957821848,206,-4800,1344,-2304,519936,-39104,27136,,,,,,
182638760201900,63732958821765,207,-4800,1216,-2400,522240,-39744,24448,,,,,,
182638761216600,63732959821765,208,-4864,1696,-2784,522496,-40256,25792,,,,,,
182638762164500,63732960821848,209,-4864,1376,-2624,522368,-38784,26432,,,,,,
182638763151500,63732961821765,210,-4512,1344,-2752,520384,-39232,26048,,,,,,
182638764148800,63732962821598,211,-5312,1280,-2784,522176,-38080,25792,,,,,,
182638765151100,63732963821848,212,-4896,960,-2688,521792,-40320,24192,,,,,,
182638766150600,63732964821848,213,-4576,1152,-2432,524224,-40512,26304,,,,,,
182638767151000,63732965821640,214,-5376,1216,-2368,521600,-38720,27328,,,,,,
182638768144400,63732966821681,215,-4640,1408,-2784,522624,-38976,24512,,,,,,
182638769163000,63732967822015,216,-4640,1088,-2176,521536,-38528,27136,,,,,,
182638770160000,63732968821848,217,-5056,1728,-2112,523840,-38912,25088,,,,,,
182638771160400,63732969821556,218,-4896,1344,-1760,521664,-40640,23552,,,,,,
182638772155500,63732970821890,219,-5056,1184,-1696,521792,-39616,28480,,,,,,
182638773155200,63732971821890,220,-4896,1504,-2016,521920,-40064,26496,,,,,,
182638774162100,63732972821723,221,-4640,1600,-2464,523968,-41344,27968,,,,,,
182638775152700,63732973823056,222,-4448,1312,-2048,522368,-38464,25344,,,,,,
182638776180300,63732974821723,223,-4704,1600,-2752,521344,-40960,25600,,,,,,
182638777145600,63732975821681,224,-4352,1472,-1856,521920,-40384,27072,,,,,,
182638778153200,63732976821765,225,-4576,1408,-2304,523264,-38912,25600,,,,,,
182638779169200,63732977821806,226,-5056,1632,-2528,520832,-39168,24640,,,,,,
182638780207800,63732978821806,227,-4384,1504,-2400,521152,-38784,25344,,,,,,
182638781160200,63732979821640,228,-4608,1408,-1792,522240,-39424,26112,,,,,,
182638782149000,63732980823348,229,-4896,1152,-2496,520384,-39360,25792,,,,,,
182638783148300,63732981821765,230,-4672,1440,-2272,520576,-38976,27136,,,,,,
182638784146000,63732982821723,231,-5408,1248,-2304,520512,-40704,24832,,,,,,
182638785152800,63732983821723,232,-4736,1568,-2784,521664,-40448,26240,,,,,,
182638786154500,63732984821806,233,-5152,1152,-2400,519808,-39552,29760,,,,,,
182638787156000,63732985822515,234,-5280,1376,-1984,519424,-41216,25408,,,,,,
182638788148500,63732986821723,235,-4736,1216,-2368,520512,-39104,27840,,,,,,
182638789154900,63732987821931,236,-4512,1280,-2464,522112,-40128,25600,,,,,,
182638790155700,63732988821723,237,-5216,1152,-1984,519680,-40256,27136,,,,,,
182638791270300,63732989821765,238,-4960,1280,-2240,520832,-40064,25728,,,,,,
182638792246300,63732990821931,239,-4512,1152,-2400,522432,-37824,25856,,,,,,
182638793144600,63732991821806,240,-4672,1344,-2432,521344,-39424,26816,,,,,,
182638794148700,63732992821640,241,-4640,1120,-2112,521472,-41088,24768,,,,,,
182638795148200,63732993821681,242,-4832,1184,-2496,519744,-40448,27328,,,,,,
182638796135600,63732994821931,243,-5088,1408,-2176,521088,-37952,27392,,,,,,
182638797137200,63732995822015,244,-4992,1504,-2304,518848,-39680,26368,,,,,,
182638798137300,63732996821640,245,-4672,1408,-2592,521024,-40512,24960,,,,,,
182638799279700,63732997821806,246,-4864,1088,-1792,521536,-40256,27328,,,,,,
182638800178600,63732998821765,247,-4928,1248,-2848,521280,-39872,26944,,,,,,
182638801200800,63732999821640,248,-5248,1056,-2304,521536,-39424,27392,,,,,,
182638802190700,63733000821973,249,-4800,1184,-2176,521536,-41408,25984,,,,,,
182638803158900,63733001821640,250,-4864,672,-2496,522816,-40320,26240,,,,,,
182638804140600,63733002821806,251,-5120,992,-2464,522496,-39360,26048,,,,,,
182638805140300,63733003821640,252,-4736,1248,-2240,521984,-40128,26752,,,,,,
182638806288500,63733004821806,253,-4800,1696,-2848,521472,-38976,27008,,,,,,
182638807257200,63733005821723,254,-4640,1120,-2624,520576,-42432,26816,,,,,,
182638808141900,63733006821598,255,-5216,1056,-2208,521280,-40576,26432,,,,,,
182638809168000,63733007821765,0,-5472,992,-2080,523456,-41024,24896,,,,,,
182638810250200,63733008821931,1,-4928,1568,-2368,522560,-38848,25856,,,,,,
182638811272600,63733009821681,2,-4576,1120,-1952,522112,-39872,25408,,,,,,
182638812145000,63733010821848,3,-4928,1248,-2688,522112,-41088,23424,,,,,,
182638813139500,63733011821723,4,-4832,1312,-2752,522432,-39552,27008,,,,,,
182638814273100,63733012822140,5,-5216,1312,-2880,522624,-39552,25408,,,,,,
182638815276100,63733013821723,6,-4320,1184,-2496,522752,-40000,27392,,,,,,
182638816135800,63733014821806,7,-4800,1344,-2080,522368,-40256,24064,,,,,,
182638817141500,63733015821765,8,-4672,1632,-2624,521920,-41024,25792,,,,,,
182638818149400,63733016821640,9,-4640,1824,-2304,523264,-40256,27008,,,,,,
182638819166200,63733017824056,10,-4864,1120,-2336,522240,-38528,23936,,,,,,
182638820154900,63733018821765,11,-4576,960,-2240,523520,-41024,22784,,,,,,
182638821145900,63733019821640,12,-4320,1216,-2016,523392,-40896,24960,,,,,,
182638822146600,63733020821890,13,-4384,864,-1792,522112,-41088,26624,,,,,,
182638823148300,63733021821806,14,-4672,1088,-2624,521536,-40704,25088,,,,,,
182638824148500,63733022823348,15,-4544,1536,-2272,522368,-39360,24320,,,,,,
182638825147800,63733023821723,16,-4576,832,-2368,523584,-39744,28864,,,,,,
182638826146200,63733024821890,17,-4544,1376,-2624,523712,-40512,26304,,,,,,
182638827147800,63733025821765,18,-4608,1088,-2272,524672,-39232,26752,,,,,,
182638828163000,63733026823140,19,-4608,1536,-2752,523520,-40512,25280,,,,,,
182638829237800,63733027821848,20,-5312,1440,-2464,521600,-41088,25920,,,,,,
182638830576300,63733028821765,21,-4288,1216,-2784,522816,-41152,26240,,,,,,
182638831468300,63733029821598,22,-5216,1152,-2208,521344,-39040,28416,,,,,,
182638832147000,63733030823515,23,-4320,1024,-2592,522752,-39296,26112,,,,,,
182638833308000,63733031821806,24,-4064,1536,-2688,522240,-39104,27520,,,,,,
182638834171200,63733032823265,25,-4896,1344,-1888,522432,-38592,26688,,,,,,
182638835144900,63733033823181,26,-5088,1312,-2368,523136,-39808,27136,,,,,,
182638836155500,63733034821765,27,-4480,1184,-2208,523008,-39552,25792,,,,,,
182638837147000,63733035821723,28,-4256,1440,-2272,521600,-40064,29248,,,,,,
182638838142000,63733036821640,29,-4896,1504,-1984,522944,-38848,24896,,,,,,
182638839138000,63733037821848,30,-4480,992,-2496,522560,-40704,25856,,,,,,
182638840158500,63733038821806,31,-5152,1696,-2464,522944,-39744,25600,,,,,,
182638841155300,63733039821640,32,-4544,1280,-2240,522560,-40320,25664,,,,,,
182638842191700,63733040821848,33,-4864,960,-2368,520768,-39936,23872,,,,,,
182638843140100,63733041821806,34,-4640,1184,-2656,523776,-39104,25600,,,,,,
182638844150300,63733042821723,35,-4992,1536,-3072,521024,-39744,26624,,,,,,
182638845139300,63733043821806,36,-5056,1568,-2528,523840,-40064,27072,,,,,,
182638846135400,63733044826598,37,-4768,704,-1952,523776,-40448,27200,,,,,,
182638847134700,63733045824181,38,-4864,1312,-1984,521856,-40064,26560,,,,,,
182638848137200,63733046821681,39,-4992,1120,-2240,522304,-39744,25792,,,,,,
182638849284200,63733047821848,40,-5056,1056,-2688,521792,-39744,26816,,,,,,
182638850136900,63733048821806,41,-4608,1440,-1984,521088,-40448,27712,,,,,,
182638851237000,63733049821223,42,-5024,1152,-1920,520064,-40128,29248,,,,,,
182638852152400,63733050822098,43,-4352,1152,-1664,522816,-39936,26304,,,,,,
182638853145000,63733051821723,44,-4800,864,-2432,521216,-39488,27136,,,,,,
182638854143400,63733052821765,45,-4864,1056,-2496,522240,-39936,25280,,,,,,
182638855142100,63733053821640,46,-4608,1280,-2848,522624,-40512,26240,,,,,,
182638856258600,63733054821515,47,-4672,1568,-2528,520576,-39552,25792,,,,,,
182638857141600,63733055821806,48,-4992,1600,-2912,521472,-41984,23104,,,,,,
182638858144800,63733056823056,49,-4704,1152,-2432,523840,-41024,26368,,,,,,
182638859172000,63733057822806,50,-5024,1568,-2688,522816,-40768,23808,,,,,,
182638860139200,63733058821598,51,-4576,1472,-2432,522816,-39424,27968,,,,,,
182638861191900,63733059822598,52,-4960,1312,-2880,523456,-39552,24832,,,,,,
182638862146500,63733060821598,53,-4480,1472,-2752,522624,-38848,25088,,,,,,
182638863144200,63733061821848,54,-4608,1472,-2176,523776,-39232,24640,,,,,,
182638864138400,63733062821765,55,-4384,1792,-3168,521280,-38464,26816,,,,,,
182638865134500,63733063822806,56,-4768,896,-2304,523072,-42560,25792,,,,,,
182638866141700,63733064822848,57,-4672,1120,-2720,523328,-39360,26304,,,,,,
182638867140100,63733065821723,58,-4896,1248,-3136,523072,-39424,27072,,,,,,
182638868168500,63733066821515,59,-4640,1376,-2624,522368,-39616,24768,,,,,,
182638869145700,63733067821890,60,-4288,1376,-2368,522240,-40064,24640,,,,,,
182638870140800,63733068821765,61,-4576,1280,-3168,523200,-40064,27776,,,,,,
182638871148300,63733069821723,62,-4736,1408,-2208,521920,-39680,25472,,,,,,
182638872149700,63733070821681,63,-4864,1376,-2336,521536,-38272,26624,,,,,,
182638873149700,63733071821723,64,-4576,1536,-1984,521664,-40128,28736,,,,,,
182638874153300,63733072821723,65,-5216,1216,-3232,522560,-39680,25920,,,,,,
182638875175000,63733073821681,66,-4928,1344,-2016,521536,-39040,26112,,,,,,
182638876211500,63733074821806,67,-4832,1216,-2464,521216,-38656,25152,,,,,,
182638877183400,63733075821681,68,-5408,1600,-2656,521920,-39616,26752,,,,,,
182638878173100,63733076821640,69,-4832,1472,-2624,524032,-40384,27520,,,,,,
182638879157800,63733077821806,70,-4832,1280,-2272,523264,-37376,26880,,,,,,
182638880149300,63733078821723,71,-4800,1344,-2560,522432,-37312,25472,,,,,,
182638881149900,63733079821640,72,-5376,1632,-2976,521664,-39488,26880,,,,,,
182638882152600,63733080821598,73,-4704,1056,-2080,523520,-41152,24832,,,,,,
182638883142900,63733081821806,74,-4704,1280,-2656,521408,-40128,24704,,,,,,
182638884139800,63733082821890,75,-4960,1696,-2400,521216,-39360,28416,,,,,,
182638885139400,63733083821556,76,-4864,2048,-2528,521408,-39744,26048,,,,,,
182638886155700,63733084822931,77,-4992,1344,-2464,523200,-39232,27072,,,,,,
182638887156100,63733085821640,78,-5344,1536,-2432,522560,-38976,25152,,,,,,
182638888166600,63733086821640,79,-4160,1376,-1696,521088,-40320,26048,,,,,,
182638889140900,63733087821973,80,-5184,1568,-2400,521664,-40320,27840,,,,,,
182638890139100,63733088821723,81,-4544,1376,-2400,520768,-40192,26880,,,,,,
182638891140100,63733089821765,82,-4896,1344,-2208,521792,-39616,24704,,,,,,
182638892140300,63733090823056,83,-5216,1536,-3040,521856,-40832,26176,,,,,,
182638893167200,63733091824015,84,-5056,1088,-2432,520256,-40128,27584,,,,,,
182638894158100,63733092822640,85,-4480,1184,-1888,520896,-40192,24832,,,,,,
182638895161600,63733093821598,86,-5120,1344,-2528,521920,-39360,27200,,,,,,
182638896157100,63733094821848,87,-4736,1408,-1792,521664,-38656,29760,,,,,,
182638897152500,63733095821681,88,-5024,1152,-2464,520512,-41280,26048,,,,,,
182638898151300,63733096821681,89,-5024,1088,-2432,520576,-40192,25600,,,,,,
182638899147800,63733097821765,90,-4256,1344,-2464,520896,-41152,27008,,,,,,
182638900146900,63733098821723,91,-4224,1120,-2880,522496,-39872,27200,,,,,,
182638901147900,63733099821765,92,-4896,1408,-2208,521600,-40704,26048,,,,,,
182638902185600,63733100821640,93,-4096,1376,-1920,521408,-40960,26432,,,,,,
182638903160700,63733101822973,94,-5184,1472,-2624,521088,-39744,26176,,,,,,
182638904151100,63733102821931,95,-4832,1344,-2496,521152,-37696,27200,,,,,,
182638905148200,63733103821681,96,-4736,1312,-1952,520128,-39488,26432,,,,,,
182638906151900,63733104821890,97,-4896,1504,-1792,521088,-41088,23424,,,,,,
182638907152800,63733105821681,98,-4736,928,-2368,520448,-39360,25472,,,,,,
182638908183400,63733106823723,99,-4576,1024,-1632,523072,-40064,26240,,,,,,
182638909148300,63733107821806,100,-4608,1440,-2368,520960,-40000,28480,,,,,,
182638910206900,63733108821806,101,-4832,1280,-2464,520640,-38912,25472,,,,,,
182638911153700,63733109822306,102,-4160,1184,-2080,519872,-41152,26432,,,,,,
182638912146200,63733110821765,103,-4896,1184,-2112,520640,-39872,25600,,,,,,
182638913155800,63733111821848,104,-5216,960,-2304,519808,-38464,27264,,,,,,
182638914156100,63733112821723,105,-4320,1088,-2176,521408,-40768,26560,,,,,,
182638915144000,63733113821640,106,-4128,1344,-2208,521408,-42240,26368,,,,,,
182638916149400,63733114822056,107,-4832,1504,-2240,521920,-38656,27584,,,,,,
182638917150400,63733115821765,108,-4832,1056,-2784,523072,-40832,26688,,,,,,
182638918150800,63733116821723,109,-4096,1536,-2752,520384,-40640,27840,,,,,,
182638919156200,63733117821806,110,-4672,576,-2112,522944,-40448,25152,,,,,,
182638920158000,63733118821723,111,-4896,928,-2496,520320,-39424,22656,,,,,,
182638921158400,63733119821723,112,-4416,864,-2912,521920,-39296,25024,,,,,,
182638922157400,63733120821681,113,-4768,1376,-2912,523904,-40576,27392,,,,,,
182638923158300,63733121823223,114,-4672,992,-1824,523264,-39872,25728,,,,,,
182638924154700,63733122821598,115,-5120,1568,-2688,521728,-38784,25472,,,,,,
182638925153500,63733123821556,116,-4704,1600,-2496,520448,-39808,25856,,,,,,
182638926152200,63733124821848,117,-4672,1216,-2240,521856,-40704,24128,,,,,,
182638927161500,63733125821723,118,-4960,1664,-2816,521280,-39744,24768,,,,,,
182638928163300,63733126821681,119,-4928,1056,-2592,520896,-40704,25472,,,,,,
182638929153700,63733127821806,120,-4576,832,-3008,521344,-40640,27072,,,,,,
182638930156200,63733128821806,121,-4480,1472,-2432,521984,-40256,27392,,,,,,
182638931154800,63733129821598,122,-4576,1472,-2368,522688,-39296,28096,,,,,,
182638932155700,63733130821556,123,-5120,1312,-2304,523072,-41152,26368,,,,,,
182638933159000,63733131821848,124,-4672,1152,-2464,523584,-39360,25536,,,,,,
182638934159200,63733132821806,125,-4864,1472,-2464,521984,-40512,26752,,,,,,
182638935197300,63733133821640,126,-5344,1504,-2112,520960,-40896,25152,,,,,,
182638936155000,63733134821723,127,-4832,1184,-2560,521408,-39360,25728,,,,,,
182638937152800,63733135821390,128,-4832,1152,-2720,521792,-39680,26560,,,,,,
182638938154600,63733136821681,129,-4576,1024,-2112,522944,-40000,24704,,,,,,
182638939155500,63733137821681,130,-4512,864,-2496,522240,-39488,26880,,,,,,
182638940169300,63733138821806,131,-4512,1184,-2496,521856,-39872,25920,,,,,,
182638941175800,63733139821598,132,-4512,1664,-3008,521664,-40768,26688,,,,,,
182638942143400,63733140821515,133,-4832,1280,-2336,522688,-39872,26688,,,,,,
182638943166300,63733141821806,134,-4896,1344,-2752,521088,-40832,24832,,,,,,
182638944150200,63733142821723,135,-4800,1152,-2368,523392,-39232,25600,,,,,,
182638945160100,63733143821931,136,-4448,1408,-2624,522048,-39296,26688,,,,,,
182638946155000,63733144823265,137,-5024,1152,-2176,522624,-38720,26688,,,,,,
182638947156400,63733145821390,138,-4704,1856,-2400,521856,-38976,27712,,,,,,
182638948154400,63733146821723,139,-4768,1568,-2848,521344,-41088,26368,,,,,,
182638949157700,63733147821723,140,-4416,1440,-1984,520256,-39488,26240,,,,,,
182638950158100,63733148821848,141,-5088,1536,-2144,521216,-40768,24512,,,,,,
182638951158300,63733149821890,142,-5152,1184,-2944,520832,-39040,26560,,,,,,
182638952153400,63733150822015,143,-4608,1696,-2656,520384,-37696,26496,,,,,,
182638953163000,63733151822056,144,-4448,1312,-2752,521792,-40192,26240,,,,,,
182638954149700,63733152821640,145,-5312,1248,-2976,521600,-39104,24448,,,,,,
182638955149100,63733153821640,146,-4640,1920,-2560,519104,-38848,28096,,,,,,
182638956154000,63733154821848,147,-5344,1280,-2240,521344,-38272,26880,,,,,,
182638957151400,63733155823723,148,-4736,1216,-1152,519936,-40896,24448,,,,,,
182638958149400,63733156821765,149,-4800,1312,-2560,522624,-39680,27584,,,,,,
182638959152000,63733157821473,150,-5280,1120,-2688,521664,-38400,26880,,,,,,
182638960252800,63733158821765,151,-4608,992,-2336,520448,-40448,24832,,,,,,
182638961163000,63733159821681,152,-5280,928,-2496,519488,-39616,27328,,,,,,
182638962137500,63733160821598,153,-5120,1088,-2560,521856,-38400,25600,,,,,,
182638963149300,63733161821806,154,-5152,1312,-2496,521344,-41792,25088,,,,,,
182638964153000,63733162821723,155,-4416,1440,-2304,523968,-39424,26688,,,,,,
182638965150700,63733163821723,156,-5152,1152,-2176,522304,-38912,25920,,,,,,
182638966149100,63733164821765,157,-4992,1344,-2624,522112,-40640,26880,,,,,,
182638967157200,63733165821390,158,-5184,1664,-2784,521088,-37760,26240,,,,,,
182638968157700,63733166821765,159,-4672,1536,-1888,523008,-39616,26880,,,,,,
182638969157600,63733167821556,160,-4864,1696,-2752,519552,-39488,25920,,,,,,
182638970152800,63733168823015,161,-4704,1376,-2432,521600,-38592,27520,,,,,,
182638971148300,63733169821640,162,-5120,1696,-2528,522112,-40896,24896,,,,,,
182638972152200,63733170823765,163,-4384,1280,-1536,523392,-39616,26048,,,,,,
182638973153700,63733171822765,164,-4608,1120,-2144,523264,-39616,26624,,,,,,
182638974172600,63733172821681,165,-4896,1600,-2848,522688,-39936,26880,,,,,,
182638975149000,63733173821806,166,-4416,1152,-1408,523264,-40000,24256,,,,,,
182638976148800,63733174821848,167,-4960,1440,-2272,521408,-39040,25664,,,,,,
182638977166000,63733175821806,168,-4832,1856,-2336,522624,-39680,28544,,,,,,
182638978162000,63733176821640,169,-4768,1376,-2432,521152,-40640,25344,,,,,,
182638979167300,63733177823223,170,-4800,896,-2432,521792,-40640,25088,,,,,,
182638980158700,63733178821765,171,-4704,1088,-2080,522432,-41280,25472,,,,,,
182638981141600,63733179821681,172,-5312,1440,-2688,522240,-40448,26240,,,,,,
182638982140100,63733180821556,173,-4384,1472,-2048,523776,-40256,26112,,,,,,
182638983153000,63733181821681,174,-5312,1504,-2528,524352,-39232,25920,,,,,,
182638984151800,63733182822015,175,-4352,1344,-2048,522176,-39488,25216,,,,,,
182638985146700,63733183823015,176,-5088,1568,-3136,521472,-41664,25472,,,,,,
182638986157900,63733184821890,177,-4864,1664,-2336,521984,-40128,24896,,,,,,
182638987158200,63733185821931,178,-5504,1696,-2272,521984,-39744,26752,,,,,,
182638988151900,63733186821723,179,-4704,1728,-2528,522752,-39744,26112,,,,,,
182638989148200,63733187821681,180,-5216,1344,-2976,521216,-39168,27264,,,,,,
182638990152100,63733188821806,181,-4992,1152,-1984,520576,-40256,26496,,,,,,
182638991152200,63733189821723,182,-4512,1184,-1152,522368,-40384,24320,,,,,,
182638992151200,63733190821681,183,-5280,1248,-2656,521920,-39040,26560,,,,,,
182638993150500,63733191821848,184,-4576,1600,-2304,522048,-39936,26304,,,,,,
182638994156200,63733192821765,185,-4832,1248,-2752,523712,-40320,24448,,,,,,
182638995152700,63733193821723,186,-4416,1312,-2368,521984,-40384,27200,,,,,,
182638996151000,63733194821848,187,-4896,1440,-2720,522560,-39104,25280,,,,,,
182638997149900,63733195821890,188,-4640,1504,-2784,522432,-39808,26880,,,,,,
182638998149000,63733196821515,189,-4768,1344,-2144,522496,-39616,27008,,,,,,
182638999153500,63733197821556,190,-4672,1376,-3072,522368,-41280,29312,,,,,,
182639000149600,63733198821848,191,-4672,1248,-2560,522176,-40000,24640,,,,,,
182639001148100,63733199821681,192,-4224,1376,-2560,521408,-40896,24512,,,,,,
182639002156400,63733200821723,193,-4960,864,-2336,523712,-40896,23616,,,,,,
182639003150400,63733201821723,194,-5280,1184,-2368,523776,-40064,27968,,,,,,
182639004149200,63733202821765,195,-4736,928,-2464,521344,-41152,28544,,,,,,
182639005152900,63733203821640,196,-4736,1376,-2144,521408,-41216,26432,,,,,,
182639006151000,63733204821473,197,-5280,1280,-2528,520704,-39808,25664,,,,,,
182639007174300,63733205821806,198,-4128,1472,-2528,521152,-42368,26176,,,,,,
182639008151700,63733206821723,199,-4768,1248,-2848,521856,-39680,26880,,,,,,
182639009148000,63733207821723,200,-4512,1152,-2112,522432,-40512,26432,,,,,,
182639010229300,63733208822056,201,-4480,1344,-2752,520704,-39872,26240,,,,,,
182639011156100,63733209821848,202,-5088,1312,-2304,521280,-40192,26816,,,,,,
182639012152000,63733210823265,203,-4480,864,-2272,522688,-39872,27008,,,,,,
182639013149900,63733211821848,204,-4736,1248,-2208,521920,-38464,24768,,,,,,
182639014152900,63733212821723,205,-4768,1504,-2432,519936,-39552,25536,,,,,,
182639015152000,63733213821556,206,-4768,1120,-2304,521024,-40256,25472,,,,,,
182639016154400,63733214821223,207,-4896,1472,-2112,520256,-39616,26432,,,,,,
182639017149900,63733215821848,208,-4352,1376,-2912,522048,-40128,24512,,,,,,
182639018155100,63733216823056,209,-5056,1312,-2144,520576,-38656,28032,,,,,,
182639019156700,63733217821931,210,-4768,1152,-2624,520576,-39616,27776,,,,,,
182639020151600,63733218821765,211,-4736,1216,-2400,522432,-40384,24768,,,,,,
182639021150100,63733219822765,212,-5184,1312,-2880,520064,-39488,26304,,,,,,
182639022149000,63733220821765,213,-5824,1152,-2496,521024,-40384,25856,,,,,,
182639023150700,63733221821765,214,-5408,1120,-2304,521792,-40832,27904,,,,,,
182639024153400,63733222821723,215,-4768,1472,-2080,521152,-41280,26560,,,,,,
182639025153800,63733223821723,216,-5248,1216,-2944,521344,-40448,25280,,,,,,
182639026153400,63733224821890,217,-4640,1312,-2400,521728,-41664,23360,,,,,,
182639027147700,63733225821806,218,-4672,960,-2080,520960,-38656,23808,,,,,,
182639028147800,63733226821681,219,-4704,1152,-2528,522240,-39168,25600,,,,,,
182639029157600,63733227822515,220,-4800,544,-2272,522176,-37824,26176,,,,,,
182639030160100,63733228821723,221,-5152,1184,-2944,522048,-40512,27456,,,,,,
182639031138400,63733229821681,222,-5248,1248,-1792,522304,-40256,27776,,,,,,
182639032193900,63733230821640,223,-5280,1408,-2432,521536,-39552,26944,,,,,,
182639033152200,63733231821806,224,-4384,1216,-1920,522816,-38656,24512,,,,,,
182639034151300,63733232821890,225,-4928,1408,-2784,522304,-38720,25024,,,,,,
182639035161600,63733233821681,226,-4512,960,-1952,522240,-39040,25600,,,,,,
182639036159900,63733234821556,227,-4832,1216,-2368,522048,-38592,26432,,,,,,
182639037143800,63733235821723,228,-4576,1280,-2848,521024,-39680,26944,,,,,,
182639038150800,63733236821640,229,-4576,1120,-2368,521856,-39104,27200,,,,,,
182639039157300,63733237821556,230,-4992,384,-2112,523008,-39360,26624,,,,,,
182639040176700,63733238821848,231,-4384,1088,-1760,521344,-41088,23424,,,,,,
182639041152800,63733239822931,232,-4960,1600,-2720,523328,-39360,26304,,,,,,
182639042151400,63733240821681,233,-4608,1088,-2240,522816,-40640,24768,,,,,,
182639043151800,63733241821806,234,-4672,1280,-3264,521600,-39296,28544,,,,,,
182639044154400,63733242821931,235,-4800,1248,-2720,521984,-40384,26432,,,,,,
182639045151400,63733243821681,236,-4928,1280,-2592,521088,-40320,25600,,,,,,
182639046149000,63733244822348,237,-4352,1280,-2912,520448,-39296,26304,,,,,,
182639047148700,63733245823556,238,-4800,864,-2304,520960,-40896,24128,,,,,,
182639048150300,63733246822098,239,-4928,1088,-2976,521536,-37952,26368,,,,,,
182639049149300,63733247821681,240,-4512,1216,-2048,521536,-39168,26304,,,,,,
182639050151000,63733248822931,241,-4896,736,-2240,521856,-40192,26176,,,,,,
182639051150800,63733249821765,242,-5376,1184,-2656,522624,-41216,25984,,,,,,
182639052144600,63733250821598,243,-5312,1440,-2880,521856,-40448,22976,,,,,,
182639053156200,63733251822848,244,-4672,1472,-2464,522752,-39872,25792,,,,,,
182639054210300,63733252821890,245,-4864,992,-2336,521856,-38720,24704,,,,,,
182639055167400,63733253821640,246,-4992,1184,-2528,522816,-41344,27072,,,,,,
182639056156100,63733254821723,247,-4800,736,-2464,521344,-42240,26304,,,,,,
182639057149100,63733255821806,248,-4768,1632,-2624,520576,-40448,25344,,,,,,
182639058146800,63733256822056,249,-4352,960,-2176,521472,-41856,26048,,,,,,
182639059163000,63733257823056,250,-4768,1536,-2560,521536,-40320,25728,,,,,,
182639060345600,63733258821723,251,-4896,1280,-2944,521216,-40192,24768,,,,,,
182639061163400,63733259821723,252,-4608,1600,-2656,522176,-39936,24128,,,,,,
182639062151900,63733260821598,253,-5056,1248,-2304,521792,-41088,26496,,,,,,
182639063150800,63733261821973,254,-4800,1600,-2400,520896,-39872,27392,,,,,,
182639064153100,63733262821806,255,-4768,1344,-2400,519680,-39424,24512,,,,,,
182639065155200,63733263823681,0,-4736,1312,-2176,522176,-39808,27008,,,,,,
182639066151400,63733264821640,1,-4384,896,-2208,521472,-39616,27392,,,,,,
182639067153500,63733265821765,2,-4672,1760,-1984,522112,-41088,25536,,,,,,
182639068144200,63733266822098,3,-5376,1568,-2720,520704,-38144,27072,,,,,,
182639069147600,63733267821723,4,-5248,1568,-2656,521728,-39808,26944,,,,,,
182639070174900,63733268821723,5,-4096,1024,-2304,521856,-37376,25920,,,,,,
182639071159000,63733269821681,6,-4960,896,-2688,521728,-41216,26112,,,,,,
182639072145000,63733270821473,7,-5024,1472,-2272,523456,-38336,24640,,,,,,
182639073173700,63733271821848,8,-5056,1152,-2208,522304,-40128,27328,,,,,,
182639074141600,63733272821765,9,-4512,1248,-2304,519808,-39808,23872,,,,,,
182639075151500,63733273821598,10,-4864,1152,-2976,520704,-38848,25856,,,,,,
182639076153700,63733274821931,11,-4832,1376,-3136,522624,-40064,25728,,,,,,
182639077146300,63733275821723,12,-4192,1024,-1792,521024,-39424,26624,,,,,,
182639078145500,63733276821723,13,-5056,1408,-2944,522816,-40448,27008,,,,,,
182639079167600,63733277821598,14,-4576,928,-1824,521408,-40256,26048,,,,,,
182639080148200,63733278821723,15,-4864,1088,-2528,521344,-39296,24512,,,,,,
182639081156300,63733279821723,16,-4448,1120,-2336,522432,-41728,26624,,,,,,
182639082150100,63733280821681,17,-5504,1792,-2688,521792,-41472,26240,,,,,,
182639083206300,63733281824056,18,-5024,1376,-2528,520128,-41728,26496,,,,,,
182639084158600,63733282821931,19,-4736,768,-2272,521664,-39872,26048,,,,,,
182639085346100,63733283821723,20,-5024,1312,-2208,522752,-38464,27840,,,,,,
182639086157400,63733284821765,21,-4896,1376,-1952,522560,-39360,27200,,,,,,
182639087158300,63733285821723,22,-4992,1504,-2560,522176,-40000,25024,,,,,,
182639088143300,63733286822306,23,-4512,1536,-2208,523520,-40896,26240,,,,,,
182639089147300,63733287821515,24,-4736,1312,-2080,523840,-39360,27200,,,,,,
182639090149300,63733288822223,25,-4736,1600,-2336,521024,-39488,24576,,,,,,
182639091151700,63733289821681,26,-3968,992,-2432,521792,-42880,26176,,,,,,
182639092149100,63733290821640,27,-4320,1248,-2272,522752,-40256,27776,,,,,,
182639093148500,63733291821806,28,-4768,1632,-2848,521856,-41472,27776,,,,,,
182639094163400,63733292824223,29,-4992,1376,-3040,523072,-38080,25600,,,,,,
182639095151500,63733293821348,30,-5152,1216,-1952,522176,-39872,27264,,,,,,
182639096152600,63733294821681,31,-5472,1216,-2240,522688,-39104,25792,,,,,,
182639097151700,63733295821723,32,-4896,832,-2176,522176,-38912,25024,,,,,,
182639098151300,63733296821765,33,-5344,1280,-1920,521920,-40960,28480,,,,,,
182639099150700,63733297822473,34,-5056,1344,-2432,522432,-41344,28288,,,,,,
182639100151900,63733298823098,35,-4992,1664,-2176,522432,-38592,25792,,,,,,
182639101152000,63733299821765,36,-4384,1056,-2560,522752,-40448,26112,,,,,,
182639102148800,63733300821723,37,-5440,1568,-2784,519744,-41216,26176,,,,,,
182639103152800,63733301821931,38,-4576,1248,-2816,520960,-40896,25280,,,,,,
182639104149400,63733302821806,39,-4512,1312,-2304,524032,-40384,27136,,,,,,
182639105151500,63733303821765,40,-4416,1632,-2272,521728,-41152,25152,,,,,,
182639106152400,63733304821556,41,-5344,1216,-2624,522304,-38912,27648,,,,,,
182639107151600,63733305821723,42,-4736,1376,-2784,521408,-40768,23744,,,,,,
182639108154100,63733306821723,43,-4896,1184,-2496,522368,-40128,25088,,,,,,
182639109154100,63733307821598,44,-4896,1184,-2944,523520,-40064,22976,,,,,,
182639110193900,63733308821431,45,-4640,1728,-2208,522368,-41344,27072,,,,,,
182639111182200,63733309821765,46,-4672,1696,-2272,521408,-39552,25984,,,,,,
182639112152000,63733310824223,47,-4832,1088,-2368,523136,-40704,28800,,,,,,
182639113148500,63733311821598,48,-4640,1088,-1792,521664,-39616,24704,,,,,,
182639114150400,63733312821723,49,-4864,1280,-2112,523392,-39872,24576,,,,,,
182639115151300,63733313822306,50,-4448,1312,-2592,521536,-39680,25088,,,,,,
182639116153700,63733314821515,51,-4352,1408,-2784,521344,-39680,25536,,,,,,
182639117154500,63733315821681,52,-5408,1472,-2592,520704,-41856,25472,,,,,,
182639118155100,63733316821890,53,-5184,1152,-2592,521408,-41216,27200,,,,,,
182639119155200,63733317821681,54,-5728,1760,-2176,522048,-39552,24832,,,,,,
182639120150400,63733318821765,55,-4768,1312,-2528,521664,-39424,25216,,,,,,
182639121150100,63733319821640,56,-4704,1440,-2400,521216,-41728,26432,,,,,,
182639122150900,63733320835098,57,-4832,1536,-2080,520960,-40000,23872,,,,,,
182639123153700,63733321821931,58,-4736,1536,-2624,519808,-40960,25408,,,,,,
182639124152200,63733322821765,59,-4512,1344,-2432,523008,-40128,23168,,,,,,
182639125152500,63733323821640,60,-4416,1184,-2624,519680,-40256,25216,,,,,,
182639126148900,63733324821556,61,-5152,1376,-2080,520640,-39168,26048,,,,,,
182639127150800,63733325822806,62,-4832,1440,-2912,520768,-41280,24128,,,,,,
182639128149200,63733326821723,63,-5024,1408,-2368,522560,-41408,25536,,,,,,
182639129148200,63733327821723,64,-4736,1344,-2720,523328,-40896,26496,,,,,,
182639130152000,63733328821806,65,-4864,1280,-1920,522688,-40192,28672,,,,,,
182639131155200,63733329821765,66,-4960,1568,-2656,521600,-38208,24960,,,,,,
182639132151900,63733330821640,67,-5184,1184,-2432,521472,-39936,26944,,,,,,
182639133154900,63733331821848,68,-3872,1248,-2336,521920,-40832,28096,,,,,,
182639134151100,63733332821723,69,-4960,1472,-2688,522368,-40896,25856,,,,,,
182639135149500,63733333821723,70,-5056,1408,-2816,521536,-40576,25536,,,,,,
182639136159100,63733334821598,71,-4416,1472,-2016,522880,-40064,23040,,,,,,
182639137151000,63733335823056,72,-4576,1504,-2656,521728,-40000,23616,,,,,,
182639138161500,63733336821765,73,-4864,1344,-2464,523904,-41472,26688,,,,,,
182639139149700,63733337821556,74,-4576,1440,-2688,520576,-39424,24896,,,,,,
182639140153400,63733338821765,75,-4608,1216,-2432,523392,-38976,27520,,,,,,
182639141139000,63733339821765,76,-4832,1088,-1792,523264,-39744,26304,,,,,,
182639142154100,63733340821681,77,-5216,1504,-2208,521408,-40832,25408,,,,,,
182639143149300,63733341821598,78,-4992,800,-2336,523072,-40640,25600,,,,,,
182639144187100,63733342823056,79,-4608,1440,-2208,524224,-40768,23808,,,,,,
182639145141800,63733343821765,80,-4800,1536,-2528,522048,-40768,24576,,,,,,
182639146137100,63733344821473,81,-4736,960,-3008,524032,-39232,23296,,,,,,
182639147146300,63733345821765,82,-5088,1280,-2240,522624,-39424,25856,,,,,,
182639148140500,63733346823681,83,-4608,1088,-2144,521920,-40192,25408,,,,,,
182639149137700,63733347821681,84,-5280,1344,-2656,522688,-39488,26944,,,,,,
182639150138000,63733348821681,85,-4448,736,-2656,521792,-39680,24704,,,,,,
182639151144600,63733349821556,86,-4896,1376,-2240,521088,-39424,27136,,,,,,
182639152145000,63733350821723,87,-4576,1248,-2624,522240,-38784,25600,,,,,,
182639153159000,63733351821556,88,-4992,1408,-2656,521408,-41472,25664,,,,,,
182639154161700,63733352821723,89,-4832,1120,-1984,521472,-38592,24704,,,,,,
182639155147600,63733353821848,90,-5056,1248,-2528,523328,-40384,28224,,,,,,
182639156145100,63733354821515,91,-4256,896,-2624,521088,-39424,26624,,,,,,
182639157145200,63733355822598,92,-5504,1312,-2592,523264,-38976,24576,,,,,,
182639158158200,63733356821640,93,-4576,1312,-2432,521344,-39040,27072,,,,,,
182639159145500,63733357821640,94,-4928,1184,-2400,521344,-40576,27072,,,,,,
182639160138600,63733358821890,95,-5280,928,-2112,523456,-39680,24064,,,,,,
182639161161400,63733359821723,96,-5344,1504,-2592,523648,-40768,25664,,,,,,
182639162145400,63733360821598,97,-4448,1440,-2528,521664,-39168,23360,,,,,,
182639163149200,63733361821515,98,-4800,1184,-2496,520448,-39808,28544,,,,,,
182639164137700,63733362823806,99,-5472,1184,-2752,522688,-37568,27904,,,,,,
182639165137300,63733363821640,100,-4512,1024,-2304,521792,-40512,27328,,,,,,
182639166135500,63733364821598,101,-4320,1568,-2464,521792,-40128,25856,,,,,,
182639167153200,63733365821890,102,-4832,1280,-2080,521920,-39936,27904,,,,,,
182639168148800,63733366821681,103,-5088,1280,-2944,522624,-39744,25024,,,,,,
182639169148400,63733367821348,104,-4096,1728,-2464,520960,-39104,27520,,,,,,
182639170307200,63733368821806,105,-4384,1216,-1792,521920,-39616,24512,,,,,,
182639171137600,63733369821556,106,-4832,1344,-2496,521280,-39296,26240,,,,,,
182639172140200,63733370823181,107,-4672,928,-2400,522048,-39232,27328,,,,,,
182639173367400,63733371821598,108,-5184,1024,-2528,521408,-41984,26688,,,,,,
182639174138200,63733372824598,109,-4864,1152,-2432,520512,-39808,24192,,,,,,
182639175136500,63733373821681,110,-5184,1472,-2400,522368,-40000,25728,,,,,,
182639176151600,63733374821515,111,-5248,1664,-2528,523200,-37504,24256,,,,,,
182639177395100,63733375821931,112,-4576,1184,-2144,521280,-39360,24896,,,,,,
182639178164800,63733376821681,113,-4448,1248,-2336,521088,-39296,24960,,,,,,
182639179155300,63733377822348,114,-5120,1056,-2688,520448,-39488,25280,,,,,,
182639180147500,63733378821681,115,-4768,1760,-2720,520704,-39168,26112,,,,,,
182639181149800,63733379821765,116,-3872,1344,-1504,521984,-41472,25280,,,,,,
182639182137200,63733380821681,117,-5088,1504,-2944,521152,-40640,26560,,,,,,
182639183143900,63733381823056,118,-5056,1344,-3328,523136,-42496,26688,,,,,,
182639184134900,63733382822556,119,-5248,1152,-3104,518144,-41024,26560,,,,,,
182639185202100,63733383821640,120,-4608,1376,-2176,521920,-40064,25984,,,,,,
182639186306000,63733384821556,121,-4416,1440,-2272,520512,-39360,26624,,,,,,
182639187146300,63733385821806,122,-4736,1248,-2208,521984,-41664,27264,,,,,,
182639188139200,63733386821806,123,-4448,928,-2848,522560,-40064,25536,,,,,,
182639189144100,63733387822890,124,-4480,1248,-2208,522176,-39808,26304,,,,,,
182639190139300,63733388821765,125,-4672,1216,-3072,522496,-39936,27840,,,,,,
182639191153300,63733389821598,126,-4192,1472,-2592,520768,-38272,25664,,,,,,
182639192187200,63733390821723,127,-4672,1504,-2976,522368,-40640,25664,,,,,,
182639193146700,63733391821473,128,-4544,1024,-2016,521280,-39424,25984,,,,,,
182639194158100,63733392821723,129,-4480,1152,-2432,523520,-39936,28096,,,,,,
182639195139400,63733393821682,130,-4960,1408,-2528,522432,-38848,24960,,,,,,
182639196163600,63733394823348,131,-5248,1408,-2560,522496,-41472,26048,,,,,,
182639197152600,63733395821807,132,-4512,1376,-2368,520896,-41024,25536,,,,,,
182639198150700,63733396821682,133,-4384,1568,-2624,521088,-40384,28736,,,,,,
182639199151800,63733397821557,134,-4640,1152,-2368,522048,-40064,28160,,,,,,
182639200150400,63733398821723,135,-4800,1216,-1632,521408,-37696,25216,,,,,,
182639201149900,63733399822348,136,-4480,1440,-2304,522048,-40064,26304,,,,,,
182639202148000,63733400821723,137,-4896,1248,-2528,521920,-40192,26048,,,,,,
182639203144400,63733401823015,138,-4448,1280,-2144,521536,-40256,26752,,,,,,
182639204156300,63733402821640,139,-4768,928,-2112,521344,-40576,25728,,,,,,
182639205147000,63733403821640,140,-4352,1376,-2016,523200,-39552,25024,,,,,,
182639206146500,63733404823223,141,-4544,1216,-2208,520320,-40512,25472,,,,,,
182639207151200,63733405821890,142,-4864,1312,-2208,522240,-39232,26304,,,,,,
182639208156600,63733406822265,143,-4864,1536,-2272,520704,-40640,25664,,,,,,
182639209152800,63733407822098,144,-4608,1504,-2560,521920,-40384,27968,,,,,,
182639210180200,63733408821473,145,-4256,1344,-1888,520832,-40832,25472,,,,,,
182639211163900,63733409822057,146,-4928,1056,-2112,520896,-40192,26496,,,,,,
182639212164700,63733410821890,147,-5216,1632,-2112,520896,-42496,24896,,,,,,
182639213152500,63733411821598,148,-4768,1376,-2592,521088,-41472,27648,,,,,,
182639214150500,63733412821765,149,-4864,960,-2528,522112,-40192,27008,,,,,,
182639215154500,63733413821682,150,-4096,832,-2368,520832,-40896,24064,,,,,,
182639216161200,63733414822848,151,-5184,1504,-2816,521216,-39552,25472,,,,,,
182639217154000,63733415821723,152,-4480,1632,-2304,522560,-39936,26688,,,,,,
182639218159200,63733416821640,153,-5536,1024,-2496,520896,-38784,28416,,,,,,
182639219156800,63733417821640,154,-4352,1024,-2464,521856,-40256,24960,,,,,,
182639220202000,63733418821515,155,-4640,1440,-2432,521920,-39232,24128,,,,,,
182639221158800,63733419821807,156,-4864,1376,-2560,521344,-38016,26304,,,,,,
182639222154700,63733420830140,157,-4448,1056,-2016,521472,-39104,27008,,,,,,
182639223155400,63733421821182,158,-4640,1504,-2432,523200,-39040,25408,,,,,,
182639224155900,63733422821848,159,-4768,1184,-2944,523200,-39360,25152,,,,,,
182639225159300,63733423821765,160,-4640,1024,-2112,521664,-39488,27456,,,,,,
182639226159600,63733424821723,161,-4352,1984,-2400,522240,-40000,27776,,,,,,
182639227150100,63733425821890,162,-4544,1312,-2560,522816,-40960,25600,,,,,,
182639228168600,63733426821848,163,-4864,1184,-1824,522560,-40064,23488,,,,,,
182639229161500,63733427821682,164,-4576,1568,-2560,521920,-40768,26304,,,,,,
182639230161600,63733428822973,165,-4992,1312,-2432,521408,-40960,28864,,,,,,
182639231159700,63733429823265,166,-4576,1184,-1696,523392,-39488,26432,,,,,,
182639232162200,63733430823140,167,-4480,1248,-2656,522496,-40384,26624,,,,,,
182639233149900,63733431822057,168,-4896,1440,-1824,520704,-39296,25856,,,,,,
182639234156500,63733432822015,169,-4864,1440,-2080,520192,-39936,27520,,,,,,
182639235322900,63733433821682,170,-4992,928,-2048,519936,-39040,25088,,,,,,
182639236154700,63733434822057,171,-5056,1152,-2560,522496,-40704,24768,,,,,,
182639237157900,63733435821848,172,-4896,1280,-2528,520832,-40896,26752,,,,,,
182639238167200,63733436822307,173,-4768,1632,-2112,521216,-40064,27648,,,,,,
182639239151400,63733437821765,174,-5504,1216,-2816,522496,-41472,26432,,,,,,
182639240153200,63733438821515,175,-5024,1280,-2464,522816,-38464,27648,,,,,,
182639241157000,63733439822515,176,-4448,832,-1792,522432,-39936,26752,,,,,,
182639242151700,63733440822723,177,-4928,960,-2528,523136,-40256,25152,,,,,,
182639243183000,63733441821390,178,-5312,1600,-2400,521088,-39808,25344,,,,,,
182639244157400,63733442821765,179,-5376,1568,-2496,521792,-38272,24896,,,,,,
182639245163400,63733443821557,180,-5312,1312,-3168,520640,-39616,28864,,,,,,
182639246158800,63733444821723,181,-4800,1472,-2496,521920,-38720,25856,,,,,,
182639247155100,63733445821723,182,-4640,1632,-2208,521024,-40448,26176,,,,,,
182639248153100,63733446822848,183,-5472,1472,-2304,520960,-39488,26048,,,,,,
182639249154000,63733447821640,184,-5312,1248,-2496,521600,-40128,24832,,,,,,
182639250156600,63733448821515,185,-4512,1184,-2496,521856,-41024,25472,,,,,,
182639251156800,63733449821765,186,-4256,1408,-2336,522240,-39936,26880,,,,,,
182639252141000,63733450821848,187,-5216,1248,-2496,521536,-39552,27648,,,,,,
182639253138800,63733451822848,188,-5184,1408,-2784,521280,-40192,25600,,,,,,
182639254166600,63733452821723,189,-4320,896,-2144,521728,-38784,27456,,,,,,
182639255156500,63733453821682,190,-4608,1504,-1696,521344,-38464,27520,,,,,,
182639256150900,63733454821515,191,-4800,992,-2848,521792,-40512,26112,,,,,,
182639257151400,63733455821807,192,-4320,1088,-2336,522112,-40320,25088,,,,,,
182639258156500,63733456822765,193,-4992,1280,-2112,522432,-42176,26880,,,,,,
182639259158000,63733457821598,194,-4864,896,-2240,523328,-39168,27264,,,,,,
182639260332600,63733458821515,195,-4800,1056,-2080,522176,-39424,27264,,,,,,
182639261157800,63733459821765,196,-4384,1472,-2912,520192,-38976,24448,,,,,,
182639262175400,63733460821723,197,-4864,1504,-3328,522560,-40000,24192,,,,,,
182639263192100,63733461822390,198,-4928,1376,-2368,521408,-40512,27520,,,,,,
182639264153200,63733462821807,199,-4608,896,-2816,521024,-41216,24000,,,,,,
182639265149700,63733463822890,200,-4672,1344,-2432,523008,-40384,26304,,,,,,
182639266157300,63733464823140,201,-4352,1504,-2720,521920,-40448,25024,,,,,,
182639267155000,63733465821890,202,-5376,1536,-2944,522048,-40384,25792,,,,,,
182639268156700,63733466821723,203,-4928,1376,-2688,522176,-41216,26752,,,,,,
182639269153400,63733467821557,204,-4704,768,-2368,522752,-40576,26304,,,,,,
182639270155500,63733468821182,205,-4576,1280,-1920,523008,-38656,25216,,,,,,
182639271157400,63733469822140,206,-5120,1152,-2784,522368,-40576,23232,,,,,,
182639272152900,63733470821765,207,-4800,960,-2496,519936,-39296,26176,,,,,,
182639273151400,63733471821682,208,-5088,1408,-2656,521920,-39424,26176,,,,,,
182639274157200,63733472821765,209,-5088,1472,-2976,519680,-40384,25280,,,,,,
182639275158100,63733473822848,210,-5312,1696,-2208,522496,-39360,28160,,,,,,
182639276183400,63733474821598,211,-4736,1184,-1952,523072,-38208,26304,,,,,,
182639277157700,63733475821807,212,-5216,928,-2720,522240,-39872,27072,,,,,,
182639278162700,63733476821723,213,-4672,1472,-2496,523200,-40448,28160,,,,,,
182639279138400,63733477821682,214,-5344,1280,-2880,521920,-38528,27712,,,,,,
182639280133000,63733478821598,215,-4832,1408,-2272,523968,-40832,24576,,,,,,
182639281137900,63733479821765,216,-4480,960,-2432,523328,-40128,26048,,,,,,
182639282151700,63733480821682,217,-5184,1184,-2784,522624,-41472,25664,,,,,,
182639283236000,63733481821598,218,-4864,1024,-2496,521920,-40064,25344,,,,,,
182639284144400,63733482821765,219,-5408,1216,-2144,522432,-39744,25280,,,,,,
182639285154000,63733483821765,220,-4832,1344,-2720,521216,-37952,25984,,,,,,
182639286150700,63733484822265,221,-5216,1120,-2560,520640,-38464,28160,,,,,,
182639287137800,63733485821723,222,-5376,1248,-2496,523200,-40320,25856,,,,,,
182639288149300,63733486822557,223,-5024,1088,-3136,521024,-41088,25984,,,,,,
182639289141700,63733487821598,224,-5184,800,-2752,523136,-41472,25856,,,,,,
182639290148700,63733488821265,225,-4704,1376,-2272,521920,-40960,25408,,,,,,
182639291149800,63733489821765,226,-5088,1632,-2848,523968,-40896,27392,,,,,,
182639292152200,63733490821807,227,-4000,1248,-2080,521344,-38720,26752,,,,,,
182639293149900,63733491821723,228,-4896,992,-1856,522496,-40128,26496,,,,,,
182639294157800,63733492821848,229,-4320,1184,-2496,523456,-39360,24256,,,,,,
182639295159600,63733493821807,230,-4672,1280,-2656,521152,-38912,27840,,,,,,
182639296147000,63733494821640,231,-4320,1184,-2016,520896,-39872,26496,,,,,,
182639297148200,63733495821807,232,-4576,1376,-1984,521472,-39424,28544,,,,,,
182639298150700,63733496821765,233,-4672,1440,-2752,521280,-41600,25600,,,,,,
182639299161200,63733497821640,234,-4704,1440,-2848,519296,-38400,27200,,,,,,
182639300145900,63733498821682,235,-4416,1216,-2688,522240,-40192,25088,,,,,,
182639301150800,63733499821723,236,-5088,1504,-2208,521728,-40384,27136,,,,,,
182639302152800,63733500821682,237,-4416,640,-2304,522112,-40192,26304,,,,,,
182639303155400,63733501821723,238,-4608,1248,-2176,522752,-40704,24320,,,,,,
182639304152400,63733502821640,239,-4576,960,-2304,520832,-40064,25856,,,,,,
182639305147500,63733503821640,240,-5088,1536,-2688,521536,-39488,25280,,,,,,
182639306151400,63733504821682,241,-4800,1376,-2432,522432,-40512,27776,,,,,,
182639307148200,63733505821557,242,-3872,1024,-2336,523200,-43136,27264,,,,,,
182639308152500,63733506821723,243,-4960,1440,-2368,524032,-40256,28352,,,,,,
182639309175300,63733507821640,244,-4832,1408,-2656,523968,-40704,25280,,,,,,
182639310316200,63733508821432,245,-4192,1568,-2432,522112,-39232,26176,,,,,,
182639311155500,63733509821640,246,-4224,1024,-2016,522624,-38080,27456,,,,,,
182639312152600,63733510821890,247,-4768,896,-2336,521984,-41920,27200,,,,,,
182639313152200,63733511822973,248,-4768,1120,-2368,520768,-40256,25792,,,,,,
182639314152000,63733512821765,249,-4896,1280,-2336,520640,-39872,27008,,,,,,
182639315154500,63733513821682,250,-4864,1472,-2848,523264,-40576,27584,,,,,,
182639316152100,63733514821598,251,-5088,1088,-2080,522560,-41600,27136,,,,,,
182639317153900,63733515822265,252,-5120,1152,-2240,522752,-39552,28608,,,,,,
182639318154000,63733516822807,253,-4864,1472,-2496,522112,-41088,25024,,,,,,
182639319158500,63733517821557,254,-4832,1280,-2368,521792,-39552,28672,,,,,,
182639320151800,63733518821557,255,-4480,1024,-1952,522688,-40512,27584,,,,,,
182639321150600,63733519821723,0,-4640,1312,-2336,520576,-39168,26368,,,,,,
182639322153500,63733520821640,1,-4512,960,-2624,520512,-42240,25728,,,,,,
182639323154000,63733521821598,2,-5056,1280,-1856,520448,-41408,24768,,,,,,
182639324152300,63733522822390,3,-4800,1440,-2784,521536,-39872,25920,,,,,,
182639325152700,63733523822390,4,-4800,1280,-2880,522432,-38976,25664,,,,,,
182639326149500,63733524821598,5,-4832,864,-2080,521216,-39744,26240,,,,,,
182639327153200,63733525821015,6,-5120,768,-2688,522176,-40512,24320,,,,,,
182639328159300,63733526821723,7,-5376,1024,-2848,520960,-39104,25472,,,,,,
182639329151100,63733527821598,8,-5088,1376,-2848,522112,-40128,24064,,,,,,
182639330256200,63733528821640,9,-5152,1376,-1952,523648,-41088,25536,,,,,,
182639331175300,63733529821682,10,-4960,1344,-2304,522688,-41152,25920,,,,,,
182639332151200,63733530821723,11,-5280,1312,-2272,523392,-40320,24960,,,,,,
182639333149200,63733531821557,12,-4512,1376,-2688,520704,-40320,25472,,,,,,
182639334152100,63733532821682,13,-5216,1088,-2752,523328,-39808,26432,,,,,,
182639335156300,63733533821848,14,-4800,672,-2112,520576,-39616,28800,,,,,,
182639336155500,63733534821515,15,-4672,1696,-2688,520128,-40448,24384,,,,,,
182639337147600,63733535821557,16,-4736,1472,-2272,522176,-41536,24640,,,,,,
182639338143000,63733536821682,17,-4544,832,-2528,522176,-39296,26368,,,,,,
182639339154500,63733537821515,18,-4992,864,-2880,522304,-39232,26048,,,,,,
182639340162700,63733538821682,19,-4800,1472,-3008,520832,-40000,25792,,,,,,
182639341303300,63733539821765,20,-4288,1152,-2176,521536,-39232,24256,,,,,,
182639342166800,63733540821682,21,-4640,1152,-2688,522112,-40000,25408,,,,,,
182639343145100,63733541822390,22,-4256,960,-2400,521536,-40192,26112,,,,,,
182639344149500,63733542822390,23,-4320,1344,-2464,522624,-41600,25792,,,,,,
182639345146100,63733543821932,24,-4864,1184,-1984,520512,-38784,25152,,,,,,
182639346149800,63733544821432,25,-4576,1152,-2720,521408,-39552,26624,,,,,,
182639347150500,63733545821515,26,-4608,1024,-2432,522048,-38720,29056,,,,,,
182639348149300,63733546821848,27,-4320,1184,-2720,521920,-39424,24384,,,,,,
182639349150400,63733547823182,28,-4352,1088,-1920,520960,-40960,26048,,,,,,
182639350151200,63733548821598,29,-4544,1408,-2400,524032,-38464,25600,,,,,,
182639351151100,63733549821807,30,-5088,1184,-2400,520704,-40512,27840,,,,,,
182639352149200,63733550821807,31,-4800,1760,-2848,521344,-40448,24960,,,,,,
182639353152600,63733551821515,32,-4672,1472,-1600,521920,-38912,25600,,,,,,
182639354146000,63733552821973,33,-4704,960,-2368,522880,-38912,24256,,,,,,
182639355153600,63733553821890,34,-4448,1376,-2144,522304,-40448,25792,,,,,,
182639356249700,63733554821640,35,-4960,1472,-2592,524032,-39232,27200,,,,,,
182639357150900,63733555821515,36,-5408,1472,-2240,521152,-38848,27136,,,,,,
182639358148100,63733556821682,37,-5024,1152,-2720,521792,-39104,23040,,,,,,
182639359150300,63733557821682,38,-5856,1184,-3168,521536,-40256,27584,,,,,,
182639360210300,63733558821682,39,-5216,1600,-2592,521920,-40640,23296,,,,,,
182639361160700,63733559821682,40,-5056,1280,-1856,521600,-39232,26112,,,,,,
182639362154000,63733560821598,41,-4640,1664,-2592,523648,-39616,27904,,,,,,
182639363151100,63733561821640,42,-4288,1024,-1984,522048,-41664,25984,,,,,,
182639364155100,63733562822557,43,-4768,1120,-2560,522304,-41536,26688,,,,,,
182639365155500,63733563821682,44,-4864,1856,-2464,523200,-40512,25856,,,,,,
182639366150200,63733564821557,45,-5152,1344,-2976,522368,-39872,25216,,,,,,
182639367151800,63733565823015,46,-4864,1344,-3040,523840,-40960,26624,,,,,,
182639368149700,63733566821682,47,-5024,1728,-2112,520704,-39872,24768,,,,,,
182639369157100,63733567821640,48,-5248,1408,-2688,519744,-40384,24832,,,,,,
182639370149400,63733568821515,49,-4512,1824,-2496,521152,-40768,24128,,,,,,
182639371151900,63733569821640,50,-4384,992,-2368,521216,-40256,25792,,,,,,
182639372155100,63733570823223,51,-4832,864,-1824,522048,-41472,27968,,,,,,
182639373154600,63733571821557,52,-4480,1440,-2144,520576,-40192,26112,,,,,,
182639374153600,63733572822682,53,-4736,1408,-2400,522624,-38592,24960,,,,,,
182639375174900,63733573821682,54,-5056,1440,-2080,522880,-38464,24768,,,,,,
182639376198600,63733574822557,55,-4864,1792,-2432,520320,-39168,27904,,,,,,
182639377152500,63733575821682,56,-4960,1504,-2688,522688,-39552,28288,,,,,,
182639378148500,63733576821723,57,-4800,832,-2432,520384,-38400,26240,,,,,,
182639379149300,63733577821682,58,-4832,1376,-2720,520128,-40064,27840,,,,,,
182639380150600,63733578821682,59,-4128,1120,-1824,520768,-40000,26496,,,,,,
182639381151400,63733579821765,60,-4704,1824,-2720,520448,-39104,25344,,,,,,
182639382152800,63733580821682,61,-5152,896,-2112,520960,-40768,26304,,,,,,
182639383150300,63733581821515,62,-4992,1600,-2528,519808,-40768,25920,,,,,,
182639384151400,63733582826682,63,-4608,1056,-1856,521664,-40640,26688,,,,,,
182639385148600,63733583821723,64,-4704,992,-2656,522368,-39040,24256,,,,,,
182639386335500,63733584822432,65,-4480,992,-2048,521344,-38720,25216,,,,,,
182639387213900,63733585821557,66,-4704,960,-2400,521664,-39680,23296,,,,,,
182639388145700,63733586821682,67,-5376,1472,-2304,521280,-40320,27648,,,,,,
182639389158200,63733587821848,68,-4864,1536,-2208,520384,-40640,25984,,,,,,
182639390142900,63733588823723,69,-4608,1440,-2240,522048,-41920,23168,,,,,,
182639391154300,63733589822057,70,-4992,1280,-3008,520704,-40576,24960,,,,,,
182639392150600,63733590821723,71,-4288,1440,-2496,521600,-38720,25280,,,,,,
182639393150000,63733591823057,72,-5248,1632,-2368,521600,-42304,26944,,,,,,
182639394144400,63733592821557,73,-4352,992,-1824,523264,-40128,25984,,,,,,
182639395170300,63733593821640,74,-4928,832,-2272,520448,-41088,28352,,,,,,
182639396154100,63733594823182,75,-4960,1696,-2624,520576,-39104,27136,,,,,,
182639397149400,63733595821515,76,-4192,1408,-1696,522752,-42240,25600,,,,,,
182639398144100,63733596821723,77,-4416,1216,-2528,522368,-40128,26112,,,,,,
182639399138600,63733597821723,78,-5600,1280,-2592,523648,-40448,26368,,,,,,
182639400155600,63733598821557,79,-4672,896,-2304,523008,-39104,28992,,,,,,
182639401164200,63733599821932,80,-4512,1312,-2496,521856,-39040,24064,,,,,,
182639402146700,63733600821682,81,-4896,1280,-2304,522432,-38912,27712,,,,,,
182639403276000,63733601822015,82,-4832,1600,-2240,522944,-39040,25280,,,,,,
182639404151000,63733602821515,83,-4832,1408,-2816,522496,-39424,27200,,,,,,
182639405162400,63733603821640,84,-4480,1248,-2080,522368,-41664,25728,,,,,,
182639406144000,63733604821765,85,-4704,1728,-2528,521728,-40256,27200,,,,,,
182639407154000,63733605821598,86,-4768,1632,-2400,523648,-40576,26048,,,,,,
182639408181300,63733606824098,87,-5440,1696,-2848,523072,-39424,26624,,,,,,
182639409149800,63733607821765,88,-4768,1408,-2080,522624,-40192,28800,,,,,,
182639410150300,63733608821557,89,-4576,1024,-2112,521088,-40448,25856,,,,,,
182639411148700,63733609821765,90,-4640,896,-2368,522368,-41088,26816,,,,,,
182639412157800,63733610821682,91,-5088,1024,-2400,519872,-39232,26752,,,,,,
182639413174500,63733611821640,92,-5216,1440,-1760,521792,-40320,23360,,,,,,
182639414150500,63733612821598,93,-4192,768,-1568,523008,-37504,24320,,,,,,
182639415151000,63733613821682,94,-4960,832,-2720,522304,-40896,25408,,,,,,
182639416153100,63733614821640,95,-4832,1376,-2016,520832,-40384,25792,,,,,,
182639417153600,63733615821473,96,-4768,1344,-2144,521472,-40640,26112,,,,,,
182639418154100,63733616821932,97,-4256,1184,-2272,523008,-39360,25920,,,,,,
182639419196000,63733617822223,98,-4640,1120,-2752,522432,-39424,27136,,,,,,
182639420285300,63733618827098,99,-4896,1216,-2400,521536,-39680,26560,,,,,,
182639421287700,63733619830932,100,-4960,1632,-2400,521088,-38656,25280,,,,,,
182639422274200,63733620826807,101,-4672,1088,-2176,521088,-39040,25792,,,,,,
182639423279200,63733621836223,102,-4480,1088,-2848,523712,-40384,27520,,,,,,
182639424278100,63733622834473,103,-4576,928,-3072,523456,-38976,24896,,,,,,
182639425151900,63733623827848,104,-4896,1472,-2976,520512,-40512,28864,,,,,,
182639426277000,63733624825057,105,-4064,1312,-2272,521152,-40256,24640,,,,,,
182639427268800,63733625827765,106,-3840,1568,-2144,522496,-40320,26048,,,,,,
182639428336900,63733626829265,107,-5120,768,-2912,521984,-39424,25472,,,,,,
182639429284800,63733627827973,108,-4352,1472,-3040,522816,-38912,23936,,,,,,
182639430277000,63733628829848,109,-4544,1376,-2624,522880,-40000,25856,,,,,,
182639431275300,63733629826223,110,-4192,992,-2528,521792,-39488,28160,,,,,,
182639432151000,63733630825973,111,-5152,1088,-2240,522496,-41664,26560,,,,,,
182639433278200,63733631826890,112,-4320,1664,-2464,522496,-39488,28352,,,,,,
182639434276900,63733632828432,113,-4192,1088,-2592,522240,-40640,23872,,,,,,
182639435295800,63733633833307,114,-5024,1280,-2784,521664,-39040,26688,,,,,,
182639436303600,63733634828223,115,-4160,1344,-2080,523200,-38464,24448,,,,,,
182639437287600,63733635829015,116,-5568,1632,-2496,522176,-41792,23744,,,,,,
182639438149300,63733636822348,117,-4256,1376,-2592,522816,-38464,22400,,,,,,
182639439146500,63733637822515,118,-4512,1376,-2560,521664,-39360,25664,,,,,,
182639440277100,63733638825640,119,-5312,1536,-2432,522240,-39680,25344,,,,,,
182639441179100,63733639824848,120,-4576,1728,-2432,522048,-39232,25216,,,,,,
182639442276300,63733640826390,121,-4672,1312,-1984,522432,-39872,24704,,,,,,
182639443275000,63733641829265,122,-5216,1376,-2272,521728,-38272,25472,,,,,,
182639444293800,63733642825932,123,-4448,1376,-2784,522560,-40704,25792,,,,,,
182639445184900,63733643824098,124,-4896,1024,-2496,523008,-38720,25536,,,,,,
182639446285400,63733644826182,125,-4960,832,-1920,520512,-40704,27264,,,,,,
182639447271700,63733645826473,126,-5152,960,-2528,521920,-39936,24320,,,,,,
182639448149200,63733646826182,127,-3872,1184,-2080,521856,-40832,28288,,,,,,
182639449275700,63733647825182,128,-4576,1888,-2592,519616,-39680,27776,,,,,,
182639450276900,63733648823848,129,-4992,1344,-2144,522752,-41152,25600,,,,,,
182639451153100,63733649823598,130,-4672,1344,-2720,521600,-41024,27584,,,,,,
182639452292700,63733650829723,131,-4480,1280,-2368,521344,-39808,25920,,,,,,
182639453285400,63733651828432,132,-4544,1088,-1952,522048,-40576,26176,,,,,,
182639454291400,63733652824223,133,-4864,1120,-2304,522368,-41536,28160,,,,,,
182639455279700,63733653826140,134,-5024,1536,-2464,522240,-40576,26240,,,,,,
182639456149600,63733654824848,135,-5440,1248,-2912,521536,-41664,26432,,,,,,
182639457151100,63733655824182,136,-4960,1344,-2336,522048,-40576,24640,,,,,,
182639458276700,63733656829807,137,-4480,768,-2272,522752,-41344,26112,,,,,,
182639459279700,63733657826182,138,-4448,1248,-2208,520640,-39872,30144,,,,,,
182639460300800,63733658827390,139,-5216,1088,-2688,523200,-39360,23424,,,,,,
182639461272900,63733659827723,140,-4864,1152,-2368,522048,-38208,26112,,,,,,
182639462298600,63733660828765,141,-4672,1216,-1952,524160,-41216,28160,,,,,,
182639463140400,63733661823307,142,-4832,1248,-3232,521280,-39680,25664,,,,,,
182639464271800,63733662827057,143,-4512,1312,-2336,520512,-41152,26944,,,,,,
182639465150500,63733663826307,144,-4928,832,-2304,522304,-39552,24896,,,,,,
182639466277500,63733664829015,145,-4992,1152,-2816,521280,-39360,26944,,,,,,
182639467276700,63733665827765,146,-4960,1312,-2560,520832,-38720,24320,,,,,,
182639468277300,63733666828765,147,-5248,1152,-2368,520000,-40192,24448,,,,,,
182639469172700,63733667824682,148,-5024,1184,-2304,521536,-39424,26048,,,,,,
182639470150200,63733668825848,149,-4864,1024,-2720,523648,-38912,25472,,,,,,
182639471284500,63733669827015,150,-4704,1152,-2496,522624,-39296,25664,,,,,,
182639472274000,63733670825223,151,-4224,1472,-2752,521472,-39232,27200,,,,,,
182639473272800,63733671828848,152,-4896,1536,-2560,522560,-39040,24064,,,,,,
182639474300100,63733672834223,153,-4736,1024,-2336,522304,-40960,26240,,,,,,
182639475273300,63733673833682,154,-4736,1664,-3232,523072,-39552,27264,,,,,,
182639476149500,63733674828848,155,-4544,864,-2496,523392,-40256,25216,,,,,,
182639477332400,63733675829057,156,-4736,1472,-2720,522944,-40128,25856,,,,,,
182639478173300,63733676821848,157,-4544,1120,-2656,520896,-40896,26048,,,,,,
182639479171500,63733677822723,158,-4800,1280,-2848,521984,-38720,27712,,,,,,
182639480151800,63733678821932,159,-4800,1408,-2432,522048,-41536,25600,,,,,,
182639481164500,63733679821807,160,-4608,1568,-2144,520128,-41344,25216,,,,,,
182639482155700,63733680821682,161,-4960,1024,-2656,522176,-40000,25856,,,,,,
182639483160900,63733681821682,162,-4672,960,-2624,520832,-39616,24896,,,,,,
182639484151400,63733682821598,163,-4864,1056,-2400,520960,-39296,28096,,,,,,
182639485351400,63733683821890,164,-4928,1408,-2720,521408,-40768,26048,,,,,,
182639486159000,63733684821848,165,-4768,1216,-2432,521792,-40768,24384,,,,,,
182639487158400,63733685821557,166,-4736,1120,-2176,522368,-40512,26880,,,,,,
182639488148100,63733686821848,167,-4832,1280,-2016,523264,-42112,24512,,,,,,
182639489139700,63733687821640,168,-4704,1280,-2304,521792,-39040,27264,,,,,,
182639490143300,63733688821682,169,-4480,1152,-2240,523840,-39744,26752,,,,,,
182639491139400,63733689821765,170,-4768,1472,-2720,520640,-39744,24768,,,,,,
182639492149800,63733690822890,171,-4512,1024,-2144,521280,-40320,26432,,,,,,
182639493151900,63733691821723,172,-4608,1472,-2336,522368,-39808,25728,,,,,,
182639494200900,63733692821515,173,-4864,1472,-2816,520192,-40192,27584,,,,,,
182639495165200,63733693821723,174,-4800,1312,-1920,522304,-37376,25472,,,,,,
182639496161400,63733694821598,175,-5120,1120,-2432,521152,-40832,26880,,,,,,
182639497148500,63733695821557,176,-4416,1472,-2080,520704,-40256,27968,,,,,,
182639498146500,63733696821765,177,-4896,1376,-2496,521216,-39616,25792,,,,,,
182639499152500,63733697821640,178,-4288,1408,-2112,522048,-40512,23936,,,,,,
182639500154200,63733698821515,179,-5056,1408,-2560,521344,-40192,26688,,,,,,
182639501154700,63733699821432,180,-4832,1408,-2752,523392,-40768,29952,,,,,,
182639502299600,63733700821307,181,-4608,1152,-2240,519808,-39296,26944,,,,,,
182639503162700,63733701821598,182,-4640,1248,-2400,521984,-38976,26304,,,,,,
182639504169000,63733702821473,183,-4512,1024,-2624,520576,-39744,27136,,,,,,
182639505152800,63733703821682,184,-4928,1152,-2400,523008,-39744,27712,,,,,,
182639506150200,63733704821557,185,-4256,1216,-2496,521792,-39680,28032,,,,,,
182639507174600,63733705824307,186,-5120,1536,-2208,520192,-41024,25024,,,,,,
182639508150100,63733706821765,187,-4864,1376,-2464,521152,-41920,25664,,,,,,
182639509153400,63733707821598,188,-4640,960,-2240,522624,-40512,25408,,,,,,
182639510324100,63733708823098,189,-4960,832,-2208,522304,-41472,26816,,,,,,
182639511296200,63733709821515,190,-4864,1344,-2368,520896,-39936,25792,,,,,,
182639512164900,63733710824640,191,-4800,1120,-2528,520832,-38976,26688,,,,,,
182639513148000,63733711824098,192,-4768,1632,-2656,521728,-39232,25792,,,,,,
182639514150200,63733712822890,193,-5280,1152,-2368,522240,-40640,25856,,,,,,
182639515149900,63733713821807,194,-4192,1024,-2432,523200,-39552,27072,,,,,,
182639516154500,63733714821557,195,-5120,1440,-2656,521728,-39360,26560,,,,,,
182639517151400,63733715822348,196,-4320,1408,-2240,522624,-41472,25408,,,,,,
182639518157800,63733716821723,197,-4896,1536,-2208,521728,-40832,26816,,,,,,
182639519159600,63733717821765,198,-5376,1536,-2752,522880,-41664,27136,,,,,,
182639520166000,63733718821682,199,-4736,1184,-2464,521920,-40256,26496,,,,,,
182639521151600,63733719821390,200,-4800,992,-2304,522688,-39616,26560,,,,,,
182639522149900,63733720821723,201,-5248,1088,-1888,522560,-38208,25280,,,,,,
182639523150400,63733721821557,202,-4960,1248,-2432,522240,-39680,28160,,,,,,
182639524153900,63733722821890,203,-4928,1088,-2080,520064,-41088,24896,,,,,,
182639525153000,63733723821723,204,-4928,1216,-2848,523264,-40512,25856,,,,,,
182639526153300,63733724822223,205,-4288,1344,-2080,523200,-40256,27712,,,,,,
182639527271300,63733725821598,206,-4960,1280,-2656,523200,-40000,25536,,,,,,
182639528149000,63733726821807,207,-4256,1408,-2752,522944,-40384,25088,,,,,,
182639529172200,63733727821973,208,-4928,800,-2112,521472,-38976,23680,,,,,,
182639530145100,63733728821765,209,-5440,1568,-2240,522048,-39936,26432,,,,,,
182639531141900,63733729821390,210,-4608,1216,-2144,522880,-40384,25920,,,,,,
182639532138800,63733730823265,211,-4288,736,-1856,522944,-40832,25344,,,,,,
182639533140700,63733731821598,212,-4192,1408,-2528,523200,-40320,26304,,,,,,
182639534141900,63733732821182,213,-4384,1664,-2688,521856,-40384,25856,,,,,,
182639535139100,63733733821765,214,-4704,1408,-2368,520640,-39872,25728,,,,,,
182639536173500,63733734821598,215,-5760,1184,-1952,523136,-42496,26944,,,,,,
182639537181700,63733735821723,216,-5376,1280,-2112,520128,-40384,26752,,,,,,
182639538144100,63733736821682,217,-4608,1504,-1888,521856,-39360,26560,,,,,,
182639539153500,63733737822098,218,-4416,1600,-2336,521408,-39360,29120,,,,,,
182639540184500,63733738821598,219,-4576,1152,-2112,521280,-39552,25792,,,,,,
182639541154600,63733739821682,220,-5248,1312,-2112,520704,-40128,26944,,,,,,
182639542148900,63733740824473,221,-5024,1312,-2592,523136,-39488,27968,,,,,,
182639543166500,63733741823182,222,-4096,928,-1856,522176,-40704,28160,,,,,,
182639544191200,63733742822098,223,-5184,1440,-2816,523136,-39552,25728,,,,,,
182639545150500,63733743821765,224,-4448,1280,-2528,520384,-39232,24256,,,,,,
182639546168700,63733744822348,225,-4928,1440,-2624,520000,-40256,27520,,,,,,
182639547153000,63733745821682,226,-4832,1152,-2400,521024,-39936,29760,,,,,,
182639548137500,63733746821807,227,-4512,1024,-2656,520576,-41280,22976,,,,,,
182639549136900,63733747822307,228,-4896,1184,-2944,521152,-39104,27328,,,,,,
182639550149400,63733748821598,229,-5184,1376,-2688,522624,-38080,26752,,,,,,
182639551151600,63733749821473,230,-4480,736,-2208,523136,-40128,24832,,,,,,
182639552150200,63733750821890,231,-4608,1312,-2624,522240,-39936,26304,,,,,,
182639553163400,63733751823557,232,-4992,1408,-2848,520896,-40448,28096,,,,,,
182639554168600,63733752822223,233,-4832,1312,-2496,522432,-40384,26240,,,,,,
182639555152000,63733753821723,234,-4608,1248,-2528,522304,-37952,24768,,,,,,
182639556148900,63733754821348,235,-4288,1472,-2272,521152,-39872,28480,,,,,,
182639557152600,63733755821640,236,-4704,1376,-2656,522688,-39872,26688,,,,,,
182639558151100,63733756821723,237,-5216,1152,-3488,519040,-40320,24960,,,,,,
182639559153900,63733757821890,238,-5408,1184,-2304,521088,-41152,27072,,,,,,
182639560315400,63733758823015,239,-4992,1728,-2720,520960,-39360,27392,,,,,,
182639561158800,63733759821557,240,-4608,1568,-2080,521920,-41856,27264,,,,,,
182639562167400,63733760821765,241,-4608,1440,-1920,521664,-39040,26560,,,,,,
182639563146700,63733761821515,242,-4608,1536,-2016,521984,-38656,24256,,,,,,
182639564147500,63733762821473,243,-4576,1120,-2720,521472,-39616,24896,,,,,,
182639565152800,63733763821640,244,-4672,1344,-2496,521280,-40896,25408,,,,,,
182639566152500,63733764821723,245,-4576,1472,-2208,523904,-38784,22144,,,,,,
182639567159200,63733765821473,246,-4896,1184,-2528,522688,-38848,25728,,,,,,
182639568158200,63733766821598,247,-5120,1408,-2624,521920,-41344,26880,,,,,,
182639569171600,63733767821848,248,-4416,1408,-1856,522048,-41088,25088,,,,,,
182639570161400,63733768821557,249,-4864,1248,-2464,522752,-40576,25856,,,,,,
182639571159500,63733769821557,250,-4512,1184,-2368,523392,-41152,25920,,,,,,
182639572185500,63733770823098,251,-5088,1568,-2336,523264,-38272,26624,,,,,,
182639573150700,63733771823015,252,-4864,1408,-2688,521216,-39424,25600,,,,,,
182639574151700,63733772821598,253,-4896,1184,-2144,523328,-38976,26368,,,,,,
182639575154500,63733773821682,254,-4832,1440,-2496,523136,-40768,27520,,,,,,
182639576151600,63733774823682,255,-4864,1568,-2496,522240,-40256,27072,,,,,,
182639577152600,63733775821848,0,-5088,1440,-2496,520512,-39936,25984,,,,,,
182639578152900,63733776821682,1,-4704,1120,-2464,525248,-40960,25408,,,,,,
182639579171400,63733777821765,2,-5184,1600,-2240,523968,-40192,26304,,,,,,
182639580148200,63733778821515,3,-4640,992,-2592,521984,-40448,25856,,,,,,
182639581149400,63733779821598,4,-4832,1472,-2880,521472,-40128,27520,,,,,,
182639582150700,63733780821723,5,-4928,1248,-2976,522240,-39424,24128,,,,,,
182639583152500,63733781822015,6,-4032,1216,-2560,522560,-40192,27904,,,,,,
182639584153400,63733782825640,7,-4288,1152,-1696,521600,-40192,25408,,,,,,
182639585321700,63733783821765,8,-4640,768,-2144,521856,-41088,28288,,,,,,
182639586153700,63733784821682,9,-4416,1216,-2144,523904,-39680,28480,,,,,,
182639587161400,63733785821515,10,-4512,1344,-1984,521920,-38976,24128,,,,,,
182639588149400,63733786821182,11,-4992,1440,-2336,522624,-40192,24256,,,,,,
182639589146900,63733787821723,12,-4800,1728,-2560,520384,-39360,27008,,,,,,
182639590152400,63733788821557,13,-4128,1152,-2240,522880,-40320,27712,,,,,,
182639591153900,63733789821473,14,-4416,1504,-2304,521408,-39104,25728,,,,,,
182639592153200,63733790821807,15,-4896,1344,-1952,521856,-40704,27712,,,,,,
182639593153100,63733791821640,16,-4928,1184,-3040,520704,-39936,25408,,,,,,
182639594156700,63733792821640,17,-5216,1312,-2368,521600,-40704,26688,,,,,,
182639595162700,63733793821640,18,-4672,1376,-2560,522048,-40832,25024,,,,,,
182639596148900,63733794821807,19,-4768,1376,-2944,521408,-41280,27392,,,,,,
182639597145400,63733795821640,20,-4544,1120,-2272,520320,-41024,24960,,,,,,
182639598141000,63733796821473,21,-5184,1152,-2944,523200,-39680,28992,,,,,,
182639599140400,63733797821640,22,-4192,1216,-2368,522048,-39616,25472,,,,,,
182639600154200,63733798821557,23,-5120,896,-2368,521088,-40256,28224,,,,,,
182639601154400,63733799821557,24,-5024,960,-2368,520704,-40576,26880,,,,,,
182639602138700,63733800823057,25,-4864,1216,-2336,522816,-41728,26176,,,,,,
182639603169400,63733801821848,26,-4352,1152,-2432,521984,-38528,26240,,,,,,
182639604161000,63733802821598,27,-4320,1536,-2784,521856,-40128,24768,,,,,,
182639605172700,63733803821682,28,-5408,1504,-2752,520640,-40640,25664,,,,,,
182639606150200,63733804821765,29,-4544,1056,-2496,521536,-39936,24256,,,,,,
182639607151800,63733805821598,30,-5120,1120,-2240,521216,-38912,26176,,,,,,
182639608152700,63733806821765,31,-5312,1216,-3008,519488,-40576,26432,,,,,,
182639609154100,63733807821682,32,-5088,1568,-3200,520832,-38976,27392,,,,,,
182639610333000,63733808824348,33,-4672,1664,-2304,521216,-41792,25792,,,,,,
182639611159900,63733809821557,34,-4736,1472,-1952,522496,-39232,27520,,,,,,
182639612154900,63733810821723,35,-5504,1120,-2880,520320,-40256,25600,,,,,,
182639613157100,63733811821682,36,-4992,1024,-3104,522112,-41472,24896,,,,,,
182639614151300,63733812821515,37,-4896,672,-2496,520896,-39232,24192,,,,,,
182639615150700,63733813821682,38,-4768,1344,-2464,521856,-40128,26880,,,,,,
182639616151500,63733814821723,39,-4832,1472,-2528,521856,-38848,27136,,,,,,
182639617157200,63733815821682,40,-4256,1280,-2368,522112,-39104,28352,,,,,,
182639618150400,63733816822098,41,-4576,992,-2368,521728,-39936,26752,,,,,,
182639619152700,63733817822265,42,-5120,1152,-2784,520640,-39296,27456,,,,,,
182639620166000,63733818821682,43,-4576,1728,-2560,522368,-40256,25088,,,,,,
182639621156400,63733819821598,44,-4672,1088,-1920,520320,-40704,25088,,,,,,
182639622156100,63733820821723,45,-4736,1568,-2560,520448,-39040,27584,,,,,,
182639623151300,63733821821723,46,-5120,1440,-2592,522560,-39360,25344,,,,,,
182639624161700,63733822821557,47,-4832,1152,-2624,521728,-41024,26240,,,,,,
182639625143000,63733823822807,48,-4864,1120,-2304,522176,-38528,28928,,,,,,
182639626141000,63733824821640,49,-4544,1152,-2560,520576,-39168,24256,,,,,,
182639627171900,63733825822390,50,-5024,1024,-2816,522432,-39552,25024,,,,,,
182639628153300,63733826821557,51,-4544,1152,-2144,521088,-38272,28416,,,,,,
182639629151800,63733827821723,52,-5280,1440,-2784,522304,-40256,27584,,,,,,
182639630158700,63733828822640,53,-4448,1152,-2272,520640,-38912,27200,,,,,,
182639631152500,63733829821515,54,-5312,928,-2272,524032,-39552,24768,,,,,,
182639632150900,63733830821682,55,-4800,1184,-2464,523136,-38976,24896,,,,,,
182639633159700,63733831821723,56,-5152,1568,-2912,520704,-40384,26432,,,,,,
182639634153800,63733832821557,57,-4288,1152,-2976,521792,-39680,29632,,,,,,
182639635143700,63733833822723,58,-4064,832,-2496,523392,-41088,26816,,,,,,
182639636183100,63733834821723,59,-5088,1152,-2080,520896,-39680,25536,,,,,,
182639637168400,63733835822598,60,-4736,1184,-2496,521344,-38400,26176,,,,,,
182639638145100,63733836821515,61,-4704,1632,-2720,521088,-40576,26176,,,,,,
182639639145300,63733837821598,62,-4160,1088,-2016,522176,-38912,25344,,,,,,
182639640148600,63733838821557,63,-4800,1536,-2528,521728,-38848,27456,,,,,,
182639641147900,63733839821390,64,-4640,1504,-1824,522752,-38464,25856,,,,,,
182639642154700,63733840821640,65,-4832,1408,-2400,521536,-39680,27072,,,,,,
182639643153900,63733841822765,66,-4352,1216,-2368,522304,-40128,25152,,,,,,
182639644192100,63733842821515,67,-4960,1184,-2496,520960,-39744,28672,,,,,,
182639645152300,63733843821723,68,-4960,1344,-2496,521792,-39424,26240,,,,,,
182639646164000,63733844821557,69,-4928,1152,-2368,521344,-38400,27712,,,,,,
182639647152100,63733845826598,70,-4416,1408,-1920,523392,-40960,25536,,,,,,
182639648139500,63733846822973,71,-4480,864,-1984,519232,-39104,24000,,,,,,
182639649160000,63733847821640,72,-4640,1216,-2304,522816,-39552,25600,,,,,,
182639650162100,63733848821682,73,-4512,1504,-2272,523008,-40000,28224,,,,,,
182639651150600,63733849821473,74,-4672,1504,-2400,521728,-40704,25984,,,,,,
182639652306900,63733850821640,75,-4832,1376,-1888,522112,-37952,26752,,,,,,
182639653163500,63733851821765,76,-5280,1216,-2560,523008,-39424,27904,,,,,,
182639654155800,63733852822515,77,-4608,1184,-2624,521280,-39296,26944,,,,,,
182639655157300,63733853822057,78,-4672,1536,-2304,522304,-40576,25536,,,,,,
182639656147600,63733854821598,79,-3968,1280,-2592,522048,-40192,24704,,,,,,
182639657147300,63733855822140,80,-4672,1536,-2176,521088,-39424,27136,,,,,,
182639658138700,63733856821598,81,-4704,1600,-2656,522432,-39808,24320,,,,,,
182639659148900,63733857821640,82,-4928,1120,-2496,520960,-40512,27776,,,,,,
182639660151800,63733858822640,83,-4448,1152,-2144,523712,-42496,25984,,,,,,
182639661170600,63733859821473,84,-4512,1504,-2016,519296,-39424,28288,,,,,,
182639662151100,63733860821723,85,-4736,1888,-2880,520512,-41536,25984,,,,,,
182639663153000,63733861821682,86,-4896,1536,-2016,522688,-41600,27904,,,,,,
182639664180700,63733862821473,87,-4768,1184,-2400,523072,-41472,28032,,,,,,
182639665142500,63733863821765,88,-4384,960,-2560,523072,-40256,25472,,,,,,
182639666144800,63733864821557,89,-4704,1472,-1920,522240,-40960,28288,,,,,,
182639667149100,63733865821598,90,-4960,1152,-2272,520960,-40192,28224,,,,,,
182639668169000,63733866821557,91,-4832,1536,-2496,522816,-40128,25984,,,,,,
182639669148200,63733867821723,92,-4768,1120,-2816,521600,-39808,26944,,,,,,
182639670152100,63733868821557,93,-5248,1536,-1984,519744,-41344,26176,,,,,,
182639671148000,63733869821557,94,-4544,1312,-1664,521408,-40768,25728,,,,,,
182639672153300,63733870823723,95,-4736,1120,-2688,522624,-39296,24896,,,,,,
182639673152800,63733871821640,96,-4608,1120,-1920,521280,-37568,25664,,,,,,
182639674147800,63733872821515,97,-4608,832,-1984,520896,-40000,29184,,,,,,
182639675135600,63733873821682,98,-4736,1184,-2144,521600,-39808,24896,,,,,,
182639676151300,63733874821640,99,-5088,1312,-2656,520768,-40256,26048,,,,,,
182639677148000,63733875822598,100,-5056,1696,-2592,519616,-40768,27968,,,,,,
182639678150300,63733876822140,101,-4736,1536,-2304,522688,-41728,28608,,,,,,
182639679212300,63733877821682,102,-4672,1280,-2432,521536,-39872,26240,,,,,,
182639680140400,63733878821640,103,-4704,1408,-2592,522944,-39424,26496,,,,,,
182639681141500,63733879821473,104,-5120,1216,-2432,521792,-40448,26112,,,,,,
182639682146700,63733880822307,105,-4800,800,-2336,522880,-38272,25728,,,,,,
182639683152900,63733881821598,106,-4416,896,-2144,524352,-40512,25472,,,,,,
182639684149800,63733882821557,107,-4992,1504,-2592,523904,-39104,25280,,,,,,
182639685146300,63733883822557,108,-4672,1440,-2496,520256,-40704,27136,,,,,,
182639686146300,63733884821640,109,-4832,1216,-2528,521216,-39232,27200,,,,,,
182639687183900,63733885821598,110,-5152,1216,-2304,521600,-39168,26176,,,,,,
182639688158000,63733886821557,111,-4576,1536,-2624,523904,-39296,24896,,,,,,
182639689146400,63733887825265,112,-4512,1504,-2592,522944,-40256,26560,,,,,,
182639690146200,63733888821765,113,-4576,1088,-2560,519936,-39616,25344,,,,,,
182639691144900,63733889821515,114,-4800,576,-3168,521280,-38912,27840,,,,,,
182639692152100,63733890823223,115,-4864,1152,-2624,521344,-40320,25216,,,,,,
182639693159900,63733891821682,116,-5248,1312,-2624,522496,-40768,26112,,,,,,
182639694157600,63733892822098,117,-4288,1152,-2848,521920,-38848,27136,,,,,,
182639695154100,63733893821682,118,-4576,1472,-2496,521600,-39936,26176,,,,,,
182639696158400,63733894821598,119,-4000,1536,-2560,522368,-39488,25984,,,,,,
182639697179800,63733895821598,120,-5056,1056,-2336,522432,-37760,26688,,,,,,
182639698141200,63733896821473,121,-4896,864,-2368,523200,-39936,25344,,,,,,
182639699157000,63733897823765,122,-5056,1152,-2208,520704,-39488,25216,,,,,,
182639700147500,63733898822432,123,-4960,1088,-2752,521600,-41024,26048,,,,,,
182639701144900,63733899821515,124,-5024,1280,-1856,522240,-39232,24768,,,,,,
182639702144100,63733900823973,125,-4384,1440,-2176,522048,-40256,26368,,,,,,
182639703167500,63733901823182,126,-4992,1696,-3200,521280,-38848,24768,,,,,,
182639704159200,63733902821390,127,-4320,1120,-2528,523840,-39744,26176,,,,,,
182639705143100,63733903821682,128,-4608,928,-2656,523712,-40512,29568,,,,,,
182639706153900,63733904821723,129,-4480,640,-3104,522048,-39552,27520,,,,,,
182639707150000,63733905821640,130,-4480,1184,-2944,523840,-40000,25472,,,,,,
182639708156600,63733906821473,131,-4544,992,-2272,521152,-40320,24640,,,,,,
182639709152500,63733907821973,132,-5088,1184,-2240,521408,-40704,24320,,,,,,
182639710307800,63733908821723,133,-4736,1120,-2752,521728,-41024,24256,,,,,,
182639711143700,63733909821557,134,-4768,1344,-1920,521152,-40640,25728,,,,,,
182639712148500,63733910821848,135,-4960,1280,-2304,523008,-40704,25920,,,,,,
182639713143100,63733911821682,136,-4352,1376,-2048,523136,-40896,25856,,,,,,
182639714142500,63733912821557,137,-4960,1088,-2560,521216,-40960,22912,,,,,,
182639715154100,63733913821515,138,-4896,832,-2240,522240,-39296,26368,,,,,,
182639716142200,63733914821640,139,-4384,960,-2944,521920,-38144,25664,,,,,,
182639717140200,63733915821640,140,-5536,1696,-3136,521152,-39680,26048,,,,,,
182639718143000,63733916821515,141,-4704,800,-1792,523392,-39616,27136,,,,,,
182639719156400,63733917821932,142,-4832,1344,-2432,522112,-38656,28224,,,,,,
182639720155500,63733918822057,143,-5120,992,-2880,521984,-40384,26624,,,,,,
182639721162000,63733919821473,144,-5088,1088,-2304,522304,-38400,26496,,,,,,
182639722141600,63733920823182,145,-5216,992,-2464,522112,-40384,24320,,,,,,
182639723150800,63733921821557,146,-4096,1120,-2112,520896,-38976,27456,,,,,,
182639724157600,63733922821557,147,-5120,1184,-2752,521856,-39616,27264,,,,,,
182639725155600,63733923821390,148,-4704,1216,-1824,521920,-38912,27008,,,,,,
182639726160100,63733924821682,149,-4736,1632,-2592,521536,-39424,26752,,,,,,
182639727152000,63733925822348,150,-4672,1312,-2176,522560,-40256,24256,,,,,,
182639728162400,63733926821473,151,-4576,1472,-1824,523584,-38208,27712,,,,,,
182639729152300,63733927821307,152,-4672,1344,-2560,522624,-40832,26560,,,,,,
182639730159900,63733928821640,153,-4224,1312,-1856,524032,-39168,27072,,,,,,
182639731143600,63733929821515,154,-5536,1408,-2656,521792,-39104,27840,,,,,,
182639732203000,63733930821807,155,-4576,1280,-1568,522176,-38976,25664,,,,,,
182639733145100,63733931821640,156,-4864,1184,-2272,523840,-41664,26624,,,,,,
182639734158100,63733932821473,157,-5344,1440,-2624,522752,-37056,26816,,,,,,
182639735154100,63733933821557,158,-5152,1120,-2112,523264,-40960,25792,,,,,,
182639736147000,63733934821682,159,-4576,1376,-2464,522880,-41088,27264,,,,,,
182639737147200,63733935824140,160,-5696,1472,-2464,523648,-39936,26048,,,,,,
182639738138800,63733936821473,161,-4576,1536,-1952,522560,-38592,27328,,,,,,
182639739145900,63733937821807,162,-5088,1536,-3104,521728,-41728,26432,,,,,,
182639740135600,63733938821640,163,-4032,928,-2592,522624,-40640,25344,,,,,,
182639741142600,63733939821557,164,-4512,992,-2112,523904,-40128,25920,,,,,,
182639742151500,63733940821890,165,-5280,1248,-2528,522944,-41600,24960,,,,,,
182639743142700,63733941821723,166,-4768,1376,-3168,524032,-40128,25920,,,,,,
182639744148900,63733942821640,167,-4160,1280,-1472,523136,-40320,25472,,,,,,
182639745165200,63733943821515,168,-4288,1120,-1952,522112,-39488,26368,,,,,,
182639746149700,63733944821598,169,-5344,1088,-2400,521664,-39488,25280,,,,,,
182639747150700,63733945821557,170,-4672,1376,-2272,521536,-38208,27840,,,,,,
182639748153500,63733946821557,171,-4928,1248,-2080,522880,-40320,24896,,,,,,
182639749149400,63733947822390,172,-4672,1440,-1792,521984,-40320,23616,,,,,,
182639750133500,63733948822765,173,-5056,1376,-1984,521856,-39104,26176,,,,,,
182639751149900,63733949821640,174,-4928,1696,-2592,523136,-41856,25408,,,,,,
182639752156100,63733950821640,175,-4928,2016,-2688,520960,-39232,27584,,,,,,
182639753153700,63733951821557,176,-5120,1504,-3296,521600,-39232,27712,,,,,,
182639754153600,63733952823848,177,-5216,1408,-2144,523968,-37312,25216,,,,,,
182639755161000,63733953821723,178,-5376,1312,-2592,523264,-40832,24256,,,,,,
182639756141600,63733954821682,179,-4960,1472,-2912,521216,-40000,26624,,,,,,
182639757138300,63733955821682,180,-5376,1376,-3232,522496,-41408,27328,,,,,,
182639758147100,63733956821640,181,-4608,896,-2560,520896,-38848,27264,,,,,,
182639759137400,63733957821765,182,-5248,1344,-2976,521984,-40064,28544,,,,,,
182639760148200,63733958821598,183,-4800,1088,-2304,521216,-40576,27840,,,,,,
182639761146600,63733959822890,184,-4448,1568,-2400,521664,-39104,26688,,,,,,
182639762141500,63733960821848,185,-5184,1312,-3104,522304,-41536,26880,,,,,,
182639763145400,63733961821640,186,-4416,1120,-2208,521664,-41024,25088,,,,,,
182639764196200,63733962821640,187,-4864,1376,-1920,522944,-39744,26048,,,,,,
182639765145000,63733963821432,188,-4096,1152,-2528,521408,-40064,25664,,,,,,
182639766142300,63733964821848,189,-5248,1440,-2432,521280,-40704,25408,,,,,,
182639767142400,63733965821515,190,-5184,960,-2272,522432,-40384,26624,,,,,,
182639768156600,63733966821640,191,-4416,672,-2464,520896,-39680,24512,,,,,,
182639769148100,63733967821765,192,-4192,1280,-3072,520128,-39040,26880,,,,,,
182639770151100,63733968821515,193,-5152,1888,-3008,521408,-41280,26048,,,,,,
182639771152600,63733969821473,194,-4832,1408,-2496,521792,-38720,28352,,,,,,
182639772142500,63733970822140,195,-4608,800,-2144,522368,-40512,23744,,,,,,
182639773135300,63733971821557,196,-4736,1184,-2400,522304,-39040,24896,,,,,,
182639774135200,63733972823140,197,-4320,1408,-2464,521088,-37760,26496,,,,,,
182639775137700,63733973821557,198,-4960,1408,-2816,520960,-39616,25216,,,,,,
182639776153700,63733974821723,199,-4960,1216,-2080,521344,-40640,26432,,,,,,
182639777139100,63733975821765,200,-4768,928,-3328,522432,-38848,25984,,,,,,
182639778150900,63733976822140,201,-4736,1312,-2112,523072,-38592,24768,,,,,,
182639779154700,63733977821848,202,-4672,1440,-1920,522624,-40000,25984,,,,,,
182639780150300,63733978821640,203,-4544,1472,-2752,522944,-40000,26688,,,,,,
182639781151400,63733979821640,204,-4608,1152,-2336,522944,-39936,24832,,,,,,
182639782133400,63733980823098,205,-4832,1056,-2016,522688,-39808,25728,,,,,,
182639783149900,63733981821890,206,-4768,1408,-3168,520384,-38720,24320,,,,,,
182639784144300,63733982823140,207,-4480,1344,-2688,522496,-39104,27520,,,,,,
182639785145300,63733983821515,208,-4800,1344,-3072,521664,-39424,25472,,,,,,
182639786146100,63733984821723,209,-4576,1728,-2464,521536,-41472,27008,,,,,,
182639787144600,63733985821515,210,-4544,1408,-1664,521664,-40512,25536,,,,,,
182639788156900,63733986821765,211,-4320,1184,-2208,520448,-39936,24512,,,,,,
182639789156300,63733987821848,212,-4704,1504,-2688,521600,-41152,24896,,,,,,
182639790147300,63733988821515,213,-4768,1312,-2496,520064,-39168,26112,,,,,,
182639791160600,63733989822265,214,-5120,1280,-2624,521216,-39680,26752,,,,,,
182639792135500,63733990823932,215,-4256,1088,-2560,522112,-40192,26816,,,,,,
182639793137900,63733991822307,216,-4704,1248,-2848,520640,-40256,30080,,,,,,
182639794145300,63733992821640,217,-4928,1504,-2080,520960,-39488,27712,,,,,,
182639795151900,63733993821390,218,-4640,1568,-2144,521408,-39680,28160,,,,,,
182639796152900,63733994821807,219,-5248,1152,-2848,521280,-39168,25856,,,,,,
182639797140000,63733995822557,220,-5344,832,-2272,522816,-39424,26240,,,,,,
182639798137700,63733996821515,221,-5248,1216,-2208,523136,-39872,26752,,,,,,
182639799139300,63733997821765,222,-4736,1184,-1952,522048,-39616,24960,,,,,,
182639800133500,63733998821598,223,-4608,960,-2176,522432,-38784,26688,,,,,,
182639801133900,63733999821598,224,-4192,1152,-2688,521536,-39808,26048,,,,,,
182639802152600,63734000821515,225,-4864,1248,-2560,522688,-41216,24704,,,,,,
182639803154400,63734001821723,226,-4416,1376,-1888,521984,-39552,25536,,,,,,
182639804148600,63734002821557,227,-4672,1184,-2432,521728,-39680,26176,,,,,,
182639805150600,63734003821473,228,-5344,1472,-2976,522304,-38720,28864,,,,,,
182639806205500,63734004821682,229,-4544,1120,-1984,522560,-39808,25728,,,,,,
182639807145000,63734005821640,230,-4800,1440,-2464,520832,-42496,26624,,,,,,
182639808147600,63734006823015,231,-4800,1280,-2336,519872,-39232,24704,,,,,,
182639809156400,63734007821682,232,-5088,1248,-2880,520768,-39872,23936,,,,,,
182639810145000,63734008821598,233,-4480,928,-2368,522048,-39808,25344,,,,,,
182639811183600,63734009821640,234,-4416,1376,-2048,520192,-38976,25152,,,,,,
182639812143700,63734010824265,235,-4128,1632,-2144,522688,-39936,25984,,,,,,
182639813204700,63734011821432,236,-4448,1344,-2464,521408,-40320,26752,,,,,,
182639814133900,63734012821598,237,-4992,1280,-1888,521856,-38208,27776,,,,,,
182639815135900,63734013821432,238,-5024,1216,-2304,522816,-41216,27008,,,,,,
182639816134500,63734014821765,239,-4960,1408,-2112,521856,-39552,26688,,,,,,
182639817149300,63734015821557,240,-4448,1440,-1952,521088,-39936,24896,,,,,,
182639818151400,63734016821640,241,-4992,1856,-3328,522688,-40512,25920,,,,,,
182639819146000,63734017821765,242,-4640,1568,-1856,521856,-40384,26304,,,,,,
182639820152100,63734018821640,243,-4736,1280,-2240,522368,-42944,24256,,,,,,
182639821270200,63734019826348,244,-5536,1216,-3104,521344,-39232,24576,,,,,,
182639822144900,63734020827432,245,-4608,1024,-2048,521216,-40064,25536,,,,,,
182639823150600,63734021823265,246,-5184,2016,-2400,522880,-40832,26560,,,,,,
182639824151600,63734022821598,247,-4608,1664,-2752,523072,-40000,26880,,,,,,
182639825153600,63734023821515,248,-4096,1536,-2624,520832,-41216,24448,,,,,,
182639826153300,63734024821723,249,-4928,1472,-2144,520448,-39936,25920,,,,,,
182639827140800,63734025821473,250,-4960,960,-2432,520960,-39488,25920,,,,,,
182639828154000,63734026823057,251,-5248,1120,-2240,520832,-40320,26112,,,,,,
182639829145600,63734027821723,252,-4928,1664,-2048,521216,-39168,25024,,,,,,
182639830137500,63734028822557,253,-4672,1408,-2208,521472,-40832,25280,,,,,,
182639831140400,63734029821598,254,-4928,1632,-2400,521152,-40640,26496,,,,,,
182639832150300,63734030821515,255,-4384,1216,-2880,523264,-38912,27392,,,,,,
182639833150400,63734031821765,0,-5344,1312,-2464,523456,-40832,28224,,,,,,
182639834152100,63734032821682,1,-4224,1184,-2208,523712,-40960,25984,,,,,,
182639835289400,63734033821598,2,-5216,1568,-2304,520128,-40768,27520,,,,,,
182639836151500,63734034821723,3,-3936,1440,-2048,521088,-41536,24640,,,,,,
182639837149200,63734035821515,4,-4896,1344,-2560,522432,-40448,24960,,,,,,
182639838138400,63734036822848,5,-4416,1120,-1728,521920,-39168,28352,,,,,,
182639839136600,63734037821640,6,-4960,1216,-2656,521344,-39552,25984,,,,,,
182639840152700,63734038821598,7,-4928,1344,-2176,521920,-39552,25536,,,,,,
182639841154100,63734039822390,8,-4832,1216,-3072,522048,-40256,26688,,,,,,
182639842152100,63734040821515,9,-4736,1472,-3040,522688,-40320,27968,,,,,,
182639843177800,63734041821682,10,-4544,1440,-2592,522752,-40576,26112,,,,,,
182639844156500,63734042821515,11,-5312,1408,-2432,520768,-38400,24896,,,,,,
182639845161100,63734043821640,12,-4704,800,-2208,522240,-40320,27008,,,,,,
182639846165100,63734044821640,13,-5024,1312,-3008,520960,-39552,25664,,,,,,
182639847161500,63734045821515,14,-4608,1152,-2304,521792,-39808,24768,,,,,,
182639848153900,63734046822182,15,-4608,896,-2656,520064,-41536,25728,,,,,,
182639849156000,63734047822348,16,-4672,1344,-3104,523392,-39872,26624,,,,,,
182639850158800,63734048824848,17,-5408,1056,-2400,521216,-39616,25728,,,,,,
182639851159700,63734049821515,18,-5152,1344,-3008,521280,-40576,27136,,,,,,
182639852154400,63734050821515,19,-4864,1344,-2624,521600,-38976,27456,,,,,,
182639853160300,63734051821682,20,-4736,960,-3104,522624,-38144,26816,,,,,,
182639854151800,63734052821515,21,-4736,1344,-3168,521088,-41088,28480,,,,,,
182639855150800,63734053822390,22,-4800,1248,-2304,523712,-37952,25216,,,,,,
182639856170800,63734054821598,23,-4352,1504,-2848,523008,-41088,25024,,,,,,
182639857158500,63734055821515,24,-4320,1376,-2752,522240,-38208,24960,,,,,,
182639858151300,63734056821557,25,-4256,960,-2272,522368,-41472,24704,,,,,,
182639859157700,63734057821390,26,-5024,1440,-2784,521344,-38272,27392,,,,,,
182639860343400,63734058822432,27,-4672,1312,-2400,522496,-39936,26112,,,,,,
182639861143500,63734059821598,28,-4288,1152,-2304,522432,-40832,25536,,,,,,
182639862153200,63734060823640,29,-4416,896,-2496,521536,-38976,24832,,,,,,
182639863394300,63734061821890,30,-5344,1568,-2944,523264,-38528,25152,,,,,,
182639864264100,63734062821515,31,-4704,1344,-2496,521472,-39360,26496,,,,,,
182639865293800,63734063821473,32,-4640,1056,-2048,521728,-38144,28352,,,,,,
182639866138200,63734064821598,33,-4800,1664,-2464,522816,-39488,26624,,,,,,
182639867164700,63734065822140,34,-5152,1152,-3072,522688,-39616,26176,,,,,,
182639868157000,63734066821640,35,-4608,1536,-2336,520320,-39616,24896,,,,,,
182639869158600,63734067821432,36,-4480,1184,-2656,522048,-40256,25088,,,,,,
182639870147700,63734068821682,37,-4576,1440,-2464,521024,-40960,26432,,,,,,
182639871163700,63734069821515,38,-4992,1632,-2080,521216,-40192,26112,,,,,,
182639872166100,63734070821432,39,-5088,1088,-2592,522432,-40000,25856,,,,,,
182639873158700,63734071821765,40,-4960,1024,-2272,521408,-39296,25792,,,,,,
182639874154900,63734072821473,41,-5280,1280,-2464,521728,-39872,26112,,,,,,
182639875158700,63734073821598,42,-5216,1280,-2592,522240,-41152,27072,,,,,,
182639876186400,63734074821640,43,-4800,1216,-2720,520704,-40192,24384,,,,,,
182639877158000,63734075822348,44,-4800,1280,-1856,520128,-40320,27328,,,,,,
182639878187500,63734076821723,45,-4864,1856,-2560,522304,-40320,23232,,,,,,
182639879161600,63734077821473,46,-5312,1536,-2912,521600,-38912,27008,,,,,,
182639880171100,63734078821682,47,-5088,992,-2304,521920,-39232,25984,,,,,,
182639881158600,63734079821473,48,-4800,1248,-2112,521600,-41216,26112,,,,,,
182639882151800,63734080821515,49,-4640,1312,-2048,522432,-40896,28160,,,,,,
182639883155100,63734081821640,50,-5120,1184,-2272,521984,-40128,23808,,,,,,
182639884154700,63734082821640,51,-4928,1248,-2400,521792,-38592,26624,,,,,,
182639885324400,63734083822973,52,-4640,1600,-2208,522688,-39424,25920,,,,,,
182639886147100,63734084821557,53,-4192,1376,-2816,520832,-41280,25792,,,,,,
182639887156200,63734085821807,54,-4896,1216,-2592,522112,-39680,26560,,,,,,
182639888167100,63734086821348,55,-4928,768,-1920,522688,-41024,26176,,,,,,
182639889159000,63734087821349,56,-4384,1440,-2240,520512,-40896,25792,,,,,,
182639890158900,63734088821765,57,-4416,1216,-1856,521600,-39488,26048,,,,,,
182639891156700,63734089821474,58,-4544,1216,-3168,521280,-39680,25920,,,,,,
182639892154300,63734090821682,59,-4928,1536,-2432,520768,-41728,24960,,,,,,
182639893155400,63734091821682,60,-4384,1120,-1696,523136,-39360,26368,,,,,,
182639894178700,63734092821474,61,-4480,1184,-2976,523264,-39744,26880,,,,,,
182639895190200,63734093821557,62,-4992,1504,-2816,522368,-38272,25024,,,,,,
182639896172400,63734094821682,63,-4288,896,-2016,520576,-42048,27968,,,,,,
182639897158200,63734095824682,64,-4896,1184,-2656,524096,-39680,26624,,,,,,
182639898156200,63734096821432,65,-5344,1376,-3232,523264,-39616,27072,,,,,,
182639899154300,63734097821307,66,-4672,1344,-1888,521920,-40512,24640,,,,,,
182639900147700,63734098821640,67,-4352,1472,-2304,522688,-41024,23872,,,,,,
182639901151100,63734099821515,68,-4768,1472,-2784,521216,-39360,27200,,,,,,
182639902140600,63734100821557,69,-5152,1248,-2112,521664,-41728,26624,,,,,,
182639903413800,63734101822390,70,-4736,1376,-2848,521920,-40000,28416,,,,,,
182639904160400,63734102821515,71,-5408,1056,-2144,521152,-39552,25472,,,,,,
182639905151200,63734103821515,72,-4736,1120,-2208,520576,-41344,29440,,,,,,
182639906149500,63734104821640,73,-5152,1280,-2912,521536,-38464,25856,,,,,,
182639907149300,63734105821599,74,-4608,1408,-2368,521408,-40064,26432,,,,,,
182639908149800,63734106821640,75,-4288,1152,-2368,522368,-40576,26880,,,,,,
182639909178400,63734107822932,76,-4960,1568,-2272,521728,-38400,26048,,,,,,
182639910293200,63734108821682,77,-4768,1216,-2336,521088,-39424,24960,,,,,,
182639911151100,63734109821474,78,-4288,1312,-1984,520704,-38592,27200,,,,,,
182639912150300,63734110821599,79,-5248,1280,-2400,521344,-40896,26560,,,,,,
182639913150700,63734111821765,80,-4608,1568,-2272,522688,-39872,27072,,,,,,
182639914142200,63734112822974,81,-4736,1216,-2144,520832,-39616,26048,,,,,,
182639915140400,63734113821557,82,-5248,896,-2304,519680,-39424,26496,,,,,,
182639916138900,63734114821724,83,-4896,1024,-2560,522944,-39936,27712,,,,,,
182639917152800,63734115821807,84,-4640,1216,-2304,521536,-39680,24768,,,,,,
182639918153100,63734116821432,85,-5376,1408,-2752,521536,-40512,26240,,,,,,
182639919156900,63734117821515,86,-4832,1536,-2272,524352,-40896,26560,,,,,,
182639920156600,63734118821640,87,-4480,1088,-2080,521088,-39232,27584,,,,,,
182639921173500,63734119821557,88,-5472,1792,-2784,522880,-39104,26560,,,,,,
182639922153000,63734120821515,89,-4800,1024,-2400,521536,-40704,25280,,,,,,
182639923159600,63734121821640,90,-4672,1568,-3232,522752,-40320,26496,,,,,,
182639924152500,63734122821640,91,-4448,1120,-1696,522368,-40256,26944,,,,,,
182639925150400,63734123821474,92,-4960,1440,-2528,523776,-39424,25728,,,,,,
182639926155000,63734124822057,93,-4832,1312,-2656,521408,-41408,27072,,,,,,
182639927143300,63734125821682,94,-4768,1440,-2432,519552,-40256,26240,,,,,,
182639928158900,63734126821432,95,-4992,992,-2112,521792,-38144,25664,,,,,,
182639929159000,63734127822890,96,-4768,1280,-2400,520384,-40320,25920,,,,,,
182639930163000,63734128821640,97,-4800,1440,-3008,520960,-40512,29248,,,,,,
182639931148500,63734129821557,98,-4672,1280,-2496,522368,-40960,27712,,,,,,
182639932150600,63734130821599,99,-4896,1216,-2336,520576,-39232,26176,,,,,,
182639933150700,63734131821724,100,-5152,1376,-2528,521152,-38592,23168,,,,,,
182639934148600,63734132821640,101,-5280,1184,-3104,521920,-38592,26112,,,,,,
182639935305300,63734133821599,102,-4608,1376,-2848,522048,-41728,27008,,,,,,
182639936154500,63734134823307,103,-4352,1216,-2688,521792,-39552,26880,,,,,,
182639937157400,63734135821724,104,-4864,1472,-2464,521472,-39424,27584,,,,,,
182639938156300,63734136821515,105,-4256,1504,-1984,521024,-40512,27392,,,,,,
182639939147000,63734137821515,106,-4768,1216,-2240,524288,-40448,26688,,,,,,
182639940150000,63734138821557,107,-4640,1312,-2368,520128,-38784,27520,,,,,,
182639941152600,63734139821474,108,-5408,1216,-2752,521856,-37376,26432,,,,,,
182639942174800,63734140821640,109,-4320,1248,-2336,521088,-38016,27456,,,,,,
182639943150200,63734141821765,110,-4640,1088,-1568,522560,-38784,26688,,,,,,
182639944164200,63734142821599,111,-4672,896,-2176,522240,-39296,25088,,,,,,
182639945169300,63734143821515,112,-4992,1504,-2688,521536,-39424,24960,,,,,,
182639946155900,63734144821474,113,-4128,1344,-1632,521088,-39744,25408,,,,,,
182639947141000,63734145821640,114,-4736,992,-2720,521216,-40064,27008,,,,,,
182639948150000,63734146821474,115,-5152,1088,-2304,520704,-39744,28480,,,,,,
182639949152500,63734147822099,116,-4416,1120,-2752,520832,-40512,27008,,,,,,
182639950153700,63734148821724,117,-4544,1312,-2272,520832,-40256,26176,,,,,,
182639951153200,63734149824515,118,-4928,1376,-2080,522752,-39424,25472,,,,,,
182639952153100,63734150822557,119,-4480,1504,-2720,522752,-39360,25536,,,,,,
182639953168200,63734151821640,120,-4608,1344,-2048,520640,-40512,26880,,,,,,
182639954155700,63734152821807,121,-4992,1280,-2688,522560,-39360,27648,,,,,,
182639955140800,63734153821474,122,-4256,1184,-2656,519552,-37952,25728,,,,,,
182639956150300,63734154821515,123,-4864,1344,-2592,522496,-39808,24384,,,,,,
182639957152600,63734155823599,124,-4672,1632,-2688,524096,-40320,25344,,,,,,
182639958153800,63734156821474,125,-5248,1088,-2304,520576,-40000,25920,,,,,,
182639959151600,63734157821515,126,-4768,1152,-1920,521984,-38912,25472,,,,,,
182639960314700,63734158821640,127,-4864,1664,-2880,523712,-39168,25344,,,,,,
182639961147600,63734159821140,128,-5120,1216,-2112,521984,-40896,25152,,,,,,
182639962179700,63734160821974,129,-4992,1344,-2624,520512,-39424,25024,,,,,,
182639963152100,63734161821682,130,-4672,1216,-2272,522560,-40640,28224,,,,,,
182639964142800,63734162821599,131,-5120,1088,-1824,521216,-41280,24768,,,,,,
182639965143700,63734163821515,132,-4960,1376,-1824,524416,-41152,25152,,,,,,
182639966152000,63734164821599,133,-4544,1440,-2336,521024,-39168,23232,,,,,,
182639967151500,63734165821557,134,-4320,896,-2464,522048,-41152,24704,,,,,,
182639968153900,63734166821515,135,-4448,1536,-2496,522752,-40000,26624,,,,,,
182639969139900,63734167822932,136,-4448,1696,-2240,522304,-40512,23744,,,,,,
182639970163500,63734168821557,137,-4896,1312,-2144,521088,-40512,29440,,,,,,
182639971151500,63734169821599,138,-4928,1920,-2496,522112,-41792,26176,,,,,,
182639972167400,63734170821432,139,-4384,672,-2368,522496,-39040,25920,,,,,,
182639973147800,63734171824974,140,-4896,1056,-2496,522112,-40192,22912,,,,,,
182639974151600,63734172821640,141,-5024,1312,-2496,520832,-40064,27456,,,,,,
182639975179700,63734173821432,142,-4672,1408,-3040,520128,-39488,24000,,,,,,
182639976150500,63734174821515,143,-4992,1440,-2208,523200,-40640,27328,,,,,,
182639977138100,63734175821557,144,-4128,1536,-1920,520704,-40064,26944,,,,,,
182639978156300,63734176822057,145,-5088,1280,-2784,521280,-38016,25984,,,,,,
182639979147200,63734177821474,146,-4320,1888,-2144,522368,-38528,27136,,,,,,
182639980156200,63734178822932,147,-4992,1376,-2720,522112,-39360,28480,,,,,,
182639981152300,63734179821682,148,-4320,928,-1952,520128,-38528,23680,,,,,,
182639982150900,63734180821390,149,-4576,1184,-2848,520896,-39040,24064,,,,,,
182639983152500,63734181822057,150,-4704,544,-1952,520704,-41216,26432,,,,,,
182639984154000,63734182821682,151,-5568,1440,-2784,521664,-39488,25792,,,,,,
182639985314100,63734183821474,152,-4736,1280,-1632,521344,-40832,25920,,,,,,
182639986231000,63734184821474,153,-5216,1344,-2656,521344,-39872,24960,,,,,,
182639987157100,63734185821557,154,-4288,1408,-2016,523008,-39936,24768,,,,,,
182639988153800,63734186821474,155,-5248,1120,-2944,521024,-40128,25600,,,,,,
182639989148900,63734187821474,156,-5184,1664,-2656,522176,-41472,27712,,,,,,
182639990153500,63734188821557,157,-4576,896,-1984,521152,-38464,26880,,,,,,
182639991152100,63734189821640,158,-4768,1280,-2112,522816,-40960,26944,,,,,,
182639992155900,63734190823765,159,-5088,1472,-2912,523008,-39872,25792,,,,,,
182639993153200,63734191822307,160,-4960,1440,-3040,521856,-39488,25664,,,,,,
182639994158200,63734192821640,161,-4736,1088,-2432,522944,-38528,28032,,,,,,
182639995147600,63734193821390,162,-5056,928,-2176,520704,-39232,26368,,,,,,
182639996163700,63734194821474,163,-4960,1216,-2240,525312,-39936,27264,,,,,,
182639997157400,63734195822932,164,-4640,768,-2784,520000,-40000,28608,,,,,,
182639998153300,63734196823057,165,-5024,1120,-2016,522432,-39232,23808,,,,,,
182639999154800,63734197821349,166,-4672,864,-2656,521536,-39360,28544,,,,,,
182640000153900,63734198822015,167,-4928,832,-2176,521664,-40192,26816,,,,,,
182640001153400,63734199821599,168,-4512,1152,-2016,521344,-39552,25792,,,,,,
182640002156300,63734200821682,169,-4736,1504,-2208,520128,-40000,24832,,,,,,
182640003179500,63734201821682,170,-4672,1312,-2560,522112,-40704,25792,,,,,,
182640004176400,63734202821557,171,-4992,1312,-2080,520128,-38848,27776,,,,,,
182640005157900,63734203821599,172,-4640,1408,-2592,520576,-40320,27776,,,,,,
182640006139900,63734204821432,173,-4704,1504,-1792,520960,-39680,26624,,,,,,
182640007149500,63734205821474,174,-5088,1248,-2976,520768,-40256,25088,,,,,,
182640008173400,63734206822140,175,-5216,1376,-2752,521728,-38464,28224,,,,,,
182640009153400,63734207821599,176,-4704,1664,-3008,520768,-39872,27136,,,,,,
182640010167800,63734208821432,177,-4672,1120,-2208,520256,-40960,27392,,,,,,
182640011146200,63734209821682,178,-4992,1504,-2048,522176,-39936,26560,,,,,,
182640012143100,63734210823099,179,-5184,1056,-2752,522496,-38848,25984,,,,,,
182640013146300,63734211821724,180,-5088,1280,-3072,523200,-39488,26176,,,,,,
182640014145900,63734212821640,181,-4896,1152,-2496,521152,-40704,26112,,,,,,
182640015143500,63734213821515,182,-4768,1248,-3104,520384,-39168,26496,,,,,,
182640016140600,63734214821515,183,-4896,1152,-1856,521408,-41216,26496,,,,,,
182640017148400,63734215821682,184,-4704,1600,-2272,521088,-40576,26688,,,,,,
182640018151200,63734216821682,185,-5280,992,-2592,519488,-41344,26688,,,,,,
182640019166000,63734217821474,186,-5152,896,-1504,523328,-38656,25728,,,,,,
182640020162000,63734218822640,187,-4832,1568,-2272,522624,-40192,24576,,,,,,
182640021158100,63734219821432,188,-4704,1568,-2688,519936,-39552,26560,,,,,,
182640022146100,63734220821515,189,-5120,1056,-2624,521600,-40128,24320,,,,,,
182640023150800,63734221821724,190,-5184,1056,-2080,522624,-39360,29248,,,,,,
182640024152000,63734222821682,191,-3936,864,-1792,522304,-39808,26752,,,,,,
182640025154000,63734223821599,192,-5280,1568,-2240,522112,-38976,27200,,,,,,
182640026154400,63734224821807,193,-4992,1408,-2560,520448,-39488,27648,,,,,,
182640027140500,63734225821599,194,-4896,1824,-3072,521408,-39552,24768,,,,,,
182640028167800,63734226822974,195,-4800,832,-2240,521984,-39232,27392,,,,,,
182640029170900,63734227821474,196,-5376,1120,-2080,523264,-39168,25472,,,,,,
182640030148400,63734228821640,197,-5152,1472,-2528,522368,-38848,24768,,,,,,
182640031161700,63734229821474,198,-4416,1248,-2176,524288,-40320,25152,,,,,,
182640032140400,63734230826724,199,-5312,1280,-2624,521152,-38976,23552,,,,,,
182640033163800,63734231823307,200,-5184,736,-1600,523712,-39040,27776,,,,,,
182640034151400,63734232821640,201,-5184,1280,-2368,522752,-39232,26880,,,,,,
182640035350800,63734233821515,202,-4736,1504,-2528,523776,-39680,24640,,,,,,
182640036152900,63734234821349,203,-4160,1600,-2208,522240,-40128,26304,,,,,,
182640037160400,63734235822057,204,-4928,928,-2432,521408,-38464,25664,,,,,,
182640038159300,63734236821807,205,-4416,1280,-2080,522752,-39808,27008,,,,,,
182640039148700,63734237821432,206,-5216,1280,-2432,523456,-40576,27008,,,,,,
182640040150200,63734238821724,207,-4480,1248,-1760,522624,-40576,23744,,,,,,
182640041185400,63734239822390,208,-5056,1312,-2592,522624,-39488,25024,,,,,,
182640042151500,63734240822974,209,-4512,1312,-2336,521664,-40000,26432,,,,,,
182640043150800,63734241821599,210,-4448,928,-1984,523200,-42304,27200,,,,,,
182640044140500,63734242821640,211,-4704,1696,-2624,522432,-40256,28160,,,,,,
182640045167400,63734243821515,212,-4704,1184,-1984,522688,-42176,26688,,,,,,
182640046163500,63734244821432,213,-4736,1056,-2176,522368,-39936,27840,,,,,,
182640047147100,63734245821682,214,-4896,1152,-2816,522176,-41536,24000,,,,,,
182640048151700,63734246821515,215,-5120,1312,-2624,522240,-39808,26880,,,,,,
182640049152300,63734247821432,216,-4448,960,-2336,522432,-39936,28480,,,,,,
182640050151700,63734248821640,217,-4480,1312,-1984,521536,-37952,25408,,,,,,
182640051157000,63734249824640,218,-4896,768,-2208,522048,-41216,29952,,,,,,
182640052146300,63734250823890,219,-5024,1376,-2368,520832,-40128,28160,,,,,,
182640053147200,63734251821515,220,-4672,1248,-2560,522560,-37312,24704,,,,,,
182640054168700,63734252821599,221,-4640,800,-2112,521344,-40384,28288,,,,,,
182640055148600,63734253821557,222,-4768,1120,-2560,521664,-39744,27840,,,,,,
182640056151300,63734254822057,223,-4672,960,-2208,522432,-39744,25856,,,,,,
182640057150800,63734255821807,224,-5312,1312,-1920,521536,-39424,26048,,,,,,
182640058154100,63734256821474,225,-4768,1504,-2048,522176,-40448,25728,,,,,,
182640059153500,63734257821390,226,-5216,1152,-2048,522944,-38144,25536,,,,,,
182640060310400,63734258821557,227,-4288,1440,-2464,521728,-40128,23424,,,,,,
182640061156600,63734259821432,228,-4832,1280,-2144,523008,-38080,27008,,,,,,
182640062151900,63734260822349,229,-5568,1408,-3040,522752,-41152,25472,,,,,,
182640063158400,63734261823099,230,-4832,1344,-2400,522560,-39040,24512,,,,,,
182640064159700,63734262821515,231,-5120,1600,-2240,522752,-39104,25216,,,,,,
182640065148800,63734263821599,232,-5920,1408,-2624,522560,-40448,25344,,,,,,
182640066150000,63734264821390,233,-4096,896,-1760,521408,-39360,24896,,,,,,
182640067152700,63734265821599,234,-5568,1600,-2272,522752,-40704,28544,,,,,,
182640068152700,63734266821515,235,-5152,1280,-2336,522496,-40000,24576,,,,,,
182640069159100,63734267822557,236,-4864,1216,-2560,521792,-38656,25088,,,,,,
182640070149400,63734268821682,237,-4928,1344,-2464,522432,-40448,25792,,,,,,
182640071163900,63734269821599,238,-5600,1248,-2560,522432,-41024,25920,,,,,,
182640072141100,63734270821599,239,-4480,1184,-1728,521024,-38528,26048,,,,,,
182640073168500,63734271821557,240,-5152,1472,-2944,522944,-38336,26944,,,,,,
182640074186400,63734272821307,241,-4672,1344,-2208,521984,-38144,25024,,,,,,
182640075150000,63734273821599,242,-4800,1760,-3040,522816,-41472,28864,,,,,,
182640076153100,63734274821390,243,-4960,1632,-2208,522944,-40896,25920,,,,,,
182640077155000,63734275821599,244,-3744,896,-2048,524352,-38912,26432,,,,,,
182640078143800,63734276821474,245,-4928,704,-1696,521856,-41088,27136,,,,,,
182640079172100,63734277821432,246,-3776,1152,-2048,523200,-40256,26304,,,,,,
182640080165100,63734278821849,247,-5120,1312,-2784,520640,-40640,24192,,,,,,
182640081151200,63734279821557,248,-4544,1792,-2400,522560,-40576,25856,,,,,,
182640082152900,63734280821515,249,-5184,1088,-2112,522752,-39168,25472,,,,,,
182640083150700,63734281821390,250,-4960,1152,-2752,522624,-40384,26048,,,,,,
182640084148800,63734282823057,251,-5088,1344,-3360,522176,-42304,27328,,,,,,
182640085313900,63734283821599,252,-4672,1344,-2176,520448,-41344,25536,,,,,,
182640086185900,63734284821390,253,-4768,1472,-1984,523584,-39744,23808,,,,,,
182640087165900,63734285821640,254,-4640,1088,-2720,522368,-40000,26816,,,,,,
182640088158000,63734286821515,255,-5120,1440,-2944,524032,-41280,26112,,,,,,
182640089149100,63734287821557,0,-4896,960,-2720,521920,-40832,24448,,,,,,
182640090147800,63734288821682,1,-4512,1408,-2048,523008,-41152,27264,,,,,,
182640091152600,63734289821557,2,-4416,992,-2144,522752,-40384,25664,,,,,,
182640092153500,63734290823099,3,-4640,1024,-2240,523264,-40576,25280,,,,,,
182640093154500,63734291822890,4,-5184,1472,-2176,522816,-41152,27904,,,,,,
182640094155700,63734292821599,5,-3904,1440,-1888,520832,-39424,25792,,,,,,
182640095163700,63734293821474,6,-5152,1504,-2880,521408,-38016,25728,,,,,,
182640096158300,63734294822557,7,-4384,1280,-2240,521792,-40576,25664,,,,,,
182640097148900,63734295821807,8,-4928,1536,-2368,522624,-38016,26752,,,,,,
182640098145300,63734296821515,9,-4608,1376,-2688,521856,-38272,26048,,,,,,
182640099153300,63734297821557,10,-4992,1376,-2464,521984,-38912,27712,,,,,,
182640100154100,63734298821890,11,-4896,1728,-2880,522176,-40960,27200,,,,,,
182640101152800,63734299821640,12,-4640,1408,-2496,520576,-41408,27136,,,,,,
182640102152500,63734300821599,13,-4800,1216,-2240,522944,-39872,25792,,,,,,
182640103151100,63734301821557,14,-4448,1504,-2336,522624,-40576,24768,,,,,,
182640104164400,63734302821557,15,-4480,1792,-2048,522240,-39488,24640,,,,,,
182640105158400,63734303821849,16,-4928,1472,-2624,521920,-40384,27200,,,,,,
182640106144400,63734304822140,17,-5280,1408,-2400,522688,-40512,25856,,,,,,
182640107142300,63734305821640,18,-4576,768,-2176,521856,-38848,28416,,,,,,
182640108141100,63734306821390,19,-4736,992,-2400,520512,-40576,25216,,,,,,
182640109165200,63734307821557,20,-5440,1792,-2496,520768,-38848,31168,,,,,,
182640110306800,63734308821474,21,-5056,1440,-2752,524416,-38464,28096,,,,,,
182640111158700,63734309821640,22,-4672,1056,-2272,522560,-38528,23296,,,,,,
182640112170500,63734310821557,23,-4672,1184,-2112,521664,-40384,26688,,,,,,
182640113145800,63734311821474,24,-4832,1536,-2464,521536,-38976,25984,,,,,,
182640114148600,63734312821599,25,-5184,1600,-2368,523008,-39616,25472,,,,,,
182640115145600,63734313821474,26,-4992,1216,-2336,522688,-41600,26048,,,,,,
182640116139700,63734314821474,27,-4256,1120,-1760,522496,-39744,24448,,,,,,
182640117151100,63734315821599,28,-4864,1856,-2048,521856,-40576,26880,,,,,,
182640118149100,63734316821599,29,-4768,1216,-1664,521728,-41664,29632,,,,,,
182640119183700,63734317821599,30,-4960,1440,-3136,522368,-40960,27456,,,,,,
182640120170200,63734318821432,31,-4256,1600,-2688,521408,-41792,28416,,,,,,
182640121151200,63734319821640,32,-4832,1376,-3136,522112,-39296,27520,,,,,,
182640122146100,63734320822307,33,-4544,1440,-2400,522432,-40320,26048,,,,,,
182640123148600,63734321821349,34,-4896,1152,-2016,521216,-40704,29376,,,,,,
182640124152300,63734322821682,35,-4960,1472,-2912,523200,-38912,26048,,,,,,
182640125154100,63734323821515,36,-4768,1152,-3360,521280,-40896,26944,,,,,,
182640126152100,63734324821349,37,-4768,1344,-2464,520256,-39936,25856,,,,,,
182640127144100,63734325822557,38,-4896,1152,-2368,522048,-38976,27968,,,,,,
182640128186900,63734326823474,39,-5088,1312,-2208,520960,-41536,28800,,,,,,
182640129182000,63734327821474,40,-4416,1120,-1216,520704,-41216,24448,,,,,,
182640130164700,63734328821349,41,-4640,1344,-2656,521472,-41600,26688,,,,,,
182640131152600,63734329821557,42,-4992,1120,-2400,520256,-38400,25024,,,,,,
182640132149500,63734330821557,43,-4576,1216,-3040,521920,-38464,27008,,,,,,
182640133153500,63734331821432,44,-4256,1056,-1920,522496,-40064,28736,,,,,,
182640134154100,63734332821807,45,-4384,1312,-1952,522432,-40832,28608,,,,,,
182640135325400,63734333821557,46,-4448,1312,-2688,520896,-39040,28608,,,,,,
182640136319400,63734334821474,47,-4960,1472,-2592,521664,-41216,26432,,,,,,
182640137209800,63734335821765,48,-4544,1312,-2912,521920,-41152,25024,,,,,,
182640138149200,63734336821599,49,-5184,1312,-2624,521792,-38592,26752,,,,,,
182640139176000,63734337822099,50,-4896,1440,-2144,522496,-38976,26944,,,,,,
182640140151200,63734338821349,51,-4640,1120,-2208,522816,-39168,24832,,,,,,
182640141152700,63734339821557,52,-4960,1728,-2368,519744,-41024,26496,,,,,,
182640142147700,63734340821515,53,-4736,1152,-2272,520832,-43328,26496,,,,,,
182640143149900,63734341821474,54,-4544,1344,-2112,520448,-40832,25920,,,,,,
182640144145900,63734342821640,55,-5248,1728,-2848,521088,-41024,27584,,,,,,
182640145155800,63734343821557,56,-4608,1248,-2592,521536,-39360,27008,,,,,,
182640146159800,63734344821557,57,-4640,1472,-2432,521280,-40832,25856,,,,,,
182640147151500,63734345821515,58,-4992,1280,-2368,522048,-38720,27520,,,,,,
182640148149800,63734346821599,59,-4672,704,-2336,521152,-41024,28096,,,,,,
182640149155900,63734347821390,60,-5248,1760,-3424,521344,-40768,27584,,,,,,
182640150156500,63734348821557,61,-4512,928,-1856,522752,-40960,25920,,,,,,
182640151157500,63734349828599,62,-5056,1632,-2880,523584,-42112,24000,,,,,,
182640152145000,63734350823682,63,-5344,1344,-2368,520704,-39872,25344,,,,,,
182640153163500,63734351821890,64,-4800,1312,-2432,521088,-40960,24064,,,,,,
182640154168100,63734352821599,65,-4672,1344,-2688,521088,-38976,27328,,,,,,
182640155158500,63734353821474,66,-4672,1184,-2720,521792,-40576,24960,,,,,,
182640156149700,63734354821557,67,-4704,1504,-2272,521216,-39616,26880,,,,,,
182640157150000,63734355821599,68,-4640,1280,-2400,521152,-39680,24768,,,,,,
182640158153100,63734356823557,69,-4448,1312,-2240,522048,-40256,25280,,,,,,
182640159153400,63734357821515,70,-4608,1312,-2496,521408,-40448,27584,,,,,,
182640160323500,63734358821349,71,-4384,1440,-2272,520896,-40192,24832,,,,,,
182640161158000,63734359821640,72,-5024,1088,-2560,522304,-40640,25920,,,,,,
182640162147600,63734360821765,73,-4480,1312,-2656,522112,-39808,27072,,,,,,
182640163153800,63734361822224,74,-5184,1632,-2944,521664,-38976,22528,,,,,,
182640164143900,63734362821640,75,-4640,1408,-1984,522432,-39872,25344,,,,,,
182640165148100,63734363821557,76,-4544,1248,-2048,521152,-39488,26496,,,,,,
182640166151700,63734364821390,77,-4800,960,-2592,521024,-39616,25664,,,,,,
182640167154100,63734365821515,78,-4672,1024,-2560,522176,-39936,25792,,,,,,
182640168156900,63734366821849,79,-4864,1344,-2240,520896,-41600,24448,,,,,,
182640169154700,63734367822515,80,-4768,992,-2720,520640,-39744,29568,,,,,,
182640170212800,63734368821057,81,-5024,1440,-2208,523328,-38528,27328,,,,,,
182640171175400,63734369821640,82,-4832,1696,-2784,521152,-39552,26304,,,,,,
182640172158400,63734370821515,83,-5120,1408,-2304,523008,-40768,23936,,,,,,
182640173147800,63734371821557,84,-4608,1728,-2400,520192,-39808,22656,,,,,,
182640174162500,63734372821557,85,-4672,1088,-1728,522176,-38528,27840,,,,,,
182640175160100,63734373823724,86,-4448,1216,-2176,521088,-40576,26688,,,,,,
182640176145800,63734374821515,87,-4608,1088,-1952,519744,-41152,28992,,,,,,
182640177151900,63734375821599,88,-4352,1280,-2432,521216,-38976,26368,,,,,,
182640178152800,63734376821474,89,-5184,1248,-2432,523456,-39424,25536,,,,,,
182640179161700,63734377821390,90,-4576,864,-1760,521088,-39360,25856,,,,,,
182640180160700,63734378821432,91,-5280,1280,-2688,521536,-42432,26560,,,,,,
182640181149600,63734379822349,92,-5152,1632,-3296,521664,-40832,26560,,,,,,
182640182149000,63734380821599,93,-4736,1440,-1728,520896,-39104,26816,,,,,,
182640183152300,63734381821474,94,-5024,768,-2016,519488,-39232,26496,,,,,,
182640184150400,63734382821599,95,-5472,1248,-2432,520448,-40128,26368,,,,,,
182640185303000,63734383822099,96,-3872,1344,-2496,521280,-38912,27072,,,,,,
182640186161700,63734384821349,97,-4768,960,-1920,520704,-38144,24576,,,,,,
182640187158200,63734385821599,98,-4448,1312,-1920,518016,-39232,26496,,,,,,
182640188167000,63734386821640,99,-5216,1472,-2656,521216,-38272,24768,,,,,,
182640189168800,63734387821432,100,-5280,1344,-2784,522496,-38720,23680,,,,,,
182640190152300,63734388821390,101,-4672,1536,-2272,521152,-41344,26688,,,,,,
182640191150800,63734389821474,102,-4864,1216,-1824,521344,-39424,26304,,,,,,
182640192153300,63734390821557,103,-5056,832,-2208,520896,-40512,26880,,,,,,
182640193148400,63734391821474,104,-4832,1248,-2240,522176,-39744,27264,,,,,,
182640194153700,63734392821474,105,-4768,1536,-2368,521536,-39424,26304,,,,,,
182640195156000,63734393821599,106,-4896,1120,-2688,521088,-40064,26688,,,,,,
182640196153200,63734394821390,107,-4384,1664,-1632,523456,-40512,25856,,,,,,
182640197142300,63734395821640,108,-5056,736,-1728,520896,-40064,28288,,,,,,
182640198146900,63734396821682,109,-5248,1184,-2496,522112,-40896,27456,,,,,,
182640199153600,63734397821432,110,-5440,1472,-2528,522624,-40320,27712,,,,,,
182640200154000,63734398821390,111,-4576,1408,-2496,524032,-40960,26624,,,,,,
182640201168300,63734399821599,112,-4736,1216,-2208,523264,-39168,27968,,,,,,
182640202146100,63734400821099,113,-4544,1056,-2240,521280,-40000,25472,,,,,,
182640203215300,63734401821724,114,-4864,1088,-3040,520320,-41088,26112,,,,,,
182640204152500,63734402821724,115,-4768,1344,-1856,522176,-40640,24832,,,,,,
182640205156400,63734403821682,116,-4224,1248,-2784,522432,-40192,27968,,,,,,
182640206140700,63734404821390,117,-4736,1280,-2592,523200,-42176,28160,,,,,,
182640207147000,63734405821390,118,-4704,1024,-2336,523264,-38528,26624,,,,,,
182640208148600,63734406821599,119,-4832,1536,-2592,522560,-40256,27712,,,,,,
182640209150100,63734407821557,120,-4928,1216,-1856,522560,-39616,24064,,,,,,
182640210291800,63734408821432,121,-4608,1376,-2368,521024,-42432,26560,,,,,,
182640211162700,63734409821557,122,-4896,1600,-2720,522368,-39808,25920,,,,,,
182640212165700,63734410821599,123,-4320,1056,-2336,520448,-40320,25728,,,,,,
182640213154000,63734411821349,124,-4736,1152,-2336,522624,-39680,28672,,,,,,
182640214150300,63734412821515,125,-4544,1632,-2112,521600,-40064,25280,,,,,,
182640215150000,63734413821599,126,-4192,1312,-2624,522688,-38464,26880,,,,,,
182640216151200,63734414821390,127,-4736,992,-2272,521792,-40896,25216,,,,,,
182640217152500,63734415821724,128,-4864,1536,-2880,521344,-38976,26624,,,,,,
182640218155000,63734416821640,129,-4288,1504,-3456,522176,-39424,25152,,,,,,
182640219154400,63734417821432,130,-4672,1344,-2464,522560,-40000,24768,,,,,,
182640220148900,63734418821432,131,-4992,1280,-2272,523072,-39040,26560,,,,,,
182640221149100,63734419822390,132,-4736,1376,-2432,523904,-38592,25472,,,,,,
182640222147300,63734420821349,133,-5152,992,-2464,524416,-41024,23744,,,,,,
182640223138100,63734421821557,134,-4384,960,-2240,522368,-40384,25472,,,,,,
182640224150000,63734422821640,135,-4544,1248,-2336,522112,-40320,24064,,,,,,
182640225155000,63734423821557,136,-4768,1600,-2464,523456,-40128,28032,,,,,,
182640226152400,63734424821807,137,-4544,1824,-2784,523776,-42752,27392,,,,,,
182640227144300,63734425821307,138,-5376,1216,-2400,523136,-41792,25792,,,,,,
182640228174100,63734426823099,139,-4800,1152,-2400,521536,-40128,25856,,,,,,
182640229153700,63734427821474,140,-5376,1504,-2400,522560,-39360,24768,,,,,,
182640230147800,63734428821557,141,-5504,1120,-2368,521920,-40320,24896,,,,,,
182640231151200,63734429821557,142,-4800,864,-2624,521600,-41472,23104,,,,,,
182640232152000,63734430822432,143,-5088,1600,-2304,523840,-39360,27520,,,,,,
182640233153800,63734431821515,144,-4640,832,-2272,521984,-39872,25984,,,,,,
182640234144400,63734432821599,145,-4384,1344,-1696,523136,-40512,26496,,,,,,
182640235307600,63734433821640,146,-5088,1440,-2176,522240,-39936,26240,,,,,,
182640236198400,63734434821474,147,-5024,1440,-2464,523200,-39744,26880,,,,,,
182640237252500,63734435821474,148,-4960,1632,-3104,522880,-37312,25856,,,,,,
182640238153300,63734436821557,149,-5088,1344,-1920,523712,-40576,27200,,,,,,
182640239152600,63734437821640,150,-5408,1248,-2336,522048,-41344,29056,,,,,,
182640240143700,63734438821432,151,-4832,1408,-2304,521088,-40384,25280,,,,,,
182640241150800,63734439821682,152,-4480,832,-2400,522816,-40640,26048,,,,,,
182640242141800,63734440821474,153,-5056,832,-2752,522816,-38784,23488,,,,,,
182640243151000,63734441821432,154,-4448,1280,-2496,522240,-39104,26432,,,,,,
182640244155200,63734442823265,155,-4800,1888,-2400,521408,-39808,27264,,,,,,
182640245157700,63734443821599,156,-5056,1664,-2784,523584,-39232,26496,,,,,,
182640246160100,63734444821390,157,-4512,1216,-2528,522624,-38720,25408,,,,,,
182640247142600,63734445821390,158,-4736,1312,-2400,522880,-37696,27072,,,,,,
182640248152300,63734446821557,159,-4480,1440,-1792,521408,-40832,24832,,,,,,
182640249152600,63734447821390,160,-3936,1248,-2016,523072,-41280,29376,,,,,,
182640250150900,63734448821265,161,-4512,1120,-1888,521600,-40832,29312,,,,,,
182640251156700,63734449822182,162,-4928,1760,-2240,522752,-38656,26112,,,,,,
182640252152000,63734450821640,163,-4704,1056,-2080,520960,-39040,27648,,,,,,
182640253147600,63734451821390,164,-4800,1056,-2240,522624,-39168,25728,,,,,,
182640254165200,63734452821724,165,-4736,1536,-1920,521472,-39296,26560,,,,,,
182640255148800,63734453821474,166,-4672,1760,-2816,521216,-38720,26880,,,,,,
182640256153000,63734454821640,167,-4640,1440,-2144,521984,-38976,29184,,,,,,
182640257156400,63734455824974,168,-4704,1312,-1760,523008,-40192,25344,,,,,,
182640258153500,63734456821515,169,-4992,1344,-2848,521472,-40064,25600,,,,,,
182640259154300,63734457821515,170,-5216,1376,-2240,523968,-40832,26816,,,,,,
182640260141700,63734458821432,171,-5216,1280,-2144,521472,-41408,28032,,,,,,
182640261155100,63734459821557,172,-5216,1344,-1920,524544,-40064,24320,,,,,,
182640262163900,63734460821557,173,-4800,1504,-2848,523840,-40832,26368,,,,,,
182640263150700,63734461821432,174,-4608,1248,-2528,522304,-39360,27008,,,,,,
182640264147400,63734462821557,175,-4960,1248,-2176,522304,-39808,25152,,,,,,
182640265156300,63734463821640,176,-4320,864,-2112,522304,-39360,25920,,,,,,
182640266157300,63734464821474,177,-5280,1504,-2944,521408,-39040,27328,,,,,,
182640267152500,63734465821390,178,-5120,832,-2080,521408,-40640,25984,,,,,,
182640268157700,63734466821557,179,-4224,1408,-2112,522432,-38528,27072,,,,,,
182640269193500,63734467821557,180,-4960,1472,-1792,521344,-40320,25024,,,,,,
182640270144000,63734468821390,181,-4512,1056,-2592,522560,-39232,24768,,,,,,
182640271166100,63734469821724,182,-4576,1504,-2944,522624,-41088,25856,,,,,,
182640272151300,63734470822390,183,-4800,1280,-2272,523648,-40704,26880,,,,,,
182640273148600,63734471821390,184,-4864,1152,-2624,522112,-39232,26560,,,,,,
182640274149700,63734472821807,185,-4704,1216,-2368,524736,-40128,28160,,,,,,
182640275154000,63734473823015,186,-5344,1152,-2432,524032,-40448,26624,,,,,,
182640276150400,63734474822390,187,-5024,1248,-2080,522560,-39744,25024,,,,,,
182640277152100,63734475822182,188,-4800,1504,-2624,522688,-40192,27328,,,,,,
182640278164700,63734476821599,189,-4864,1408,-3104,522240,-41152,27008,,,,,,
182640279152400,63734477821557,190,-4416,1312,-1600,523008,-41024,25728,,,,,,
182640280144800,63734478821390,191,-4384,960,-2336,520000,-39232,28096,,,,,,
182640281149200,63734479823182,192,-4576,1376,-2720,522432,-39872,26112,,,,,,
182640282153600,63734480821599,193,-4768,1152,-2272,523200,-39616,26624,,,,,,
182640283152500,63734481821474,194,-4896,1312,-2400,520768,-39616,23936,,,,,,
182640284154800,63734482821682,195,-4672,960,-2528,522432,-40256,25856,,,,,,
182640285142600,63734483821474,196,-4896,1696,-2656,523264,-39424,23680,,,,,,
182640286156100,63734484821140,197,-4608,1344,-2784,523136,-39488,26560,,,,,,
182640287158600,63734485821432,198,-4544,864,-2592,523392,-39552,25280,,,,,,
182640288154300,63734486821515,199,-5152,1664,-2112,522560,-39808,28672,,,,,,
182640289149300,63734487821557,200,-4512,1184,-2624,522688,-40448,27712,,,,,,
182640290155900,63734488821265,201,-4768,1504,-2624,522048,-39104,25920,,,,,,
182640291150800,63734489821682,202,-4640,1632,-2912,522432,-39232,25600,,,,,,
182640292156800,63734490821724,203,-5536,1280,-2208,522304,-40576,26432,,,,,,
182640293152000,63734491823599,204,-4672,704,-2240,522112,-41600,24320,,,,,,
182640294147700,63734492821390,205,-4512,1024,-2496,522624,-40192,26496,,,,,,
182640295158100,63734493821515,206,-5184,928,-2528,522624,-39104,25600,,,,,,
182640296151400,63734494822599,207,-4800,1280,-2048,522624,-39168,25728,,,,,,
182640297150500,63734495821474,208,-4800,1504,-2592,523392,-40256,27456,,,,,,
182640298150300,63734496821265,209,-4864,1088,-2208,522624,-40256,26816,,,,,,
182640299152700,63734497822974,210,-4896,1376,-2624,522752,-40512,24832,,,,,,
182640300153400,63734498821390,211,-4640,1280,-2720,522048,-39680,25984,,,,,,
182640301154000,63734499821724,212,-5472,928,-2464,523776,-40896,25216,,,,,,
182640302185500,63734500821640,213,-4864,1344,-2624,521280,-41664,26432,,,,,,
182640303165400,63734501821224,214,-5120,1536,-2880,521984,-38208,27840,,,,,,
182640304157500,63734502821349,215,-4832,832,-2272,519168,-38720,25920,,,,,,
182640305147700,63734503821515,216,-5024,1184,-2272,520768,-40384,26368,,,,,,
182640306145000,63734504821515,217,-4832,1728,-2080,524096,-41344,25728,,,,,,
182640307158000,63734505821390,218,-4576,768,-2208,522624,-39360,27200,,,,,,
182640308155200,63734506821640,219,-4832,736,-2784,520832,-39552,23872,,,,,,
182640309139800,63734507821557,220,-5344,1024,-2528,522112,-39104,24896,,,,,,
182640310142400,63734508821432,221,-4640,928,-1888,520384,-40320,25344,,,,,,
182640311149400,63734509821599,222,-4672,1312,-2336,519488,-40576,23808,,,,,,
182640312165200,63734510821682,223,-4640,1408,-2304,520192,-40704,27968,,,,,,
182640313158600,63734511821515,224,-4832,1664,-2304,523008,-39424,25472,,,,,,
182640314148700,63734512821474,225,-4800,1024,-1568,522304,-39744,25216,,,,,,
182640315151300,63734513821599,226,-4608,1440,-2976,520384,-40640,26240,,,,,,
182640316152200,63734514821474,227,-4416,1472,-2240,521792,-39808,26176,,,,,,
182640317149000,63734515821432,228,-5408,1568,-2208,521088,-39552,24768,,,,,,
182640318151700,63734516821640,229,-4256,1312,-2208,521792,-39168,25152,,,,,,
182640319157200,63734517821599,230,-4576,1440,-2432,523008,-39680,25920,,,,,,
182640320192200,63734518821390,231,-4704,896,-2048,523008,-39744,25728,,,,,,
182640321150800,63734519821682,232,-4384,800,-1984,522624,-40128,26688,,,,,,
182640322140900,63734520821599,233,-4416,1344,-2304,522176,-39104,26432,,,,,,
182640323142100,63734521822974,234,-4544,1376,-2880,522496,-40384,25920,,,,,,
182640324139800,63734522821515,235,-5248,1024,-2592,520960,-38656,25408,,,,,,
182640325150800,63734523822224,236,-4224,1184,-2304,521792,-40192,25856,,,,,,
182640326155400,63734524821557,237,-4928,1312,-2720,520704,-40000,26432,,,,,,
182640327151000,63734525821515,238,-5056,1408,-1952,523456,-39744,25920,,,,,,
182640328172300,63734526822849,239,-4640,992,-2144,521152,-40576,26880,,,,,,
182640329174600,63734527821432,240,-4096,1088,-2464,520640,-40448,26880,,,,,,
182640330154100,63734528822015,241,-4448,1280,-2464,521344,-40768,23424,,,,,,
182640331151600,63734529821640,242,-4832,1248,-1888,520256,-39680,26432,,,,,,
182640332152500,63734530821515,243,-5248,960,-2048,521472,-39168,26112,,,,,,
182640333154300,63734531821474,244,-4736,1472,-2624,521024,-40704,25472,,,,,,
182640334151800,63734532823057,245,-4896,992,-2656,521728,-39616,26112,,,,,,
182640335193200,63734533821182,246,-4736,1312,-2176,519744,-39744,25152,,,,,,
182640336153500,63734534821599,247,-4480,1376,-2560,520832,-41472,24192,,,,,,
182640337161000,63734535821307,248,-4960,1184,-1792,523136,-39872,24320,,,,,,
182640338154600,63734536821640,249,-4576,1408,-2688,522496,-38336,25728,,,,,,
182640339151800,63734537822307,250,-4832,832,-2112,521280,-39936,26240,,,,,,
182640340151300,63734538822224,251,-4448,1024,-2656,521216,-39168,25792,,,,,,
182640341156900,63734539821682,252,-5216,1376,-2848,522816,-39104,24768,,,,,,
182640342190500,63734540822765,253,-3936,1376,-2048,522112,-40512,23680,,,,,,
182640343151000,63734541821474,254,-5280,1152,-1728,522752,-38656,23104,,,,,,
182640344185700,63734542821390,255,-5216,1312,-2976,522560,-40000,25216,,,,,,
182640345168400,63734543822182,0,-4832,1600,-2752,523200,-39872,24896,,,,,,
182640346159100,63734544821599,1,-4864,1152,-2688,522240,-41984,27392,,,,,,
182640347151500,63734545821432,2,-4640,960,-1792,522496,-41472,26496,,,,,,
182640348149400,63734546821724,3,-4832,1568,-2720,522496,-38656,25152,,,,,,
182640349151800,63734547821515,4,-4928,1184,-2368,523968,-41856,27008,,,,,,
182640350153000,63734548821515,5,-4448,1056,-1888,522944,-38912,28224,,,,,,
182640351151000,63734549821765,6,-4896,1472,-2304,522496,-39104,24768,,,,,,
182640352150300,63734550826849,7,-4960,1184,-2464,521856,-39936,24960,,,,,,
182640353226900,63734551823890,8,-4512,1408,-2336,523776,-39168,26176,,,,,,
182640354154000,63734552821349,9,-5024,1152,-2176,519872,-40000,23104,,,,,,
182640355156700,63734553823015,10,-4928,1088,-2336,522240,-41024,27776,,,,,,
182640356153200,63734554821390,11,-4800,640,-2784,521344,-40832,27200,,,,,,
182640357151900,63734555821599,12,-4576,1664,-2592,521472,-41344,29184,,,,,,
182640358152600,63734556821640,13,-5056,1504,-2368,520064,-39424,28032,,,,,,
182640359152800,63734557821515,14,-5024,832,-2048,524544,-39232,26624,,,,,,
182640360141200,63734558821599,15,-4960,960,-2432,520832,-41088,26944,,,,,,
182640361157800,63734559821515,16,-5216,1248,-2848,521984,-39680,24320,,,,,,
182640362156000,63734560821557,17,-4832,1280,-1984,521664,-39040,26112,,,,,,
182640363147800,63734561822557,18,-4800,1248,-2592,522624,-38272,26816,,,,,,
182640364149500,63734562821349,19,-4512,1184,-2208,522624,-40896,26048,,,,,,
182640365150300,63734563821599,20,-4384,896,-2080,520704,-40640,24512,,,,,,
182640366152900,63734564821349,21,-4896,1120,-2752,521024,-39104,26432,,,,,,
182640367153000,63734565821182,22,-5184,1632,-3040,521728,-38656,26944,,,,,,
182640368151800,63734566821640,23,-4608,928,-2208,522432,-40064,27648,,,,,,
182640369145200,63734567823515,24,-4608,1088,-2144,522304,-40256,27840,,,,,,
182640370283900,63734568821432,25,-4768,1312,-3008,521792,-38976,25280,,,,,,
182640371153600,63734569821599,26,-4832,1472,-2528,523456,-38912,26368,,,,,,
182640372145900,63734570821557,27,-4384,1504,-1984,522176,-39936,26752,,,,,,
182640373152200,63734571821474,28,-4448,992,-2592,522944,-40448,26816,,,,,,
182640374150600,63734572821349,29,-4576,1280,-1888,521664,-39360,25792,,,,,,
182640375154000,63734573822182,30,-4768,1120,-2688,521792,-38272,27008,,,,,,
182640376150300,63734574821515,31,-3904,1184,-2080,523456,-41024,26624,,,,,,
182640377144200,63734575821349,32,-4800,1056,-2624,521344,-40192,27648,,,,,,
182640378178000,63734576821599,33,-4576,1344,-2304,522880,-38848,27392,,,,,,
182640379154400,63734577821390,34,-3904,1632,-1696,521344,-40704,25472,,,,,,
182640380153900,63734578821474,35,-4192,896,-1920,523968,-39104,23872,,,,,,
182640381147900,63734579821557,36,-4672,1632,-2496,522368,-39552,25536,,,,,,
182640382156400,63734580824307,37,-5088,1888,-2784,523904,-42688,27200,,,,,,
182640383156600,63734581821474,38,-5024,1216,-1664,522048,-38976,25152,,,,,,
182640384154000,63734582821349,39,-4928,1824,-2272,522048,-39168,23744,,,,,,
182640385138100,63734583821557,40,-4768,1408,-2336,522752,-38336,25536,,,,,,
182640386155700,63734584821599,41,-4864,1344,-2208,523072,-39680,26240,,,,,,
182640387157000,63734585822432,42,-4704,1472,-1920,522752,-41408,25472,,,,,,
182640388151100,63734586821557,43,-4352,1024,-2240,522432,-41536,25600,,,,,,
182640389151000,63734587821432,44,-4896,1120,-2368,521664,-40064,24896,,,,,,
182640390151700,63734588821390,45,-4640,1760,-2496,521728,-41216,26304,,,,,,
182640391153300,63734589821515,46,-5024,672,-2144,522496,-40576,23872,,,,,,
182640392151200,63734590821765,47,-5536,1120,-2304,521408,-41216,25216,,,,,,
182640393153000,63734591821432,48,-4512,1120,-2080,522816,-39424,25984,,,,,,
182640394141800,63734592821307,49,-4672,1248,-2592,521728,-37760,27072,,,,,,
182640395159400,63734593822932,50,-4768,1088,-2656,522112,-40320,25920,,,,,,
182640396147500,63734594821474,51,-5056,1184,-2048,524864,-39680,26880,,,,,,
182640397145900,63734595821807,52,-4640,1600,-2720,521152,-38784,28864,,,,,,
182640398152900,63734596821557,53,-4928,1184,-3168,523648,-38784,25536,,,,,,
182640399156000,63734597821432,54,-5536,1664,-2368,521088,-41408,23808,,,,,,
182640400155700,63734598821307,55,-4768,1472,-2016,519744,-39488,26880,,,,,,
182640401154700,63734599821307,56,-4608,1472,-3264,522944,-39104,27136,,,,,,
182640402153700,63734600822349,57,-4448,1280,-2528,521792,-39680,27200,,,,,,
182640403171700,63734601821432,58,-5152,768,-2720,522048,-39488,25152,,,,,,
182640404150400,63734602821432,59,-4672,896,-2048,521856,-40832,25920,,,,,,
182640405143900,63734603823015,60,-5504,1344,-2368,522816,-39872,27200,,,,,,
182640406149300,63734604821390,61,-4064,1248,-2400,521856,-40768,25152,,,,,,
182640407149200,63734605821474,62,-4800,1376,-2720,520448,-42176,26112,,,,,,
182640408147700,63734606821515,63,-4704,1440,-2720,523392,-41216,27392,,,,,,
182640409151900,63734607821474,64,-4800,1376,-2816,522368,-41088,25792,,,,,,
182640410139500,63734608821432,65,-5056,1408,-3008,521344,-38848,28288,,,,,,
182640411145900,63734609821307,66,-4448,1056,-1952,523200,-38976,25472,,,,,,
182640412154200,63734610821599,67,-5216,1344,-2880,522048,-39744,26176,,,,,,
182640413150100,63734611821515,68,-5664,1568,-2592,520512,-38336,27776,,,,,,
182640414149900,63734612821432,69,-4800,1248,-2560,523136,-40000,25984,,,,,,
182640415153200,63734613821640,70,-4864,1536,-2848,522880,-40000,27136,,,,,,
182640416151900,63734614821390,71,-4896,1056,-2048,523200,-39680,27904,,,,,,
182640417153000,63734615821390,72,-4608,1600,-2528,520576,-39808,26112,,,,,,
182640418152700,63734616821599,73,-4928,1600,-2560,522496,-39616,25152,,,,,,
182640419151100,63734617822765,74,-4352,928,-2720,523072,-40064,26176,,,,,,
182640420153200,63734618821474,75,-4960,1312,-2720,521024,-41088,27136,,,,,,
182640421140900,63734619821307,76,-4512,1120,-2464,522048,-39744,24960,,,,,,
182640422153800,63734620821599,77,-4352,1184,-2144,520640,-40512,27456,,,,,,
182640423149900,63734621822140,78,-4928,992,-2912,521280,-39232,26752,,,,,,
182640424152300,63734622821349,79,-4896,1440,-2432,522752,-40832,23552,,,,,,
182640425154200,63734623821515,80,-4960,1088,-2304,521344,-37632,25920,,,,,,
182640426152700,63734624823390,81,-5152,1216,-2208,521216,-39104,28992,,,,,,
182640427155200,63734625821349,82,-4352,1120,-2592,521856,-39872,24384,,,,,,
182640428218000,63734626822974,83,-4928,1600,-2912,521408,-38784,25984,,,,,,
182640429146700,63734627821557,84,-4832,832,-2208,522368,-40512,26944,,,,,,
182640430142400,63734628821349,85,-4960,1728,-2432,524416,-40512,27456,,,,,,
182640431139200,63734629822390,86,-4736,1216,-2528,523392,-40128,28992,,,,,,
182640432139600,63734630821682,87,-4416,1088,-2112,522432,-40064,25216,,,,,,
182640433150700,63734631821432,88,-5024,1632,-2784,520832,-38528,27456,,,,,,
182640434156300,63734632821390,89,-4928,832,-2272,521920,-40384,26176,,,,,,
182640435148400,63734633821557,90,-4928,864,-2464,521408,-39744,25984,,,,,,
182640436175300,63734634821474,91,-4736,960,-2592,521024,-41344,26368,,,,,,
182640437156500,63734635821349,92,-4512,1184,-2304,519424,-38208,27072,,,,,,
182640438151100,63734636821474,93,-4896,1280,-2656,523264,-40448,25920,,,,,,
182640439144000,63734637821557,94,-4640,1184,-2592,521664,-38848,25152,,,,,,
182640440150200,63734638822140,95,-4800,1440,-1952,520064,-39168,25344,,,,,,
182640441150000,63734639822349,96,-5280,1472,-2880,520576,-39616,26560,,,,,,
182640442207800,63734640821599,97,-4576,1216,-2080,521856,-39424,23680,,,,,,
182640443150600,63734641821432,98,-4736,1632,-3136,520448,-39232,24768,,,,,,
182640444153400,63734642821390,99,-5056,1152,-2240,523136,-40640,25280,,,,,,
182640445150900,63734643821599,100,-4704,1280,-2560,522688,-39424,23616,,,,,,
182640446157200,63734644821557,101,-5248,1152,-2272,520640,-40768,26240,,,,,,
182640447145800,63734645821265,102,-4736,1600,-2656,522944,-40192,24448,,,,,,
182640448162600,63734646821557,103,-4320,992,-2272,521728,-38976,27200,,,,,,
182640449165100,63734647821682,104,-5216,1152,-2880,521472,-39936,26688,,,,,,
182640450150800,63734648821265,105,-4768,1280,-2464,522176,-41600,28032,,,,,,
182640451152500,63734649821390,106,-4256,1344,-2144,523264,-39616,26304,,,,,,
182640452152500,63734650822432,107,-4864,1184,-2464,523136,-40448,26368,,,,,,
182640453147600,63734651823182,108,-4672,992,-2304,519616,-39168,24512,,,,,,
182640454163700,63734652821474,109,-4512,1472,-2720,521856,-40192,25024,,,,,,
182640455189400,63734653821515,110,-4864,800,-2432,523136,-39424,27584,,,,,,
182640456142100,63734654822224,111,-4576,1440,-2496,520576,-40832,24960,,,,,,
182640457139500,63734655821349,112,-4960,1440,-2272,520384,-40064,25280,,,,,,
182640458151900,63734656821599,113,-4096,1440,-2080,521728,-39616,25536,,,,,,
182640459152600,63734657821557,114,-5472,1216,-2176,522304,-41088,25664,,,,,,
182640460140400,63734658821349,115,-4672,672,-2240,524096,-39744,25856,,,,,,
182640461143800,63734659821224,116,-4928,1280,-2496,521408,-39552,29504,,,,,,
182640462167800,63734660822265,117,-4512,1440,-1824,519424,-38464,24768,,,,,,
182640463138400,63734661821265,118,-4704,1184,-2112,521152,-40384,26048,,,,,,
182640464148400,63734662822849,119,-4672,1376,-2560,522176,-40960,25792,,,,,,
182640465149700,63734663823015,120,-4384,1344,-2272,522752,-41344,25216,,,,,,
182640466154300,63734664821515,121,-4928,1056,-1824,521344,-39104,24192,,,,,,
182640467153100,63734665822599,122,-4864,1600,-2336,521024,-40064,27264,,,,,,
182640468153400,63734666822057,123,-5056,1632,-2208,521536,-41152,28160,,,,,,
182640469184100,63734667821515,124,-5312,1440,-2368,521600,-41216,25728,,,,,,
182640470150600,63734668821349,125,-5184,1088,-2688,521792,-41024,25664,,,,,,
182640471148500,63734669821390,126,-4928,1280,-2752,521472,-39424,26432,,,,,,
182640472151000,63734670821640,127,-4736,1344,-2144,522496,-39232,25600,,,,,,
182640473151400,63734671821474,128,-5376,1632,-2080,521024,-37376,26432,,,,,,
182640474151800,63734672821349,129,-5056,1728,-2688,521472,-41088,27072,,,,,,
182640475156700,63734673821765,130,-5120,1440,-2304,522880,-38528,24320,,,,,,
182640476156200,63734674821515,131,-4768,1376,-2944,520576,-39296,27072,,,,,,
182640477148600,63734675821307,132,-5056,1472,-2208,523904,-39616,26048,,,,,,
182640478154200,63734676824849,133,-4832,1344,-2432,521088,-38784,24576,,,,,,
182640479270200,63734677832932,134,-5248,1152,-2144,521088,-40832,29056,,,,,,
182640480277000,63734678829640,135,-5504,1792,-2656,521024,-39744,27008,,,,,,
182640481287100,63734679827140,136,-4800,1344,-2176,522560,-39232,24384,,,,,,
182640482162600,63734680824890,137,-4256,1024,-2144,521984,-39680,29312,,,,,,
182640483273700,63734681830349,138,-4960,1216,-2816,521280,-39488,25984,,,,,,
182640484275400,63734682834432,139,-4992,1504,-2528,520640,-42176,26688,,,,,,
182640485264700,63734683830182,140,-4512,1664,-1984,522304,-40192,26624,,,,,,
182640486283500,63734684832390,141,-4960,1152,-2656,520704,-40576,25280,,,,,,
182640487357500,63734685827724,142,-4096,1472,-2112,522432,-39360,26240,,,,,,
182640488149000,63734686825057,143,-4832,1152,-2176,520064,-40448,25408,,,,,,
182640489145300,63734687824307,144,-6016,1376,-2944,522176,-40256,25280,,,,,,
182640490274700,63734688829640,145,-4640,1024,-2752,522560,-41344,25152,,,,,,
182640491274900,63734689826807,146,-4192,1664,-2656,522432,-40512,28864,,,,,,
182640492277400,63734690829432,147,-4704,1632,-3104,521728,-39488,25600,,,,,,
182640493151000,63734691825224,148,-4672,960,-2496,522048,-40128,26688,,,,,,
182640494148900,63734692822765,149,-4128,1440,-1984,520128,-42176,25216,,,,,,
182640495150300,63734693822140,150,-4832,1440,-2016,522816,-40448,28096,,,,,,
182640496147400,63734694830807,151,-4672,736,-2336,521664,-39616,25088,,,,,,
182640497272700,63734695829307,152,-4640,1568,-2016,521536,-39488,26880,,,,,,
182640498148500,63734696826057,153,-4256,1376,-1920,521728,-39424,25280,,,,,,
182640499149700,63734697826557,154,-4864,1376,-2944,521600,-40320,27392,,,,,,
182640500145300,63734698823474,155,-5184,1280,-2656,519936,-40128,24896,,,,,,
182640501148900,63734699822099,156,-4672,1216,-2304,521216,-38976,26560,,,,,,
182640502280200,63734700826265,157,-4736,1408,-2912,522880,-40768,27328,,,,,,
182640503158200,63734701825390,158,-4768,1472,-2016,523584,-38464,27392,,,,,,
182640504147800,63734702823932,159,-5312,1408,-2528,523072,-39488,25344,,,,,,
182640505273800,63734703827765,160,-4576,1056,-2624,522688,-40000,25536,,,,,,
182640506153500,63734704823349,161,-4704,1440,-2112,523008,-40768,25728,,,,,,
182640507152100,63734705822557,162,-4576,1056,-2784,522944,-39360,24448,,,,,,
182640508153100,63734706826682,163,-5344,1376,-2528,521600,-41344,26304,,,,,,
182640509152300,63734707824182,164,-4672,1344,-2304,520960,-41984,25600,,,,,,
182640510136500,63734708826765,165,-5344,1120,-2656,523520,-38784,22144,,,,,,
182640511161300,63734709825307,166,-4800,960,-2880,520384,-38464,27328,,,,,,
182640512277500,63734710828390,167,-4864,1632,-2272,521792,-40832,22400,,,,,,
182640513152700,63734711824015,168,-5024,1120,-2176,523648,-39744,24832,,,,,,
182640514152900,63734712825474,169,-4832,992,-1568,523520,-37632,25728,,,,,,
182640515281700,63734713830890,170,-4384,1184,-2784,520768,-40448,26240,,,,,,
182640516144200,63734714825349,171,-4672,896,-2368,519040,-41600,25280,,,,,,
182640517272000,63734715827724,172,-4832,800,-2496,522688,-40320,26624,,,,,,
182640518277200,63734716828599,173,-4384,1376,-2912,522944,-39168,26048,,,,,,
182640519154600,63734717824599,174,-4960,1568,-2560,522560,-38976,23552,,,,,,
182640520151200,63734718826057,175,-4224,1344,-2688,522880,-40704,25152,,,,,,
182640521149500,63734719826182,176,-4640,1696,-2752,521792,-40064,27648,,,,,,
182640522158100,63734720823474,177,-5120,1376,-2592,522304,-40896,26432,,,,,,
182640523154000,63734721827932,178,-4928,1472,-2560,522368,-38144,27008,,,,,,
182640524277400,63734722825390,179,-4832,1408,-2272,521984,-39168,25344,,,,,,
182640525148600,63734723823682,180,-5024,1312,-3072,521600,-39424,25024,,,,,,
182640526148700,63734724821974,181,-4608,1344,-1824,522048,-40320,27520,,,,,,
182640527156700,63734725824932,182,-4448,864,-2432,520832,-40448,26240,,,,,,
182640528152500,63734726824557,183,-4896,1184,-2432,521088,-39680,25600,,,,,,
182640529150200,63734727826557,184,-4736,1024,-2304,522496,-38976,27392,,,,,,
182640530278300,63734728828974,185,-4800,1920,-2560,522176,-39424,25856,,,,,,
182640531275900,63734729827849,186,-4896,1312,-2720,521920,-40448,24384,,,,,,
182640532148800,63734730827765,187,-4512,1536,-2272,522048,-40064,26496,,,,,,
182640533275300,63734731825349,188,-4960,1472,-2496,521792,-39808,26752,,,,,,
182640534148600,63734732826599,189,-4992,928,-1984,521856,-38976,25920,,,,,,
182640535138600,63734733822265,190,-5184,1088,-2368,521280,-41152,25792,,,,,,
182640536214200,63734734822099,191,-5248,1024,-2208,522240,-37824,28608,,,,,,
182640537133400,63734735821432,192,-4576,1056,-2208,518848,-38528,25152,,,,,,
182640538141000,63734736821765,193,-5024,1344,-2560,522752,-38784,28672,,,,,,
182640539138800,63734737822807,194,-5184,1792,-2464,522752,-39232,25792,,,,,,
182640540147600,63734738822890,195,-4448,1504,-2272,523072,-38464,27328,,,,,,
182640541149100,63734739821432,196,-4992,1696,-2592,521344,-39552,27328,,,,,,
182640542153500,63734740821557,197,-4896,1600,-1952,523264,-39936,28544,,,,,,
182640543151900,63734741821474,198,-4768,992,-2272,521728,-42432,27648,,,,,,
182640544161300,63734742821349,199,-4992,1600,-2560,523008,-41920,26560,,,,,,
182640545148400,63734743821557,200,-4864,1472,-2432,522880,-39680,28288,,,,,,
182640546150300,63734744821432,201,-4480,1056,-2400,520256,-40512,27520,,,,,,
182640547149800,63734745822224,202,-4256,896,-2336,522560,-41088,24704,,,,,,
182640548151300,63734746821307,203,-5408,1152,-2336,521152,-42304,26048,,,,,,
182640549149900,63734747821474,204,-5056,1280,-2336,523008,-41088,26048,,,,,,
182640550146200,63734748821349,205,-4512,1472,-2400,520576,-40448,27456,,,,,,
182640551157100,63734749821390,206,-4640,1344,-2368,521408,-40832,25856,,,,,,
182640552151400,63734750823724,207,-4800,1024,-2144,521536,-41984,26176,,,,,,
182640553193600,63734751821557,208,-4352,1440,-2400,520448,-39616,26688,,,,,,
182640554158300,63734752824807,209,-5056,1056,-2176,522880,-40384,25152,,,,,,
182640555178300,63734753821765,210,-4480,1696,-2496,522496,-40320,26176,,,,,,
182640556150800,63734754822474,211,-4576,992,-1984,523840,-39488,27328,,,,,,
182640557149200,63734755821474,212,-5440,1440,-2368,522176,-39552,26496,,,,,,
182640558156800,63734756822974,213,-4992,1376,-2816,521280,-39680,27776,,,,,,
182640559151700,63734757821099,214,-4160,736,-2304,522880,-39232,27904,,,,,,
182640560143000,63734758821432,215,-4960,1696,-2752,524032,-39552,25216,,,,,,
182640561154300,63734759821307,216,-4448,1184,-2080,523072,-39872,25536,,,,,,
182640562172000,63734760821724,217,-4896,1984,-2688,523008,-38784,27904,,,,,,
182640563150100,63734761821474,218,-4320,1312,-2208,523520,-41600,25216,,,,,,
182640564146700,63734762821432,219,-4928,1280,-2496,522880,-37888,26240,,,,,,
182640565149900,63734763821640,220,-4640,896,-2400,523520,-39936,25280,,,,,,
182640566149300,63734764821432,221,-4640,1440,-2368,521920,-40448,29248,,,,,,
182640567152200,63734765821474,222,-5280,1088,-2752,523200,-39488,27008,,,,,,
182640568148900,63734766821307,223,-4640,1216,-2464,521856,-40320,26112,,,,,,
182640569152600,63734767823599,224,-4608,1216,-2272,520320,-40256,28992,,,,,,
182640570147700,63734768821599,225,-4832,1280,-2720,523456,-39680,26368,,,,,,
182640571151200,63734769821307,226,-4480,1248,-2016,523520,-40192,26048,,,,,,
182640572152100,63734770821640,227,-4512,800,-2752,520576,-40128,25024,,,,,,
182640573152100,63734771821474,228,-5216,1152,-2752,521792,-39808,25216,,,,,,
182640574152500,63734772821182,229,-4640,1152,-2720,521856,-39680,26496,,,,,,
182640575153600,63734773823057,230,-4320,1056,-2144,523392,-38336,27520,,,,,,
182640576153600,63734774822890,231,-4896,1472,-2944,521088,-37568,24960,,,,,,
182640577156100,63734775821390,232,-4800,960,-2208,524160,-40384,24064,,,,,,
182640578153800,63734776821349,233,-4800,1248,-2688,522240,-39552,27200,,,,,,
182640579148100,63734777821515,234,-4256,1472,-1920,520832,-40064,27200,,,,,,
182640580150000,63734778821557,235,-4512,1632,-2592,522688,-38848,25472,,,,,,
182640581148600,63734779821349,236,-4640,1568,-2368,522304,-39872,25344,,,,,,
182640582151000,63734780821640,237,-4608,1312,-2752,520896,-39680,26624,,,,,,
182640583165100,63734781821474,238,-4608,1312,-2720,523328,-39936,27328,,,,,,
182640584149300,63734782821390,239,-4608,1504,-2656,520960,-40128,27264,,,,,,
182640585145700,63734783821307,240,-4672,1344,-2432,521664,-40000,23872,,,,,,
182640586160100,63734784821390,241,-4832,1408,-2880,522112,-38976,25536,,,,,,
182640587148600,63734785822307,242,-5024,1152,-2048,522944,-40896,25920,,,,,,
182640588149500,63734786821266,243,-4864,1088,-2624,524736,-40192,24768,,,,,,
182640589150500,63734787821474,244,-4800,1440,-2432,522688,-39680,26880,,,,,,
182640590152100,63734788821516,245,-4608,1504,-2784,522560,-39616,25984,,,,,,
182640591152600,63734789821182,246,-4608,1248,-2848,523392,-38976,25728,,,,,,
182640592156100,63734790821807,247,-4256,1120,-1888,520576,-40576,25216,,,,,,
182640593150400,63734791821432,248,-4224,1408,-2080,521152,-39616,26176,,,,,,
182640594153600,63734792821391,249,-4800,1248,-3040,524032,-39808,25600,,,,,,
182640595148400,63734793821516,250,-4576,1408,-2112,521088,-39232,24832,,,,,,
182640596148800,63734794821474,251,-4640,1152,-1696,523072,-40000,25536,,,,,,
182640597150200,63734795821474,252,-5440,1504,-2624,522048,-39168,24576,,,,,,
182640598157000,63734796821349,253,-4800,800,-2304,523136,-38912,24960,,,,,,
182640599150900,63734797821599,254,-4512,1024,-1856,521472,-39360,25664,,,,,,
182640600150000,63734798822224,255,-4768,1568,-2720,521920,-40512,25344,,,,,,
182640601153400,63734799820974,0,-4864,1216,-2144,522624,-40256,26496,,,,,,
182640602152100,63734800821682,1,-4512,1344,-2528,521472,-40896,25664,,,,,,
182640603153300,63734801821807,2,-5184,1024,-2656,521024,-38272,27712,,,,,,
182640604151100,63734802821432,3,-4768,1312,-2304,521472,-38784,27392,,,,,,
182640605151200,63734803821307,4,-4512,1472,-2208,521344,-39936,27712,,,,,,
182640606153200,63734804821516,5,-5152,1280,-2496,521664,-38720,27264,,,,,,
182640607152000,63734805821432,6,-4672,832,-1952,521152,-39680,26688,,,,,,
182640608153300,63734806821224,7,-5312,1536,-2784,520192,-39808,26432,,,,,,
182640609153400,63734807822557,8,-4672,1248,-1888,521024,-38912,27456,,,,,,
182640610192400,63734808821391,9,-4768,1280,-2304,520704,-40064,27712,,,,,,
182640611150000,63734809821391,10,-4512,1024,-2208,521152,-38784,24448,,,,,,
182640612149200,63734810821516,11,-5184,1440,-2176,522752,-41024,24768,,,,,,
182640613150000,63734811821349,12,-4736,1024,-2272,521536,-39040,26112,,,,,,
182640614153500,63734812821516,13,-5664,1216,-3008,521408,-40128,26560,,,,,,
182640615149700,63734813821391,14,-4480,1568,-2080,522432,-40448,25344,,,,,,
182640616148700,63734814821807,15,-5120,1344,-2240,521024,-39552,26624,,,,,,
182640617151700,63734815821766,16,-4832,832,-2688,523776,-39232,25408,,,,,,
182640618156400,63734816821432,17,-4608,1312,-2496,521728,-41152,28032,,,,,,
182640619154500,63734817821516,18,-4960,1312,-2400,521472,-40384,24896,,,,,,
182640620150200,63734818821474,19,-4768,1536,-2592,522240,-40704,25024,,,,,,
182640621144400,63734819821474,20,-4832,992,-2752,520192,-40896,26752,,,,,,
182640622146600,63734820821599,21,-5216,1376,-2560,520640,-39360,24960,,,,,,
182640623148500,63734821821641,22,-4128,1312,-2048,522048,-40832,24960,,,,,,
182640624150600,63734822821516,23,-4768,1504,-2464,522432,-39296,27776,,,,,,
182640625153200,63734823821391,24,-4768,1408,-2336,520512,-40192,26560,,,,,,
182640626151800,63734824821557,25,-4576,1184,-1824,521088,-40832,25856,,,,,,
182640627152700,63734825821432,26,-4928,1472,-2816,522944,-41792,27648,,,,,,
182640628149900,63734826822891,27,-4544,1152,-2368,522688,-40192,24448,,,,,,
182640629143200,63734827821516,28,-5024,1696,-2496,521344,-39488,27840,,,,,,
182640630139000,63734828821391,29,-4768,1504,-2496,520704,-39872,27200,,,,,,
182640631157000,63734829821516,30,-4800,928,-2592,521728,-38848,25856,,,,,,
182640632155400,63734830821724,31,-4672,1184,-2368,522368,-40832,26240,,,,,,
182640633154300,63734831821432,32,-4640,1280,-2880,523008,-39296,25600,,,,,,
182640634156000,63734832821599,33,-5536,1696,-2208,522368,-39872,28480,,,,,,
182640635152500,63734833821432,34,-4288,1280,-2304,523008,-40000,27008,,,,,,
182640636154600,63734834821516,35,-5568,1568,-2944,522560,-39872,26304,,,,,,
182640637155100,63734835821474,36,-5088,1664,-2624,522880,-41344,24000,,,,,,
182640638144200,63734836821474,37,-4160,1408,-2240,519296,-37760,25152,,,,,,
182640639148300,63734837821682,38,-5088,1536,-2112,520896,-38656,25152,,,,,,
182640640138200,63734838821432,39,-5152,1440,-3104,520000,-40640,26048,,,,,,
182640641146300,63734839821432,40,-4224,1408,-1888,522048,-39808,25920,,,,,,
182640642143400,63734840821641,41,-5280,1696,-2624,521920,-40000,24064,,,,,,
182640643149000,63734841821557,42,-4448,1056,-2208,521152,-39552,26304,,,,,,
182640644158900,63734842821432,43,-4736,768,-2016,521728,-41472,27520,,,,,,
182640645152000,63734843821266,44,-4768,1792,-2240,521536,-39168,26240,,,,,,
182640646144500,63734844822391,45,-5152,1408,-2528,521856,-37952,26304,,,,,,
182640647145000,63734845821432,46,-4640,1472,-2272,520128,-40512,25408,,,,,,
182640648146400,63734846821307,47,-4864,960,-2336,521152,-40000,27072,,,,,,
182640649156600,63734847821474,48,-5024,1376,-2176,522432,-38528,27136,,,,,,
182640650145300,63734848821391,49,-4832,1600,-2496,521728,-39360,27712,,,,,,
182640651150300,63734849821432,50,-5312,1376,-2656,521984,-39040,26880,,,,,,
182640652156500,63734850821599,51,-4736,1344,-2272,521472,-38720,24768,,,,,,
182640653151400,63734851823557,52,-4256,1600,-1920,523136,-41024,26624,,,,,,
182640654151900,63734852821932,53,-4608,1344,-1952,522688,-39040,25408,,,,,,
182640655147700,63734853821266,54,-5184,1248,-2528,521152,-40448,27520,,,,,,
182640656148300,63734854821599,55,-4640,1120,-2304,521600,-38336,26688,,,,,,
182640657153600,63734855821474,56,-5120,1344,-1856,521088,-38144,25792,,,,,,
182640658150600,63734856821391,57,-4768,1088,-2304,520640,-39296,27712,,,,,,
182640659149000,63734857822932,58,-4704,1376,-2592,522176,-41536,30336,,,,,,
182640660149900,63734858821557,59,-4736,1312,-1728,521088,-40448,26048,,,,,,
182640661151200,63734859821432,60,-4928,1088,-2400,521664,-38144,25984,,,,,,
182640662154900,63734860821766,61,-4576,1184,-2240,521088,-39424,26496,,,,,,
182640663149900,63734861821516,62,-4448,1184,-2528,523008,-39104,27264,,,,,,
182640664149400,63734862821391,63,-4672,1376,-2848,522432,-39488,28032,,,,,,
182640665152000,63734863821349,64,-4992,960,-2816,523264,-40192,27968,,,,,,
182640666154700,63734864821516,65,-4800,1312,-2848,523584,-40064,25600,,,,,,
182640667152800,63734865822099,66,-4384,1088,-2272,522368,-39872,27136,,,,,,
182640668153500,63734866821349,67,-4576,928,-2144,520640,-40192,26176,,,,,,
182640669156000,63734867821516,68,-4896,1440,-2464,521728,-39936,25408,,,,,,
182640670161800,63734868821516,69,-4576,832,-2240,522368,-39104,27264,,,,,,
182640671149100,63734869821349,70,-5248,1280,-2368,520320,-40384,25984,,,,,,
182640672149700,63734870821557,71,-4768,1088,-2336,521856,-39936,27072,,,,,,
182640673151600,63734871822557,72,-5056,1440,-2368,523072,-41344,23808,,,,,,
182640674150600,63734872821349,73,-4864,1760,-2368,522048,-39232,28160,,,,,,
182640675150900,63734873821266,74,-5216,1568,-2208,522368,-40384,25472,,,,,,
182640676148000,63734874821474,75,-4640,1184,-2304,522880,-39744,26944,,,,,,
182640677143300,63734875821391,76,-4320,1312,-2880,522816,-40320,26624,,,,,,
182640678163000,63734876821432,77,-4704,928,-2880,524480,-40384,25600,,,,,,
182640679148300,63734877821474,78,-4928,1088,-2208,522304,-38208,28480,,,,,,
182640680150400,63734878822391,79,-4992,1472,-2976,523392,-41024,25088,,,,,,
182640681153500,63734879822807,80,-4608,1120,-2592,522048,-39424,24448,,,,,,
182640682149600,63734880821391,81,-4736,1504,-2080,521792,-41216,25408,,,,,,
182640683155100,63734881821641,82,-5376,736,-2560,520320,-39168,25536,,,,,,
182640684151000,63734882821557,83,-4480,1568,-2048,522240,-39744,25728,,,,,,
182640685288800,63734883821391,84,-5280,1600,-2944,521472,-40640,27136,,,,,,
182640686151600,63734884821474,85,-4128,1312,-2080,522624,-39616,24768,,,,,,
182640687145800,63734885821932,86,-4608,928,-2048,521536,-38336,24640,,,,,,
182640688145200,63734886821432,87,-4288,1152,-1888,523328,-41024,27072,,,,,,
182640689149700,63734887821599,88,-4768,1696,-2272,524800,-38592,26688,,,,,,
182640690149600,63734888821516,89,-4800,1344,-2272,524352,-38912,27712,,,,,,
182640691150000,63734889821474,90,-4832,1600,-3264,522112,-38592,25152,,,,,,
182640692151000,63734890821682,91,-4576,1280,-2592,520640,-39104,25472,,,,,,
182640693151300,63734891822974,92,-4480,1344,-2720,521664,-40320,22464,,,,,,
182640694153600,63734892821349,93,-4992,1152,-2368,522560,-40000,27520,,,,,,
182640695150300,63734893821307,94,-4928,1120,-2400,522496,-39680,27008,,,,,,
182640696148300,63734894821599,95,-4672,1600,-3040,521856,-40384,26688,,,,,,
182640697193600,63734895821099,96,-4800,1408,-2528,522624,-40768,26368,,,,,,
182640698156600,63734896821557,97,-4480,1280,-2496,521344,-40256,24384,,,,,,
182640699150000,63734897821599,98,-5376,1248,-2144,523776,-41344,28096,,,,,,
182640700150300,63734898821599,99,-4256,1664,-1984,521984,-40000,22400,,,,,,
182640701151500,63734899821349,100,-4704,1344,-2016,522112,-38784,28800,,,,,,
182640702146700,63734900822224,101,-5152,960,-1856,524096,-38080,24960,,,,,,
182640703162200,63734901821474,102,-4480,1600,-2304,521728,-38912,26880,,,,,,
182640704150600,63734902822849,103,-4768,1312,-2496,522816,-40192,27968,,,,,,
182640705149800,63734903821432,104,-4992,1440,-2880,522432,-39232,26880,,,,,,
182640706150400,63734904821557,105,-5120,992,-2496,522304,-39808,26624,,,,,,
182640707150200,63734905820974,106,-5216,1376,-2816,522112,-39552,25728,,,,,,
182640708150300,63734906821391,107,-4576,1376,-2624,523392,-38208,25472,,,,,,
182640709146800,63734907821599,108,-4192,1280,-2400,522944,-41728,26624,,,,,,
182640710145500,63734908822307,109,-4928,1472,-2336,520896,-39936,27648,,,,,,
182640711157900,63734909821391,110,-4160,992,-1984,522304,-39552,26240,,,,,,
182640712150900,63734910821432,111,-4896,1376,-2496,521536,-40832,27008,,,,,,
182640713150100,63734911823182,112,-4896,1152,-2688,522880,-39360,27776,,,,,,
182640714151000,63734912821349,113,-4768,1280,-2976,522816,-39616,26048,,,,,,
182640715153800,63734913821557,114,-4608,1152,-2496,522688,-40448,28864,,,,,,
182640716255900,63734914821516,115,-5280,1856,-1920,524160,-40384,25792,,,,,,
182640717148200,63734915822849,116,-4544,1504,-2240,522240,-39040,24832,,,,,,
182640718152800,63734916821349,117,-4832,960,-2240,522048,-39040,27392,,,,,,
182640719148900,63734917821516,118,-5600,1728,-3424,519872,-40768,25792,,,,,,
182640720146000,63734918821516,119,-4640,992,-1600,520128,-41280,25472,,,,,,
182640721152700,63734919821516,120,-4416,1728,-2304,523136,-40448,24768,,,,,,
182640722152500,63734920821474,121,-5024,1376,-2400,524608,-39744,25344,,,,,,
182640723152500,63734921821516,122,-4928,1280,-1760,521472,-39744,25472,,,,,,
182640724148400,63734922821349,123,-4576,800,-2368,522752,-40384,26176,,,,,,
182640725155800,63734923821307,124,-5056,1632,-2656,523328,-40384,24000,,,,,,
182640726154400,63734924821474,125,-4736,992,-2464,522816,-39424,26752,,,,,,
182640727165100,63734925821141,126,-4864,1504,-1792,522880,-39232,25600,,,,,,
182640728146400,63734926822849,127,-5056,1504,-2432,520704,-41408,25472,,,,,,
182640729168700,63734927821432,128,-4384,1184,-2560,521792,-39872,27584,,,,,,
182640730150800,63734928821474,129,-4896,1312,-2592,521920,-39616,26880,,,,,,
182640731149400,63734929821266,130,-4672,1536,-1888,520832,-40960,26112,,,,,,
182640732152100,63734930821849,131,-4736,800,-2496,523456,-39104,27968,,,,,,
182640733151600,63734931821682,132,-4832,992,-2784,520832,-40064,28032,,,,,,
182640734153300,63734932821432,133,-5344,1536,-2272,521920,-39552,25792,,,,,,
182640735150200,63734933822766,134,-4416,1056,-1856,521536,-39680,26048,,,,,,
182640736156500,63734934821641,135,-4384,832,-2432,521408,-40064,27136,,,,,,
182640737153600,63734935821557,136,-3744,1632,-2048,519680,-41088,26752,,,,,,
182640738146600,63734936821266,137,-4832,1376,-2528,522048,-41024,25152,,,,,,
182640739148300,63734937823641,138,-4640,1312,-2688,520896,-40000,26496,,,,,,
182640740149800,63734938821516,139,-4672,1600,-2400,521920,-38464,28928,,,,,,
182640741151000,63734939821349,140,-4640,1120,-2560,521472,-40384,25408,,,,,,
182640742151300,63734940821391,141,-4256,1280,-2400,523136,-40768,24384,,,,,,
182640743151600,63734941821432,142,-5088,1248,-1536,522048,-39424,27008,,,,,,
182640744153300,63734942821307,143,-4736,1536,-2496,522560,-39040,27200,,,,,,
182640745150800,63734943822432,144,-4640,1024,-2400,520192,-39680,26816,,,,,,
182640746150000,63734944821474,145,-5248,1568,-2080,523392,-40256,27072,,,,,,
182640747151100,63734945821349,146,-4704,1312,-1984,522112,-40192,27392,,,,,,
182640748153300,63734946821391,147,-4224,896,-2240,521216,-38144,23360,,,,,,
182640749152000,63734947822557,148,-4704,1472,-3168,520768,-38336,25088,,,,,,
182640750151600,63734948821432,149,-4640,1024,-2272,523520,-41216,27904,,,,,,
182640751150000,63734949821349,150,-4992,1760,-2272,522240,-40960,25216,,,,,,
182640752155500,63734950821349,151,-5024,1056,-3488,522240,-40704,25408,,,,,,
182640753157000,63734951821516,152,-4736,1312,-2592,521408,-39424,26688,,,,,,
182640754149100,63734952821474,153,-4096,1344,-1696,522496,-38720,26368,,,,,,
182640755149200,63734953821391,154,-4768,1376,-3168,521984,-39232,26368,,,,,,
182640756144600,63734954821432,155,-4896,1120,-2336,522688,-39040,26048,,,,,,
182640757150800,63734955821474,156,-5056,1312,-2560,523072,-40896,26240,,,,,,
182640758141700,63734956822432,157,-4576,1120,-2528,522624,-40000,25088,,,,,,
182640759148600,63734957821682,158,-4416,1216,-2112,522560,-40192,26048,,,,,,
182640760138500,63734958821432,159,-4064,1120,-2496,524096,-39616,25024,,,,,,
182640761155600,63734959821266,160,-4672,1120,-2464,521600,-41664,25216,,,,,,
182640762153200,63734960822807,161,-4832,1664,-2528,520832,-41024,26752,,,,,,
182640763147200,63734961822057,162,-4992,1216,-2528,521024,-40256,27968,,,,,,
182640764153700,63734962822932,163,-5088,1344,-2304,522368,-41088,25920,,,,,,
182640765154900,63734963821349,164,-5120,992,-2624,521408,-40256,26560,,,,,,
182640766155300,63734964821432,165,-5280,1376,-3072,521792,-39232,23680,,,,,,
182640767155600,63734965821474,166,-4544,1056,-2528,522944,-40192,26432,,,,,,
182640768155300,63734966821349,167,-4864,1600,-1728,524864,-40064,24960,,,,,,
182640769156800,63734967822682,168,-4544,1280,-2592,522880,-40128,25856,,,,,,
182640770150900,63734968821557,169,-5088,1472,-2688,523200,-39040,26368,,,,,,
182640771136600,63734969821307,170,-4384,1344,-2112,523072,-40640,24896,,,,,,
182640772143500,63734970822099,171,-4672,1152,-2432,523136,-39936,27904,,,,,,
182640773165300,63734971821516,172,-5216,1440,-2048,521536,-41088,25920,,,,,,
182640774151000,63734972821474,173,-5600,1408,-2528,520832,-40320,25088,,,,,,
182640775149900,63734973821432,174,-4224,1312,-2048,521728,-38656,27328,,,,,,
182640776145800,63734974821432,175,-4576,1632,-2304,523328,-40320,26112,,,,,,
182640777162500,63734975822849,176,-4672,1696,-2368,521344,-38336,27776,,,,,,
182640778153100,63734976821224,177,-4608,1536,-2784,522688,-39296,27072,,,,,,
182640779149600,63734977820891,178,-4480,1344,-2080,522496,-41600,27200,,,,,,
182640780150400,63734978821599,179,-4928,1472,-2432,520960,-40448,27456,,,,,,
182640781149500,63734979821391,180,-4544,1472,-2464,523712,-40192,25984,,,,,,
182640782148300,63734980822682,181,-4960,1344,-2816,520512,-40640,25728,,,,,,
182640783150200,63734981821474,182,-4704,1376,-2432,521984,-39232,27200,,,,,,
182640784150800,63734982821432,183,-4384,1440,-2464,522560,-38208,25920,,,,,,
182640785280000,63734983821349,184,-4704,1888,-2272,523712,-39296,26432,,,,,,
182640786152400,63734984821474,185,-4544,1536,-2112,521792,-40640,25344,,,,,,
182640787148700,63734985821474,186,-5120,1216,-2496,522048,-38976,27712,,,,,,
182640788146800,63734986821349,187,-5280,1280,-2272,520832,-39808,28608,,,,,,
182640789141300,63734987821307,188,-4992,1280,-2816,521472,-41664,24704,,,,,,
182640790156000,63734988821474,189,-4736,1408,-2656,521536,-38784,25728,,,,,,
182640791149900,63734989821849,190,-5472,1280,-2976,523712,-37824,27648,,,,,,
182640792164400,63734990821349,191,-4384,1184,-2016,522048,-41216,25280,,,,,,
182640793151100,63734991821557,192,-5024,1600,-2688,522560,-41856,25408,,,,,,
182640794142400,63734992823016,193,-4640,1408,-2208,521856,-40704,27456,,,,,,
182640795151700,63734993821349,194,-4448,1952,-2496,521664,-39936,25792,,,,,,
182640796143700,63734994821099,195,-4672,1312,-2496,520640,-39488,27136,,,,,,
182640797162500,63734995821432,196,-5056,1696,-2688,521024,-38464,26112,,,,,,
182640798240900,63734996821432,197,-4832,1152,-2528,522432,-40384,26432,,,,,,
182640799162600,63734997822807,198,-4384,672,-1984,522240,-41216,27392,,,,,,
182640800147100,63734998821349,199,-4224,1152,-2208,523520,-39680,27776,,,,,,
182640801136400,63734999821391,200,-4800,1056,-2240,521024,-40896,26496,,,,,,
182640802152000,63735000821432,201,-5184,1536,-2016,522496,-38720,25216,,,,,,
182640803142800,63735001821391,202,-4576,1024,-2944,521024,-40384,26816,,,,,,
182640804160200,63735002821516,203,-4288,1408,-2496,522368,-41024,27584,,,,,,
182640805144400,63735003821266,204,-5120,1504,-2176,524224,-40512,23040,,,,,,
182640806144400,63735004821766,205,-4480,1120,-2528,521536,-40448,27968,,,,,,
182640807141100,63735005821391,206,-4928,960,-2272,521408,-38336,25728,,,,,,
182640808154400,63735006821349,207,-4256,1376,-2272,523136,-40768,25664,,,,,,
182640809141500,63735007821349,208,-4672,1248,-1952,522368,-41600,25024,,,,,,
182640810150400,63735008821516,209,-4896,1792,-2144,522496,-39680,27136,,,,,,
182640811163600,63735009821391,210,-5248,1088,-2208,522368,-40960,26432,,,,,,
182640812150100,63735010821307,211,-4832,1568,-2368,520064,-40960,24448,,,,,,
182640813149000,63735011821391,212,-4992,1312,-2336,523968,-39424,26624,,,,,,
182640814152100,63735012821432,213,-4224,1120,-1856,520256,-40256,26304,,,,,,
182640815152300,63735013821349,214,-4544,1408,-2848,522176,-39744,27072,,,,,,
182640816156200,63735014821724,215,-5344,1408,-2336,522240,-40832,26112,,,,,,
182640817151400,63735015821391,216,-4768,640,-2432,521856,-38336,26816,,,,,,
182640818150700,63735016821432,217,-4960,1248,-2688,520960,-40128,27392,,,,,,
182640819147100,63735017822766,218,-5344,1344,-2592,521408,-40000,25600,,,,,,
182640820147500,63735018821432,219,-4800,1056,-2496,520576,-41280,26240,,,,,,
182640821161200,63735019821432,220,-4960,1344,-2432,522816,-41152,24640,,,,,,
182640822148500,63735020821307,221,-4864,1408,-2496,522304,-39424,26880,,,,,,
182640823149200,63735021822682,222,-5024,1568,-2560,522304,-39552,26496,,,,,,
182640824150200,63735022821516,223,-4768,1664,-2624,522432,-38016,24448,,,,,,
182640825163800,63735023821266,224,-4768,1120,-1984,521216,-38976,25216,,,,,,
182640826149700,63735024821474,225,-4832,1568,-2592,521856,-39104,24448,,,,,,
182640827153500,63735025821432,226,-4448,1056,-2624,522496,-40128,25856,,,,,,
182640828149000,63735026821349,227,-5440,960,-2496,522240,-39744,24832,,,,,,
182640829145800,63735027821391,228,-4512,1376,-1952,523136,-39424,26880,,,,,,
182640830168000,63735028821432,229,-4640,1376,-2496,520960,-40000,26624,,,,,,
182640831139300,63735029821349,230,-4704,1632,-2848,520320,-39296,26176,,,,,,
182640832139700,63735030821266,231,-4224,1472,-2304,520896,-40640,26496,,,,,,
182640833152800,63735031821766,232,-5024,960,-2240,522112,-40384,25152,,,,,,
182640834145600,63735032821474,233,-4512,1024,-2336,522048,-40704,27264,,,,,,
182640835151200,63735033821266,234,-4384,1216,-2624,522112,-39360,26432,,,,,,
182640836143400,63735034821599,235,-5088,1376,-2656,520064,-39360,24384,,,,,,
182640837160400,63735035821432,236,-4896,736,-2176,521600,-40768,26240,,,,,,
182640838142500,63735036821307,237,-5024,1856,-2080,522816,-38720,27456,,,,,,
182640839158000,63735037821474,238,-4352,928,-1952,521152,-39680,25408,,,,,,
182640840152000,63735038821307,239,-4640,1344,-2560,520128,-40192,26496,,,,,,
182640841152700,63735039821432,240,-4672,1408,-2336,521792,-39680,27136,,,,,,
182640842147700,63735040821266,241,-4672,1152,-2560,520704,-38848,27008,,,,,,
182640843163200,63735041821474,242,-4768,672,-2144,522432,-40192,25472,,,,,,
182640844144400,63735042821432,243,-5152,864,-2816,521536,-37632,23872,,,,,,
182640845159500,63735043821432,244,-4992,1472,-2400,520384,-41024,24512,,,,,,
182640846149400,63735044821641,245,-4896,1088,-2336,520768,-39104,25472,,,,,,
182640847146700,63735045821516,246,-4832,672,-2496,521024,-39296,25472,,,,,,
182640848155500,63735046821391,247,-4416,1184,-2240,520320,-40192,28288,,,,,,
182640849155000,63735047821266,248,-4992,1728,-2656,521472,-39936,25600,,,,,,
182640850141800,63735048821432,249,-4576,992,-2624,521408,-38720,28032,,,,,,
182640851151700,63735049822932,250,-4608,1056,-2304,521024,-40640,25728,,,,,,
182640852158400,63735050823557,251,-4992,1376,-2496,521664,-40960,26752,,,,,,
182640853144300,63735051822849,252,-4288,1248,-2336,518976,-39808,24192,,,,,,
182640854156500,63735052821349,253,-4736,1024,-1664,521088,-39552,25920,,,,,,
182640855141800,63735053821432,254,-4864,1664,-2688,522304,-39744,25472,,,,,,
182640856135400,63735054821557,255,-4576,1280,-2592,523008,-40448,25984,,,,,,
182640857137800,63735055821349,0,-3872,1344,-2528,521664,-40192,28608,,,,,,
182640858141800,63735056821932,1,-4416,1120,-1856,520640,-38976,26496,,,,,,
182640859141700,63735057822307,2,-4928,1856,-2688,523008,-40256,28736,,,,,,
182640860139800,63735058822016,3,-5152,1600,-2496,521216,-40256,24576,,,,,,
182640861152200,63735059821432,4,-4928,1088,-2144,522048,-40000,25088,,,,,,
182640862143500,63735060821432,5,-4448,768,-2112,519424,-39296,26624,,,,,,
182640863137900,63735061821599,6,-4640,768,-2304,522112,-40256,26304,,,,,,
182640864140300,63735062821307,7,-4608,1184,-2496,520640,-39296,23744,,,,,,
182640865144300,63735063821391,8,-4736,1056,-2176,521920,-39232,25344,,,,,,
182640866134300,63735064821599,9,-4480,1632,-3104,521280,-41344,25216,,,,,,
182640867135000,63735065821349,10,-4320,1312,-1728,520896,-39232,25792,,,,,,
182640868137900,63735066821391,11,-4768,928,-2208,522048,-41792,26112,,,,,,
182640869141700,63735067821807,12,-5120,1184,-1984,521088,-40384,27264,,,,,,
182640870223700,63735068821516,13,-4736,1248,-2144,521472,-38912,26304,,,,,,
182640871148400,63735069821391,14,-4768,1152,-2688,522176,-41600,27072,,,,,,
182640872143500,63735070821432,15,-5376,1152,-2336,520384,-40640,23488,,,,,,
182640873150500,63735071822974,16,-4384,1440,-2208,523264,-40192,25984,,,,,,
182640874135900,63735072821516,17,-4608,1472,-2336,521536,-40768,28864,,,,,,
182640875134800,63735073821474,18,-4896,1280,-2336,522880,-40704,26816,,,,,,
182640876144600,63735074821141,19,-5088,960,-2368,521472,-39168,28800,,,,,,
182640877150000,63735075821349,20,-4352,1184,-1888,522560,-39872,27392,,,,,,
182640878148900,63735076821391,21,-4736,1504,-2208,521792,-40192,25344,,,,,,
182640879136900,63735077821349,22,-4576,1248,-2336,521856,-39616,25408,,,,,,
182640880135600,63735078821474,23,-4448,1120,-1984,522176,-41920,26880,,,,,,
182640881149600,63735079821391,24,-5088,960,-2080,520960,-39872,27776,,,,,,
182640882139100,63735080821849,25,-4768,1184,-2112,521856,-41408,26624,,,,,,
182640883145200,63735081821557,26,-4352,1440,-1920,521152,-38720,26752,,,,,,
182640884148200,63735082821391,27,-4768,1440,-2944,523008,-40768,25216,,,,,,
182640885144200,63735083821474,28,-4832,1440,-2592,522816,-38208,25600,,,,,,
182640886148700,63735084821266,29,-4608,1376,-2400,521216,-39808,26624,,,,,,
182640887154900,63735085823182,30,-4672,1504,-2592,521984,-39744,25024,,,,,,
182640888148400,63735086821391,31,-4704,1344,-2432,523264,-38464,26496,,,,,,
182640889137700,63735087821307,32,-5408,1312,-2432,522432,-41216,25984,,,,,,
182640890138100,63735088821516,33,-4672,1280,-2848,521856,-40704,26048,,,,,,
182640891142500,63735089821307,34,-4512,1472,-2272,521856,-40768,25856,,,,,,
182640892149600,63735090821307,35,-4768,1536,-2080,522816,-40128,26624,,,,,,
182640893147100,63735091821599,36,-4576,1504,-2304,521024,-37952,23168,,,,,,
182640894150400,63735092821391,37,-5280,1344,-3168,520064,-39680,24512,,,,,,
182640895485400,63735093821391,38,-4704,1312,-1792,522368,-40256,26432,,,,,,
182640896135100,63735094821557,39,-4992,1568,-2816,518656,-42112,26688,,,,,,
182640897148000,63735095821474,40,-5024,1632,-2464,523008,-40640,26112,,,,,,
182640898139400,63735096821432,41,-4320,1408,-1952,522368,-40576,27712,,,,,,
182640899292800,63735097821224,42,-4512,1280,-2816,520896,-40576,27136,,,,,,
182640900148500,63735098821474,43,-4800,1120,-2048,523008,-40448,27392,,,,,,
182640901148900,63735099821391,44,-4576,1056,-2528,521536,-39424,25984,,,,,,
182640902147200,63735100821432,45,-4480,1216,-2528,520640,-40448,28160,,,,,,
182640903140400,63735101821474,46,-4416,1344,-2688,524288,-38592,26432,,,,,,
182640904139500,63735102821307,47,-5056,1216,-2528,520384,-39808,26816,,,,,,
182640905145700,63735103824307,48,-4704,1248,-2656,523072,-39552,25600,,,,,,
182640906136500,63735104822599,49,-4480,1152,-2048,524416,-39872,26496,,,,,,
182640907133900,63735105821474,50,-5152,1696,-2336,523648,-39872,25472,,,,,,
182640908136800,63735106821307,51,-4928,960,-2496,522688,-40384,25664,,,,,,
182640909143900,63735107823349,52,-4736,1344,-2656,520896,-38144,27072,,,,,,
182640910140000,63735108821516,53,-4736,1632,-2656,521792,-39680,29248,,,,,,
182640911140100,63735109821391,54,-4640,1696,-2560,521536,-39936,24960,,,,,,
182640912144700,63735110824224,55,-4992,1088,-3168,522240,-37952,27136,,,,,,
182640913148400,63735111821474,56,-4544,1504,-2048,522112,-41152,27648,,,,,,
182640914146600,63735112821474,57,-5088,1184,-2528,522304,-38656,25792,,,,,,
182640915141100,63735113821474,58,-4832,1056,-2400,522496,-39808,26688,,,,,,
182640916140100,63735114821224,59,-4800,992,-2080,522304,-39936,24704,,,,,,
182640917148200,63735115821641,60,-4736,896,-2336,523072,-39104,27008,,,,,,
182640918142500,63735116821474,61,-4736,1408,-2304,522240,-39936,27648,,,,,,
182640919141000,63735117820891,62,-4800,896,-2720,521856,-39936,25664,,,,,,
182640920135900,63735118821557,63,-5472,1312,-2912,522432,-40448,29440,,,,,,
182640921135200,63735119821349,64,-4384,1568,-2080,523840,-39168,25152,,,,,,
182640922139000,63735120822557,65,-5184,1600,-1920,521664,-41280,25024,,,,,,
182640923137900,63735121821391,66,-4704,1248,-2272,522560,-40000,24704,,,,,,
182640924140100,63735122823766,67,-4704,1408,-2976,523968,-38336,25600,,,,,,
182640925139800,63735123821391,68,-4800,1440,-2208,523712,-40000,24192,,,,,,
182640926138000,63735124821182,69,-4672,1568,-1952,522304,-38272,26432,,,,,,
182640927151800,63735125821432,70,-5376,1600,-2848,524224,-41472,26112,,,,,,
182640928158500,63735126821766,71,-5024,1312,-2048,522880,-39744,27072,,,,,,
182640929143500,63735127821474,72,-4384,1440,-2656,521664,-40192,27968,,,,,,
182640930201300,63735128821516,73,-5344,1568,-2432,520704,-39488,25984,,,,,,
182640931140800,63735129821307,74,-5088,1472,-2464,523136,-38016,26112,,,,,,
182640932148200,63735130821391,75,-4640,1216,-2688,523008,-40320,25792,,,,,,
182640933135500,63735131821557,76,-4960,1472,-2240,521408,-40000,26688,,,,,,
182640934150900,63735132823474,77,-4992,1088,-3488,523200,-39168,25344,,,,,,
182640935141300,63735133822766,78,-4992,1248,-2560,524224,-38656,27968,,,,,,
182640936142200,63735134821141,79,-4512,1088,-2208,522752,-39936,26112,,,,,,
182640937152800,63735135821682,80,-5280,1440,-2304,521920,-41088,24576,,,,,,
182640938144200,63735136821224,81,-5248,1248,-2112,522496,-39872,26368,,,,,,
182640939141000,63735137821016,82,-4736,1344,-2464,521856,-40576,25408,,,,,,
182640940156100,63735138821516,83,-4480,1344,-1920,522112,-40000,26048,,,,,,
182640941158200,63735139821349,84,-5024,1088,-2272,521728,-40128,27264,,,,,,
182640942153400,63735140823516,85,-4480,1408,-2176,523840,-41088,26304,,,,,,
182640943146600,63735141821516,86,-4576,960,-1856,521600,-38976,28416,,,,,,
182640944149400,63735142821724,87,-5120,1152,-2336,521984,-38656,25280,,,,,,
182640945148400,63735143821432,88,-4736,1056,-1984,523008,-39360,26688,,,,,,
182640946148200,63735144821266,89,-4384,1408,-2720,524096,-38912,25600,,,,,,
182640947151300,63735145821516,90,-4864,1248,-2432,522880,-39488,25344,,,,,,
182640948151500,63735146821349,91,-4704,1504,-2400,522048,-40128,24256,,,,,,
182640949153400,63735147821349,92,-4416,1376,-2208,523520,-39872,27328,,,,,,
182640950152300,63735148821391,93,-5184,1376,-2464,522368,-40832,25664,,,,,,
182640951152600,63735149821432,94,-4128,672,-2016,522560,-38848,28224,,,,,,
182640952152600,63735150822807,95,-4928,1568,-2336,523328,-40192,23424,,,,,,
182640953149900,63735151822682,96,-4576,1216,-2272,524416,-39936,26880,,,,,,
182640954151300,63735152822432,97,-4992,1728,-2240,521536,-41856,28160,,,,,,
182640955151900,63735153821391,98,-5056,1088,-2112,523072,-38400,26304,,,,,,
182640956196800,63735154821974,99,-4736,1568,-2592,521920,-40256,27200,,,,,,
182640957152000,63735155821807,100,-5056,1504,-2848,520640,-38784,25216,,,,,,
182640958152400,63735156821641,101,-4416,1184,-1760,523392,-39616,27520,,,,,,
182640959152000,63735157821432,102,-4448,1280,-2368,522560,-40384,24192,,,,,,
182640960166800,63735158821599,103,-5024,1184,-1824,522880,-41600,26688,,,,,,
182640961152400,63735159821724,104,-4736,1248,-2592,521408,-38720,27136,,,,,,
182640962152200,63735160821432,105,-4768,1472,-2592,522816,-39936,28096,,,,,,
182640963155500,63735161821432,106,-4800,1312,-2976,521536,-40640,25472,,,,,,
182640964153800,63735162821516,107,-5280,1152,-3232,522496,-40448,25472,,,,,,
182640965152100,63735163822474,108,-5248,1664,-2720,522240,-38720,27200,,,,,,
182640966152000,63735164822266,109,-4640,1760,-2688,521408,-39936,27584,,,,,,
182640967147800,63735165821474,110,-5120,1248,-2496,523520,-38464,23680,,,,,,
182640968147300,63735166821432,111,-4800,1344,-2624,521792,-38016,26432,,,,,,
182640969147400,63735167821474,112,-4672,1120,-2720,521280,-40832,28736,,,,,,
182640970146800,63735168821474,113,-4768,1184,-2528,522944,-40320,27456,,,,,,
182640971149200,63735169824432,114,-4800,1376,-1824,521536,-38912,26560,,,,,,
182640972145600,63735170821307,115,-4544,1504,-2624,521664,-36800,25920,,,,,,
182640973147900,63735171821474,116,-4672,1184,-2656,522496,-40448,27904,,,,,,
182640974149600,63735172821432,117,-5024,768,-2432,522112,-40640,28480,,,,,,
182640975149100,63735173821266,118,-4576,1184,-1888,521792,-40576,26304,,,,,,
182640976156800,63735174822141,119,-4544,1344,-2720,518912,-39296,26624,,,,,,
182640977154000,63735175821682,120,-4512,1760,-2560,522176,-37888,26240,,,,,,
182640978143100,63735176821391,121,-4992,1312,-2912,522240,-38656,26816,,,,,,
182640979146000,63735177821432,122,-4832,1248,-2464,521216,-41088,25856,,,,,,
182640980345700,63735178821516,123,-4736,1568,-2976,523328,-40320,25920,,,,,,
182640981136300,63735179821474,124,-4384,864,-2208,520640,-41344,23744,,,,,,
182640982175400,63735180821391,125,-5376,1280,-2624,522112,-40384,26816,,,,,,
182640983171600,63735181821516,126,-4608,1312,-2688,521280,-39936,24384,,,,,,
182640984154700,63735182821474,127,-5184,1280,-2400,522048,-39360,29248,,,,,,
182640985301100,63735183821432,128,-4320,928,-2368,521472,-39872,26240,,,,,,
182640986163000,63735184821224,129,-4928,1568,-2656,521024,-39808,27264,,,,,,
182640987156400,63735185821557,130,-4704,1440,-2304,522112,-39488,25280,,,,,,
182640988150600,63735186821349,131,-4480,992,-2272,521856,-40960,27584,,,,,,
182640989150800,63735187821307,132,-4640,1376,-1888,521088,-40768,26240,,,,,,
182640990155000,63735188821391,133,-4800,1408,-2688,520192,-39936,27904,,,,,,
182640991152900,63735189821391,134,-5184,1120,-2176,522624,-40640,25856,,,,,,
182640992153700,63735190821432,135,-4736,1184,-1792,522176,-39424,28352,,,,,,
182640993153800,63735191821099,136,-4544,896,-2368,521088,-41344,26112,,,,,,
182640994150200,63735192821391,137,-4256,1248,-2176,520960,-40512,25280,,,,,,
182640995177000,63735193821266,138,-4448,1312,-2368,521728,-39808,24128,,,,,,
182640996155100,63735194821391,139,-4928,1696,-2528,521152,-40576,26880,,,,,,
182640997154900,63735195821474,140,-5056,1376,-2272,520832,-40064,25344,,,,,,
182640998153900,63735196821307,141,-4160,1376,-2208,521856,-38784,24896,,,,,,
182640999158100,63735197821641,142,-4800,2176,-2912,523328,-40896,26624,,,,,,
182641000159000,63735198822932,143,-4608,1696,-2784,522240,-39936,25792,,,,,,
182641001157300,63735199821516,144,-5056,1600,-2400,521152,-41408,23872,,,,,,
182641002266800,63735200821391,145,-4704,1408,-2784,522112,-38784,28288,,,,,,
182641003167500,63735201820807,146,-4480,1472,-2560,522176,-40960,25216,,,,,,
182641004157100,63735202821599,147,-4960,1408,-2784,522240,-39552,26048,,,,,,
182641005153500,63735203821807,148,-4672,1184,-1760,522368,-40448,26688,,,,,,
182641006153700,63735204822724,149,-5248,1408,-2624,521856,-40704,26560,,,,,,
182641007157300,63735205821432,150,-5024,1408,-3040,522624,-40832,26240,,,,,,
182641008151800,63735206822266,151,-4384,992,-1824,522944,-39936,27264,,,,,,
182641009153600,63735207821349,152,-4992,1312,-2944,521024,-39360,25216,,,,,,
182641010151200,63735208821557,153,-4160,1248,-2080,521472,-39680,25216,,,,,,
182641011148500,63735209821974,154,-4992,1216,-2976,521216,-38784,25728,,,,,,
182641012160800,63735210822141,155,-4448,1280,-2112,518848,-39680,26112,,,,,,
182641013157200,63735211821641,156,-5248,1600,-3008,522240,-39680,25344,,,,,,
182641014152400,63735212821557,157,-4800,1408,-2368,520256,-40704,26176,,,,,,
182641015160800,63735213821307,158,-4512,1088,-1632,520640,-38976,26624,,,,,,
182641016169600,63735214821266,159,-4800,1344,-2528,522048,-38656,25280,,,,,,
182641017150400,63735215821516,160,-4608,1280,-2368,521920,-39616,26624,,,,,,
182641018149600,63735216823307,161,-5152,1664,-2432,521856,-39616,27584,,,,,,
182641019156200,63735217821307,162,-4864,1312,-2656,522048,-41600,27136,,,,,,
182641020149500,63735218821349,163,-5568,1696,-2112,520704,-38848,24768,,,,,,
182641021149600,63735219821391,164,-4896,1344,-2496,520896,-39936,26944,,,,,,
182641022150500,63735220821349,165,-4480,1088,-2752,524224,-38464,26304,,,,,,
182641023153100,63735221821182,166,-5248,1248,-2240,522176,-41024,26816,,,,,,
182641024151000,63735222821516,167,-4352,1248,-1920,520192,-40896,26176,,,,,,
182641025149500,63735223821349,168,-4608,1024,-2688,522048,-40768,25344,,,,,,
182641026152300,63735224821432,169,-4576,1536,-2208,523008,-41536,26944,,,,,,
182641027149900,63735225821516,170,-4512,1344,-2432,522880,-40000,25280,,,,,,
182641028147300,63735226821391,171,-4832,1376,-1984,522944,-38912,23680,,,,,,
182641029146800,63735227821391,172,-4384,896,-1504,521664,-39552,27712,,,,,,
182641030151000,63735228821557,173,-4512,1536,-2368,522368,-38464,25408,,,,,,
182641031150300,63735229821432,174,-4672,1248,-2368,522432,-38400,26624,,,,,,
182641032152600,63735230821432,175,-4768,1376,-2912,520576,-40832,26752,,,,,,
182641033152500,63735231821349,176,-4288,1216,-2080,522624,-40832,26304,,,,,,
182641034155000,63735232821724,177,-4896,1568,-2656,522432,-39616,25536,,,,,,
182641035143300,63735233821266,178,-4672,1760,-3232,522176,-39488,26368,,,,,,
182641036238300,63735234822099,179,-4608,1536,-2752,521600,-38720,23168,,,,,,
182641037151700,63735235821516,180,-4736,1440,-2496,521472,-40448,26560,,,,,,
182641038150300,63735236821391,181,-4448,1632,-2528,522880,-40512,25472,,,,,,
182641039152700,63735237821266,182,-4992,1376,-2368,521856,-37504,26240,,,,,,
182641040151700,63735238821641,183,-3936,1248,-2080,523072,-40640,26752,,,,,,
182641041151400,63735239821516,184,-5440,1824,-2784,522432,-38784,25088,,,,,,
182641042151900,63735240821266,185,-4704,1280,-2432,521216,-38720,25472,,,,,,
182641043149200,63735241821224,186,-5120,1216,-2272,521152,-40000,25728,,,,,,
182641044156300,63735242821474,187,-4800,1472,-2624,522560,-40128,27328,,,,,,
182641045145700,63735243821307,188,-4864,1312,-2048,520192,-38528,25984,,,,,,
182641046150200,63735244821349,189,-4576,1312,-2528,521024,-38144,25536,,,,,,
182641047151900,63735245821349,190,-4736,1472,-1760,520512,-40384,24960,,,,,,
182641048150600,63735246821349,191,-5312,928,-2016,521984,-40192,28544,,,,,,
182641049153000,63735247821266,192,-5664,1696,-2368,520960,-39872,26688,,,,,,
182641050152500,63735248821766,193,-4864,992,-2272,520384,-40576,26816,,,,,,
182641051154000,63735249821516,194,-4640,1344,-2368,519936,-39936,26368,,,,,,
182641052156300,63735250821224,195,-5600,1504,-2464,521216,-39424,26176,,,,,,
182641053149500,63735251821224,196,-4736,1056,-2112,521792,-39488,29248,,,,,,
182641054150600,63735252823432,197,-4640,1408,-2400,521344,-40128,26688,,,,,,
182641055152900,63735253821266,198,-4800,1344,-1760,522176,-39488,27776,,,,,,
182641056223900,63735254822224,199,-4960,1472,-2272,522432,-40896,24640,,,,,,
182641057147400,63735255821432,200,-5024,1376,-1696,521408,-39872,26816,,,,,,
182641058144500,63735256821474,201,-4768,1504,-2240,522816,-40896,25536,,,,,,
182641059153200,63735257821391,202,-4768,1568,-2240,522432,-39424,27520,,,,,,
182641060151200,63735258824516,203,-4480,1376,-2784,522560,-39680,26944,,,,,,
182641061146100,63735259821432,204,-4704,1440,-3264,521536,-40256,25856,,,,,,
182641062158600,63735260821349,205,-4416,1184,-1600,522368,-39680,24064,,,,,,
182641063152200,63735261821307,206,-4320,1216,-2336,522560,-39424,26880,,,,,,
182641064148200,63735262823474,207,-4736,1344,-2560,523328,-39104,27776,,,,,,
182641065154000,63735263821516,208,-4288,1376,-1888,519936,-41472,24832,,,,,,
182641066153200,63735264821849,209,-5152,1696,-2400,521088,-40128,26048,,,,,,
182641067152800,63735265821391,210,-4832,1504,-2368,521792,-40000,25920,,,,,,
182641068152200,63735266822182,211,-4736,1408,-2688,519808,-40896,26816,,,,,,
182641069143100,63735267821307,212,-4896,1280,-2784,523008,-39872,29184,,,,,,
182641070158600,63735268824016,213,-3808,1664,-1600,521984,-39360,26176,,,,,,
182641071147300,63735269821432,214,-4864,1152,-2912,523840,-41024,25984,,,,,,
182641072149000,63735270821349,215,-4928,1248,-2240,520704,-38400,28352,,,,,,
182641073151800,63735271821266,216,-4704,1184,-2336,521728,-41536,25792,,,,,,
182641074156700,63735272821432,217,-4544,1312,-2496,523392,-40128,26048,,,,,,
182641075155100,63735273821349,218,-4800,1248,-2368,522752,-39168,26176,,,,,,
182641076153500,63735274821349,219,-4608,864,-2304,521920,-40256,27136,,,,,,
182641077145100,63735275821391,220,-4096,1088,-2112,521600,-39040,26752,,,,,,
182641078155400,63735276821391,221,-4480,992,-2304,522368,-38976,27200,,,,,,
182641079155600,63735277821224,222,-4992,1696,-2912,522048,-39872,24448,,,,,,
182641080152400,63735278821224,223,-4928,1376,-2592,521728,-40896,27136,,,,,,
182641081152700,63735279821432,224,-4416,1344,-2848,522304,-40256,25472,,,,,,
182641082147300,63735280821349,225,-4928,864,-2528,521920,-41920,25088,,,,,,
182641083149600,63735281822807,226,-4480,1120,-2176,521984,-40768,27712,,,,,,
182641084147300,63735282821474,227,-4544,1760,-2976,522048,-39552,26816,,,,,,
182641085189400,63735283821516,228,-4832,1184,-2208,523200,-39936,27520,,,,,,
182641086156900,63735284821349,229,-4768,1312,-2240,521792,-40896,28096,,,,,,
182641087143100,63735285821099,230,-4672,1472,-1728,521728,-39488,22528,,,,,,
182641088148600,63735286822349,231,-4544,1760,-2816,523072,-41088,30080,,,,,,
182641089142600,63735287821307,232,-4768,1376,-2656,522048,-39872,24768,,,,,,
182641090138500,63735288821266,233,-5152,864,-1504,520832,-40320,25792,,,,,,
182641091149100,63735289821391,234,-4448,1344,-2464,522496,-37824,28160,,,,,,
182641092154400,63735290821766,235,-5472,1408,-2624,520832,-38784,28032,,,,,,
182641093152700,63735291821266,236,-4576,832,-1824,520576,-41664,26432,,,,,,
182641094196400,63735292821474,237,-5056,1344,-2432,520000,-40576,25280,,,,,,
182641095157300,63735293821349,238,-4832,1472,-2752,521280,-40256,28032,,,,,,
182641096166300,63735294821141,239,-5024,1056,-2432,522752,-39360,27328,,,,,,
182641097148500,63735295821307,240,-4928,1248,-1760,521984,-37568,26112,,,,,,
182641098147000,63735296822182,241,-4576,1120,-2272,520896,-39872,28224,,,,,,
182641099149400,63735297821391,242,-5280,1248,-2688,521664,-40064,27392,,,,,,
182641100152700,63735298821349,243,-4896,1056,-2400,521856,-39104,27840,,,,,,
182641101152500,63735299821391,244,-5024,1312,-2560,522048,-39744,25600,,,,,,
182641102149700,63735300822057,245,-4224,1184,-1824,522176,-39936,25600,,,,,,
182641103161300,63735301822849,246,-4768,1312,-1664,520960,-39168,28736,,,,,,
182641104174700,63735302821474,247,-4768,1024,-2880,522240,-40512,25152,,,,,,
182641105149900,63735303821432,248,-4352,1376,-2400,522496,-39040,27264,,,,,,
182641106149100,63735304821391,249,-4704,960,-2176,520832,-38976,26432,,,,,,
182641107152600,63735305821557,250,-4192,1440,-2784,522176,-38912,25600,,,,,,
182641108152300,63735306821516,251,-5088,1024,-2880,523200,-40064,25600,,,,,,
182641109148200,63735307821307,252,-4928,1504,-2112,520768,-39424,26688,,,,,,
182641110286100,63735308821349,253,-5152,1568,-2528,522688,-39488,27520,,,,,,
182641111271500,63735309821641,254,-4416,1632,-2176,522880,-38784,27328,,,,,,
182641112287100,63735310822932,255,-4448,1024,-2656,522496,-39744,26496,,,,,,
182641113145200,63735311821141,0,-4832,1344,-2048,522048,-39360,25728,,,,,,
182641114191900,63735312821432,1,-4608,1152,-1984,522880,-39936,27072,,,,,,
182641115157800,63735313821557,2,-4864,1408,-2272,522560,-39936,25856,,,,,,
182641116155000,63735314821266,3,-4608,1472,-2912,521984,-39936,25728,,,,,,
182641117149100,63735315821891,4,-4640,1248,-2144,522240,-40000,26304,,,,,,
182641118147800,63735316822057,5,-4640,1216,-2208,520960,-39168,24640,,,,,,
182641119157000,63735317821349,6,-4224,1024,-2016,520640,-41216,23616,,,,,,
182641120151300,63735318821266,7,-4800,1280,-2624,521856,-38272,24896,,,,,,
182641121149700,63735319821432,8,-4576,960,-2624,520576,-38784,27328,,,,,,
182641122149700,63735320821349,9,-5536,1056,-3072,522688,-39936,23296,,,,,,
182641123152500,63735321821307,10,-5120,896,-2432,519232,-39360,26304,,,,,,
182641124149800,63735322821474,11,-4576,1152,-2080,523392,-38912,27648,,,,,,
182641125150900,63735323821349,12,-4800,1312,-1984,523264,-40704,24832,,,,,,
182641126149900,63735324821307,13,-5024,1344,-2272,522496,-38080,24576,,,,,,
182641127149100,63735325821474,14,-4928,864,-2208,523008,-41984,26560,,,,,,
182641128149900,63735326821432,15,-4992,1152,-2144,521408,-39552,27584,,,,,,
182641129152700,63735327822641,16,-4704,1312,-2176,521856,-39936,27392,,,,,,
182641130152700,63735328821474,17,-4896,1248,-1760,521088,-41664,24064,,,,,,
182641131153400,63735329821391,18,-4832,896,-2464,521856,-39488,27136,,,,,,
182641132153300,63735330821391,19,-5568,1792,-2752,523136,-40064,25728,,,,,,
182641133153900,63735331823016,20,-4608,1248,-2176,521600,-39168,25728,,,,,,
182641134154000,63735332821474,21,-5248,1312,-2368,523136,-40448,26560,,,,,,
182641135141600,63735333821557,22,-5088,1152,-2592,522944,-40448,23552,,,,,,
182641136153300,63735334822724,23,-4608,1056,-2176,522368,-40448,25792,,,,,,
182641137149400,63735335821474,24,-4672,960,-2752,521728,-40704,26048,,,,,,
182641138150000,63735336821349,25,-4672,928,-2016,522624,-40832,25856,,,,,,
182641139145400,63735337820849,26,-4800,1280,-2464,521152,-40192,26368,,,,,,
182641140148100,63735338821266,27,-4992,1184,-2816,521344,-39936,26048,,,,,,
182641141148700,63735339821391,28,-4800,1376,-2432,521472,-41344,24000,,,,,,
182641142144800,63735340821432,29,-4544,1632,-2304,522368,-38848,25728,,,,,,
182641143151400,63735341821224,30,-4096,1120,-2208,521984,-40256,27008,,,,,,
182641144155800,63735342821516,31,-4640,1088,-2240,521472,-40384,29184,,,,,,
182641145153500,63735343821432,32,-4832,1440,-2304,522048,-39616,25408,,,,,,
182641146153500,63735344821307,33,-4992,1120,-2144,523264,-39232,25664,,,,,,
182641147152500,63735345821474,34,-4832,1088,-2720,521920,-40000,26624,,,,,,
182641148151800,63735346821349,35,-4608,1568,-2816,522240,-40512,24512,,,,,,
182641149150100,63735347821349,36,-4736,1472,-2816,522240,-39616,26752,,,,,,
182641150151800,63735348821224,37,-4480,1472,-2272,521024,-39488,25664,,,,,,
182641151153300,63735349821391,38,-4736,1504,-2688,523968,-39808,28480,,,,,,
182641152152100,63735350821349,39,-4704,1344,-2528,523392,-41408,27136,,,,,,
182641153150800,63735351823141,40,-5088,1664,-2816,520960,-39680,27008,,,,,,
182641154155000,63735352824891,41,-4992,1088,-2272,521344,-39488,26112,,,,,,
182641155152700,63735353821432,42,-4704,1024,-1728,522560,-39744,27648,,,,,,
182641156143300,63735354821307,43,-4992,1472,-2240,521536,-41856,23936,,,,,,
182641157144500,63735355821474,44,-4960,1216,-2944,521728,-39872,26048,,,,,,
182641158151800,63735356821641,45,-4480,928,-1472,522368,-40896,26048,,,,,,
182641159144900,63735357821432,46,-4832,768,-2528,522688,-40832,27648,,,,,,
182641160141400,63735358821224,47,-4960,1088,-2304,521152,-40384,24896,,,,,,
182641161160900,63735359821391,48,-4704,800,-2272,521088,-39296,25472,,,,,,
182641162151900,63735360821391,49,-4800,1440,-2624,521408,-40320,26688,,,,,,
182641163144800,63735361821182,50,-4928,1408,-2816,522368,-39680,26112,,,,,,
182641164137400,63735362821432,51,-4512,1216,-2656,521856,-40640,26688,,,,,,
182641165143800,63735363822766,52,-4448,1184,-2464,521728,-39872,26816,,,,,,
182641166141500,63735364821349,53,-4256,1248,-3264,521536,-39680,26688,,,,,,
182641167156400,63735365822307,54,-4704,1056,-1984,521984,-39680,25536,,,,,,
182641168147100,63735366821432,55,-3968,1216,-1696,522944,-38464,27456,,,,,,
182641169153600,63735367821391,56,-5184,1440,-2720,522048,-39488,27520,,,,,,
182641170154000,63735368821266,57,-4416,1472,-2464,523008,-39488,26880,,,,,,
182641171150000,63735369821349,58,-4800,1216,-2016,521472,-40448,25728,,,,,,
182641172150200,63735370821349,59,-4832,1632,-2528,523072,-38592,27776,,,,,,
182641173151300,63735371821182,60,-4576,1280,-2304,521536,-39424,24640,,,,,,
182641174155300,63735372821474,61,-4800,1600,-2496,523328,-39040,27200,,,,,,
182641175151200,63735373821474,62,-4192,1152,-1504,523200,-39168,26688,,,,,,
182641176145800,63735374820974,63,-4768,1152,-2528,520448,-40000,24256,,,,,,
182641177142600,63735375821307,64,-4736,1312,-1888,519552,-37312,26112,,,,,,
182641178162600,63735376822057,65,-4928,1504,-2688,523200,-39616,24512,,,,,,
182641179151200,63735377821849,66,-4640,1632,-2432,521536,-40000,28800,,,,,,
182641180149700,63735378821224,67,-4544,928,-2368,520896,-40512,26368,,,,,,
182641181151600,63735379821391,68,-4672,1408,-2464,521344,-40640,25088,,,,,,
182641182152200,63735380821432,69,-5376,1952,-2208,521216,-40256,23488,,,,,,
182641183155800,63735381821891,70,-4256,1632,-2048,521664,-39488,28224,,,,,,
182641184153700,63735382821557,71,-4096,832,-2112,521792,-40320,24384,,,,,,
182641185141000,63735383821432,72,-4800,1440,-2624,520896,-39744,26112,,,,,,
182641186196900,63735384821516,73,-4832,1632,-2048,522048,-39616,24512,,,,,,
182641187160400,63735385821307,74,-4512,1184,-2048,522560,-41792,26432,,,,,,
182641188150500,63735386821391,75,-5248,1568,-2560,521728,-40064,27776,,,,,,
182641189149100,63735387822807,76,-4800,1216,-2144,521472,-40448,25472,,,,,,
182641190150500,63735388821182,77,-5248,1248,-1824,520832,-40000,24832,,,,,,
182641191151100,63735389821391,78,-4640,1312,-2944,523456,-41472,27520,,,,,,
182641192152400,63735390821349,79,-4448,1216,-2656,521216,-40384,24448,,,,,,
182641193152400,63735391821266,80,-4480,1344,-2272,520576,-40128,24064,,,,,,
182641194155200,63735392821516,81,-5088,1312,-2400,522368,-39808,25472,,,,,,
182641195143400,63735393821432,82,-5088,928,-2688,522752,-40960,28224,,,,,,
182641196244600,63735394822016,83,-4768,1216,-2688,522112,-39616,27584,,,,,,
182641197150100,63735395821224,84,-4800,1216,-1120,523712,-40384,25536,,,,,,
182641198147700,63735396821391,85,-4448,1216,-2880,521856,-39488,25152,,,,,,
182641199141400,63735397821391,86,-4288,1312,-2400,521792,-39744,24256,,,,,,
182641200150400,63735398821224,87,-4768,1152,-2112,520896,-39808,25344,,,,,,
182641201150000,63735399821432,88,-4448,1344,-2368,522176,-42688,25856,,,,,,
182641202149600,63735400821349,89,-4352,576,-2272,521984,-40576,26560,,,,,,
182641203149600,63735401821266,90,-4960,1760,-2240,523712,-40896,25280,,,,,,
182641204152100,63735402821474,91,-4736,1216,-3040,522752,-39424,23296,,,,,,
182641205146400,63735403821391,92,-4768,1408,-2400,522240,-40576,25472,,,,,,
182641206146200,63735404821432,93,-5216,1056,-2624,522048,-40320,27392,,,,,,
182641207151200,63735405821266,94,-4480,1440,-2240,521024,-41088,24000,,,,,,
182641208151900,63735406821307,95,-4800,1440,-2880,521088,-38464,25728,,,,,,
182641209153500,63735407821516,96,-4832,1216,-2432,521088,-40640,26816,,,,,,
182641210219700,63735408821141,97,-4864,1184,-2368,523264,-39168,29056,,,,,,
182641211158700,63735409821474,98,-5024,864,-2400,520384,-39488,27136,,,,,,
182641212137200,63735410822016,99,-5024,1088,-2400,520832,-40704,25600,,,,,,
182641213165300,63735411822682,100,-4800,1408,-2624,522560,-39104,27712,,,,,,
182641214149300,63735412821432,101,-4960,1152,-1792,522816,-38720,26752,,,,,,
182641215148900,63735413821307,102,-4672,1568,-2208,522816,-39552,27776,,,,,,
182641216148000,63735414821391,103,-4000,1088,-2272,520960,-40448,24000,,,,,,
182641217145800,63735415821599,104,-5152,1376,-2208,523200,-38272,25664,,,,,,
182641218149400,63735416821474,105,-4640,1504,-2656,523328,-39040,24640,,,,,,
182641219158100,63735417821307,106,-4384,1088,-2432,521344,-38848,24896,,,,,,
182641220157700,63735418821224,107,-4000,1376,-2112,522624,-39808,25344,,,,,,
182641221150000,63735419821432,108,-4160,1056,-2336,522112,-41088,26880,,,,,,
182641222148900,63735420821307,109,-4768,1312,-2176,522112,-40320,27584,,,,,,
182641223151100,63735421821266,110,-4288,1856,-2560,521664,-39872,27776,,,,,,
182641224149700,63735422823182,111,-4352,672,-1952,521792,-37952,27136,,,,,,
182641225147900,63735423821391,112,-5280,1600,-2816,521984,-39360,25792,,,,,,
182641226151600,63735424821391,113,-5024,1728,-2816,522432,-40704,26432,,,,,,
182641227152300,63735425821099,114,-4864,1152,-2304,523648,-41216,29440,,,,,,
182641228195500,63735426821432,115,-4384,1280,-2496,521856,-37824,26496,,,,,,
182641229183000,63735427821307,116,-4960,1568,-2016,521536,-40640,25600,,,,,,
182641230163700,63735428821766,117,-5024,1440,-2848,524096,-40384,25792,,,,,,
182641231150400,63735429822891,118,-4160,864,-1504,522624,-41664,25408,,,,,,
182641232146700,63735430821349,119,-4896,1536,-2112,521984,-39104,29120,,,,,,
182641233149900,63735431820932,120,-4928,1344,-2592,523520,-42432,27008,,,,,,
182641234150500,63735432821599,121,-4480,1248,-2272,524160,-40000,25024,,,,,,
182641235288900,63735433821391,122,-5120,1088,-2272,521792,-39680,25024,,,,,,
182641236154600,63735434821391,123,-4960,1440,-2688,521600,-40000,28928,,,,,,
182641237150800,63735435821224,124,-4544,1248,-2592,522176,-38656,25856,,,,,,
182641238150200,63735436821432,125,-4896,1536,-3168,522880,-40320,26240,,,,,,
182641239153200,63735437821349,126,-4224,1280,-1952,522496,-42368,26880,,,,,,
182641240152500,63735438821182,127,-5632,992,-2944,521856,-39936,25920,,,,,,
182641241151600,63735439821516,128,-4800,1344,-2560,521984,-40704,23680,,,,,,
182641242149200,63735440822557,129,-4352,1824,-2688,522048,-41664,26560,,,,,,
182641243147100,63735441821224,130,-4064,1152,-1888,523008,-40000,26112,,,,,,
182641244145300,63735442821432,131,-5280,1152,-1824,519616,-40512,25728,,,,,,
182641245164500,63735443821307,132,-4704,1216,-2528,523584,-41728,27328,,,,,,
182641246155300,63735444821349,133,-4768,960,-1952,521600,-39872,26944,,,,,,
182641247145600,63735445821182,134,-5120,1600,-2976,521728,-40320,28096,,,,,,
182641248162000,63735446821432,135,-4640,1216,-2240,520896,-40896,24960,,,,,,
182641249150200,63735447821307,136,-4992,1408,-2816,523456,-41536,24768,,,,,,
182641250145100,63735448824057,137,-4928,1280,-2976,521152,-39744,27392,,,,,,
182641251147800,63735449821516,138,-4416,1216,-2048,522304,-38592,26112,,,,,,
182641252151100,63735450821307,139,-4512,1216,-2624,522880,-38592,26112,,,,,,
182641253150300,63735451821391,140,-5120,1504,-3456,523904,-39872,25536,,,,,,
182641254161200,63735452827807,141,-5056,1376,-1824,522368,-39808,25216,,,,,,
182641255139600,63735453824516,142,-5152,1504,-2528,522048,-40128,23808,,,,,,
182641256139900,63735454821891,143,-4960,1120,-2496,522176,-41088,26944,,,,,,
182641257136800,63735455821349,144,-4800,1472,-2720,522560,-40576,26816,,,,,,
182641258238200,63735456821349,145,-4928,1408,-2048,521472,-38080,28096,,,,,,
182641259352100,63735457821391,146,-4800,1504,-2080,523520,-38208,25280,,,,,,
182641260169500,63735458821432,147,-4288,1120,-2528,522112,-39488,26496,,,,,,
182641261161700,63735459821516,148,-4704,1216,-2464,521280,-40128,26176,,,,,,
182641262151400,63735460821266,149,-4576,992,-2400,520704,-39232,25152,,,,,,
182641263141400,63735461821307,150,-4448,1056,-2656,523648,-39424,26688,,,,,,
182641264139400,63735462821474,151,-4160,800,-2624,522752,-38976,26176,,,,,,
182641265137600,63735463821932,152,-4896,1408,-2816,523264,-38912,25408,,,,,,
182641266228100,63735464822849,153,-4800,896,-1920,521856,-39488,26176,,,,,,
182641267276900,63735465822182,154,-4736,1376,-2496,523776,-38144,28096,,,,,,
182641268147100,63735466821349,155,-4672,1312,-2112,521728,-40704,24576,,,,,,
182641269155700,63735467821307,156,-4800,1248,-2848,522688,-39168,25344,,,,,,
182641270158900,63735468821224,157,-5184,1024,-2400,522240,-40640,24832,,,,,,
182641271147200,63735469821724,158,-4800,1696,-2720,522432,-40960,27328,,,,,,
182641272141000,63735470822849,159,-4960,1824,-2240,523136,-39872,28224,,,,,,
182641273140000,63735471821307,160,-4576,1408,-2464,522432,-40192,27072,,,,,,
182641274245000,63735472821141,161,-5344,1536,-3200,523584,-40320,24128,,,,,,
182641275258100,63735473821516,162,-5216,1408,-2272,521216,-39936,24704,,,,,,
182641276139200,63735474821266,163,-4800,1408,-2208,521344,-39744,26048,,,,,,
182641277184700,63735475821182,164,-5248,1088,-3136,522816,-38592,27392,,,,,,
182641278152000,63735476822932,165,-4256,1120,-2496,522432,-39168,26176,,,,,,
182641279136900,63735477821266,166,-5120,1600,-2848,520960,-40384,25856,,,,,,
182641280137500,63735478821307,167,-4128,1344,-2208,522304,-38912,25152,,,,,,
182641281135200,63735479821432,168,-5152,1376,-2848,520640,-38336,26560,,,,,,
182641282135900,63735480821349,169,-4160,1088,-2304,522368,-39040,25856,,,,,,
182641283138900,63735481821349,170,-5184,1536,-2976,521920,-39936,26048,,,,,,
182641284137500,63735482821349,171,-4352,992,-2432,521664,-39808,25920,,,,,,
182641285225700,63735483821391,172,-4640,672,-2336,524096,-40192,24256,,,,,,
182641286169100,63735484821307,173,-4768,1280,-2720,523712,-39936,28032,,,,,,
182641287144300,63735485822266,174,-4096,1824,-3456,521152,-39552,25984,,,,,,
182641288137700,63735486821641,175,-4768,1472,-1952,521088,-38720,22912,,,,,,
182641289139100,63735487821391,176,-5280,1152,-2336,522688,-40704,23104,,,,,,
182641290227700,63735488821308,177,-4896,1696,-2656,521152,-40448,27840,,,,,,
182641291142900,63735489821391,178,-4640,1536,-1888,521408,-38784,25664,,,,,,
182641292139000,63735490821308,179,-4640,1216,-2400,522112,-40064,26880,,,,,,
182641293265500,63735491821266,180,-5344,1472,-2144,522944,-38848,25408,,,,,,
182641294155100,63735492821183,181,-5312,1184,-2464,522112,-39936,27136,,,,,,
182641295149800,63735493822891,182,-4640,1152,-2688,521280,-39296,25344,,,,,,
182641296138700,63735494821266,183,-4704,1344,-2688,524672,-39744,26624,,,,,,
182641297135200,63735495822599,184,-5024,1408,-2432,522304,-40064,25088,,,,,,
182641298138300,63735496821433,185,-4832,896,-2336,521536,-39616,26496,,,,,,
182641299139100,63735497821308,186,-4736,992,-2304,522880,-38592,28352,,,,,,
182641300139400,63735498822474,187,-4512,960,-1344,519488,-38976,25600,,,,,,
182641301139200,63735499821516,188,-5600,1792,-2720,522304,-40256,24704,,,,,,
182641302153700,63735500821599,189,-4480,1472,-2368,520320,-41280,25088,,,,,,
182641303134000,63735501821308,190,-5184,1568,-2272,522688,-39936,23808,,,,,,
182641304144000,63735502821183,191,-4704,1504,-2272,522176,-39296,27008,,,,,,
182641305145300,63735503821558,192,-4864,1440,-2624,524736,-40384,27712,,,,,,
182641306138300,63735504821433,193,-4896,704,-2560,520320,-40768,27200,,,,,,
182641307139400,63735505822641,194,-4768,1632,-2624,520768,-41792,28672,,,,,,
182641308138900,63735506821558,195,-4736,1280,-2496,521856,-40640,24128,,,,,,
182641309139800,63735507821266,196,-5376,1248,-2176,521600,-38784,25600,,,,,,
182641310377800,63735508821266,197,-4864,1536,-2400,523520,-38656,25984,,,,,,
182641311150200,63735509821349,198,-4384,896,-1760,521344,-39104,26432,,,,,,
182641312137000,63735510821391,199,-4992,1312,-2528,520960,-39360,26752,,,,,,
182641313164900,63735511821266,200,-4576,1280,-1856,521472,-39872,26432,,,,,,
182641314140000,63735512821183,201,-4704,672,-2336,522624,-40064,26176,,,,,,
182641315132800,63735513821516,202,-4800,1088,-2208,522624,-39552,28416,,,,,,
182641316131700,63735514821266,203,-5248,1536,-2720,522816,-39168,27520,,,,,,
182641317129700,63735515821266,204,-5184,1376,-2240,520512,-39488,25152,,,,,,
182641318138100,63735516821391,205,-4672,1152,-2432,521216,-40512,26048,,,,,,
182641319345800,63735517824016,206,-5120,1280,-2720,521920,-40960,27840,,,,,,
182641320145000,63735518821308,207,-5088,992,-2208,521856,-40320,28800,,,,,,
182641321145200,63735519821558,208,-5216,1472,-2336,520512,-38528,30976,,,,,,
182641322143400,63735520821474,209,-4992,1664,-2688,520256,-40000,27584,,,,,,
182641323138700,63735521821224,210,-4800,1152,-2784,523328,-41408,26048,,,,,,
182641324138800,63735522821391,211,-5312,1024,-2272,521024,-40192,27840,,,,,,
182641325139200,63735523822516,212,-4800,1344,-1536,523264,-39232,27328,,,,,,
182641326139600,63735524821391,213,-4928,1728,-2592,521216,-40192,28352,,,,,,
182641327140600,63735525821308,214,-5440,1440,-2624,520768,-40064,25280,,,,,,
182641328156200,63735526821308,215,-4672,1760,-2784,522560,-39552,25344,,,,,,
182641329149200,63735527821308,216,-4736,1120,-2016,523136,-39168,27072,,,,,,
182641330138200,63735528821183,217,-4992,1344,-2496,522752,-40576,27136,,,,,,
182641331152300,63735529821349,218,-5152,1536,-2208,520320,-39040,26240,,,,,,
182641332151700,63735530822224,219,-4256,1056,-2400,521088,-39872,26560,,,,,,
182641333147100,63735531821266,220,-4448,1088,-2432,520960,-39104,24768,,,,,,
182641334140800,63735532821349,221,-4768,896,-1984,523328,-39808,26496,,,,,,
182641335148300,63735533821558,222,-4224,1408,-2720,522816,-39808,28224,,,,,,
182641336142700,63735534821266,223,-5056,832,-2048,519872,-40832,25664,,,,,,
182641337154300,63735535821308,224,-4992,1312,-2336,520640,-40320,26432,,,,,,
182641338150200,63735536821433,225,-5408,1184,-2560,520896,-38656,26816,,,,,,
182641339149200,63735537821391,226,-4960,1536,-2176,522112,-39680,26752,,,,,,
182641340143000,63735538821266,227,-4608,1344,-2272,523264,-40384,28032,,,,,,
182641341148800,63735539821724,228,-4928,1088,-2368,521280,-41344,24000,,,,,,
182641342151100,63735540822016,229,-4192,1216,-2080,520128,-40768,27840,,,,,,
182641343147900,63735541821308,230,-4768,1248,-3328,521216,-40128,26560,,,,,,
182641344146400,63735542821224,231,-4576,960,-1856,520640,-38144,22912,,,,,,
182641345145700,63735543821308,232,-4832,1344,-2144,522176,-41024,25792,,,,,,
182641346148000,63735544821224,233,-5312,1120,-3168,521984,-41088,26752,,,,,,
182641347149100,63735545821266,234,-4768,1216,-2432,520064,-40576,28544,,,,,,
182641348152400,63735546821433,235,-4832,1152,-2560,521472,-40128,28864,,,,,,
182641349154000,63735547821349,236,-4832,1152,-2624,520960,-40192,26816,,,,,,
182641350154000,63735548821224,237,-4672,992,-2464,522176,-40448,25920,,,,,,
182641351153200,63735549821558,238,-4768,960,-2112,522304,-39808,28032,,,,,,
182641352152900,63735550821433,239,-5088,960,-2464,523008,-40128,23872,,,,,,
182641353151400,63735551821224,240,-5312,1376,-2176,522368,-38080,25088,,,,,,
182641354152900,63735552821308,241,-4576,1184,-2528,522880,-39552,27712,,,,,,
182641355152100,63735553824391,242,-5184,1376,-2688,521216,-38016,25408,,,,,,
182641356151900,63735554822391,243,-4864,1088,-2592,523712,-39680,27328,,,,,,
182641357150000,63735555821224,244,-4416,1184,-2720,523648,-39680,26304,,,,,,
182641358148800,63735556821391,245,-4576,1408,-2464,521472,-39360,29440,,,,,,
182641359202000,63735557821433,246,-4576,960,-2560,522176,-41216,24384,,,,,,
182641360168800,63735558822224,247,-4576,1184,-2144,522496,-38656,25408,,,,,,
182641361156300,63735559821099,248,-5184,1216,-2688,521984,-40000,27648,,,,,,
182641362154900,63735560821516,249,-4672,864,-2464,521984,-40448,24832,,,,,,
182641363157700,63735561821349,250,-5024,1312,-2304,523008,-40448,28224,,,,,,
182641364155200,63735562822058,251,-4896,1056,-2976,522176,-39872,25088,,,,,,
182641365149900,63735563821391,252,-4512,768,-2432,523264,-40896,26944,,,,,,
182641366153200,63735564822766,253,-5632,1952,-2816,524480,-39680,23680,,,,,,
182641367153800,63735565821183,254,-5184,1504,-2656,523904,-39360,25280,,,,,,
182641368156700,63735566822558,255,-4384,1280,-2080,521344,-40576,24832,,,,,,
182641369154300,63735567822849,0,-4928,1440,-2304,522368,-39424,27008,,,,,,
182641370154000,63735568821266,1,-4480,1216,-2464,522368,-40064,24192,,,,,,
182641371150600,63735569821183,2,-4288,1568,-2528,522944,-40320,27584,,,,,,
182641372150700,63735570822849,3,-4576,1504,-2496,521024,-39296,24640,,,,,,
182641373150200,63735571821266,4,-4736,1312,-2720,522112,-38912,25664,,,,,,
182641374149800,63735572824683,5,-5024,896,-2816,521792,-40640,27776,,,,,,
182641375156600,63735573821433,6,-4672,1664,-2496,522496,-40384,26048,,,,,,
182641376150700,63735574823558,7,-5280,1856,-2944,523392,-38912,25984,,,,,,
182641377154900,63735575821224,8,-4992,1472,-1376,522688,-40576,27648,,,,,,
182641378149300,63735576821308,9,-4928,1504,-2944,521472,-40064,28416,,,,,,
182641379152000,63735577821516,10,-4064,1376,-2400,522944,-40896,25408,,,,,,
182641380149900,63735578821266,11,-5056,1408,-3008,522496,-40384,23168,,,,,,
182641381147100,63735579821308,12,-5280,1440,-2656,521792,-39808,26112,,,,,,
182641382149200,63735580821474,13,-4768,1152,-2560,523328,-38656,25152,,,,,,
182641383151200,63735581821433,14,-4640,1344,-2336,522560,-39424,27776,,,,,,
182641384153000,63735582821933,15,-4512,1472,-1920,523328,-37696,26368,,,,,,
182641385148300,63735583821308,16,-4640,1728,-2368,522368,-38144,25792,,,,,,
182641386152300,63735584821349,17,-4896,1376,-2368,521472,-40896,27456,,,,,,
182641387151100,63735585821183,18,-5120,1536,-2112,522880,-41408,26240,,,,,,
182641388148400,63735586821349,19,-4608,1312,-2400,523520,-40064,24320,,,,,,
182641389147800,63735587821433,20,-4800,1056,-1504,524288,-39808,24448,,,,,,
182641390146400,63735588821183,21,-5056,1536,-2944,523776,-41536,27456,,,,,,
182641391141800,63735589821141,22,-4928,1344,-2368,520704,-40896,24832,,,,,,
182641392143200,63735590821349,23,-5024,1344,-2528,523712,-39680,27648,,,,,,
182641393147900,63735591824099,24,-4608,1024,-2912,523136,-41024,26752,,,,,,
182641394151600,63735592821391,25,-4352,1440,-1984,522432,-39616,28608,,,,,,
182641395161500,63735593821516,26,-4800,1312,-2720,520960,-40192,24832,,,,,,
182641396146100,63735594822766,27,-4832,1376,-2464,522880,-40256,29568,,,,,,
182641397145200,63735595821224,28,-4640,1344,-2784,523200,-40704,24128,,,,,,
182641398142600,63735596821391,29,-5152,1408,-2624,523776,-38912,23424,,,,,,
182641399143100,63735597821349,30,-4256,1472,-2016,522048,-41280,26880,,,,,,
182641400145200,63735598821141,31,-4864,1504,-2880,520960,-38592,26432,,,,,,
182641401156700,63735599821349,32,-4352,1632,-2592,520512,-38784,29056,,,,,,
182641402142700,63735600822849,33,-4800,1600,-2464,523072,-41152,27008,,,,,,
182641403636500,63735601823308,34,-5088,1600,-2688,521856,-40704,26112,,,,,,
182641404150300,63735602821141,35,-5120,1248,-2336,523392,-40640,28544,,,,,,
182641405144000,63735603821391,36,-4512,1504,-2624,520960,-39488,27584,,,,,,
182641406153400,63735604821474,37,-4736,1248,-2720,523328,-41536,25856,,,,,,
182641407140000,63735605821224,38,-5088,1408,-2112,523776,-40064,26304,,,,,,
182641408143100,63735606823016,39,-4672,1184,-1856,522176,-39552,24640,,,,,,
182641409153800,63735607822724,40,-4800,1472,-2240,523584,-39424,28416,,,,,,
182641410168700,63735608821766,41,-4800,1280,-2720,521216,-38464,26816,,,,,,
182641411153300,63735609821183,42,-4960,1248,-2784,522560,-39424,26304,,,,,,
182641412142500,63735610821433,43,-3648,1408,-1824,521856,-41152,25408,,,,,,
182641413148400,63735611821349,44,-5312,1312,-2720,520768,-39040,25600,,,,,,
182641414151400,63735612821183,45,-5184,1280,-2432,522240,-40192,24192,,,,,,
182641415150900,63735613821433,46,-5120,1216,-2816,522112,-40000,26176,,,,,,
182641416195300,63735614821391,47,-4320,960,-2784,521152,-40576,26752,,,,,,
182641417149400,63735615821141,48,-4928,1504,-3328,520960,-41344,28416,,,,,,
182641418147800,63735616821141,49,-4704,1152,-1888,520576,-40896,24896,,,,,,
182641419157500,63735617821391,50,-4480,1440,-2624,520448,-40320,24512,,,,,,
182641420144200,63735618821308,51,-4832,1248,-2144,523136,-41280,26880,,,,,,
182641421138300,63735619821099,52,-4864,1184,-2848,523008,-41088,25088,,,,,,
182641422138600,63735620821308,53,-4608,1344,-2912,523008,-41920,26624,,,,,,
182641423157800,63735621821308,54,-5376,1728,-3136,524608,-41920,26048,,,,,,
182641424149100,63735622821974,55,-5088,960,-2464,520576,-39552,26688,,,,,,
182641425150900,63735623821474,56,-4960,1152,-2112,520768,-39488,29824,,,,,,
182641426152400,63735624821349,57,-4672,1088,-2240,521600,-40000,26304,,,,,,
182641427149000,63735625821308,58,-4864,768,-2560,521216,-38784,25984,,,,,,
182641428163700,63735626821474,59,-5344,1376,-3136,520896,-41536,26368,,,,,,
182641429149900,63735627821266,60,-4480,1472,-2368,520832,-39808,26880,,,,,,
182641430148800,63735628821266,61,-5024,1792,-2336,521792,-39936,25792,,,,,,
182641431151000,63735629822599,62,-4512,1248,-2752,522048,-38912,25984,,,,,,
182641432152300,63735630825308,63,-4224,960,-2592,520320,-39936,27072,,,,,,
182641433153100,63735631821891,64,-5120,1088,-2336,523584,-38656,27584,,,,,,
182641434155000,63735632821224,65,-4544,1344,-2240,522112,-40192,27392,,,,,,
182641435257400,63735633821474,66,-4800,1216,-3040,521600,-39488,26432,,,,,,
182641436150900,63735634821349,67,-4960,1472,-2784,521792,-38720,25600,,,,,,
182641437148300,63735635822224,68,-4896,1376,-2784,521984,-39872,26432,,,,,,
182641438155600,63735636821433,69,-4928,1440,-2528,520512,-38720,27264,,,,,,
182641439143300,63735637821266,70,-4864,1152,-2848,521024,-39296,27072,,,,,,
182641440152700,63735638821308,71,-4256,1312,-2880,521536,-38848,27712,,,,,,
182641441146900,63735639821141,72,-4768,1152,-2528,519488,-39168,24192,,,,,,
182641442149400,63735640821349,73,-5184,1280,-2688,521536,-40064,25344,,,,,,
182641443149900,63735641821474,74,-4192,1344,-1888,521344,-38016,28224,,,,,,
182641444149900,63735642821224,75,-4576,1504,-2688,522112,-38656,26112,,,,,,
182641445151000,63735643821433,76,-4448,1312,-2400,519296,-39360,26112,,,,,,
182641446149700,63735644821266,77,-4832,1760,-2528,519680,-38080,27648,,,,,,
182641447149400,63735645821224,78,-5440,1056,-2176,522496,-40384,25984,,,,,,
182641448152800,63735646821099,79,-5088,1472,-2592,522752,-40832,23296,,,,,,
182641449152400,63735647821349,80,-4640,1248,-2752,521088,-40384,25856,,,,,,
182641450152300,63735648821141,81,-4576,1376,-2944,519808,-41280,27392,,,,,,
182641451149800,63735649821183,82,-4544,1440,-2496,520896,-40384,27200,,,,,,
182641452157800,63735650821433,83,-4544,1280,-2240,522496,-39616,26240,,,,,,
182641453148600,63735651821308,84,-4896,1632,-2336,521600,-38656,25792,,,,,,
182641454205200,63735652821266,85,-4320,1536,-2720,522368,-40064,27456,,,,,,
182641455150600,63735653822224,86,-4768,1856,-2304,520640,-37568,26624,,,,,,
182641456152500,63735654822849,87,-4256,1440,-2464,521856,-41408,26240,,,,,,
182641457165800,63735655821266,88,-4928,1152,-2112,521088,-39232,24192,,,,,,
182641458156300,63735656821058,89,-4864,1728,-2400,522944,-38656,25856,,,,,,
182641459153800,63735657822933,90,-4608,1120,-2944,520832,-39680,27264,,,,,,
182641460139700,63735658821641,91,-4736,1280,-2112,521856,-39360,25664,,,,,,
182641461157000,63735659823141,92,-4800,1184,-2752,521024,-40896,27008,,,,,,
182641462150500,63735660821391,93,-4416,1312,-2272,522240,-40832,27456,,,,,,
182641463144600,63735661821308,94,-5472,1472,-2176,521920,-40192,27520,,,,,,
182641464148600,63735662824808,95,-4800,1024,-2592,520192,-39936,26112,,,,,,
182641465149600,63735663821516,96,-5248,1568,-2720,521728,-38400,22848,,,,,,
182641466152100,63735664821349,97,-4672,1344,-1920,520320,-39744,28160,,,,,,
182641467150400,63735665822808,98,-5184,1664,-2656,521984,-39744,27520,,,,,,
182641468145700,63735666821183,99,-4864,1344,-2720,520832,-41280,25792,,,,,,
182641469151600,63735667821308,100,-4032,928,-2080,519488,-39424,25600,,,,,,
182641470148900,63735668821391,101,-5088,1440,-2592,521344,-39360,25856,,,,,,
182641471157500,63735669821099,102,-4512,640,-1856,521088,-39296,26752,,,,,,
182641472149700,63735670822224,103,-4960,1184,-2272,521024,-38784,28288,,,,,,
182641473149800,63735671821308,104,-4896,1248,-2624,522240,-40064,26112,,,,,,
182641474152800,63735672821349,105,-4928,864,-2240,520640,-40256,28224,,,,,,
182641475150000,63735673821474,106,-4864,896,-2464,522368,-40960,25536,,,,,,
182641476143600,63735674821308,107,-4320,1472,-2016,520896,-40256,26944,,,,,,
182641477156200,63735675821266,108,-4480,1856,-3136,522624,-40704,25536,,,,,,
182641478151700,63735676821224,109,-4320,960,-2368,522304,-39424,26304,,,,,,
182641479147400,63735677821391,110,-5024,1056,-2304,520320,-41600,23552,,,,,,
182641480146600,63735678821308,111,-5568,1728,-2304,521664,-40192,26752,,,,,,
182641481153100,63735679821141,112,-4640,1184,-2400,521920,-40384,28224,,,,,,
182641482150300,63735680821474,113,-4832,1120,-2688,522688,-38528,25472,,,,,,
182641483148800,63735681821308,114,-4928,1408,-2368,521152,-39872,24000,,,,,,
182641484147000,63735682820891,115,-4768,1088,-2624,520448,-38016,26368,,,,,,
182641485145500,63735683821516,116,-4448,992,-1664,521088,-41600,24832,,,,,,
182641486154400,63735684821308,117,-5024,1216,-2528,523072,-40192,26688,,,,,,
182641487149300,63735685821224,118,-4384,1376,-2944,521216,-40000,25216,,,,,,
182641488148000,63735686821099,119,-4608,1248,-1920,522176,-39232,25984,,,,,,
182641489151700,63735687821391,120,-4800,1344,-1920,521600,-39488,26176,,,,,,
182641490149000,63735688821349,121,-4640,1248,-2432,522048,-39616,24192,,,,,,
182641491148200,63735689821183,122,-4864,1152,-2496,522688,-42240,26112,,,,,,
182641492148800,63735690821391,123,-4928,1184,-2400,522880,-40000,24512,,,,,,
182641493152700,63735691821349,124,-4672,1280,-2464,523392,-39680,28160,,,,,,
182641494155000,63735692821266,125,-4832,1280,-2720,522688,-40832,28736,,,,,,
182641495151400,63735693821391,126,-4576,1184,-1952,523328,-39168,25472,,,,,,
182641496149700,63735694822308,127,-4448,1280,-2656,521088,-41920,24960,,,,,,
182641497149100,63735695822808,128,-5024,1600,-2464,521536,-41344,26048,,,,,,
182641498150700,63735696821183,129,-5504,1600,-2336,524864,-40640,26560,,,,,,
182641499152200,63735697821391,130,-4832,1440,-2496,522624,-39168,27712,,,,,,
182641500151800,63735698821141,131,-5344,960,-2496,523392,-39872,25856,,,,,,
182641501146700,63735699821891,132,-4608,1216,-2080,521472,-40064,28288,,,,,,
182641502147800,63735700822016,133,-5216,896,-2592,521408,-39808,26496,,,,,,
182641503153600,63735701821266,134,-4224,1280,-2432,522240,-38848,24064,,,,,,
182641504150300,63735702821391,135,-5184,1600,-2112,522304,-37888,28864,,,,,,
182641505149200,63735703821349,136,-4928,672,-1888,521664,-39360,25728,,,,,,
182641506151300,63735704820974,137,-5280,1280,-2752,523136,-39616,26816,,,,,,
182641507152500,63735705821266,138,-4672,1600,-2336,524480,-40128,25792,,,,,,
182641508152400,63735706821183,139,-4928,1344,-2048,522624,-38976,27712,,,,,,
182641509153000,63735707821474,140,-4704,1088,-2240,523328,-39744,25664,,,,,,
182641510179300,63735708821266,141,-4704,1632,-2720,522624,-39872,25984,,,,,,
182641511150600,63735709821266,142,-4544,1568,-2336,520768,-39936,25472,,,,,,
182641512151000,63735710821433,143,-4832,1280,-2528,523904,-40896,26560,,,,,,
182641513148200,63735711821224,144,-4576,928,-1984,523520,-39232,26048,,,,,,
182641514151500,63735712822474,145,-4960,1024,-2464,523648,-39040,25088,,,,,,
182641515152800,63735713821141,146,-4640,1344,-3136,523648,-40192,25600,,,,,,
182641516232600,63735714821349,147,-4832,1216,-2656,522944,-40640,26688,,,,,,
182641517147900,63735715821266,148,-4928,832,-2176,520832,-39872,26560,,,,,,
182641518148800,63735716821141,149,-5280,1632,-2688,523520,-39936,25152,,,,,,
182641519144200,63735717821349,150,-4896,1216,-2144,522816,-41664,27712,,,,,,
182641520143100,63735718822808,151,-4864,1408,-1760,522752,-39680,27584,,,,,,
182641521140800,63735719822724,152,-5632,1472,-2400,521856,-40640,28416,,,,,,
182641522139900,63735720821308,153,-4864,1344,-2752,521664,-41536,24000,,,,,,
182641523139600,63735721821266,154,-4544,1120,-2112,522240,-41600,28672,,,,,,
182641524152100,63735722821266,155,-4576,1184,-2016,521920,-40640,28096,,,,,,
182641525149500,63735723821599,156,-4224,1376,-2240,521728,-39808,25600,,,,,,
182641526149700,63735724822683,157,-4576,1312,-2592,521728,-40128,27136,,,,,,
182641527165700,63735725821308,158,-5216,1184,-2208,523648,-39680,26240,,,,,,
182641528157900,63735726821099,159,-4704,1696,-2240,521792,-40256,24576,,,,,,
182641529150200,63735727821433,160,-4544,1472,-2176,520768,-39296,27328,,,,,,
182641530149900,63735728821266,161,-5248,1440,-3136,521856,-39040,24896,,,,,,
182641531151100,63735729821349,162,-4768,1408,-2080,521664,-40320,24384,,,,,,
182641532151900,63735730822849,163,-4832,1440,-2528,522752,-39680,26560,,,,,,
182641533150000,63735731822141,164,-4256,896,-2496,520768,-38080,27904,,,,,,
182641534153300,63735732821558,165,-4544,1152,-2112,522176,-40000,26112,,,,,,
182641535175200,63735733829683,166,-4928,992,-2592,521536,-41088,27904,,,,,,
182641536308600,63735734829141,167,-4608,1216,-2496,523648,-39936,24640,,,,,,
182641537151800,63735735826224,168,-4128,1472,-2624,524032,-39808,26432,,,,,,
182641538146600,63735736823391,169,-5376,1088,-2912,520448,-41856,26496,,,,,,
182641539274300,63735737830183,170,-4896,1312,-2048,521728,-41984,28544,,,,,,
182641540277300,63735738834808,171,-4896,1056,-2720,521024,-39040,26496,,,,,,
182641541277800,63735739828933,172,-4608,1600,-1888,522432,-40256,25984,,,,,,
182641542277300,63735740826933,173,-4512,960,-2016,521920,-40000,25536,,,,,,
182641543207300,63735741824683,174,-5088,1216,-2048,523584,-40128,24896,,,,,,
182641544152000,63735742825266,175,-5024,1280,-2656,520448,-40256,26176,,,,,,
182641545170900,63735743827016,176,-4960,1280,-2912,524160,-37504,25792,,,,,,
182641546278400,63735744830683,177,-4512,1184,-2240,523456,-39616,26560,,,,,,
182641547277000,63735745831808,178,-4992,1504,-2528,524928,-38784,27648,,,,,,
182641548149300,63735746828599,179,-4640,1408,-2592,520000,-38656,26944,,,,,,
182641549150000,63735747827099,180,-4864,1120,-2912,522560,-41088,25088,,,,,,
182641550174000,63735748823933,181,-4960,1696,-2912,521408,-39552,25088,,,,,,
182641551153100,63735749822058,182,-4736,1664,-2304,523776,-40512,25216,,,,,,
182641552148400,63735750823266,183,-5280,1344,-2656,521664,-40448,28160,,,,,,
182641553160800,63735751827808,184,-4768,992,-2112,523264,-40768,25856,,,,,,
182641554149200,63735752826891,185,-4544,992,-2432,522816,-39616,27968,,,,,,
182641555149100,63735753826266,186,-4896,1088,-2912,520768,-40064,27392,,,,,,
182641556151300,63735754824599,187,-4352,1056,-1888,522176,-39680,25088,,,,,,
182641557156000,63735755822058,188,-4320,736,-2048,523264,-40000,27776,,,,,,
182641558155400,63735756824474,189,-4736,1568,-2944,522368,-40640,27520,,,,,,
182641559156800,63735757826016,190,-4416,1216,-2304,522176,-39488,25216,,,,,,
182641560198600,63735758826016,191,-4640,832,-1824,520192,-40256,24384,,,,,,
182641561152100,63735759823433,192,-4672,1184,-2528,521920,-39680,27264,,,,,,
182641562151100,63735760829308,193,-4800,1504,-2688,522432,-41664,25536,,,,,,
182641563152600,63735761823974,194,-4288,1216,-2112,521408,-40832,26944,,,,,,
182641564148600,63735762826433,195,-4448,1152,-2240,521024,-38912,25024,,,,,,
182641565151800,63735763825808,196,-4864,1344,-2496,523328,-39232,26496,,,,,,
182641566149800,63735764826141,197,-4192,1600,-2528,522880,-39808,28288,,,,,,
182641567155900,63735765827891,198,-4800,1088,-2112,521216,-39680,27008,,,,,,
182641568150000,63735766824724,199,-4768,1280,-2144,521792,-41216,27008,,,,,,
182641569152000,63735767822724,200,-4544,1024,-2400,523328,-40064,25600,,,,,,
182641570152700,63735768827141,201,-4768,1344,-2848,521344,-40128,27072,,,,,,
182641571147100,63735769825808,202,-5120,992,-2208,523008,-41600,24960,,,,,,
182641572150000,63735770824808,203,-4480,1120,-2272,520832,-39552,24640,,,,,,
182641573154800,63735771825391,204,-4544,1248,-2496,523136,-40128,26816,,,,,,
182641574156000,63735772827641,205,-5152,1344,-2208,521216,-39616,27456,,,,,,
182641575156100,63735773824724,206,-4448,1024,-2304,520000,-38784,24576,,,,,,
182641576146200,63735774824849,207,-5184,1504,-2336,521280,-39616,28800,,,,,,
182641577152800,63735775822891,208,-5120,1536,-2240,520256,-38912,25984,,,,,,
182641578147900,63735776830516,209,-4576,1728,-2496,522624,-40960,26368,,,,,,
182641579276700,63735777834891,210,-4480,1312,-2368,522176,-39616,24256,,,,,,
182641580146600,63735778826683,211,-4736,992,-2368,522176,-39232,29568,,,,,,
182641581147300,63735779822266,212,-5120,1536,-2560,523264,-39552,25728,,,,,,
182641582147200,63735780823641,213,-4608,1248,-2400,522176,-40384,24576,,,,,,
182641583153000,63735781824183,214,-4672,1344,-2624,522560,-40256,26176,,,,,,
182641584155000,63735782827974,215,-4160,1056,-2752,521984,-39040,23296,,,,,,
182641585141800,63735783824933,216,-4544,1056,-2592,521408,-39424,26816,,,,,,
182641586152400,63735784832516,217,-4608,1088,-1984,522816,-39296,27392,,,,,,
182641587149800,63735785827308,218,-4320,1088,-2016,521728,-39616,25344,,,,,,
182641588149600,63735786827808,219,-5088,1216,-2976,522624,-39616,26688,,,,,,
182641589148900,63735787823224,220,-4256,992,-2400,522944,-38144,25856,,,,,,
182641590274100,63735788830849,221,-4768,992,-2368,522752,-39168,28608,,,,,,
182641591145100,63735789828474,222,-5344,1280,-3072,522240,-40384,24768,,,,,,
182641592272300,63735790827558,223,-4896,1440,-2880,521216,-40320,26624,,,,,,
182641593149900,63735791827266,224,-4160,1216,-2400,522816,-40000,27008,,,,,,
182641594152700,63735792822558,225,-4352,768,-1984,523264,-40448,28288,,,,,,
182641595151400,63735793821808,226,-4160,1344,-2144,523456,-40384,28544,,,,,,
182641596148200,63735794821433,227,-5152,1120,-2944,521536,-40256,24512,,,,,,
182641597146100,63735795821266,228,-4832,960,-2368,522688,-39808,23872,,,,,,
182641598141700,63735796821266,229,-4480,896,-2112,522752,-40448,22720,,,,,,
182641599158700,63735797821349,230,-4704,1312,-2784,520896,-39360,25792,,,,,,
182641600152800,63735798821891,231,-4704,1536,-2592,523584,-39872,25728,,,,,,
182641601157200,63735799821308,232,-5184,1408,-2112,521792,-40768,28288,,,,,,
182641602156000,63735800821308,233,-5024,1408,-2240,519680,-38016,25728,,,,,,
182641603139800,63735801821349,234,-4928,1536,-2592,520064,-38912,25408,,,,,,
182641604148900,63735802821349,235,-4576,832,-2272,522240,-38656,25280,,,,,,
182641605148800,63735803821099,236,-5152,800,-2336,521664,-40128,29056,,,,,,
182641606153900,63735804821474,237,-4512,1056,-1792,521408,-39360,24000,,,,,,
182641607156700,63735805822641,238,-4640,928,-2080,521920,-38400,26752,,,,,,
182641608162500,63735806821141,239,-5248,1280,-2816,521792,-38656,28032,,,,,,
182641609150400,63735807821308,240,-4288,1280,-1984,521600,-39616,26368,,,,,,
182641610142900,63735808821016,241,-4800,1248,-1856,521984,-40192,26880,,,,,,
182641611150700,63735809821224,242,-5120,832,-2240,522496,-40448,27072,,,,,,
182641612147900,63735810821891,243,-5312,1280,-2272,520320,-39424,24448,,,,,,
182641613146000,63735811821266,244,-4576,1024,-2496,523584,-39872,28288,,,,,,
182641614157600,63735812821183,245,-4928,1760,-2208,520704,-39808,26304,,,,,,
182641615146800,63735813821766,246,-4960,1536,-2720,521728,-41216,23872,,,,,,
182641616151500,63735814821308,247,-5312,1440,-2176,520448,-39680,26176,,,,,,
182641617139100,63735815822433,248,-4896,1632,-2528,519936,-38912,24512,,,,,,
182641618257900,63735816821141,249,-4256,1120,-1728,521472,-39552,26944,,,,,,
182641619142000,63735817821391,250,-4416,1376,-2752,521024,-39360,26496,,,,,,
182641620149700,63735818820974,251,-4512,1632,-2496,521920,-39424,26624,,,,,,
182641621143200,63735819821391,252,-4992,1472,-2240,521344,-40064,23552,,,,,,
182641622145000,63735820821391,253,-4416,1728,-2656,521216,-39360,24000,,,,,,
182641623137000,63735821821391,254,-4544,1280,-2112,521536,-40704,26112,,,,,,
182641624139900,63735822821266,255,-5088,1344,-2240,520320,-40256,26112,,,,,,
182641625389500,63735823824183,0,-5088,1024,-2560,521408,-39104,26816,,,,,,
182641626203400,63735824821349,1,-4352,832,-2400,521664,-40320,27264,,,,,,
182641627200500,63735825821224,2,-5024,1184,-2304,521856,-41408,25024,,,,,,
182641628152500,63735826821183,3,-4512,832,-1728,521600,-40000,24064,,,,,,
182641629154700,63735827821224,4,-5120,1632,-2720,521024,-40128,26112,,,,,,
182641630200200,63735828821474,5,-4288,896,-1888,520704,-39040,25088,,,,,,
182641631142400,63735829821141,6,-4672,1280,-2368,522048,-41344,26176,,,,,,
182641632248700,63735830821308,7,-5216,1888,-3136,521024,-40832,24384,,,,,,
182641633210200,63735831822808,8,-4800,1504,-2784,522624,-41408,24896,,,,,,
182641634139300,63735832821224,9,-3840,1216,-2048,522496,-38976,26176,,,,,,
182641635238300,63735833820933,10,-5056,1408,-2752,520768,-39104,25280,,,,,,
182641636147300,63735834821308,11,-4896,1504,-2400,522816,-40448,25536,,,,,,
182641637142300,63735835821266,12,-4448,832,-1920,521920,-40704,24768,,,,,,
182641638140600,63735836821266,13,-4544,1216,-2592,521856,-39424,24960,,,,,,
182641639135600,63735837821391,14,-5056,1344,-2528,522624,-39872,25664,,,,,,
182641640137500,63735838821308,15,-4672,1536,-2784,521792,-38784,27840,,,,,,
182641641175400,63735839822099,16,-4384,1600,-1792,522560,-38912,27328,,,,,,
182641642160100,63735840821099,17,-5024,1536,-2464,523904,-39744,26688,,,,,,
182641643161300,63735841821391,18,-5440,1024,-1984,521536,-40448,25216,,,,,,
182641644154700,63735842821141,19,-4928,1344,-2624,521344,-39168,27904,,,,,,
182641645168300,63735843821224,20,-4608,1024,-1984,524288,-40576,25600,,,,,,
182641646175400,63735844821266,21,-5440,1536,-2336,521600,-39552,27264,,,,,,
182641647144100,63735845822016,22,-4768,1248,-2208,521728,-41152,25984,,,,,,
182641648138200,63735846821266,23,-4384,1152,-2048,520960,-40000,26048,,,,,,
182641649142000,63735847821266,24,-5728,1664,-2208,522880,-39680,24192,,,,,,
182641650145700,63735848821349,25,-4928,1344,-2592,522624,-39552,26624,,,,,,
182641651143500,63735849821183,26,-5280,1504,-1792,521024,-39872,24832,,,,,,
182641652139400,63735850821141,27,-4416,1760,-1760,524416,-39744,26496,,,,,,
182641653156500,63735851821391,28,-4928,1280,-2528,521664,-41216,26880,,,,,,
182641654152500,63735852821183,29,-4864,1024,-2528,521792,-40576,25088,,,,,,
182641655139700,63735853821308,30,-4864,1472,-2656,522560,-39424,25856,,,,,,
182641656165600,63735854821308,31,-4704,1440,-2304,522240,-41280,23872,,,,,,
182641657147900,63735855822349,32,-4672,1472,-2368,521472,-40000,26944,,,,,,
182641658155200,63735856821183,33,-5376,1248,-2272,519936,-41536,25856,,,,,,
182641659133100,63735857821391,34,-4192,960,-2080,521600,-39168,26112,,,,,,
182641660135300,63735858823891,35,-4704,1184,-2560,521152,-37824,26240,,,,,,
182641661152000,63735859821224,36,-5088,1120,-2880,522944,-39040,24704,,,,,,
182641662145700,63735860822474,37,-4160,1280,-2432,520256,-39616,27200,,,,,,
182641663145300,63735861821266,38,-4768,896,-2240,521600,-40960,26560,,,,,,
182641664141400,63735862821141,39,-4960,1344,-1792,522176,-41280,27776,,,,,,
182641665145700,63735863821224,40,-4224,1120,-2080,522624,-41024,27392,,,,,,
182641666148100,63735864822683,41,-5216,1632,-3296,521728,-40960,25600,,,,,,
182641667148600,63735865821349,42,-4128,1408,-2112,521472,-40064,25792,,,,,,
182641668148400,63735866821266,43,-4768,992,-2464,520832,-39680,25408,,,,,,
182641669152500,63735867822516,44,-4256,1600,-2336,520896,-39232,27200,,,,,,
182641670151000,63735868821349,45,-4704,1280,-2624,522304,-41216,27264,,,,,,
182641671151200,63735869821224,46,-4256,1152,-2176,522304,-40384,24448,,,,,,
182641672152100,63735870821099,47,-4352,1152,-2080,520896,-38848,25856,,,,,,
182641673151400,63735871821308,48,-4608,1312,-1920,521920,-40832,26112,,,,,,
182641674149500,63735872821349,49,-5440,1792,-2336,522048,-41088,24704,,,,,,
182641675147000,63735873821308,50,-4352,1504,-2400,522496,-39296,27264,,,,,,
182641676146600,63735874821266,51,-4768,1248,-2144,521088,-39744,27264,,,,,,
182641677156700,63735875821474,52,-4896,1472,-2464,521600,-39616,26496,,,,,,
182641678142700,63735876821308,53,-4832,1248,-2656,521600,-40064,24192,,,,,,
182641679143700,63735877822391,54,-4608,1344,-2688,521408,-38848,26368,,,,,,
182641680149500,63735878821266,55,-4992,1408,-2592,521536,-39744,26176,,,,,,
182641681150500,63735879821224,56,-4960,1312,-2592,520192,-39488,25664,,,,,,
182641682147200,63735880821183,57,-5440,1344,-2944,522112,-39808,26880,,,,,,
182641683148700,63735881821308,58,-4768,1344,-2496,521088,-40256,26560,,,,,,
182641684149000,63735882824266,59,-4576,1536,-2624,521088,-39936,27584,,,,,,
182641685148700,63735883822683,60,-4640,1184,-2592,521152,-40896,28416,,,,,,
182641686155500,63735884821266,61,-4576,736,-2240,524224,-38976,25728,,,,,,
182641687151900,63735885821391,62,-4480,1440,-2656,522560,-41280,25792,,,,,,
182641688150600,63735886821183,63,-5152,1024,-2176,522112,-38336,27200,,,,,,
182641689146900,63735887821391,64,-5376,1792,-2880,522112,-39232,29824,,,,,,
182641690186000,63735888821224,65,-5152,1344,-2624,521664,-40064,28160,,,,,,
182641691151000,63735889821183,66,-5024,1280,-2272,522112,-39296,27264,,,,,,
182641692148700,63735890821141,67,-4960,1280,-2368,521664,-40576,26560,,,,,,
182641693149300,63735891822766,68,-5056,1664,-2304,522816,-40512,28352,,,,,,
182641694152200,63735892821391,69,-4640,1376,-2624,523776,-40512,28416,,,,,,
182641695141500,63735893821599,70,-4672,1440,-2048,522304,-41024,25408,,,,,,
182641696265000,63735894821308,71,-4736,1632,-2368,523072,-39040,26496,,,,,,
182641697147800,63735895821433,72,-4928,928,-2272,524032,-40320,26432,,,,,,
182641698151700,63735896821183,73,-5024,1312,-2464,522688,-40448,26752,,,,,,
182641699150600,63735897821474,74,-4416,1568,-2848,523776,-41600,27136,,,,,,
182641700147300,63735898821224,75,-4672,1280,-2304,521536,-41152,23424,,,,,,
182641701149900,63735899824558,76,-4416,1312,-2592,521792,-38656,26752,,,,,,
182641702154800,63735900822641,77,-4832,1120,-2688,522560,-40192,25536,,,,,,
182641703149800,63735901821266,78,-4864,1056,-2720,523200,-39232,22080,,,,,,
182641704149100,63735902821266,79,-4768,1280,-2496,523136,-39040,27840,,,,,,
182641705150600,63735903821974,80,-4544,960,-2432,524928,-39808,26176,,,,,,
182641706150200,63735904821099,81,-4288,1280,-2784,522432,-39616,27136,,,,,,
182641707147100,63735905821349,82,-4768,928,-2048,521536,-40448,28160,,,,,,
182641708148000,63735906821224,83,-4256,1312,-2816,521920,-40384,25280,,,,,,
182641709153400,63735907821433,84,-4416,1344,-2304,523136,-39616,26304,,,,,,
182641710150200,63735908821224,85,-4768,1600,-2560,522496,-39040,24256,,,,,,
182641711159200,63735909821224,86,-4768,1472,-2400,523328,-38912,25472,,,,,,
182641712156200,63735910821141,87,-4384,1344,-2560,521856,-39232,25088,,,,,,
182641713150800,63735911821308,88,-4832,1312,-2688,521792,-39296,28672,,,,,,
182641714143300,63735912821266,89,-4672,1088,-2304,522944,-39744,28096,,,,,,
182641715147600,63735913821266,90,-4416,1664,-2624,523008,-40128,28480,,,,,,
182641716146500,63735914821391,91,-4736,1472,-2336,521088,-40128,24768,,,,,,
182641717156200,63735915821224,92,-4704,1760,-2656,522304,-40960,26688,,,,,,
182641718142400,63735916821224,93,-4416,1024,-2624,523520,-39360,26560,,,,,,
182641719153900,63735917821433,94,-4864,1216,-3232,521280,-40256,24128,,,,,,
182641720149800,63735918821724,95,-4736,1344,-2912,523648,-38464,26176,,,,,,
182641721151100,63735919822474,96,-4608,1376,-2464,521920,-40704,27136,,,,,,
182641722148600,63735920821058,97,-4832,1216,-2272,523264,-41472,25536,,,,,,
182641723154600,63735921821308,98,-5088,1408,-2656,521024,-42432,27520,,,,,,
182641724140300,63735922821558,99,-4576,896,-2240,521792,-38208,27008,,,,,,
182641725219800,63735923821183,100,-4832,1312,-2560,521280,-40768,27840,,,,,,
182641726146700,63735924822808,101,-4544,1632,-2176,520768,-40512,26880,,,,,,
182641727151800,63735925821266,102,-4736,1344,-2592,522112,-40640,24192,,,,,,
182641728142600,63735926823308,103,-4800,1376,-2400,522688,-39360,25728,,,,,,
182641729140600,63735927821433,104,-4416,1024,-2240,522048,-40640,26048,,,,,,
182641730145200,63735928821391,105,-4960,992,-2432,520448,-40256,25856,,,,,,
182641731150900,63735929821266,106,-4608,1568,-2240,523840,-39360,27008,,,,,,
182641732149300,63735930821099,107,-5312,1280,-1792,519104,-40256,27008,,,,,,
182641733149300,63735931820974,108,-4576,896,-2016,522880,-38464,26304,,,,,,
182641734151600,63735932821391,109,-4832,1248,-2048,522624,-39808,25408,,,,,,
182641735143800,63735933821099,110,-5376,1184,-2912,521408,-40000,27520,,,,,,
182641736203400,63735934821974,111,-4480,1152,-1824,522816,-40512,26688,,,,,,
182641737148600,63735935821474,112,-4928,1376,-2560,521280,-41152,25664,,,,,,
182641738147900,63735936822266,113,-4992,1344,-2304,523392,-42112,26944,,,,,,
182641739147900,63735937821224,114,-4416,1280,-2208,522304,-40512,26432,,,,,,
182641740146100,63735938821308,115,-4640,1312,-2080,521856,-39616,25984,,,,,,
182641741152400,63735939821183,116,-4384,704,-2432,520896,-40192,26048,,,,,,
182641742147900,63735940821183,117,-4576,1088,-2304,520512,-39552,25728,,,,,,
182641743145300,63735941824349,118,-4384,800,-2048,520768,-41024,26496,,,,,,
182641744143600,63735942822724,119,-5216,1344,-2688,520960,-40704,26944,,,,,,
182641745152800,63735943821058,120,-4864,1120,-2752,521280,-41344,25536,,,,,,
182641746143300,63735944821349,121,-4384,1184,-2080,521984,-40256,27776,,,,,,
182641747140900,63735945821266,122,-4320,992,-2272,521728,-38592,26880,,,,,,
182641748149900,63735946821433,123,-5120,1312,-3104,519232,-39296,26944,,,,,,
182641749147200,63735947822724,124,-4768,1280,-2624,522496,-41024,25856,,,,,,
182641750149400,63735948821224,125,-5056,1376,-2400,522304,-40256,27072,,,,,,
182641751149100,63735949821349,126,-4864,1600,-2144,521280,-40256,27136,,,,,,
182641752151600,63735950821224,127,-4832,1280,-2912,522304,-40384,24512,,,,,,
182641753156400,63735951821308,128,-4544,1120,-2240,521920,-39232,26816,,,,,,
182641754142700,63735952821391,129,-5152,1408,-2240,522176,-38528,26752,,,,,,
182641755146400,63735953821141,130,-4224,928,-2304,520704,-40512,25152,,,,,,
182641756148800,63735954822724,131,-4832,1344,-2656,521792,-39360,26816,,,,,,
182641757145600,63735955821349,132,-4544,896,-2880,521664,-41664,26176,,,,,,
182641758148900,63735956821349,133,-4768,992,-1984,521792,-40384,27520,,,,,,
182641759148500,63735957821058,134,-5088,1760,-3296,521088,-42176,27264,,,,,,
182641760149900,63735958820808,135,-4640,1184,-2336,521728,-39872,26944,,,,,,
182641761151400,63735959823391,136,-4576,1536,-2944,521408,-39488,25600,,,,,,
182641762156800,63735960821058,137,-4896,1216,-2176,521408,-40448,26112,,,,,,
182641763152700,63735961821391,138,-4640,928,-2592,520000,-39680,24896,,,,,,
182641764146800,63735962821308,139,-4672,1376,-2720,521920,-40960,25664,,,,,,
182641765140100,63735963821183,140,-4576,1216,-2464,521536,-38912,26944,,,,,,
182641766148900,63735964821891,141,-4704,1184,-2528,522176,-40192,25792,,,,,,
182641767155400,63735965821308,142,-4672,1632,-2496,520896,-39424,25792,,,,,,
182641768143300,63735966821266,143,-4896,1440,-2912,520832,-39872,26112,,,,,,
182641769151600,63735967821183,144,-4544,896,-2016,521472,-39296,25984,,,,,,
182641770253500,63735968821599,145,-4608,960,-2784,520960,-38784,27328,,,,,,
182641771140600,63735969821308,146,-4640,1664,-2656,521728,-40832,25216,,,,,,
182641772140400,63735970821099,147,-5184,1280,-2304,521920,-40256,25664,,,,,,
182641773146800,63735971821433,148,-5312,1440,-2496,521408,-39872,25024,,,,,,
182641774146800,63735972821224,149,-4960,1376,-2304,521856,-40512,27456,,,,,,
182641775172500,63735973821141,150,-5152,1408,-2592,521472,-41280,26624,,,,,,
182641776145800,63735974821266,151,-4992,1504,-2528,523264,-38656,26944,,,,,,
182641777154800,63735975821183,152,-4544,1344,-2048,522560,-38848,28352,,,,,,
182641778354300,63735976821224,153,-4512,1184,-2208,522240,-38144,25728,,,,,,
182641779147600,63735977821058,154,-4256,1472,-2400,521664,-39040,26944,,,,,,
182641780148300,63735978821308,155,-4352,1504,-2496,522304,-40768,25152,,,,,,
182641781155400,63735979821099,156,-4544,1280,-2656,520448,-39872,26304,,,,,,
182641782153200,63735980821058,157,-4640,896,-2080,522176,-40384,25536,,,,,,
182641783161300,63735981821391,158,-4896,1472,-2464,521152,-40512,24832,,,,,,
182641784157100,63735982822683,159,-4416,1120,-2176,521152,-40256,24384,,,,,,
182641785143900,63735983822849,160,-4768,1216,-2112,521920,-38848,27392,,,,,,
182641786165000,63735984821349,161,-5344,1056,-2560,524480,-39744,25536,,,,,,
182641787149700,63735985821349,162,-4704,960,-1920,521216,-41024,27904,,,,,,
182641788147900,63735986821308,163,-4608,1440,-2272,522432,-38976,27584,,,,,,
182641789150000,63735987821183,164,-4416,1440,-2336,521216,-39424,28352,,,,,,
182641790150600,63735988822058,165,-4800,1280,-2624,522048,-41024,25088,,,,,,
182641791157000,63735989821224,166,-4256,1120,-2080,523392,-39360,24768,,,,,,
182641792156100,63735990823308,167,-5408,1504,-3264,521536,-39424,24768,,,,,,
182641793159600,63735991821433,168,-4160,992,-2176,522240,-38144,26496,,,,,,
182641794147600,63735992821308,169,-4832,1152,-2336,521792,-40064,26816,,,,,,
182641795150600,63735993821141,170,-4256,1504,-1984,521792,-41472,27968,,,,,,
182641796151000,63735994822724,171,-4736,1536,-1664,521472,-37568,26368,,,,,,
182641797143100,63735995821974,172,-4800,1536,-2624,522688,-41088,23936,,,,,,
182641798153300,63735996821224,173,-4608,928,-2240,521088,-38720,25536,,,,,,
182641799145200,63735997821099,174,-4672,1664,-2368,521472,-39040,25920,,,,,,
182641800138800,63735998821433,175,-4992,1536,-2464,522816,-39872,26944,,,,,,
182641801143300,63735999821183,176,-4384,992,-2240,524096,-40320,25664,,,,,,
182641802136600,63736000821224,177,-4512,1376,-2208,523136,-37632,26368,,,,,,
182641803151700,63736001821266,178,-4512,1440,-2272,521088,-39936,26880,,,,,,
182641804137900,63736002821266,179,-4800,1152,-1920,521216,-39232,26816,,,,,,
182641805148700,63736003821141,180,-4800,768,-2400,521792,-38912,26048,,,,,,
182641806135400,63736004821349,181,-5120,1184,-2112,520512,-38208,26112,,,,,,
182641807131700,63736005823891,182,-4672,1344,-2528,523584,-40640,27072,,,,,,
182641808140700,63736006821308,183,-4928,1376,-2720,522432,-39680,27584,,,,,,
182641809145000,63736007821224,184,-4096,1184,-2528,522432,-40000,27264,,,,,,
182641810136800,63736008821349,185,-5248,1312,-2528,520896,-39616,24512,,,,,,
182641811145300,63736009821141,186,-4320,1408,-1920,522944,-39040,29888,,,,,,
182641812143400,63736010821308,187,-4352,1152,-1984,522944,-39744,26880,,,,,,
182641813142800,63736011821308,188,-4864,1376,-2208,523456,-38272,25984,,,,,,
182641814141000,63736012821266,189,-4864,1280,-2400,523392,-40512,27904,,,,,,
182641815141100,63736013821224,190,-4256,1376,-2016,522176,-40000,28352,,,,,,
182641816140200,63736014821224,191,-4320,1408,-2464,522048,-38720,24576,,,,,,
182641817140900,63736015822391,192,-5344,1664,-2560,522944,-38400,26944,,,,,,
182641818140700,63736016821183,193,-4672,1536,-2784,521664,-39296,25088,,,,,,
182641819146800,63736017820974,194,-4704,1376,-2016,521984,-41792,25536,,,,,,
182641820143800,63736018821391,195,-4960,1280,-3072,522048,-41344,26112,,,,,,
182641821141700,63736019821099,196,-4768,1408,-1952,522560,-40576,26496,,,,,,
182641822141000,63736020820724,197,-4992,1344,-2656,522624,-40896,27200,,,,,,
182641823138700,63736021821391,198,-4960,864,-2368,521920,-41408,27136,,,,,,
182641824140600,63736022821224,199,-4640,1344,-2016,521536,-41792,26304,,,,,,
182641825141200,63736023821349,200,-5152,1056,-2656,523072,-39360,23360,,,,,,
182641826140300,63736024822516,201,-4288,1120,-1984,523136,-40448,26240,,,,,,
182641827143900,63736025823766,202,-5056,1472,-2080,523328,-39744,28224,,,,,,
182641828143100,63736026821141,203,-4160,1440,-2144,520704,-42048,26112,,,,,,
182641829137600,63736027821058,204,-4832,1408,-3328,522816,-40832,26048,,,,,,
182641830143500,63736028821433,205,-4896,1312,-1952,523456,-38656,28352,,,,,,
182641831139800,63736029821224,206,-5088,1184,-2688,521600,-38656,25920,,,,,,
182641832140100,63736030821224,207,-4672,1408,-2048,523136,-39360,26688,,,,,,
182641833139700,63736031821599,208,-5184,1664,-2592,520704,-38720,26112,,,,,,
182641834138200,63736032821224,209,-4224,1504,-2528,524480,-38976,27840,,,,,,
182641835210700,63736033821224,210,-5120,1088,-2944,521536,-40448,26048,,,,,,
182641836139000,63736034820974,211,-4416,1248,-2656,522368,-39616,26176,,,,,,
182641837164200,63736035821224,212,-4512,1216,-2304,524096,-39552,25600,,,,,,
182641838142000,63736036821099,213,-4544,1056,-2560,522944,-40000,25920,,,,,,
182641839139700,63736037821183,214,-4256,1408,-2720,522240,-41856,28480,,,,,,
182641840137600,63736038821308,215,-5344,1184,-2304,522112,-41088,26432,,,,,,
182641841136900,63736039821141,216,-4544,1472,-2656,521344,-40448,28928,,,,,,
182641842139100,63736040821641,217,-4736,1440,-2176,523456,-40000,25728,,,,,,
182641843138900,63736041821349,218,-4864,1344,-2848,522688,-39680,24576,,,,,,
182641844242400,63736042821308,219,-5024,1216,-2240,521408,-38912,25216,,,,,,
182641845144900,63736043821308,220,-4768,1184,-2240,522560,-40768,28928,,,,,,
182641846138200,63736044821349,221,-4736,1600,-2592,522560,-41280,26624,,,,,,
182641847137100,63736045821308,222,-4672,1504,-2464,521984,-41856,24576,,,,,,
182641848140000,63736046821266,223,-4960,960,-2688,522688,-40000,24576,,,,,,
182641849139300,63736047821141,224,-4544,1536,-2016,522688,-41024,26176,,,,,,
182641850135900,63736048821183,225,-4576,1504,-2560,521280,-41024,28224,,,,,,
182641851140900,63736049821183,226,-4832,1408,-2240,521792,-41344,26560,,,,,,
182641852141000,63736050821141,227,-4032,1408,-2400,522112,-40448,28736,,,,,,
182641853147000,63736051821349,228,-4608,1536,-2432,523584,-39808,25088,,,,,,
182641854141600,63736052820974,229,-4768,1248,-1984,525056,-40832,26496,,,,,,
182641855143700,63736053821183,230,-4608,1248,-2304,523392,-39744,26624,,,,,,
182641856138900,63736054823349,231,-5280,1408,-2560,522496,-40256,26816,,,,,,
182641857136100,63736055821349,232,-4672,1216,-2720,522816,-40640,27584,,,,,,
182641858144800,63736056821183,233,-4640,1440,-2016,522752,-40576,26560,,,,,,
182641859138800,63736057821099,234,-5056,1408,-2848,520960,-39424,22976,,,,,,
182641860150800,63736058821391,235,-4480,1120,-2592,521600,-40192,25088,,,,,,
182641861146800,63736059821891,236,-4896,1216,-2912,521728,-38528,25792,,,,,,
182641862145600,63736060823891,237,-4512,1312,-2304,523072,-38400,25280,,,,,,
182641863151700,63736061821349,238,-4768,1472,-2208,521600,-41088,27328,,,,,,
182641864142200,63736062821433,239,-4704,1408,-2080,521408,-40000,26176,,,,,,
182641865144000,63736063821183,240,-4448,832,-2624,521856,-40576,24896,,,,,,
182641866138500,63736064821016,241,-4928,1248,-2240,524160,-39616,26432,,,,,,
182641867156400,63736065821474,242,-4544,1504,-2912,520704,-40064,26944,,,,,,
182641868150600,63736066821308,243,-4704,1344,-2304,521024,-39232,28096,,,,,,
182641869199000,63736067821183,244,-4736,1408,-2144,521792,-40768,25536,,,,,,
182641870164600,63736068821349,245,-4864,1024,-2176,520704,-38336,26560,,,,,,
182641871145200,63736069821974,246,-4512,1536,-2464,522112,-40512,24960,,,,,,
182641872137700,63736070821724,247,-4640,1184,-2336,519936,-41088,26752,,,,,,
182641873138300,63736071823516,248,-4608,800,-2208,521152,-38656,27136,,,,,,
182641874138400,63736072821349,249,-4288,1664,-2912,522048,-40000,27136,,,,,,
182641875136300,63736073821224,250,-4640,1280,-2464,521152,-39360,25664,,,,,,
182641876139300,63736074821141,251,-4576,1440,-2912,523392,-38976,26368,,,,,,
182641877156300,63736075821308,252,-4736,1152,-2432,522112,-39552,24192,,,,,,
182641878159500,63736076821141,253,-4768,1600,-2656,520960,-40832,26688,,,,,,
182641879144200,63736077821183,254,-5344,1280,-2560,523072,-39808,24128,,,,,,
182641880133800,63736078821308,255,-4960,1408,-2368,521408,-40192,25536,,,,,,
182641881138600,63736079821224,0,-4224,1408,-2016,522624,-39104,26176,,,,,,
182641882136900,63736080821183,1,-4640,1248,-2464,519552,-40256,24960,,,,,,
182641883152500,63736081821433,2,-4288,1632,-2208,520000,-39424,24256,,,,,,
182641884136800,63736082821891,3,-5216,1344,-2112,523328,-42112,25024,,,,,,
182641885153100,63736083821183,4,-4224,1376,-2656,524032,-40064,27712,,,,,,
182641886139900,63736084822224,5,-5120,1312,-2624,520512,-40000,27008,,,,,,
182641887138000,63736085821474,6,-4480,1056,-1888,521920,-38976,25856,,,,,,
182641888187600,63736086821224,7,-4928,1664,-2304,520896,-41280,26176,,,,,,
182641889143200,63736087821183,8,-4640,1280,-2304,520832,-41536,24896,,,,,,
182641890141500,63736088821516,9,-4736,1376,-2720,520640,-40640,25408,,,,,,
182641891142700,63736089821224,10,-4576,1280,-2368,521792,-40448,25472,,,,,,
182641892142200,63736090821183,11,-4992,1376,-2880,522624,-40448,28096,,,,,,
182641893139000,63736091821308,12,-4704,1504,-3296,521472,-40832,25856,,,,,,
182641894152200,63736092821308,13,-4320,1056,-2016,520960,-38528,26240,,,,,,
182641895151700,63736093821141,14,-5216,1664,-2656,523008,-39296,25216,,,,,,
182641896139400,63736094822599,15,-4832,928,-1728,521152,-40000,27584,,,,,,
182641897134900,63736095821224,16,-4448,1024,-2624,519232,-40128,24512,,,,,,
182641898134800,63736096821224,17,-4800,1472,-1376,521792,-39872,27520,,,,,,
182641899136700,63736097821224,18,-4672,1184,-2400,523776,-39040,26688,,,,,,
182641900149600,63736098821141,19,-4608,1120,-2240,522240,-40320,25792,,,,,,
182641901315900,63736099821266,20,-4512,1344,-2144,520640,-40000,26048,,,,,,
182641902156100,63736100821683,21,-4480,1472,-2560,523008,-38720,23296,,,,,,
182641903151100,63736101821558,22,-4896,960,-2496,521344,-40960,28480,,,,,,
182641904142300,63736102821308,23,-4896,992,-2752,520960,-40512,24960,,,,,,
182641905142800,63736103821141,24,-4512,1216,-2848,521088,-39680,26560,,,,,,
182641906138100,63736104821141,25,-4384,1248,-2208,522240,-39168,25344,,,,,,
182641907139000,63736105821266,26,-4864,896,-2912,522304,-38848,25920,,,,,,
182641908138500,63736106821641,27,-4416,1472,-2208,521984,-39616,26688,,,,,,
182641909138800,63736107821183,28,-4640,928,-2528,521792,-39808,25024,,,,,,
182641910184500,63736108821224,29,-4320,1152,-1856,521536,-41664,26432,,,,,,
182641911310900,63736109821308,30,-4512,1248,-2752,521472,-40064,24768,,,,,,
182641912154600,63736110821141,31,-4960,1184,-2848,523072,-41024,26944,,,,,,
182641913142800,63736111821266,32,-4704,1056,-2304,521088,-40448,27200,,,,,,
182641914143200,63736112821224,33,-4544,1184,-2336,521472,-40960,27456,,,,,,
182641915135700,63736113822516,34,-4544,928,-2144,520768,-39616,25536,,,,,,
182641916200600,63736114821058,35,-4864,1440,-2464,523840,-40768,25536,,,,,,
182641917146000,63736115822349,36,-4032,1248,-2496,520192,-40576,26752,,,,,,
182641918143400,63736116821141,37,-4128,1120,-2720,522880,-39872,22528,,,,,,
182641919156500,63736117821183,38,-5152,1728,-2464,521088,-39808,27328,,,,,,
182641920138900,63736118822766,39,-4960,1120,-3104,521344,-40448,25024,,,,,,
182641921141500,63736119821266,40,-4768,1376,-2272,520192,-42624,28160,,,,,,
182641922138400,63736120821099,41,-4640,1344,-2400,522176,-38528,25664,,,,,,
182641923136800,63736121821349,42,-4896,1440,-2688,519552,-41344,26240,,,,,,
182641924143300,63736122821266,43,-4640,1568,-1536,521920,-38272,25088,,,,,,
182641925142900,63736123821266,44,-4832,1248,-2592,522176,-40320,28416,,,,,,
182641926152800,63736124821183,45,-4896,1376,-2560,521728,-39488,26816,,,,,,
182641927148600,63736125821308,46,-4544,1632,-2400,521216,-40128,25984,,,,,,
182641928140500,63736126821183,47,-4736,1184,-2400,522112,-40832,25088,,,,,,
182641929136500,63736127821224,48,-4800,1536,-3104,521344,-41088,26560,,,,,,
182641930135600,63736128821224,49,-4640,1408,-2496,522432,-39808,24960,,,,,,
182641931140400,63736129821474,50,-5056,1184,-2464,522176,-38720,26880,,,,,,
182641932140400,63736130821141,51,-4832,1120,-2272,519680,-40832,27904,,,,,,
182641933140000,63736131821183,52,-4064,1632,-2592,523328,-39552,24640,,,,,,
182641934137700,63736132821308,53,-4416,1248,-2368,521792,-38784,24960,,,,,,
182641935149500,63736133820891,54,-4800,1664,-2080,522624,-39616,25152,,,,,,
182641936151300,63736134821183,55,-5056,1472,-2880,522240,-40704,27136,,,,,,
182641937138300,63736135821516,56,-4480,1312,-1888,521152,-39360,27456,,,,,,
182641938136200,63736136821224,57,-5280,1632,-2464,521664,-40704,25920,,,,,,
182641939139500,63736137821183,58,-4960,1184,-2112,521344,-38848,26304,,,,,,
182641940138900,63736138823558,59,-4896,1312,-2176,521408,-40000,28992,,,,,,
182641941141800,63736139821224,60,-5120,1568,-3104,520960,-38272,24832,,,,,,
182641942141400,63736140821183,61,-4384,640,-1280,523520,-40960,23936,,,,,,
182641943140800,63736141821141,62,-4864,1408,-2496,521344,-39936,26112,,,,,,
182641944389300,63736142822808,63,-5024,1664,-2464,521600,-39360,25344,,,,,,
182641945919500,63736143821266,64,-4384,1632,-1984,521600,-39232,24576,,,,,,
182641946464500,63736144821141,65,-4800,928,-2336,521152,-39360,24896,,,,,,
182641947131800,63736145821266,66,-4448,1760,-3008,522368,-41408,27648,,,,,,
182641948138600,63736146821266,67,-4480,1216,-2080,523136,-39936,24704,,,,,,
182641949129900,63736147822558,68,-5408,1152,-2688,521984,-38912,25984,,,,,,
182641950146200,63736148821433,69,-4928,1760,-2720,522560,-39616,27712,,,,,,
182641951154600,63736149821224,70,-4352,1184,-1952,523392,-39808,26176,,,,,,
182641952145800,63736150821141,71,-4928,960,-2400,523136,-41728,26496,,,,,,
182641953190500,63736151822099,72,-4832,864,-2336,522304,-40000,26496,,,,,,
182641954142500,63736152821266,73,-4768,1664,-2496,521600,-38976,25152,,,,,,
182641955133500,63736153823891,74,-5088,1120,-2368,520512,-38720,25088,,,,,,
182641956130200,63736154823141,75,-4608,1472,-2272,520960,-39936,27136,,,,,,
182641957134300,63736155822558,76,-4992,1312,-2240,520960,-39872,25920,,,,,,
182641958146000,63736156821183,77,-4832,1344,-2048,521536,-39744,24128,,,,,,
182641959143400,63736157821141,78,-5088,1280,-2336,521024,-38912,26624,,,,,,
182641960132400,63736158821308,79,-4736,1024,-2560,521472,-40384,27456,,,,,,
182641961131500,63736159821516,80,-5440,1344,-2816,522880,-40896,23360,,,,,,
182641962138100,63736160821141,81,-4736,1472,-2336,521792,-39040,25344,,,,,,
182641963136500,63736161822516,82,-4928,1664,-2336,523520,-40640,25344,,,,,,
182641964146100,63736162822099,83,-4288,1312,-2624,520960,-39680,24832,,,,,,
182641965137700,63736163821183,84,-5024,1664,-2496,522752,-40192,25664,,,,,,
182641966135500,63736164821141,85,-5120,1504,-2432,521216,-40768,25472,,,,,,
182641967136300,63736165821349,86,-5088,1344,-2496,520832,-38848,28416,,,,,,
182641968139100,63736166822599,87,-4672,1408,-1888,520896,-37504,26112,,,,,,
182641969140300,63736167821183,88,-5152,1536,-2816,522752,-41344,27584,,,,,,
182641970141400,63736168821349,89,-4736,1024,-2656,523648,-40832,26816,,,,,,
182641971138900,63736169822891,90,-4736,800,-1856,522816,-41088,26944,,,,,,
182641972144400,63736170821099,91,-5120,1888,-1920,522624,-39232,24512,,,,,,
182641973139700,63736171821849,92,-4064,1184,-2560,521664,-39488,26240,,,,,,
182641974147000,63736172821224,93,-4640,1088,-2688,521408,-39296,27520,,,,,,
182641975147200,63736173821183,94,-4672,1088,-2272,522688,-39040,25600,,,,,,
182641976144400,63736174821183,95,-4768,1024,-2304,523328,-40128,26624,,,,,,
182641977155200,63736175821224,96,-4096,1312,-2240,523584,-40064,25920,,,,,,
182641978136400,63736176821224,97,-4352,928,-1760,520896,-39232,27008,,,,,,
182641979147100,63736177821016,98,-5312,1504,-2528,522112,-40192,26560,,,,,,
182641980148600,63736178821433,99,-4768,1472,-2176,520320,-38592,24448,,,,,,
182641981150200,63736179821183,100,-4960,864,-1920,523136,-39872,26240,,,,,,
182641982143900,63736180824683,101,-4896,1344,-2080,520640,-38976,27136,,,,,,
182641983141400,63736181821141,102,-5184,1600,-2272,520192,-39744,26752,,,,,,
182641984143800,63736182821266,103,-4960,1472,-2144,522176,-39808,27008,,,,,,
182641985140900,63736183822599,104,-4576,960,-2304,522688,-39360,26752,,,,,,
182641986140100,63736184821100,105,-5216,1280,-2272,521152,-40192,26816,,,,,,
182641987150700,63736185821308,106,-4768,1280,-2112,520704,-40768,29056,,,,,,
182641988144400,63736186821183,107,-5728,1408,-2656,522304,-39680,25344,,,,,,
182641989145100,63736187821141,108,-5312,1248,-1888,521728,-41984,28160,,,,,,
182641990143800,63736188821391,109,-5120,768,-2112,524352,-40640,26112,,,,,,
182641991325900,63736189821183,110,-5312,1472,-2944,520384,-41152,26496,,,,,,
182641992366300,63736190821475,111,-4608,1184,-2592,523520,-41856,27712,,,,,,
182641993169200,63736191821100,112,-4320,1408,-2432,520256,-39936,25408,,,,,,
182641994153100,63736192821141,113,-4224,1312,-1920,522496,-39488,27136,,,,,,
182641995148000,63736193821308,114,-5280,1248,-2272,521984,-40832,25472,,,,,,
182641996148600,63736194821058,115,-4544,1216,-2816,522112,-39232,28352,,,,,,
182641997144100,63736195821266,116,-4512,1248,-2624,523008,-39872,27712,,,,,,
182641998153100,63736196821225,117,-4896,1088,-2592,522432,-39296,25152,,,,,,
182641999148200,63736197823933,118,-4704,1024,-3104,523328,-39360,27328,,,,,,
182642000145400,63736198821266,119,-4960,1536,-2464,521856,-40000,25344,,,,,,
182642001146400,63736199821225,120,-4800,1280,-1568,520512,-38336,26560,,,,,,
182642002163400,63736200821433,121,-4928,1216,-2624,519872,-42048,27712,,,,,,
182642003140200,63736201821016,122,-4576,1568,-2720,521536,-41472,25472,,,,,,
182642004147700,63736202823266,123,-4608,1152,-2240,520704,-40192,24960,,,,,,
182642005140800,63736203821225,124,-4640,1408,-1888,521728,-39872,25344,,,,,,
182642006138200,63736204821058,125,-4576,1280,-2272,522176,-40576,24576,,,,,,
182642007141300,63736205821350,126,-4640,832,-2688,522944,-40512,26752,,,,,,
182642008141000,63736206821725,127,-4768,1280,-2400,522560,-40512,27904,,,,,,
182642009136600,63736207821183,128,-4544,1088,-2848,522944,-40576,24128,,,,,,
182642010138500,63736208821391,129,-4608,1248,-2304,522496,-40192,26368,,,,,,
182642011139500,63736209821225,130,-4640,1248,-2432,519616,-39552,25088,,,,,,
182642012143700,63736210822600,131,-4864,1088,-2336,522496,-39040,27200,,,,,,
182642013145900,63736211821016,132,-4736,1216,-2016,520640,-38592,25088,,,,,,
182642014141800,63736212821266,133,-4736,1344,-2400,522688,-41216,28864,,,,,,
182642015138600,63736213824183,134,-4864,1408,-2496,522304,-39040,25536,,,,,,
182642016138200,63736214821016,135,-4768,1312,-2496,521024,-39808,25536,,,,,,
182642017146300,63736215821350,136,-5344,1152,-2336,522688,-41152,25920,,,,,,
182642018142800,63736216821225,137,-5088,1376,-2528,520512,-41664,27392,,,,,,
182642019134200,63736217822100,138,-4832,1152,-2368,521856,-39232,26496,,,,,,
182642020138700,63736218821391,139,-4896,1440,-3072,522752,-37760,25280,,,,,,
182642021144800,63736219821225,140,-4800,896,-2432,521664,-40128,24256,,,,,,
182642022145800,63736220821266,141,-4928,1216,-2464,522816,-40960,28800,,,,,,
182642023133200,63736221821141,142,-4704,960,-2496,522688,-37888,27712,,,,,,
182642024140100,63736222821266,143,-5120,1248,-2656,523328,-39936,25984,,,,,,
182642025137800,63736223821141,144,-5216,1344,-2432,521600,-39104,24192,,,,,,
182642026160300,63736224821725,145,-5312,1536,-2400,520832,-38592,27776,,,,,,
182642027141400,63736225821391,146,-4704,1408,-2240,522112,-39232,26944,,,,,,
182642028141600,63736226821100,147,-4640,1280,-2624,522432,-39744,25920,,,,,,
182642029139300,63736227821266,148,-4992,1568,-3072,520576,-41408,27136,,,,,,
182642030150600,63736228820975,149,-4544,1408,-2368,522048,-39296,27264,,,,,,
182642031149700,63736229821225,150,-5024,1312,-2624,521856,-38784,26304,,,,,,
182642032140200,63736230821266,151,-4800,1216,-2688,521664,-39424,27200,,,,,,
182642033133600,63736231821100,152,-4928,1376,-2944,520320,-40384,26176,,,,,,
182642034139100,63736232821266,153,-4768,1088,-2400,522624,-40064,22976,,,,,,
182642035136000,63736233821100,154,-4352,1120,-1888,521152,-39168,28288,,,,,,
182642036143800,63736234822225,155,-4928,1056,-2016,522368,-40768,23424,,,,,,
182642037140400,63736235821308,156,-5472,1536,-2912,519296,-41344,27328,,,,,,
182642038141800,63736236821225,157,-4480,1344,-2112,522816,-38528,29632,,,,,,
182642039140200,63736237821141,158,-4320,1312,-2368,522944,-39680,26752,,,,,,
182642040140700,63736238820975,159,-5408,1120,-3072,521792,-39360,24704,,,,,,
182642041151200,63736239820933,160,-4480,1280,-2432,524160,-41152,27136,,,,,,
182642042139300,63736240821308,161,-5152,1376,-2208,520960,-39872,24512,,,,,,
182642043139700,63736241821016,162,-5024,1312,-2496,520384,-39488,25664,,,,,,
182642044151000,63736242821350,163,-5472,992,-2528,521600,-38464,24128,,,,,,
182642045145900,63736243821183,164,-4128,1120,-2240,522752,-41088,26112,,,,,,
182642046139600,63736244821141,165,-5408,1504,-3392,521856,-39552,27328,,,,,,
182642047142200,63736245821266,166,-4992,1024,-2240,521984,-38912,27840,,,,,,
182642048148000,63736246821225,167,-4256,1152,-2368,521280,-40704,23936,,,,,,
182642049132800,63736247821266,168,-4352,1440,-1696,521600,-39168,26752,,,,,,
182642050140300,63736248822766,169,-5088,960,-2464,520384,-38720,25280,,,,,,
182642051133300,63736249822350,170,-4704,1312,-2400,522368,-40576,29440,,,,,,
182642052135200,63736250821183,171,-4896,1056,-2432,522240,-40064,22336,,,,,,
182642053137800,63736251821100,172,-4480,1280,-2208,522304,-40320,26048,,,,,,
182642054156100,63736252821308,173,-4064,608,-2144,521856,-40768,27520,,,,,,
182642055148500,63736253821350,174,-4928,1216,-2176,522560,-39552,26560,,,,,,
182642056164600,63736254822433,175,-4352,1216,-2720,524544,-41792,25984,,,,,,
182642057147000,63736255827475,176,-4416,928,-2848,523072,-40448,24960,,,,,,
182642058141900,63736256821183,177,-4352,1280,-2464,521152,-41664,24832,,,,,,
182642059148900,63736257821225,178,-5280,1376,-2208,522368,-42176,24896,,,,,,
182642060139600,63736258820975,179,-4768,1216,-2080,521856,-40384,24128,,,,,,
182642061146300,63736259821516,180,-4768,1472,-2368,521344,-40000,25536,,,,,,
182642062140900,63736260822850,181,-5376,1824,-2656,519616,-38464,26624,,,,,,
182642063142000,63736261823100,182,-5184,1536,-2080,522112,-38912,25600,,,,,,
182642064142300,63736262822808,183,-3904,1056,-2016,522496,-41280,26944,,,,,,
182642065142800,63736263821100,184,-4832,2112,-2080,522368,-39808,29568,,,,,,
182642066141600,63736264821183,185,-4096,1344,-2304,521664,-41664,27264,,,,,,
182642067142700,63736265822016,186,-4448,992,-2240,521152,-39360,28416,,,,,,
182642068143100,63736266821516,187,-4864,1408,-2752,522240,-38656,28608,,,,,,
182642069142700,63736267822766,188,-4576,1152,-1888,522688,-40320,26368,,,,,,
182642070143700,63736268821100,189,-4608,1056,-2208,521664,-39360,28736,,,,,,
182642071143900,63736269821350,190,-4448,928,-1792,521152,-39936,26688,,,,,,
182642072142500,63736270821225,191,-4608,1440,-1760,520448,-40704,25728,,,,,,
182642073139800,63736271821016,192,-4544,1024,-2208,522560,-40192,24000,,,,,,
182642074150400,63736272821350,193,-4928,1184,-2848,520768,-39936,26304,,,,,,
182642075141600,63736273821100,194,-4736,1728,-2304,520576,-40192,24064,,,,,,
182642076140200,63736274821100,195,-5504,1728,-2784,523456,-39232,27648,,,,,,
182642077144100,63736275821308,196,-4256,1344,-2304,521472,-39424,25984,,,,,,
182642078140800,63736276821183,197,-5184,1600,-2688,521216,-40704,25024,,,,,,
182642079157800,63736277821308,198,-4736,1536,-2752,521920,-40384,25536,,,,,,
182642080140400,63736278821016,199,-4704,1184,-2336,521408,-38656,26176,,,,,,
182642081139600,63736279821183,200,-4832,1152,-2144,523136,-40128,26880,,,,,,
182642082138500,63736280821100,201,-4352,1312,-2816,523712,-39040,24192,,,,,,
182642083140200,63736281820808,202,-4544,1728,-2752,522432,-38400,27136,,,,,,
182642084138100,63736282821433,203,-4736,1728,-2624,522304,-38144,25664,,,,,,
182642085148300,63736283821183,204,-4608,864,-1920,522560,-39040,29632,,,,,,
182642086146500,63736284821183,205,-4768,1184,-2208,523200,-38656,24128,,,,,,
182642087147600,63736285821266,206,-4672,736,-1984,522240,-39360,26560,,,,,,
182642088157800,63736286821100,207,-4896,1280,-2464,520576,-40000,25024,,,,,,
182642089138800,63736287821391,208,-4672,1056,-2304,524032,-40448,27008,,,,,,
182642090138400,63736288820975,209,-4352,1120,-1920,522432,-40000,27136,,,,,,
182642091137700,63736289821391,210,-4672,1088,-2432,520512,-42944,27264,,,,,,
182642092148700,63736290821141,211,-4864,1568,-2752,521472,-39680,26368,,,,,,
182642093138600,63736291821016,212,-4736,1408,-2048,522176,-40320,26944,,,,,,
182642094139500,63736292821266,213,-4512,1664,-2496,522560,-41472,24448,,,,,,
182642095144900,63736293821100,214,-4704,1376,-2336,520128,-39296,26816,,,,,,
182642096139500,63736294821183,215,-5504,1088,-2496,522176,-38592,26496,,,,,,
182642097137300,63736295821225,216,-4384,1568,-2208,521600,-40064,28160,,,,,,
182642098139600,63736296821266,217,-4800,800,-2432,520832,-40512,27200,,,,,,
182642099139300,63736297821225,218,-4736,1088,-1664,521536,-40448,30144,,,,,,
182642100138000,63736298821850,219,-4480,1664,-3104,520832,-38656,28096,,,,,,
182642101139400,63736299821308,220,-5088,1536,-2592,522880,-41280,27648,,,,,,
182642102217000,63736300821225,221,-5504,1632,-2144,520832,-39680,27136,,,,,,
182642103144700,63736301821266,222,-5184,1568,-2528,522880,-38208,26112,,,,,,
182642104145700,63736302821266,223,-5024,1440,-3008,521088,-38656,27072,,,,,,
182642105143000,63736303821141,224,-5280,1248,-2560,523456,-38464,25344,,,,,,
182642106136700,63736304821225,225,-5120,1440,-2304,519616,-42176,24000,,,,,,
182642107139400,63736305821266,226,-5248,1440,-2528,522752,-42048,27456,,,,,,
182642108139200,63736306821225,227,-4608,1280,-2528,523008,-40000,26688,,,,,,
182642109139900,63736307821141,228,-4320,1088,-1856,521728,-39744,25536,,,,,,
182642110148500,63736308822100,229,-4736,1472,-2784,520896,-40256,28032,,,,,,
182642111153800,63736309821308,230,-4768,1536,-2304,521920,-39872,26176,,,,,,
182642112152300,63736310821183,231,-4064,1056,-2496,522688,-39552,24576,,,,,,
182642113139800,63736311821183,232,-4896,1216,-2624,525056,-40128,26368,,,,,,
182642114142900,63736312821266,233,-4224,1440,-1632,523008,-41664,27072,,,,,,
182642115140600,63736313823891,234,-5280,1568,-2816,522688,-39360,25792,,,,,,
182642116139600,63736314821183,235,-4832,1056,-1760,521216,-40576,25472,,,,,,
182642117138900,63736315821975,236,-4480,1152,-2336,521728,-38912,27840,,,,,,
182642118139400,63736316821308,237,-4800,1664,-2752,521856,-40832,28352,,,,,,
182642119142200,63736317821183,238,-4736,1472,-2784,521408,-40576,28160,,,,,,
182642120265500,63736318823766,239,-4448,1504,-2400,522816,-40768,26432,,,,,,
182642121150600,63736319821433,240,-4544,1568,-2208,521792,-39232,25152,,,,,,
182642122140800,63736320822600,241,-4896,960,-2464,522944,-42240,27904,,,,,,
182642123140000,63736321821100,242,-5120,2080,-2496,523008,-40256,24832,,,,,,
182642124137000,63736322821350,243,-4704,1440,-2144,521664,-38976,25664,,,,,,
182642125140400,63736323821225,244,-4672,1536,-2784,522304,-39424,27456,,,,,,
182642126137000,63736324821183,245,-4960,1280,-2368,522496,-40256,27392,,,,,,
182642127140900,63736325821058,246,-4896,1312,-1504,521536,-39744,25280,,,,,,
182642128137500,63736326821266,247,-4960,1184,-2592,520832,-39168,26432,,,,,,
182642129140700,63736327821100,248,-4160,1728,-2816,521344,-38592,27904,,,,,,
182642130142700,63736328820891,249,-4736,1120,-2560,520704,-39232,26880,,,,,,
182642131141000,63736329821308,250,-4800,1664,-2656,521664,-39936,23936,,,,,,
182642132141000,63736330821141,251,-5088,1280,-2400,519424,-40896,27072,,,,,,
182642133139300,63736331821141,252,-4320,928,-1888,522304,-40128,26432,,,,,,
182642134254000,63736332821308,253,-4608,1376,-2272,520192,-39680,29952,,,,,,
182642135276600,63736333821266,254,-4384,768,-1984,522432,-42752,27328,,,,,,
182642136156100,63736334821100,255,-4384,1440,-2272,522752,-40448,26688,,,,,,
182642137140600,63736335821141,0,-4064,1088,-2336,521280,-40256,27712,,,,,,
182642138139900,63736336821475,1,-5344,1376,-2848,522176,-40000,29248,,,,,,
182642139139300,63736337821141,2,-5408,1376,-2272,521408,-38272,27328,,,,,,
182642140139800,63736338821058,3,-5056,1344,-2368,521728,-39296,28032,,,,,,
182642141136800,63736339821141,4,-4928,1248,-3232,519616,-38592,25728,,,,,,
182642142137000,63736340821641,5,-4832,1536,-2400,522112,-39104,27648,,,,,,
182642143142700,63736341821225,6,-4960,1344,-2176,521792,-41024,28352,,,,,,
182642144148100,63736342821308,7,-4512,1152,-2592,520256,-39808,27648,,,,,,
182642145153600,63736343821308,8,-3968,672,-2432,523008,-39424,26304,,,,,,
182642146139900,63736344821100,9,-5088,1280,-2560,521088,-39232,26624,,,,,,
182642147152000,63736345820933,10,-4640,864,-2048,520768,-40256,26048,,,,,,
182642148146700,63736346821350,11,-5568,960,-2624,522880,-38912,27200,,,,,,
182642149159500,63736347821141,12,-4736,1664,-2016,521920,-39936,27264,,,,,,
182642150144300,63736348821183,13,-4896,1536,-2240,522880,-39424,28416,,,,,,
182642151146000,63736349821266,14,-4896,1440,-2272,522880,-39936,24832,,,,,,
182642152137400,63736350820850,15,-5120,1120,-3392,522752,-39360,26496,,,,,,
182642153147900,63736351821266,16,-4992,1152,-2368,523328,-41664,27008,,,,,,
182642154145300,63736352821266,17,-4160,1440,-2176,522432,-39872,26240,,,,,,
182642155148600,63736353821266,18,-4608,1216,-2752,521920,-40256,25280,,,,,,
182642156138300,63736354821183,19,-4640,960,-2240,522240,-40768,26560,,,,,,
182642157141500,63736355821433,20,-5408,1408,-2240,520640,-39744,26752,,,,,,
182642158137600,63736356821141,21,-4640,1600,-2240,519488,-40256,22528,,,,,,
182642159144100,63736357821016,22,-5024,1216,-2656,522048,-37952,23488,,,,,,
182642160141300,63736358821016,23,-5056,1376,-2784,521664,-40320,25408,,,,,,
182642161155900,63736359821183,24,-4896,960,-2368,520064,-39936,28416,,,,,,
182642162143500,63736360821141,25,-5024,1248,-2464,522944,-41344,26240,,,,,,
182642163147700,63736361825975,26,-5344,1216,-2016,522496,-41664,26944,,,,,,
182642164136600,63736362821141,27,-4832,1216,-2656,521920,-41088,26560,,,,,,
182642165142900,63736363821266,28,-4672,1088,-2496,522624,-40128,26816,,,,,,
182642166140000,63736364821183,29,-4832,1376,-2592,523648,-40512,27200,,,,,,
182642167144200,63736365820641,30,-5408,1248,-3232,522240,-41024,27264,,,,,,
182642168140000,63736366823141,31,-5376,1440,-2848,522432,-39424,26752,,,,,,
182642169156600,63736367821141,32,-4480,1472,-2272,523840,-38592,27584,,,,,,
182642170144100,63736368821183,33,-4128,1152,-2208,522240,-39936,25920,,,,,,
182642171138100,63736369821266,34,-4480,1248,-2272,524224,-38912,27776,,,,,,
182642172140300,63736370822475,35,-4768,1056,-2720,522560,-40256,26432,,,,,,
182642173145900,63736371821225,36,-4832,1120,-2304,523136,-40000,26944,,,,,,
182642174144300,63736372821433,37,-4576,1312,-2240,521664,-40064,28480,,,,,,
182642175151400,63736373822725,38,-5184,1440,-2240,523264,-39168,25152,,,,,,
182642176142400,63736374821100,39,-4288,1184,-2752,521344,-40960,26368,,,,,,
182642177152100,63736375821100,40,-5216,1216,-3008,523136,-40256,27072,,,,,,
182642178135800,63736376821266,41,-4992,1312,-2752,524032,-41472,26304,,,,,,
182642179132300,63736377821141,42,-4768,1280,-2432,523200,-38976,25984,,,,,,
182642180140800,63736378821183,43,-4864,1152,-2624,523328,-39488,25600,,,,,,
182642181160800,63736379822558,44,-4704,960,-2688,521792,-39744,24768,,,,,,
182642182148000,63736380821308,45,-4768,1248,-2880,520960,-40448,26368,,,,,,
182642183138400,63736381821141,46,-4800,1376,-2112,521600,-38848,25472,,,,,,
182642184139600,63736382821266,47,-4864,1536,-2496,522432,-40000,29120,,,,,,
182642185151700,63736383821391,48,-4608,1376,-2912,520064,-39744,26048,,,,,,
182642186155600,63736384821225,49,-4800,1088,-2816,522624,-40640,26048,,,,,,
182642187147600,63736385821141,50,-4640,1440,-2336,522048,-40512,26752,,,,,,
182642188144900,63736386821266,51,-4416,1312,-1504,521088,-42304,25600,,,,,,
182642189142800,63736387821141,52,-5408,1408,-2816,523328,-40064,26688,,,,,,
182642190146500,63736388821100,53,-5056,1216,-3008,522688,-40064,24832,,,,,,
182642191144200,63736389821266,54,-4960,1184,-2752,520384,-41280,26432,,,,,,
182642192193600,63736390821641,55,-4384,1312,-1728,521408,-39680,25792,,,,,,
182642193146400,63736391821100,56,-4640,1152,-2752,521280,-39936,24320,,,,,,
182642194278600,63736392821350,57,-4960,1440,-2336,520576,-39552,25856,,,,,,
182642195142600,63736393821183,58,-4576,1216,-1888,520768,-40512,25152,,,,,,
182642196143600,63736394821016,59,-4928,704,-2176,522112,-39808,27904,,,,,,
182642197151800,63736395821058,60,-5280,1344,-2240,521856,-39680,27072,,,,,,
182642198153200,63736396822641,61,-5184,1440,-2144,521408,-39488,26176,,,,,,
182642199149700,63736397821266,62,-4480,1088,-1920,521920,-40768,24128,,,,,,
182642200152400,63736398821100,63,-4864,1056,-2336,523904,-38208,24192,,,,,,
182642201143500,63736399821183,64,-4768,896,-2880,521856,-40640,26112,,,,,,
182642202141800,63736400821266,65,-4928,1376,-2272,521536,-39232,26560,,,,,,
182642203144500,63736401821100,66,-4512,1312,-2464,518336,-40256,27520,,,,,,
182642204148500,63736402821266,67,-4512,1280,-1920,521152,-39040,27520,,,,,,
182642205156500,63736403821141,68,-5152,1184,-2112,522624,-39424,26432,,,,,,
182642206153600,63736404821058,69,-5376,1376,-2272,519744,-39296,25728,,,,,,
182642207148400,63736405821141,70,-4928,1216,-2880,521024,-39488,27456,,,,,,
182642208144000,63736406821266,71,-4768,960,-2240,522176,-39488,25536,,,,,,
182642209147500,63736407821350,72,-4608,1408,-2656,519424,-42176,27264,,,,,,
182642210154200,63736408821058,73,-4768,1120,-2432,521280,-39168,26752,,,,,,
182642211148300,63736409824475,74,-4544,864,-2272,522240,-41152,27328,,,,,,
182642212147700,63736410821225,75,-4928,1152,-2720,523776,-37056,26944,,,,,,
182642213145400,63736411820975,76,-4640,1216,-2816,520576,-41088,26112,,,,,,
182642214145400,63736412821225,77,-4832,1280,-2720,521984,-39936,24128,,,,,,
182642215156500,63736413821100,78,-4768,1088,-2400,520192,-41536,26560,,,,,,
182642216160300,63736414822308,79,-4448,1216,-2432,521600,-39488,26816,,,,,,
182642217145300,63736415820975,80,-4128,1216,-2112,521024,-38912,25216,,,,,,
182642218137100,63736416821308,81,-4960,1216,-2720,522048,-38912,25920,,,,,,
182642219140300,63736417821100,82,-4384,1440,-2208,521856,-40384,27456,,,,,,
182642220141200,63736418821100,83,-4448,1344,-2240,524736,-39104,26496,,,,,,
182642221138100,63736419820975,84,-4864,1440,-2592,523200,-40448,26496,,,,,,
182642222155300,63736420821350,85,-4896,1120,-2144,521600,-39808,26880,,,,,,
182642223136700,63736421821225,86,-4448,1024,-1760,521600,-41728,24704,,,,,,
182642224139300,63736422822016,87,-4896,1184,-2752,523584,-39040,28032,,,,,,
182642225140900,63736423821308,88,-4960,960,-2368,521536,-41920,25984,,,,,,
182642226141200,63736424820975,89,-4672,928,-2656,519872,-40192,24896,,,,,,
182642227137100,63736425821266,90,-4480,928,-2752,522752,-39808,26560,,,,,,
182642228144100,63736426822600,91,-5056,1728,-2560,523456,-39296,23872,,,,,,
182642229145900,63736427821225,92,-4480,1504,-2848,521856,-41216,25984,,,,,,
182642230145200,63736428821058,93,-4928,1280,-2464,520384,-39744,28160,,,,,,
182642231159100,63736429821183,94,-4864,1504,-2944,522752,-38272,25600,,,,,,
182642232140100,63736430821266,95,-4608,1344,-2400,523904,-40256,24640,,,,,,
182642233142800,63736431821225,96,-4992,1440,-2048,521216,-41344,25408,,,,,,
182642234143300,63736432824016,97,-4704,1184,-2112,522432,-41536,27648,,,,,,
182642235147000,63736433821141,98,-5152,1120,-2336,521216,-40576,25216,,,,,,
182642236151000,63736434823600,99,-4736,1024,-2688,524736,-39680,25984,,,,,,
182642237143200,63736435821100,100,-4672,1312,-2112,521856,-39616,25152,,,,,,
182642238140600,63736436821225,101,-4480,1024,-1664,521472,-41024,25664,,,,,,
182642239139000,63736437821141,102,-4544,1440,-2752,521984,-40896,25664,,,,,,
182642240141300,63736438821058,103,-4736,1600,-2880,523520,-40000,24896,,,,,,
182642241140600,63736439821225,104,-5152,1216,-2176,520896,-39104,26368,,,,,,
182642242132800,63736440821183,105,-4384,1248,-2720,521984,-38464,27200,,,,,,
182642243145000,63736441821100,106,-4608,1056,-2656,522560,-40896,25664,,,,,,
182642244160300,63736442821100,107,-4576,1248,-2048,521088,-38848,26880,,,,,,
182642245135400,63736443821225,108,-5408,1056,-1856,522176,-38976,26560,,,,,,
182642246139600,63736444821183,109,-5216,1088,-1824,522944,-39360,25088,,,,,,
182642247142300,63736445821100,110,-5504,1664,-2784,519488,-39552,26240,,,,,,
182642248142100,63736446821308,111,-4736,1248,-2112,520896,-40128,28288,,,,,,
182642249143400,63736447821266,112,-4384,1376,-1984,521984,-39936,26496,,,,,,
182642250144400,63736448822433,113,-4544,1024,-2912,520064,-40064,28288,,,,,,
182642251143300,63736449822350,114,-4768,1056,-2208,519936,-39232,26304,,,,,,
182642252153800,63736450821225,115,-4864,1760,-2432,520960,-39040,25856,,,,,,
182642253138000,63736451823058,116,-4672,1024,-2080,523712,-39232,27456,,,,,,
182642254142900,63736452821100,117,-5056,1568,-2080,521664,-41152,26048,,,,,,
182642255147000,63736453821225,118,-4864,1536,-2272,520512,-41728,25664,,,,,,
182642256145400,63736454821100,119,-4800,992,-2304,522368,-40960,25984,,,,,,
182642257138900,63736455821558,120,-4480,1184,-1952,522368,-40064,26176,,,,,,
182642258150400,63736456822766,121,-4672,1728,-2944,523008,-39168,29696,,,,,,
182642259148000,63736457821183,122,-4864,1376,-2208,523264,-39296,28160,,,,,,
182642260137700,63736458821183,123,-4800,1376,-2336,521536,-39424,27904,,,,,,
182642261140500,63736459821308,124,-4352,1408,-2688,522112,-41472,25344,,,,,,
182642262138700,63736460821558,125,-4096,1184,-2368,522752,-40064,26048,,,,,,
182642263139700,63736461821600,126,-5088,832,-2304,524352,-39488,27520,,,,,,
182642264138500,63736462823225,127,-4704,1280,-2208,522880,-40832,24960,,,,,,
182642265138900,63736463821308,128,-4832,1120,-2688,522368,-38784,26624,,,,,,
182642266139100,63736464821141,129,-5024,1408,-2112,523968,-41280,28672,,,,,,
182642267137900,63736465822183,130,-5024,1184,-2368,521216,-39168,25152,,,,,,
182642268137100,63736466821600,131,-4096,1056,-2144,521664,-39296,27264,,,,,,
182642269143600,63736467821433,132,-4256,1408,-2656,522368,-39744,25728,,,,,,
182642270135300,63736468821100,133,-4864,1312,-2208,522304,-38656,24192,,,,,,
182642271142700,63736469821350,134,-4608,1568,-2208,522112,-38656,27712,,,,,,
182642272146400,63736470821225,135,-4864,960,-3072,522816,-40448,27200,,,,,,
182642273142700,63736471821100,136,-4640,1088,-3200,522176,-40256,27264,,,,,,
182642274146400,63736472821183,137,-4448,1056,-3232,523136,-41408,25536,,,,,,
182642275144200,63736473821183,138,-4192,704,-2016,521664,-39616,26816,,,,,,
182642276140400,63736474821183,139,-4768,1376,-3296,522624,-41152,27456,,,,,,
182642277149400,63736475821100,140,-4736,1088,-1984,523072,-40576,25856,,,,,,
182642278140700,63736476821183,141,-5024,1120,-2400,521088,-40128,28416,,,,,,
182642279152100,63736477821225,142,-4576,1376,-2656,523264,-39872,26752,,,,,,
182642280142600,63736478821100,143,-5152,1280,-3008,523648,-41408,25088,,,,,,
182642281153700,63736479822100,144,-4832,1408,-2560,523904,-40320,26432,,,,,,
182642282145000,63736480821100,145,-4544,1728,-2368,522880,-40960,25408,,,,,,
182642283137100,63736481821891,146,-4320,1568,-2176,521216,-38784,26368,,,,,,
182642284141300,63736482821016,147,-4736,1024,-2528,523648,-40064,25088,,,,,,
182642285150900,63736483821225,148,-4448,1056,-2400,522688,-39040,26560,,,,,,
182642286137600,63736484821266,149,-5344,1440,-2976,522880,-40448,26752,,,,,,
182642287130500,63736485822433,150,-4352,1344,-1952,523968,-39808,24960,,,,,,
182642288133500,63736486821266,151,-4832,1408,-2656,521152,-38208,26176,,,,,,
182642289136500,63736487821183,152,-5280,1408,-2688,523072,-39360,25792,,,,,,
182642290143600,63736488820600,153,-4640,1344,-1952,524416,-38528,26496,,,,,,
182642291140800,63736489821350,154,-5216,736,-2464,522432,-40128,26112,,,,,,
182642292144700,63736490821725,155,-4736,1344,-2336,522624,-38400,26624,,,,,,
182642293145600,63736491821100,156,-5408,1504,-2976,522880,-40576,25344,,,,,,
182642294132600,63736492820933,157,-5056,608,-2080,521984,-40128,27520,,,,,,
182642295145400,63736493821350,158,-4736,1344,-2624,522816,-40704,27008,,,,,,
182642296144200,63736494821183,159,-4768,1184,-2080,522944,-40448,25664,,,,,,
182642297144100,63736495821141,160,-5440,1184,-2432,521472,-39936,24832,,,,,,
182642298141200,63736496821225,161,-4736,1440,-2176,523008,-39552,27328,,,,,,
182642299142600,63736497821183,162,-4480,736,-2336,523264,-41344,22784,,,,,,
182642300141800,63736498821225,163,-4960,1472,-2976,522304,-41536,29248,,,,,,
182642301137900,63736499821350,164,-4480,1376,-2080,522432,-39616,26560,,,,,,
182642302144800,63736500821141,165,-4480,1632,-2144,522688,-39552,28608,,,,,,
182642303142500,63736501821141,166,-5152,800,-2400,522624,-39360,25792,,,,,,
182642304135100,63736502821433,167,-4512,1280,-2656,521152,-42112,26944,,,,,,
182642305136000,63736503821183,168,-4672,1024,-2720,524224,-40512,25728,,,,,,
182642306139000,63736504821183,169,-4480,928,-3104,521152,-40000,25920,,,,,,
182642307141400,63736505821100,170,-4864,768,-2016,522048,-39872,26176,,,,,,
182642308141500,63736506821266,171,-5024,1536,-1760,521984,-39744,25024,,,,,,
182642309141500,63736507821225,172,-5280,1504,-2592,522752,-38336,28672,,,,,,
182642310140800,63736508821141,173,-4448,1184,-2368,521792,-38976,25408,,,,,,
182642311139000,63736509821100,174,-4192,1184,-1920,520768,-40768,27008,,,,,,
182642312141800,63736510821183,175,-5024,992,-1984,522880,-38784,24320,,,,,,
182642313141100,63736511821225,176,-4704,1184,-2176,520512,-37696,24640,,,,,,
182642314144000,63736512821058,177,-5568,1248,-2560,522560,-40384,24896,,,,,,
182642315125300,63736513822225,178,-4704,1280,-2464,523840,-39104,26752,,,,,,
182642316140600,63736514822600,179,-4576,1184,-2496,521600,-39872,26752,,,,,,
182642317136700,63736515820933,180,-4704,1440,-2464,522560,-37952,27776,,,,,,
182642318138200,63736516821391,181,-4992,1312,-2112,520960,-39104,25664,,,,,,
182642319132800,63736517821141,182,-4832,1120,-1888,521728,-42624,25536,,,,,,
182642320149500,63736518821183,183,-4480,1376,-1824,522112,-38656,27200,,,,,,
182642321152900,63736519821225,184,-4224,1472,-2304,521856,-39488,27264,,,,,,
182642322140700,63736520823558,185,-4448,1440,-2208,520960,-38976,27968,,,,,,
182642323142200,63736521821641,186,-4768,1696,-2336,523392,-39360,27840,,,,,,
182642324130700,63736522821058,187,-4896,1760,-3360,520960,-38592,25152,,,,,,
182642325126500,63736523821350,188,-4384,928,-2176,522496,-39232,26112,,,,,,
182642326131300,63736524821100,189,-4800,1536,-2656,521984,-40448,27584,,,,,,
182642327139400,63736525820933,190,-4576,800,-1888,520960,-39424,26496,,,,,,
182642328131400,63736526822391,191,-4928,1120,-2560,521280,-40512,24320,,,,,,
182642329128600,63736527822475,192,-4544,1184,-2336,521792,-39424,26112,,,,,,
182642330146200,63736528821100,193,-4640,864,-1824,521600,-40128,25152,,,,,,
182642331376200,63736529820975,194,-4800,1024,-2688,522048,-39296,26112,,,,,,
182642332151400,63736530820850,195,-5024,1120,-3264,522176,-41536,24896,,,,,,
182642333133200,63736531821225,196,-4480,1184,-1280,522112,-39808,26496,,,,,,
182642334163700,63736532822433,197,-5184,1568,-2528,522752,-38976,28032,,,,,,
182642335156700,63736533821225,198,-4576,1792,-2624,522816,-41856,26944,,,,,,
182642336137600,63736534821183,199,-3776,1312,-2432,523072,-40896,26176,,,,,,
182642337139800,63736535821225,200,-4640,1152,-2432,521472,-39744,25344,,,,,,
182642338138000,63736536821266,201,-5216,1504,-2464,520768,-40192,26048,,,,,,
182642339133500,63736537821683,202,-4736,1408,-2816,522432,-39616,24960,,,,,,
182642340149300,63736538822641,203,-4768,1536,-2240,523456,-39872,26624,,,,,,
182642341135100,63736539820975,204,-4096,1504,-2304,521792,-40960,27584,,,,,,
182642342133500,63736540821225,205,-5184,832,-2752,521408,-39680,24704,,,,,,
182642343126600,63736541821225,206,-4960,1408,-2752,522496,-39872,25408,,,,,,
182642344137900,63736542821016,207,-4320,1152,-2528,520320,-38912,25856,,,,,,
182642345142500,63736543821308,208,-4480,1920,-2464,520576,-40640,26816,,,,,,
182642346132100,63736544821100,209,-4480,1120,-2560,520768,-40128,28160,,,,,,
182642347127700,63736545821100,210,-4640,1440,-2016,520896,-39168,27648,,,,,,
182642348144000,63736546821308,211,-4736,1696,-2816,520448,-40960,25920,,,,,,
182642349140300,63736547821225,212,-5152,1568,-1824,519808,-40832,25600,,,,,,
182642350139400,63736548821141,213,-4928,1280,-2432,521216,-40512,27648,,,,,,
182642351143500,63736549821016,214,-4800,1088,-2528,523264,-40640,26752,,,,,,
182642352144100,63736550822683,215,-4416,1216,-2464,520320,-40448,27200,,,,,,
182642353142200,63736551821183,216,-4384,1312,-1856,521984,-39040,26304,,,,,,
182642354150600,63736552821058,217,-4800,1504,-3392,520704,-38848,25280,,,,,,
182642355143000,63736553821350,218,-4672,960,-1984,520960,-40896,26048,,,,,,
182642356141300,63736554821100,219,-4960,1408,-2944,522048,-41088,26624,,,,,,
182642357141200,63736555821808,220,-4640,1024,-2144,522112,-39360,23808,,,,,,
182642358141000,63736556821766,221,-4480,1376,-2240,521920,-40064,24384,,,,,,
182642359139900,63736557821183,222,-5408,1312,-2816,521216,-39744,27840,,,,,,
182642360135600,63736558821141,223,-4704,1088,-2208,523264,-38720,23936,,,,,,
182642361151100,63736559821100,224,-4768,1152,-2624,520768,-38848,27968,,,,,,
182642362139800,63736560822225,225,-4160,1248,-2720,522560,-40640,25216,,,,,,
182642363140100,63736561822183,226,-4608,1440,-2528,521536,-39616,26496,,,,,,
182642364137500,63736562821100,227,-4608,1376,-1952,523200,-40384,29056,,,,,,
182642365136400,63736563821308,228,-5184,1472,-2848,522560,-38656,25792,,,,,,
182642366136400,63736564821100,229,-4320,960,-3168,520576,-39488,27584,,,,,,
182642367137100,63736565821058,230,-4288,1216,-2048,520320,-39616,25088,,,,,,
182642368134800,63736566821350,231,-5216,1696,-2752,521280,-40320,27648,,,,,,
182642369146500,63736567821100,232,-5024,1600,-3104,521152,-39808,27200,,,,,,
182642370152600,63736568821225,233,-4640,1568,-2560,522304,-39488,24768,,,,,,
182642371147900,63736569820933,234,-4832,1152,-1824,520832,-39232,27072,,,,,,
182642372138000,63736570821183,235,-4480,1440,-2144,521664,-38784,26304,,,,,,
182642373137900,63736571821100,236,-4896,1280,-2432,519872,-40384,26368,,,,,,
182642374157000,63736572821183,237,-5024,1248,-2624,523840,-38976,25664,,,,,,
182642375152700,63736573821350,238,-4384,1248,-2208,522688,-38400,25664,,,,,,
182642376147600,63736574821141,239,-4704,1120,-2368,521728,-40832,25024,,,,,,
182642377142800,63736575821183,240,-4544,1504,-2656,521088,-39872,26432,,,,,,
182642378144200,63736576821516,241,-4864,1376,-2688,522496,-40192,25600,,,,,,
182642379141600,63736577821141,242,-4256,1216,-2080,520768,-39680,27136,,,,,,
182642380144100,63736578821100,243,-4512,1280,-2816,522112,-39808,25856,,,,,,
182642381145700,63736579821516,244,-4384,1472,-2464,519104,-39680,26496,,,,,,
182642382143200,63736580821266,245,-4928,1056,-2496,522176,-40064,27648,,,,,,
182642383144900,63736581821058,246,-5184,896,-2432,521472,-39616,27584,,,,,,
182642384143200,63736582820933,247,-4768,1408,-2912,521536,-39040,26752,,,,,,
182642385160000,63736583821308,248,-4832,1472,-3008,521408,-38528,25728,,,,,,
182642386147000,63736584822225,249,-4448,960,-2496,521472,-38848,23552,,,,,,
182642387139100,63736585821183,250,-4704,672,-1952,521792,-40960,26112,,,,,,
182642388139100,63736586821225,251,-4576,1088,-2400,523008,-39424,26304,,,,,,
182642389136100,63736587821308,252,-4576,1536,-2336,521216,-40960,24832,,,,,,
182642390128500,63736588821100,253,-4832,1632,-2496,522752,-39488,25536,,,,,,
182642391133600,63736589820933,254,-4672,896,-1984,522176,-39040,27072,,,,,,
182642392140200,63736590821350,255,-4352,1312,-2592,521088,-39168,27840,,,,,,
182642393138000,63736591821100,0,-5088,1408,-2944,521920,-39360,25280,,,,,,
182642394138600,63736592821058,1,-4992,1216,-2528,520384,-40448,25664,,,,,,
182642395144300,63736593821058,2,-4896,1120,-2304,521344,-39552,25792,,,,,,
182642396138400,63736594821058,3,-3936,1056,-2144,522432,-38912,26368,,,,,,
182642397135000,63736595821141,4,-4928,1120,-2464,520960,-40896,27264,,,,,,
182642398147700,63736596821725,5,-5120,864,-2688,523200,-41408,25856,,,,,,
182642399141100,63736597821225,6,-5056,1472,-2880,521664,-40064,26560,,,,,,
182642400133200,63736598821100,7,-4448,864,-2048,521984,-39360,24768,,,,,,
182642401144200,63736599820975,8,-4608,1184,-2304,521792,-38720,25600,,,,,,
182642402143000,63736600821350,9,-4736,1344,-2176,520192,-40192,26240,,,,,,
182642403140900,63736601821225,10,-4608,1312,-2560,521792,-40064,25600,,,,,,
182642404131300,63736602821266,11,-5344,992,-2048,520192,-39680,25664,,,,,,
182642405140200,63736603821225,12,-4672,1280,-2624,521536,-39296,24640,,,,,,
182642406140300,63736604824183,13,-4864,1376,-2176,522304,-39552,26112,,,,,,
182642407143400,63736605821266,14,-4448,992,-2240,522560,-39552,26816,,,,,,
182642408153400,63736606821225,15,-4928,1152,-2080,521088,-38848,26496,,,,,,
182642409141300,63736607821141,16,-4640,960,-2112,520832,-40640,26688,,,,,,
182642410135400,63736608821100,17,-5184,1376,-2848,520384,-40064,26944,,,,,,
182642411145700,63736609822600,18,-5120,1920,-2688,522368,-40256,26944,,,,,,
182642412142800,63736610821350,19,-5376,1408,-2784,521408,-42112,26688,,,,,,
182642413179100,63736611821100,20,-4960,1088,-3232,521152,-39232,26944,,,,,,
182642414142100,63736612821058,21,-4832,1408,-2624,521472,-39424,24512,,,,,,
182642415139700,63736613821266,22,-4480,992,-2176,522944,-39808,25600,,,,,,
182642416142500,63736614822141,23,-5152,1408,-2336,524160,-38912,26624,,,,,,
182642417154200,63736615821058,24,-4160,736,-1888,521792,-38592,24576,,,,,,
182642418145400,63736616820975,25,-5088,1536,-2816,522880,-38656,24704,,,,,,
182642419142500,63736617821266,26,-4544,896,-2688,520384,-38912,25024,,,,,,
182642420141700,63736618821141,27,-4928,1312,-2304,522944,-40512,26752,,,,,,
182642421405400,63736619821100,28,-4704,1280,-2432,520384,-38656,24448,,,,,,
182642422149000,63736620821225,29,-4480,1568,-2656,522752,-39936,26112,,,,,,
182642423143500,63736621821100,30,-4960,1248,-2144,522432,-39360,23552,,,,,,
182642424142200,63736622821183,31,-4480,1216,-2624,520576,-39104,26240,,,,,,
182642425142000,63736623821141,32,-4576,1504,-1760,521280,-40384,25792,,,,,,
182642426141500,63736624821183,33,-4608,1536,-2528,523008,-40576,24960,,,,,,
182642427142200,63736625821141,34,-4736,1216,-2528,523264,-39808,25344,,,,,,
182642428154800,63736626820933,35,-4704,1312,-2560,523136,-40256,25984,,,,,,
182642429141900,63736627821266,36,-5024,1504,-3072,523264,-39232,27584,,,,,,
182642430142500,63736628821058,37,-4416,1056,-2176,522112,-39936,29952,,,,,,
182642431141600,63736629821058,38,-5088,832,-2336,520640,-41152,27776,,,,,,
182642432143400,63736630821141,39,-4736,1312,-2464,522816,-39040,27072,,,,,,
182642433143800,63736631820933,40,-4928,960,-2176,523648,-40384,27392,,,,,,
182642434143800,63736632822600,41,-4704,1312,-1920,522240,-41088,23936,,,,,,
182642435145000,63736633821225,42,-5184,1184,-2400,523392,-38592,26048,,,,,,
182642436148400,63736634821225,43,-5504,1088,-2688,522240,-40128,24832,,,,,,
182642437150700,63736635821100,44,-4672,1152,-2080,523584,-37120,26880,,,,,,
182642438143500,63736636825766,45,-5248,1152,-2432,524416,-39104,26432,,,,,,
182642439145700,63736637821350,46,-4960,1408,-2464,522112,-40128,25600,,,,,,
182642440139000,63736638821183,47,-4704,1248,-1952,523392,-41216,25536,,,,,,
182642441127900,63736639821141,48,-4352,960,-2304,520512,-40320,27968,,,,,,
182642442250800,63736640821266,49,-4832,1184,-2464,522496,-40000,26304,,,,,,
182642443139400,63736641821641,50,-4672,1632,-2528,523840,-40256,25920,,,,,,
182642444143100,63736642821183,51,-4992,1152,-2208,522752,-41024,27840,,,,,,
182642445134600,63736643821391,52,-4544,1248,-2368,523584,-39808,28544,,,,,,
182642446143100,63736644821141,53,-4576,1440,-2656,521920,-41664,24448,,,,,,
182642447147200,63736645821058,54,-4768,800,-2752,521280,-41856,26752,,,,,,
182642448167700,63736646820600,55,-4736,1152,-3072,523776,-39936,26432,,,,,,
182642449140700,63736647821141,56,-4736,1088,-2496,522432,-41920,26432,,,,,,
182642450132500,63736648821058,57,-4736,1216,-2240,523584,-38464,27584,,,,,,
182642451132200,63736649821016,58,-5088,960,-2304,523776,-41280,27136,,,,,,
182642452138200,63736650823808,59,-4480,1504,-2240,523712,-40448,25216,,,,,,
182642453130700,63736651820725,60,-4768,1312,-1952,522112,-41280,25728,,,,,,
182642454137300,63736652821100,61,-4416,1248,-2368,521152,-40768,26176,,,,,,
182642455137300,63736653821266,62,-5504,896,-2848,521152,-40448,26304,,,,,,
182642456138400,63736654821141,63,-4192,1568,-1632,522240,-41088,26880,,,,,,
182642457135100,63736655821183,64,-4704,1856,-2784,522112,-40000,25024,,,,,,
182642458153000,63736656825891,65,-4800,1024,-2592,523008,-39872,27392,,,,,,
182642459138400,63736657821266,66,-4384,1312,-2464,520640,-38592,27392,,,,,,
182642460144500,63736658821141,67,-4960,1248,-2816,523008,-38848,25408,,,,,,
182642461146500,63736659821141,68,-4768,960,-2432,521664,-39616,27904,,,,,,
182642462139500,63736660821266,69,-4512,1312,-2368,521920,-40768,27200,,,,,,
182642463144900,63736661821141,70,-4640,1280,-2560,522048,-39616,25600,,,,,,
182642464148400,63736662821183,71,-4800,1088,-2720,522560,-40000,25536,,,,,,
182642465145000,63736663821225,72,-4672,1440,-2784,523392,-37952,28416,,,,,,
182642466141600,63736664821225,73,-4480,1504,-2368,523520,-40128,25600,,,,,,
182642467138100,63736665821058,74,-5120,1088,-2688,521920,-41472,26816,,,,,,
182642468147600,63736666820766,75,-4928,1120,-2368,523008,-39360,24256,,,,,,
182642469151700,63736667821225,76,-5440,1344,-2592,523520,-41216,25664,,,,,,
182642470144600,63736668822475,77,-4096,1024,-2304,522176,-39296,26304,,,,,,
182642471143400,63736669821016,78,-5152,1120,-2720,522688,-39744,26112,,,,,,
182642472142200,63736670821266,79,-5120,1472,-2528,521728,-40000,28544,,,,,,
182642473150400,63736671821183,80,-4992,1600,-1888,521856,-40768,26048,,,,,,
182642474140400,63736672821058,81,-4736,1344,-2400,521664,-40320,23680,,,,,,
182642475151300,63736673821016,82,-4928,960,-2400,520256,-39040,25984,,,,,,
182642476142100,63736674821141,83,-4640,1280,-2176,521600,-39744,24896,,,,,,
182642477141400,63736675821225,84,-4768,992,-2592,521792,-40960,25536,,,,,,
182642478140900,63736676822641,85,-5056,1152,-2752,522432,-39168,27776,,,,,,
182642479142300,63736677821225,86,-4640,832,-2560,520448,-38656,24192,,,,,,
182642480142800,63736678821016,87,-5184,1312,-2336,522752,-38976,27840,,,,,,
182642481151500,63736679821141,88,-4672,896,-2240,522816,-39936,25664,,,,,,
182642482141600,63736680821100,89,-4576,1632,-2272,522048,-41664,27456,,,,,,
182642483140000,63736681821225,90,-4928,1632,-2624,521024,-39680,28800,,,,,,
182642484135800,63736682821058,91,-4448,928,-2304,521728,-39936,26304,,,,,,
182642485141000,63736683821183,92,-5376,1216,-2784,521856,-39424,26048,,,,,,
182642486140200,63736684821308,93,-4384,1664,-2432,520192,-39552,24768,,,,,,
182642487136400,63736685821016,94,-4448,1056,-2368,523776,-39360,28096,,,,,,
182642488138500,63736686822100,95,-5024,1408,-2752,521280,-40512,26816,,,,,,
182642489146800,63736687821183,96,-4672,1504,-2688,520576,-39040,26432,,,,,,
182642490132000,63736688821058,97,-4544,1472,-1568,522496,-41472,27584,,,,,,
182642491128000,63736689821016,98,-4832,1472,-1952,521344,-41152,27264,,,,,,
182642492135600,63736690821266,99,-4480,1152,-2240,522176,-38592,26240,,,,,,
182642493138800,63736691821141,100,-4544,1248,-2496,523072,-39872,24832,,,,,,
182642494143200,63736692821100,101,-4416,1376,-2400,520384,-39680,25664,,,,,,
182642495139200,63736693821225,102,-5216,1024,-2400,522624,-38656,28224,,,,,,
182642496148800,63736694821141,103,-4736,832,-2368,521408,-41024,27712,,,,,,
182642497146600,63736695821016,104,-4672,928,-2048,522688,-39424,26880,,,,,,
182642498138800,63736696821141,105,-4928,1152,-2208,522368,-39872,26304,,,,,,
182642499137000,63736697821183,106,-4992,1312,-1696,521216,-37696,24768,,,,,,
182642500130200,63736698821433,107,-4736,1312,-2496,523264,-39296,23680,,,,,,
182642501125400,63736699821141,108,-4800,1344,-2592,523328,-38208,26176,,,,,,
182642502125700,63736700821225,109,-4992,1152,-2304,520000,-38848,25600,,,,,,
182642503126700,63736701821225,110,-5472,1408,-2624,521856,-39424,24768,,,,,,
182642504134300,63736702820933,111,-5024,1728,-2240,523264,-42816,28160,,,,,,
182642505136700,63736703822475,112,-4736,704,-2016,521024,-40320,26624,,,,,,
182642506138200,63736704822600,113,-4416,1312,-2112,519104,-38912,25984,,,,,,
182642507138300,63736705820933,114,-5152,1312,-2560,522048,-39872,25344,,,,,,
182642508140200,63736706820975,115,-5088,1056,-3104,522240,-40576,24640,,,,,,
182642509143400,63736707821141,116,-5184,1056,-2304,522176,-39040,26880,,,,,,
182642510127500,63736708821141,117,-4896,1344,-2752,523968,-39744,22528,,,,,,
182642511144500,63736709821141,118,-4896,1152,-2688,520960,-38592,27008,,,,,,
182642512143200,63736710821100,119,-4736,1216,-1792,522048,-40896,25984,,,,,,
182642513143100,63736711821141,120,-4416,1088,-2272,522176,-40256,26624,,,,,,
182642514152000,63736712821016,121,-4608,992,-2016,521408,-39040,25344,,,,,,
182642515144100,63736713821016,122,-5408,1408,-2336,521024,-40000,25152,,,,,,
182642516146700,63736714821350,123,-4352,1216,-2016,520768,-40000,24064,,,,,,
182642517142800,63736715822600,124,-5152,896,-2464,522752,-39424,24832,,,,,,
182642518142100,63736716821058,125,-4992,1376,-2944,523136,-38848,24320,,,,,,
182642519151400,63736717821100,126,-5184,1024,-2784,521344,-41664,26752,,,,,,
182642520154800,63736718821183,127,-4768,1536,-2112,522752,-41344,27712,,,,,,
182642521145600,63736719821058,128,-4608,1088,-2176,521984,-41344,24320,,,,,,
182642522144800,63736720821266,129,-4480,1472,-2336,520960,-40896,26240,,,,,,
182642523143900,63736721821266,130,-4512,896,-1728,521344,-38528,26176,,,,,,
182642524142400,63736722821058,131,-4864,1216,-2400,521024,-39616,26048,,,,,,
182642525139100,63736723821058,132,-4704,1888,-2688,523712,-40128,24960,,,,,,
182642526140400,63736724821100,133,-5568,1216,-2432,521664,-39232,26112,,,,,,
182642527142100,63736725821058,134,-4768,928,-2336,521152,-38784,26496,,,,,,
182642528142000,63736726821183,135,-4768,1216,-1536,523136,-38272,26176,,,,,,
182642529137900,63736727821266,136,-4800,1248,-2656,521600,-40128,26624,,,,,,
182642530138200,63736728821100,137,-4672,1600,-2720,524416,-40320,26752,,,,,,
182642531176000,63736729821225,138,-4896,1024,-1760,522112,-39936,27712,,,,,,
182642532133100,63736730821933,139,-4704,1248,-2560,522624,-39232,26624,,,,,,
182642533140200,63736731821183,140,-4544,1312,-2624,521152,-39936,26624,,,,,,
182642534142600,63736732820933,141,-4736,1408,-2080,521344,-39872,26048,,,,,,
182642535144000,63736733821058,142,-4416,1216,-2016,522688,-39360,28160,,,,,,
182642536151700,63736734821058,143,-5152,1184,-2240,521088,-38528,25152,,,,,,
182642537253000,63736735825225,144,-4992,1312,-2208,523200,-38016,24896,,,,,,
182642538145700,63736736822433,145,-5312,1408,-2880,522240,-39168,26240,,,,,,
182642539137800,63736737821100,146,-4768,544,-1760,522304,-40320,25536,,,,,,
182642540130000,63736738821225,147,-5280,1568,-2112,523008,-39680,25024,,,,,,
182642541132700,63736739821100,148,-4992,1440,-2528,521152,-40640,27840,,,,,,
182642542127700,63736740821558,149,-4992,1440,-2656,522496,-41664,25600,,,,,,
182642543139200,63736741821183,150,-4576,1376,-2656,522176,-40192,26496,,,,,,
182642544145800,63736742821058,151,-4768,928,-2272,520192,-40448,25728,,,,,,
182642545134800,63736743822516,152,-4512,1184,-2144,522496,-39296,25152,,,,,,
182642546144500,63736744821266,153,-4928,1184,-2208,521792,-38912,26176,,,,,,
182642547131500,63736745820766,154,-4896,1504,-2432,522432,-41408,27008,,,,,,
182642548130200,63736746821141,155,-4800,1312,-2400,522880,-40448,25024,,,,,,
182642549133700,63736747821183,156,-4512,1408,-2304,521152,-39424,24896,,,,,,
182642550131800,63736748821225,157,-4576,832,-2720,521024,-39360,27136,,,,,,
182642551140100,63736749821141,158,-4960,1024,-1664,522496,-40256,25472,,,,,,
182642552138400,63736750821183,159,-5216,1504,-2656,522944,-40192,25216,,,,,,
182642553139300,63736751821266,160,-4384,1216,-2112,522944,-40576,26496,,,,,,
182642554127200,63736752821100,161,-4672,1280,-2336,520576,-40576,25856,,,,,,
182642555128300,63736753821058,162,-4896,992,-2560,520640,-41088,25472,,,,,,
182642556140100,63736754821100,163,-4000,1568,-2592,520320,-40832,27456,,,,,,
182642557139900,63736755821141,164,-5120,1472,-1856,522880,-39296,24064,,,,,,
182642558133800,63736756821641,165,-4352,992,-2560,521728,-39552,28224,,,,,,
182642559127200,63736757823141,166,-4352,960,-2272,522048,-40512,27072,,,,,,
182642560130100,63736758822058,167,-4544,1184,-2688,521024,-41600,25856,,,,,,
182642561137900,63736759821100,168,-5312,1216,-2592,522304,-39744,25600,,,,,,
182642562144700,63736760823975,169,-4000,1312,-2336,523328,-39936,27008,,,,,,
182642563147700,63736761821141,170,-4672,1216,-2048,524224,-40704,25088,,,,,,
182642564135300,63736762821766,171,-4384,1568,-2496,521728,-40192,25152,,,,,,
182642565140000,63736763821766,172,-4768,1344,-2144,522176,-40960,25664,,,,,,
182642566138800,63736764821183,173,-5152,1344,-2368,522368,-38336,23552,,,,,,
182642567137900,63736765821600,174,-5280,1152,-2656,522496,-43008,27136,,,,,,
182642568138300,63736766821600,175,-4352,1184,-2464,522816,-40000,28928,,,,,,
182642569133800,63736767821183,176,-4608,1120,-2528,522560,-40512,25600,,,,,,
182642570137900,63736768821266,177,-4576,1312,-2336,523136,-39424,25216,,,,,,
182642571139100,63736769821100,178,-5088,1024,-2400,523456,-41408,25344,,,,,,
182642572137900,63736770821350,179,-4896,1344,-1952,521088,-38720,27008,,,,,,
182642573249500,63736771821975,180,-5280,1760,-2304,521792,-41984,25728,,,,,,
182642574145000,63736772821141,181,-4896,1152,-2688,523008,-40640,26752,,,,,,
182642575148600,63736773821600,182,-4992,1376,-2080,521600,-40960,25152,,,,,,
182642576141200,63736774822725,183,-4416,1312,-1856,521856,-40896,27520,,,,,,
182642577141600,63736775821016,184,-4640,1344,-3104,521472,-41600,26112,,,,,,
182642578143200,63736776821058,185,-5376,1312,-2720,521920,-39552,26112,,,,,,
182642579130000,63736777821058,186,-4288,1568,-2112,521792,-39488,26624,,,,,,
182642580131100,63736778821225,187,-5024,1216,-2240,523072,-39040,28736,,,,,,
182642581134600,63736779821183,188,-4928,1344,-2368,524480,-41344,25792,,,,,,
182642582137300,63736780822891,189,-5408,1344,-2560,522368,-39360,26304,,,,,,
182642583149900,63736781821266,190,-4576,1536,-2464,523328,-40896,26304,,,,,,
182642584323900,63736782821058,191,-4608,1696,-2272,523328,-39488,26304,,,,,,
182642585149800,63736783821016,192,-4256,1280,-2272,521152,-40896,27520,,,,,,
182642586153700,63736784821225,193,-4544,1600,-2304,522112,-39744,27008,,,,,,
182642587143600,63736785821141,194,-4736,1216,-1952,522048,-38656,25216,,,,,,
182642588139100,63736786821891,195,-4704,1024,-2112,523712,-39744,27136,,,,,,
182642589140400,63736787821141,196,-4736,1152,-2432,521280,-41856,26496,,,,,,
182642590139400,63736788821141,197,-4128,1280,-2688,523008,-39488,23424,,,,,,
182642591142700,63736789820975,198,-4928,800,-2144,523136,-40256,23488,,,,,,
182642592138700,63736790820766,199,-5184,1440,-1920,522432,-38848,27072,,,,,,
182642593238500,63736791821266,200,-4736,1312,-2816,521088,-41984,27840,,,,,,
182642594143500,63736792823683,201,-4352,1568,-2144,521408,-41152,27392,,,,,,
182642595146500,63736793826308,202,-5376,1472,-2656,523328,-39040,23616,,,,,,
182642596160500,63736794827516,203,-4896,1312,-1888,521280,-39552,25664,,,,,,
182642597270500,63736795830141,204,-5120,1440,-2784,521344,-41152,26624,,,,,,
182642598300300,63736796832558,205,-4800,1376,-2656,522304,-39296,24320,,,,,,
182642599143200,63736797826975,206,-4448,832,-1920,521600,-40640,27264,,,,,,
182642600142800,63736798823391,207,-4576,1632,-2624,520896,-40704,26880,,,,,,
182642601143300,63736799826225,208,-4672,1408,-2752,523200,-39488,26112,,,,,,
182642602141800,63736800825225,209,-5120,1408,-2400,521792,-38400,26368,,,,,,
182642603131100,63736801828100,210,-4672,1376,-1888,522176,-40192,26304,,,,,,
182642604142900,63736802831475,211,-4480,1408,-2592,521536,-39552,27456,,,,,,
182642605134300,63736803831183,212,-4416,768,-2624,520832,-38208,26560,,,,,,
182642606132500,63736804822808,213,-4672,1472,-2144,522176,-38784,25408,,,,,,
182642607150900,63736805824016,214,-4832,1344,-2144,522176,-40512,27328,,,,,,
182642608137800,63736806825975,215,-4992,1408,-2272,522240,-40128,24704,,,,,,
182642609133200,63736807828600,216,-5088,2048,-2656,522560,-37504,25984,,,,,,
182642610141100,63736808826391,217,-5024,1408,-3104,522176,-40064,27264,,,,,,
182642611134500,63736809827266,218,-5056,1600,-2304,519936,-40384,24320,,,,,,
182642612137900,63736810824475,219,-4928,1056,-2016,520704,-39360,25728,,,,,,
182642613134000,63736811828891,220,-4576,1376,-1824,521408,-38400,28416,,,,,,
182642614132800,63736812826100,221,-4800,1472,-2560,521792,-39360,27392,,,,,,
182642615139200,63736813824225,222,-4448,800,-2208,522048,-40320,27712,,,,,,
182642616334200,63736814829141,223,-5088,1472,-2464,522176,-38528,25920,,,,,,
182642617143100,63736815827933,224,-4256,1376,-2272,522368,-39808,26944,,,,,,
182642618141900,63736816825058,225,-4640,1312,-2464,521600,-40384,27584,,,,,,
182642619132100,63736817823891,226,-4832,1216,-2496,520512,-39616,26816,,,,,,
182642620128400,63736818828600,227,-4992,1376,-2816,522688,-39360,25984,,,,,,
182642621145700,63736819826308,228,-4544,928,-2272,520640,-40512,26560,,,,,,
182642622142600,63736820824766,229,-5312,1024,-2144,523456,-40640,26944,,,,,,
182642623138600,63736821824891,230,-4608,1280,-2624,520704,-40576,26496,,,,,,
182642624140300,63736822826808,231,-5344,1376,-2848,522368,-41088,25472,,,,,,
182642625147200,63736823825766,232,-4704,960,-1952,523136,-40832,26560,,,,,,
182642626140200,63736824825766,233,-5120,1664,-2496,521344,-40576,27008,,,,,,
182642627146800,63736825826516,234,-5088,1504,-2304,523776,-39744,25600,,,,,,
182642628147700,63736826826183,235,-4128,1280,-1760,522240,-40192,27968,,,,,,
182642629139800,63736827827641,236,-4736,1184,-2688,521472,-40128,28352,,,,,,
182642630142100,63736828828475,237,-4864,1568,-2048,522816,-41088,25856,,,,,,
182642631139000,63736829823516,238,-4896,1664,-1920,522432,-39040,23488,,,,,,
182642632136700,63736830825683,239,-4448,1536,-2016,521920,-40320,26944,,,,,,
182642633138800,63736831826808,240,-4704,960,-2080,522112,-39616,27008,,,,,,
182642634137100,63736832833725,241,-4768,1024,-3136,522048,-40896,25792,,,,,,
182642635140600,63736833827850,242,-4768,1472,-2656,520320,-39936,23936,,,,,,
182642636149000,63736834831850,243,-4864,1088,-2816,521856,-39360,23552,,,,,,
182642637153800,63736835824725,244,-4896,1056,-2176,520064,-39104,28160,,,,,,
182642638139600,63736836827475,245,-4896,1248,-2624,523328,-39872,27712,,,,,,
182642639137000,63736837824808,246,-5344,1216,-2560,522688,-39680,25600,,,,,,
182642640138800,63736838825350,247,-5248,1440,-2528,520448,-40128,26496,,,,,,
182642641136900,63736839824308,248,-4928,1312,-2752,521408,-40000,26944,,,,,,
182642642145200,63736840826516,249,-4864,1376,-2432,521408,-39424,27584,,,,,,
182642643137900,63736841822808,250,-4704,1280,-2304,522368,-38528,24448,,,,,,
182642644136500,63736842822141,251,-5376,736,-2272,521280,-40384,25664,,,,,,
182642645138400,63736843826058,252,-5216,1344,-2944,520832,-40576,26368,,,,,,
182642646145700,63736844826058,253,-5024,1632,-2720,522368,-40256,28032,,,,,,
182642647141100,63736845828475,254,-5184,1216,-2752,521984,-40128,24832,,,,,,
182642648145700,63736846827558,255,-5344,896,-2880,521408,-39488,27584,,,,,,
182642649138900,63736847827933,0,-5344,1504,-2400,520704,-39616,28160,,,,,,
182642650140000,63736848823058,1,-4352,928,-2272,520576,-40448,28096,,,,,,
182642651139100,63736849823308,2,-5248,1408,-2112,520576,-40832,26752,,,,,,
182642652143800,63736850820975,3,-4736,1088,-2400,522112,-38528,25152,,,,,,
182642653140000,63736851821058,4,-4864,1280,-2880,520256,-41600,24960,,,,,,
182642654141900,63736852821141,5,-4608,1248,-2240,523200,-41536,26240,,,,,,
182642655138200,63736853820975,6,-5088,704,-2848,521024,-40896,25536,,,,,,
182642656138000,63736854821266,7,-5408,896,-2336,520576,-39936,27008,,,,,,
182642657138600,63736855821225,8,-4832,1408,-2368,523200,-39360,24704,,,,,,
182642658150900,63736856822100,9,-4576,1312,-2272,520640,-39616,25856,,,,,,
182642659126400,63736857822600,10,-4960,1056,-2528,520704,-40576,27456,,,,,,
182642660128000,63736858821141,11,-5120,1184,-2816,520000,-40320,28352,,,,,,
182642661151100,63736859821058,12,-4832,1728,-2048,522624,-41280,27392,,,,,,
182642662149100,63736860821016,13,-4544,1024,-2784,523520,-40384,25216,,,,,,
182642663137500,63736861821266,14,-4096,1056,-2400,520896,-40768,26496,,,,,,
182642664142200,63736862821225,15,-4960,1088,-1792,522432,-39744,26880,,,,,,
182642665139100,63736863822058,16,-4256,1536,-2176,522048,-38464,27712,,,,,,
182642666140000,63736864822725,17,-4640,1216,-2272,521216,-38144,26176,,,,,,
182642667140200,63736865821808,18,-4928,896,-2464,522432,-39040,26752,,,,,,
182642668145600,63736866822308,19,-4768,864,-1728,521088,-38528,26112,,,,,,
182642669144000,63736867821350,20,-4800,1376,-2304,522368,-39872,26112,,,,,,
182642670156300,63736868821058,21,-5280,1376,-3232,521216,-41152,25728,,,,,,
182642671141900,63736869821141,22,-4352,896,-1984,520320,-39424,25536,,,,,,
182642672133300,63736870821016,23,-4896,928,-2464,520128,-38400,26880,,,,,,
182642673127600,63736871821266,24,-4736,1184,-1888,521792,-39872,26880,,,,,,
182642674127000,63736872821058,25,-4672,1568,-2688,521408,-40704,26176,,,,,,
182642675139100,63736873820850,26,-4576,1696,-2912,522496,-39872,24128,,,,,,
182642676136900,63736874821183,27,-4288,1312,-2016,521408,-40768,27456,,,,,,
182642677140600,63736875821058,28,-5312,1088,-1600,520576,-40832,28544,,,,,,
182642678142100,63736876820808,29,-4704,640,-2080,522112,-38912,24576,,,,,,
182642679135000,63736877821308,30,-4384,832,-1568,521792,-40896,28160,,,,,,
182642680132800,63736878821933,31,-4704,1088,-2400,520576,-38656,28608,,,,,,
182642681139300,63736879821058,32,-4800,1344,-1856,521344,-37888,24256,,,,,,
182642682142400,63736880820975,33,-4000,1184,-2784,520640,-39872,27072,,,,,,
182642683142300,63736881823683,34,-4960,1216,-2368,522944,-39232,27584,,,,,,
182642684149100,63736882821183,35,-4512,992,-2336,521856,-41472,23872,,,,,,
182642685138100,63736883821225,36,-4832,1408,-2368,520640,-39488,28928,,,,,,
182642686135900,63736884821183,37,-4832,1216,-2688,521856,-38720,25024,,,,,,
182642687138300,63736885821100,38,-4608,704,-2528,521856,-40384,23872,,,,,,
182642688135800,63736886821058,39,-4736,1344,-1984,523072,-39104,25664,,,,,,
182642689126800,63736887821850,40,-4928,1536,-1856,520256,-39808,23872,,,,,,
182642690132400,63736888821100,41,-4896,1248,-2848,521920,-39552,26368,,,,,,
182642691131900,63736889821017,42,-4928,1216,-2112,522816,-40512,24960,,,,,,
182642692131600,63736890821183,43,-4672,1216,-2336,521792,-40960,23616,,,,,,
182642693137400,63736891821058,44,-4608,1184,-2304,522688,-40192,26496,,,,,,
182642694138800,63736892821142,45,-4928,1504,-2848,521920,-40640,26368,,,,,,
182642695135300,63736893820975,46,-3872,1088,-1856,520640,-40256,23936,,,,,,
182642696141300,63736894821267,47,-4608,1216,-2688,522112,-38976,27328,,,,,,
182642697140200,63736895821100,48,-4160,1344,-2016,522880,-38528,25536,,,,,,
182642698139500,63736896821183,49,-4096,1184,-2464,520640,-41216,27840,,,,,,
182642699139700,63736897820975,50,-4544,1056,-2240,523648,-41600,24256,,,,,,
182642700139000,63736898821142,51,-4512,1216,-2016,521024,-39296,28096,,,,,,
182642701139100,63736899821142,52,-4896,1152,-3168,521344,-39296,27200,,,,,,
182642702138600,63736900820975,53,-4768,1504,-2464,521408,-37952,31424,,,,,,
182642703144400,63736901821183,54,-4576,1152,-2720,520896,-41152,25280,,,,,,
182642704144700,63736902821142,55,-4864,1408,-1952,523712,-39104,27008,,,,,,
182642705137900,63736903820683,56,-5152,1056,-2240,521792,-39744,24640,,,,,,
182642706145900,63736904821267,57,-4736,1312,-2272,521856,-39104,26688,,,,,,
182642707143100,63736905821017,58,-5088,928,-2208,522816,-40128,27904,,,,,,
182642708130800,63736906821183,59,-5184,1472,-3072,519936,-37952,27456,,,,,,
182642709143400,63736907821183,60,-4256,928,-2432,522880,-37888,25344,,,,,,
182642710142400,63736908821225,61,-5216,1664,-2272,523136,-37888,26368,,,,,,
182642711139800,63736909821100,62,-4640,1312,-2080,520512,-39936,25344,,,,,,
182642712130800,63736910822308,63,-4896,1280,-1984,521984,-40896,25536,,,,,,
182642713132200,63736911821142,64,-4896,1280,-2432,520960,-40832,25792,,,,,,
182642714131800,63736912821100,65,-5568,1792,-2656,522752,-39040,22912,,,,,,
182642715131300,63736913821683,66,-4512,1024,-2304,521408,-38592,26304,,,,,,
182642716281800,63736914825600,67,-4992,1568,-2400,521408,-39168,26624,,,,,,
182642717144500,63736915821017,68,-4896,1568,-2144,522624,-39296,27712,,,,,,
182642718144700,63736916821058,69,-4864,1344,-2048,522432,-40320,29888,,,,,,
182642719148600,63736917821017,70,-5216,1056,-1792,520896,-39872,27136,,,,,,
182642720153600,63736918822225,71,-5792,1312,-2880,522624,-38592,24704,,,,,,
182642721144300,63736919821100,72,-4960,1472,-2336,523840,-41728,27584,,,,,,
182642722138800,63736920821017,73,-4608,1376,-2080,522496,-40960,26368,,,,,,
182642723149800,63736921821350,74,-4864,1408,-2624,522112,-39744,27264,,,,,,
182642724137500,63736922821142,75,-4864,1504,-2912,521792,-41792,28352,,,,,,
182642725141300,63736923820850,76,-4384,1152,-2336,522688,-40128,25984,,,,,,
182642726139200,63736924821267,77,-4640,1536,-1984,521344,-40192,25728,,,,,,
182642727143300,63736925821142,78,-5184,1248,-2656,521472,-40640,26624,,,,,,
182642728137300,63736926821100,79,-4736,1120,-2944,521216,-40512,25408,,,,,,
182642729147000,63736927822017,80,-4800,1504,-2848,523200,-39360,26624,,,,,,
182642730146400,63736928821100,81,-4896,1600,-2272,522688,-40704,27904,,,,,,
182642731139000,63736929821058,82,-4864,1344,-2432,523200,-39488,25984,,,,,,
182642732140400,63736930821100,83,-4992,1184,-2784,522240,-41856,24768,,,,,,
182642733138400,63736931821183,84,-4800,960,-2240,521728,-40256,25600,,,,,,
182642734138300,63736932821142,85,-4448,1344,-2208,521152,-38528,26304,,,,,,
182642735145300,63736933821100,86,-5216,1344,-3520,521792,-39424,24000,,,,,,
182642736144600,63736934821183,87,-4896,1312,-2720,521216,-39744,26560,,,,,,
182642737148300,63736935821225,88,-4544,960,-2208,521152,-38080,27200,,,,,,
182642738139700,63736936821100,89,-4704,1184,-2272,523584,-39872,26880,,,,,,
182642739149600,63736937821517,90,-4704,1216,-2816,521600,-39808,28864,,,,,,
182642740155800,63736938821183,91,-4576,1088,-2112,522112,-39744,27584,,,,,,
182642741144300,63736939821058,92,-4672,1440,-2528,521408,-39296,25792,,,,,,
182642742137700,63736940820975,93,-5184,1312,-3136,521152,-39360,25920,,,,,,
182642743148000,63736941821225,94,-4416,1280,-2368,522240,-40512,26944,,,,,,
182642744142100,63736942821058,95,-4928,1568,-2080,522176,-39232,26688,,,,,,
182642745140700,63736943821058,96,-4960,1216,-2368,519808,-38272,27456,,,,,,
182642746162300,63736944822725,97,-5024,1440,-2624,523200,-40896,25216,,,,,,
182642747141200,63736945821975,98,-4704,1280,-2560,519680,-40128,27328,,,,,,
182642748146700,63736946821142,99,-4256,1472,-2624,521792,-39360,26624,,,,,,
182642749156800,63736947820933,100,-4928,1376,-2656,524800,-39424,24384,,,,,,
182642750153300,63736948821100,101,-4416,992,-2528,522240,-41216,27456,,,,,,
182642751141000,63736949821225,102,-4608,1440,-2208,521344,-41088,27584,,,,,,
182642752142000,63736950822517,103,-4864,1184,-1888,523200,-39360,22656,,,,,,
182642753142600,63736951821225,104,-4544,1312,-2208,520960,-39936,27520,,,,,,
182642754145600,63736952821100,105,-5248,1568,-2976,522176,-40000,24576,,,,,,
182642755145900,63736953821100,106,-4608,1344,-1984,521984,-38080,26432,,,,,,
182642756130500,63736954821183,107,-4128,1376,-2016,521728,-40640,26112,,,,,,
182642757142000,63736955821517,108,-4448,1184,-2592,520960,-39744,26048,,,,,,
182642758141400,63736956821142,109,-4448,1248,-1984,523520,-39104,24064,,,,,,
182642759156100,63736957820892,110,-5472,1536,-2880,520320,-40448,27840,,,,,,
182642760140000,63736958821225,111,-4672,1440,-2560,522368,-39424,23488,,,,,,
182642761150500,63736959821058,112,-4672,1152,-2464,521280,-39808,26112,,,,,,
182642762143800,63736960820975,113,-4192,1120,-2592,523392,-39936,25600,,,,,,
182642763142700,63736961822308,114,-4768,1280,-2560,522752,-38528,26688,,,,,,
182642764141300,63736962821017,115,-4832,1056,-2464,519744,-39488,25792,,,,,,
182642765141600,63736963821017,116,-4256,1376,-3008,522816,-39040,25344,,,,,,
182642766144200,63736964821308,117,-4800,1280,-2496,522368,-39232,26112,,,,,,
182642767144500,63736965822433,118,-5024,1184,-3136,520768,-40448,28416,,,,,,
182642768142800,63736966821183,119,-5024,1504,-3008,520768,-40512,25088,,,,,,
182642769145800,63736967821558,120,-4224,992,-1952,522816,-38464,26176,,,,,,
182642770144200,63736968821267,121,-5056,1856,-2752,522624,-39936,23104,,,,,,
182642771146500,63736969821058,122,-4544,1184,-2496,522048,-40320,25024,,,,,,
182642772142300,63736970821183,123,-4448,1376,-2496,520512,-39424,25280,,,,,,
182642773142800,63736971821267,124,-4672,1664,-2912,520768,-38080,28608,,,,,,
182642774144500,63736972820975,125,-4128,1120,-2048,522560,-39616,27072,,,,,,
182642775144400,63736973821100,126,-5248,1600,-2784,521856,-39232,27904,,,,,,
182642776141100,63736974821267,127,-4832,1824,-2464,522432,-41024,24320,,,,,,
182642777143100,63736975820725,128,-4384,1024,-2624,522240,-39744,27520,,,,,,
182642778145300,63736976821142,129,-4448,1120,-2112,520320,-40768,23104,,,,,,
182642779144300,63736977820933,130,-4512,1024,-2720,523264,-40768,25984,,,,,,
182642780278600,63736978821183,131,-4768,1312,-2176,523456,-40384,26304,,,,,,
182642781142900,63736979821017,132,-4512,1536,-2592,520832,-39360,24960,,,,,,
182642782137400,63736980820933,133,-4960,1472,-2560,522496,-40768,26368,,,,,,
182642783157800,63736981821100,134,-5184,1216,-2304,522304,-40320,28160,,,,,,
182642784138100,63736982821017,135,-5184,1472,-2112,521728,-40384,26560,,,,,,
182642785152400,63736983821058,136,-4896,1056,-2240,520896,-39808,25344,,,,,,
182642786147000,63736984821350,137,-5280,1600,-2880,522176,-39616,28096,,,,,,
182642787142900,63736985821142,138,-4992,1184,-2208,522624,-38976,27456,,,,,,
182642788139400,63736986820933,139,-4960,1536,-2848,520576,-38208,27328,,,,,,
182642789135300,63736987820933,140,-4800,1344,-2944,522816,-39488,26304,,,,,,
182642790146600,63736988821183,141,-5408,1632,-2880,523072,-41152,26624,,,,,,
182642791148800,63736989821017,142,-4576,896,-2560,522816,-38720,26304,,,,,,
182642792133800,63736990821142,143,-5184,1280,-2656,522304,-40000,25920,,,,,,
182642793135600,63736991824475,144,-5152,1408,-2208,520640,-39936,24320,,,,,,
182642794143000,63736992821100,145,-4640,1152,-1920,522752,-40000,27712,,,,,,
182642795141200,63736993822475,146,-4672,1344,-2368,520576,-40384,24384,,,,,,
182642796136300,63736994820850,147,-4672,1344,-2272,523840,-41024,25088,,,,,,
182642797131100,63736995821142,148,-4864,736,-1856,522560,-41536,25792,,,,,,
182642798150400,63736996821183,149,-4992,1248,-2208,521088,-41728,27136,,,,,,
182642799140300,63736997821767,150,-4960,1280,-2528,521408,-41280,23360,,,,,,
182642800135700,63736998821058,151,-4608,1376,-2208,524032,-40576,27136,,,,,,
182642801139000,63736999820975,152,-5024,1152,-2368,521664,-39872,26944,,,,,,
182642802135600,63737000820975,153,-4256,1344,-2368,521408,-39744,26688,,,,,,
182642803138500,63737001821142,154,-5184,1408,-2816,523648,-39872,29184,,,,,,
182642804145400,63737002820933,155,-4032,864,-1856,521920,-41024,26944,,,,,,
182642805137600,63737003821058,156,-4800,1440,-1984,521472,-38976,26816,,,,,,
182642806141600,63737004821100,157,-4608,1312,-1824,521856,-39424,25536,,,,,,
182642807129700,63737005821142,158,-4608,1536,-3072,521152,-40000,27904,,,,,,
182642808134500,63737006821058,159,-4608,1056,-2400,522176,-39168,24000,,,,,,
182642809135800,63737007820933,160,-5024,1728,-2848,522240,-39936,28288,,,,,,
182642810141400,63737008821267,161,-4320,1472,-2624,521984,-40256,26304,,,,,,
182642811147300,63737009821017,162,-5248,1056,-2624,520448,-41600,25664,,,,,,
182642812144800,63737010820975,163,-4608,1568,-3072,522560,-39616,25792,,,,,,
182642813140700,63737011821058,164,-4800,1152,-2080,522432,-39936,26432,,,,,,
182642814140400,63737012823933,165,-4384,1376,-2304,521280,-39936,22848,,,,,,
182642815141100,63737013821100,166,-4576,1216,-1824,523008,-41024,25088,,,,,,
182642816142000,63737014821142,167,-4768,1184,-2688,521920,-39168,27456,,,,,,
182642817137800,63737015821225,168,-4704,1344,-2624,521856,-38272,26368,,,,,,
182642818138700,63737016821017,169,-4480,704,-2112,521856,-40704,26176,,,,,,
182642819142800,63737017820975,170,-4512,1280,-2528,521152,-39424,26560,,,,,,
182642820141900,63737018821183,171,-4512,1056,-2240,520960,-39808,27840,,,,,,
182642821144100,63737019820975,172,-4992,1216,-2656,523136,-41216,27456,,,,,,
182642822150500,63737020824058,173,-4576,960,-2368,520320,-40256,28800,,,,,,
182642823130500,63737021822350,174,-5152,1344,-2112,521728,-40576,27968,,,,,,
182642824131800,63737022821017,175,-4864,1344,-2560,522432,-38848,25920,,,,,,
182642825136800,63737023820933,176,-5056,1440,-2976,522944,-41920,24640,,,,,,
182642826143000,63737024820933,177,-4896,1312,-1504,519296,-38656,27840,,,,,,
182642827142700,63737025821308,178,-5280,1408,-2336,522688,-40128,27840,,,,,,
182642828147200,63737026820933,179,-4832,1216,-2336,520960,-39296,26496,,,,,,
182642829140400,63737027821017,180,-4960,1632,-1952,521600,-41856,25664,,,,,,
182642830139300,63737028822392,181,-4576,1120,-2336,521728,-39232,26560,,,,,,
182642831141400,63737029820933,182,-4864,1568,-3072,519744,-38720,27008,,,,,,
182642832135800,63737030821017,183,-4960,1024,-2240,522816,-40256,25664,,,,,,
182642833146100,63737031821142,184,-4768,1024,-2272,522432,-40640,25344,,,,,,
182642834136000,63737032821183,185,-5600,1312,-3264,522688,-39872,25472,,,,,,
182642835139900,63737033821017,186,-4512,608,-2464,522880,-40064,25152,,,,,,
182642836137400,63737034821808,187,-4768,1600,-2656,522240,-40192,26048,,,,,,
182642837145100,63737035821267,188,-4992,1280,-1824,521280,-40832,27584,,,,,,
182642838131900,63737036820975,189,-4992,1120,-2432,519808,-40000,27392,,,,,,
182642839139500,63737037821017,190,-4640,960,-2688,521472,-40064,26624,,,,,,
182642840140100,63737038821183,191,-4736,1600,-2592,521728,-39552,28096,,,,,,
182642841136800,63737039821850,192,-4736,1312,-2272,521920,-39616,24960,,,,,,
182642842146400,63737040821142,193,-4736,1568,-2176,521536,-40064,26624,,,,,,
182642843139500,63737041822558,194,-4832,1088,-2208,522496,-39232,25408,,,,,,
182642844131300,63737042821142,195,-4928,1088,-3072,522496,-38912,29952,,,,,,
182642845148100,63737043821100,196,-5056,1120,-2304,520320,-40640,24704,,,,,,
182642846147400,63737044820933,197,-4256,928,-2400,522560,-39936,25344,,,,,,
182642847136700,63737045821142,198,-4832,1280,-2208,524224,-38848,23872,,,,,,
182642848143100,63737046821058,199,-5056,1248,-3040,521792,-40192,26752,,,,,,
182642849148300,63737047820933,200,-4192,1280,-2080,522112,-39744,27904,,,,,,
182642850148300,63737048821142,201,-4224,928,-2272,521408,-40320,25920,,,,,,
182642851138000,63737049822850,202,-4800,1152,-2720,520896,-40704,27456,,,,,,
182642852140100,63737050822392,203,-4992,1184,-1984,521152,-37504,26880,,,,,,
182642853146600,63737051822850,204,-4992,1280,-2560,523264,-37888,25664,,,,,,
182642854139900,63737052821058,205,-4544,1312,-1600,522560,-38528,27136,,,,,,
182642855141000,63737053820975,206,-5120,1056,-2272,520832,-39552,26368,,,,,,
182642856131100,63737054821058,207,-4960,1440,-2784,521472,-39168,27008,,,,,,
182642857149800,63737055821058,208,-4864,1568,-2464,520768,-39552,24320,,,,,,
182642858134000,63737056824058,209,-4768,928,-2144,521920,-38720,25536,,,,,,
182642859135400,63737057820933,210,-4512,832,-1920,522048,-40384,24448,,,,,,
182642860145200,63737058821225,211,-4544,1184,-2112,521472,-38848,25856,,,,,,
182642861136100,63737059821100,212,-5472,1312,-2624,521472,-39168,28736,,,,,,
182642862137200,63737060821058,213,-5216,1216,-2272,520704,-40832,24832,,,,,,
182642863139900,63737061821267,214,-4992,1504,-2976,521856,-39296,26880,,,,,,
182642864153600,63737062821183,215,-4736,1248,-2240,521024,-40704,27648,,,,,,
182642865160300,63737063820933,216,-4416,1504,-2080,520448,-39936,26368,,,,,,
182642866138800,63737064821933,217,-4512,1408,-2400,523008,-39936,25088,,,,,,
182642867147900,63737065821142,218,-4704,1248,-2208,521984,-40832,24384,,,,,,
182642868152500,63737066823100,219,-5408,1408,-2400,523136,-39744,26048,,,,,,
182642869141300,63737067821100,220,-4544,1952,-2432,521600,-40448,26176,,,,,,
182642870145000,63737068821058,221,-5312,1088,-2080,522112,-41664,27072,,,,,,
182642871140400,63737069821058,222,-5472,1312,-2144,522240,-39040,25984,,,,,,
182642872146100,63737070820933,223,-5088,1696,-2432,520512,-40576,24192,,,,,,
182642873143800,63737071821100,224,-4096,1152,-1792,522752,-40960,25280,,,,,,
182642874137700,63737072821183,225,-5088,1088,-2432,522496,-39872,26560,,,,,,
182642875142000,63737073820975,226,-4768,1376,-2656,525696,-40448,28096,,,,,,
182642876141700,63737074820892,227,-4864,1344,-2240,521664,-41920,26304,,,,,,
182642877130900,63737075821058,228,-5376,1600,-2464,521664,-39680,23232,,,,,,
182642878142600,63737076821517,229,-4672,1280,-2208,523392,-40128,24000,,,,,,
182642879142800,63737077821017,230,-4512,1184,-2272,522048,-40576,27392,,,,,,
182642880138100,63737078821142,231,-4704,1216,-2016,522496,-42304,25536,,,,,,
182642881137900,63737079821183,232,-4640,800,-2208,522624,-40128,26752,,,,,,
182642882141900,63737080821058,233,-4512,1216,-2208,522368,-39936,27456,,,,,,
182642883138900,63737081821225,234,-4512,1568,-2528,521792,-39680,25856,,,,,,
182642884140700,63737082821142,235,-4448,1216,-2304,520256,-39360,27520,,,,,,
182642885133200,63737083821017,236,-4384,1472,-2368,521984,-39488,27136,,,,,,
182642886143200,63737084820975,237,-4672,1440,-2112,521472,-39552,24384,,,,,,
182642887136300,63737085821058,238,-4768,960,-1952,522560,-38016,26048,,,,,,
182642888139700,63737086821142,239,-4032,1120,-2560,521152,-39808,26688,,,,,,
182642889137100,63737087821017,240,-4800,1248,-2304,522816,-40000,26944,,,,,,
182642890138200,63737088821142,241,-4704,896,-1952,519872,-40768,30144,,,,,,
182642891141800,63737089821183,242,-4736,1632,-3104,520640,-40832,26432,,,,,,
182642892129100,63737090820975,243,-4672,800,-1632,522432,-40384,25920,,,,,,
182642893142500,63737091821600,244,-4992,1568,-2336,524672,-41536,26624,,,,,,
182642894144900,63737092821308,245,-4608,1152,-2144,521664,-40448,26368,,,,,,
182642895156100,63737093820892,246,-4512,864,-2304,521664,-40512,26752,,,,,,
182642896142600,63737094821100,247,-5312,1280,-2400,523456,-40576,26304,,,,,,
182642897153000,63737095821183,248,-4544,1280,-2272,521984,-39296,26816,,,,,,
182642898137500,63737096821600,249,-4960,1152,-2208,521472,-39104,25856,,,,,,
182642899139400,63737097820892,250,-4736,1216,-2880,522624,-39168,25472,,,,,,
182642900139500,63737098821600,251,-4480,1920,-2272,523712,-40768,25920,,,,,,
182642901139700,63737099821225,252,-4480,1152,-2304,520896,-40192,24448,,,,,,
182642902142000,63737100820975,253,-4896,1184,-2016,521216,-40064,25216,,,,,,
182642903140700,63737101821225,254,-4800,1056,-2880,521728,-38784,25472,,,,,,
182642904155000,63737102821058,255,-4416,1824,-2368,522112,-40384,27392,,,,,,
182642905136300,63737103820767,0,-4736,1216,-1920,522624,-40064,27840,,,,,,
182642906135000,63737104821142,1,-5216,1440,-2624,521152,-38720,27328,,,,,,
182642907136900,63737105821100,2,-4832,1280,-2112,522176,-39936,23808,,,,,,
182642908150100,63737106821058,3,-4864,1440,-2720,522816,-40256,26368,,,,,,
182642909141300,63737107820975,4,-5248,1376,-2624,523520,-39552,27520,,,,,,
182642910140000,63737108821975,5,-4800,1216,-2272,522240,-41856,26944,,,,,,
182642911140700,63737109824725,6,-4832,1120,-1888,522048,-40256,27200,,,,,,
182642912136600,63737110821017,7,-4800,1248,-1952,522240,-41984,25728,,,,,,
182642913141900,63737111821225,8,-5472,1248,-2592,524096,-38848,26816,,,,,,
182642914143900,63737112821142,9,-4832,1248,-2528,522240,-40576,28928,,,,,,
182642915140400,63737113823308,10,-3904,1472,-2432,522432,-39936,25408,,,,,,
182642916138200,63737114821058,11,-5152,832,-2848,521088,-39552,27072,,,,,,
182642917138300,63737115821100,12,-4672,1120,-3008,522176,-40832,27136,,,,,,
182642918143500,63737116822600,13,-4064,1568,-1664,520640,-43968,27904,,,,,,
182642919141400,63737117820975,14,-4544,1216,-2464,523136,-42304,27520,,,,,,
182642920123900,63737118821517,15,-5248,1184,-2272,521792,-41280,27008,,,,,,
182642921124900,63737119821892,16,-4640,768,-2496,524608,-39872,24704,,,,,,
182642922136600,63737120821017,17,-4928,1248,-2944,522176,-40512,26048,,,,,,
182642923135000,63737121821725,18,-4480,1376,-2048,522432,-40448,26176,,,,,,
182642924137300,63737122821017,19,-4832,1664,-2592,522944,-39808,26304,,,,,,
182642925137600,63737123820850,20,-5280,1024,-2496,522624,-40448,24832,,,,,,
182642926137100,63737124821058,21,-5216,1440,-3296,523776,-39360,26752,,,,,,
182642927148800,63737125821058,22,-4992,1440,-1984,522048,-39168,26624,,,,,,
182642928140600,63737126821267,23,-4736,1344,-2880,522496,-38080,27904,,,,,,
182642929139500,63737127821850,24,-4640,992,-2272,522560,-40832,27840,,,,,,
182642930141500,63737128823517,25,-5216,960,-3072,522816,-40256,24704,,,,,,
182642931198500,63737129821100,26,-4384,1120,-1728,521984,-38848,24320,,,,,,
182642932140500,63737130821058,27,-4736,1024,-2688,521408,-40064,25728,,,,,,
182642933134500,63737131821183,28,-4480,1088,-2368,521536,-39808,25792,,,,,,
182642934135900,63737132822517,29,-4640,896,-2976,523072,-39872,24896,,,,,,
182642935143400,63737133821100,30,-4896,1056,-2048,521600,-37824,28480,,,,,,
182642936140900,63737134820975,31,-4384,1408,-2432,521856,-42176,25856,,,,,,
182642937140400,63737135821392,32,-5120,1152,-1952,521728,-40000,27968,,,,,,
182642938148300,63737136821100,33,-4832,864,-2784,522624,-38016,25792,,,,,,
182642939145800,63737137821058,34,-4832,1280,-2784,523328,-39616,28032,,,,,,
182642940132100,63737138820933,35,-5024,1472,-2688,522240,-40000,26880,,,,,,
182642941135200,63737139821100,36,-4608,1120,-2016,519936,-41408,26752,,,,,,
182642942129300,63737140821017,37,-4512,1184,-2272,521408,-40512,27008,,,,,,
182642943129500,63737141821308,38,-4768,704,-2336,520000,-39872,26432,,,,,,
182642944135000,63737142821183,39,-5184,1152,-2560,521856,-39296,26368,,,,,,
182642945131900,63737143821183,40,-4704,1344,-2336,522432,-39936,26304,,,,,,
182642946139200,63737144820975,41,-4672,1184,-2880,522560,-39808,24768,,,,,,
182642947139800,63737145820892,42,-5088,704,-2656,522496,-40128,25216,,,,,,
182642948136900,63737146821850,43,-4512,1152,-2304,520704,-39808,24512,,,,,,
182642949130100,63737147820933,44,-4192,1632,-2400,522624,-39168,25216,,,,,,
182642950127600,63737148821267,45,-4928,1056,-2176,521728,-39872,23936,,,,,,
182642951139000,63737149821183,46,-4832,1216,-2656,521536,-39552,26176,,,,,,
182642952129200,63737150823475,47,-4480,1152,-2560,521600,-39232,26240,,,,,,
182642953142400,63737151821100,48,-4384,1344,-2880,521728,-40640,26304,,,,,,
182642954139500,63737152821100,49,-4608,1184,-1888,521792,-39040,26368,,,,,,
182642955138100,63737153821058,50,-4288,1152,-2944,521088,-38336,27392,,,,,,
182642956138000,63737154820975,51,-5120,1504,-2208,522176,-39872,26304,,,,,,
182642957137600,63737155821183,52,-5152,960,-2208,521920,-40000,28608,,,,,,
182642958136900,63737156821058,53,-4672,1344,-3168,522112,-40192,25728,,,,,,
182642959137200,63737157822225,54,-4544,1472,-2208,522304,-39104,25856,,,,,,
182642960139800,63737158821183,55,-5344,1312,-2656,520832,-39616,26624,,,,,,
182642961148400,63737159821017,56,-4640,1440,-2304,521600,-40576,28224,,,,,,
182642962140500,63737160820975,57,-4576,1216,-2112,521536,-38272,28160,,,,,,
182642963139100,63737161821017,58,-4352,1120,-2400,520704,-39744,26240,,,,,,
182642964143000,63737162821058,59,-4480,896,-2080,521728,-41216,27008,,,,,,
182642965126100,63737163821142,60,-4576,1472,-2624,522112,-40448,25920,,,,,,
182642966124100,63737164820933,61,-4736,1280,-1824,521792,-41536,25088,,,,,,
182642967137600,63737165821517,62,-4384,1056,-2688,523328,-39296,25088,,,,,,
182642968136100,63737166821267,63,-5152,1472,-2912,522048,-39424,28160,,,,,,
182642969134100,63737167820933,64,-5056,1184,-2080,521344,-39872,27456,,,,,,
182642970127100,63737168821350,65,-4832,672,-2528,520960,-39040,27328,,,,,,
182642971128000,63737169821058,66,-4800,1184,-2464,522688,-39552,28096,,,,,,
182642972131400,63737170821225,67,-4608,1088,-2816,522304,-39360,25088,,,,,,
182642973151000,63737171821100,68,-4352,1664,-2112,522176,-41216,26176,,,,,,
182642974137200,63737172821100,69,-4544,1472,-2208,522752,-39232,27008,,,,,,
182642975142500,63737173821100,70,-5312,1568,-2528,522624,-39936,25216,,,,,,
182642976139200,63737174821642,71,-4448,1440,-2304,520448,-40256,27840,,,,,,
182642977137000,63737175821683,72,-4768,1408,-2656,521856,-38464,26624,,,,,,
182642978138200,63737176821058,73,-3744,1568,-2112,522112,-40704,28032,,,,,,
182642979139200,63737177820892,74,-5024,1280,-2464,522368,-40640,25920,,,,,,
182642980138400,63737178821183,75,-5056,1280,-2304,523136,-40960,24768,,,,,,
182642981133200,63737179821225,76,-4960,1280,-2208,521664,-38464,27072,,,,,,
182642982123700,63737180820600,77,-4480,1024,-2528,521536,-40128,26368,,,,,,
182642983133400,63737181821017,78,-4512,1152,-2528,522752,-39040,22784,,,,,,
182642984144700,63737182821017,79,-5248,1536,-2624,521344,-40896,24576,,,,,,
182642985253000,63737183822183,80,-4736,1376,-2624,520704,-39552,25408,,,,,,
182642986135300,63737184820892,81,-4800,1664,-2848,520640,-41088,27200,,,,,,
182642987140100,63737185821350,82,-4800,1632,-1728,522432,-39872,27840,,,,,,
182642988141800,63737186821183,83,-4928,1728,-2048,522496,-39168,26240,,,,,,
182642989126000,63737187820892,84,-4576,1440,-2496,521024,-40064,26816,,,,,,
182642990139800,63737188822142,85,-4992,864,-1856,522496,-40704,27392,,,,,,
182642991139200,63737189821017,86,-5216,1408,-2752,522944,-40576,27072,,,,,,
182642992139400,63737190821058,87,-4736,960,-2272,523392,-38912,24448,,,,,,
182642993129200,63737191820892,88,-4800,1728,-2272,522688,-40448,26240,,,,,,
182642994139700,63737192821142,89,-4416,1280,-2240,522752,-40000,25152,,,,,,
182642995146600,63737193821142,90,-4928,1152,-2336,522240,-39936,26112,,,,,,
182642996138500,63737194821058,91,-4928,1664,-3104,522304,-38912,27072,,,,,,
182642997138000,63737195821142,92,-4512,1568,-3008,522880,-39680,25856,,,,,,
182642998146800,63737196821058,93,-4512,1312,-2528,522560,-39040,28928,,,,,,
182642999148900,63737197820808,94,-4480,1248,-2272,523008,-39424,25856,,,,,,
182643000139600,63737198821142,95,-4512,1504,-2048,522240,-39616,27072,,,,,,
182643001143500,63737199821058,96,-4800,1280,-2912,524352,-38720,28096,,,,,,
182643002141700,63737200822308,97,-4416,1344,-1952,522688,-39360,25920,,,,,,
182643003137800,63737201820975,98,-4384,1312,-1920,522816,-39680,26752,,,,,,
182643004142200,63737202821100,99,-4896,1600,-3200,522304,-40384,27840,,,,,,
182643005143100,63737203821183,100,-4640,1280,-2144,519936,-40768,24704,,,,,,
182643006144000,63737204820975,101,-4992,1248,-2496,521984,-39488,26560,,,,,,
182643007142700,63737205821225,102,-4832,1024,-2368,521600,-41088,25984,,,,,,
182643008135000,63737206821058,103,-4608,1248,-2624,521728,-39104,26560,,,,,,
182643009133500,63737207821975,104,-4704,1216,-2176,521408,-38080,25088,,,,,,
182643010141600,63737208821183,105,-5408,1152,-2432,522368,-38464,23488,,,,,,
182643011136100,63737209821600,106,-4704,1184,-2272,522624,-40896,25600,,,,,,
182643012132500,63737210821600,107,-4896,1472,-2848,522560,-40064,27648,,,,,,
182643013132600,63737211820767,108,-4032,1344,-2144,524096,-40896,26112,,,,,,
182643014136700,63737212821017,109,-5280,1088,-2272,524096,-39552,27008,,,,,,
182643015132700,63737213821017,110,-4640,1280,-2400,520192,-38592,25088,,,,,,
182643016136000,63737214820933,111,-4288,1376,-2464,522752,-39872,26432,,,,,,
182643017136500,63737215821225,112,-4576,1632,-2272,522624,-40576,28416,,,,,,
182643018138000,63737216821100,113,-4864,1408,-2112,522240,-39488,27520,,,,,,
182643019132400,63737217823267,114,-4384,1248,-2656,522496,-40576,27072,,,,,,
182643020141600,63737218820975,115,-4960,1248,-1984,521216,-39360,26560,,,,,,
182643021142700,63737219821058,116,-4896,1408,-2496,520384,-40832,22976,,,,,,
182643022141800,63737220821142,117,-4768,1664,-2944,523392,-39680,25536,,,,,,
182643023142800,63737221820933,118,-4544,1312,-2720,523264,-40128,26624,,,,,,
182643024144000,63737222820767,119,-4064,1664,-1984,521792,-38912,26112,,,,,,
182643025140900,63737223821100,120,-5184,1408,-2688,524288,-40640,26880,,,,,,
182643026141100,63737224821017,121,-4992,832,-2336,521600,-39168,24576,,,,,,
182643027134300,63737225821183,122,-4032,1536,-2688,523200,-38528,27520,,,,,,
182643028149900,63737226822183,123,-4992,1504,-2112,522880,-39040,25664,,,,,,
182643029144000,63737227821017,124,-5024,1344,-2976,521216,-41088,27648,,,,,,
182643030146900,63737228821142,125,-5024,1600,-2848,522112,-41664,26752,,,,,,
182643031143400,63737229820975,126,-4288,1376,-2496,522432,-38208,25984,,,,,,
182643032143500,63737230821058,127,-5024,960,-2144,521280,-41088,27008,,,,,,
182643033155300,63737231820892,128,-4704,1312,-2784,520960,-39680,28480,,,,,,
182643034144600,63737232822225,129,-4800,1152,-2656,523136,-39424,25088,,,,,,
182643035146700,63737233821017,130,-5024,1440,-2592,522752,-39296,26304,,,,,,
182643036161100,63737234820850,131,-4512,1568,-2784,523584,-39168,25728,,,,,,
182643037145400,63737235821183,132,-4448,1440,-2464,522560,-38400,27072,,,,,,
182643038141700,63737236821017,133,-4704,1632,-2912,521792,-38016,25088,,,,,,
182643039147100,63737237822433,134,-5120,1440,-2656,523840,-39296,26560,,,,,,
182643040127500,63737238821892,135,-4928,1344,-2368,521728,-39488,24128,,,,,,
182643041136000,63737239822267,136,-4640,1088,-1920,522368,-39488,26816,,,,,,
182643042138500,63737240821183,137,-5280,1280,-2720,522368,-38528,26752,,,,,,
182643043138500,63737241820933,138,-4352,1600,-1984,520448,-38016,27456,,,,,,
182643044134000,63737242821142,139,-4864,1280,-2944,521024,-39040,27776,,,,,,
182643045131100,63737243821058,140,-4640,1888,-2560,522944,-40384,26944,,,,,,
182643046130100,63737244820850,141,-4608,1152,-2208,522944,-39680,24768,,,,,,
182643047129500,63737245821183,142,-4864,1664,-3104,522112,-38464,26048,,,,,,
182643048126400,63737246821017,143,-4800,1344,-2752,522752,-39616,24704,,,,,,
182643049130400,63737247821017,144,-4928,1344,-2304,521856,-39616,25536,,,,,,
182643050125100,63737248820892,145,-4480,1888,-1952,521600,-41152,27008,,,,,,
182643051139300,63737249824183,146,-4672,1088,-2368,521216,-38592,26944,,,,,,
182643052131600,63737250821267,147,-4480,1440,-2080,520960,-38144,25408,,,,,,
182643053137100,63737251820892,148,-4800,1408,-2336,521024,-40576,27648,,,,,,
182643054136200,63737252821017,149,-4992,1728,-2400,522432,-39424,26752,,,,,,
182643055139100,63737253821058,150,-4704,992,-1856,522240,-40192,28608,,,,,,
182643056136200,63737254820975,151,-4864,1280,-2688,520832,-39808,26624,,,,,,
182643057138600,63737255821267,152,-4768,768,-1440,521344,-39360,26752,,,,,,
182643058140900,63737256821017,153,-4896,960,-1760,522496,-39488,25216,,,,,,
182643059150300,63737257822433,154,-4896,1472,-2208,522048,-39808,26688,,,,,,
182643060132300,63737258820850,155,-5120,1088,-2752,522880,-40576,28352,,,,,,
182643061153700,63737259821225,156,-5248,1152,-2080,520960,-39552,26688,,,,,,
182643062142900,63737260820975,157,-4928,1120,-2272,521728,-40384,26432,,,,,,
182643063138200,63737261821267,158,-4640,1024,-2400,521792,-41088,25472,,,,,,
182643064136200,63737262821808,159,-4832,928,-2560,519232,-38464,23168,,,,,,
182643065138700,63737263821142,160,-4960,1152,-2080,521088,-40448,26176,,,,,,
182643066132400,63737264820975,161,-4960,1344,-2144,521728,-40128,25856,,,,,,
182643067136300,63737265821058,162,-4960,1504,-2752,522880,-41088,26752,,,,,,
182643068147200,63737266822058,163,-4672,1440,-2272,520640,-39488,28608,,,,,,
182643069146700,63737267821017,164,-4544,1248,-2240,519744,-39616,26688,,,,,,
182643070139500,63737268820892,165,-5056,1280,-2720,519104,-39488,27136,,,,,,
182643071130000,63737269820767,166,-4704,1344,-2560,522368,-40512,27136,,,,,,
182643072144200,63737270821017,167,-4768,1312,-2080,521792,-38336,27264,,,,,,
182643073150700,63737271820892,168,-4608,1312,-2304,523072,-40768,27840,,,,,,
182643074136700,63737272821142,169,-5024,1312,-2560,521600,-39488,25728,,,,,,
182643075134500,63737273820975,170,-4512,960,-2656,522496,-41920,25600,,,,,,
182643076141100,63737274820933,171,-4640,896,-2304,522304,-38656,25984,,,,,,
182643077127900,63737275821142,172,-4512,1184,-2208,523520,-40000,29504,,,,,,
182643078133300,63737276821058,173,-5152,1088,-2688,521216,-40256,26112,,,,,,
182643079150600,63737277820933,174,-4512,1088,-2304,522368,-39040,26496,,,,,,
182643080145000,63737278820850,175,-4864,1600,-2176,522048,-39296,28096,,,,,,
182643081302800,63737279821017,176,-4512,1216,-2368,522560,-39232,24512,,,,,,
182643082257800,63737280821475,177,-4736,1216,-2752,522432,-40256,26944,,,,,,
182643083147000,63737281821017,178,-4960,1248,-2400,522880,-41600,25984,,,,,,
182643084141300,63737282821183,179,-4256,1088,-1792,522304,-40256,28032,,,,,,
182643085173100,63737283821058,180,-4864,1248,-2240,520896,-41408,26880,,,,,,
182643086134100,63737284820933,181,-4800,800,-2752,521600,-38784,24512,,,,,,
182643087145500,63737285821017,182,-4608,1344,-2816,521792,-40064,24832,,,,,,
182643088142600,63737286821433,183,-4832,1312,-2432,522816,-37888,26560,,,,,,
182643089136800,63737287822433,184,-4832,1056,-2336,521600,-39808,24896,,,,,,
182643090138400,63737288820892,185,-5184,1184,-2784,520576,-40768,26560,,,,,,
182643091137500,63737289821100,186,-4960,1376,-2336,521536,-39872,27584,,,,,,
182643092137900,63737290821017,187,-5024,1472,-3264,521088,-40704,27392,,,,,,
182643093144600,63737291822017,188,-4256,1120,-1856,521216,-39808,26560,,,,,,
182643094136300,63737292821100,189,-4960,1472,-2528,520192,-39424,24832,,,,,,
182643095140300,63737293821017,190,-4640,992,-2528,522816,-40832,26496,,,,,,
182643096145500,63737294821100,191,-5056,1152,-2656,521792,-38720,27200,,,,,,
182643097154900,63737295821183,192,-4736,1216,-2688,521984,-39936,24704,,,,,,
182643098134500,63737296820892,193,-4384,1344,-2400,520704,-40192,25344,,,,,,
182643099132600,63737297820975,194,-4608,1344,-1728,521792,-40384,26560,,,,,,
182643100134200,63737298820850,195,-5504,1120,-2816,524096,-38976,25408,,,,,,
182643101143000,63737299821100,196,-4736,1024,-2304,521728,-40576,25600,,,,,,
182643102147900,63737300821017,197,-4736,1600,-3328,521216,-41664,26752,,,,,,
182643103136900,63737301820683,198,-4416,1344,-2272,523008,-40320,26304,,,,,,
182643104135000,63737302821267,199,-4736,1280,-2176,523520,-41024,24512,,,,,,
182643105138800,63737303821017,200,-4032,1088,-2752,522880,-39936,26240,,,,,,
182643106143000,63737304821017,201,-4288,1184,-2592,521536,-39104,23808,,,,,,
182643107136500,63737305821142,202,-5088,1312,-2272,521088,-39680,25856,,,,,,
182643108137800,63737306820892,203,-4512,1568,-2656,520000,-39680,28672,,,,,,
182643109140400,63737307821017,204,-4832,1152,-3296,519872,-39936,26496,,,,,,
182643110141400,63737308820767,205,-4480,1568,-2336,521984,-40256,25664,,,,,,
182643111147700,63737309821100,206,-4960,1088,-2464,523712,-39488,25728,,,,,,
182643112138800,63737310823017,207,-4736,1408,-2208,522752,-40640,24000,,,,,,
182643113144000,63737311822850,208,-4736,1216,-2880,523392,-39424,26112,,,,,,
182643114152100,63737312822642,209,-4800,1408,-2240,520128,-39168,27136,,,,,,
182643115131000,63737313821058,210,-4512,1280,-2560,522304,-39616,25920,,,,,,
182643116141300,63737314821142,211,-4480,1120,-2368,521984,-40448,25024,,,,,,
182643117143100,63737315821142,212,-4704,1152,-2464,523200,-39872,25792,,,,,,
182643118281100,63737316821475,213,-4768,1216,-2336,519744,-39104,27968,,,,,,
182643119134400,63737317820975,214,-5024,1536,-2208,519808,-41984,26048,,,,,,
182643120175500,63737318820850,215,-5184,1344,-2944,520512,-40576,25536,,,,,,
182643121147000,63737319821183,216,-4992,1504,-2720,521152,-40000,25024,,,,,,
182643122137100,63737320821017,217,-4768,1376,-2240,522112,-39104,25728,,,,,,
182643123133200,63737321823100,218,-4864,1472,-3040,521664,-39488,28736,,,,,,
182643124135000,63737322821142,219,-4992,1216,-2656,523264,-39808,24960,,,,,,
182643125142300,63737323821017,220,-5024,896,-1568,522432,-40768,25344,,,,,,
182643126142100,63737324820933,221,-4864,1344,-2080,520128,-39104,26624,,,,,,
182643127132500,63737325821183,222,-5280,1504,-3072,520192,-39296,24960,,,,,,
182643128144200,63737326821058,223,-4928,1152,-1728,522880,-40704,27264,,,,,,
182643129141400,63737327821183,224,-4320,864,-2112,519424,-40704,27136,,,,,,
182643130140800,63737328822100,225,-5536,1408,-2592,520320,-39936,24192,,,,,,
182643131142700,63737329821142,226,-5056,1408,-2240,522240,-39680,25216,,,,,,
182643132143000,63737330821100,227,-5312,1632,-2720,520512,-39680,26176,,,,,,
182643133145200,63737331822308,228,-4736,1472,-1856,521216,-39680,25920,,,,,,
182643134161900,63737332821142,229,-4992,1600,-2624,521920,-39488,24192,,,,,,
182643135139500,63737333821058,230,-5248,1504,-2240,522944,-40512,25536,,,,,,
182643136138200,63737334821142,231,-4800,1216,-2080,522688,-40512,27840,,,,,,
182643137126400,63737335821100,232,-4896,960,-2048,522560,-39872,27392,,,,,,
182643138132300,63737336821100,233,-4800,1216,-2208,521088,-39680,27584,,,,,,
182643139129900,63737337821058,234,-4864,1120,-2336,522368,-39744,25600,,,,,,
182643140156300,63737338820933,235,-5152,1344,-3392,521920,-39360,27200,,,,,,
182643141142700,63737339821183,236,-4352,1344,-2432,519104,-39872,26880,,,,,,
182643142146600,63737340820975,237,-5216,1152,-2464,524928,-40960,24320,,,,,,
182643143144300,63737341821100,238,-4320,1408,-2080,522240,-41088,25472,,,,,,
182643144137400,63737342821142,239,-4768,1216,-2304,522688,-40576,26944,,,,,,
182643145143200,63737343821100,240,-4768,1408,-2976,520448,-39296,27968,,,,,,
182643146143500,63737344821142,241,-4192,768,-2432,522688,-40576,26176,,,,,,
182643147142500,63737345821933,242,-4832,1216,-2048,521792,-39680,25472,,,,,,
182643148141600,63737346821142,243,-4608,1440,-2112,523904,-40000,23168,,,,,,
182643149142000,63737347821058,244,-5408,1376,-2304,523008,-39680,25280,,,,,,
182643150143400,63737348820933,245,-5408,1440,-2560,522944,-40000,25984,,,,,,
182643151142900,63737349821183,246,-4416,1152,-1824,522496,-41088,25280,,,,,,
182643152144500,63737350822225,247,-4672,1504,-2880,520960,-39232,26880,,,,,,
182643153145000,63737351820975,248,-4480,1472,-1920,520512,-39872,26688,,,,,,
182643154144200,63737352821683,249,-4864,1408,-2560,523264,-40576,26880,,,,,,
182643155144400,63737353821017,250,-4960,1120,-1984,523456,-41344,27776,,,,,,
182643156142000,63737354820975,251,-4640,1376,-1952,521984,-40384,26048,,,,,,
182643157158500,63737355820850,252,-4704,1344,-2080,521408,-38784,25920,,,,,,
182643158132600,63737356821183,253,-4576,1664,-2112,520384,-40256,26880,,,,,,
182643159166000,63737357821017,254,-5152,1376,-2496,522304,-39360,25280,,,,,,
182643160149000,63737358822850,255,-5216,1280,-3104,522432,-40064,26688,,,,,,
182643161132100,63737359821100,0,-4448,1248,-2112,524224,-39552,26432,,,,,,
182643162129000,63737360820892,1,-4096,1600,-2304,521216,-41280,23872,,,,,,
182643163130900,63737361821017,2,-4608,1408,-2656,523008,-40384,24000,,,,,,
182643164130900,63737362821600,3,-4704,1440,-2560,521920,-38912,26560,,,,,,
182643165130800,63737363822308,4,-4704,1312,-2048,521408,-38848,26048,,,,,,
182643166128300,63737364822058,5,-5216,1536,-2304,520768,-39488,25856,,,,,,
182643167129800,63737365821017,6,-4704,1088,-2400,521408,-39808,26752,,,,,,
182643168127700,63737366821058,7,-4512,1120,-2144,523456,-40256,26112,,,,,,
182643169136000,63737367820975,8,-4928,1792,-2272,522368,-39936,24064,,,,,,
182643170139600,63737368820642,9,-4928,1120,-2048,522240,-41216,25728,,,,,,
182643171132600,63737369821100,10,-4576,1152,-2144,522432,-39488,26304,,,,,,
182643172138000,63737370820892,11,-4768,1504,-3296,522624,-40640,26816,,,,,,
182643173130700,63737371820892,12,-5088,1504,-2144,522112,-40576,24768,,,,,,
182643174133200,63737372821017,13,-4704,1152,-2688,520960,-40064,25216,,,,,,
182643175130200,63737373821142,14,-4832,1312,-2336,521280,-40320,25280,,,,,,
182643176130700,63737374821183,15,-5344,1408,-2816,523200,-38976,28864,,,,,,
182643177135900,63737375822267,16,-4768,1280,-2720,522432,-40384,24640,,,,,,
182643178131800,63737376821058,17,-4736,1344,-2208,522688,-38912,25088,,,,,,
182643179130800,63737377821017,18,-5216,960,-2016,521920,-39424,26560,,,,,,
182643180131300,63737378820933,19,-4480,1600,-2368,520896,-39808,26304,,,,,,
182643181131800,63737379821142,20,-4672,1760,-2368,522624,-38720,25856,,,,,,
182643182132200,63737380821100,21,-4768,1248,-1984,522880,-39552,25024,,,,,,
182643183132900,63737381820975,22,-5088,1472,-2368,521408,-40448,24320,,,,,,
182643184136800,63737382821100,23,-4704,1088,-2560,521536,-41984,29248,,,,,,
182643185128100,63737383820683,24,-5024,1248,-2592,522304,-39616,26496,,,,,,
182643186132500,63737384820892,25,-4576,1344,-2400,521920,-40320,24576,,,,,,
182643187138100,63737385820808,26,-4576,1408,-2560,521856,-40064,28096,,,,,,
182643188141100,63737386821225,27,-4896,960,-2240,522816,-39552,28352,,,,,,
182643189140000,63737387820975,28,-4416,1344,-2752,522304,-39488,26752,,,,,,
182643190136600,63737388820892,29,-4768,1344,-1504,523968,-39424,23744,,,,,,
182643191136500,63737389821017,30,-4672,1216,-2848,521856,-40256,26304,,,,,,
182643192141300,63737390822475,31,-5280,992,-2336,521280,-40640,26752,,,,,,
182643193140400,63737391820933,32,-4224,1120,-2592,520896,-39808,27392,,,,,,
182643194134900,63737392821142,33,-4640,1440,-2496,520832,-39808,24768,,,,,,
182643195143100,63737393822517,34,-3904,704,-2080,522880,-40192,26048,,,,,,
182643196140800,63737394820975,35,-4192,1504,-2336,522304,-40576,27520,,,,,,
182643197132800,63737395821017,36,-5056,1728,-2752,521920,-40768,25600,,,,,,
182643198134200,63737396821142,37,-5056,1088,-2944,523072,-39488,27072,,,,,,
182643199139300,63737397821017,38,-4640,1184,-2240,522176,-40448,26368,,,,,,
182643200158800,63737398821225,39,-4608,1280,-2624,521408,-41152,26048,,,,,,
182643201155700,63737399821142,40,-4896,1728,-2688,521920,-39616,26432,,,,,,
182643202185600,63737400822308,41,-4448,1472,-3264,521152,-37696,23872,,,,,,
182643203134200,63737401820975,42,-3936,1024,-1952,520640,-39040,24640,,,,,,
182643204130300,63737402821017,43,-4992,992,-2656,521920,-40320,26048,,,,,,
182643205138000,63737403821100,44,-4640,640,-2016,522752,-39936,28288,,,,,,
182643206131700,63737404820975,45,-4736,896,-2624,522816,-39936,26688,,,,,,
182643207131800,63737405820892,46,-4736,1184,-2080,520832,-40512,26304,,,,,,
182643208139600,63737406821100,47,-4672,1152,-2336,522368,-39616,25728,,,,,,
182643209153000,63737407820933,48,-4640,1248,-2304,522688,-39552,27072,,,,,,
182643210141200,63737408820892,49,-4800,1184,-2656,523264,-39616,24832,,,,,,
182643211149000,63737409821058,50,-4416,1280,-2688,523456,-39872,26240,,,,,,
182643212142500,63737410822142,51,-4704,1472,-2464,521856,-39552,28480,,,,,,
182643213145200,63737411821017,52,-5088,1184,-2304,523072,-39872,25408,,,,,,
182643214145000,63737412821058,53,-4544,1184,-2560,521856,-41792,26240,,,,,,
182643215250800,63737413821142,54,-4352,1472,-2624,521664,-38976,24832,,,,,,
182643216153000,63737414820975,55,-4768,1504,-2208,522560,-39296,26304,,,,,,
182643217143900,63737415820975,56,-5280,1088,-2976,522176,-39936,25536,,,,,,
182643218141100,63737416821142,57,-4256,1056,-2240,524032,-38976,27648,,,,,,
182643219138100,63737417821475,58,-4480,1792,-1984,522816,-40768,26944,,,,,,
182643220143300,63737418820933,59,-5120,1408,-2976,522496,-39680,25792,,,,,,
182643221140400,63737419821100,60,-4832,1184,-2336,521536,-39616,25600,,,,,,
182643222138500,63737420820975,61,-4576,1376,-2688,522368,-38848,27712,,,,,,
182643223140700,63737421821058,62,-4768,1024,-2240,522688,-39808,25984,,,,,,
182643224142700,63737422821642,63,-4960,1184,-2880,521408,-41280,24960,,,,,,
182643225143200,63737423821100,64,-4416,1440,-2816,521728,-39424,26688,,,,,,
182643226143900,63737424820892,65,-5312,1056,-2912,520512,-40704,27008,,,,,,
182643227141200,63737425820850,66,-4480,1472,-1792,522624,-39360,24576,,,,,,
182643228145500,63737426821100,67,-4896,896,-2208,523200,-41344,29824,,,,,,
182643229146300,63737427820683,68,-4288,1312,-2272,521152,-39424,24000,,,,,,
182643230143400,63737428821558,69,-4576,1216,-1952,521408,-38528,24192,,,,,,
182643231144800,63737429821892,70,-3840,736,-2080,522624,-38848,26432,,,,,,
182643232142800,63737430821058,71,-5376,1344,-2592,522944,-39424,23744,,,,,,
182643233133700,63737431820975,72,-5056,1440,-2528,520256,-39808,24384,,,,,,
182643234143100,63737432820642,73,-5344,1184,-2240,520832,-39360,25728,,,,,,
182643235160000,63737433821183,74,-4672,1280,-1920,521792,-38080,27840,,,,,,
182643236158600,63737434822392,75,-4640,1600,-2272,522624,-39296,26048,,,,,,
182643237141900,63737435820933,76,-4960,1056,-2400,522624,-40128,27520,,,,,,
182643238138700,63737436821100,77,-4896,1280,-1856,521152,-39232,26752,,,,,,
182643239140000,63737437820433,78,-4864,1376,-2976,521280,-39424,28288,,,,,,
182643240142100,63737438820933,79,-4352,1216,-2336,521472,-40000,28672,,,,,,
182643241143200,63737439821392,80,-4544,1312,-2112,521216,-39552,26560,,,,,,
182643242132200,63737440822558,81,-4928,1344,-2176,522688,-40960,25856,,,,,,
182643243163700,63737441820892,82,-4800,1504,-2880,522752,-38720,26944,,,,,,
182643244143100,63737442820433,83,-4288,1280,-1568,521920,-40384,27072,,,,,,
182643245152100,63737443821017,84,-5024,864,-2592,520768,-39680,24832,,,,,,
182643246147500,63737444820892,85,-5408,1632,-1952,523008,-41472,24192,,,,,,
182643247129200,63737445820975,86,-4384,1408,-2848,521664,-39744,26816,,,,,,
182643248130400,63737446821100,87,-4928,1472,-2592,522624,-41280,25792,,,,,,
182643249123700,63737447821058,88,-4672,1568,-2464,522624,-39872,26496,,,,,,
182643250133500,63737448820808,89,-5152,1600,-2400,522048,-39680,26112,,,,,,
182643251145000,63737449821017,90,-4864,1408,-2656,521088,-39680,26304,,,,,,
182643252147600,63737450821058,91,-4640,1024,-1888,522816,-38144,25600,,,,,,
182643253147400,63737451820933,92,-4832,896,-2464,521280,-40064,28544,,,,,,
182643254133500,63737452821142,93,-4640,1568,-2560,519296,-41472,26368,,,,,,
182643255138900,63737453821100,94,-4864,1376,-2784,522816,-39360,28480,,,,,,
182643256137400,63737454821975,95,-5248,1536,-1888,522688,-39552,26432,,,,,,
182643257137600,63737455820892,96,-4512,1504,-2464,520960,-39616,26048,,,,,,
182643258136700,63737456820975,97,-4800,1280,-2944,520448,-39744,24640,,,,,,
182643259151700,63737457823100,98,-4480,960,-2400,521856,-40384,26496,,,,,,
182643260152200,63737458823850,99,-4736,1312,-2528,522304,-40256,25408,,,,,,
182643261141400,63737459821100,100,-4960,1664,-2432,521792,-39104,24768,,,,,,
182643262143500,63737460821058,101,-4576,1376,-2272,522624,-38912,24768,,,,,,
182643263136500,63737461820850,102,-4288,1216,-2624,522048,-41728,27968,,,,,,
182643264135000,63737462821267,103,-4608,928,-2304,521792,-39744,28736,,,,,,
182643265126000,63737463823100,104,-3808,1280,-1824,521664,-39616,24704,,,,,,
182643266124500,63737464820933,105,-4960,1408,-2272,523456,-39744,26880,,,,,,
182643267132800,63737465820933,106,-4544,1216,-2208,520064,-40128,24256,,,,,,
182643268137600,63737466821100,107,-4864,1504,-2720,521280,-39680,25984,,,,,,
182643269137500,63737467821683,108,-5248,1184,-2208,522624,-38528,27776,,,,,,
182643270134800,63737468820933,109,-4480,1632,-3040,522688,-39424,27008,,,,,,
182643271129800,63737469822433,110,-4512,1472,-2112,521216,-39232,27136,,,,,,
182643272144400,63737470824017,111,-4544,1088,-1760,524992,-38976,25472,,,,,,
182643273145400,63737471821058,112,-4512,864,-2048,519808,-39616,25408,,,,,,
182643274144600,63737472820850,113,-4480,1504,-2016,523200,-39424,27200,,,,,,
182643275135800,63737473821100,114,-4704,1184,-2816,521280,-39488,26816,,,,,,
182643276135400,63737474820975,115,-4064,1152,-2432,522048,-39424,26176,,,,,,
182643277129900,63737475820892,116,-4928,1088,-2560,521856,-41024,27776,,,,,,
182643278142600,63737476821100,117,-4864,1376,-2368,521024,-38848,28288,,,,,,
182643279127500,63737477821017,118,-4704,1376,-2336,522624,-39616,24384,,,,,,
182643280133900,63737478820933,119,-4896,1152,-2400,522432,-39808,27200,,,,,,
182643281130300,63737479821017,120,-4544,928,-2112,521152,-40384,25344,,,,,,
182643282141500,63737480821642,121,-4384,1504,-2528,521152,-40192,27072,,,,,,
182643283139900,63737481820892,122,-4384,1536,-2240,522304,-39872,22656,,,,,,
182643284148500,63737482822392,123,-4352,1376,-3008,521280,-41280,28608,,,,,,
182643285146900,63737483821017,124,-4288,1440,-1888,523584,-41856,26560,,,,,,
182643286135000,63737484820975,125,-4800,1440,-2496,523392,-40704,25792,,,,,,
182643287124800,63737485820933,126,-4544,1504,-2016,521280,-39680,27008,,,,,,
182643288125200,63737486820933,127,-4416,992,-2368,521984,-40256,26816,,,,,,
182643289131500,63737487821683,128,-4096,1184,-2112,523456,-40256,25920,,,,,,
182643290137700,63737488820892,129,-4608,1216,-2848,522112,-41216,26432,,,,,,
182643291139900,63737489821142,130,-4512,1344,-2144,521664,-39744,26688,,,,,,
182643292140100,63737490821100,131,-4512,1184,-2208,521728,-39808,25728,,,,,,
182643293139900,63737491820850,132,-4992,768,-2240,521152,-40000,25152,,,,,,
182643294144000,63737492820892,133,-4480,1472,-2784,521088,-38976,26048,,,,,,
182643295141700,63737493820933,134,-5088,1184,-2560,522688,-38848,27712,,,,,,
182643296146300,63737494820933,135,-4512,1504,-2656,522176,-38912,26880,,,,,,
182643297030200,63737495820892,136,-4160,992,-1568,522688,-40448,27136,,,,,,
182643298143100,63737496821058,137,-4320,1344,-2144,521536,-41856,25856,,,,,,
182643299141700,63737497820975,138,-4352,928,-2208,522752,-38080,26048,,,,,,
182643300139400,63737498821100,139,-4608,1184,-2048,520960,-38528,27712,,,,,,
182643301143100,63737499822600,140,-4544,1024,-2304,520896,-40512,23360,,,,,,
182643302144100,63737500822475,141,-4320,1088,-2528,522432,-39872,28096,,,,,,
182643303141700,63737501820892,142,-5376,1376,-2784,521856,-39936,25664,,,,,,
182643304146800,63737502820975,143,-4256,832,-2112,521792,-39808,28224,,,,,,
182643305008900,63737503821058,144,-4736,1120,-2464,521216,-39936,25728,,,,,,
182643306141100,63737504821100,145,-4576,1248,-1984,522176,-40000,25216,,,,,,
182643307141000,63737505823767,146,-5056,1472,-2624,519936,-38336,27712,,,,,,
182643308139900,63737506821058,147,-4544,1664,-2176,522432,-39552,26368,,,,,,
182643309141000,63737507820975,148,-4608,1152,-2496,521664,-39680,25984,,,,,,
182643310168700,63737508820933,149,-4960,1408,-3072,521024,-41728,26048,,,,,,
182643311151200,63737509821142,150,-4608,1248,-2848,521088,-40256,25024,,,,,,
182643312143300,63737510821100,151,-4736,896,-1952,521152,-39488,25344,,,,,,
182643313134200,63737511822475,152,-5280,1504,-2304,521664,-39104,25792,,,,,,
182643314140500,63737512821017,153,-5216,1280,-2848,521280,-39808,26880,,,,,,
182643315006500,63737513821142,154,-4672,1120,-2304,520576,-38784,26880,,,,,,
182643316140300,63737514820975,155,-4544,1408,-2560,521152,-39872,25920,,,,,,
182643317140800,63737515820933,156,-4768,1184,-2432,522816,-40064,25600,,,,,,
182643318141600,63737516823725,157,-5408,1312,-2784,521536,-39872,25664,,,,,,
182643319140300,63737517821100,158,-4736,992,-2304,521216,-39744,26944,,,,,,
182643320144900,63737518820892,159,-4864,1184,-2464,520832,-38592,24704,,,,,,
182643321142200,63737519821142,160,-5024,1184,-2048,521728,-39168,28224,,,,,,
182643322009800,63737520821058,161,-4896,1152,-2944,520000,-40064,23616,,,,,,
182643323138500,63737521820725,162,-4608,1664,-2240,523456,-40640,27968,,,,,,
182643324135900,63737522820975,163,-4928,1344,-2784,521536,-39616,27456,,,,,,
182643325137800,63737523821100,164,-4448,1440,-2656,521856,-38848,26880,,,,,,
182643326143700,63737524821017,165,-5120,1376,-2304,522112,-40256,28224,,,,,,
182643327015300,63737525820892,166,-4416,1216,-1760,521344,-38528,28416,,,,,,
182643328139700,63737526821350,167,-5344,1344,-2624,522624,-38976,25088,,,,,,
182643329148000,63737527821017,168,-4960,1696,-2752,523072,-39232,27968,,,,,,
182643330138500,63737528821017,169,-4736,928,-1760,520832,-41664,25600,,,,,,
182643331142200,63737529821142,170,-5184,1600,-2496,521088,-40896,27904,,,,,,
182643332009300,63737530821017,171,-4928,1472,-2176,522816,-38144,28608,,,,,,
182643333133100,63737531821267,172,-4544,1248,-2272,523840,-38912,25728,,,,,,
182643334139700,63737532820892,173,-4576,1088,-2912,523712,-40768,28608,,,,,,
182643335133500,63737533821267,174,-4128,1344,-2272,521920,-40832,25408,,,,,,
182643336150100,63737534820975,175,-5184,1408,-2432,523136,-39232,24960,,,,,,
182643337004400,63737535820933,176,-4576,1440,-2464,521408,-39872,27584,,,,,,
182643338128700,63737536821183,177,-4928,1152,-2176,522176,-41152,27200,,,,,,
182643339019500,63737537820975,178,-4992,1248,-1920,521344,-40832,25280,,,,,,
182643340019500,63737538820933,179,-4544,1248,-2048,522304,-39680,27904,,,,,,
182643341142800,63737539821225,180,-5280,1376,-2464,523136,-38720,25728,,,,,,
182643342127900,63737540821517,181,-4640,1088,-2080,523136,-39360,25920,,,,,,
182643343151000,63737541822933,182,-4320,1088,-2112,522496,-40000,28352,,,,,,
182643344140600,63737542820933,183,-4928,1024,-2112,521920,-39744,25664,,,,,,
182643345129900,63737543821017,184,-5088,1216,-2208,522688,-40448,26112,,,,,,
182643346161800,63737544821017,185,-5088,864,-2080,523392,-39040,27008,,,,,,
182643347143400,63737545820933,186,-4704,1248,-2144,522112,-39936,25664,,,,,,
182643348144100,63737546821350,187,-4448,1504,-2016,522304,-39360,24128,,,,,,
182643349144000,63737547821058,188,-5152,1280,-2272,523904,-39808,25344,,,,,,
182643350145000,63737548821975,189,-5248,1504,-2848,519360,-38208,25984,,,,,,
182643351145300,63737549821183,190,-5216,1504,-2528,522944,-42304,26944,,,,,,
182643352023600,63737550820975,191,-4736,864,-2272,524480,-39872,24576,,,,,,
182643353151900,63737551821058,192,-4384,1280,-1856,521216,-38912,24896,,,,,,
182643354145100,63737552822392,193,-5120,1152,-2624,522368,-39488,26304,,,,,,
182643355275600,63737553822850,194,-4576,1088,-2432,522880,-39296,25728,,,,,,
182643356146200,63737554821058,195,-4800,1376,-3104,524288,-40000,28096,,,,,,
182643357018200,63737555820892,196,-4576,928,-1888,522816,-40768,26752,,,,,,
182643358136200,63737556821100,197,-4608,1408,-2208,521920,-39616,26624,,,,,,
182643359147200,63737557821017,198,-4864,1024,-2624,523200,-39168,24832,,,,,,
182643360136700,63737558822350,199,-4704,1760,-2784,522176,-39936,27776,,,,,,
182643361140100,63737559821267,200,-5056,1248,-1984,523648,-41088,25856,,,,,,
182643362009800,63737560821058,201,-4768,1248,-2560,522560,-39744,25664,,,,,,
182643363132300,63737561821058,202,-4032,864,-2176,523584,-40512,26176,,,,,,
182643364018100,63737562821933,203,-5088,1248,-2464,522112,-41472,27712,,,,,,
182643365142700,63737563820975,204,-4640,1536,-2816,522944,-38976,25728,,,,,,
182643366145500,63737564822933,205,-4960,1440,-2656,522496,-40384,26432,,,,,,
182643367137900,63737565820808,206,-4448,1920,-2528,523264,-40640,22976,,,,,,
182643368145200,63737566821183,207,-4704,1248,-2112,523264,-40512,27520,,,,,,
182643369018100,63737567821017,208,-4896,1408,-2304,524352,-40576,24000,,,,,,
182643370155600,63737568822100,209,-4864,1184,-2240,521792,-39872,27072,,,,,,
182643371151900,63737569820933,210,-5344,992,-2528,522176,-39488,25216,,,,,,
182643372146600,63737570821017,211,-4320,1152,-2560,521280,-40384,25344,,,,,,
182643373148800,63737571821225,212,-5248,1344,-3072,521344,-41728,24064,,,,,,
182643374135400,63737572820850,213,-4352,1376,-2272,521152,-38912,26176,,,,,,
182643375137800,63737573821933,214,-4768,1088,-2368,522432,-41280,24256,,,,,,
182643376135500,63737574821100,215,-5056,1440,-2112,522496,-39936,25600,,,,,,
182643377148300,63737575820975,216,-5120,1216,-2208,521600,-39232,25472,,,,,,
182643378143100,63737576821142,217,-5248,1280,-2464,522624,-40000,25472,,,,,,
182643379006800,63737577821058,218,-4544,1600,-2240,521472,-40192,24768,,,,,,
182643380014400,63737578820975,219,-5056,1024,-3040,523328,-40256,25216,,,,,,
182643381139300,63737579820933,220,-4736,1536,-2240,522816,-40064,24576,,,,,,
182643382007700,63737580820975,221,-5344,1600,-2720,521088,-38912,23104,,,,,,
182643383138800,63737581821100,222,-4832,1216,-2656,520896,-40384,25344,,,,,,
182643384139100,63737582821017,223,-5152,1216,-2208,522432,-40384,25664,,,,,,
182643385147200,63737583820934,224,-4608,1344,-2208,521344,-41408,22976,,,,,,
182643386033100,63737584821059,225,-4448,1280,-2656,522240,-40192,25280,,,,,,
182643387133200,63737585820892,226,-4416,1440,-2560,523584,-40576,27008,,,,,,
182643388127400,63737586821059,227,-4544,1248,-2176,522240,-39360,26496,,,,,,
182643389133800,63737587821017,228,-4064,1472,-2016,521792,-41664,25984,,,,,,
182643390139100,63737588820934,229,-4288,1504,-2528,520512,-39744,23744,,,,,,
182643391138500,63737589820809,230,-4896,1056,-2336,522304,-39808,26688,,,,,,
182643392007400,63737590820934,231,-4576,1280,-2624,522048,-38656,25344,,,,,,
182643393157900,63737591820975,232,-4704,1216,-2784,522304,-39808,27904,,,,,,
182643394149900,63737592820892,233,-4928,544,-1728,520960,-40192,22912,,,,,,
182643395137900,63737593821725,234,-4928,1408,-2784,523008,-40000,28480,,,,,,
182643396013900,63737594822350,235,-4544,1344,-2496,521472,-39936,24000,,,,,,
182643397157200,63737595820850,236,-4768,1760,-3104,521152,-39360,24512,,,,,,
182643398145500,63737596821309,237,-4192,1184,-2272,521664,-40000,27520,,,,,,
182643399146300,63737597820934,238,-5120,896,-2432,523392,-39680,26816,,,,,,
182643400147200,63737598820975,239,-4832,1184,-3200,521344,-38720,26240,,,,,,
182643401270100,63737599820809,240,-4288,1504,-2528,522048,-39936,27584,,,,,,
182643402137300,63737600821142,241,-3968,1344,-1664,523200,-39936,24448,,,,,,
182643403159700,63737601821684,242,-4832,1184,-2176,523264,-38784,26240,,,,,,
182643404019000,63737602820892,243,-4384,1632,-2560,523392,-39360,26368,,,,,,
182643405146700,63737603821059,244,-4320,1280,-2048,521856,-40064,26880,,,,,,
182643406019600,63737604820975,245,-4480,1056,-1856,522240,-39616,24320,,,,,,
182643407147300,63737605821559,246,-5152,1376,-2720,519040,-39104,24384,,,,,,
182643408019400,63737606821184,247,-5312,1376,-2624,521664,-40192,26880,,,,,,
182643409025200,63737607821059,248,-4704,1568,-2464,521920,-40256,25856,,,,,,
182643410212500,63737608820975,249,-4768,1120,-1536,520768,-40000,27712,,,,,,
182643411022600,63737609820850,250,-5120,1760,-2560,521664,-39680,26368,,,,,,
182643412023100,63737610821642,251,-5248,1312,-2816,521344,-39680,26304,,,,,,
182643413148300,63737611821267,252,-4480,1216,-2176,521728,-39488,27712,,,,,,
182643414020400,63737612820767,253,-5024,1248,-2464,523072,-39744,26560,,,,,,
182643415022600,63737613821142,254,-4480,1152,-1952,521536,-39488,25856,,,,,,
182643416021800,63737614820975,255,-4736,1344,-2336,522432,-41536,25792,,,,,,
182643417151600,63737615820975,0,-4608,928,-2144,522176,-40704,26112,,,,,,
182643418019000,63737616821225,1,-5152,1504,-2240,523968,-40320,25728,,,,,,
182643419158300,63737617820892,2,-4000,1184,-2272,521408,-41088,25984,,,,,,
182643420154400,63737618820975,3,-4832,1440,-2240,521856,-41216,24384,,,,,,
182643421035100,63737619820767,4,-4992,1376,-2848,521728,-38080,23808,,,,,,
182643422142900,63737620823392,5,-4640,1312,-2144,520192,-40768,24768,,,,,,
182643423136800,63737621820850,6,-5376,1664,-2944,522752,-39680,26112,,,,,,
182643424144500,63737622820892,7,-4128,1152,-2560,522240,-40320,27264,,,,,,
182643425142000,63737623821059,8,-4864,1728,-2336,520960,-38720,28864,,,,,,
182643426010800,63737624820934,9,-5280,1088,-3008,521920,-40064,25472,,,,,,
182643427141200,63737625820975,10,-4384,1568,-2688,521984,-39360,25344,,,,,,
182643428016600,63737626821017,11,-4704,1440,-2336,521728,-40960,26944,,,,,,
182643429015100,63737627820892,12,-4064,1216,-1888,522368,-41152,25344,,,,,,
182643430140600,63737628820934,13,-4384,992,-2176,521600,-39296,26048,,,,,,
182643431140600,63737629820809,14,-4576,1376,-2592,522432,-39488,27456,,,,,,
182643432143700,63737630821267,15,-4320,1312,-2208,521344,-41600,26752,,,,,,
182643433140400,63737631820975,16,-4768,1152,-2496,521152,-38720,25408,,,,,,
182643434138400,63737632820767,17,-4352,1440,-2176,521088,-40256,27328,,,,,,
182643435222400,63737633821142,18,-4608,1184,-2240,521728,-39360,27264,,,,,,
182643436141300,63737634821017,19,-5344,768,-2336,522624,-40960,24960,,,,,,
182643437172200,63737635820975,20,-4544,1472,-2208,521984,-40448,27328,,,,,,
182643438009600,63737636821100,21,-4640,1024,-2272,523264,-38592,25856,,,,,,
182643439141300,63737637821267,22,-4544,1536,-1792,522496,-38208,24512,,,,,,
182643440020700,63737638821059,23,-5504,992,-2304,520640,-39552,26624,,,,,,
182643441022300,63737639820809,24,-4960,1184,-3008,521856,-40448,27328,,,,,,
182643442141800,63737640821767,25,-4960,1536,-2400,521792,-38336,26880,,,,,,
182643443148700,63737641820892,26,-4832,1536,-3232,520704,-39616,27648,,,,,,
182643444158400,63737642822850,27,-4960,1376,-2080,520960,-41152,23808,,,,,,
182643445016000,63737643821142,28,-5184,1536,-2400,519616,-40448,26752,,,,,,
182643446020100,63737644820975,29,-4576,1120,-2176,523968,-41024,26112,,,,,,
182643447140200,63737645820892,30,-4704,1312,-2112,521472,-40128,25600,,,,,,
182643448139700,63737646821892,31,-5152,1440,-2624,521472,-40128,29184,,,,,,
182643449140200,63737647821809,32,-4800,1248,-2528,522240,-40576,26368,,,,,,
182643450139400,63737648820892,33,-4512,960,-1984,520576,-38976,28352,,,,,,
182643451134600,63737649820892,34,-5024,1184,-2304,523200,-40000,26240,,,,,,
182643452016700,63737650821059,35,-4512,1408,-2496,522496,-39616,25600,,,,,,
182643453017800,63737651820975,36,-4384,1088,-2560,521600,-39552,24192,,,,,,
182643454140900,63737652820559,37,-4288,1312,-1856,523648,-40576,27648,,,,,,
182643455148100,63737653822559,38,-4768,928,-2080,521792,-39744,26048,,,,,,
182643456019800,63737654822475,39,-4768,1696,-2272,522816,-40640,26304,,,,,,
182643457016200,63737655821059,40,-5088,1440,-3360,521728,-40896,25600,,,,,,
182643458016400,63737656821100,41,-4672,1408,-2528,523264,-39488,24320,,,,,,
182643459148900,63737657821559,42,-4512,1056,-2304,521152,-41728,25408,,,,,,
182643460139300,63737658820975,43,-5248,1024,-2048,522176,-39616,26240,,,,,,
182643461139500,63737659825684,44,-4960,1408,-2624,522560,-37952,23616,,,,,,
182643462146800,63737660821100,45,-5408,1120,-2880,522304,-38976,26688,,,,,,
182643463009300,63737661820975,46,-4704,1248,-2432,522752,-39040,25344,,,,,,
182643464139100,63737662820892,47,-4576,1280,-2208,521600,-40192,27904,,,,,,
182643465024300,63737663821100,48,-5248,1088,-2976,520704,-39424,25792,,,,,,
182643466138000,63737664820892,49,-4736,1056,-2528,521984,-41536,27072,,,,,,
182643467136500,63737665822475,50,-4512,800,-1824,522688,-38144,25984,,,,,,
182643468010300,63737666820850,51,-4512,1664,-2400,521408,-40384,27840,,,,,,
182643469012200,63737667820975,52,-4640,1408,-2144,521344,-40640,25088,,,,,,
182643470303000,63737668821309,53,-4256,1216,-2784,522624,-39552,26752,,,,,,
182643471173700,63737669820809,54,-4928,1440,-2496,521152,-40192,26304,,,,,,
182643472138600,63737670821059,55,-4192,1280,-2752,520576,-41024,29120,,,,,,
182643473017600,63737671820975,56,-4992,1312,-3008,522752,-40640,26048,,,,,,
182643474022100,63737672820975,57,-5088,1376,-2304,521792,-38464,27072,,,,,,
182643475021200,63737673821059,58,-4736,1376,-2432,522944,-40384,26176,,,,,,
182643476144900,63737674820892,59,-4192,576,-2624,522304,-37696,25856,,,,,,
182643477027200,63737675820975,60,-4480,1312,-2656,522240,-39616,24832,,,,,,
182643478138200,63737676820850,61,-4832,1472,-3072,520576,-40704,27456,,,,,,
182643479028500,63737677821100,62,-4576,1184,-3168,520448,-38592,26624,,,,,,
182643480015000,63737678820934,63,-4448,1184,-2240,522560,-39808,26624,,,,,,
182643481012700,63737679822725,64,-4800,1376,-2016,521792,-39616,27520,,,,,,
182643482132600,63737680821184,65,-5120,1056,-3552,523904,-39808,25408,,,,,,
182643483144300,63737681821059,66,-4512,544,-1984,521152,-41280,25088,,,,,,
182643484148900,63737682823809,67,-4928,1120,-2944,522240,-41216,27456,,,,,,
182643485146500,63737683822059,68,-4832,1120,-2112,523456,-40320,25920,,,,,,
182643486142000,63737684821559,69,-4416,1120,-2720,521600,-39552,27136,,,,,,
182643487012600,63737685821017,70,-4768,1536,-2560,522304,-41088,25472,,,,,,
182643488135200,63737686821225,71,-4928,1248,-2304,522240,-39040,27904,,,,,,
182643489134000,63737687821059,72,-4992,1248,-2432,521088,-40640,25600,,,,,,
182643490018800,63737688820975,73,-5536,1216,-2592,522944,-42240,27584,,,,,,
182643491149700,63737689820850,74,-4672,1408,-2400,522944,-41088,27392,,,,,,
182643492015400,63737690821142,75,-4608,1728,-2496,523776,-40704,24512,,,,,,
182643493019000,63737691820934,76,-4800,1760,-2240,522752,-37376,27072,,,,,,
182643494155300,63737692820892,77,-4448,1696,-2784,521984,-39872,25600,,,,,,
182643495142400,63737693821017,78,-5024,1312,-2560,521856,-39168,22400,,,,,,
182643496139700,63737694822017,79,-4448,1312,-1664,521088,-42624,24896,,,,,,
182643497013200,63737695820934,80,-5600,1824,-2496,522112,-40448,23552,,,,,,
182643498015100,63737696820809,81,-4736,1536,-2912,521792,-39296,27200,,,,,,
182643499019400,63737697821059,82,-4896,1376,-2304,520960,-39744,25280,,,,,,
182643500028100,63737698820975,83,-4672,1120,-2208,522432,-39680,26048,,,,,,
182643501142600,63737699821684,84,-4832,768,-2464,521152,-38720,25088,,,,,,
182643502138900,63737700822059,85,-4544,1152,-2400,519936,-38336,26304,,,,,,
182643503133900,63737701822309,86,-5376,1312,-2336,523328,-39936,24704,,,,,,
182643504140400,63737702822392,87,-4928,1024,-2368,522176,-40384,27200,,,,,,
182643505018000,63737703821142,88,-4768,1088,-2368,520576,-40384,26240,,,,,,
182643506141600,63737704821059,89,-4896,992,-2304,521600,-38912,25984,,,,,,
182643507018000,63737705820934,90,-4608,1728,-2272,522432,-39616,27136,,,,,,
182643508146300,63737706822309,91,-4480,1440,-2240,522752,-39936,26944,,,,,,
182643509021600,63737707821017,92,-4512,1216,-2592,521536,-40512,28352,,,,,,
182643510261600,63737708820934,93,-4992,1440,-2208,520832,-38464,25984,,,,,,
182643511027700,63737709820892,94,-4544,1056,-2240,522112,-38336,27072,,,,,,
182643512170900,63737710822309,95,-4672,1856,-2688,519936,-39616,25152,,,,,,
182643513157300,63737711821017,96,-4960,960,-2784,522112,-39360,26368,,,,,,
182643514149000,63737712821684,97,-4512,1536,-1632,523072,-39360,27648,,,,,,
182643515010500,63737713821100,98,-5120,1504,-2976,520320,-39552,28160,,,,,,
182643516141200,63737714820975,99,-5056,1120,-2656,521536,-40320,27200,,,,,,
182643517023800,63737715820809,100,-4096,1216,-2304,521408,-40832,27008,,,,,,
182643518022500,63737716822309,101,-4960,960,-1856,521536,-40576,29056,,,,,,
182643519147500,63737717821184,102,-5248,1248,-2720,520000,-39360,27264,,,,,,
182643520148000,63737718820892,103,-4672,960,-2624,522048,-39552,27712,,,,,,
182643521034900,63737719820892,104,-5056,1376,-2976,523712,-39552,26944,,,,,,
182643522021000,63737720821059,105,-4672,1664,-2464,521088,-39744,25536,,,,,,
182643523141700,63737721820642,106,-5280,1600,-2400,521344,-39488,25536,,,,,,
182643524142500,63737722820975,107,-4832,1248,-2368,522304,-40768,28160,,,,,,
182643525139400,63737723821225,108,-4640,1248,-1952,522304,-40000,26624,,,,,,
182643526146300,63737724823975,109,-4672,1600,-1856,521408,-39168,24960,,,,,,
182643527020100,63737725820892,110,-4768,1216,-2368,523008,-39680,25664,,,,,,
182643528026000,63737726822934,111,-4448,1856,-2848,521280,-39040,26624,,,,,,
182643529018100,63737727821100,112,-4800,1216,-1600,521536,-37568,24896,,,,,,
182643530019200,63737728820934,113,-4704,1344,-2656,522624,-40192,25344,,,,,,
182643531144400,63737729820892,114,-4672,1664,-2336,522112,-39744,24896,,,,,,
182643532143200,63737730823017,115,-4992,1312,-2400,521600,-40768,28480,,,,,,
182643533014900,63737731820975,116,-4992,1504,-1792,521856,-40896,28928,,,,,,
182643534143900,63737732820892,117,-4736,1056,-2560,522240,-39168,27776,,,,,,
