host_timestamp_ns,device_timestamp,sequence,phase,gyro_raw_x,gyro_raw_y,gyro_raw_z,gyro_corrected_x,gyro_corrected_y,gyro_corrected_z
190530515860100,71621962484193,140,bias-calibration,-4288,1376,-2560,,,
190530516526400,71621963483026,141,bias-calibration,-4544,1408,-2720,,,
190530517476200,71621964486526,142,bias-calibration,-5120,1472,-2976,,,
190530518352000,71621965482651,143,bias-calibration,-4448,1408,-2208,,,
190530519340600,71621966482401,144,bias-calibration,-4736,1888,-2592,,,
190530520451200,71621967482485,145,bias-calibration,-4256,1664,-2624,,,
190530521344700,71621968482443,146,bias-calibration,-4896,1184,-1952,,,
190530522350000,71621969482360,147,bias-calibration,-4960,1184,-2464,,,
190530523346000,71621970482276,148,bias-calibration,-4480,992,-2112,,,
190530524337000,71621971482568,149,bias-calibration,-4640,1472,-2272,,,
190530525338100,71621972482443,150,bias-calibration,-4480,1184,-2816,,,
190530526333600,71621973483360,151,bias-calibration,-4192,1184,-2496,,,
190530527339500,71621974482568,152,bias-calibration,-4256,1440,-2176,,,
190530528346900,71621975482443,153,bias-calibration,-4288,1024,-2496,,,
190530529345200,71621976482485,154,bias-calibration,-4384,1184,-2016,,,
190530530332700,71621977482276,155,bias-calibration,-4448,1312,-1760,,,
190530531336900,71621978482401,156,bias-calibration,-4448,1024,-2368,,,
190530532347200,71621979482610,157,bias-calibration,-5216,1312,-2432,,,
190530533358000,71621980484985,158,bias-calibration,-4352,1472,-2400,,,
190530534345400,71621981483776,159,bias-calibration,-4832,1440,-2752,,,
190530535337400,71621982482985,160,bias-calibration,-4224,1088,-2432,,,
190530536353700,71621983482485,161,bias-calibration,-4384,1376,-2912,,,
190530537359400,71621984482443,162,bias-calibration,-4736,1184,-2496,,,
190530538343200,71621985482526,163,bias-calibration,-4640,992,-2144,,,
190530539337100,71621986482526,164,bias-calibration,-4480,992,-2560,,,
190530540338400,71621987482443,165,bias-calibration,-4032,1344,-2176,,,
190530541338800,71621988483485,166,bias-calibration,-4704,1664,-2784,,,
190530542337000,71621989482276,167,bias-calibration,-4480,1632,-2240,,,
190530543336800,71621990482485,168,bias-calibration,-4992,1632,-2976,,,
190530544336500,71621991482443,169,bias-calibration,-5088,1408,-2560,,,
190530545401500,71621992482818,170,bias-calibration,-4864,1696,-2016,,,
190530546352600,71621993482360,171,bias-calibration,-4320,1408,-1952,,,
190530547347300,71621994482318,172,bias-calibration,-4864,1376,-3200,,,
190530548334200,71621995484860,173,bias-calibration,-4832,1280,-2048,,,
190530549344900,71621996498443,174,bias-calibration,-4160,1152,-2240,,,
190530550333800,71621997482651,175,bias-calibration,-4832,1568,-2912,,,
190530551332200,71621998483985,176,bias-calibration,-4288,1696,-2112,,,
190530552331900,71621999482526,177,bias-calibration,-4832,2016,-2432,,,
190530553332400,71622000482568,178,bias-calibration,-4896,1632,-2624,,,
190530554332500,71622001482401,179,bias-calibration,-4640,1600,-2272,,,
190530555332100,71622002482360,180,bias-calibration,-5120,1664,-2496,,,
190530556332400,71622003482818,181,bias-calibration,-3872,1184,-2208,,,
190530557331400,71622004483776,182,bias-calibration,-4512,1440,-2240,,,
190530558356900,71622005482526,183,bias-calibration,-4512,1760,-2784,,,
190530559485300,71622006482401,184,bias-calibration,-3744,1632,-1504,,,
190530560334200,71622007482443,185,bias-calibration,-4416,1472,-2496,,,
190530561348600,71622008482443,186,bias-calibration,-4704,1568,-2624,,,
190530562345000,71622009482485,187,bias-calibration,-4768,992,-2208,,,
190530563335700,71622010482443,188,bias-calibration,-4640,1952,-3008,,,
190530564332500,71622011482360,189,bias-calibration,-4608,1952,-2528,,,
190530565344100,71622012482193,190,bias-calibration,-4896,1472,-2400,,,
190530566340600,71622013482318,191,bias-calibration,-4704,1408,-2272,,,
190530567340400,71622014482360,192,bias-calibration,-4320,1312,-2432,,,
190530568356400,71622015482526,193,bias-calibration,-4672,1024,-2304,,,
190530569357000,71622016483776,194,bias-calibration,-4992,1184,-2656,,,
190530570337700,71622017482193,195,bias-calibration,-4640,1632,-2208,,,
190530571335300,71622018482568,196,bias-calibration,-4576,1568,-2048,,,
190530572332800,71622019482610,197,bias-calibration,-4128,1280,-2272,,,
190530573332600,71622020483360,198,bias-calibration,-4640,1184,-1920,,,
190530574333800,71622021482526,199,bias-calibration,-5312,1664,-2272,,,
190530575334600,71622022482360,200,bias-calibration,-4832,1760,-2368,,,
190530576340500,71622023482568,201,bias-calibration,-5344,1568,-2368,,,
190530577341900,71622024482318,202,bias-calibration,-5408,1504,-2304,,,
190530578342100,71622025482443,203,bias-calibration,-4448,1632,-2208,,,
190530579339400,71622026482360,204,bias-calibration,-4736,1504,-1824,,,
190530580357500,71622027484068,205,bias-calibration,-5024,2144,-2496,,,
190530581422900,71622028482401,206,bias-calibration,-4736,1536,-2240,,,
190530582332600,71622029482276,207,bias-calibration,-4736,1024,-1664,,,
190530583337500,71622030482235,208,bias-calibration,-5088,1632,-2464,,,
190530584340300,71622031482443,209,bias-calibration,-4256,1440,-2112,,,
190530585338700,71622032482485,210,bias-calibration,-5056,1408,-2528,,,
190530586338400,71622033482485,211,bias-calibration,-4736,1184,-2464,,,
190530587338400,71622034482401,212,bias-calibration,-4832,1312,-2144,,,
190530588337300,71622035482485,213,bias-calibration,-4736,1312,-1792,,,
190530589362500,71622036482485,214,bias-calibration,-4256,1472,-1792,,,
190530590337000,71622037482526,215,bias-calibration,-4672,1632,-2400,,,
190530591329300,71622038482401,216,bias-calibration,-5088,1632,-2080,,,
190530592328700,71622039482318,217,bias-calibration,-4352,1344,-2592,,,
190530593350300,71622040482610,218,bias-calibration,-4480,1312,-1728,,,
190530594350400,71622041482235,219,bias-calibration,-4096,1568,-2144,,,
190530595359300,71622042482568,220,bias-calibration,-4320,1216,-2816,,,
190530596343300,71622043482485,221,bias-calibration,-4544,1248,-1920,,,
190530597339200,71622044483526,222,bias-calibration,-5088,1664,-1920,,,
190530598337800,71622045482526,223,bias-calibration,-4416,1408,-1888,,,
190530599335400,71622046494110,224,bias-calibration,-5312,1088,-2272,,,
190530600338100,71622047484068,225,bias-calibration,-4960,1280,-2272,,,
190530601337900,71622048482401,226,bias-calibration,-5120,1472,-2528,,,
190530602338100,71622049482318,227,bias-calibration,-4768,1184,-2208,,,
190530603337400,71622050482443,228,bias-calibration,-5216,1408,-2400,,,
190530604337000,71622051482318,229,bias-calibration,-5024,1184,-2624,,,
190530605337100,71622052482360,230,bias-calibration,-5248,1376,-2560,,,
190530606337100,71622053482276,231,bias-calibration,-4448,1408,-2368,,,
190530607336700,71622054482193,232,bias-calibration,-4800,1536,-2496,,,
190530608336700,71622055482610,233,bias-calibration,-4864,1152,-2080,,,
190530609337500,71622056482443,234,bias-calibration,-4640,1696,-2624,,,
190530610337400,71622057484026,235,bias-calibration,-4768,1664,-2496,,,
190530611337200,71622058482360,236,bias-calibration,-5056,1056,-2112,,,
190530612340500,71622059482360,237,bias-calibration,-4704,1344,-2048,,,
190530613342900,71622060482526,238,bias-calibration,-4000,1152,-1920,,,
190530614339800,71622061482443,239,bias-calibration,-4960,1344,-1888,,,
190530615338200,71622062482485,240,bias-calibration,-4736,1312,-2080,,,
190530616337900,71622063482276,241,bias-calibration,-5376,1152,-2496,,,
190530617337700,71622064482193,242,bias-calibration,-4832,1120,-3040,,,
190530618337500,71622065482360,243,bias-calibration,-5216,1696,-3040,,,
190530619337500,71622066482235,244,bias-calibration,-4320,1088,-1408,,,
190530620337200,71622067482568,245,bias-calibration,-4448,960,-2208,,,
190530621337400,71622068482485,246,bias-calibration,-4320,1216,-1856,,,
190530622337300,71622069482401,247,bias-calibration,-4640,896,-2304,,,
190530623337400,71622070482526,248,bias-calibration,-5312,1440,-2464,,,
190530624337500,71622071482318,249,bias-calibration,-4800,1120,-2464,,,
190530625333800,71622072482443,250,bias-calibration,-4384,1120,-2208,,,
190530626332400,71622073482360,251,bias-calibration,-4672,1536,-1984,,,
190530627333100,71622074482651,252,bias-calibration,-5120,1408,-2592,,,
190530628333800,71622075482401,253,bias-calibration,-4992,1216,-2624,,,
190530629330800,71622076482276,254,bias-calibration,-4544,1088,-2144,,,
190530630706000,71622077482443,255,bias-calibration,-4832,1728,-2016,,,
190530631342400,71622078483360,0,bias-calibration,-4832,1088,-1920,,,
190530632339500,71622079482568,1,bias-calibration,-4672,1568,-2848,,,
190530633332600,71622080482485,2,bias-calibration,-4800,928,-1792,,,
190530634337600,71622081485360,3,bias-calibration,-5312,1184,-2016,,,
190530635337200,71622082482568,4,bias-calibration,-4736,1280,-1728,,,
190530636337000,71622083482443,5,bias-calibration,-4960,1376,-2432,,,
190530637336200,71622084482485,6,bias-calibration,-4736,1440,-1952,,,
190530638337000,71622085482360,7,bias-calibration,-4544,1152,-1696,,,
190530639337200,71622086482485,8,bias-calibration,-4928,1568,-2560,,,
190530640336900,71622087482360,9,bias-calibration,-4896,1024,-2272,,,
190530641333700,71622088482276,10,bias-calibration,-4640,1088,-2048,,,
190530642332900,71622089482485,11,bias-calibration,-4800,1472,-2208,,,
190530643333000,71622090482526,12,bias-calibration,-5152,1568,-2592,,,
190530644329400,71622091482526,13,bias-calibration,-4768,1568,-2432,,,
190530645328700,71622092483610,14,bias-calibration,-4896,1280,-1952,,,
190530646340700,71622093482360,15,bias-calibration,-4960,1120,-1888,,,
190530647332900,71622094482485,16,bias-calibration,-5152,1056,-2560,,,
190530648330500,71622095482360,17,bias-calibration,-4992,1536,-2304,,,
190530649328800,71622096499276,18,bias-calibration,-4960,1440,-1632,,,
190530650337400,71622097484235,19,bias-calibration,-5216,1280,-2016,,,
190530651331600,71622098482401,20,bias-calibration,-5152,1088,-2208,,,
190530652333100,71622099482401,21,bias-calibration,-4576,1504,-2464,,,
190530653331100,71622100482401,22,bias-calibration,-4768,1472,-2368,,,
190530654332100,71622101482318,23,bias-calibration,-5056,800,-2496,,,
190530655335000,71622102482568,24,bias-calibration,-5088,1632,-2432,,,
190530656343000,71622103482526,25,bias-calibration,-5024,1184,-1760,,,
190530657341400,71622104483068,26,bias-calibration,-5280,1632,-3168,,,
190530658335900,71622105482401,27,bias-calibration,-4832,1216,-1888,,,
190530659332200,71622106482526,28,bias-calibration,-4928,1280,-2400,,,
190530660341300,71622107482526,29,bias-calibration,-4832,1280,-1856,,,
190530661340600,71622108482485,30,bias-calibration,-5312,1408,-2304,,,
190530662337800,71622109482401,31,bias-calibration,-4608,1280,-1888,,,
190530663337400,71622110482443,32,bias-calibration,-4352,1024,-1952,,,
190530664337700,71622111482985,33,bias-calibration,-4864,1472,-2208,,,
190530665337500,71622112482485,34,bias-calibration,-4864,1024,-1856,,,
190530666337400,71622113482110,35,bias-calibration,-4768,1248,-1632,,,
190530667337200,71622114482360,36,bias-calibration,-5088,1600,-2048,,,
190530668337200,71622115482443,37,bias-calibration,-5088,1088,-1504,,,
190530669337500,71622116483943,38,bias-calibration,-4928,992,-2528,,,
190530670336100,71622117482443,39,bias-calibration,-5408,1664,-2144,,,
190530671337100,71622118482401,40,bias-calibration,-4192,1440,-1856,,,
190530672337500,71622119482568,41,bias-calibration,-5248,1472,-2176,,,
190530673333400,71622120482443,42,bias-calibration,-5280,896,-1920,,,
190530674333100,71622121483151,43,bias-calibration,-4352,1024,-2304,,,
190530675332900,71622122482526,44,bias-calibration,-4064,896,-1248,,,
190530680595000,71622123482276,45,bias-calibration,-4736,1056,-1920,,,
190530680620000,71622124482526,46,bias-calibration,-5248,1152,-2496,,,
190530680629100,71622125482276,47,bias-calibration,-4512,992,-2528,,,
190530680636000,71622126482276,48,bias-calibration,-5120,896,-1536,,,
190530680642400,71622127483276,49,bias-calibration,-4416,1440,-2592,,,
190530682476700,71622128484485,50,bias-calibration,-5248,1152,-1856,,,
190530682496400,71622129482485,51,bias-calibration,-5184,1408,-3008,,,
190530683329800,71622130484151,52,bias-calibration,-4096,768,-1344,,,
190530684342500,71622131483110,53,bias-calibration,-4928,800,-2592,,,
190530685339200,71622132482443,54,bias-calibration,-5184,1312,-2080,,,
190530686337900,71622133482360,55,bias-calibration,-5248,1376,-2400,,,
190530687337900,71622134483985,56,bias-calibration,-4576,768,-2112,,,
190530688337600,71622135482318,57,bias-calibration,-5216,1664,-2368,,,
190530689333500,71622136482360,58,bias-calibration,-4992,928,-2976,,,
190530690333100,71622137482360,59,bias-calibration,-5472,1664,-2240,,,
190530691333100,71622138482443,60,bias-calibration,-5568,1440,-2400,,,
190530692340300,71622139482610,61,bias-calibration,-5120,1312,-2464,,,
190530693340700,71622140482526,62,bias-calibration,-5216,1440,-2240,,,
190530694339300,71622141482568,63,bias-calibration,-4736,1216,-2464,,,
190530695337400,71622142482401,64,bias-calibration,-4768,1120,-2496,,,
190530696337400,71622143482485,65,bias-calibration,-5088,1344,-2048,,,
190530697337100,71622144482401,66,bias-calibration,-5248,1312,-2144,,,
190530698337300,71622145482443,67,bias-calibration,-4640,1248,-1920,,,
190530699337300,71622146503776,68,bias-calibration,-5024,1696,-2272,,,
190530700337300,71622147482318,69,bias-calibration,-4576,1376,-2400,,,
190530701337400,71622148485235,70,bias-calibration,-5184,1312,-2464,,,
190530702337100,71622149482276,71,bias-calibration,-4768,1408,-2048,,,
190530703336600,71622150482568,72,bias-calibration,-4992,1280,-2272,,,
190530704337200,71622151482568,73,bias-calibration,-4992,1440,-1984,,,
190530705333700,71622152483776,74,bias-calibration,-5280,1600,-2144,,,
190530706333100,71622153482568,75,bias-calibration,-5408,1600,-1856,,,
190530707333100,71622154483151,76,bias-calibration,-4896,1248,-2144,,,
190530708331400,71622155482276,77,bias-calibration,-4800,1248,-2368,,,
190530709327300,71622156482526,78,bias-calibration,-4832,1280,-2368,,,
190530710325900,71622157484360,79,bias-calibration,-4608,1312,-1696,,,
190530711324900,71622158482401,80,bias-calibration,-4544,1120,-1984,,,
190530712337300,71622159482276,81,bias-calibration,-4864,1152,-2112,,,
190530713340800,71622160482276,82,bias-calibration,-4512,1248,-2016,,,
190530714338000,71622161482360,83,bias-calibration,-4800,864,-2624,,,
190530715337100,71622162482860,84,bias-calibration,-4320,1216,-1952,,,
190530716336700,71622163482568,85,bias-calibration,-4992,1216,-1888,,,
190530717337000,71622164482485,86,bias-calibration,-5056,1728,-1600,,,
190530718336700,71622165482943,87,bias-calibration,-4928,1856,-2080,,,
190530719336900,71622166482651,88,bias-calibration,-4960,1024,-2016,,,
190530720336800,71622167482485,89,bias-calibration,-4896,1280,-1920,,,
190530721332900,71622168483401,90,bias-calibration,-5632,1440,-2304,,,
190530722332500,71622169482443,91,bias-calibration,-5152,1632,-2336,,,
190530723332500,71622170482485,92,bias-calibration,-5280,1568,-1984,,,
190530724339000,71622171482318,93,bias-calibration,-4512,1568,-1056,,,
190530725340800,71622172482193,94,bias-calibration,-5088,1504,-2112,,,
190530726337900,71622173482235,95,bias-calibration,-4672,1472,-2048,,,
190530727337200,71622174482485,96,bias-calibration,-4768,1472,-2368,,,
190530728337000,71622175482485,97,bias-calibration,-4352,1088,-2112,,,
190530729337100,71622176482485,98,bias-calibration,-4800,1920,-1760,,,
190530730336900,71622177482485,99,bias-calibration,-4736,1600,-1952,,,
190530731337200,71622178482360,100,bias-calibration,-5248,1600,-1792,,,
190530732337000,71622179482360,101,bias-calibration,-5312,1600,-2336,,,
190530733336800,71622180482610,102,bias-calibration,-4704,1440,-1920,,,
190530734336900,71622181482777,103,bias-calibration,-5152,1728,-2528,,,
190530735337100,71622182482277,104,bias-calibration,-4928,992,-1536,,,
190530736336900,71622183483193,105,bias-calibration,-5120,1440,-2240,,,
190530737332900,71622184482235,106,bias-calibration,-4960,1952,-2368,,,
190530738332900,71622185482318,107,bias-calibration,-4832,1440,-1536,,,
190530739332700,71622186482568,108,bias-calibration,-5056,1856,-2528,,,
190530740420300,71622187482443,109,bias-calibration,-5472,1632,-2272,,,
190530741356700,71622188482527,110,bias-calibration,-5120,1696,-3008,,,
190530742342200,71622189482443,111,bias-calibration,-5600,1312,-1728,,,
190530743337700,71622190483027,112,bias-calibration,-4608,1376,-2112,,,
190530744336800,71622191482318,113,bias-calibration,-5056,1312,-2656,,,
190530745336600,71622192482318,114,bias-calibration,-4384,960,-1472,,,
190530746336900,71622193483777,115,bias-calibration,-5376,1792,-2432,,,
190530747336500,71622194482318,116,bias-calibration,-5184,1760,-2208,,,
190530748338000,71622195482235,117,bias-calibration,-4960,1728,-2400,,,
190530749336500,71622196504110,118,bias-calibration,-5184,1472,-1984,,,
190530750336700,71622197482235,119,bias-calibration,-5088,1984,-1504,,,
190530751336900,71622198482568,120,bias-calibration,-5088,1440,-1952,,,
190530752336500,71622199482402,121,bias-calibration,-4864,1152,-2656,,,
190530753332800,71622200482527,122,bias-calibration,-4288,1472,-1504,,,
190530754332600,71622201482402,123,bias-calibration,-4768,1600,-2176,,,
190530755332500,71622202482568,124,bias-calibration,-4832,1856,-1248,,,
190530756426200,71622203482568,125,bias-calibration,-5216,1728,-2048,,,
190530757351000,71622204482485,126,bias-calibration,-4736,1184,-2048,,,
190530758351000,71622205482318,127,bias-calibration,-4800,1632,-2112,,,
190530759339200,71622206482318,128,bias-calibration,-4960,1920,-2144,,,
190530760335100,71622207483193,129,bias-calibration,-4736,1632,-1536,,,
190530761347800,71622208482318,130,bias-calibration,-5568,1472,-2080,,,
190530762350900,71622209482152,131,bias-calibration,-4864,1504,-2496,,,
190530763347500,71622210483277,132,bias-calibration,-4768,1664,-1952,,,
190530764339900,71622211483527,133,bias-calibration,-5312,1824,-1760,,,
190530765330000,71622212482485,134,bias-calibration,-4928,1952,-1920,,,
190530766323200,71622213482402,135,bias-calibration,-4832,1504,-2272,,,
190530767340400,71622214482402,136,bias-calibration,-4992,1376,-2432,,,
190530768335000,71622215482443,137,bias-calibration,-4608,1664,-1728,,,
190530769335400,71622216482318,138,bias-calibration,-4192,1440,-2720,,,
190530770333800,71622217482527,139,bias-calibration,-5088,1760,-1856,,,
190530771349600,71622218482402,140,bias-calibration,-4448,1216,-2080,,,
190530772339900,71622219482277,141,bias-calibration,-4704,1728,-2336,,,
190530773945500,71622220483943,142,bias-calibration,-4448,1600,-1856,,,
190530774334100,71622221482360,143,bias-calibration,-4864,1760,-2048,,,
190530775334900,71622222482777,144,bias-calibration,-5184,2272,-2016,,,
190530776335700,71622223482443,145,bias-calibration,-4544,1440,-1568,,,
190530777438900,71622224482402,146,bias-calibration,-5216,1760,-1952,,,
190530778336000,71622225482652,147,bias-calibration,-4864,1504,-2656,,,
190530779334700,71622226482402,148,bias-calibration,-4928,1440,-2304,,,
190530780334300,71622227482527,149,bias-calibration,-5216,1440,-2048,,,
190530781329100,71622228482527,150,bias-calibration,-5312,1504,-2144,,,
190530782389200,71622229484777,151,bias-calibration,-4512,1440,-1504,,,
190530783335800,71622230482485,152,bias-calibration,-4928,1536,-2560,,,
190530784334500,71622231482235,153,bias-calibration,-4928,1792,-2208,,,
190530785337300,71622232482360,154,bias-calibration,-4288,1248,-1792,,,
190530786333900,71622233482277,155,bias-calibration,-4800,1600,-1984,,,
190530787588700,71622234482693,156,bias-calibration,-4928,1824,-1600,,,
190530788334600,71622235482443,157,bias-calibration,-4768,1696,-2400,,,
190530789338900,71622236482443,158,bias-calibration,-4768,1664,-2368,,,
190530790343000,71622237482485,159,bias-calibration,-4544,1600,-2176,,,
190530791340400,71622238482402,160,bias-calibration,-4960,1792,-2592,,,
190530792327800,71622239482360,161,bias-calibration,-5344,1408,-1696,,,
190530793334500,71622240483568,162,bias-calibration,-5184,1888,-2304,,,
190530794337800,71622241482402,163,bias-calibration,-4576,1536,-1600,,,
190530795337600,71622242482318,164,bias-calibration,-4352,1312,-1920,,,
190530796336400,71622243482318,165,bias-calibration,-4384,1920,-2560,,,
190530797338100,71622244483360,166,bias-calibration,-4832,1408,-2112,,,
190530798338600,71622245482318,167,bias-calibration,-4704,1280,-1600,,,
190530799338200,71622246497735,168,bias-calibration,-4960,1376,-2304,,,
190530800340000,71622247482527,169,bias-calibration,-4832,2048,-2080,,,
190530801334100,71622248482443,170,bias-calibration,-4832,1216,-1632,,,
190530802336500,71622249483485,171,bias-calibration,-4032,1440,-1824,,,
190530803419000,71622250482485,172,bias-calibration,-5024,1792,-2240,,,
190530804342600,71622251482402,173,bias-calibration,-5344,1600,-2592,,,
190530805459500,71622252482527,174,bias-calibration,-4736,1440,-2560,,,
190530806419700,71622253482443,175,bias-calibration,-4672,1472,-1856,,,
190530807465200,71622254482443,176,bias-calibration,-4768,1632,-2176,,,
190530808422200,71622255482193,177,bias-calibration,-5536,1312,-1920,,,
190530809455900,71622256482277,178,bias-calibration,-4160,1344,-1952,,,
190530810428600,71622257482360,179,bias-calibration,-4608,1760,-2208,,,
190530811437000,71622258482485,180,bias-calibration,-4096,1504,-1728,,,
190530812442600,71622259482527,181,bias-calibration,-5600,1184,-2112,,,
190530813420500,71622260482568,182,bias-calibration,-5024,1184,-1728,,,
190530814429800,71622261484235,183,bias-calibration,-4704,1536,-1760,,,
190530815441300,71622262482485,184,bias-calibration,-4672,1536,-2176,,,
190530816478000,71622263482443,185,bias-calibration,-4448,1440,-2016,,,
190530817414300,71622264485943,186,bias-calibration,-4864,1696,-2048,,,
190530818427300,71622265482443,187,bias-calibration,-4960,1632,-2144,,,
190530819414000,71622266481985,188,bias-calibration,-4704,1728,-2240,,,
190530820489000,71622267482318,189,bias-calibration,-4960,1760,-1984,,,
190530821354600,71622268482360,190,bias-calibration,-5056,1184,-2240,,,
190530822340900,71622269482318,191,bias-calibration,-4320,1568,-1632,,,
190530823336400,71622270482902,192,bias-calibration,-4832,1760,-2432,,,
190530824460800,71622271486568,193,bias-calibration,-4800,1824,-2048,,,
190530825458600,71622272488360,194,bias-calibration,-4928,1504,-1920,,,
190530826457700,71622273490360,195,bias-calibration,-5504,1760,-2848,,,
190530827459100,71622274493652,196,bias-calibration,-4384,1760,-1984,,,
190530828459700,71622275496943,197,bias-calibration,-4576,1088,-1728,,,
190530829328900,71622276484027,198,bias-calibration,-4704,1632,-2112,,,
190530830481500,71622277487568,199,bias-calibration,-5376,1824,-2240,,,
190530831459300,71622278487277,200,bias-calibration,-4896,1312,-2016,,,
190530832457200,71622279486818,201,bias-calibration,-4896,1504,-2112,,,
190530833459000,71622280485777,202,bias-calibration,-4736,1536,-2400,,,
190530834459200,71622281490652,203,bias-calibration,-5184,1536,-1760,,,
190530835356200,71622282489110,204,bias-calibration,-4832,1184,-2048,,,
190530836349300,71622283487027,205,bias-calibration,-5600,1568,-2240,,,
190530837457800,71622284486443,206,bias-calibration,-4800,1536,-2080,,,
190530838519400,71622285488027,207,bias-calibration,-4800,1696,-2208,,,
190530839533500,71622286487777,208,bias-calibration,-5504,1632,-2432,,,
190530840470800,71622287487818,209,bias-calibration,-5088,1088,-2496,,,
190530841454100,71622288485110,210,bias-calibration,-5120,1184,-1792,,,
190530842408100,71622289485777,211,bias-calibration,-4960,1504,-2336,,,
190530843468300,71622290486193,212,bias-calibration,-4288,1568,-2272,,,
190530844483100,71622291488318,213,bias-calibration,-4704,1024,-1728,,,
190530845469100,71622292489818,214,bias-calibration,-4800,1376,-1952,,,
190530846330500,71622293485610,215,bias-calibration,-5280,1248,-1888,,,
190530847336500,71622294487193,216,bias-calibration,-5056,1536,-1760,,,
190530848336600,71622295484443,217,bias-calibration,-4800,1728,-2368,,,
190530849459000,71622296511902,218,bias-calibration,-5216,1536,-2240,,,
190530850457300,71622297487235,219,bias-calibration,-4768,1504,-2656,,,
190530851481700,71622298484527,220,bias-calibration,-4736,1696,-2208,,,
190530852336900,71622299483777,221,bias-calibration,-4960,1632,-2144,,,
190530853463900,71622300487277,222,bias-calibration,-4672,1536,-2016,,,
190530854331700,71622301484860,223,bias-calibration,-4352,1728,-1824,,,
190530855338200,71622302483485,224,bias-calibration,-4544,1184,-2080,,,
190530856462100,71622303488068,225,bias-calibration,-5120,1760,-2560,,,
190530857330300,71622304485110,226,bias-calibration,-4896,1312,-1952,,,
190530858461000,71622305485568,227,bias-calibration,-5088,1472,-2368,,,
190530859330800,71622306483860,228,bias-calibration,-4704,1344,-2112,,,
190530860459600,71622307484943,229,bias-calibration,-4672,1152,-1856,,,
190530861332600,71622308485527,230,bias-calibration,-4576,1152,-2432,,,
190530862461500,71622309486693,231,bias-calibration,-4576,992,-2016,,,
190530863461400,71622310485693,232,bias-calibration,-5024,1184,-1984,,,
190530864461500,71622311486110,233,bias-calibration,-5504,1600,-2240,,,
190530865461300,71622312487152,234,bias-calibration,-5376,1248,-2560,,,
190530866461200,71622313486360,235,bias-calibration,-4800,1408,-1472,,,
190530867343000,71622314484902,236,bias-calibration,-4704,1088,-2272,,,
190530868455400,71622315491943,237,bias-calibration,-4736,1024,-2112,,,
190530869459400,71622316493193,238,bias-calibration,-4832,1056,-2464,,,
190530870331100,71622317486902,239,bias-calibration,-4640,544,-2144,,,
190530871462400,71622318486485,240,bias-calibration,-4896,1280,-1888,,,
190530872462300,71622319487235,241,bias-calibration,-5504,1216,-2432,,,
190530873334900,71622320485985,242,bias-calibration,-4800,832,-1728,,,
190530874337800,71622321487693,243,bias-calibration,-5184,1408,-2400,,,
190530875462300,71622322486985,244,bias-calibration,-4864,1440,-2592,,,
190530876461600,71622323488152,245,bias-calibration,-5536,1536,-2240,,,
190530877461600,71622324493110,246,bias-calibration,-5152,1088,-2432,,,
190530878461200,71622325490360,247,bias-calibration,-5120,1056,-1920,,,
190530879329700,71622326488568,248,bias-calibration,-4832,1280,-2080,,,
190530880333700,71622327484402,249,bias-calibration,-4928,1376,-2336,,,
190530881512700,71622328486443,250,bias-calibration,-5184,1088,-2080,,,
190530882682500,71622329486027,251,bias-calibration,-4960,896,-2144,,,
190530883330300,71622330485402,252,bias-calibration,-4736,1696,-2816,,,
190530884339100,71622331482568,253,bias-calibration,-5120,1248,-2208,,,
190530885339600,71622332482485,254,bias-calibration,-4672,1216,-2144,,,
190530886338200,71622333482568,255,bias-calibration,-5344,1536,-2080,,,
190530887337400,71622334482402,0,bias-calibration,-5408,1120,-2208,,,
190530888337300,71622335482443,1,bias-calibration,-4512,1184,-2176,,,
190530889337300,71622336482318,2,bias-calibration,-5024,1440,-2304,,,
190530890337100,71622337482277,3,bias-calibration,-4992,1472,-2016,,,
190530891337300,71622338482318,4,bias-calibration,-4960,1152,-2720,,,
190530892337200,71622339482235,5,bias-calibration,-5184,1248,-2112,,,
190530893337500,71622340483318,6,bias-calibration,-5088,1120,-1792,,,
190530894337400,71622341482318,7,bias-calibration,-4864,1504,-2144,,,
190530895337200,71622342482485,8,bias-calibration,-4672,864,-2304,,,
190530896333600,71622343482527,9,bias-calibration,-4576,1376,-1760,,,
190530897333000,71622344482527,10,bias-calibration,-4896,1696,-2272,,,
190530898332900,71622345482485,11,bias-calibration,-4800,1056,-2080,,,
190530899338400,71622346506902,12,bias-calibration,-4768,1088,-2304,,,
190530900339800,71622347482443,13,bias-calibration,-5056,928,-2336,,,
190530901338700,71622348482443,14,bias-calibration,-4896,1216,-2240,,,
190530902337500,71622349482277,15,bias-calibration,-5024,1248,-2048,,,
190530903337300,71622350482360,16,bias-calibration,-5312,1536,-2368,,,
190530904337300,71622351484193,17,bias-calibration,-5216,1632,-2464,,,
190530905337400,71622352484152,18,bias-calibration,-4864,1600,-2592,,,
190530906337200,71622353482318,19,bias-calibration,-5024,1312,-2240,,,
190530907337300,71622354483693,20,bias-calibration,-5088,1344,-3008,,,
190530908337100,71622355482527,21,bias-calibration,-5184,1696,-2304,,,
190530909337100,71622356482568,22,bias-calibration,-4640,1472,-1952,,,
190530910337200,71622357485443,23,bias-calibration,-4800,1312,-2464,,,
190530911337200,71622358482485,24,bias-calibration,-5248,1600,-2016,,,
190530912333300,71622359482318,25,bias-calibration,-5696,1696,-2592,,,
190530913333100,71622360482443,26,bias-calibration,-4288,1600,-2432,,,
190530914332100,71622361482735,27,bias-calibration,-4832,1504,-2240,,,
190530915337400,71622362482193,28,bias-calibration,-4544,1056,-2048,,,
190530916334600,71622363482277,29,bias-calibration,-4896,1312,-2176,,,
190530917338400,71622364482193,30,bias-calibration,-5120,1472,-3200,,,
190530918338200,71622365482193,31,bias-calibration,-4608,1600,-1536,,,
190530919337300,71622366482402,32,bias-calibration,-5216,1472,-2304,,,
190530920337300,71622367482443,33,bias-calibration,-5248,1440,-1952,,,
190530921337300,71622368482527,34,bias-calibration,-4576,1120,-2016,,,
190530922337400,71622369482318,35,bias-calibration,-4448,1120,-1792,,,
190530923337200,71622370485360,36,bias-calibration,-5280,1696,-2624,,,
190530924339500,71622371482360,37,bias-calibration,-4960,1344,-2720,,,
190530925336300,71622372482443,38,bias-calibration,-4864,736,-2336,,,
190530926361600,71622373482402,39,bias-calibration,-4160,1088,-2368,,,
190530927337700,71622374483443,40,bias-calibration,-4992,1632,-2304,,,
190530928333000,71622375482277,41,bias-calibration,-4160,1280,-2240,,,
190530929333100,71622376482152,42,bias-calibration,-4896,1344,-2240,,,
190530930332800,71622377483152,43,bias-calibration,-4768,768,-2176,,,
190530931394000,71622378482610,44,bias-calibration,-4768,864,-2592,,,
190530932403800,71622379482360,45,bias-calibration,-4352,1568,-2464,,,
190530934695500,71622380482527,46,bias-calibration,-4960,1472,-2752,,,
190530934718300,71622381483818,47,bias-calibration,-3840,992,-2528,,,
190530935327700,71622382482443,48,bias-calibration,-4864,1216,-2496,,,
190530936331000,71622383482443,49,bias-calibration,-4800,1120,-1664,,,
190530937333100,71622384482235,50,bias-calibration,-5056,1280,-2208,,,
190530938331700,71622385482402,51,bias-calibration,-4736,1184,-2208,,,
190530939331300,71622386483610,52,bias-calibration,-4704,1056,-1984,,,
190530947609400,71622387483402,53,bias-calibration,-4608,1536,-2016,,,
190530947636500,71622388482318,54,bias-calibration,-4448,1184,-2144,,,
190530947643800,71622389482193,55,bias-calibration,-4352,1216,-2560,,,
190530947649700,71622390482443,56,bias-calibration,-4768,1024,-2176,,,
190530947655200,71622391482485,57,bias-calibration,-4640,1280,-2016,,,
190530947660900,71622392484860,58,bias-calibration,-4576,1312,-2688,,,
190530947666500,71622393483318,59,bias-calibration,-4544,1152,-2208,,,
190530947672200,71622394482360,60,bias-calibration,-4832,1312,-2016,,,
190530948332700,71622395482443,61,bias-calibration,-4544,2112,-2624,,,
190530949328100,71622396505610,62,bias-calibration,-4608,1056,-1888,,,
190530950323600,71622397483277,63,bias-calibration,-5120,960,-2368,,,
190530951473600,71622398482443,64,bias-calibration,-5184,1664,-2080,,,
190530952324600,71622399482860,65,bias-calibration,-4672,1280,-2048,,,
190530953328300,71622400483068,66,bias-calibration,-4864,1568,-1920,,,
190530954330100,71622401482235,67,bias-calibration,-4928,1376,-2272,,,
190530955330700,71622402482443,68,bias-calibration,-4608,1120,-2144,,,
190530956326200,71622403482443,69,bias-calibration,-4768,1376,-1856,,,
190530957567900,71622404482360,70,bias-calibration,-4704,1024,-2304,,,
190530958333300,71622405482443,71,bias-calibration,-4416,1312,-2016,,,
190530959364900,71622406482402,72,bias-calibration,-5152,1408,-2400,,,
190530960334300,71622407482985,73,bias-calibration,-4512,960,-2336,,,
190530961349900,71622408482318,74,bias-calibration,-4800,1120,-2240,,,
190530962353500,71622409482277,75,bias-calibration,-4992,1184,-2176,,,
190530963355700,71622410482360,76,bias-calibration,-4768,1088,-2336,,,
190530964363700,71622411482402,77,bias-calibration,-5248,1568,-2880,,,
190530965361500,71622412482068,78,bias-calibration,-4608,992,-2400,,,
190530966342700,71622413483443,79,bias-calibration,-4608,1408,-1952,,,
190530967342800,71622414482443,80,bias-calibration,-5056,1216,-2112,,,
190530968461000,71622415482443,81,bias-calibration,-4736,1632,-2304,,,
190530969340800,71622416482610,82,bias-calibration,-4800,1536,-2560,,,
190530970461700,71622417482402,83,bias-calibration,-4768,1536,-1792,,,
190530971461400,71622418483485,84,bias-calibration,-5248,1440,-2880,,,
190530972443000,71622419482277,85,bias-calibration,-4288,1088,-1952,,,
190530973345600,71622420482235,86,bias-calibration,-4896,1632,-1888,,,
190530974338300,71622421482235,87,bias-calibration,-4512,1312,-2176,,,
190530975334500,71622422483860,88,bias-calibration,-5024,1504,-2080,,,
190530976331800,71622423482235,89,bias-calibration,-5120,1376,-2592,,,
190530977341200,71622424482277,90,bias-calibration,-4672,1344,-2272,,,
190530978356200,71622425482277,91,bias-calibration,-5280,1856,-2592,,,
190530979356400,71622426482402,92,bias-calibration,-4736,1216,-2208,,,
190530980357200,71622427482443,93,bias-calibration,-4416,1280,-2784,,,
190530981360300,71622428482277,94,bias-calibration,-4448,1376,-2400,,,
190530982472900,71622429484152,95,bias-calibration,-5344,1280,-2496,,,
190530983347500,71622430482652,96,bias-calibration,-4768,1376,-2656,,,
190530984359000,71622431482235,97,bias-calibration,-4672,1824,-2496,,,
190530985349100,71622432482402,98,bias-calibration,-5056,1152,-2112,,,
190530986432900,71622433482277,99,bias-calibration,-4384,1376,-2208,,,
190530987352300,71622434482277,100,bias-calibration,-4768,1536,-3008,,,
190530988458300,71622435482277,101,bias-calibration,-4800,960,-2336,,,
190530989349900,71622436482235,102,bias-calibration,-5024,1632,-2208,,,
190530990526000,71622437482277,103,bias-calibration,-4896,1440,-2752,,,
190530991466700,71622438482485,104,bias-calibration,-4768,1728,-2432,,,
190530992438600,71622439482068,105,bias-calibration,-5088,704,-2720,,,
190530993427500,71622440484777,106,bias-calibration,-4512,1664,-2400,,,
190530994346000,71622441482443,107,bias-calibration,-4384,1536,-2336,,,
190530995339100,71622442482402,108,bias-calibration,-5184,1280,-3136,,,
190530996340600,71622443482402,109,bias-calibration,-4384,1280,-2240,,,
190530997502500,71622444482527,110,bias-calibration,-5248,1536,-2016,,,
190530998362100,71622445483402,111,bias-calibration,-4448,1344,-2368,,,
190530999347800,71622446482277,112,bias-calibration,-4544,1248,-2272,,,
190531000519900,71622447482360,113,bias-calibration,-4352,1824,-2208,,,
190531001513900,71622448482277,114,bias-calibration,-4928,1408,-2496,,,
190531002407100,71622449482318,115,bias-calibration,-5344,1440,-2304,,,
190531003470100,71622450482360,116,bias-calibration,-4096,1440,-2688,,,
190531004461700,71622451482360,117,bias-calibration,-5152,1472,-2368,,,
190531005425200,71622452484818,118,bias-calibration,-4288,1376,-2592,,,
190531006419600,71622453482360,119,bias-calibration,-4768,1280,-2368,,,
190531007428900,71622454484610,120,bias-calibration,-4928,1376,-1856,,,
190531008381600,71622455482235,121,bias-calibration,-4576,1312,-2144,,,
190531009448000,71622456482318,122,bias-calibration,-4800,1312,-2656,,,
190531010345700,71622457482652,123,bias-calibration,-4096,1696,-2560,,,
190531011340900,71622458483652,124,bias-calibration,-4320,1376,-2560,,,
190531012349000,71622459482402,125,bias-calibration,-4736,1728,-2240,,,
190531013339800,71622460482235,126,bias-calibration,-4544,1536,-2432,,,
190531014340900,71622461482235,127,bias-calibration,-4320,1088,-2432,,,
190531015443400,71622462482568,128,bias-calibration,-4640,1120,-2784,,,
190531016333100,71622463482443,129,bias-calibration,-4672,1664,-2720,,,
190531017332700,71622464482402,130,bias-calibration,-4352,1184,-2080,,,
190531018329700,71622465482485,131,bias-calibration,-5248,1376,-2784,,,
190531019360100,71622466482193,132,bias-calibration,-5600,1504,-2592,,,
190531020421200,71622467482527,133,bias-calibration,-4032,928,-2144,,,
190531021420700,71622468482402,134,bias-calibration,-4992,1952,-2496,,,
190531022506600,71622469482485,135,bias-calibration,-4608,1536,-2464,,,
190531023507000,71622470494068,136,bias-calibration,-4928,1504,-2400,,,
190531024516400,71622471482360,137,bias-calibration,-4608,1024,-2112,,,
190531025511800,71622472482318,138,bias-calibration,-4928,1472,-2848,,,
190531026474500,71622473482193,139,bias-calibration,-3872,1120,-2336,,,
190531027430800,71622474482527,140,bias-calibration,-5184,1376,-2976,,,
190531028430300,71622475484152,141,bias-calibration,-4960,1344,-2080,,,
190531029434200,71622476482527,142,bias-calibration,-4320,1472,-2304,,,
190531030431200,71622477482610,143,bias-calibration,-4928,1408,-2080,,,
190531031432900,71622478482360,144,bias-calibration,-5152,1216,-2528,,,
190531032430300,71622479482443,145,bias-calibration,-5024,1088,-1984,,,
190531033450500,71622480482652,146,bias-calibration,-4736,1376,-1952,,,
190531034433300,71622481486193,147,bias-calibration,-4736,1664,-2752,,,
190531035471100,71622482482235,148,bias-calibration,-4288,1280,-2144,,,
190531036409400,71622483482152,149,bias-calibration,-4800,1504,-2400,,,
190531037429200,71622484483277,150,bias-calibration,-4544,1632,-2528,,,
190531038420800,71622485482235,151,bias-calibration,-4704,1632,-2368,,,
190531039416400,71622486482652,152,bias-calibration,-4416,1056,-1984,,,
190531040530300,71622487482527,153,bias-calibration,-4640,1632,-2016,,,
190531041468600,71622488484818,154,bias-calibration,-4448,1632,-2080,,,
190531042338100,71622489482402,155,bias-calibration,-3808,1248,-2304,,,
190531043400900,71622490482360,156,bias-calibration,-5088,1504,-2304,,,
190531044388300,71622491482443,157,bias-calibration,-4800,896,-2144,,,
190531045328800,71622492482527,158,bias-calibration,-4800,1184,-2336,,,
190531046396500,71622493482318,159,bias-calibration,-4768,1312,-2464,,,
190531047468900,71622494482693,160,bias-calibration,-4832,1472,-2016,,,
190531048454100,71622495482235,161,bias-calibration,-4480,1280,-2400,,,
190531049432700,71622496482277,162,bias-calibration,-4640,1280,-2112,,,
190531050408000,71622497482277,163,bias-calibration,-4544,1600,-2784,,,
190531051355000,71622498482277,164,bias-calibration,-4320,1504,-3104,,,
190531052354400,71622499483152,165,bias-calibration,-4544,928,-1504,,,
190531053340700,71622500484568,166,bias-calibration,-5120,1312,-2656,,,
190531054337100,71622501483818,167,bias-calibration,-5024,1760,-2976,,,
190531055334400,71622502482402,168,bias-calibration,-4096,992,-1920,,,
190531056341500,71622503481818,169,bias-calibration,-4928,1504,-2208,,,
190531057410900,71622504482443,170,bias-calibration,-5152,1376,-3008,,,
190531058338300,71622505482277,171,bias-calibration,-4736,1088,-1920,,,
190531059339100,71622506482360,172,bias-calibration,-4704,1504,-2080,,,
190531060330800,71622507482235,173,bias-calibration,-4640,1504,-2176,,,
190531061341200,71622508482527,174,bias-calibration,-5056,992,-1632,,,
190531062330700,71622509482318,175,bias-calibration,-4896,928,-2944,,,
190531063328700,71622510482235,176,bias-calibration,-4896,992,-2720,,,
190531064354200,71622511482443,177,bias-calibration,-4288,1152,-2304,,,
190531065343200,71622512482360,178,bias-calibration,-5120,1792,-2496,,,
190531066349000,71622513482360,179,bias-calibration,-4800,1408,-2304,,,
190531067344900,71622514482485,180,bias-calibration,-4736,1504,-2528,,,
190531068349800,71622515482360,181,bias-calibration,-5184,1504,-2848,,,
190531069341800,71622516482318,182,bias-calibration,-4512,1888,-2176,,,
190531070353800,71622517482277,183,bias-calibration,-4416,960,-2080,,,
190531071345800,71622518482277,184,bias-calibration,-4288,1024,-2336,,,
190531072354100,71622519482277,185,bias-calibration,-4960,1472,-2816,,,
190531073346100,71622520482318,186,bias-calibration,-4928,1312,-2048,,,
190531074416500,71622521483652,187,bias-calibration,-4192,1664,-2368,,,
190531075336500,71622522482943,188,bias-calibration,-5376,1536,-2816,,,
190531076340700,71622523482485,189,bias-calibration,-4800,736,-1984,,,
190531077331500,71622524482360,190,bias-calibration,-4672,1120,-2208,,,
190531078329400,71622525482443,191,bias-calibration,-4640,1440,-1984,,,
190531079358100,71622526482235,192,bias-calibration,-5312,1856,-2592,,,
190531080353900,71622527482235,193,bias-calibration,-4928,736,-2112,,,
190531081337600,71622528482485,194,bias-calibration,-4992,1664,-2720,,,
190531082332700,71622529482318,195,bias-calibration,-5344,1248,-1888,,,
190531083424200,71622530483527,196,bias-calibration,-4416,1440,-1984,,,
190531084336200,71622531482360,197,bias-calibration,-5088,1024,-1920,,,
190531085331100,71622532482235,198,bias-calibration,-5088,960,-2112,,,
190531086438800,71622533482277,199,bias-calibration,-4896,1824,-2368,,,
190531087691800,71622534482527,200,bias-calibration,-4096,1440,-2368,,,
190531088346600,71622535482318,201,bias-calibration,-5248,1056,-2880,,,
190531089348700,71622536482443,202,bias-calibration,-4576,1088,-2144,,,
190531090350700,71622537482360,203,bias-calibration,-4864,1600,-2208,,,
190531091357000,71622538482277,204,bias-calibration,-5088,1536,-2208,,,
190531092353900,71622539482277,205,bias-calibration,-4768,1216,-2112,,,
190531093349100,71622540482652,206,bias-calibration,-4832,1408,-1600,,,
190531094336900,71622541483318,207,bias-calibration,-4768,832,-2400,,,
190531095345100,71622542482318,208,bias-calibration,-4576,1120,-2464,,,
190531096335300,71622543482318,209,bias-calibration,-5088,1536,-2208,,,
190531097338000,71622544482193,210,bias-calibration,-4960,1408,-2208,,,
190531098346100,71622545482318,211,bias-calibration,-5280,1664,-2080,,,
190531099376400,71622546483485,212,bias-calibration,-4736,672,-2848,,,
190531100344700,71622547482527,213,bias-calibration,-4864,1344,-2080,,,
190531101339100,71622548482485,214,bias-calibration,-5280,1184,-2496,,,
190531102338900,71622549482360,215,bias-calibration,-5120,1280,-2240,,,
190531103336900,71622550482610,216,bias-calibration,-4256,896,-2080,,,
190531104344400,71622551482360,217,bias-calibration,-4608,1600,-2016,,,
190531105344000,71622552483277,218,bias-calibration,-4672,1024,-2048,,,
190531106343800,71622553482360,219,bias-calibration,-4992,1344,-1792,,,
190531107357000,71622554482193,220,bias-calibration,-5088,1408,-2368,,,
190531108349500,71622555482360,221,bias-calibration,-4992,1440,-2208,,,
190531109356900,71622556482277,222,bias-calibration,-5152,1408,-2656,,,
190531110357900,71622557482193,223,bias-calibration,-4800,1888,-2080,,,
190531111337200,71622558482818,224,bias-calibration,-4896,1792,-2624,,,
190531112346600,71622559482485,225,bias-calibration,-4704,1120,-1376,,,
190531113334800,71622560483985,226,bias-calibration,-4928,1024,-2144,,,
190531114330600,71622561482527,227,bias-calibration,-4896,1568,-2528,,,
190531115330300,71622562482360,228,bias-calibration,-4672,1568,-1824,,,
190531116330500,71622563483235,229,bias-calibration,-4704,1120,-2144,,,
190531117330600,71622564482402,230,bias-calibration,-4640,1472,-2432,,,
190531118330100,71622565482318,231,bias-calibration,-5088,1024,-1824,,,
190531119331600,71622566482318,232,bias-calibration,-4992,1216,-1920,,,
190531120329700,71622567482277,233,bias-calibration,-4736,960,-2144,,,
190531121567200,71622568483110,234,bias-calibration,-4832,928,-1984,,,
190531122340000,71622569482235,235,bias-calibration,-4992,1216,-3200,,,
190531123336000,71622570482860,236,bias-calibration,-4896,1152,-2272,,,
190531124332800,71622571482485,237,bias-calibration,-5376,1344,-2112,,,
190531125333900,71622572482443,238,bias-calibration,-4864,1088,-1888,,,
190531126334100,71622573482402,239,bias-calibration,-5344,1536,-2208,,,
190531127333800,71622574482277,240,bias-calibration,-5024,1984,-2688,,,
190531128336500,71622575482527,241,bias-calibration,-4672,1216,-2144,,,
190531129340100,71622576482402,242,bias-calibration,-4992,1120,-1952,,,
190531130341500,71622577482277,243,bias-calibration,-5280,1472,-2784,,,
190531131350500,71622578482318,244,bias-calibration,-5472,1088,-2432,,,
190531132336000,71622579482318,245,bias-calibration,-4192,1536,-2112,,,
190531133347300,71622580482402,246,bias-calibration,-4832,992,-2272,,,
190531134334400,71622581482360,247,bias-calibration,-4704,1536,-2048,,,
190531135334600,71622582482360,248,bias-calibration,-4704,1088,-1920,,,
190531136504200,71622583482402,249,bias-calibration,-5184,1248,-2144,,,
190531137331400,71622584482402,250,bias-calibration,-4960,1280,-2272,,,
190531138334700,71622585483652,251,bias-calibration,-4864,1824,-1568,,,
190531139339200,71622586482360,252,bias-calibration,-4576,1152,-2304,,,
190531140334700,71622587482277,253,bias-calibration,-5088,1216,-2304,,,
190531141334400,71622588482318,254,bias-calibration,-4960,1600,-2176,,,
190531142339600,71622589482235,255,bias-calibration,-4768,1664,-2016,,,
190531143348400,71622590483110,0,bias-calibration,-4928,1536,-1888,,,
190531144343700,71622591482193,1,bias-calibration,-5120,896,-2016,,,
190531145360100,71622592482193,2,bias-calibration,-4992,1408,-1920,,,
190531146346300,71622593482318,3,bias-calibration,-4928,1024,-2144,,,
190531147331300,71622594482277,4,bias-calibration,-5312,1824,-2432,,,
190531148336500,71622595482943,5,bias-calibration,-5408,1504,-2400,,,
190531149343100,71622596482402,6,bias-calibration,-5120,1216,-2208,,,
190531150340600,71622597482360,7,bias-calibration,-4960,928,-1504,,,
190531151353400,71622598482402,8,bias-calibration,-4544,1600,-2144,,,
190531152342600,71622599482318,9,bias-calibration,-5152,1088,-2464,,,
190531153345600,71622600486277,10,bias-calibration,-4736,1152,-1664,,,
190531154337600,71622601483818,11,bias-calibration,-4608,1600,-2496,,,
190531155335100,71622602482402,12,bias-calibration,-4736,1216,-1728,,,
190531156336500,71622603482402,13,bias-calibration,-4768,1216,-1984,,,
190531157349400,71622604482152,14,bias-calibration,-5472,1216,-2240,,,
190531158341500,71622605482777,15,bias-calibration,-5376,1632,-2432,,,
190531159337100,71622606483652,16,bias-calibration,-4928,1504,-2176,,,
190531160336200,71622607482402,17,bias-calibration,-4704,1600,-1344,,,
190531161335800,71622608482485,18,bias-calibration,-5152,1312,-2048,,,
190531162335600,71622609482360,19,bias-calibration,-5600,1568,-2240,,,
190531163336000,71622610483610,20,bias-calibration,-4736,1440,-1344,,,
190531164335700,71622611482485,21,bias-calibration,-4768,1536,-2304,,,
190531165335600,71622612482235,22,bias-calibration,-4896,1408,-1632,,,
190531166335700,71622613482360,23,bias-calibration,-5216,1664,-2592,,,
190531167335500,71622614482235,24,bias-calibration,-4704,1408,-2016,,,
190531168329000,71622615482277,25,bias-calibration,-5536,1536,-1824,,,
190531169340100,71622616482193,26,bias-calibration,-4768,1728,-1984,,,
190531170360400,71622617484277,27,bias-calibration,-5408,1312,-2208,,,
190531171332200,71622618483735,28,bias-calibration,-4832,1728,-1344,,,
190531172336900,71622619482360,29,bias-calibration,-4768,1632,-1920,,,
190531173335300,71622620482485,30,bias-calibration,-5120,1216,-2400,,,
190531174474200,71622621482402,31,bias-calibration,-4896,1344,-1952,,,
190531175335700,71622622482360,32,bias-calibration,-4672,1472,-1792,,,
190531176336300,71622623482402,33,bias-calibration,-4640,1312,-1536,,,
190531177336100,71622624484735,34,bias-calibration,-5344,1504,-2560,,,
190531178335900,71622625482235,35,bias-calibration,-4640,1728,-2528,,,
190531179335700,71622626482235,36,bias-calibration,-5280,1376,-1664,,,
190531180336200,71622627482485,37,bias-calibration,-4992,1184,-1760,,,
190531181336000,71622628482318,38,bias-calibration,-4832,1408,-1696,,,
190531182332200,71622629482235,39,bias-calibration,-4320,1376,-2624,,,
190531183331800,71622630482235,40,bias-calibration,-5024,1376,-2432,,,
190531184345100,71622631482777,41,bias-calibration,-5056,1600,-2336,,,
190531185340200,71622632482402,42,bias-calibration,-5216,1568,-1472,,,
190531186338300,71622633482443,43,bias-calibration,-4960,1472,-2368,,,
190531187336600,71622634482777,44,bias-calibration,-4896,1280,-1824,,,
190531188336400,71622635482318,45,bias-calibration,-4512,1184,-1696,,,
190531189335900,71622636482277,46,bias-calibration,-4992,1504,-2240,,,
190531190577000,71622637482360,47,bias-calibration,-5088,1376,-2048,,,
190531191331000,71622638482277,48,bias-calibration,-5376,1280,-2304,,,
190531192336800,71622639482235,49,bias-calibration,-4736,1216,-2560,,,
190531193336400,71622640482277,50,bias-calibration,-5536,1440,-2080,,,
190531194336100,71622641482152,51,bias-calibration,-5088,1696,-2048,,,
190531195336100,71622642482443,52,bias-calibration,-5120,1472,-2336,,,
190531196336000,71622643482443,53,bias-calibration,-5376,1888,-2688,,,
190531197336100,71622644482402,54,bias-calibration,-4224,1088,-1600,,,
190531198336300,71622645482443,55,bias-calibration,-4672,1440,-2624,,,
190531199336100,71622646482360,56,bias-calibration,-5216,1216,-2560,,,
190531200351600,71622647482943,57,bias-calibration,-5312,1824,-1696,,,
190531201335300,71622648482318,58,bias-calibration,-4928,1216,-2368,,,
190531202336000,71622649482235,59,bias-calibration,-4832,1472,-2336,,,
190531203336700,71622650482318,60,bias-calibration,-5216,1664,-2400,,,
190531204336500,71622651482235,61,bias-calibration,-4832,1568,-2048,,,
190531205336600,71622652482235,62,bias-calibration,-4896,1696,-2080,,,
190531206336500,71622653483652,63,bias-calibration,-5088,1504,-1472,,,
190531207336400,71622654482152,64,bias-calibration,-5120,1504,-2304,,,
190531208336600,71622655482485,65,bias-calibration,-4544,1472,-1856,,,
190531209336400,71622656482443,66,bias-calibration,-4320,1504,-2048,,,
190531210336200,71622657483485,67,bias-calibration,-5184,1152,-2144,,,
190531211336400,71622658482360,68,bias-calibration,-4800,1312,-1600,,,
190531212336200,71622659482277,69,bias-calibration,-4320,1504,-1248,,,
190531213335400,71622660482443,70,bias-calibration,-4640,1568,-1952,,,
190531214336300,71622661483152,71,bias-calibration,-5248,1152,-2592,,,
190531215336600,71622662482318,72,bias-calibration,-4576,1792,-2240,,,
190531216337600,71622663483485,73,bias-calibration,-4800,1984,-2240,,,
190531217456500,71622664487277,74,bias-calibration,-4864,1504,-2368,,,
190531218348700,71622665482402,75,bias-calibration,-5056,1792,-2592,,,
190531219377100,71622666482152,76,bias-calibration,-4928,1248,-1536,,,
190531220329600,71622667482568,77,bias-calibration,-4992,1760,-1760,,,
190531221458000,71622668482443,78,bias-calibration,-5120,1664,-2336,,,
190531222338700,71622669482193,79,bias-calibration,-4672,1120,-2720,,,
190531223341100,71622670483402,80,bias-calibration,-4768,1792,-2016,,,
190531224432100,71622671482360,81,bias-calibration,-4864,1600,-2048,,,
190531225359700,71622672482360,82,bias-calibration,-4704,1824,-2208,,,
190531226340800,71622673482318,83,bias-calibration,-4576,1760,-2336,,,
190531227333000,71622674483068,84,bias-calibration,-4288,1472,-1952,,,
190531228333100,71622675482360,85,bias-calibration,-5024,1440,-2048,,,
190531229336300,71622676482443,86,bias-calibration,-5024,1760,-2176,,,
190531230331200,71622677482193,87,bias-calibration,-5152,1824,-2656,,,
190531231341300,71622678482193,88,bias-calibration,-4384,960,-1504,,,
190531232346700,71622679482110,89,bias-calibration,-4864,1408,-2016,,,
190531233328700,71622680482568,90,bias-calibration,-5280,1472,-2752,,,
190531234333300,71622681482318,91,bias-calibration,-5216,1472,-2208,,,
190531235335900,71622682482443,92,bias-calibration,-4640,1600,-1728,,,
190531236336200,71622683482402,93,bias-calibration,-5472,1600,-2080,,,
190531237336100,71622684482402,94,bias-calibration,-4960,1408,-2400,,,
190531238335900,71622685482318,95,bias-calibration,-4960,1856,-2208,,,
190531239336100,71622686482693,96,bias-calibration,-4192,1472,-1888,,,
190531240335900,71622687482277,97,bias-calibration,-4256,1216,-1696,,,
190531241336100,71622688482318,98,bias-calibration,-4512,1312,-2304,,,
190531242336000,71622689483860,99,bias-calibration,-4448,1472,-2112,,,
190531243336100,71622690482277,100,bias-calibration,-5184,1760,-2080,,,
190531244335900,71622691482360,101,bias-calibration,-4768,1152,-2208,,,
190531245336200,71622692482443,102,bias-calibration,-4864,1696,-1920,,,
190531246334900,71622693482360,103,bias-calibration,-5120,1152,-992,,,
190531247336100,71622694482568,104,bias-calibration,-4736,1376,-2432,,,
190531248353800,71622695482360,105,bias-calibration,-5120,1248,-1888,,,
190531249424800,71622696482318,106,bias-calibration,-4320,1408,-1504,,,
190531250350900,71622697482485,107,bias-calibration,-5088,1536,-2112,,,
190531251458600,71622698482360,108,bias-calibration,-5376,1504,-2432,,,
190531252361200,71622699483152,109,bias-calibration,-4896,1632,-2272,,,
190531253337900,71622700483818,110,bias-calibration,-4672,1440,-2240,,,
190531254336700,71622701482193,111,bias-calibration,-4672,960,-2240,,,
190531255335600,71622702482318,112,bias-calibration,-5184,1344,-2496,,,
190531256334100,71622703482443,113,bias-calibration,-4736,1472,-1824,,,
190531257323700,71622704482485,114,bias-calibration,-5440,2016,-2048,,,
190531258330900,71622705482402,115,bias-calibration,-5056,1248,-1984,,,
190531259335300,71622706482402,116,bias-calibration,-4768,1280,-2208,,,
190531260330900,71622707482402,117,bias-calibration,-4640,2208,-1760,,,
190531261330500,71622708482360,118,bias-calibration,-4864,1312,-1600,,,
190531262336100,71622709484735,119,bias-calibration,-5024,1536,-2208,,,
190531263335300,71622710482318,120,bias-calibration,-4736,1472,-2016,,,
190531264336700,71622711482235,121,bias-calibration,-4480,1376,-2208,,,
190531265365200,71622712482318,122,bias-calibration,-5120,1280,-1952,,,
190531266453600,71622713482152,123,bias-calibration,-5472,1408,-2080,,,
190531267339700,71622714482277,124,bias-calibration,-4864,1632,-2208,,,
190531268345800,71622715482193,125,bias-calibration,-4672,1344,-2016,,,
190531269344700,71622716482110,126,bias-calibration,-4864,1152,-2080,,,
190531270344400,71622717482610,127,bias-calibration,-5184,1504,-2560,,,
190531271342700,71622718482360,128,bias-calibration,-5248,1696,-1856,,,
190531272339000,71622719482360,129,bias-calibration,-4928,1376,-1952,,,
190531273342300,71622720482318,130,bias-calibration,-4320,1504,-1824,,,
190531274344200,71622721482527,131,bias-calibration,-4864,1376,-1920,,,
190531275339100,71622722482360,132,bias-calibration,-5248,1728,-2176,,,
190531276336800,71622723482318,133,bias-calibration,-5184,1856,-1952,,,
190531277335800,71622724483860,134,bias-calibration,-5408,1472,-2112,,,
190531278335700,71622725483610,135,bias-calibration,-5120,1184,-2304,,,
190531279335200,71622726482235,136,bias-calibration,-4640,1664,-2464,,,
190531280352100,71622727482443,137,bias-calibration,-4416,1408,-1600,,,
190531281345500,71622728482443,138,bias-calibration,-4672,1120,-2688,,,
190531282332100,71622729482527,139,bias-calibration,-4832,1120,-2016,,,
190531283334800,71622730483652,140,bias-calibration,-5056,1152,-2112,,,
190531284333500,71622731482485,141,bias-calibration,-5312,1024,-2080,,,
190531285337500,71622732482402,142,bias-calibration,-4992,1696,-1792,,,
190531286336400,71622733482235,143,bias-calibration,-4736,1184,-2176,,,
190531287336300,71622734482318,144,bias-calibration,-4896,1248,-1888,,,
190531288336100,71622735482110,145,bias-calibration,-5120,1600,-2080,,,
190531289335800,71622736482443,146,bias-calibration,-5056,1408,-1792,,,
190531290336100,71622737482360,147,bias-calibration,-4576,1344,-2240,,,
190531291335900,71622738482068,148,bias-calibration,-5472,1760,-3136,,,
190531292335900,71622739482527,149,bias-calibration,-5344,1600,-2048,,,
190531293336000,71622740482443,150,bias-calibration,-5472,1920,-2112,,,
190531294335700,71622741482443,151,bias-calibration,-5088,1600,-2400,,,
190531295335800,71622742482360,152,bias-calibration,-4480,928,-1824,,,
190531296352200,71622743482318,153,bias-calibration,-4544,1216,-1824,,,
190531297344900,71622744483485,154,bias-calibration,-4992,1824,-2816,,,
190531298331900,71622745482318,155,bias-calibration,-5120,1408,-1888,,,
190531299331700,71622746482277,156,bias-calibration,-5024,1312,-1472,,,
190531300336700,71622747482402,157,bias-calibration,-5120,1344,-2208,,,
190531301336600,71622748483318,158,bias-calibration,-5152,1664,-2368,,,
190531302336300,71622749482235,159,bias-calibration,-4128,1312,-1440,,,
190531303336400,71622750482402,160,bias-calibration,-5056,1600,-2240,,,
190531304336300,71622751482485,161,bias-calibration,-4736,1504,-1984,,,
190531305336200,71622752482485,162,bias-calibration,-4864,1408,-2304,,,
190531306336700,71622753482527,163,bias-calibration,-4928,1248,-1600,,,
190531307336300,71622754482360,164,bias-calibration,-4704,1472,-2304,,,
190531308336300,71622755482360,165,bias-calibration,-4832,992,-2336,,,
190531309336400,71622756482402,166,bias-calibration,-4960,1440,-1952,,,
190531310336200,71622757482318,167,bias-calibration,-4608,1248,-2944,,,
190531311336100,71622758483652,168,bias-calibration,-4736,864,-1824,,,
190531312680600,71622759482235,169,bias-calibration,-4768,1184,-2240,,,
190531313445300,71622760482235,170,bias-calibration,-4768,1472,-1984,,,
190531314438300,71622761482527,171,bias-calibration,-4384,1184,-2240,,,
190531315461300,71622762482110,172,bias-calibration,-4960,1888,-1728,,,
190531316483000,71622763482193,173,bias-calibration,-4512,1760,-2176,,,
190531317504500,71622764482568,174,bias-calibration,-4608,1376,-2464,,,
190531318525200,71622765482318,175,bias-calibration,-5568,1280,-2464,,,
190531319557400,71622766482402,176,bias-calibration,-4896,1056,-2208,,,
190531320514500,71622767482318,177,bias-calibration,-4864,1216,-2432,,,
190531321533800,71622768482318,178,bias-calibration,-4896,1792,-2112,,,
190531322507600,71622769482318,179,bias-calibration,-4288,928,-1472,,,
190531323551500,71622770482360,180,bias-calibration,-4800,1440,-1984,,,
190531324958100,71622771483068,181,bias-calibration,-4864,1312,-2240,,,
190531325509100,71622772482318,182,bias-calibration,-5248,896,-1824,,,
190531327050800,71622773482235,183,bias-calibration,-4736,992,-1664,,,
190531327431200,71622774482193,184,bias-calibration,-4576,1056,-1920,,,
190531328525300,71622775482318,185,bias-calibration,-4640,1664,-1888,,,
190531329532900,71622776482443,186,bias-calibration,-5280,1056,-2304,,,
190531330563200,71622777482860,187,bias-calibration,-4864,928,-2464,,,
190531331509000,71622778484277,188,bias-calibration,-4448,1024,-1952,,,
190531332497000,71622779482235,189,bias-calibration,-4640,1120,-1696,,,
190531333440500,71622780483693,190,bias-calibration,-4864,1120,-2048,,,
190531334484300,71622781482360,191,bias-calibration,-4320,1632,-2272,,,
190531335475600,71622782482235,192,bias-calibration,-4448,1184,-2240,,,
190531336456400,71622783481943,193,bias-calibration,-4864,1024,-2496,,,
190531337470200,71622784482193,194,bias-calibration,-4736,832,-2304,,,
190531338471000,71622785482152,195,bias-calibration,-4224,1280,-2112,,,
190531339428900,71622786482443,196,bias-calibration,-4576,1344,-1760,,,
190531340457800,71622787482152,197,bias-calibration,-4800,1152,-2112,,,
190531341445600,71622788483027,198,bias-calibration,-4768,960,-2144,,,
190531342333500,71622789482318,199,bias-calibration,-4864,1408,-2208,,,
190531343332600,71622790482360,200,bias-calibration,-4768,1152,-2560,,,
190531344340800,71622791482485,201,bias-calibration,-4832,1056,-1952,,,
190531345338600,71622792482318,202,bias-calibration,-4576,1312,-2592,,,
190531346336100,71622793482360,203,bias-calibration,-4256,1472,-1824,,,
190531347337300,71622794482318,204,bias-calibration,-5152,1152,-1664,,,
190531348336700,71622795483277,205,bias-calibration,-4896,1088,-2176,,,
190531349336500,71622796482277,206,bias-calibration,-4800,1376,-1984,,,
190531350337000,71622797482193,207,bias-calibration,-5024,1632,-2144,,,
190531351337000,71622798482277,208,bias-calibration,-4768,1216,-1344,,,
190531352336200,71622799482152,209,bias-calibration,-4608,1024,-2016,,,
190531353336400,71622800482277,210,bias-calibration,-4832,1216,-2816,,,
190531354336700,71622801484027,211,bias-calibration,-4320,1312,-1792,,,
190531355335800,71622802482360,212,bias-calibration,-5280,1120,-1984,,,
190531356336700,71622803482402,213,bias-calibration,-4864,1312,-2176,,,
190531357334700,71622804482318,214,bias-calibration,-5120,1568,-3040,,,
190531358336400,71622805482318,215,bias-calibration,-5280,1600,-2144,,,
190531359329600,71622806482360,216,bias-calibration,-5056,1408,-2240,,,
190531360336300,71622807482193,217,bias-calibration,-4736,1056,-2912,,,
190531361342700,71622808482193,218,bias-calibration,-5376,1408,-2368,,,
190531362338300,71622809482193,219,bias-calibration,-5056,1408,-2624,,,
190531363336700,71622810483568,220,bias-calibration,-4640,1024,-2400,,,
190531364337400,71622811482193,221,bias-calibration,-4704,1568,-2432,,,
190531365336400,71622812482360,222,bias-calibration,-4608,992,-1856,,,
190531366337400,71622813482902,223,bias-calibration,-4576,1312,-1824,,,
190531367336500,71622814482360,224,bias-calibration,-4864,992,-2016,,,
190531368335700,71622815482360,225,bias-calibration,-4928,1088,-2336,,,
190531369336400,71622816482443,226,bias-calibration,-5056,960,-2080,,,
190531370336600,71622817482277,227,bias-calibration,-4960,1248,-2720,,,
190531371336500,71622818482318,228,bias-calibration,-4832,1024,-2240,,,
190531372336800,71622819482193,229,bias-calibration,-5024,1536,-2688,,,
190531373336200,71622820482443,230,bias-calibration,-5408,1184,-2336,,,
190531374336100,71622821482318,231,bias-calibration,-4640,832,-2336,,,
190531375330200,71622822482152,232,bias-calibration,-5472,1696,-2528,,,
190531376340600,71622823482318,233,bias-calibration,-4960,1664,-2176,,,
190531377338600,71622824482402,234,bias-calibration,-4704,1120,-1632,,,
190531378337100,71622825482360,235,bias-calibration,-5024,1440,-2080,,,
190531379335100,71622826482402,236,bias-calibration,-4928,1248,-2560,,,
190531380336500,71622827482235,237,bias-calibration,-4448,1472,-2240,,,
190531381336900,71622828482318,238,bias-calibration,-5056,1760,-2656,,,
190531382336200,71622829482277,239,bias-calibration,-4544,896,-2016,,,
190531383778000,71622830481985,240,bias-calibration,-4768,1824,-2336,,,
190531384335800,71622831482277,241,bias-calibration,-4192,1344,-1920,,,
190531385337100,71622832482193,242,bias-calibration,-4832,800,-2368,,,
190531386336500,71622833482193,243,bias-calibration,-4800,1472,-2400,,,
190531387336700,71622834482068,244,bias-calibration,-4512,1024,-2464,,,
190531388335700,71622835481777,245,bias-calibration,-4864,928,-2176,,,
190531389336200,71622836482443,246,bias-calibration,-4736,960,-2560,,,
190531390334900,71622837483527,247,bias-calibration,-4288,1184,-2080,,,
190531391333700,71622838482443,248,bias-calibration,-4224,1312,-2112,,,
190531392339700,71622839482235,249,bias-calibration,-5184,1056,-2304,,,
190531393335300,71622840482360,250,bias-calibration,-4800,1312,-2016,,,
190531394334800,71622841482235,251,bias-calibration,-4992,1056,-2400,,,
190531395330400,71622842482235,252,bias-calibration,-4320,1280,-2144,,,
190531396333600,71622843482277,253,bias-calibration,-4800,1536,-1600,,,
190531397335000,71622844482277,254,bias-calibration,-4064,1184,-2016,,,
190531398333000,71622845482360,255,bias-calibration,-5152,1088,-1792,,,
190531399332800,71622846482277,0,bias-calibration,-4736,1344,-2528,,,
190531400347300,71622847482277,1,bias-calibration,-3904,960,-1536,,,
190531401343100,71622848483902,2,bias-calibration,-4576,1376,-2368,,,
190531402338800,71622849482443,3,bias-calibration,-4992,1728,-2240,,,
190531403336500,71622850482568,4,bias-calibration,-4768,960,-2272,,,
190531404335600,71622851482402,5,bias-calibration,-4768,1344,-2592,,,
190531405336100,71622852482360,6,bias-calibration,-5312,1312,-2720,,,
190531406336000,71622853482360,7,bias-calibration,-5184,1184,-2272,,,
190531407353900,71622854482318,8,bias-calibration,-4768,1664,-2144,,,
190531408333700,71622855482318,9,bias-calibration,-5024,1312,-2208,,,
190531409339400,71622856482235,10,bias-calibration,-4864,1600,-2496,,,
190531410338000,71622857482110,11,bias-calibration,-4800,1632,-2656,,,
190531411336700,71622858482360,12,bias-calibration,-4544,864,-1600,,,
190531412335900,71622859482152,13,bias-calibration,-5088,1632,-2368,,,
190531413336100,71622860483902,14,bias-calibration,-4800,1760,-2656,,,
190531414336200,71622861482402,15,bias-calibration,-4896,1504,-2080,,,
190531415336100,71622862482902,16,bias-calibration,-4352,1184,-1504,,,
190531416336200,71622863482443,17,bias-calibration,-5408,1024,-2944,,,
190531417336100,71622864482235,18,bias-calibration,-4832,1120,-2368,,,
190531418336500,71622865482402,19,bias-calibration,-4224,960,-1408,,,
190531419335500,71622866482193,20,bias-calibration,-4864,1408,-1536,,,
190531420335900,71622867482110,21,bias-calibration,-5088,1696,-2496,,,
190531421336700,71622868482360,22,bias-calibration,-4864,1280,-1952,,,
190531422335900,71622869482193,23,bias-calibration,-5152,1728,-2304,,,
190531423369300,71622870482193,24,bias-calibration,-5152,1632,-1984,,,
190531424337900,71622871482152,25,bias-calibration,-4960,1664,-2496,,,
190531425338200,71622872482235,26,bias-calibration,-4512,1696,-1664,,,
190531426336700,71622873482402,27,bias-calibration,-4992,1248,-2048,,,
190531427336800,71622874482360,28,bias-calibration,-5024,928,-2944,,,
190531428336500,71622875482360,29,bias-calibration,-5280,1760,-2464,,,
190531429336000,71622876482319,30,bias-calibration,-4480,992,-2304,,,
190531430336200,71622877482319,31,bias-calibration,-5280,1344,-2080,,,
190531431335800,71622878483069,32,bias-calibration,-5088,1440,-1920,,,
190531432336100,71622879482235,33,bias-calibration,-4800,1920,-3136,,,
190531433336400,71622880482277,34,bias-calibration,-4480,1280,-2080,,,
190531434336100,71622881482235,35,bias-calibration,-5856,1536,-2560,,,
190531435336200,71622882482277,36,bias-calibration,-4704,1344,-2080,,,
190531436336500,71622883482277,37,bias-calibration,-4864,1312,-2048,,,
190531437336100,71622884482235,38,bias-calibration,-4800,1536,-2464,,,
190531438336400,71622885482402,39,bias-calibration,-4672,1536,-2432,,,
190531439329500,71622886482360,40,bias-calibration,-4768,1696,-2688,,,
190531440337800,71622887483735,41,bias-calibration,-5024,1472,-2656,,,
190531441339600,71622888482277,42,bias-calibration,-4896,1632,-2464,,,
190531442337900,71622889482319,43,bias-calibration,-5312,1152,-2048,,,
190531443337200,71622890482360,44,bias-calibration,-4992,1152,-2528,,,
190531444336500,71622891482235,45,bias-calibration,-4576,1312,-2048,,,
190531445336300,71622892482235,46,bias-calibration,-4672,1824,-2240,,,
190531446336600,71622893482277,47,bias-calibration,-4512,1536,-2432,,,
190531447336500,71622894482152,48,bias-calibration,-4512,1120,-2176,,,
190531448337100,71622895482360,49,bias-calibration,-5312,1600,-2656,,,
190531449336100,71622896482110,50,bias-calibration,-5088,1056,-2368,,,
190531450336700,71622897484694,51,bias-calibration,-4672,1664,-2720,,,
190531451336200,71622898482444,52,bias-calibration,-4768,1664,-2656,,,
190531452337100,71622899482360,53,bias-calibration,-4224,1280,-1792,,,
190531453336400,71622900482360,54,bias-calibration,-4480,1056,-2624,,,
190531454336900,71622901482277,55,bias-calibration,-4832,1120,-2624,,,
190531455328100,71622902482277,56,bias-calibration,-4672,1248,-2048,,,
190531456332300,71622903482235,57,bias-calibration,-5152,1440,-2016,,,
190531457329000,71622904482194,58,bias-calibration,-4672,1408,-3136,,,
190531458328300,71622905482277,59,bias-calibration,-4224,1152,-1664,,,
190531459335900,71622906482235,60,bias-calibration,-4544,768,-2336,,,
190531460337600,71622907485152,61,bias-calibration,-5184,1248,-2720,,,
190531461336500,71622908482110,62,bias-calibration,-4864,1312,-2752,,,
190531462336600,71622909482319,63,bias-calibration,-4224,1344,-2560,,,
190531463336700,71622910482485,64,bias-calibration,-5216,1312,-2368,,,
190531464336100,71622911482402,65,bias-calibration,-5024,1024,-1472,,,
190531465331000,71622912483027,66,bias-calibration,-4768,1440,-2464,,,
190531466336900,71622913482319,67,bias-calibration,-4832,1472,-2432,,,
190531467336500,71622914482277,68,bias-calibration,-4704,992,-2496,,,
190531468336300,71622915482402,69,bias-calibration,-5248,1088,-1568,,,
190531469336400,71622916482194,70,bias-calibration,-5248,1504,-3072,,,
190531470336200,71622917482277,71,bias-calibration,-4224,1184,-1792,,,
190531471328500,71622918482277,72,bias-calibration,-4800,1472,-2592,,,
190531472333200,71622919482235,73,bias-calibration,-5376,1504,-2464,,,
190531473331900,71622920482319,74,bias-calibration,-4288,1344,-2208,,,
190531474332800,71622921482360,75,bias-calibration,-4480,1056,-2080,,,
190531475340100,71622922482360,76,bias-calibration,-5024,1440,-2880,,,
190531476338000,71622923482360,77,bias-calibration,-4448,1312,-2208,,,
190531477335800,71622924482569,78,bias-calibration,-4576,1568,-2624,,,
190531478335700,71622925482277,79,bias-calibration,-5056,1632,-1856,,,
190531479335000,71622926482152,80,bias-calibration,-4736,1408,-2976,,,
190531480335700,71622927482277,81,bias-calibration,-4224,1184,-2112,,,
190531481335700,71622928482235,82,bias-calibration,-4704,1152,-2816,,,
190531482335900,71622929481902,83,bias-calibration,-4960,1792,-2528,,,
190531483967000,71622930482152,84,bias-calibration,-4416,1216,-2368,,,
190531484334500,71622931484152,85,bias-calibration,-4608,960,-2016,,,
190531485338200,71622932482194,86,bias-calibration,-5024,1184,-2208,,,
190531486336200,71622933482444,87,bias-calibration,-4416,1056,-2048,,,
190531487332800,71622934482360,88,bias-calibration,-4608,1824,-2080,,,
190531488333200,71622935482360,89,bias-calibration,-4896,1312,-1920,,,
190531489332600,71622936482319,90,bias-calibration,-4864,1664,-2240,,,
190531490338200,71622937483777,91,bias-calibration,-4800,1184,-2912,,,
190531492651900,71622938482360,92,bias-calibration,-4800,1760,-3040,,,
190531492676600,71622939482235,93,bias-calibration,-4512,1440,-2240,,,
190531493334100,71622940495110,94,bias-calibration,-5152,1728,-2080,,,
190531494332400,71622941482194,95,bias-calibration,-4800,1440,-2880,,,
190531495333800,71622942482152,96,bias-calibration,-4736,1472,-2240,,,
190531496334800,71622943483735,97,bias-calibration,-4672,1120,-1856,,,
190531498155600,71622944482444,98,bias-calibration,-4512,1120,-1728,,,
190531498332900,71622945482319,99,bias-calibration,-4640,1600,-2464,,,
190531504033700,71622946482360,100,bias-calibration,-5376,1408,-2592,,,
190531504060400,71622947482485,101,bias-calibration,-4512,1184,-2240,,,
190531504066100,71622948482527,102,bias-calibration,-4512,1120,-2336,,,
190531504070300,71622949482444,103,bias-calibration,-5216,1344,-2784,,,
190531504074300,71622950482360,104,bias-calibration,-4800,1280,-1920,,,
190531504424400,71622951482360,105,bias-calibration,-4992,1056,-2592,,,
190531505327700,71622952482319,106,bias-calibration,-4960,1312,-2240,,,
190531506358300,71622953482194,107,bias-calibration,-4928,1440,-2496,,,
190531507338000,71622954482027,108,bias-calibration,-4192,1568,-2080,,,
190531508335800,71622955483652,109,bias-calibration,-5184,1184,-1952,,,
190531509337100,71622956482152,110,bias-calibration,-4992,1408,-3104,,,
190531510336700,71622957482485,111,bias-calibration,-4992,1600,-2912,,,
190531511680700,71622958482277,112,bias-calibration,-4736,1408,-2240,,,
190531512333900,71622959482360,113,bias-calibration,-5280,1280,-2464,,,
190531513336200,71622960482360,114,bias-calibration,-4256,1216,-2016,,,
190531514336200,71622961483069,115,bias-calibration,-4512,1248,-2080,,,
190531515336100,71622962482319,116,bias-calibration,-4832,1216,-2208,,,
190531516335600,71622963482194,117,bias-calibration,-4928,1408,-1888,,,
190531517338100,71622964482444,118,bias-calibration,-5024,2112,-2368,,,
190531518336200,71622965482194,119,bias-calibration,-4288,960,-2336,,,
190531519340800,71622966482235,120,bias-calibration,-4640,1216,-1952,,,
190531520473500,71622967482235,121,bias-calibration,-4416,1088,-2336,,,
190531521334000,71622968482152,122,bias-calibration,-4576,1152,-2560,,,
190531522330000,71622969482110,123,bias-calibration,-4896,1344,-2112,,,
190531523327300,71622970495652,124,bias-calibration,-4736,864,-2112,,,
190531524329600,71622971482652,125,bias-calibration,-5216,1344,-2400,,,
190531525328900,71622972482444,126,bias-calibration,-4800,1152,-1856,,,
190531526329600,71622973482277,127,bias-calibration,-5344,1056,-2176,,,
190531527328700,71622974482360,128,bias-calibration,-5024,992,-1760,,,
190531528329700,71622975482194,129,bias-calibration,-4992,736,-2176,,,
190531529327500,71622976482610,130,bias-calibration,-4608,1440,-2240,,,
190531530333800,71622977482319,131,bias-calibration,-5184,1088,-3104,,,
190531531338400,71622978482277,132,bias-calibration,-4576,1312,-1792,,,
190531532336700,71622979482152,133,bias-calibration,-5120,1376,-2336,,,
190531533334800,71622980482152,134,bias-calibration,-4096,1120,-1888,,,
190531534335800,71622981482235,135,bias-calibration,-4928,1152,-2400,,,
190531535337100,71622982482360,136,bias-calibration,-4512,1440,-2144,,,
190531536387400,71622983482194,137,bias-calibration,-4896,1408,-2752,,,
190531537362400,71622984485777,138,bias-calibration,-4896,864,-1888,,,
190531538343400,71622985482235,139,bias-calibration,-5184,1568,-2720,,,
190531539333500,71622986482319,140,bias-calibration,-4928,1536,-2208,,,
190531540511500,71622987482569,141,bias-calibration,-4384,1120,-3200,,,
190531542142200,71622988482110,142,bias-calibration,-4512,1120,-1760,,,
190531542325200,71622989482319,143,bias-calibration,-5280,1056,-2112,,,
190531543348400,71622990482194,144,bias-calibration,-4480,1760,-2176,,,
190531544339800,71622991484735,145,bias-calibration,-4864,1120,-2208,,,
190531545336100,71622992482235,146,bias-calibration,-4608,576,-1600,,,
190531546337000,71622993482152,147,bias-calibration,-4736,992,-2144,,,
190531547336500,71622994482360,148,bias-calibration,-5120,1120,-2240,,,
190531548336800,71622995482360,149,bias-calibration,-4864,1024,-2176,,,
190531549336700,71622996482194,150,bias-calibration,-4544,928,-1600,,,
190531550336900,71622997483569,151,bias-calibration,-4928,1152,-2016,,,
190531551355300,71622998482277,152,bias-calibration,-4960,1344,-2336,,,
190531552336700,71622999482319,153,bias-calibration,-4896,1248,-1792,,,
190531553332500,71623000482277,154,bias-calibration,-4896,1024,-2272,,,
190531554338000,71623001482277,155,bias-calibration,-4800,1056,-1984,,,
190531555337100,71623002483652,156,bias-calibration,-5024,800,-1728,,,
190531556336300,71623003482110,157,bias-calibration,-5120,1248,-2592,,,
190531557337300,71623004482110,158,bias-calibration,-5376,1664,-2272,,,
190531558337000,71623005482110,159,bias-calibration,-4320,960,-1664,,,
190531559337000,71623006484152,160,bias-calibration,-4768,928,-2304,,,
190531560336800,71623007482360,161,bias-calibration,-4640,1632,-2112,,,
190531561337200,71623008482194,162,bias-calibration,-5280,1632,-2048,,,
190531562336900,71623009482360,163,bias-calibration,-4224,1216,-1664,,,
190531563337300,71623010482444,164,bias-calibration,-5440,1440,-2496,,,
190531564336600,71623011482444,165,bias-calibration,-4064,1088,-1472,,,
190531565337000,71623012482235,166,bias-calibration,-5760,1408,-2944,,,
190531566332100,71623013483819,167,bias-calibration,-4928,1088,-2880,,,
190531567337600,71623014483777,168,bias-calibration,-4832,1344,-2272,,,
190531568337600,71623015482152,169,bias-calibration,-4800,1792,-1504,,,
190531569344700,71623016482152,170,bias-calibration,-4864,1024,-2752,,,
190531570339800,71623017482069,171,bias-calibration,-5280,1248,-1760,,,
190531571337600,71623018483194,172,bias-calibration,-4768,1216,-2240,,,
190531572336900,71623019482402,173,bias-calibration,-4736,1216,-1728,,,
190531573336800,71623020483777,174,bias-calibration,-4736,1600,-2784,,,
190531574336500,71623021482527,175,bias-calibration,-4608,1440,-1888,,,
190531575336500,71623022482235,176,bias-calibration,-4896,1824,-2336,,,
190531576336400,71623023482360,177,bias-calibration,-5568,928,-1728,,,
190531577336200,71623024482402,178,bias-calibration,-5056,1088,-2080,,,
190531578336900,71623025482235,179,bias-calibration,-4032,1152,-1440,,,
190531579336200,71623026482235,180,bias-calibration,-5440,1472,-2432,,,
190531580336000,71623027482235,181,bias-calibration,-5088,1248,-1600,,,
190531581336300,71623028482194,182,bias-calibration,-4928,672,-2752,,,
190531582338000,71623029482152,183,bias-calibration,-5088,1216,-2240,,,
190531584182600,71623030482444,184,bias-calibration,-5152,1248,-1376,,,
190531584330100,71623031482485,185,bias-calibration,-5376,1088,-3008,,,
190531585332300,71623032483569,186,bias-calibration,-5056,960,-2496,,,
190531586331400,71623033482402,187,bias-calibration,-5152,1088,-2304,,,
190531587333800,71623034482194,188,bias-calibration,-5248,928,-2272,,,
190531588341400,71623035482194,189,bias-calibration,-4672,1408,-2944,,,
190531589333600,71623036482319,190,bias-calibration,-5248,1088,-2272,,,
190531590340300,71623037482110,191,bias-calibration,-4864,1440,-2336,,,
190531591331300,71623038482235,192,bias-calibration,-4896,1408,-2176,,,
190531592332100,71623039482027,193,bias-calibration,-5440,1088,-2432,,,
190531593332400,71623040482235,194,bias-calibration,-4640,1408,-1920,,,
190531594338600,71623041483319,195,bias-calibration,-4896,1312,-1696,,,
190531595337800,71623042482277,196,bias-calibration,-5856,1440,-2112,,,
190531596331200,71623043483402,197,bias-calibration,-4864,1152,-2176,,,
190531597340400,71623044482319,198,bias-calibration,-4384,1056,-1216,,,
190531598329800,71623045482444,199,bias-calibration,-5504,1344,-2848,,,
190531599340500,71623046482277,200,bias-calibration,-4672,1568,-2240,,,
190531600337200,71623047482319,201,bias-calibration,-4800,1536,-2272,,,
190531601335400,71623048482235,202,bias-calibration,-4544,1536,-1760,,,
190531602334800,71623049483985,203,bias-calibration,-4736,1664,-2272,,,
190531603335500,71623050483694,204,bias-calibration,-4896,1696,-2528,,,
190531604334600,71623051482235,205,bias-calibration,-4512,1216,-2048,,,
190531605334300,71623052482110,206,bias-calibration,-4448,1408,-1536,,,
190531606334700,71623053482152,207,bias-calibration,-4800,1120,-2464,,,
190531607334400,71623054482027,208,bias-calibration,-4736,1088,-1728,,,
190531608334600,71623055482360,209,bias-calibration,-5344,1120,-2496,,,
190531609334500,71623056483652,210,bias-calibration,-4832,1376,-2304,,,
190531610334800,71623057482319,211,bias-calibration,-5376,1344,-1600,,,
190531611334600,71623058482277,212,bias-calibration,-4672,1312,-1952,,,
190531612334500,71623059482235,213,bias-calibration,-4832,1184,-1824,,,
190531613334600,71623060482277,214,bias-calibration,-5312,928,-2048,,,
190531614331900,71623061483235,215,bias-calibration,-5600,1856,-3136,,,
190531615332900,71623062482152,216,bias-calibration,-4192,1280,-2688,,,
190531616346400,71623063482985,217,bias-calibration,-4704,1344,-2112,,,
190531617339000,71623064482027,218,bias-calibration,-4992,1248,-1888,,,
190531618335200,71623065482360,219,bias-calibration,-4864,1408,-2496,,,
190531619335300,71623066482360,220,bias-calibration,-4384,1248,-1920,,,
190531620334900,71623067483735,221,bias-calibration,-5152,1056,-1920,,,
190531621335100,71623068482319,222,bias-calibration,-4640,1536,-2112,,,
190531622335200,71623069482194,223,bias-calibration,-5088,1600,-2304,,,
190531623334000,71623070481944,224,bias-calibration,-4992,1696,-2656,,,
190531624334800,71623071482235,225,bias-calibration,-4672,1344,-1952,,,
190531625335100,71623072482277,226,bias-calibration,-5248,1568,-2624,,,
190531626334800,71623073482235,227,bias-calibration,-4960,1600,-2400,,,
190531627334700,71623074482194,228,bias-calibration,-4832,1312,-2048,,,
190531628334800,71623075481777,229,bias-calibration,-4864,1376,-2112,,,
190531629334800,71623076482194,230,bias-calibration,-4992,1888,-2048,,,
190531630338100,71623077482110,231,bias-calibration,-5280,1824,-2240,,,
190531631348700,71623078482194,232,bias-calibration,-4960,1632,-2560,,,
190531632339500,71623079482319,233,bias-calibration,-4896,1120,-2080,,,
190531633336700,71623080483069,234,bias-calibration,-5280,1472,-2656,,,
190531634334700,71623081484152,235,bias-calibration,-4480,1280,-1312,,,
190531635335500,71623082482277,236,bias-calibration,-4192,1248,-1632,,,
190531636335800,71623083482319,237,bias-calibration,-5088,1792,-1760,,,
190531637335600,71623084482277,238,bias-calibration,-5024,1408,-1696,,,
190531638335500,71623085482235,239,bias-calibration,-4864,1344,-1696,,,
190531639527800,71623086482235,240,bias-calibration,-5344,1088,-2048,,,
190531640336300,71623087482944,241,bias-calibration,-4928,1792,-2240,,,
190531641335900,71623088482152,242,bias-calibration,-4672,1184,-1664,,,
190531642335600,71623089482110,243,bias-calibration,-4640,1344,-1952,,,
190531643335300,71623090482777,244,bias-calibration,-4800,1728,-2112,,,
190531644335400,71623091483777,245,bias-calibration,-4832,1504,-2656,,,
190531645334300,71623092482319,246,bias-calibration,-4864,1440,-2496,,,
190531646447400,71623093482277,247,bias-calibration,-4640,1440,-2208,,,
190531647340700,71623094482152,248,bias-calibration,-5248,1632,-2368,,,
190531648342200,71623095482360,249,bias-calibration,-4352,1472,-2016,,,
190531649336500,71623096482652,250,bias-calibration,-4640,704,-2272,,,
190531650335200,71623097487860,251,bias-calibration,-5152,1408,-2144,,,
190531651335500,71623098482277,252,bias-calibration,-4992,1312,-1664,,,
190531652335600,71623099482069,253,bias-calibration,-4960,1344,-2336,,,
190531653463700,71623100482235,254,bias-calibration,-4576,1504,-1856,,,
190531654331300,71623101482194,255,bias-calibration,-4896,1440,-1152,,,
190531655335600,71623102482152,0,bias-calibration,-5312,1312,-2752,,,
190531656331800,71623103483694,1,bias-calibration,-5280,1184,-2304,,,
190531657335700,71623104482277,2,bias-calibration,-4576,1568,-1504,,,
190531658335100,71623105482360,3,bias-calibration,-4864,1024,-2432,,,
190531659335500,71623106482152,4,bias-calibration,-4704,1504,-1952,,,
190531660340900,71623107482569,5,bias-calibration,-4960,1408,-2176,,,
190531661328700,71623108482319,6,bias-calibration,-4768,1696,-1568,,,
190531662337500,71623109482110,7,bias-calibration,-4896,1216,-2432,,,
190531663330000,71623110482277,8,bias-calibration,-4832,1120,-2496,,,
190531664327700,71623111482152,9,bias-calibration,-4512,1504,-2336,,,
190531665587700,71623112482110,10,bias-calibration,-4800,1472,-2368,,,
190531666328200,71623113482069,11,bias-calibration,-4960,1760,-2560,,,
190531667327800,71623114482152,12,bias-calibration,-5184,1632,-2656,,,
190531668370000,71623115482235,13,bias-calibration,-4864,1504,-1920,,,
190531669327000,71623116482277,14,bias-calibration,-5280,1568,-2272,,,
190531670327300,71623117481944,15,bias-calibration,-4800,1440,-1760,,,
190531671327700,71623118482277,16,bias-calibration,-4384,1792,-2368,,,
190531672324700,71623119482277,17,bias-calibration,-5280,1504,-2048,,,
190531673327800,71623120482235,18,bias-calibration,-5376,1568,-2656,,,
190531674327500,71623121483735,19,bias-calibration,-4160,1216,-1376,,,
190531675525600,71623122482235,20,bias-calibration,-4672,1632,-1344,,,
190531676327900,71623123482069,21,bias-calibration,-5280,1504,-2240,,,
190531677336000,71623124482069,22,bias-calibration,-5088,1536,-2272,,,
190531678334000,71623125482110,23,bias-calibration,-4608,1440,-2080,,,
190531679860700,71623126483444,24,bias-calibration,-5312,2112,-1984,,,
190531680333800,71623127482402,25,bias-calibration,-5408,1440,-2496,,,
190531681336800,71623128482360,26,bias-calibration,-4992,1344,-2240,,,
190531682347600,71623129482235,27,bias-calibration,-5056,1472,-1792,,,
190531683339600,71623130483569,28,bias-calibration,-5248,1568,-2144,,,
190531684377100,71623131482360,29,bias-calibration,-5216,1376,-2336,,,
190531685354700,71623132482902,30,bias-calibration,-4896,1472,-2144,,,
190531686339200,71623133483527,31,bias-calibration,-4800,1376,-2528,,,
190531687335000,71623134482777,32,bias-calibration,-4832,1632,-2112,,,
190531688335100,71623135482277,33,bias-calibration,-5088,1728,-2304,,,
190531689334000,71623136482110,34,bias-calibration,-5248,1472,-2816,,,
190531690334500,71623137482235,35,bias-calibration,-5152,1472,-1856,,,
190531691334300,71623138483985,36,bias-calibration,-4768,1568,-1440,,,
190531692334300,71623139485277,37,bias-calibration,-4960,1600,-1920,,,
190531693334200,71623140482485,38,bias-calibration,-5184,1280,-2304,,,
190531694330100,71623141482319,39,bias-calibration,-5408,1856,-1920,,,
190531695344700,71623142482402,40,bias-calibration,-4576,1600,-1536,,,
190531696335000,71623143482235,41,bias-calibration,-5024,1536,-2336,,,
190531697333500,71623144484694,42,bias-calibration,-4736,1408,-1664,,,
190531698329400,71623145482277,43,bias-calibration,-4864,1472,-2240,,,
190531699336700,71623146482235,44,bias-calibration,-4864,1344,-2528,,,
190531700336400,71623147482194,45,bias-calibration,-4256,1696,-1760,,,
190531701335800,71623148482194,46,bias-calibration,-4992,1632,-1920,,,
190531702335800,71623149482110,47,bias-calibration,-5152,1312,-1824,,,
190531703335700,71623150482360,48,bias-calibration,-4928,1280,-1824,,,
190531704335800,71623151482194,49,bias-calibration,-4416,1664,-2048,,,
190531705335400,71623152482319,50,bias-calibration,-4768,1376,-1696,,,
190531706335400,71623153482194,51,bias-calibration,-4992,640,-2240,,,
190531707335400,71623154484652,52,bias-calibration,-4832,1472,-2048,,,
190531708335400,71623155482319,53,bias-calibration,-5344,1568,-2560,,,
190531709335400,71623156482235,54,bias-calibration,-4672,1408,-2720,,,
190531710330900,71623157482277,55,bias-calibration,-5152,1536,-1984,,,
190531711344400,71623158482152,56,bias-calibration,-4832,1664,-2496,,,
190531712340900,71623159482194,57,bias-calibration,-5152,1760,-2496,,,
190531713336900,71623160482152,58,bias-calibration,-4736,1152,-2240,,,
190531714325300,71623161482402,59,bias-calibration,-4736,864,-2048,,,
190531715335900,71623162483527,60,bias-calibration,-5472,1344,-2528,,,
190531716329800,71623163482027,61,bias-calibration,-4384,1152,-1792,,,
190531717339900,71623164481985,62,bias-calibration,-4704,1152,-1920,,,
190531718336300,71623165482444,63,bias-calibration,-5120,1696,-1984,,,
190531719336000,71623166482277,64,bias-calibration,-4640,1632,-1984,,,
190531720335700,71623167482360,65,bias-calibration,-3968,1696,-2016,,,
190531721328700,71623168482235,66,bias-calibration,-4576,1152,-1664,,,
190531722335900,71623169482360,67,bias-calibration,-5184,1728,-1888,,,
190531723335800,71623170482277,68,bias-calibration,-5056,1280,-2336,,,
190531724335600,71623171482110,69,bias-calibration,-4992,1824,-1952,,,
190531725335500,71623172482235,70,bias-calibration,-4960,1664,-1760,,,
190531726328600,71623173482110,71,bias-calibration,-4896,1632,-2240,,,
190531727346100,71623174483444,72,bias-calibration,-4800,2016,-2432,,,
190531728340200,71623175482069,73,bias-calibration,-4576,1632,-1824,,,
190531729336700,71623176482277,74,bias-calibration,-4480,1440,-2144,,,
190531730336300,71623177482360,75,bias-calibration,-4448,1504,-1952,,,
190531731335900,71623178482235,76,bias-calibration,-4800,1408,-2176,,,
190531732335900,71623179482277,77,bias-calibration,-5344,1664,-2208,,,
190531733335900,71623180482110,78,bias-calibration,-4544,1728,-2208,,,
190531734335900,71623181485152,79,bias-calibration,-4320,1760,-1952,,,
190531735335900,71623182482277,80,bias-calibration,-5312,1376,-2208,,,
190531736335700,71623183482110,81,bias-calibration,-4544,1760,-2304,,,
190531737335500,71623184482235,82,bias-calibration,-5440,1440,-2912,,,
190531738335600,71623185482110,83,bias-calibration,-4672,1376,-2080,,,
190531739335800,71623186482110,84,bias-calibration,-4896,1408,-2048,,,
190531740344200,71623187482110,85,bias-calibration,-5152,1472,-2080,,,
190531741335800,71623188482360,86,bias-calibration,-5056,1504,-2592,,,
190531742331800,71623189482402,87,bias-calibration,-5088,1504,-2016,,,
190531743351800,71623190483319,88,bias-calibration,-4864,1024,-2048,,,
190531744344200,71623191482860,89,bias-calibration,-5120,1152,-2432,,,
190531745339000,71623192482360,90,bias-calibration,-4736,1152,-2240,,,
190531746335900,71623193482110,91,bias-calibration,-4960,1408,-2240,,,
190531747335400,71623194482194,92,bias-calibration,-4992,2112,-2400,,,
190531748335400,71623195482152,93,bias-calibration,-5120,1504,-2528,,,
190531749335200,71623196482235,94,bias-calibration,-5120,1376,-1824,,,
190531750335400,71623197483444,95,bias-calibration,-4864,1792,-2304,,,
190531751335300,71623198482569,96,bias-calibration,-5408,1856,-2592,,,
190531752335300,71623199482110,97,bias-calibration,-5344,1600,-1984,,,
190531753335200,71623200483735,98,bias-calibration,-5312,1600,-2528,,,
190531754335100,71623201482235,99,bias-calibration,-5248,1536,-2240,,,
190531755335000,71623202482235,100,bias-calibration,-4768,1216,-1984,,,
190531756335600,71623203482277,101,bias-calibration,-5664,1472,-2432,,,
190531757335100,71623204483652,102,bias-calibration,-5280,1504,-2592,,,
190531758557500,71623205482235,103,bias-calibration,-4352,1600,-1952,,,
190531759338400,71623206482194,104,bias-calibration,-4896,2016,-2304,,,
190531760335000,71623207482152,105,bias-calibration,-4672,1408,-2336,,,
190531761331400,71623208482110,106,bias-calibration,-5024,1376,-1920,,,
190531762330900,71623209482277,107,bias-calibration,-4864,1440,-2176,,,
190531763335300,71623210483610,108,bias-calibration,-4672,1568,-2368,,,
190531764335000,71623211482069,109,bias-calibration,-5216,1792,-2528,,,
190531765334800,71623212482027,110,bias-calibration,-4672,1536,-1760,,,
190531766335000,71623213484527,111,bias-calibration,-4512,1216,-1696,,,
190531767333900,71623214483110,112,bias-calibration,-5600,1440,-2624,,,
190531768334900,71623215482277,113,bias-calibration,-4928,1504,-2272,,,
190531769334900,71623216482277,114,bias-calibration,-5216,1408,-2432,,,
190531770334900,71623217482235,115,bias-calibration,-4640,1120,-1568,,,
190531771335000,71623218481819,116,bias-calibration,-4928,1728,-1984,,,
190531772334700,71623219482277,117,bias-calibration,-4704,896,-1792,,,
190531773334700,71623220482152,118,bias-calibration,-4768,1568,-2368,,,
190531774336000,71623221482694,119,bias-calibration,-4960,1568,-2144,,,
190531775343500,71623222482069,120,bias-calibration,-4192,1088,-2400,,,
190531776334100,71623223482110,121,bias-calibration,-4864,1472,-1696,,,
190531777330800,71623224482402,122,bias-calibration,-4992,1280,-2336,,,
190531778329100,71623225482235,123,bias-calibration,-4608,1504,-1728,,,
190531779331100,71623226482360,124,bias-calibration,-4320,992,-1632,,,
190531780339800,71623227482360,125,bias-calibration,-5088,1568,-1824,,,
190531781338900,71623228482235,126,bias-calibration,-5184,1280,-2432,,,
190531782336300,71623229482194,127,bias-calibration,-4960,1472,-2688,,,
190531783335700,71623230482152,128,bias-calibration,-4480,1152,-1888,,,
190531784327300,71623231482319,129,bias-calibration,-4960,1696,-2752,,,
190531785329700,71623232482319,130,bias-calibration,-4800,1248,-2048,,,
190531786335800,71623233482777,131,bias-calibration,-4416,1088,-1952,,,
190531787335500,71623234482194,132,bias-calibration,-3904,896,-1792,,,
190531788335300,71623235482027,133,bias-calibration,-5088,2048,-2272,,,
190531789334500,71623236482360,134,bias-calibration,-4992,960,-2656,,,
190531790354800,71623237482277,135,bias-calibration,-4640,1664,-2976,,,
190531791360900,71623238482235,136,bias-calibration,-5024,1312,-1920,,,
190531792342700,71623239484319,137,bias-calibration,-4512,1088,-2048,,,
190531793336300,71623240482235,138,bias-calibration,-4960,1632,-2464,,,
190531794333700,71623241482235,139,bias-calibration,-4928,1472,-2432,,,
190531795329300,71623242482194,140,bias-calibration,-4448,1024,-2048,,,
190531796330800,71623243482360,141,bias-calibration,-4960,1120,-2432,,,
190531797331300,71623244482194,142,bias-calibration,-4672,1184,-2304,,,
190531798486200,71623245482902,143,bias-calibration,-4704,1440,-1856,,,
190531799329200,71623246482152,144,bias-calibration,-5440,1248,-2176,,,
190531800351700,71623247483194,145,bias-calibration,-4832,1824,-3232,,,
190531801329800,71623248482069,146,bias-calibration,-4960,1568,-2560,,,
190531802331000,71623249482319,147,bias-calibration,-4864,1824,-2048,,,
190531803329500,71623250482277,148,bias-calibration,-5472,1536,-2464,,,
190531804331100,71623251484569,149,bias-calibration,-4384,992,-2368,,,
190531805329300,71623252482235,150,bias-calibration,-4544,1504,-2240,,,
190531806323600,71623253482735,151,bias-calibration,-5376,1312,-2336,,,
190531807331500,71623254482235,152,bias-calibration,-5280,1056,-2016,,,
190531808473200,71623255482235,153,bias-calibration,-4960,1568,-2272,,,
190531809323500,71623256482902,154,bias-calibration,-5408,1696,-2464,,,
190531810322700,71623257482152,155,bias-calibration,-4928,1184,-2464,,,
190531811325800,71623258482735,156,bias-calibration,-4512,1216,-2080,,,
190531812323000,71623259483569,157,bias-calibration,-5184,1440,-2112,,,
190531813321500,71623260481694,158,bias-calibration,-4928,1312,-2624,,,
190531814466300,71623261482402,159,bias-calibration,-5184,1088,-1824,,,
190531815322600,71623262483527,160,bias-calibration,-5216,1408,-1824,,,
190531816323000,71623263482444,161,bias-calibration,-4864,1184,-2336,,,
190531817322100,71623264483069,162,bias-calibration,-5408,1632,-2112,,,
190531818327200,71623265482235,163,bias-calibration,-4384,1280,-2112,,,
190531819323500,71623266482277,164,bias-calibration,-5024,1440,-2432,,,
190531820322300,71623267482152,165,bias-calibration,-5568,1344,-2240,,,
190531821323600,71623268482444,166,bias-calibration,-4960,1376,-2496,,,
190531822339300,71623269482110,167,bias-calibration,-4832,1120,-1632,,,
190531823330400,71623270484069,168,bias-calibration,-5024,1344,-2080,,,
190531824333900,71623271482277,169,bias-calibration,-4896,1056,-2272,,,
190531825328100,71623272482069,170,bias-calibration,-4640,1312,-1856,,,
190531826329600,71623273482360,171,bias-calibration,-4608,1344,-2976,,,
190531827332000,71623274482152,172,bias-calibration,-5376,1408,-2688,,,
190531828375100,71623275482360,173,bias-calibration,-4256,1664,-2240,,,
190531829336800,71623276482277,174,bias-calibration,-4832,1472,-2240,,,
190531830334000,71623277482194,175,bias-calibration,-3936,1184,-2240,,,
190531831331700,71623278482235,176,bias-calibration,-5056,1376,-2080,,,
190531832427300,71623279482110,177,bias-calibration,-4672,736,-2016,,,
190531833398100,71623280482194,178,bias-calibration,-5344,1472,-2304,,,
190531834403900,71623281484610,179,bias-calibration,-4576,1280,-2080,,,
190531835406200,71623282482027,180,bias-calibration,-4768,1664,-1920,,,
190531836404400,71623283482152,181,bias-calibration,-4384,1696,-1664,,,
190531837437000,71623284482069,182,bias-calibration,-4992,1088,-2464,,,
190531838328600,71623285482235,183,bias-calibration,-4480,1120,-1152,,,
190531839557100,71623286483860,184,bias-calibration,-4896,1056,-2336,,,
190531840331000,71623287483360,185,bias-calibration,-5568,1184,-2816,,,
190531841325400,71623288482319,186,bias-calibration,-4608,1024,-2688,,,
190531842335400,71623289482610,187,bias-calibration,-4512,1504,-2432,,,
190531843337300,71623290482360,188,bias-calibration,-4672,1312,-2336,,,
190531844333000,71623291482652,189,bias-calibration,-4640,1344,-1888,,,
190531845327000,71623292483152,190,bias-calibration,-4480,1600,-1984,,,
190531846335700,71623293483194,191,bias-calibration,-4928,1376,-2784,,,
190531847334800,71623294482152,192,bias-calibration,-4704,1408,-2304,,,
190531848334100,71623295482110,193,bias-calibration,-4640,1504,-2176,,,
190531849337100,71623296482069,194,bias-calibration,-4544,1056,-1600,,,
190531850558100,71623297484152,195,bias-calibration,-4704,1376,-2016,,,
190531851338000,71623298482444,196,bias-calibration,-5440,1376,-2656,,,
190531852332200,71623299482235,197,bias-calibration,-5088,1344,-3072,,,
190531853334100,71623300482319,198,bias-calibration,-5120,1568,-2592,,,
190531854351000,71623301482319,199,bias-calibration,-5152,1312,-2432,,,
190531855340500,71623302481860,200,bias-calibration,-4928,1280,-2304,,,
190531856346800,71623303482485,201,bias-calibration,-4704,1888,-3232,,,
190531857337000,71623304482194,202,bias-calibration,-4992,1376,-2336,,,
190531858342800,71623305482319,203,bias-calibration,-4768,768,-2464,,,
190531859336100,71623306482235,204,bias-calibration,-4832,1472,-2080,,,
190531860340500,71623307483735,205,bias-calibration,-4800,1408,-2208,,,
190531861337300,71623308482235,206,bias-calibration,-5152,1152,-1920,,,
190531862332700,71623309482027,207,bias-calibration,-4960,1408,-2048,,,
190531863333300,71623310482819,208,bias-calibration,-4672,1344,-2080,,,
190531864347500,71623311483652,209,bias-calibration,-5216,1216,-2528,,,
190531865336300,71623312482277,210,bias-calibration,-5152,1056,-2304,,,
190531866334700,71623313482235,211,bias-calibration,-5024,992,-1632,,,
190531867334900,71623314482194,212,bias-calibration,-5312,1632,-2752,,,
190531868335900,71623315482194,213,bias-calibration,-4448,1248,-1856,,,
190531869336300,71623316482235,214,bias-calibration,-5280,1216,-1856,,,
190531870350800,71623317482235,215,bias-calibration,-5088,1504,-2048,,,
190531871435300,71623318482110,216,bias-calibration,-4992,1888,-2688,,,
190531872328500,71623319482110,217,bias-calibration,-4704,1280,-2880,,,
190531873335200,71623320482152,218,bias-calibration,-4288,1376,-2240,,,
190531874335700,71623321482027,219,bias-calibration,-5120,1888,-2144,,,
190531875335500,71623322482902,220,bias-calibration,-4640,1472,-2464,,,
190531876335400,71623323482319,221,bias-calibration,-5216,1440,-2752,,,
190531877335600,71623324482152,222,bias-calibration,-4704,1728,-2208,,,
190531878335000,71623325482360,223,bias-calibration,-4512,1600,-1952,,,
190531879335400,71623326482152,224,bias-calibration,-5568,1504,-2880,,,
190531880334900,71623327482110,225,bias-calibration,-4768,1824,-2176,,,
190531881335000,71623328483777,226,bias-calibration,-4352,1568,-2080,,,
190531882334700,71623329485069,227,bias-calibration,-4352,896,-2080,,,
190531883457200,71623330485569,228,bias-calibration,-4384,1792,-2112,,,
190531884331300,71623331489527,229,bias-calibration,-4704,1440,-2208,,,
190531885455500,71623332489319,230,bias-calibration,-4480,928,-1696,,,
190531886368900,71623333489527,231,bias-calibration,-4608,1344,-2528,,,
190531887460000,71623334487777,232,bias-calibration,-4480,1312,-2336,,,
190531888537300,71623335494444,233,bias-calibration,-4576,1696,-2368,,,
190531889597100,71623336490652,234,bias-calibration,-4288,1600,-2112,,,
190531890531800,71623337491569,235,bias-calibration,-5024,1248,-2144,,,
190531891558800,71623338495902,236,bias-calibration,-4896,1408,-2272,,,
190531892448400,71623339486652,237,bias-calibration,-4992,1504,-2624,,,
190531893666300,71623340485735,238,bias-calibration,-4576,1344,-2048,,,
190531894432500,71623341483652,239,bias-calibration,-4480,928,-2080,,,
190531895429500,71623342491652,240,bias-calibration,-4672,1312,-2592,,,
190531896555000,71623343486652,241,bias-calibration,-4448,1088,-2240,,,
190531897558300,71623344490819,242,bias-calibration,-5184,1728,-2816,,,
190531898557300,71623345489485,243,bias-calibration,-4352,1728,-2304,,,
190531899443300,71623346483860,244,bias-calibration,-4640,1280,-2624,,,
190531900428500,71623347487444,245,bias-calibration,-4800,1248,-2304,,,
190531901446800,71623348490027,246,bias-calibration,-4512,1344,-2752,,,
190531902342200,71623349487402,247,bias-calibration,-4928,1600,-2528,,,
190531903404100,71623350489985,248,bias-calibration,-4960,1216,-2208,,,
190531904344900,71623351488569,249,bias-calibration,-5376,1408,-2304,,,
190531905331500,71623352482777,250,bias-calibration,-4704,832,-1984,,,
190531906329500,71623353483235,251,bias-calibration,-4928,1216,-2496,,,
190531907340200,71623354484944,252,bias-calibration,-4448,1408,-1888,,,
190531908336800,71623355490527,253,bias-calibration,-4224,1472,-2176,,,
190531909331000,71623356485360,254,bias-calibration,-4384,1344,-1920,,,
190531910328800,71623357484527,255,bias-calibration,-4704,1600,-2240,,,
190531911328400,71623358486902,0,bias-calibration,-5056,1184,-1792,,,
190531912347300,71623359483319,1,bias-calibration,-4704,1312,-2304,,,
190531913463000,71623360490444,2,bias-calibration,-5056,1664,-2496,,,
190531914328700,71623361485360,3,bias-calibration,-4992,1280,-2176,,,
190531915325700,71623362487444,4,bias-calibration,-4608,896,-1824,,,
190531916337200,71623363487694,5,bias-calibration,-5312,1248,-2400,,,
190531917333700,71623364485402,6,bias-calibration,-4640,1504,-2080,,,
190531918355500,71623365483402,7,bias-calibration,-4512,1152,-2752,,,
190531919348100,71623366490777,8,bias-calibration,-4192,1632,-2048,,,
190531920336700,71623367487902,9,bias-calibration,-4928,1472,-2368,,,
190531921336100,71623368488110,10,bias-calibration,-5056,1792,-2368,,,
190531922345100,71623369487360,11,bias-calibration,-4800,864,-1824,,,
190531923336500,71623370488610,12,bias-calibration,-5024,1184,-2240,,,
190531924329100,71623371485277,13,bias-calibration,-4608,1248,-2368,,,
190531925333500,71623372484902,14,bias-calibration,-4960,1216,-2432,,,
190531926324400,71623373487277,15,bias-calibration,-4896,1632,-2752,,,
190531927452100,71623374495902,16,bias-calibration,-5504,1536,-2208,,,
190531928340000,71623375484527,17,bias-calibration,-4448,1088,-2176,,,
190531929455700,71623376486902,18,bias-calibration,-5184,1984,-2240,,,
190531930330000,71623377487569,19,bias-calibration,-4928,1344,-1504,,,
190531931330700,71623378484569,20,bias-calibration,-5120,1888,-2432,,,
190531932330400,71623379487819,21,bias-calibration,-5248,1152,-2912,,,
190531933322500,71623380484235,22,bias-calibration,-4128,1184,-1696,,,
190531934327800,71623381485194,23,bias-calibration,-4800,992,-2208,,,
190531935341600,71623382488110,24,bias-calibration,-5888,1728,-2720,,,
190531936476000,71623383489069,25,bias-calibration,-4448,1504,-1952,,,
190531937335400,71623384485652,26,bias-calibration,-4288,1408,-2496,,,
190531938334900,71623385483902,27,bias-calibration,-5056,1024,-2464,,,
190531939335400,71623386485694,28,bias-calibration,-4896,1696,-2304,,,
190531940335500,71623387488319,29,bias-calibration,-4800,1824,-2816,,,
190531941337100,71623388482235,30,bias-calibration,-4448,1408,-2112,,,
190531942337700,71623389483152,31,bias-calibration,-5248,1632,-2176,,,
190531943333400,71623390483152,32,bias-calibration,-4256,960,-1824,,,
190531944333000,71623391482110,33,bias-calibration,-4864,1696,-2688,,,
190531945333800,71623392483735,34,bias-calibration,-4192,1408,-1536,,,
190531946333600,71623393482069,35,bias-calibration,-4768,1664,-2400,,,
190531947333700,71623394482069,36,bias-calibration,-4704,1312,-1792,,,
190531948333800,71623395481985,37,bias-calibration,-5280,1568,-2400,,,
190531949334700,71623396482277,38,bias-calibration,-4960,1344,-2496,,,
190531950495700,71623397483652,39,bias-calibration,-4640,1888,-2336,,,
190531951584900,71623398482194,40,bias-calibration,-4832,1696,-2336,,,
190531952489100,71623399482277,41,bias-calibration,-4768,1408,-2624,,,
190531953490700,71623400484235,42,bias-calibration,-4896,1408,-1984,,,
190531954506200,71623401482277,43,bias-calibration,-4832,1152,-2496,,,
190531955342100,71623402482277,44,bias-calibration,-4480,1248,-1376,,,
190531956407400,71623403482152,45,bias-calibration,-4864,1728,-2400,,,
190531957472600,71623404482194,46,bias-calibration,-4224,1248,-2144,,,
190531958393800,71623405482110,47,bias-calibration,-5312,1472,-2752,,,
190531959438900,71623406482110,48,bias-calibration,-4768,1408,-2720,,,
190531960387000,71623407482277,49,bias-calibration,-4928,1312,-2848,,,
190531961331300,71623408483027,50,bias-calibration,-4896,1376,-2656,,,
190531962323500,71623409483819,51,bias-calibration,-4992,1568,-1600,,,
190531963321900,71623410482360,52,bias-calibration,-4960,1280,-2304,,,
190531964434500,71623411482319,53,bias-calibration,-4448,992,-2752,,,
190531965432400,71623412482069,54,bias-calibration,-5088,1472,-2336,,,
190531966338100,71623413481819,55,bias-calibration,-5088,1344,-2240,,,
190531967383500,71623414482360,56,bias-calibration,-4928,1440,-2176,,,
190531968445100,71623415482069,57,bias-calibration,-5312,1312,-2752,,,
190531969462900,71623416482152,58,bias-calibration,-4576,1536,-1984,,,
190531970346800,71623417481985,59,bias-calibration,-4896,928,-2976,,,
190531971346400,71623418485569,60,bias-calibration,-4416,1120,-1216,,,
190531972434700,71623419482194,61,bias-calibration,-5152,1344,-2368,,,
190531973420000,71623420482902,62,bias-calibration,-4928,1504,-2560,,,
190531974404800,71623421484902,63,bias-calibration,-4448,736,-1504,,,
190531975421000,71623422482277,64,bias-calibration,-5120,1440,-2400,,,
190531976426600,71623423482485,65,bias-calibration,-4768,1376,-2304,,,
190531977438100,71623424482235,66,bias-calibration,-4992,1280,-2624,,,
190531978405400,71623425482110,67,bias-calibration,-4128,1088,-1760,,,
190531979407000,71623426482360,68,bias-calibration,-4864,1248,-2304,,,
190531980563300,71623427482485,69,bias-calibration,-4800,1408,-2272,,,
190531981560500,71623428482110,70,bias-calibration,-3904,928,-1632,,,
190531982485600,71623429482110,71,bias-calibration,-4416,1152,-2368,,,
190531983330600,71623430483652,72,bias-calibration,-4896,1376,-2464,,,
190531984331200,71623431482194,73,bias-calibration,-4864,1344,-2496,,,
190531985337500,71623432482277,74,bias-calibration,-4640,1152,-2144,,,
190531986332700,71623433483860,75,bias-calibration,-4672,1440,-1696,,,
190531987334800,71623434483319,76,bias-calibration,-4224,1472,-2144,,,
190531988333300,71623435482277,77,bias-calibration,-4832,928,-1920,,,
190531989334300,71623436482110,78,bias-calibration,-4960,1440,-2080,,,
190531990334400,71623437482194,79,bias-calibration,-4864,1408,-2176,,,
190531991334100,71623438482319,80,bias-calibration,-4416,1536,-2432,,,
190531992334100,71623439482152,81,bias-calibration,-4512,1344,-1728,,,
190531993334000,71623440482194,82,bias-calibration,-4864,1536,-2656,,,
190531994334600,71623441482110,83,bias-calibration,-5440,1600,-3040,,,
190531995334000,71623442482110,84,bias-calibration,-4352,1344,-1728,,,
190531996334600,71623443482110,85,bias-calibration,-4832,1632,-2208,,,
190531997334000,71623444482444,86,bias-calibration,-4768,992,-1984,,,
190531998354500,71623445482235,87,bias-calibration,-4896,1376,-1408,,,
190531999339800,71623446482277,88,bias-calibration,-4352,1888,-2400,,,
190532000328700,71623447482277,89,bias-calibration,-4896,1056,-2336,,,
190532001344600,71623448482235,90,bias-calibration,-4704,1088,-2048,,,
190532002331000,71623449482152,91,bias-calibration,-5344,1056,-2112,,,
190532003400800,71623450483527,92,bias-calibration,-4960,1376,-2112,,,
190532004394000,71623451483777,93,bias-calibration,-4320,1632,-2720,,,
190532005416000,71623452483694,94,bias-calibration,-4384,1376,-1760,,,
190532006394300,71623453482777,95,bias-calibration,-4928,1344,-2624,,,
190532007437400,71623454482152,96,bias-calibration,-4800,1632,-2528,,,
190532008414300,71623455483610,97,bias-calibration,-4640,1056,-2400,,,
190532009417000,71623456482444,98,bias-calibration,-4992,864,-2304,,,
190532010420500,71623457482235,99,bias-calibration,-5120,1632,-2784,,,
190532011445400,71623458482319,100,bias-calibration,-4576,1440,-2336,,,
190532012349000,71623459482277,101,bias-calibration,-5024,1504,-2528,,,
190532013340200,71623460482152,102,bias-calibration,-5184,1184,-2560,,,
190532014353400,71623461482277,103,bias-calibration,-4992,1504,-2496,,,
190532015339100,71623462482235,104,bias-calibration,-5152,1440,-2016,,,
190532016331800,71623463482235,105,bias-calibration,-4992,992,-2048,,,
190532017331000,71623464482152,106,bias-calibration,-4768,1440,-2464,,,
190532018330200,71623465482069,107,bias-calibration,-4704,1024,-1664,,,
190532019331100,71623466482194,108,bias-calibration,-5056,1408,-2656,,,
190532020333800,71623467482110,109,bias-calibration,-4512,1536,-1984,,,
190532021335100,71623468483194,110,bias-calibration,-4960,1760,-2240,,,
190532022335000,71623469482235,111,bias-calibration,-4640,1568,-2304,,,
190532023338900,71623470485277,112,bias-calibration,-4864,1280,-2624,,,
190532024339000,71623471482194,113,bias-calibration,-4960,1024,-2240,,,
190532025338400,71623472482194,114,bias-calibration,-5504,1440,-2272,,,
190532026338900,71623473483485,115,bias-calibration,-4192,1472,-2016,,,
190532027338200,71623474482152,116,bias-calibration,-5088,1312,-2272,,,
190532028335600,71623475482235,117,bias-calibration,-5184,1088,-2624,,,
190532029336900,71623476482152,118,bias-calibration,-4800,1440,-2208,,,
190532030337600,71623477482069,119,bias-calibration,-5024,1824,-1824,,,
190532031345600,71623478482069,120,bias-calibration,-4320,896,-1664,,,
190532032336700,71623479481985,121,bias-calibration,-4960,1280,-2816,,,
190532033335700,71623480483485,122,bias-calibration,-4352,1472,-2208,,,
190532034334600,71623481482277,123,bias-calibration,-5344,1536,-2304,,,
190532035335000,71623482482319,124,bias-calibration,-4672,1344,-1760,,,
190532036338400,71623483482402,125,bias-calibration,-5056,1664,-2848,,,
190532037442400,71623484482194,126,bias-calibration,-5088,1152,-2272,,,
190532038342000,71623485482194,127,bias-calibration,-5152,512,-2112,,,
190532039431300,71623486482235,128,bias-calibration,-4704,800,-2112,,,
190532040333800,71623487483527,129,bias-calibration,-4928,1472,-2432,,,
190532041354800,71623488482194,130,bias-calibration,-4768,960,-1568,,,
190532042335600,71623489482152,131,bias-calibration,-5152,1056,-1824,,,
190532043341300,71623490482110,132,bias-calibration,-5184,1632,-2496,,,
190532044324600,71623491482027,133,bias-calibration,-5024,1696,-2208,,,
190532045334900,71623492481985,134,bias-calibration,-4672,1056,-1824,,,
190532046501200,71623493482319,135,bias-calibration,-5280,1472,-2464,,,
190532047483700,71623494482152,136,bias-calibration,-4480,1248,-2016,,,
190532048470200,71623495482110,137,bias-calibration,-4800,1536,-1632,,,
190532049469700,71623496482152,138,bias-calibration,-4800,1568,-2240,,,
190532050488900,71623497482194,139,bias-calibration,-4896,1344,-1440,,,
190532051469900,71623498482152,140,bias-calibration,-4960,1344,-2176,,,
190532052472600,71623499482194,141,bias-calibration,-4896,1568,-3040,,,
190532053337500,71623500483694,142,bias-calibration,-5184,1216,-1824,,,
190532054337400,71623501482110,143,bias-calibration,-5376,1472,-2528,,,
190532055334300,71623502481985,144,bias-calibration,-4448,1600,-2240,,,
190532056334900,71623503482110,145,bias-calibration,-5280,1472,-2048,,,
190532057335000,71623504482902,146,bias-calibration,-4960,1536,-2144,,,
190532058334500,71623505483777,147,bias-calibration,-4832,1280,-2144,,,
190532059334400,71623506482277,148,bias-calibration,-5056,1984,-2496,,,
190532060334900,71623507484610,149,bias-calibration,-5152,1312,-2432,,,
190532061334500,71623508482360,150,bias-calibration,-4288,1120,-2080,,,
190532062355100,71623509482277,151,bias-calibration,-4288,1504,-2048,,,
190532063345800,71623510482194,152,bias-calibration,-4800,1376,-2592,,,
190532064339800,71623511482110,153,bias-calibration,-4736,1312,-2016,,,
190532065335400,71623512482110,154,bias-calibration,-4576,1600,-1856,,,
190532066334000,71623513482235,155,bias-calibration,-4576,1408,-2208,,,
190532067338000,71623514482069,156,bias-calibration,-4672,1600,-1888,,,
190532068337600,71623515482110,157,bias-calibration,-5472,1760,-2112,,,
190532069338000,71623516482027,158,bias-calibration,-4928,1600,-2464,,,
190532070337600,71623517482277,159,bias-calibration,-4896,992,-1952,,,
190532071337300,71623518482319,160,bias-calibration,-4736,1408,-1728,,,
190532072337300,71623519482235,161,bias-calibration,-4832,1568,-2528,,,
190532073337500,71623520482360,162,bias-calibration,-4736,1504,-1728,,,
190532074337300,71623521482277,163,bias-calibration,-4384,1696,-2016,,,
190532075337500,71623522483819,164,bias-calibration,-5440,1376,-2368,,,
190532076337000,71623523483152,165,bias-calibration,-4768,1152,-2432,,,
190532077336000,71623524482152,166,bias-calibration,-4864,1824,-2496,,,
190532078350800,71623525482069,167,bias-calibration,-4672,1440,-2080,,,
190532079344700,71623526482069,168,bias-calibration,-5216,1856,-1760,,,
190532080334900,71623527482194,169,bias-calibration,-4672,960,-1792,,,
190532081337600,71623528482069,170,bias-calibration,-5120,1568,-2496,,,
190532082337700,71623529483069,171,bias-calibration,-4640,1056,-1792,,,
190532083337000,71623530482402,172,bias-calibration,-4928,1568,-2336,,,
190532084332000,71623531482152,173,bias-calibration,-5088,1344,-2528,,,
190532085400300,71623532482235,174,bias-calibration,-4832,1536,-2112,,,
190532086334900,71623533482235,175,bias-calibration,-4896,1728,-2176,,,
190532087337800,71623534484902,176,bias-calibration,-5120,1536,-2624,,,
190532088336200,71623535482277,177,bias-calibration,-5152,1472,-2432,,,
190532089336700,71623536482235,178,bias-calibration,-4608,1088,-2560,,,
190532090337000,71623537482110,179,bias-calibration,-4960,1408,-2464,,,
190532091337000,71623538482110,180,bias-calibration,-5568,1888,-2688,,,
190532092336500,71623539482027,181,bias-calibration,-5184,1728,-2592,,,
190532093336600,71623540483444,182,bias-calibration,-4288,1632,-2176,,,
190532094354000,71623541481985,183,bias-calibration,-4384,928,-2080,,,
190532095345900,71623542482235,184,bias-calibration,-4608,1248,-2016,,,
190532096339900,71623543482194,185,bias-calibration,-5120,1376,-2368,,,
190532097338400,71623544482485,186,bias-calibration,-4800,1728,-2240,,,
190532098337700,71623545482444,187,bias-calibration,-4448,1408,-2272,,,
190532099353500,71623546482235,188,bias-calibration,-5280,1696,-2016,,,
190532100337100,71623547482277,189,bias-calibration,-4896,1024,-2208,,,
190532101337800,71623548482194,190,bias-calibration,-4928,1472,-2464,,,
190532102337400,71623549482069,191,bias-calibration,-4288,1088,-1920,,,
190532103337500,71623550482277,192,bias-calibration,-5056,1792,-2560,,,
190532104339600,71623551482110,193,bias-calibration,-5152,1696,-1984,,,
190532105337400,71623552483569,194,bias-calibration,-4576,1344,-1632,,,
190532106337300,71623553482110,195,bias-calibration,-4544,1440,-2048,,,
190532107336900,71623554482277,196,bias-calibration,-5056,1280,-2560,,,
190532108337400,71623555482402,197,bias-calibration,-4800,992,-1600,,,
190532109337200,71623556482235,198,bias-calibration,-4960,1152,-2304,,,
190532110446700,71623557482319,199,bias-calibration,-4672,1312,-2592,,,
190532111423700,71623558483235,200,bias-calibration,-4704,1344,-2496,,,
190532112454400,71623559482194,201,bias-calibration,-4128,1056,-1696,,,
190532113419900,71623560482194,202,bias-calibration,-5056,1536,-2176,,,
190532114425400,71623561482152,203,bias-calibration,-4704,1568,-2272,,,
190532115422400,71623562482194,204,bias-calibration,-4736,1152,-2592,,,
190532116414300,71623563482110,205,bias-calibration,-5280,1440,-2560,,,
190532117452800,71623564481777,206,bias-calibration,-5408,1376,-2240,,,
190532118424400,71623565482027,207,bias-calibration,-4992,1632,-2240,,,
190532119497200,71623566481985,208,bias-calibration,-5376,1568,-2432,,,
190532120525700,71623567482319,209,bias-calibration,-4768,1216,-1760,,,
190532121506400,71623568482235,210,bias-calibration,-5088,1600,-1952,,,
190532122490700,71623569483110,211,bias-calibration,-5280,1632,-2432,,,
190532123532000,71623570482235,212,bias-calibration,-4448,1408,-1504,,,
190532124505300,71623571482069,213,bias-calibration,-4832,1312,-1856,,,
190532125403900,71623572482277,214,bias-calibration,-4768,1984,-2272,,,
190532126505300,71623573482069,215,bias-calibration,-4416,1664,-2400,,,
190532127535200,71623574482736,216,bias-calibration,-4480,1056,-1888,,,
190532128496600,71623575482152,217,bias-calibration,-4320,1344,-1984,,,
190532129530300,71623576482111,218,bias-calibration,-4896,1536,-2784,,,
190532130513500,71623577482152,219,bias-calibration,-4768,1728,-2048,,,
190532131504600,71623578481986,220,bias-calibration,-4960,1632,-2496,,,
190532132540300,71623579482277,221,bias-calibration,-5152,1504,-2240,,,
190532133488700,71623580482236,222,bias-calibration,-5056,1728,-2432,,,
190532134539400,71623581481861,223,bias-calibration,-5120,1504,-2304,,,
190532135475500,71623582482694,224,bias-calibration,-4896,1536,-2080,,,
190532136481900,71623583482111,225,bias-calibration,-4864,1440,-1824,,,
190532137491100,71623584482486,226,bias-calibration,-4928,1440,-2944,,,
190532138409900,71623585482069,227,bias-calibration,-4480,1408,-2464,,,
190532139472200,71623586485236,228,bias-calibration,-5568,1824,-2304,,,
190532140404000,71623587482069,229,bias-calibration,-5056,1440,-2048,,,
190532141333000,71623588482152,230,bias-calibration,-4896,1504,-2144,,,
190532142409000,71623589482111,231,bias-calibration,-4640,1568,-1920,,,
190532143417400,71623590482111,232,bias-calibration,-4960,1408,-2016,,,
190532144340100,71623591485236,233,bias-calibration,-4704,1312,-2048,,,
190532145337600,71623592482361,234,bias-calibration,-4896,1408,-1632,,,
190532146336200,71623593483152,235,bias-calibration,-5024,1472,-1952,,,
190532147336200,71623594482236,236,bias-calibration,-4992,1344,-2048,,,
190532148336600,71623595482277,237,bias-calibration,-4736,2080,-2752,,,
190532149336200,71623596482194,238,bias-calibration,-4320,1504,-2112,,,
190532150336100,71623597482277,239,bias-calibration,-5216,1568,-1920,,,
190532151336800,71623598482152,240,bias-calibration,-4576,1344,-2464,,,
190532152336000,71623599482861,241,bias-calibration,-4640,1504,-2016,,,
190532153336200,71623600482111,242,bias-calibration,-4864,1728,-1920,,,
190532154336000,71623601482361,243,bias-calibration,-4288,1760,-1504,,,
190532155335900,71623602482111,244,bias-calibration,-4768,1376,-2432,,,
190532156336200,71623603482319,245,bias-calibration,-4384,1280,-1760,,,
190532157682200,71623604482319,246,bias-calibration,-5344,1856,-1792,,,
190532158722100,71623605482361,247,bias-calibration,-4320,1344,-2656,,,
190532159329400,71623606482194,248,bias-calibration,-4384,1440,-1824,,,
190532160328600,71623607482236,249,bias-calibration,-4736,1504,-2752,,,
190532161334900,71623608482152,250,bias-calibration,-4544,1248,-1728,,,
190532162331300,71623609482111,251,bias-calibration,-5152,1536,-2304,,,
190532163328800,71623610482194,252,bias-calibration,-4448,1568,-1824,,,
190532164628200,71623611482111,253,bias-calibration,-5376,1216,-1600,,,
190532165388900,71623612482111,254,bias-calibration,-4896,1376,-2304,,,
190532166331300,71623613482069,255,bias-calibration,-4768,1376,-2464,,,
190532167328200,71623614482111,0,bias-calibration,-4576,1472,-2304,,,
190532168328300,71623615481902,1,bias-calibration,-4832,1024,-2272,,,
190532169537400,71623616482111,2,bias-calibration,-4800,1568,-1888,,,
190532170329000,71623617482236,3,bias-calibration,-4832,1824,-2624,,,
190532171331500,71623618482111,4,bias-calibration,-4672,1344,-2048,,,
190532172356200,71623619482111,5,bias-calibration,-4352,1312,-2400,,,
190532173848500,71623620482194,6,bias-calibration,-4640,1728,-2304,,,
190532174334500,71623621482236,7,bias-calibration,-5184,1600,-2400,,,
190532175331400,71623622482111,8,bias-calibration,-5344,1344,-2112,,,
190532176333400,71623623482027,9,bias-calibration,-5472,1344,-2400,,,
190532177340200,71623624482111,10,bias-calibration,-4608,1344,-2016,,,
190532178537700,71623625482027,11,bias-calibration,-4640,1408,-2272,,,
190532179671500,71623626482111,12,bias-calibration,-4640,1184,-1824,,,
190532180333500,71623627482027,13,bias-calibration,-4512,1280,-1696,,,
190532181337600,71623628485527,14,bias-calibration,-4704,1152,-2272,,,
190532182340600,71623629482319,15,bias-calibration,-4704,1504,-1728,,,
190532183387600,71623630482277,16,bias-calibration,-4640,960,-2144,,,
190532184344600,71623631482319,17,bias-calibration,-4640,1376,-2464,,,
190532185325000,71623632482111,18,bias-calibration,-4992,1760,-2368,,,
190532186331700,71623633482319,19,bias-calibration,-5088,1440,-2432,,,
190532187329700,71623634482236,20,bias-calibration,-4672,1856,-2208,,,
190532188424700,71623635483444,21,bias-calibration,-5728,1792,-2400,,,
190532189337000,71623636482194,22,bias-calibration,-4544,1024,-1792,,,
190532190340300,71623637482152,23,bias-calibration,-4832,896,-1536,,,
190532191340700,71623638483111,24,bias-calibration,-5536,1728,-2048,,,
190532192340100,71623639482194,25,bias-calibration,-5216,1376,-2336,,,
190532193334300,71623640482277,26,bias-calibration,-5248,1760,-2624,,,
190532194337100,71623641482236,27,bias-calibration,-4800,1280,-2048,,,
190532195366200,71623642482152,28,bias-calibration,-4960,1120,-1568,,,
190532196340000,71623643481736,29,bias-calibration,-4832,1280,-1472,,,
190532197425300,71623644482319,30,bias-calibration,-5088,1536,-2432,,,
190532198408400,71623645482069,31,bias-calibration,-4864,1568,-2400,,,
190532199398800,71623646482152,32,bias-calibration,-4640,1120,-2432,,,
190532200332900,71623647482236,33,bias-calibration,-5184,1664,-2528,,,
190532201400900,71623648483486,34,bias-calibration,-5056,1056,-2944,,,
190532202340100,71623649482111,35,bias-calibration,-4704,1440,-2080,,,
190532203332700,71623650482069,36,bias-calibration,-5216,1472,-2272,,,
190532204335000,71623651482111,37,bias-calibration,-4960,1504,-2144,,,
190532205338600,71623652481986,38,bias-calibration,-5024,1536,-1888,,,
190532206337200,71623653482152,39,bias-calibration,-4608,1536,-1920,,,
190532207354100,71623654482277,40,bias-calibration,-5312,1568,-2144,,,
190532208329300,71623655482152,41,bias-calibration,-4704,1344,-1600,,,
190532209339700,71623656482194,42,bias-calibration,-5536,1184,-2272,,,
190532210336600,71623657482111,43,bias-calibration,-4640,1312,-2496,,,
190532211329400,71623658482111,44,bias-calibration,-4576,1696,-1632,,,
190532212326900,71623659482069,45,bias-calibration,-5088,1440,-2368,,,
190532213342000,71623660491111,46,bias-calibration,-4768,992,-2592,,,
190532214341200,71623661482152,47,bias-calibration,-4288,1216,-1984,,,
190532215334500,71623662482069,48,bias-calibration,-5056,1472,-1888,,,
190532216325100,71623663482777,49,bias-calibration,-4352,1152,-2080,,,
190532217339800,71623664482111,50,bias-calibration,-4800,1568,-2080,,,
190532218342500,71623665482277,51,bias-calibration,-4960,1248,-1984,,,
190532219336100,71623666482236,52,bias-calibration,-4896,1216,-2144,,,
190532220336500,71623667482194,53,bias-calibration,-4672,1568,-1984,,,
190532221336300,71623668482194,54,bias-calibration,-4736,1408,-2176,,,
190532222370800,71623669482277,55,bias-calibration,-4672,1568,-2048,,,
190532223336500,71623670482819,56,bias-calibration,-5024,1760,-2208,,,
190532224342100,71623671483361,57,bias-calibration,-4288,1248,-2176,,,
190532225354500,71623672482152,58,bias-calibration,-4832,1568,-1792,,,
190532226340100,71623673482861,59,bias-calibration,-5152,1504,-2144,,,
190532227333800,71623674482111,60,bias-calibration,-5120,1120,-2656,,,
190532228336700,71623675481861,61,bias-calibration,-4608,960,-2496,,,
190532229330200,71623676482027,62,bias-calibration,-4736,1280,-1920,,,
190532230333900,71623677482236,63,bias-calibration,-5184,1472,-2048,,,
190532231354600,71623678482236,64,bias-calibration,-4992,1344,-2208,,,
190532232331100,71623679482111,65,bias-calibration,-4576,1760,-2112,,,
190532233357600,71623680482444,66,bias-calibration,-4608,1312,-2624,,,
190532234337500,71623681482736,67,bias-calibration,-4384,480,-2304,,,
190532235350200,71623682482152,68,bias-calibration,-4736,928,-1984,,,
190532236333700,71623683483652,69,bias-calibration,-4704,1888,-2304,,,
190532237346500,71623684482027,70,bias-calibration,-5024,1120,-1280,,,
190532238341500,71623685482111,71,bias-calibration,-5824,1408,-2112,,,
190532239331200,71623686482069,72,bias-calibration,-5280,1568,-2400,,,
190532240337900,71623687482152,73,bias-calibration,-4768,1440,-2144,,,
190532241330200,71623688483402,74,bias-calibration,-5184,1184,-2720,,,
190532242329100,71623689482194,75,bias-calibration,-4704,1472,-2560,,,
190532243338000,71623690481902,76,bias-calibration,-5120,1280,-2272,,,
190532244329500,71623691482861,77,bias-calibration,-4896,1344,-1952,,,
190532245324600,71623692482194,78,bias-calibration,-4480,1408,-2752,,,
190532246323400,71623693482319,79,bias-calibration,-5056,1248,-2368,,,
190532247325700,71623694483527,80,bias-calibration,-4928,1280,-2304,,,
190532248326400,71623695483611,81,bias-calibration,-4928,1088,-2048,,,
190532249338800,71623696482111,82,bias-calibration,-5472,1472,-2144,,,
190532250341600,71623697482111,83,bias-calibration,-4448,1120,-2048,,,
190532251341400,71623698482152,84,bias-calibration,-4896,1376,-2432,,,
190532252348400,71623699482861,85,bias-calibration,-4928,1344,-2176,,,
190532253342800,71623700482652,86,bias-calibration,-4960,1120,-1984,,,
190532254337600,71623701481986,87,bias-calibration,-4288,1280,-1792,,,
190532255336400,71623702482194,88,bias-calibration,-5600,1248,-2560,,,
190532256457000,71623703482319,89,bias-calibration,-5024,928,-2144,,,
190532257335900,71623704482236,90,bias-calibration,-5088,1568,-2496,,,
190532258334500,71623705481861,91,bias-calibration,-4992,896,-1952,,,
190532259334200,71623706483611,92,bias-calibration,-4864,1120,-2080,,,
190532260342100,71623707482111,93,bias-calibration,-4352,1312,-1536,,,
190532261340200,71623708482152,94,bias-calibration,-4896,1120,-1920,,,
190532262459600,71623709482027,95,bias-calibration,-5472,1216,-2400,,,
190532263338400,71623710483111,96,bias-calibration,-5056,1408,-2208,,,
190532264333100,71623711482194,97,bias-calibration,-5248,1536,-2528,,,
190532265435400,71623712483402,98,bias-calibration,-4448,1376,-2080,,,
190532266341500,71623713482027,99,bias-calibration,-5440,1248,-1984,,,
190532267332800,71623714482194,100,bias-calibration,-4960,1344,-2048,,,
190532268344500,71623715482236,101,bias-calibration,-4704,1088,-2208,,,
190532269332200,71623716482277,102,bias-calibration,-4224,896,-1856,,,
190532270344900,71623717482152,103,bias-calibration,-5472,1600,-1792,,,
190532271351300,71623718482111,104,bias-calibration,-4768,1472,-2400,,,
190532272344900,71623719482111,105,bias-calibration,-5120,1376,-2560,,,
190532273331400,71623720483694,106,bias-calibration,-4544,1216,-1600,,,
190532274325500,71623721482069,107,bias-calibration,-4928,1248,-2592,,,
190532275347900,71623722482027,108,bias-calibration,-5280,1248,-1600,,,
190532276340600,71623723482152,109,bias-calibration,-4832,1568,-2336,,,
190532277346800,71623724482069,110,bias-calibration,-4544,1312,-2208,,,
190532278334600,71623725481986,111,bias-calibration,-4608,1024,-1760,,,
190532279350600,71623726482194,112,bias-calibration,-4672,1344,-2144,,,
190532280411200,71623727482277,113,bias-calibration,-4384,1824,-2112,,,
190532281335900,71623728482319,114,bias-calibration,-4448,1472,-2688,,,
190532282344000,71623729483319,115,bias-calibration,-5024,1440,-2272,,,
190532283340900,71623730483361,116,bias-calibration,-4928,1248,-1696,,,
190532284357400,71623731482194,117,bias-calibration,-4512,1088,-2048,,,
190532285343300,71623732482277,118,bias-calibration,-4640,2112,-2336,,,
190532286335300,71623733482152,119,bias-calibration,-4320,1120,-2528,,,
190532287342800,71623734482569,120,bias-calibration,-4992,928,-1760,,,
190532288338300,71623735483194,121,bias-calibration,-4928,1440,-2016,,,
190532289348900,71623736482027,122,bias-calibration,-5024,1504,-2464,,,
190532290349200,71623737482027,123,bias-calibration,-4192,1024,-2080,,,
190532291333700,71623738482152,124,bias-calibration,-4224,1504,-2400,,,
190532292348200,71623739482277,125,bias-calibration,-4768,1152,-2144,,,
190532293349900,71623740482277,126,bias-calibration,-4800,1632,-1984,,,
190532294340300,71623741484236,127,bias-calibration,-4608,1120,-1728,,,
190532295346200,71623742482236,128,bias-calibration,-4352,1504,-2720,,,
190532296331900,71623743482111,129,bias-calibration,-5152,1312,-2016,,,
190532297342800,71623744483194,130,bias-calibration,-5088,1280,-2336,,,
190532298343300,71623745482111,131,bias-calibration,-4992,1472,-2592,,,
190532299337300,71623746482194,132,bias-calibration,-5088,1152,-2560,,,
190532300343000,71623747483277,133,bias-calibration,-4544,1568,-2464,,,
190532301357000,71623748482069,134,bias-calibration,-4832,1600,-2784,,,
190532302340000,71623749482069,135,bias-calibration,-4864,1600,-2240,,,
190532303330000,71623750494069,136,bias-calibration,-5120,1120,-1856,,,
190532304330200,71623751482236,137,bias-calibration,-4832,1440,-2432,,,
190532305349200,71623752482402,138,bias-calibration,-4352,1440,-2368,,,
190532306344600,71623753484194,139,bias-calibration,-4960,1440,-1600,,,
190532307334800,71623754482277,140,bias-calibration,-4992,1632,-2144,,,
190532308348100,71623755482236,141,bias-calibration,-5152,1472,-2432,,,
190532309342600,71623756482111,142,bias-calibration,-4864,1344,-2208,,,
190532310346100,71623757482236,143,bias-calibration,-4704,1024,-2432,,,
190532311341700,71623758482236,144,bias-calibration,-4832,1280,-2400,,,
190532312356500,71623759482777,145,bias-calibration,-4576,832,-2432,,,
190532313347000,71623760491277,146,bias-calibration,-4256,1536,-2208,,,
190532314345500,71623761481944,147,bias-calibration,-4800,1088,-2464,,,
190532315334800,71623762481944,148,bias-calibration,-4672,1376,-2400,,,
190532316346200,71623763482194,149,bias-calibration,-4672,1600,-2752,,,
190532317343400,71623764483486,150,bias-calibration,-4256,1408,-2368,,,
190532318342700,71623765483777,151,bias-calibration,-4896,1600,-2432,,,
190532319337100,71623766482152,152,bias-calibration,-4672,1408,-1824,,,
190532320333100,71623767482152,153,bias-calibration,-4352,992,-2336,,,
190532321328500,71623768482194,154,bias-calibration,-4864,1216,-1984,,,
190532322328100,71623769483736,155,bias-calibration,-4960,1376,-2208,,,
190532323326500,71623770482152,156,bias-calibration,-4896,1344,-2368,,,
190532324327200,71623771482069,157,bias-calibration,-4768,1504,-2496,,,
190532325335700,71623772482027,158,bias-calibration,-5024,1344,-2432,,,
190532326331400,71623773482027,159,bias-calibration,-4288,1152,-2272,,,
190532327334500,71623774483361,160,bias-calibration,-4800,1344,-2240,,,
190532328326400,71623775482277,161,bias-calibration,-4576,1248,-2240,,,
190532329324200,71623776482194,162,bias-calibration,-4736,896,-1792,,,
190532330324500,71623777482194,163,bias-calibration,-4384,1504,-2464,,,
190532331336900,71623778482152,164,bias-calibration,-4480,1312,-2080,,,
190532332330700,71623779482236,165,bias-calibration,-5216,1408,-2016,,,
190532333339600,71623780493152,166,bias-calibration,-5088,1120,-1952,,,
190532334334700,71623781482069,167,bias-calibration,-4928,1408,-1632,,,
190532335338000,71623782482111,168,bias-calibration,-4576,1664,-2688,,,
190532336338300,71623783481944,169,bias-calibration,-4736,1120,-2080,,,
190532337331600,71623784482111,170,bias-calibration,-4992,1152,-1888,,,
190532338325600,71623785481986,171,bias-calibration,-5184,1536,-1792,,,
190532339336200,71623786481902,172,bias-calibration,-5344,1088,-2976,,,
190532340330200,71623787482069,173,bias-calibration,-4768,1024,-2528,,,
190532341335700,71623788482152,174,bias-calibration,-4960,1248,-1792,,,
190532342330400,71623789482277,175,bias-calibration,-5344,1504,-2624,,,
190532343334400,71623790482069,176,bias-calibration,-4640,1472,-1440,,,
190532344333200,71623791484652,177,bias-calibration,-4704,1184,-1952,,,
190532345343100,71623792482152,178,bias-calibration,-4608,1600,-1984,,,
190532346355900,71623793482277,179,bias-calibration,-4224,1472,-1824,,,
190532347361000,71623794482069,180,bias-calibration,-4704,1248,-2304,,,
190532348335400,71623795482027,181,bias-calibration,-4288,1600,-2336,,,
190532349342600,71623796483736,182,bias-calibration,-4640,1696,-2560,,,
190532350326000,71623797482152,183,bias-calibration,-4032,1600,-2144,,,
190532351346500,71623798482111,184,bias-calibration,-5088,1600,-2336,,,
190532352338400,71623799482569,185,bias-calibration,-4576,1216,-2560,,,
190532353349300,71623800483944,186,bias-calibration,-4960,1248,-2016,,,
190532354341100,71623801483319,187,bias-calibration,-5184,1472,-2848,,,
190532355347800,71623802482236,188,bias-calibration,-4288,1216,-1856,,,
190532356362900,71623803482111,189,bias-calibration,-5632,1504,-2016,,,
190532357347800,71623804482194,190,bias-calibration,-5184,1312,-2720,,,
190532358340700,71623805482069,191,bias-calibration,-4832,992,-2016,,,
190532359340500,71623806483402,192,bias-calibration,-4544,1152,-1856,,,
190532360340600,71623807482027,193,bias-calibration,-4704,1472,-1888,,,
190532361340500,71623808481944,194,bias-calibration,-4832,1472,-2752,,,
190532362340000,71623809482027,195,bias-calibration,-4608,992,-2944,,,
190532363346400,71623810481986,196,bias-calibration,-5152,1568,-2432,,,
190532364345900,71623811482111,197,bias-calibration,-5120,1504,-1952,,,
190532365341200,71623812482277,198,bias-calibration,-4672,1632,-2080,,,
190532366341500,71623813482069,199,bias-calibration,-5120,1216,-2368,,,
190532367341600,71623814482361,200,bias-calibration,-4736,1344,-2016,,,
190532368341500,71623815482111,201,bias-calibration,-4896,1408,-2432,,,
190532369342400,71623816482194,202,bias-calibration,-4608,1152,-2848,,,
190532370341500,71623817482111,203,bias-calibration,-3936,1344,-2560,,,
190532371341300,71623818482402,204,bias-calibration,-5248,1376,-2272,,,
190532372341400,71623819482277,205,bias-calibration,-4704,1440,-2144,,,
190532373341600,71623820482152,206,bias-calibration,-4960,1280,-2592,,,
190532374341600,71623821482152,207,bias-calibration,-4736,1120,-2432,,,
190532375340000,71623822481986,208,bias-calibration,-4992,1664,-2720,,,
190532376339300,71623823482527,209,bias-calibration,-5056,1472,-3104,,,
190532377341400,71623824482152,210,bias-calibration,-5184,1696,-2784,,,
190532378389400,71623825482194,211,bias-calibration,-4288,704,-1504,,,
190532379530500,71623826482902,212,bias-calibration,-5248,1568,-2176,,,
190532380334600,71623827482152,213,bias-calibration,-4544,1344,-2368,,,
190532381333600,71623828483611,214,bias-calibration,-4416,864,-2112,,,
190532382341800,71623829482236,215,bias-calibration,-4704,1056,-1984,,,
190532383340400,71623830484027,216,bias-calibration,-4960,1408,-2208,,,
190532384341100,71623831483569,217,bias-calibration,-4448,1504,-2496,,,
190532385449300,71623832482069,218,bias-calibration,-5120,1056,-2368,,,
190532386332100,71623833482111,219,bias-calibration,-4864,1376,-1600,,,
190532387374900,71623834481944,220,bias-calibration,-4864,1824,-2464,,,
190532388339400,71623835481986,221,bias-calibration,-5088,1216,-2368,,,
190532389340600,71623836482069,222,bias-calibration,-4672,1344,-1952,,,
190532390340000,71623837482111,223,bias-calibration,-4992,1248,-2368,,,
190532391340500,71623838482152,224,bias-calibration,-4800,1664,-2496,,,
190532392340000,71623839482111,225,bias-calibration,-4576,1024,-2624,,,
190532393340000,71623840482277,226,bias-calibration,-4576,928,-2208,,,
190532394564800,71623841482194,227,bias-calibration,-4864,1440,-2752,,,
190532395346700,71623842483444,228,bias-calibration,-4992,1152,-2432,,,
190532396353100,71623843483527,229,bias-calibration,-4480,1440,-1984,,,
190532397357700,71623844482152,230,bias-calibration,-4928,1536,-1696,,,
190532398346700,71623845482069,231,bias-calibration,-4960,1216,-2080,,,
190532399344200,71623846482152,232,bias-calibration,-5312,1504,-2656,,,
190532400328200,71623847482277,233,bias-calibration,-4704,1280,-2016,,,
190532401332900,71623848481986,234,bias-calibration,-4928,1632,-1792,,,
190532402340100,71623849482277,235,bias-calibration,-5280,1632,-2496,,,
190532403443700,71623850482944,236,bias-calibration,-4960,1024,-2304,,,
190532404441200,71623851482236,237,bias-calibration,-4576,1536,-2496,,,
190532405440900,71623852482194,238,bias-calibration,-4032,896,-2176,,,
190532406337500,71623853482319,239,bias-calibration,-5088,1408,-2400,,,
190532407341300,71623854482111,240,bias-calibration,-4576,1248,-2432,,,
190532408339200,71623855481902,241,bias-calibration,-5888,1440,-2592,,,
190532409337700,71623856482194,242,bias-calibration,-4864,1280,-2304,,,
190532410334900,71623857482111,243,bias-calibration,-4512,1120,-1952,,,
190532411360200,71623858482111,244,bias-calibration,-5056,1632,-2208,,,
190532412353000,71623859481944,245,bias-calibration,-4864,1248,-2272,,,
190532413347100,71623860485402,246,bias-calibration,-4544,1408,-2560,,,
190532414338200,71623861482152,247,bias-calibration,-4672,928,-2464,,,
190532415343700,71623862482277,248,bias-calibration,-5152,1536,-2016,,,
190532416339100,71623863482194,249,bias-calibration,-4320,960,-1856,,,
190532417343000,71623864482319,250,bias-calibration,-4768,1344,-2464,,,
190532418343600,71623865483069,251,bias-calibration,-5312,1376,-2560,,,
190532419338900,71623866482152,252,bias-calibration,-4832,1536,-1952,,,
190532420340900,71623867481986,253,bias-calibration,-5312,1248,-2496,,,
190532421343300,71623868482236,254,bias-calibration,-5088,1280,-2208,,,
190532422338200,71623869482027,255,bias-calibration,-4960,1440,-2208,,,
190532423327800,71623870482069,0,bias-calibration,-4640,1152,-1728,,,
190532424382200,71623871482194,1,bias-calibration,-4736,1280,-1856,,,
190532425333200,71623872481986,2,bias-calibration,-5824,1216,-2048,,,
190532426365600,71623873482069,3,bias-calibration,-4928,1408,-2432,,,
190532427443100,71623874482236,4,bias-calibration,-4992,1696,-2176,,,
190532428474800,71623875482194,5,bias-calibration,-5088,1440,-2976,,,
190532429337800,71623876482236,6,bias-calibration,-4608,1184,-2048,,,
190532430340300,71623877483694,7,bias-calibration,-5184,1120,-1984,,,
190532431339200,71623878482194,8,bias-calibration,-5056,1120,-1728,,,
190532432338900,71623879482069,9,bias-calibration,-4544,640,-1856,,,
190532433338700,71623880482152,10,bias-calibration,-4736,1408,-2016,,,
190532434338800,71623881483194,11,bias-calibration,-4544,1376,-1952,,,
190532435338500,71623882482152,12,bias-calibration,-5440,1248,-2112,,,
190532436338700,71623883482277,13,bias-calibration,-4928,1248,-2528,,,
190532437338700,71623884481986,14,bias-calibration,-4448,1376,-2304,,,
190532438339000,71623885482069,15,bias-calibration,-5216,1408,-2112,,,
190532439338900,71623886482277,16,bias-calibration,-4672,928,-1920,,,
190532440338900,71623887482194,17,bias-calibration,-4992,1056,-2400,,,
190532441339400,71623888482361,18,bias-calibration,-5056,1312,-2528,,,
190532442357000,71623889483611,19,bias-calibration,-4448,1344,-1952,,,
190532443351300,71623890482277,20,bias-calibration,-4256,1152,-2368,,,
190532444344900,71623891482152,21,bias-calibration,-4544,1344,-2848,,,
190532445342000,71623892484694,22,bias-calibration,-4800,1024,-1888,,,
190532446342000,71623893482152,23,bias-calibration,-4832,1408,-1824,,,
190532447341600,71623894482361,24,bias-calibration,-5280,1312,-3200,,,
190532448341300,71623895482027,25,bias-calibration,-4736,864,-2432,,,
190532449341000,71623896482027,26,bias-calibration,-4416,1152,-1760,,,
190532450341000,71623897481652,27,bias-calibration,-5184,1504,-2144,,,
190532451341000,71623898482444,28,bias-calibration,-4512,1376,-1568,,,
190532452341000,71623899482194,29,bias-calibration,-4608,1504,-2656,,,
190532453340700,71623900482236,30,bias-calibration,-5248,768,-2144,,,
190532454340800,71623901484569,31,bias-calibration,-4448,1216,-1792,,,
190532455339200,71623902483361,32,bias-calibration,-4928,960,-2336,,,
190532456340100,71623903482194,33,bias-calibration,-5088,1664,-1824,,,
190532457338900,71623904482402,34,bias-calibration,-5184,704,-1536,,,
190532458350900,71623905482111,35,bias-calibration,-5344,1408,-2720,,,
190532459347500,71623906481944,36,bias-calibration,-5024,1216,-2240,,,
190532460341700,71623907485152,37,bias-calibration,-5152,1248,-2304,,,
190532461341000,71623908482152,38,bias-calibration,-5120,1536,-2688,,,
190532462340300,71623909482027,39,bias-calibration,-4960,1568,-2208,,,
190532463340000,71623910482069,40,bias-calibration,-4320,1088,-2112,,,
190532464339600,71623911482277,41,bias-calibration,-4704,1504,-2496,,,
190532465339500,71623912482152,42,bias-calibration,-4832,1216,-2336,,,
190532466339400,71623913482069,43,bias-calibration,-4832,864,-1952,,,
190532467339400,71623914482194,44,bias-calibration,-5216,1536,-2848,,,
190532468339600,71623915482194,45,bias-calibration,-4672,1280,-2176,,,
190532469339500,71623916482152,46,bias-calibration,-5088,1472,-2112,,,
190532470339100,71623917481777,47,bias-calibration,-4672,1408,-2080,,,
190532471339500,71623918483027,48,bias-calibration,-5600,1472,-2400,,,
190532472339600,71623919482069,49,bias-calibration,-5120,1440,-1600,,,
190532473339000,71623920482069,50,bias-calibration,-4800,1536,-2144,,,
190532474345300,71623921482069,51,bias-calibration,-4576,1440,-2016,,,
190532475399400,71623922482027,52,bias-calibration,-5696,1280,-2016,,,
190532476458700,71623923482277,53,bias-calibration,-4960,1120,-2432,,,
190532477458700,71623924482194,54,bias-calibration,-4928,1312,-2080,,,
190532478405200,71623925482402,55,bias-calibration,-4896,1824,-2400,,,
190532479442500,71623926482111,56,bias-calibration,-5216,1728,-2304,,,
190532480435800,71623927482111,57,bias-calibration,-5056,1408,-2496,,,
190532481450500,71623928482194,58,bias-calibration,-4512,1376,-1280,,,
190532482397900,71623929482027,59,bias-calibration,-4672,1152,-1952,,,
190532483432000,71623930482361,60,bias-calibration,-4864,1472,-2560,,,
190532484447900,71623931482069,61,bias-calibration,-5472,1280,-2144,,,
190532485422600,71623932482027,62,bias-calibration,-4448,1184,-2112,,,
190532486512700,71623933481902,63,bias-calibration,-4608,1216,-2368,,,
190532487419300,71623934481986,64,bias-calibration,-4608,1504,-2240,,,
190532488444500,71623935482319,65,bias-calibration,-5024,960,-2272,,,
190532489416900,71623936482194,66,bias-calibration,-5376,1152,-2080,,,
190532490331400,71623937482736,67,bias-calibration,-4992,1472,-2016,,,
190532491334900,71623938482194,68,bias-calibration,-4736,1760,-2400,,,
190532492334600,71623939482111,69,bias-calibration,-4704,1440,-2368,,,
190532493334700,71623940482111,70,bias-calibration,-4512,1504,-1632,,,
190532494333400,71623941482111,71,bias-calibration,-4608,1664,-2464,,,
190532495332600,71623942483027,72,bias-calibration,-4416,768,-1472,,,
190532496332600,71623943481944,73,bias-calibration,-5152,1376,-2144,,,
190532497335100,71623944481986,74,bias-calibration,-5088,1184,-2368,,,
190532498335500,71623945481986,75,bias-calibration,-5088,1504,-1984,,,
190532499337300,71623946481986,76,bias-calibration,-4992,1216,-2272,,,
190532500335600,71623947482236,77,bias-calibration,-5024,1248,-2432,,,
190532501334700,71623948482319,78,bias-calibration,-4160,1472,-1728,,,
190532502334700,71623949482111,79,bias-calibration,-4928,1248,-2464,,,
190532503392700,71623950482236,80,bias-calibration,-4800,1696,-2048,,,
190532504461200,71623951482111,81,bias-calibration,-4448,1216,-1824,,,
190532505450400,71623952482236,82,bias-calibration,-4544,1504,-1760,,,
190532506339000,71623953482236,83,bias-calibration,-5024,1152,-2432,,,
190532507334400,71623954482069,84,bias-calibration,-5280,1536,-1888,,,
190532508334000,71623955482111,85,bias-calibration,-5024,1568,-2080,,,
190532509332200,71623956481986,86,bias-calibration,-4448,1248,-1984,,,
190532510334400,71623957482069,87,bias-calibration,-5152,1088,-2208,,,
190532511332400,71623958481944,88,bias-calibration,-4896,1472,-2400,,,
190532512332600,71623959482069,89,bias-calibration,-4064,864,-1824,,,
190532513333000,71623960484444,90,bias-calibration,-5408,1152,-1568,,,
190532514434400,71623961482236,91,bias-calibration,-4416,1600,-2112,,,
190532515408800,71623962482277,92,bias-calibration,-4288,1376,-1504,,,
190532516498700,71623963482194,93,bias-calibration,-5120,1216,-2784,,,
190532517407700,71623964483361,94,bias-calibration,-4864,1536,-2080,,,
190532518440400,71623965482194,95,bias-calibration,-4960,1152,-2144,,,
190532519446600,71623966483236,96,bias-calibration,-4832,1568,-2144,,,
190532520397000,71623967482194,97,bias-calibration,-4864,1184,-2528,,,
190532521343100,71623968481986,98,bias-calibration,-4352,1152,-1792,,,
190532522414200,71623969481944,99,bias-calibration,-4608,1760,-1696,,,
190532523440400,71623970492486,100,bias-calibration,-4608,1280,-1952,,,
190532524418500,71623971482236,101,bias-calibration,-4736,1376,-2144,,,
190532525430500,71623972483236,102,bias-calibration,-4896,1344,-2080,,,
190532526457400,71623973482152,103,bias-calibration,-4608,1760,-2560,,,
190532527419100,71623974482194,104,bias-calibration,-4896,1664,-2560,,,
190532528425300,71623975482152,105,bias-calibration,-4416,1088,-2048,,,
190532529445100,71623976482069,106,bias-calibration,-4320,1344,-1984,,,
190532530423600,71623977482236,107,bias-calibration,-4416,1120,-2272,,,
190532531407600,71623978483569,108,bias-calibration,-4736,1472,-2528,,,
190532532430600,71623979482194,109,bias-calibration,-4672,1248,-2368,,,
190532533445000,71623980483277,110,bias-calibration,-4832,1824,-2528,,,
190532534417900,71623981481986,111,bias-calibration,-4640,1344,-2176,,,
190532535428600,71623982482069,112,bias-calibration,-4960,1504,-1792,,,
190532536397400,71623983482069,113,bias-calibration,-4640,1280,-1952,,,
190532537340200,71623984482944,114,bias-calibration,-5504,1760,-2560,,,
190532538352900,71623985482236,115,bias-calibration,-4960,1440,-1952,,,
190532539415300,71623986482027,116,bias-calibration,-5184,1184,-1824,,,
190532540360100,71623987482152,117,bias-calibration,-5248,1312,-2432,,,
190532541339500,71623988482111,118,bias-calibration,-4864,1600,-2176,,,
190532542361200,71623989482777,119,bias-calibration,-5184,1536,-2560,,,
190532543341800,71623990494986,120,bias-calibration,-4480,1440,-2240,,,
190532544337100,71623991482027,121,bias-calibration,-5664,1568,-2208,,,
190532545335100,71623992482277,122,bias-calibration,-4896,2016,-2048,,,
190532546334700,71623993485944,123,bias-calibration,-4928,1568,-2144,,,
190532547335200,71623994488611,124,bias-calibration,-5120,1344,-1568,,,
190532548334800,71623995482986,125,bias-calibration,-4768,1632,-2496,,,
190532549334500,71623996483444,126,bias-calibration,-4736,1760,-2240,,,
190532550334400,71623997486027,127,bias-calibration,-4864,1568,-2208,,,
190532551334900,71623998486861,128,bias-calibration,-5120,1568,-2624,,,
190532552334600,71623999487069,129,bias-calibration,-4352,1440,-2336,,,
190532553354900,71624000482236,130,bias-calibration,-4288,1280,-1664,,,
190532554346000,71624001482777,131,bias-calibration,-4736,1632,-2464,,,
190532555336900,71624002483236,132,bias-calibration,-4608,1312,-2272,,,
190532556336000,71624003482819,133,bias-calibration,-4544,1472,-2048,,,
190532557332400,71624004483944,134,bias-calibration,-4736,1664,-1760,,,
190532558336100,71624005482611,135,bias-calibration,-4800,1408,-1888,,,
190532559335700,71624006481986,136,bias-calibration,-5088,1184,-2432,,,
190532560335500,71624007482027,137,bias-calibration,-4480,1440,-1888,,,
190532561335800,71624008485194,138,bias-calibration,-4960,1344,-2272,,,
190532562335700,71624009486819,139,bias-calibration,-4928,1120,-2304,,,
190532563335800,71624010484319,140,bias-calibration,-4768,1664,-2112,,,
190532564335600,71624011482194,141,bias-calibration,-4256,896,-1536,,,
190532565335900,71624012482319,142,bias-calibration,-5120,1440,-2944,,,
190532566335700,71624013482152,143,bias-calibration,-4736,1280,-2336,,,
190532567335600,71624014482111,144,bias-calibration,-4320,1472,-1760,,,
190532568335500,71624015482861,145,bias-calibration,-5088,1728,-1984,,,
190532569328800,71624016481986,146,bias-calibration,-4896,832,-1952,,,
190532570344400,71624017481986,147,bias-calibration,-4992,1216,-2272,,,
190532571529100,71624018481944,148,bias-calibration,-5120,1696,-1792,,,
190532572367500,71624019482069,149,bias-calibration,-4736,1344,-2208,,,
190532573326600,71624020482444,150,bias-calibration,-5440,1824,-1888,,,
190532574343700,71624021482611,151,bias-calibration,-4864,1248,-2016,,,
190532575365100,71624022482069,152,bias-calibration,-4320,1120,-1760,,,
190532576619600,71624023482152,153,bias-calibration,-5440,1248,-2272,,,
190532577370400,71624024482152,154,bias-calibration,-5088,1280,-2592,,,
190532578342000,71624025482069,155,bias-calibration,-4992,1184,-2336,,,
190532579335300,71624026482152,156,bias-calibration,-5440,1184,-2464,,,
190532580335100,71624027482111,157,bias-calibration,-4448,928,-1984,,,
190532581335200,71624028482027,158,bias-calibration,-4608,1376,-1952,,,
190532582335200,71624029482027,159,bias-calibration,-4192,1600,-2368,,,
190532583335500,71624030482694,160,bias-calibration,-4768,1280,-2272,,,
190532584335500,71624031482152,161,bias-calibration,-5280,1408,-2592,,,
190532585448600,71624032483069,162,bias-calibration,-4320,1472,-1600,,,
190532586332400,71624033481986,163,bias-calibration,-5024,1952,-1824,,,
190532587328000,71624034482111,164,bias-calibration,-4480,1408,-1984,,,
190532588329200,71624035483111,165,bias-calibration,-4768,1440,-1600,,,
190532589339000,71624036483277,166,bias-calibration,-4896,1600,-2144,,,
190532590331700,71624037482361,167,bias-calibration,-4800,1504,-1632,,,
190532591334500,71624038482236,168,bias-calibration,-4768,1632,-2688,,,
190532592330300,71624039482069,169,bias-calibration,-5472,1696,-1728,,,
190532593326200,71624040482194,170,bias-calibration,-4608,1696,-1792,,,
190532594331400,71624041483277,171,bias-calibration,-4864,1184,-2048,,,
190532595327100,71624042482111,172,bias-calibration,-4768,1568,-2496,,,
190532596326500,71624043481944,173,bias-calibration,-4928,992,-2112,,,
190532597340600,71624044482902,174,bias-calibration,-5376,1280,-2464,,,
190532598330900,71624045482027,175,bias-calibration,-5152,1440,-1728,,,
190532599417700,71624046482027,176,bias-calibration,-5312,1184,-1856,,,
190532600341900,71624047482111,177,bias-calibration,-4960,1664,-2496,,,
190532601445100,71624048482194,178,bias-calibration,-4864,1280,-2720,,,
190532602352600,71624049482152,179,bias-calibration,-5312,1568,-1792,,,
190532603338400,71624050483569,180,bias-calibration,-4384,736,-1696,,,
190532604407800,71624051482152,181,bias-calibration,-4992,1568,-2944,,,
190532605487100,71624052482111,182,bias-calibration,-5280,1408,-1952,,,
190532606346100,71624053481944,183,bias-calibration,-5024,1824,-2048,,,
190532607336100,71624054482069,184,bias-calibration,-5024,1728,-2560,,,
190532608335000,71624055481986,185,bias-calibration,-4896,1408,-2688,,,
190532609334100,71624056482902,186,bias-calibration,-5024,1824,-2592,,,
190532610335300,71624057481902,187,bias-calibration,-4768,1152,-1536,,,
190532611338300,71624058481861,188,bias-calibration,-4704,1600,-2624,,,
190532612339100,71624059482236,189,bias-calibration,-5184,1536,-2496,,,
190532613337900,71624060482236,190,bias-calibration,-4960,1600,-2240,,,
190532614338200,71624061482152,191,bias-calibration,-4800,1312,-1984,,,
190532615338400,71624062482111,192,bias-calibration,-4832,1280,-2272,,,
190532616334300,71624063481986,193,bias-calibration,-4640,1376,-2304,,,
190532617344400,71624064482069,194,bias-calibration,-4800,1024,-2080,,,
190532618355600,71624065482027,195,bias-calibration,-4672,1472,-1824,,,
190532619344400,71624066482111,196,bias-calibration,-4800,1664,-2304,,,
190532620331900,71624067484527,197,bias-calibration,-4512,1824,-2464,,,
190532621337100,71624068481569,198,bias-calibration,-5376,1504,-1792,,,
190532622337000,71624069482069,199,bias-calibration,-5088,1280,-2592,,,
190532623336600,71624070482027,200,bias-calibration,-4384,1472,-2176,,,
190532624337400,71624071481986,201,bias-calibration,-5248,1280,-2464,,,
190532625336500,71624072482152,202,bias-calibration,-4896,864,-2144,,,
190532626336600,71624073482236,203,bias-calibration,-4960,1408,-2400,,,
190532627336500,71624074482236,204,bias-calibration,-4960,1536,-1952,,,
190532628336300,71624075482069,205,bias-calibration,-4512,800,-1856,,,
190532629336300,71624076482152,206,bias-calibration,-4512,1440,-2176,,,
190532630336000,71624077482069,207,bias-calibration,-4928,1376,-2176,,,
190532631334900,71624078482111,208,bias-calibration,-4224,1216,-1824,,,
190532632336100,71624079482027,209,bias-calibration,-4896,1344,-2016,,,
190532633357700,71624080483361,210,bias-calibration,-5088,1536,-2368,,,
190532634338700,71624081483069,211,bias-calibration,-4960,1312,-2400,,,
190532635339400,71624082481902,212,bias-calibration,-4768,1376,-2016,,,
190532636339900,71624083482027,213,bias-calibration,-4960,1280,-2304,,,
190532637337700,71624084482236,214,bias-calibration,-5216,1056,-1952,,,
190532638337200,71624085482152,215,bias-calibration,-5056,1344,-2240,,,
190532639337700,71624086483069,216,bias-calibration,-5184,1504,-2432,,,
190532640337000,71624087482152,217,bias-calibration,-4992,1408,-2112,,,
190532641337300,71624088482194,218,bias-calibration,-5088,1056,-2048,,,
190532642336100,71624089482069,219,bias-calibration,-5248,1728,-2592,,,
190532643337100,71624090482111,220,bias-calibration,-5152,1472,-2080,,,
190532644336500,71624091482069,221,bias-calibration,-4480,1568,-2464,,,
190532645336900,71624092482069,222,bias-calibration,-4736,960,-1760,,,
190532646336900,71624093481986,223,bias-calibration,-4992,960,-1504,,,
190532647336700,71624094481902,224,bias-calibration,-4256,1088,-2208,,,
190532648337100,71624095482152,225,bias-calibration,-5376,1056,-1664,,,
190532649407800,71624096482527,226,bias-calibration,-4608,1536,-2048,,,
190532650336400,71624097483569,227,bias-calibration,-4832,1440,-1216,,,
190532651339800,71624098482152,228,bias-calibration,-5440,1280,-2208,,,
190532652339000,71624099482111,229,bias-calibration,-4928,1152,-1888,,,
190532653336600,71624100481611,230,bias-calibration,-5248,1792,-2752,,,
190532654337600,71624101483444,231,bias-calibration,-5248,1472,-1984,,,
190532655337700,71624102481986,232,bias-calibration,-4288,928,-2208,,,
190532656337000,71624103482194,233,bias-calibration,-4512,1504,-2720,,,
190532657336600,71624104481986,234,bias-calibration,-4960,1376,-1536,,,
190532658336800,71624105483152,235,bias-calibration,-5184,1600,-2016,,,
190532659336700,71624106482069,236,bias-calibration,-5504,1824,-2496,,,
190532660336800,71624107481944,237,bias-calibration,-5024,1344,-2528,,,
190532661336900,71624108481986,238,bias-calibration,-5248,1536,-2144,,,
190532662336900,71624109483611,239,bias-calibration,-5248,1280,-2560,,,
190532663336400,71624110481777,240,bias-calibration,-5088,1280,-2688,,,
190532664335600,71624111482277,241,bias-calibration,-4000,768,-1728,,,
190532665469700,71624112482111,242,bias-calibration,-4480,1216,-2304,,,
190532666432800,71624113483277,243,bias-calibration,-5280,1312,-2016,,,
190532667437300,71624114482069,244,bias-calibration,-4448,1440,-2592,,,
190532668411500,71624115484902,245,bias-calibration,-4864,1696,-1984,,,
190532669401400,71624116483486,246,bias-calibration,-5088,1088,-1952,,,
190532670443500,71624117481986,247,bias-calibration,-4512,1600,-2400,,,
190532671399800,71624118482027,248,bias-calibration,-5568,1248,-1984,,,
190532672458000,71624119481902,249,bias-calibration,-5216,1344,-2336,,,
190532673414800,71624120482861,250,bias-calibration,-5280,1888,-2240,,,
190532674403200,71624121482319,251,bias-calibration,-5056,1472,-2720,,,
190532675413700,71624122482111,252,bias-calibration,-5152,1888,-2496,,,
190532676404100,71624123482152,253,bias-calibration,-5408,960,-1696,,,
190532677411800,71624124482027,254,bias-calibration,-4896,1504,-2432,,,
190532678399600,71624125482111,255,bias-calibration,-4512,1376,-2560,,,
190532679431000,71624126482152,0,bias-calibration,-4672,1632,-2016,,,
190532680399500,71624127481944,1,bias-calibration,-4928,1376,-3008,,,
190532681347200,71624128483611,2,bias-calibration,-5824,2080,-2048,,,
190532682357000,71624129481986,3,bias-calibration,-4544,1152,-2720,,,
190532683338000,71624130482027,4,bias-calibration,-4928,1152,-2144,,,
190532684343200,71624131481986,5,bias-calibration,-4960,960,-2624,,,
190532685325500,71624132482069,6,bias-calibration,-4928,1504,-2400,,,
190532686340100,71624133483402,7,bias-calibration,-4480,1504,-2752,,,
190532687340400,71624134482152,8,bias-calibration,-4448,1536,-2880,,,
190532688333900,71624135482152,9,bias-calibration,-4576,736,-2176,,,
190532689334700,71624136482152,10,bias-calibration,-4896,1152,-2240,,,
190532690334800,71624137482277,11,bias-calibration,-4320,1056,-2112,,,
190532691334000,71624138482152,12,bias-calibration,-4704,1248,-1856,,,
190532692333800,71624139482027,13,bias-calibration,-5152,928,-1568,,,
190532693334500,71624140482027,14,bias-calibration,-4896,1472,-2656,,,
190532694335000,71624141482027,15,bias-calibration,-4896,1504,-2176,,,
190532695333700,71624142484111,16,bias-calibration,-5152,1536,-2336,,,
190532696333800,71624143482027,17,bias-calibration,-4800,1216,-2144,,,
190532697337900,71624144481986,18,bias-calibration,-4384,992,-2016,,,
190532698335700,71624145481944,19,bias-calibration,-4672,1184,-2176,,,
190532699335500,71624146482277,20,bias-calibration,-5248,1216,-2496,,,
190532700337800,71624147482069,21,bias-calibration,-4352,1440,-2464,,,
190532701338300,71624148482277,22,bias-calibration,-4896,1632,-2624,,,
190532702337900,71624149482152,23,bias-calibration,-4896,1216,-1856,,,
190532703338400,71624150482111,24,bias-calibration,-4800,1088,-1664,,,
190532704338000,71624151482069,25,bias-calibration,-5344,1504,-2688,,,
190532705335200,71624152482069,26,bias-calibration,-4768,1056,-2048,,,
190532706334200,71624153482152,27,bias-calibration,-5888,1600,-2176,,,
190532707334600,71624154481944,28,bias-calibration,-4384,1504,-1824,,,
190532708336300,71624155482069,29,bias-calibration,-4992,1152,-1952,,,
190532709338000,71624156482861,30,bias-calibration,-4896,1504,-1952,,,
190532710337800,71624157482069,31,bias-calibration,-4960,1408,-2112,,,
190532711338500,71624158483111,32,bias-calibration,-4896,992,-2624,,,
190532712337600,71624159482111,33,bias-calibration,-5440,1472,-2112,,,
190532713472100,71624160482236,34,bias-calibration,-4192,960,-2272,,,
190532714435100,71624161483236,35,bias-calibration,-4672,1248,-1728,,,
190532715441000,71624162483652,36,bias-calibration,-4736,1280,-2496,,,
190532716421900,71624163482027,37,bias-calibration,-4640,1216,-2112,,,
190532717485600,71624164482027,38,bias-calibration,-5056,1568,-1984,,,
190532718396000,71624165482152,39,bias-calibration,-5120,1408,-2336,,,
190532719330400,71624166481986,40,bias-calibration,-5344,1248,-2304,,,
190532720396200,71624167482069,41,bias-calibration,-4576,1472,-2048,,,
190532721461700,71624168481944,42,bias-calibration,-5184,1504,-2496,,,
190532722393100,71624169481944,43,bias-calibration,-4832,1152,-2272,,,
190532723336400,71624170482111,44,bias-calibration,-5120,1376,-2336,,,
190532724336800,71624171482111,45,bias-calibration,-4480,1696,-2688,,,
190532725336200,71624172482277,46,bias-calibration,-5248,928,-1920,,,
190532726335800,71624173481986,47,bias-calibration,-4736,1568,-1888,,,
190532727335300,71624174484694,48,bias-calibration,-5216,1568,-2784,,,
190532728335300,71624175482111,49,bias-calibration,-4608,1312,-2208,,,
190532729522500,71624176482069,50,bias-calibration,-4672,1312,-2496,,,
190532730338200,71624177482027,51,bias-calibration,-4672,1824,-2208,,,
190532731336200,71624178481986,52,bias-calibration,-4640,2016,-2144,,,
190532732336000,71624179481902,53,bias-calibration,-4800,1504,-1920,,,
190532733335100,71624180482777,54,bias-calibration,-5344,1408,-2016,,,
190532734334800,71624181481861,55,bias-calibration,-5248,1344,-1952,,,
190532735335300,71624182481944,56,bias-calibration,-4928,1536,-2208,,,
190532736333800,71624183481902,57,bias-calibration,-4480,1248,-1536,,,
190532737336700,71624184482986,58,bias-calibration,-5376,1792,-2784,,,
190532738338400,71624185482402,59,bias-calibration,-4320,1088,-1344,,,
190532739338000,71624186483527,60,bias-calibration,-4384,1664,-1792,,,
190532740336800,71624187482152,61,bias-calibration,-4864,1632,-2368,,,
190532741338000,71624188482027,62,bias-calibration,-4896,1568,-2176,,,
190532742337700,71624189482069,63,bias-calibration,-4352,1248,-1952,,,
190532743338000,71624190482111,64,bias-calibration,-4928,1728,-2464,,,
190532744337700,71624191481944,65,bias-calibration,-4512,1472,-2144,,,
190532745339600,71624192482069,66,bias-calibration,-4672,1536,-2624,,,
190532746340500,71624193481944,67,bias-calibration,-5280,1472,-1728,,,
190532747335500,71624194482027,68,bias-calibration,-4608,1248,-2240,,,
190532748334200,71624195482611,69,bias-calibration,-4672,1568,-2464,,,
190532749334500,71624196482152,70,bias-calibration,-4064,1568,-2240,,,
190532750334800,71624197482319,71,bias-calibration,-4704,1472,-2336,,,
190532751333900,71624198482111,72,bias-calibration,-4224,1344,-1792,,,
190532752335600,71624199481902,73,bias-calibration,-4896,1472,-1856,,,
190532753337800,71624200482194,74,bias-calibration,-4512,1472,-2112,,,
190532754337400,71624201482069,75,bias-calibration,-4736,1920,-2336,,,
190532755336700,71624202482027,76,bias-calibration,-4640,1408,-2176,,,
190532756338200,71624203481902,77,bias-calibration,-5504,928,-2208,,,
190532757337500,71624204481944,78,bias-calibration,-5568,1696,-2752,,,
190532758337600,71624205481819,79,bias-calibration,-4640,1536,-2592,,,
190532759337700,71624206481819,80,bias-calibration,-4576,1536,-2240,,,
190532760333100,71624207481902,81,bias-calibration,-5280,1152,-1984,,,
190532762262900,71624208481777,82,bias-calibration,-4704,1472,-2400,,,
190532762414900,71624209482152,83,bias-calibration,-4704,1408,-1472,,,
190532763447400,71624210482569,84,bias-calibration,-5184,1664,-1856,,,
190532764441300,71624211482111,85,bias-calibration,-5440,1088,-2592,,,
190532765522500,71624212482152,86,bias-calibration,-4960,1120,-2432,,,
190532766474500,71624213482069,87,bias-calibration,-4448,1696,-1920,,,
190532767529100,71624214482152,88,bias-calibration,-5120,1632,-1920,,,
190532768481100,71624215483486,89,bias-calibration,-5568,1568,-2624,,,
190532769516700,71624216483944,90,bias-calibration,-3904,768,-2144,,,
190532770511500,71624217482069,91,bias-calibration,-5184,1088,-2208,,,
190532771517700,71624218481944,92,bias-calibration,-4128,1664,-2912,,,
190532772581500,71624219482027,93,bias-calibration,-4960,1632,-2208,,,
190532773477400,71624220481902,94,bias-calibration,-4480,1056,-2272,,,
190532774514000,71624221482152,95,bias-calibration,-5024,960,-2400,,,
190532775496900,71624222482111,96,bias-calibration,-4896,1472,-2432,,,
190532776402300,71624223482027,97,bias-calibration,-4992,1504,-2112,,,
190532777484000,71624224482152,98,bias-calibration,-4256,1440,-2176,,,
190532778504600,71624225482027,99,bias-calibration,-4960,928,-2112,,,
190532779526300,71624226482152,100,bias-calibration,-5248,1472,-2560,,,
190532780486200,71624227481986,101,bias-calibration,-4864,1632,-2432,,,
190532781507300,71624228483402,102,bias-calibration,-4736,1152,-2400,,,
190532782521300,71624229482027,103,bias-calibration,-4384,1024,-2176,,,
190532783519600,71624230482736,104,bias-calibration,-5184,1088,-2240,,,
190532784494200,71624231481986,105,bias-calibration,-4640,1280,-2208,,,
190532785503000,71624232481902,106,bias-calibration,-4704,1120,-2176,,,
190532787110700,71624233482152,107,bias-calibration,-4864,1312,-2336,,,
190532787483200,71624234482277,108,bias-calibration,-4960,1248,-1920,,,
190532788404100,71624235482111,109,bias-calibration,-4512,1600,-1920,,,
190532789435100,71624236482069,110,bias-calibration,-4928,1184,-2144,,,
190532790335900,71624237482069,111,bias-calibration,-4992,1312,-1888,,,
190532791337000,71624238482069,112,bias-calibration,-4768,1248,-2272,,,
190532792398600,71624239482694,113,bias-calibration,-4832,1280,-2272,,,
190532793329100,71624240483527,114,bias-calibration,-4704,1568,-2208,,,
190532794345000,71624241483361,115,bias-calibration,-4384,1184,-2144,,,
190532795339000,71624242481944,116,bias-calibration,-4992,1088,-2400,,,
190532796337000,71624243482819,117,bias-calibration,-5216,1408,-2432,,,
190532797339500,71624244482194,118,bias-calibration,-5248,1632,-2496,,,
190532798336800,71624245481861,119,bias-calibration,-4672,1664,-2208,,,
190532799337000,71624246482152,120,bias-calibration,-4736,1632,-2176,,,
190532800336200,71624247482194,121,bias-calibration,-4352,1216,-2464,,,
190532801336100,71624248483694,122,bias-calibration,-4832,1504,-2528,,,
190532802336100,71624249482194,123,bias-calibration,-4448,1472,-2688,,,
190532803336100,71624250482152,124,bias-calibration,-4768,1024,-2080,,,
190532804551100,71624251482152,125,bias-calibration,-4896,1632,-2368,,,
190532805333600,71624252481986,126,bias-calibration,-4192,1696,-2016,,,
190532806336600,71624253484319,127,bias-calibration,-4320,800,-2432,,,
190532807336400,71624254481986,128,bias-calibration,-4896,1248,-1824,,,
190532808327000,71624255481944,129,bias-calibration,-5120,1088,-2432,,,
190532809339400,71624256481944,130,bias-calibration,-4896,1280,-2400,,,
190532810338900,71624257481861,131,bias-calibration,-4576,1440,-1824,,,
190532811336700,71624258481861,132,bias-calibration,-5216,1120,-2816,,,
190532812337300,71624259482069,133,bias-calibration,-4768,1376,-2496,,,
190532813336400,71624260482111,134,bias-calibration,-4640,1536,-1760,,,
190532814336300,71624261482152,135,bias-calibration,-4992,1120,-2560,,,
190532815338200,71624262482611,136,bias-calibration,-5216,1536,-2560,,,
190532816337100,71624263482236,137,bias-calibration,-4992,1760,-2208,,,
190532817336300,71624264482069,138,bias-calibration,-4800,1728,-2336,,,
190532818746800,71624265481944,139,bias-calibration,-4352,1248,-2592,,,
190532819333300,71624266481986,140,bias-calibration,-5184,1344,-2240,,,
190532820336400,71624267482069,141,bias-calibration,-4512,1152,-1472,,,
190532821336300,71624268481944,142,bias-calibration,-5152,1120,-2400,,,
190532822336600,71624269481944,143,bias-calibration,-5216,1216,-2432,,,
190532823335800,71624270481944,144,bias-calibration,-4096,1472,-2144,,,
190532824331800,71624271482194,145,bias-calibration,-4864,1344,-2208,,,
190532825358100,71624272482069,146,bias-calibration,-4736,1216,-1824,,,
190532826334500,71624273482194,147,bias-calibration,-4576,1504,-2016,,,
190532827335700,71624274483528,148,bias-calibration,-4736,1184,-2048,,,
190532828335000,71624275484611,149,bias-calibration,-5120,1728,-2944,,,
190532829334800,71624276482153,150,bias-calibration,-4064,1056,-2624,,,
190532830336600,71624277481986,151,bias-calibration,-4224,1088,-2176,,,
190532831336700,71624278482028,152,bias-calibration,-4928,1696,-2112,,,
190532832345500,71624279482319,153,bias-calibration,-4992,1088,-2720,,,
190532833332000,71624280484861,154,bias-calibration,-5120,1376,-2336,,,
190532834334400,71624281481861,155,bias-calibration,-4160,992,-1888,,,
190532835330300,71624282481861,156,bias-calibration,-5440,1632,-2976,,,
190532836328400,71624283481986,157,bias-calibration,-4640,1568,-2080,,,
190532837333500,71624284482153,158,bias-calibration,-5120,864,-2560,,,
190532838332700,71624285482361,159,bias-calibration,-4288,1280,-2656,,,
190532839331400,71624286482361,160,bias-calibration,-4864,1056,-1984,,,
190532840333500,71624287482069,161,bias-calibration,-4960,992,-2848,,,
190532841332000,71624288482028,162,bias-calibration,-5248,1472,-2464,,,
190532842330900,71624289482028,163,bias-calibration,-4512,1632,-2080,,,
190532843334900,71624290481819,164,bias-calibration,-5088,1280,-1984,,,
190532844336800,71624291482069,165,bias-calibration,-4640,1344,-2272,,,
190532845334600,71624292483444,166,bias-calibration,-4864,1056,-2272,,,
190532846333400,71624293482069,167,bias-calibration,-5312,1632,-2304,,,
190532847333500,71624294481986,168,bias-calibration,-4672,1344,-2368,,,
190532848334700,71624295481986,169,bias-calibration,-4832,1024,-2304,,,
190532849336100,71624296482153,170,bias-calibration,-4928,1024,-2304,,,
190532850334200,71624297482861,171,bias-calibration,-5088,1184,-2176,,,
190532851333600,71624298482194,172,bias-calibration,-4992,960,-2624,,,
190532852336600,71624299482028,173,bias-calibration,-4672,1248,-2112,,,
190532853333300,71624300482069,174,bias-calibration,-4768,1248,-2816,,,
190532854334800,71624301482111,175,bias-calibration,-5248,1376,-2880,,,
190532855332300,71624302482111,176,bias-calibration,-4736,1504,-2112,,,
190532856342200,71624303482236,177,bias-calibration,-4640,1152,-2464,,,
190532857340700,71624304481944,178,bias-calibration,-5120,1248,-2496,,,
190532858335500,71624305481944,179,bias-calibration,-4864,1504,-2656,,,
190532859339100,71624306481903,180,bias-calibration,-4256,1440,-2208,,,
190532860361700,71624307481944,181,bias-calibration,-4608,1344,-2656,,,
190532861432500,71624308481819,182,bias-calibration,-5472,1632,-2784,,,
190532862337200,71624309483028,183,bias-calibration,-4768,960,-2112,,,
190532863351300,71624310482194,184,bias-calibration,-4672,1056,-2336,,,
190532864331500,71624311481986,185,bias-calibration,-4544,1280,-2304,,,
190532865327400,71624312482069,186,bias-calibration,-4224,1440,-2336,,,
190532866345400,71624313482069,187,bias-calibration,-4800,1600,-2400,,,
190532867340800,71624314482028,188,bias-calibration,-4448,1504,-1984,,,
190532868348100,71624315482486,189,bias-calibration,-5088,1376,-2688,,,
190532869332500,71624316482111,190,bias-calibration,-5184,1152,-1920,,,
190532870364900,71624317481944,191,bias-calibration,-5088,1696,-2336,,,
190532871328500,71624318481944,192,bias-calibration,-5152,1248,-2496,,,
190532872348400,71624319481986,193,bias-calibration,-4928,1312,-1888,,,
190532873342800,71624320481944,194,bias-calibration,-5184,1536,-2624,,,
190532874336700,71624321482194,195,bias-calibration,-4576,1312,-2080,,,
190532875336200,71624322482069,196,bias-calibration,-4512,928,-2208,,,
190532876335300,71624323482028,197,bias-calibration,-5280,1504,-2144,,,
190532877335100,71624324482069,198,bias-calibration,-4448,1440,-1952,,,
190532878335100,71624325482111,199,bias-calibration,-4768,1472,-2528,,,
190532879335500,71624326482069,200,bias-calibration,-4832,1568,-2368,,,
190532880335600,71624327482028,201,bias-calibration,-5280,1248,-2304,,,
190532881335700,71624328481944,202,bias-calibration,-4704,1280,-1856,,,
190532882335600,71624329481944,203,bias-calibration,-4000,1088,-1280,,,
190532883335100,71624330482153,204,bias-calibration,-5280,992,-2688,,,
190532884334900,71624331483153,205,bias-calibration,-4832,1024,-2080,,,
190532885335100,71624332481986,206,bias-calibration,-4512,864,-1984,,,
190532886328900,71624333482694,207,bias-calibration,-4960,768,-2272,,,
190532887327500,71624334482028,208,bias-calibration,-4608,1376,-1824,,,
190532888349500,71624335482153,209,bias-calibration,-5408,1568,-2464,,,
190532889343300,71624336482069,210,bias-calibration,-4704,1632,-2240,,,
190532890337300,71624337482028,211,bias-calibration,-4544,992,-2016,,,
190532891336500,71624338482028,212,bias-calibration,-4928,1600,-2592,,,
190532892336300,71624339482194,213,bias-calibration,-4928,1376,-2336,,,
190532893335800,71624340482236,214,bias-calibration,-4192,1280,-1248,,,
190532894335800,71624341481944,215,bias-calibration,-5088,1568,-2336,,,
190532895337800,71624342481986,216,bias-calibration,-5024,1632,-1984,,,
190532896336300,71624343481903,217,bias-calibration,-5568,1472,-2304,,,
190532897334800,71624344481861,218,bias-calibration,-4544,1472,-1312,,,
190532898336000,71624345482028,219,bias-calibration,-5344,2048,-2144,,,
190532899335900,71624346482069,220,bias-calibration,-4640,1824,-2592,,,
190532900335600,71624347482153,221,bias-calibration,-4704,1056,-2496,,,
190532901335700,71624348482111,222,bias-calibration,-4896,1248,-2368,,,
190532902335600,71624349481736,223,bias-calibration,-4160,928,-1696,,,
190532903335900,71624350482236,224,bias-calibration,-5216,1312,-2592,,,
190532904343800,71624351482069,225,bias-calibration,-4928,1472,-2368,,,
190532905340800,71624352482111,226,bias-calibration,-4384,1280,-2240,,,
190532906337400,71624353482069,227,bias-calibration,-5312,1152,-2144,,,
190532907336300,71624354481569,228,bias-calibration,-4736,1056,-1984,,,
190532908335000,71624355482069,229,bias-calibration,-4928,1216,-1696,,,
190532909335900,71624356481944,230,bias-calibration,-4832,1504,-2592,,,
190532910336000,71624357483361,231,bias-calibration,-4224,1088,-1856,,,
190532911335900,71624358481903,232,bias-calibration,-4352,1216,-1824,,,
190532912335700,71624359482194,233,bias-calibration,-4864,1152,-2432,,,
190532913335800,71624360482111,234,bias-calibration,-5024,1376,-1984,,,
190532914335800,71624361481986,235,bias-calibration,-5312,1504,-2464,,,
190532915335900,71624362482111,236,bias-calibration,-4832,704,-1760,,,
190532916335700,71624363482069,237,bias-calibration,-5088,1088,-2208,,,
190532917335600,71624364482069,238,bias-calibration,-4608,1504,-2624,,,
190532918335800,71624365482028,239,bias-calibration,-4864,1440,-1888,,,
190532919334900,71624366482403,240,bias-calibration,-4704,1600,-2016,,,
190532920342600,71624367481986,241,bias-calibration,-5024,1472,-2560,,,
190532921344400,71624368481944,242,bias-calibration,-4992,1536,-2656,,,
190532922357900,71624369481903,243,bias-calibration,-4672,1376,-2112,,,
190532923337100,71624370481903,244,bias-calibration,-5152,1536,-1824,,,
190532924344000,71624371483444,245,bias-calibration,-4480,1568,-1984,,,
190532925356800,71624372482111,246,bias-calibration,-4704,1888,-2048,,,
190532926337400,71624373482153,247,bias-calibration,-4864,1568,-1760,,,
190532927332600,71624374482069,248,bias-calibration,-4096,1024,-1504,,,
190532928348800,71624375482153,249,bias-calibration,-5056,1408,-2208,,,
190532929352500,71624376481528,250,bias-calibration,-4512,1472,-2240,,,
190532930345500,71624377482153,251,bias-calibration,-4640,1216,-2176,,,
190532931345200,71624378481986,252,bias-calibration,-5344,1024,-1824,,,
190532932347400,71624379482069,253,bias-calibration,-4736,960,-1920,,,
190532933338400,71624380484944,254,bias-calibration,-4992,1472,-2144,,,
190532934335700,71624381484403,255,bias-calibration,-4512,1472,-2112,,,
190532935335200,71624382482069,0,bias-calibration,-4736,1248,-2432,,,
190532936352300,71624383482236,1,bias-calibration,-5120,1088,-2464,,,
190532937344700,71624384482194,2,bias-calibration,-4736,992,-1728,,,
190532938337500,71624385482111,3,bias-calibration,-5632,1408,-2432,,,
190532939336000,71624386482486,4,bias-calibration,-4576,1472,-2784,,,
190532940335700,71624387482069,5,bias-calibration,-4832,1216,-2368,,,
190532941334500,71624388483694,6,bias-calibration,-4992,1248,-2560,,,
190532942335500,71624389489403,7,bias-calibration,-4640,1088,-1760,,,
190532943335300,71624390489861,8,bias-calibration,-4928,1440,-2368,,,
190532944459300,71624391493819,9,bias-calibration,-5120,1344,-2144,,,
190532945329700,71624392483819,10,bias-calibration,-4704,992,-2560,,,
190532946335900,71624393482153,11,bias-calibration,-4896,864,-2080,,,
190532947459000,71624394489819,12,bias-calibration,-4128,1504,-2208,,,
190532948457000,71624395496361,13,bias-calibration,-5184,1600,-2112,,,
190532949330200,71624396488153,14,bias-calibration,-4512,1344,-1440,,,
190532950460600,71624397489444,15,bias-calibration,-4768,1120,-1760,,,
190532951329700,71624398487986,16,bias-calibration,-5120,1888,-2080,,,
190532952353100,71624399483778,17,bias-calibration,-5184,1792,-2400,,,
190532953344000,71624400487528,18,bias-calibration,-5152,1472,-2144,,,
190532954339700,71624401486236,19,bias-calibration,-4640,1888,-2048,,,
190532955337200,71624402489319,20,bias-calibration,-4768,1088,-2368,,,
190532956336300,71624403486861,21,bias-calibration,-4800,1472,-2400,,,
190532957335700,71624404491444,22,bias-calibration,-4928,992,-2496,,,
190532958335300,71624405482986,23,bias-calibration,-4544,1408,-2112,,,
190532959335300,71624406485694,24,bias-calibration,-4992,1760,-2432,,,
190532960335200,71624407486403,25,bias-calibration,-5248,1408,-1920,,,
190532961335400,71624408486819,26,bias-calibration,-5184,1728,-2592,,,
190532962335200,71624409486528,27,bias-calibration,-5152,1440,-1760,,,
190532963334200,71624410486736,28,bias-calibration,-5696,1760,-2496,,,
190532964335400,71624411482653,29,bias-calibration,-4736,1504,-2336,,,
190532965335300,71624412487028,30,bias-calibration,-4992,1248,-1728,,,
190532966335200,71624413483653,31,bias-calibration,-4800,1440,-2912,,,
190532967335300,71624414488611,32,bias-calibration,-4736,1600,-2528,,,
190532968355400,71624415484861,33,bias-calibration,-4928,960,-2016,,,
190532969350700,71624416486736,34,bias-calibration,-5152,1216,-2112,,,
190532970338900,71624417485319,35,bias-calibration,-5568,1152,-2688,,,
190532971337200,71624418488153,36,bias-calibration,-5376,1888,-2176,,,
190532972336300,71624419487986,37,bias-calibration,-4928,1472,-2432,,,
190532973336000,71624420487319,38,bias-calibration,-4896,1600,-2240,,,
190532974335000,71624421488736,39,bias-calibration,-4736,960,-2080,,,
190532975335800,71624422487278,40,bias-calibration,-4800,1728,-2752,,,
190532976335900,71624423488569,41,bias-calibration,-4512,896,-1344,,,
190532977335700,71624424482611,42,bias-calibration,-5344,1632,-2848,,,
190532978335700,71624425483236,43,bias-calibration,-4928,1312,-1920,,,
190532979335700,71624426485694,44,bias-calibration,-5408,1312,-2464,,,
190532980335700,71624427486111,45,bias-calibration,-5184,1184,-2240,,,
190532981335600,71624428486153,46,bias-calibration,-5504,1536,-2464,,,
190532982336000,71624429483153,47,bias-calibration,-5216,1024,-2176,,,
190532983335400,71624430484778,48,bias-calibration,-5024,1184,-1728,,,
190532984337400,71624431483944,49,bias-calibration,-5344,1536,-2496,,,
190532985332600,71624432487028,50,bias-calibration,-4640,1536,-2432,,,
190532986443200,71624433489486,51,bias-calibration,-5504,1056,-1920,,,
190532987541400,71624434487361,52,bias-calibration,-4576,1440,-2016,,,
190532988330900,71624435486861,53,bias-calibration,-4480,1440,-2144,,,
190532989329600,71624436486486,54,bias-calibration,-5120,1376,-2304,,,
190532990333400,71624437484903,55,bias-calibration,-4256,832,-1952,,,
190532991332800,71624438486736,56,bias-calibration,-5088,1504,-2560,,,
190532992330800,71624439488361,57,bias-calibration,-4224,1216,-2592,,,
190532993344300,71624440488319,58,bias-calibration,-4928,960,-2048,,,
190532994344300,71624441487153,59,bias-calibration,-4288,1216,-1920,,,
190532995339400,71624442489694,60,bias-calibration,-4576,1088,-2528,,,
190532996336200,71624443484236,61,bias-calibration,-5152,1760,-1920,,,
190532997336200,71624444491986,62,bias-calibration,-4896,1056,-1984,,,
190532998336500,71624445484903,63,bias-calibration,-4736,1376,-2144,,,
190532999729000,71624446490153,64,bias-calibration,-5344,1664,-2528,,,
190533000365300,71624447484111,65,bias-calibration,-4512,1184,-1760,,,
190533001332300,71624448482194,66,bias-calibration,-4896,1760,-2080,,,
190533002331300,71624449482194,67,bias-calibration,-4448,1120,-1888,,,
190533003335600,71624450482111,68,bias-calibration,-4384,1152,-1824,,,
190533004338900,71624451482111,69,bias-calibration,-5312,1120,-2272,,,
190533005326500,71624452482986,70,bias-calibration,-5120,960,-1856,,,
190533006325400,71624453482028,71,bias-calibration,-5216,1216,-1472,,,
190533007325000,71624454481944,72,bias-calibration,-5408,1760,-2496,,,
190533008332800,71624455482028,73,bias-calibration,-4992,1312,-2048,,,
190533009335600,71624456481903,74,bias-calibration,-4448,1344,-2464,,,
190533010335000,71624457481861,75,bias-calibration,-4608,1344,-1984,,,
190533011335200,71624458482028,76,bias-calibration,-5056,1056,-2624,,,
190533012335000,71624459482069,77,bias-calibration,-4960,1408,-2240,,,
190533013335000,71624460482986,78,bias-calibration,-4768,1696,-2240,,,
190533014334800,71624461482236,79,bias-calibration,-4960,1664,-2144,,,
190533015335000,71624462482236,80,bias-calibration,-5184,1184,-2400,,,
190533016371200,71624463482819,81,bias-calibration,-4768,1248,-1984,,,
190533017330900,71624464481861,82,bias-calibration,-4512,1472,-2176,,,
190533018329400,71624465482028,83,bias-calibration,-5152,1440,-2624,,,
190533019323400,71624466481944,84,bias-calibration,-4576,1216,-2272,,,
190533020319400,71624467482194,85,bias-calibration,-4800,1600,-1888,,,
190533021322000,71624468482069,86,bias-calibration,-5184,1888,-2528,,,
190533022320900,71624469481903,87,bias-calibration,-4608,1472,-1856,,,
190533023321800,71624470481903,88,bias-calibration,-4928,1792,-2080,,,
190533024320400,71624471482153,89,bias-calibration,-4992,1312,-2752,,,
190533025352000,71624472482069,90,bias-calibration,-4672,1760,-2368,,,
190533026322500,71624473482111,91,bias-calibration,-5152,1600,-2176,,,
190533027322400,71624474482069,92,bias-calibration,-4800,1536,-2048,,,
190533028320100,71624475482028,93,bias-calibration,-5152,1184,-1760,,,
190533029320800,71624476481986,94,bias-calibration,-5440,1472,-2336,,,
190533030318000,71624477482028,95,bias-calibration,-4672,1728,-2208,,,
190533031332600,71624478482903,96,bias-calibration,-4896,1568,-1888,,,
190533032403000,71624479482028,97,bias-calibration,-4416,1472,-1760,,,
190533033342500,71624480483444,98,bias-calibration,-4960,1312,-2656,,,
190533034337800,71624481483861,99,bias-calibration,-4832,1280,-2560,,,
190533035334900,71624482482069,100,bias-calibration,-4768,1152,-1760,,,
190533036334800,71624483483028,101,bias-calibration,-4672,1120,-2464,,,
190533037334800,71624484482111,102,bias-calibration,-5088,1440,-2720,,,
190533038337500,71624485482403,103,bias-calibration,-5056,992,-1952,,,
190533039338000,71624486482069,104,bias-calibration,-4800,1696,-1664,,,
190533040338300,71624487481986,105,bias-calibration,-5056,1120,-2016,,,
190533041337800,71624488481986,106,bias-calibration,-5152,1056,-2656,,,
190533042338900,71624489481861,107,bias-calibration,-5280,1856,-2048,,,
190533043338800,71624490482111,108,bias-calibration,-5152,1504,-2432,,,
190533044338400,71624491481944,109,bias-calibration,-4896,992,-1536,,,
190533045338700,71624492481903,110,bias-calibration,-4608,864,-1984,,,
190533046337700,71624493481903,111,bias-calibration,-5600,1696,-2240,,,
190533047338200,71624494484653,112,bias-calibration,-4896,1376,-2400,,,
190533048337000,71624495481903,113,bias-calibration,-4864,1632,-2496,,,
190533049336800,71624496483528,114,bias-calibration,-5344,1472,-2432,,,
190533050338700,71624497482278,115,bias-calibration,-4896,1344,-960,,,
190533051338700,71624498483528,116,bias-calibration,-4800,1344,-2336,,,
190533052338000,71624499482069,117,bias-calibration,-4288,1664,-2080,,,
190533053338800,71624500482194,118,bias-calibration,-4800,1216,-2080,,,
190533054337900,71624501481944,119,bias-calibration,-4960,1504,-1984,,,
190533055339200,71624502482069,120,bias-calibration,-4736,1408,-2048,,,
190533056338900,71624503483111,121,bias-calibration,-4928,1664,-1920,,,
190533057338200,71624504481944,122,bias-calibration,-5184,1440,-2016,,,
190533058339500,71624505481819,123,bias-calibration,-5216,1536,-1984,,,
190533059339100,71624506481861,124,bias-calibration,-5152,1120,-2336,,,
190533060338700,71624507481944,125,bias-calibration,-4800,1760,-2112,,,
190533061338100,71624508481944,126,bias-calibration,-4928,1824,-2624,,,
190533062338000,71624509483153,127,bias-calibration,-4736,1984,-2368,,,
190533063385500,71624510482194,128,bias-calibration,-4448,1312,-1632,,,
190533064513700,71624511482069,129,bias-calibration,-4448,1504,-2240,,,
190533065341500,71624512482153,130,bias-calibration,-4640,1376,-1952,,,
190533066357600,71624513483028,131,bias-calibration,-4896,1664,-2144,,,
190533067345000,71624514482111,132,bias-calibration,-4096,1344,-1952,,,
190533068337700,71624515481986,133,bias-calibration,-4928,1280,-2400,,,
190533069336500,71624516482111,134,bias-calibration,-5344,1408,-2048,,,
190533070336300,71624517482028,135,bias-calibration,-5184,1760,-3040,,,
190533071336100,71624518481944,136,bias-calibration,-4960,1088,-1984,,,
190533072336200,71624519481944,137,bias-calibration,-4960,1632,-2080,,,
190533073336300,71624520481944,138,bias-calibration,-4832,1632,-2752,,,
190533074336000,71624521482319,139,bias-calibration,-4736,1344,-1536,,,
190533075336600,71624522482153,140,bias-calibration,-4896,1920,-2784,,,
190533076336400,71624523481986,141,bias-calibration,-5504,1472,-2112,,,
190533077336000,71624524482069,142,bias-calibration,-4864,1792,-2592,,,
190533078336200,71624525481944,143,bias-calibration,-5280,992,-2048,,,
190533079407100,71624526481944,144,bias-calibration,-4480,992,-1568,,,
190533080350500,71624527482069,145,bias-calibration,-4608,1568,-1728,,,
190533081341500,71624528481778,146,bias-calibration,-4864,1440,-2080,,,
190533082339000,71624529482028,147,bias-calibration,-4640,1792,-2656,,,
190533083338400,71624530481944,148,bias-calibration,-4736,1408,-2240,,,
190533084337700,71624531482278,149,bias-calibration,-5568,1792,-2240,,,
190533085336700,71624532481903,150,bias-calibration,-4768,1152,-2112,,,
190533086337600,71624533481861,151,bias-calibration,-4928,1664,-2304,,,
190533087395400,71624534482153,152,bias-calibration,-4352,1440,-1920,,,
190533088332000,71624535482028,153,bias-calibration,-5216,1536,-2208,,,
190533089338400,71624536484528,154,bias-calibration,-5184,1600,-1952,,,
190533090337200,71624537482111,155,bias-calibration,-4608,1376,-1760,,,
190533091337500,71624538482069,156,bias-calibration,-5056,1312,-2176,,,
190533092337000,71624539482069,157,bias-calibration,-4864,1728,-1792,,,
190533093336900,71624540482069,158,bias-calibration,-4448,1024,-2688,,,
190533094337000,71624541481986,159,bias-calibration,-4992,1472,-2688,,,
190533095417300,71624542483236,160,bias-calibration,-4800,1568,-1952,,,
190533096341500,71624543481903,161,bias-calibration,-4576,1056,-2176,,,
190533097341200,71624544481903,162,bias-calibration,-5280,1280,-2048,,,
190533098338200,71624545485653,163,bias-calibration,-4768,928,-2720,,,
190533099346300,71624546485153,164,bias-calibration,-5216,1088,-2048,,,
190533100337800,71624547482153,165,bias-calibration,-5120,1696,-2784,,,
190533101337400,71624548482069,166,bias-calibration,-4608,1024,-2208,,,
190533102337100,71624549482361,167,bias-calibration,-5344,1312,-2112,,,
190533103336800,71624550482194,168,bias-calibration,-5184,1152,-2624,,,
190533104366600,71624551482986,169,bias-calibration,-5184,1440,-2432,,,
190533105336900,71624552481903,170,bias-calibration,-5056,1088,-1856,,,
190533106337100,71624553483778,171,bias-calibration,-4992,1664,-1952,,,
190533107335600,71624554482028,172,bias-calibration,-4992,1120,-1664,,,
190533108336800,71624555481861,173,bias-calibration,-4736,1120,-1920,,,
190533109336700,71624556481944,174,bias-calibration,-4544,1152,-2464,,,
190533110336600,71624557482486,175,bias-calibration,-5248,1472,-1888,,,
190533111343500,71624558481903,176,bias-calibration,-4704,1312,-1856,,,
190533112421900,71624559482194,177,bias-calibration,-4960,1120,-2176,,,
190533113347600,71624560491611,178,bias-calibration,-4704,1696,-2528,,,
190533114342200,71624561482069,179,bias-calibration,-4896,992,-2080,,,
190533115337300,71624562482861,180,bias-calibration,-5088,992,-1824,,,
190533116336900,71624563481569,181,bias-calibration,-4512,1280,-1920,,,
190533117336400,71624564482194,182,bias-calibration,-4576,1280,-1760,,,
190533118335400,71624565481903,183,bias-calibration,-4608,896,-1888,,,
190533119337000,71624566481944,184,bias-calibration,-4416,1600,-2112,,,
190533120336300,71624567481944,185,bias-calibration,-4992,1536,-2464,,,
190533121336200,71624568482111,186,bias-calibration,-4608,1312,-1984,,,
190533122336100,71624569481944,187,bias-calibration,-5088,1312,-2016,,,
190533123336200,71624570491903,188,bias-calibration,-4608,1536,-1856,,,
190533124336000,71624571481986,189,bias-calibration,-5024,1536,-2432,,,
190533125336400,71624572482069,190,bias-calibration,-5344,1408,-1728,,,
190533126336000,71624573482111,191,bias-calibration,-4832,832,-2784,,,
190533127879600,71624574482028,192,bias-calibration,-4960,896,-2336,,,
190533128329500,71624575482028,193,bias-calibration,-4832,1120,-1824,,,
190533129358300,71624576482069,194,bias-calibration,-5216,1472,-2656,,,
190533130359600,71624577481944,195,bias-calibration,-4800,1408,-2560,,,
190533131336200,71624578481944,196,bias-calibration,-4640,1152,-2208,,,
190533132360300,71624579481944,197,bias-calibration,-5152,1056,-1664,,,
190533133460700,71624580481903,198,bias-calibration,-4704,1536,-1408,,,
190533134404700,71624581482528,199,bias-calibration,-5120,1536,-2720,,,
190533135445300,71624582481861,200,bias-calibration,-4736,1184,-2528,,,
190533136406400,71624583481903,201,bias-calibration,-4800,1184,-1888,,,
190533137435800,71624584482153,202,bias-calibration,-5280,1600,-2624,,,
190533138452800,71624585482028,203,bias-calibration,-4160,1088,-1728,,,
190533139426600,71624586482194,204,bias-calibration,-5280,1216,-2624,,,
190533140436800,71624587482111,205,bias-calibration,-5600,1152,-1920,,,
190533141427200,71624588482111,206,bias-calibration,-4864,1760,-2720,,,
190533142418300,71624589481986,207,bias-calibration,-4896,1568,-2240,,,
190533143330600,71624590485069,208,bias-calibration,-4800,1088,-2336,,,
190533144430800,71624591482028,209,bias-calibration,-5120,1472,-2176,,,
190533145824400,71624592481944,210,bias-calibration,-5376,1696,-2624,,,
190533146594500,71624593481903,211,bias-calibration,-4640,1696,-2432,,,
190533147378800,71624594481778,212,bias-calibration,-5248,1440,-2432,,,
190533148347500,71624595482944,213,bias-calibration,-5216,1792,-2272,,,
190533149335900,71624596481944,214,bias-calibration,-5280,1312,-2496,,,
190533150338000,71624597482153,215,bias-calibration,-4224,1056,-2432,,,
190533151345300,71624598488694,216,bias-calibration,-4544,1216,-1984,,,
190533152339200,71624599482028,217,bias-calibration,-5376,1504,-2656,,,
190533153336400,71624600481819,218,bias-calibration,-4896,1504,-2016,,,
190533154351500,71624601482194,219,bias-calibration,-4928,1408,-2208,,,
190533155358500,71624602481861,220,bias-calibration,-5088,1728,-1952,,,
190533156357700,71624603481903,221,bias-calibration,-4480,1504,-2592,,,
190533157345400,71624604484528,222,bias-calibration,-5376,1376,-2560,,,
190533158339800,71624605481944,223,bias-calibration,-4832,1152,-2016,,,
190533159404200,71624606482153,224,bias-calibration,-5376,1216,-2432,,,
190533160340600,71624607481861,225,bias-calibration,-5376,1632,-2112,,,
190533161343100,71624608481861,226,bias-calibration,-4832,2016,-2208,,,
190533162370100,71624609482028,227,bias-calibration,-5344,1184,-1760,,,
190533163348400,71624610484111,228,bias-calibration,-4864,1600,-1920,,,
190533164337700,71624611483569,229,bias-calibration,-4800,1248,-2048,,,
190533165331300,71624612481986,230,bias-calibration,-5568,1408,-1984,,,
190533166329000,71624613481986,231,bias-calibration,-5184,1376,-2208,,,
190533167327700,71624614481944,232,bias-calibration,-5472,1408,-2304,,,
190533168331100,71624615482361,233,bias-calibration,-4672,1696,-1632,,,
190533169327700,71624616483069,234,bias-calibration,-5408,1376,-2464,,,
190533170327500,71624617481861,235,bias-calibration,-4928,1664,-1856,,,
190533171329900,71624618481903,236,bias-calibration,-4704,1504,-2592,,,
190533172328200,71624619481861,237,bias-calibration,-4832,1216,-2336,,,
190533173327100,71624620481486,238,bias-calibration,-4416,1280,-2144,,,
190533174339400,71624621483778,239,bias-calibration,-4288,1504,-1536,,,
190533175533300,71624622481986,240,bias-calibration,-4832,1504,-2528,,,
190533176337200,71624623482111,241,bias-calibration,-4160,1408,-1984,,,
190533177479900,71624624482028,242,bias-calibration,-5600,1792,-2272,,,
190533178340400,71624625482819,243,bias-calibration,-4896,992,-2624,,,
190533179356000,71624626481986,244,bias-calibration,-4896,1152,-2016,,,
190533180345300,71624627481944,245,bias-calibration,-5120,1344,-2112,,,
190533181347200,71624628483361,246,bias-calibration,-5120,1728,-2272,,,
190533182341400,71624629481903,247,bias-calibration,-5248,1600,-2016,,,
190533183335600,71624630481944,248,bias-calibration,-4544,1024,-1824,,,
190533184335400,71624631481986,249,bias-calibration,-4672,1088,-2176,,,
190533185333700,71624632481486,250,bias-calibration,-4672,1376,-2048,,,
190533186334800,71624633482111,251,bias-calibration,-5056,1504,-2624,,,
190533187334000,71624634481778,252,bias-calibration,-4960,1184,-1568,,,
190533188337100,71624635482069,253,bias-calibration,-4672,1792,-1888,,,
190533189335000,71624636482069,254,bias-calibration,-5376,1408,-2528,,,
190533190335700,71624637484361,255,bias-calibration,-4128,1120,-2176,,,
190533191336100,71624638482069,0,bias-calibration,-4544,1120,-2336,,,
190533192352000,71624639481944,1,bias-calibration,-4192,1824,-2080,,,
190533193338700,71624640481903,2,bias-calibration,-5120,1312,-2208,,,
190533194337800,71624641481944,3,bias-calibration,-4768,1376,-2400,,,
190533195336600,71624642481944,4,bias-calibration,-4608,736,-2112,,,
190533196335600,71624643481861,5,bias-calibration,-4928,1856,-2144,,,
190533197336300,71624644481819,6,bias-calibration,-5280,1088,-1888,,,
190533198335900,71624645482736,7,bias-calibration,-5056,1056,-1984,,,
190533199335800,71624646481819,8,bias-calibration,-5472,1280,-2656,,,
190533200336300,71624647482069,9,bias-calibration,-5568,896,-2272,,,
190533201335900,71624648481986,10,bias-calibration,-5312,1600,-2528,,,
190533202445000,71624649481903,11,bias-calibration,-4480,1696,-2080,,,
190533203331200,71624650482069,12,bias-calibration,-5056,1152,-2336,,,
190533204336500,71624651481903,13,bias-calibration,-4224,1600,-2336,,,
190533205335900,71624652483153,14,bias-calibration,-5216,1632,-2176,,,
190533206335700,71624653482028,15,bias-calibration,-4640,1536,-2144,,,
190533207354700,71624654481944,16,bias-calibration,-4864,1760,-1920,,,
190533208347100,71624655481986,17,bias-calibration,-5280,1504,-2336,,,
190533209339500,71624656481903,18,bias-calibration,-4928,1056,-2208,,,
190533210337900,71624657482236,19,bias-calibration,-4832,1216,-2112,,,
190533211337700,71624658481819,20,bias-calibration,-4416,1184,-2208,,,
190533212337800,71624659481778,21,bias-calibration,-5472,1152,-2624,,,
190533213337200,71624660482111,22,bias-calibration,-4736,1408,-2144,,,
190533214337300,71624661481986,23,bias-calibration,-4928,1408,-2048,,,
190533215337200,71624662482528,24,bias-calibration,-5568,1600,-2752,,,
190533216331200,71624663481903,25,bias-calibration,-4288,1344,-1856,,,
190533217331600,71624664481944,26,bias-calibration,-5216,1824,-1888,,,
190533218336300,71624665482111,27,bias-calibration,-5216,1376,-2656,,,
190533219336900,71624666482028,28,bias-calibration,-4672,1600,-2016,,,
190533220336600,71624667482111,29,bias-calibration,-4608,1248,-2496,,,
190533221336700,71624668481861,30,bias-calibration,-4928,1376,-2048,,,
190533222336700,71624669483694,31,bias-calibration,-5120,1152,-2144,,,
190533223340700,71624670482444,32,bias-calibration,-4192,1312,-2176,,,
190533224404000,71624671481778,33,bias-calibration,-5120,2016,-2784,,,
190533225348700,71624672482236,34,bias-calibration,-4992,1408,-1888,,,
190533226347800,71624673481986,35,bias-calibration,-5312,1568,-2432,,,
190533227405000,71624674483653,36,bias-calibration,-5440,1728,-2208,,,
190533228405400,71624675484361,37,bias-calibration,-4800,1728,-1568,,,
190533229411700,71624676481986,38,bias-calibration,-5568,1184,-1856,,,
190533230342200,71624677481986,39,bias-calibration,-4928,1536,-2208,,,
190533231333300,71624678481944,40,bias-calibration,-4384,1408,-1696,,,
190533232336300,71624679483194,41,bias-calibration,-4224,1376,-2240,,,
190533233335900,71624680482486,42,bias-calibration,-4896,1280,-2336,,,
190533234335900,71624681481903,43,bias-calibration,-5312,1344,-2336,,,
190533235336100,71624682481903,44,bias-calibration,-4672,1824,-2144,,,
190533236335600,71624683481819,45,bias-calibration,-5024,1152,-2304,,,
190533237335800,71624684482028,46,bias-calibration,-4544,1248,-1600,,,
190533238335600,71624685482153,47,bias-calibration,-4448,1248,-1952,,,
190533239350700,71624686482069,48,bias-calibration,-4608,960,-2016,,,
190533240341900,71624687482153,49,bias-calibration,-5344,1568,-2912,,,
190533241337800,71624688481944,50,bias-calibration,-4736,1376,-2272,,,
190533242336700,71624689481653,51,bias-calibration,-5504,1536,-2432,,,
190533243336900,71624690482194,52,bias-calibration,-4960,1120,-1504,,,
190533244336600,71624691481903,53,bias-calibration,-4832,1952,-2080,,,
190533245340800,71624692482528,54,bias-calibration,-4864,1472,-2464,,,
190533246337600,71624693483403,55,bias-calibration,-4832,1568,-2496,,,
190533247350400,71624694481986,56,bias-calibration,-4544,1568,-1792,,,
190533248336700,71624695481944,57,bias-calibration,-4896,1184,-1888,,,
190533249336600,71624696482611,58,bias-calibration,-4640,1440,-2112,,,
190533250336600,71624697482236,59,bias-calibration,-5216,1824,-2272,,,
190533251335400,71624698482153,60,bias-calibration,-4736,1120,-2432,,,
190533252336400,71624699485153,61,bias-calibration,-4192,1792,-2176,,,
190533253336200,71624700482069,62,bias-calibration,-4640,1120,-1984,,,
190533254336800,71624701482819,63,bias-calibration,-4352,1632,-2432,,,
190533255350800,71624702482028,64,bias-calibration,-5056,1024,-2432,,,
190533256345400,71624703481944,65,bias-calibration,-4384,1248,-1760,,,
190533257339600,71624704482028,66,bias-calibration,-4640,1152,-2336,,,
190533258338000,71624705481903,67,bias-calibration,-5184,1600,-2464,,,
190533259358000,71624706481944,68,bias-calibration,-5696,1472,-2560,,,
190533260343500,71624707482028,69,bias-calibration,-4448,1088,-2016,,,
190533261368700,71624708481778,70,bias-calibration,-4832,1280,-1952,,,
190533262333400,71624709481819,71,bias-calibration,-4864,1344,-2336,,,
190533263337600,71624710484986,72,bias-calibration,-5152,1152,-2496,,,
190533264336800,71624711481694,73,bias-calibration,-5088,1344,-2304,,,
190533265337000,71624712482153,74,bias-calibration,-4704,1472,-2592,,,
190533266336700,71624713482069,75,bias-calibration,-3968,1376,-2080,,,
190533267336900,71624714482111,76,bias-calibration,-5216,1568,-2752,,,
190533268337000,71624715482028,77,bias-calibration,-4704,1568,-2336,,,
190533269337000,71624716481944,78,bias-calibration,-4288,1440,-1664,,,
190533270336800,71624717482069,79,bias-calibration,-4000,1024,-2016,,,
190533271442800,71624718481903,80,bias-calibration,-4672,1312,-2016,,,
190533272431800,71624719481986,81,bias-calibration,-4000,1376,-2336,,,
190533273512300,71624720481903,82,bias-calibration,-4736,1248,-1984,,,
190533274401700,71624721481569,83,bias-calibration,-4896,1472,-2656,,,
190533275427600,71624722483319,84,bias-calibration,-5120,1184,-2272,,,
190533276405600,71624723482153,85,bias-calibration,-4864,1568,-1760,,,
190533277453600,71624724482069,86,bias-calibration,-4448,1152,-2240,,,
190533278420200,71624725481903,87,bias-calibration,-4704,1152,-2112,,,
190533279410600,71624726481986,88,bias-calibration,-5152,1376,-2464,,,
190533280412500,71624727482111,89,bias-calibration,-4704,1312,-2112,,,
190533281408100,71624728483444,90,bias-calibration,-4512,1088,-1856,,,
190533282420400,71624729481944,91,bias-calibration,-4992,1088,-2624,,,
190533283512000,71624730481819,92,bias-calibration,-4768,1632,-2176,,,
190533284543300,71624731481944,93,bias-calibration,-4704,1152,-2272,,,
190533285486700,71624732482028,94,bias-calibration,-5088,1216,-2752,,,
190533289110800,71624733481819,95,bias-calibration,-4992,992,-2144,,,
190533289132100,71624734482944,96,bias-calibration,-4608,1152,-1856,,,
190533289139300,71624735482153,97,bias-calibration,-5248,1216,-1952,,,
190533290232300,71624736482528,98,bias-calibration,-4736,1184,-2112,,,
190533290415100,71624737482111,99,bias-calibration,-5664,1760,-2624,,,
190533291403800,71624738481986,100,bias-calibration,-4224,992,-2144,,,
190533292487800,71624739481986,101,bias-calibration,-4608,1760,-1600,,,
190533293516100,71624740484944,102,bias-calibration,-4544,1216,-2144,,,
190533294502400,71624741481903,103,bias-calibration,-4704,1536,-2432,,,
190533295528200,71624742481903,104,bias-calibration,-4608,928,-2080,,,
190533296558700,71624743481944,105,bias-calibration,-5056,1152,-2784,,,
190533297480100,71624744481986,106,bias-calibration,-5152,1568,-2528,,,
190533298508400,71624745481861,107,bias-calibration,-5152,1440,-2176,,,
190533299432100,71624746481903,108,bias-calibration,-4960,1280,-2112,,,
190533300447700,71624747481944,109,bias-calibration,-4576,1408,-1664,,,
190533302165300,71624748482069,110,bias-calibration,-4960,1408,-2368,,,
190533302332000,71624749482236,111,bias-calibration,-5216,1440,-2432,,,
190533303457100,71624750482069,112,bias-calibration,-4704,1728,-2336,,,
190533304437300,71624751482153,113,bias-calibration,-4800,1184,-2144,,,
190533305417800,71624752481986,114,bias-calibration,-4320,1248,-2368,,,
190533306475000,71624753483028,115,bias-calibration,-4448,960,-2528,,,
190533307414300,71624754482028,116,bias-calibration,-4608,1152,-2176,,,
190533308431000,71624755481861,117,bias-calibration,-4576,1376,-2112,,,
190533309435500,71624756481903,118,bias-calibration,-5344,1408,-2368,,,
190533310435100,71624757481944,119,bias-calibration,-4768,1184,-2432,,,
190533311405800,71624758483153,120,bias-calibration,-4864,992,-2240,,,
190533312441600,71624759481944,121,bias-calibration,-5088,1472,-2112,,,
190533313427000,71624760482111,122,bias-calibration,-5184,1664,-2496,,,
190533314408800,71624761482069,123,bias-calibration,-4416,992,-1792,,,
190533315468500,71624762482028,124,bias-calibration,-5184,1216,-2080,,,
190533316337100,71624763481653,125,bias-calibration,-5088,1376,-2688,,,
190533317354400,71624764483153,126,bias-calibration,-5216,1184,-2752,,,
190533318902100,71624765482028,127,bias-calibration,-5376,1408,-2624,,,
190533319360500,71624766482028,128,bias-calibration,-4704,960,-2368,,,
190533320333900,71624767481861,129,bias-calibration,-4960,1440,-1888,,,
190533321340600,71624768481528,130,bias-calibration,-4608,864,-2560,,,
190533322333600,71624769481903,131,bias-calibration,-5280,1344,-2144,,,
190533323327500,71624770481861,132,bias-calibration,-4704,896,-1824,,,
190533324332300,71624771481861,133,bias-calibration,-5056,1440,-2176,,,
190533325325600,71624772481861,134,bias-calibration,-5248,1184,-2336,,,
190533326325600,71624773482986,135,bias-calibration,-4640,1600,-2144,,,
190533327332000,71624774482111,136,bias-calibration,-5184,800,-2208,,,
190533328335200,71624775482069,137,bias-calibration,-5152,1408,-2592,,,
190533329336200,71624776483486,138,bias-calibration,-4192,1440,-1728,,,
190533330334400,71624777482028,139,bias-calibration,-5248,1152,-1632,,,
190533331340400,71624778481528,140,bias-calibration,-4672,1184,-2720,,,
190533332332200,71624779482028,141,bias-calibration,-4352,1184,-2944,,,
190533333331800,71624780482111,142,bias-calibration,-4736,1056,-1952,,,
190533334336700,71624781483319,143,bias-calibration,-4160,1152,-2240,,,
190533335337100,71624782481861,144,bias-calibration,-4864,1216,-2368,,,
190533336338400,71624783483236,145,bias-calibration,-4608,1184,-2336,,,
190533337337300,71624784482694,146,bias-calibration,-4704,1120,-2176,,,
190533338337100,71624785482111,147,bias-calibration,-4928,1632,-1952,,,
190533339336600,71624786482153,148,bias-calibration,-5120,1280,-1920,,,
190533340335500,71624787482778,149,bias-calibration,-4704,1568,-3200,,,
190533341336200,71624788481944,150,bias-calibration,-4928,1344,-2336,,,
190533342336400,71624789481944,151,bias-calibration,-4896,1216,-2720,,,
190533343336500,71624790485444,152,bias-calibration,-4768,1216,-1984,,,
190533344336500,71624791481986,153,bias-calibration,-4512,1280,-2080,,,
190533345336200,71624792481944,154,bias-calibration,-5344,1120,-2080,,,
190533346336200,71624793482028,155,bias-calibration,-4832,1664,-2496,,,
190533347335900,71624794481819,156,bias-calibration,-4608,1248,-2240,,,
190533348332400,71624795481819,157,bias-calibration,-4768,1472,-2496,,,
190533349332700,71624796481986,158,bias-calibration,-4640,1344,-2400,,,
190533350330500,71624797481903,159,bias-calibration,-5216,1024,-2816,,,
190533351349400,71624798482486,160,bias-calibration,-4384,1312,-1728,,,
190533352339800,71624799483361,161,bias-calibration,-4832,1216,-1920,,,
190533353337200,71624800482111,162,bias-calibration,-4896,1152,-2112,,,
190533354336700,71624801482153,163,bias-calibration,-5024,1632,-2048,,,
190533355336500,71624802481903,164,bias-calibration,-4960,1440,-2624,,,
190533356336200,71624803481944,165,bias-calibration,-4832,1568,-2208,,,
190533357336200,71624804481903,166,bias-calibration,-5184,896,-2048,,,
190533358336200,71624805486403,167,bias-calibration,-5024,832,-1984,,,
190533359336300,71624806482028,168,bias-calibration,-4320,1184,-2368,,,
190533360336400,71624807481778,169,bias-calibration,-5344,1600,-2176,,,
190533361336300,71624808481861,170,bias-calibration,-4768,1184,-2336,,,
190533362334900,71624809481819,171,bias-calibration,-5184,1408,-2304,,,
190533363336000,71624810481611,172,bias-calibration,-4672,1312,-1408,,,
190533364332100,71624811483528,173,bias-calibration,-5024,1952,-1952,,,
190533365332100,71624812482028,174,bias-calibration,-4896,1024,-2176,,,
190533366329900,71624813482028,175,bias-calibration,-4704,1344,-1824,,,
190533367353600,71624814481986,176,bias-calibration,-5248,1472,-2304,,,
190533368333500,71624815481653,177,bias-calibration,-5248,1344,-2304,,,
190533369330300,71624816482028,178,bias-calibration,-4192,1696,-1888,,,
190533370329900,71624817481944,179,bias-calibration,-5408,1696,-2464,,,
190533371330800,71624818481861,180,bias-calibration,-4768,1152,-1888,,,
190533372334400,71624819481903,181,bias-calibration,-4992,1408,-2016,,,
190533373335400,71624820481861,182,bias-calibration,-5440,1472,-2176,,,
190533374349100,71624821481944,183,bias-calibration,-4288,1312,-1568,,,
190533375326200,71624822481819,184,bias-calibration,-4736,1504,-2528,,,
190533376339500,71624823481903,185,bias-calibration,-5408,1312,-2176,,,
190533377337000,71624824482028,186,bias-calibration,-4768,1632,-1792,,,
190533378335600,71624825482653,187,bias-calibration,-4992,1088,-2272,,,
190533379336300,71624826482028,188,bias-calibration,-4768,928,-2144,,,
190533380340700,71624827482028,189,bias-calibration,-4544,1664,-2048,,,
190533381415100,71624828482028,190,bias-calibration,-4960,1248,-2496,,,
190533382332200,71624829481903,191,bias-calibration,-4544,1728,-2368,,,
190533383336200,71624830481944,192,bias-calibration,-4544,1248,-2016,,,
190533384329400,71624831481819,193,bias-calibration,-5600,1408,-1792,,,
190533385332500,71624832481861,194,bias-calibration,-4992,1280,-2592,,,
190533386335400,71624833482069,195,bias-calibration,-4896,1504,-1888,,,
190533388381700,71624834481819,196,bias-calibration,-4672,1568,-2400,,,
190533388404300,71624835481486,197,bias-calibration,-4416,1408,-2560,,,
190533389333300,71624836482153,198,bias-calibration,-4672,1664,-2112,,,
190533390372600,71624837482028,199,bias-calibration,-4768,1536,-2752,,,
190533391342200,71624838482153,200,bias-calibration,-4864,1440,-1984,,,
190533392346700,71624839482028,201,bias-calibration,-4576,1312,-1856,,,
190533393333100,71624840485944,202,bias-calibration,-5120,1216,-2272,,,
190533394346300,71624841482028,203,bias-calibration,-4960,1440,-2240,,,
190533395417800,71624842481861,204,bias-calibration,-5216,1376,-2688,,,
190533396410100,71624843482069,205,bias-calibration,-4928,1056,-1664,,,
190533397362500,71624844481944,206,bias-calibration,-4896,1504,-2144,,,
190533398354500,71624845481986,207,bias-calibration,-5472,1280,-2176,,,
190533399437300,71624846481944,208,bias-calibration,-4320,1312,-2816,,,
190533400358000,71624847482986,209,bias-calibration,-4544,1408,-1920,,,
190533401332600,71624848481986,210,bias-calibration,-5152,1184,-2272,,,
190533402423900,71624849482028,211,bias-calibration,-4896,1600,-3008,,,
190533403405400,71624850482069,212,bias-calibration,-5344,1024,-2240,,,
190533404424100,71624851481986,213,bias-calibration,-4480,1280,-2176,,,
190533405335100,71624852481986,214,bias-calibration,-4480,1280,-2112,,,
190533406337200,71624853481986,215,bias-calibration,-5280,1344,-2112,,,
190533407352200,71624854481903,216,bias-calibration,-4288,1504,-1920,,,
190533408328300,71624855481944,217,bias-calibration,-4800,1216,-2080,,,
190533409336500,71624856481903,218,bias-calibration,-4288,896,-2208,,,
190533410328600,71624857482861,219,bias-calibration,-4672,1440,-2176,,,
190533411327100,71624858481944,220,bias-calibration,-4608,1024,-2432,,,
190533412351700,71624859481778,221,bias-calibration,-4256,1088,-1920,,,
190533413344500,71624860481819,222,bias-calibration,-4608,1376,-2400,,,
190533414341800,71624861482153,223,bias-calibration,-5600,1696,-3072,,,
190533415334400,71624862482236,224,bias-calibration,-4384,1472,-2208,,,
190533416347000,71624863482069,225,bias-calibration,-4576,2048,-2464,,,
190533417339500,71624864482028,226,bias-calibration,-5280,1664,-2144,,,
190533418339500,71624865482028,227,bias-calibration,-4480,1696,-2048,,,
190533419334800,71624866483486,228,bias-calibration,-4416,1216,-1856,,,
190533420338300,71624867484278,229,bias-calibration,-5248,1024,-2048,,,
190533421348500,71624868481986,230,bias-calibration,-5184,1312,-2464,,,
190533422341900,71624869482069,231,bias-calibration,-4928,1600,-3296,,,
190533423335800,71624870482111,232,bias-calibration,-5376,1248,-2080,,,
190533424337400,71624871483778,233,bias-calibration,-5120,1632,-1824,,,
190533425331100,71624872483361,234,bias-calibration,-5088,1824,-2400,,,
190533426405000,71624873481861,235,bias-calibration,-5344,1280,-2784,,,
190533427337100,71624874482153,236,bias-calibration,-4096,1376,-1664,,,
190533428356600,71624875482153,237,bias-calibration,-4896,1504,-1664,,,
190533429683700,71624876482028,238,bias-calibration,-5024,1216,-2528,,,
190533430326000,71624877482361,239,bias-calibration,-4576,960,-2400,,,
190533431356700,71624878482069,240,bias-calibration,-4832,1312,-2144,,,
190533432339100,71624879481861,241,bias-calibration,-4960,1280,-1984,,,
190533433356800,71624880482069,242,bias-calibration,-4800,1472,-2464,,,
190533434340300,71624881482903,243,bias-calibration,-4128,1408,-1856,,,
190533435354700,71624882481861,244,bias-calibration,-4640,1856,-1984,,,
190533436337800,71624883481944,245,bias-calibration,-4864,1568,-2112,,,
190533437332100,71624884481819,246,bias-calibration,-5216,1376,-2144,,,
190533438354700,71624885481819,247,bias-calibration,-4928,1248,-1888,,,
190533439400200,71624886481819,248,bias-calibration,-5024,1088,-2048,,,
190533440394800,71624887482153,249,bias-calibration,-4992,1600,-1920,,,
190533441400700,71624888482028,250,bias-calibration,-4992,1984,-2816,,,
190533442393500,71624889482778,251,bias-calibration,-4800,1600,-1920,,,
190533443389300,71624890481944,252,bias-calibration,-5152,1632,-2400,,,
190533444388000,71624891483861,253,bias-calibration,-5536,1344,-2112,,,
190533445331900,71624892481861,254,bias-calibration,-4448,1024,-1856,,,
190533446347300,71624893481903,255,bias-calibration,-4416,928,-2464,,,
190533447351800,71624894481819,0,bias-calibration,-4736,1344,-2016,,,
190533448342700,71624895481944,1,bias-calibration,-5056,1472,-2208,,,
190533449455500,71624896481903,2,bias-calibration,-4640,1760,-2112,,,
190533450418100,71624897481986,3,bias-calibration,-4928,1344,-1984,,,
190533451415500,71624898481986,4,bias-calibration,-5088,1376,-2208,,,
190533452440800,71624899482986,5,bias-calibration,-4992,1536,-2144,,,
190533453427800,71624900484736,6,bias-calibration,-5216,1600,-1760,,,
190533454427700,71624901482028,7,bias-calibration,-4960,1568,-2112,,,
190533455357500,71624902481986,8,bias-calibration,-4640,1216,-1760,,,
190533456425400,71624903483319,9,bias-calibration,-4480,1504,-1664,,,
190533457446000,71624904483861,10,bias-calibration,-4832,1760,-2592,,,
190533458346800,71624905481903,11,bias-calibration,-5120,960,-1824,,,
190533459328900,71624906481903,12,bias-calibration,-4736,1504,-2112,,,
190533460409300,71624907481903,13,bias-calibration,-5088,1536,-2560,,,
190533461337300,71624908481986,14,bias-calibration,-5568,1376,-1600,,,
190533462339200,71624909481486,15,bias-calibration,-4768,1536,-2016,,,
190533463507600,71624910482028,16,bias-calibration,-5056,1344,-2368,,,
190533464440400,71624911481819,17,bias-calibration,-4800,1760,-2656,,,
190533465368400,71624912482111,18,bias-calibration,-4544,1440,-1888,,,
190533466341400,71624913481944,19,bias-calibration,-5056,1184,-2624,,,
190533467409300,71624914482194,20,bias-calibration,-4672,1376,-2592,,,
190533468339000,71624915482028,21,bias-calibration,-4480,1600,-2272,,,
190533469345100,71624916482194,22,bias-calibration,-4928,1408,-2432,,,
190533470330700,71624917483403,23,bias-calibration,-4800,1408,-2144,,,
190533471330400,71624918482986,24,bias-calibration,-4544,1152,-2848,,,
190533472362500,71624919481778,25,bias-calibration,-5024,1472,-2080,,,
190533473360500,71624920481986,26,bias-calibration,-4896,1472,-2048,,,
190533474341900,71624921481861,27,bias-calibration,-5216,1568,-2048,,,
190533475343100,71624922482153,28,bias-calibration,-4960,1248,-2400,,,
190533476356100,71624923481736,29,bias-calibration,-4992,1536,-2016,,,
190533477337600,71624924482028,30,bias-calibration,-5472,1280,-2336,,,
190533478419400,71624925482069,31,bias-calibration,-4960,1472,-1568,,,
190533479344300,71624926481861,32,bias-calibration,-4960,1792,-2112,,,
190533480416100,71624927482028,33,bias-calibration,-5056,1248,-2432,,,
190533481338700,71624928482819,34,bias-calibration,-4864,1696,-2144,,,
190533482437100,71624929481944,35,bias-calibration,-4864,1248,-2112,,,
190533483472800,71624930481986,36,bias-calibration,-4544,1472,-1440,,,
190533484526000,71624931483361,37,bias-calibration,-4960,1504,-2464,,,
190533485444500,71624932481986,38,bias-calibration,-4928,1408,-1696,,,
190533486476000,71624933481861,39,bias-calibration,-4864,1248,-2368,,,
190533487344000,71624934483569,40,bias-calibration,-5152,1248,-2208,,,
190533488424700,71624935481736,41,bias-calibration,-4672,1600,-1920,,,
190533489474800,71624936481736,42,bias-calibration,-4512,1472,-2304,,,
190533490421900,71624937481778,43,bias-calibration,-5056,1632,-1664,,,
190533491348800,71624938481986,44,bias-calibration,-4512,1280,-2304,,,
190533492342200,71624939481986,45,bias-calibration,-4960,1440,-2496,,,
190533493326000,71624940481986,46,bias-calibration,-4288,1248,-1920,,,
190533494327200,71624941483028,47,bias-calibration,-4704,1600,-2336,,,
190533495326100,71624942482028,48,bias-calibration,-4512,1504,-1824,,,
190533496342700,71624943481944,49,bias-calibration,-4704,1344,-2208,,,
190533497341500,71624944481986,50,bias-calibration,-4672,1248,-2112,,,
190533498332300,71624945481903,51,bias-calibration,-5056,1504,-1472,,,
190533499334000,71624946481486,52,bias-calibration,-5248,1536,-2720,,,
190533500347800,71624947483528,53,bias-calibration,-4224,1440,-1984,,,
190533501448300,71624948481694,54,bias-calibration,-4384,1216,-1888,,,
190533502421100,71624949482153,55,bias-calibration,-4704,800,-2048,,,
190533503422100,71624950482111,56,bias-calibration,-4896,1504,-2528,,,
190533504446200,71624951482153,57,bias-calibration,-4960,1312,-1984,,,
190533505336700,71624952484486,58,bias-calibration,-4736,992,-1600,,,
190533506336700,71624953484403,59,bias-calibration,-4928,1152,-1952,,,
190533507344500,71624954483486,60,bias-calibration,-4736,1344,-2048,,,
190533508345300,71624955481944,61,bias-calibration,-4992,1664,-1824,,,
190533509351900,71624956482236,62,bias-calibration,-4608,928,-1504,,,
190533510332100,71624957481986,63,bias-calibration,-5056,1568,-2272,,,
190533511337000,71624958481736,64,bias-calibration,-4576,1376,-1888,,,
190533512337600,71624959481944,65,bias-calibration,-4832,1248,-2208,,,
190533513354100,71624960481861,66,bias-calibration,-4960,1440,-2656,,,
190533514350300,71624961481736,67,bias-calibration,-4288,1440,-1760,,,
190533515431300,71624962482111,68,bias-calibration,-5024,1184,-1952,,,
190533516346300,71624963482028,69,bias-calibration,-5120,1440,-2400,,,
190533517340000,71624964482069,70,bias-calibration,-4608,1120,-2112,,,
190533518329300,71624965481944,71,bias-calibration,-4448,1376,-2048,,,
190533519332600,71624966481903,72,bias-calibration,-4768,1440,-2400,,,
190533520344400,71624967482069,73,bias-calibration,-4992,1152,-2592,,,
190533521332100,71624968481944,74,bias-calibration,-5184,1216,-1536,,,
190533522332700,71624969483236,75,bias-calibration,-4448,1408,-2048,,,
190533523341200,71624970483486,76,bias-calibration,-4960,1312,-2592,,,
190533524359800,71624971482028,77,bias-calibration,-4480,1024,-1632,,,
190533525633000,71624972481903,78,bias-calibration,-4896,1568,-2432,,,
190533526331900,71624973481820,79,countdown,-4864,1952,-2208,-5.51449,581.818,-10.5974
190533527336400,71624974481820,80,countdown,-5088,1376,-2400,-229.514,5.81818,-202.597
190533528329000,71624975482070,81,countdown,-5600,1376,-2048,-741.514,5.81818,149.403
190533529327400,71624976481695,82,countdown,-4896,1344,-1696,-37.5145,-26.1818,501.403
190533530331400,71624977482153,83,countdown,-5248,1184,-2560,-389.514,-186.182,-362.597
190533531342200,71624978481986,84,countdown,-4512,1312,-1568,346.486,-58.1818,629.403
190533532509100,71624979481986,85,countdown,-5312,1504,-2656,-453.514,133.818,-458.597
190533533345300,71624980481945,86,countdown,-4960,1120,-1984,-101.514,-250.182,213.403
190533534340500,71624981482070,87,countdown,-5248,1472,-2560,-389.514,101.818,-362.597
190533535343300,71624982481903,88,countdown,-4640,1568,-2240,218.486,197.818,-42.5974
190533536339100,71624983481903,89,countdown,-5344,1504,-2368,-485.514,133.818,-170.597
190533537337000,71624984481903,90,countdown,-5216,1408,-2688,-357.514,37.8182,-490.597
190533538352200,71624985481820,91,countdown,-4736,1184,-2336,122.486,-186.182,-138.597
190533539346400,71624986481861,92,countdown,-4896,1600,-2528,-37.5145,229.818,-330.597
190533540343000,71624987481986,93,countdown,-4672,1312,-2304,186.486,-58.1818,-106.597
190533541408300,71624988482028,94,countdown,-4832,1760,-2208,26.4855,389.818,-10.5974
190533542459400,71624989482111,95,countdown,-4544,1536,-2080,314.486,165.818,117.403
190533543473400,71624990482195,96,countdown,-4448,1376,-1792,410.486,5.81818,405.403
190533544375800,71624991481986,97,countdown,-5088,1152,-2880,-229.514,-218.182,-682.597
190533545347500,71624992481986,98,countdown,-4672,1472,-1824,186.486,101.818,373.403
190533546330200,71624993481861,99,countdown,-5120,1440,-2528,-261.514,69.8182,-330.597
190533547335100,71624994483445,100,countdown,-5408,1504,-2464,-549.514,133.818,-266.597
190533548342200,71624995481861,101,countdown,-4512,1792,-2592,346.486,421.818,-394.597
190533549330700,71624996481945,102,countdown,-4864,1376,-1856,-5.51449,5.81818,341.403
190533550468500,71624997481903,103,countdown,-5152,1504,-2016,-293.514,133.818,181.403
190533551388000,71624998481486,104,countdown,-4704,1312,-2368,154.486,-58.1818,-170.597
190533552446100,71624999481903,105,countdown,-4896,1536,-2368,-37.5145,165.818,-170.597
190533553341200,71625000482028,106,countdown,-5056,1568,-2016,-197.514,197.818,181.403
190533554397900,71625001482111,107,countdown,-4960,1600,-2752,-101.514,229.818,-554.597
190533555361900,71625002481945,108,countdown,-5056,1312,-2656,-197.514,-58.1818,-458.597
190533556349100,71625003481945,109,countdown,-5376,1472,-2336,-517.514,101.818,-138.597
190533557357000,71625004482028,110,countdown,-4960,1440,-1728,-101.514,69.8182,469.403
190533558398500,71625005481861,111,countdown,-5216,1376,-1984,-357.514,5.81818,213.403
190533559337700,71625006483445,112,countdown,-4928,1312,-2400,-69.5145,-58.1818,-202.597
190533560354900,71625007481861,113,countdown,-5376,1376,-2304,-517.514,5.81818,-106.597
190533561346600,71625008481778,114,countdown,-4032,1248,-1632,826.486,-122.182,565.403
190533562360600,71625009481903,115,countdown,-4352,1344,-2368,506.486,-26.1818,-170.597
190533563357800,71625010481986,116,countdown,-5280,1344,-1632,-421.514,-26.1818,565.403
190533564429200,71625011482403,117,countdown,-5056,1696,-1952,-197.514,325.818,245.403
190533565411700,71625012481861,118,countdown,-4096,1216,-1312,762.486,-154.182,885.403
190533566330000,71625013483570,119,countdown,-5344,1344,-1824,-485.514,-26.1818,373.403
190533567340200,71625014482070,120,countdown,-4320,1664,-1888,538.486,293.818,309.403
190533568338400,71625015481986,121,countdown,-4320,1408,-2336,538.486,37.8182,-138.597
190533569333800,71625016482028,122,countdown,-4800,1632,-2016,58.4855,261.818,181.403
190533570355200,71625017482028,123,countdown,-4864,1248,-1568,-5.51449,-122.182,629.403
190533571352300,71625018481528,124,countdown,-4288,1472,-1888,570.486,101.818,309.403
190533572340200,71625019481986,125,countdown,-4800,1216,-1984,58.4855,-154.182,213.403
190533573334400,71625020481986,126,countdown,-4896,1440,-2272,-37.5145,69.8182,-74.5974
190533574337400,71625021481903,127,countdown,-5024,1344,-1632,-165.514,-26.1818,565.403
190533575336700,71625022481736,128,countdown,-4704,1024,-2240,154.486,-346.182,-42.5974
190533576336100,71625023481820,129,countdown,-4832,1792,-2208,26.4855,421.818,-10.5974
190533577335700,71625024481778,130,countdown,-4768,1088,-2208,90.4855,-282.182,-10.5974
190533578337300,71625025481820,131,countdown,-4480,1408,-1888,378.486,37.8182,309.403
190533579337000,71625026481986,132,countdown,-4448,1120,-1824,410.486,-250.182,373.403
190533580336600,71625027482028,133,countdown,-5120,1280,-2752,-261.514,-90.1818,-554.597
190533581334300,71625028481986,134,countdown,-5472,1440,-2432,-613.514,69.8182,-234.597
190533582334200,71625029484861,135,countdown,-4640,1504,-2944,218.486,133.818,-746.597
190533583334300,71625030482820,136,countdown,-4960,1184,-2048,-101.514,-186.182,149.403
190533584335400,71625031483403,137,countdown,-5248,1376,-2176,-389.514,5.81818,21.4026
190533585334900,71625032481945,138,countdown,-4928,1376,-2304,-69.5145,5.81818,-106.597
190533586333500,71625033482028,139,countdown,-5056,1536,-2368,-197.514,165.818,-170.597
190533587334700,71625034482570,140,countdown,-4800,1344,-2016,58.4855,-26.1818,181.403
190533588353700,71625035481695,141,countdown,-4896,1536,-1824,-37.5145,165.818,373.403
190533589349200,71625036481903,142,countdown,-5056,1568,-1920,-197.514,197.818,277.403
190533590340000,71625037481695,143,countdown,-4928,1536,-2560,-69.5145,165.818,-362.597
190533591423200,71625038482028,144,countdown,-5472,1376,-1792,-613.514,5.81818,405.403
190533592338400,71625039482736,145,countdown,-4672,1024,-2368,186.486,-346.182,-170.597
190533593442300,71625040482111,146,countdown,-4672,1280,-2240,186.486,-90.1818,-42.5974
190533594378100,71625041481986,147,countdown,-4416,864,-1760,442.486,-506.182,437.403
190533595341900,71625042482028,148,countdown,-5280,1280,-1888,-421.514,-90.1818,309.403
190533596438500,71625043482028,149,countdown,-5344,1888,-1920,-485.514,517.818,277.403
190533597327500,71625044481820,150,countdown,-4640,896,-1920,218.486,-474.182,277.403
190533598353600,71625045481445,151,countdown,-4544,1344,-2368,314.486,-26.1818,-170.597
190533599709700,71625046482028,152,countdown,-5216,1312,-2656,-357.514,-58.1818,-458.597
190533600324500,71625047483945,153,countdown,-5248,1568,-2624,-389.514,197.818,-426.597
190533601426300,71625048481986,154,countdown,-4896,1568,-1888,-37.5145,197.818,309.403
190533602331700,71625049481736,155,countdown,-4736,1280,-2272,122.486,-90.1818,-74.5974
190533603339600,71625050481986,156,countdown,-4448,1760,-2592,410.486,389.818,-394.597
190533604346600,71625051482070,157,countdown,-4832,1504,-1856,26.4855,133.818,341.403
190533605338700,71625052482153,158,countdown,-4736,1536,-2432,122.486,165.818,-234.597
190533606339000,71625053482070,159,countdown,-5440,1888,-2272,-581.514,517.818,-74.5974
190533607338400,71625054482028,160,countdown,-4320,1376,-1664,538.486,5.81818,533.403
190533608337800,71625055485028,161,countdown,-4736,1536,-2336,122.486,165.818,-138.597
190533609337200,71625056482028,162,countdown,-5056,1504,-2240,-197.514,133.818,-42.5974
190533610337600,71625057481861,163,countdown,-5184,1248,-2048,-325.514,-122.182,149.403
190533611337800,71625058481986,164,countdown,-5472,1472,-2400,-613.514,101.818,-202.597
190533612337500,71625059483236,165,countdown,-4896,1824,-2080,-37.5145,453.818,117.403
190533613338000,71625060481486,166,countdown,-5440,1728,-2400,-581.514,357.818,-202.597
190533614335900,71625061481903,167,countdown,-5248,1600,-2080,-389.514,229.818,117.403
190533615332000,71625062481736,168,countdown,-4928,1280,-2368,-69.5145,-90.1818,-170.597
190533616448400,71625063481861,169,countdown,-4896,1248,-2304,-37.5145,-122.182,-106.597
190533617453500,71625064482820,170,countdown,-4960,1696,-2432,-101.514,325.818,-234.597
190533618441500,71625065484070,171,countdown,-4960,1600,-2464,-101.514,229.818,-266.597
190533619332100,71625066481986,172,countdown,-5024,1408,-1984,-165.514,37.8182,213.403
190533620458500,71625067481986,173,countdown,-4928,1472,-2688,-69.5145,101.818,-490.597
190533621420100,71625068481945,174,countdown,-4640,1280,-2080,218.486,-90.1818,117.403
190533622468500,71625069481820,175,countdown,-4928,1760,-2400,-69.5145,389.818,-202.597
190533623420800,71625070482611,176,countdown,-4896,1344,-2272,-37.5145,-26.1818,-74.5974
190533624437800,71625071481945,177,countdown,-4640,1152,-1696,218.486,-218.182,501.403
190533625445700,71625072481820,178,countdown,-4640,1376,-1696,218.486,5.81818,501.403
190533626419200,71625073481861,179,countdown,-4608,768,-2560,250.486,-602.182,-362.597
190533627456900,71625074481778,180,countdown,-4448,1632,-1952,410.486,261.818,245.403
190533628424800,71625075481736,181,countdown,-5504,1664,-2336,-645.514,293.818,-138.597
190533629447000,71625076482028,182,countdown,-4512,1920,-2400,346.486,549.818,-202.597
190533630426800,71625077481986,183,countdown,-4928,1344,-2336,-69.5145,-26.1818,-138.597
190533631467600,71625078481986,184,countdown,-5248,1600,-1920,-389.514,229.818,277.403
190533632465600,71625079481903,185,countdown,-4672,1760,-2560,186.486,389.818,-362.597
190533633452200,71625080482736,186,countdown,-5088,1344,-1952,-229.514,-26.1818,245.403
190533634424300,71625081481903,187,countdown,-4896,1472,-3040,-37.5145,101.818,-842.597
190533635411400,71625082482695,188,countdown,-4640,1120,-1920,218.486,-250.182,277.403
190533636349800,71625083481986,189,countdown,-4928,1248,-2944,-69.5145,-122.182,-746.597
190533637343800,71625084481861,190,countdown,-4160,1408,-2144,698.486,37.8182,53.4026
190533638335900,71625085481903,191,countdown,-4928,1248,-2016,-69.5145,-122.182,181.403
190533639334000,71625086481778,192,countdown,-4672,1120,-2528,186.486,-250.182,-330.597
190533640337800,71625087481736,193,countdown,-5120,1376,-2080,-261.514,5.81818,117.403
190533641338300,71625088481861,194,countdown,-4544,864,-2720,314.486,-506.182,-522.597
190533642338300,71625089482028,195,countdown,-4416,1024,-2176,442.486,-346.182,21.4026
190533643337800,71625090481986,196,countdown,-4192,1600,-2240,666.486,229.818,-42.5974
190533644338700,71625091481903,197,countdown,-4800,1472,-2624,58.4855,101.818,-426.597
190533645338200,71625092484570,198,countdown,-4672,1280,-1856,186.486,-90.1818,341.403
190533646338500,71625093481986,199,countdown,-4704,1568,-2144,154.486,197.818,53.4026
190533647338000,71625094481986,200,countdown,-4864,1216,-1696,-5.51449,-154.182,501.403
190533648338100,71625095482111,201,countdown,-4832,1664,-1856,26.4855,293.818,341.403
190533649338200,71625096481778,202,countdown,-4896,1440,-2624,-37.5145,69.8182,-426.597
190533650336900,71625097481945,203,countdown,-4768,1440,-2208,90.4855,69.8182,-10.5974
190533651334100,71625098481903,204,countdown,-4512,1152,-1824,346.486,-218.182,373.403
190533652337700,71625099482486,205,countdown,-4768,1152,-1888,90.4855,-218.182,309.403
190533653334800,71625100481903,206,countdown,-4768,832,-2208,90.4855,-538.182,-10.5974
190533654336400,71625101481778,207,countdown,-5152,832,-2208,-293.514,-538.182,-10.5974
190533655338500,71625102482070,208,countdown,-4928,1504,-2336,-69.5145,133.818,-138.597
190533656338600,71625103482028,209,countdown,-4864,992,-1984,-5.51449,-378.182,213.403
190533657338100,71625104481903,210,countdown,-4736,1472,-2208,122.486,101.818,-10.5974
190533658338300,71625105482028,211,countdown,-4608,1504,-2016,250.486,133.818,181.403
190533659340300,71625106481820,212,countdown,-4576,1152,-1952,282.486,-218.182,245.403
190533660338100,71625107482486,213,countdown,-5280,1632,-2592,-421.514,261.818,-394.597
190533661337800,71625108481986,214,countdown,-5344,1024,-2528,-485.514,-346.182,-330.597
190533662338200,71625109481861,215,countdown,-5120,1248,-2304,-261.514,-122.182,-106.597
190533663337300,71625110481945,216,countdown,-4576,1536,-1632,282.486,165.818,565.403
190533664338700,71625111481736,217,countdown,-5088,1696,-2848,-229.514,325.818,-650.597
190533665338300,71625112481903,218,countdown,-4832,1184,-1920,26.4855,-186.182,277.403
190533666338800,71625113481653,219,countdown,-4992,1504,-2272,-133.514,133.818,-74.5974
190533667325200,71625114481986,220,countdown,-4608,1472,-2592,250.486,101.818,-394.597
190533668339100,71625115482153,221,countdown,-4928,1568,-2400,-69.5145,197.818,-202.597
190533669335700,71625116481945,222,countdown,-4576,1312,-1696,282.486,-58.1818,501.403
190533670335200,71625117482486,223,countdown,-4768,1536,-2144,90.4855,165.818,53.4026
190533671330900,71625118482903,224,countdown,-5056,1600,-2752,-197.514,229.818,-554.597
190533672335800,71625119481861,225,countdown,-4544,1408,-2368,314.486,37.8182,-170.597
190533673334700,71625120483486,226,countdown,-4736,1216,-2048,122.486,-154.182,149.403
190533674334400,71625121483570,227,countdown,-4672,1696,-1312,186.486,325.818,885.403
190533675338200,71625122481945,228,countdown,-5024,1472,-2048,-165.514,101.818,149.403
190533676338300,71625123481861,229,countdown,-5056,1248,-2464,-197.514,-122.182,-266.597
190533677338000,71625124481361,230,countdown,-4736,992,-1536,122.486,-378.182,661.403
190533678338200,71625125481945,231,countdown,-4672,1312,-2240,186.486,-58.1818,-42.5974
190533679338000,71625126481820,232,countdown,-5568,1184,-2048,-709.514,-186.182,149.403
190533680338700,71625127481903,233,countdown,-4672,1280,-2176,186.486,-90.1818,21.4026
190533681338600,71625128482028,234,countdown,-4800,1824,-1728,58.4855,453.818,469.403
190533682338000,71625129482278,235,countdown,-5248,1472,-2496,-389.514,101.818,-298.597
190533683330700,71625130483528,236,countdown,-5088,1344,-2112,-229.514,-26.1818,85.4026
190533684338000,71625131483403,237,countdown,-4288,1536,-2048,570.486,165.818,149.403
190533685351200,71625132481945,238,countdown,-4896,1472,-2016,-37.5145,101.818,181.403
190533686343700,71625133481903,239,countdown,-4800,1504,-2720,58.4855,133.818,-522.597
190533687333100,71625134481903,240,countdown,-4480,1184,-1760,378.486,-186.182,437.403
190533688728600,71625135481986,241,countdown,-4704,1152,-1664,154.486,-218.182,533.403
190533689334100,71625136481778,242,countdown,-5152,1472,-2080,-293.514,101.818,117.403
190533690339800,71625137481903,243,countdown,-4736,1248,-2336,122.486,-122.182,-138.597
190533691328000,71625138481778,244,countdown,-4896,1184,-1696,-37.5145,-186.182,501.403
190533692324500,71625139484153,245,countdown,-4736,1408,-2656,122.486,37.8182,-458.597
190533693452000,71625140482070,246,countdown,-4768,992,-1856,90.4855,-378.182,341.403
190533694326100,71625141482320,247,countdown,-5184,1280,-2944,-325.514,-90.1818,-746.597
190533695342400,71625142482070,248,countdown,-4448,1280,-2112,410.486,-90.1818,85.4026
190533696335500,71625143481945,249,countdown,-4704,1184,-2144,154.486,-186.182,53.4026
190533697331400,71625144481945,250,countdown,-4832,1312,-1888,26.4855,-58.1818,309.403
190533698353300,71625145481945,251,countdown,-5280,1376,-2624,-421.514,5.81818,-426.597
190533699360200,71625146481820,252,countdown,-4928,1056,-1888,-69.5145,-314.182,309.403
190533700369800,71625147482778,253,countdown,-4864,640,-2016,-5.51449,-730.182,181.403
190533701353200,71625148483278,254,countdown,-4864,1024,-2208,-5.51449,-346.182,-10.5974
190533702437700,71625149483403,255,countdown,-4800,1376,-2208,58.4855,5.81818,-10.5974
190533703442500,71625150481736,0,countdown,-5568,960,-1600,-709.514,-410.182,597.403
190533704410600,71625151481653,1,countdown,-4672,1504,-2816,186.486,133.818,-618.597
190533705437800,71625152482570,2,countdown,-4768,1504,-2272,90.4855,133.818,-74.5974
190533706518600,71625153481903,3,countdown,-5344,1888,-2976,-485.514,517.818,-778.597
190533707514000,71625154482028,4,countdown,-4928,1248,-2624,-69.5145,-122.182,-426.597
190533708523200,71625155481986,5,countdown,-4448,1376,-2432,410.486,5.81818,-234.597
190533709524700,71625156482111,6,countdown,-4544,1344,-1792,314.486,-26.1818,405.403
190533710524200,71625157482070,7,countdown,-5024,1312,-2208,-165.514,-58.1818,-10.5974
190533711518600,71625158481861,8,countdown,-4704,992,-2016,154.486,-378.182,181.403
190533712524500,71625159481986,9,countdown,-4896,800,-2528,-37.5145,-570.182,-330.597
190533713867500,71625160481861,10,countdown,-4480,1536,-1952,378.486,165.818,245.403
190533714525600,71625161482778,11,countdown,-5216,1280,-2464,-357.514,-90.1818,-266.597
190533715342100,71625162482111,12,countdown,-5088,1760,-2528,-229.514,389.818,-330.597
190533716547300,71625163482903,13,countdown,-5120,1760,-2432,-261.514,389.818,-234.597
190533717518000,71625164481778,14,countdown,-4320,1504,-1600,538.486,133.818,597.403
190533718552900,71625165481945,15,countdown,-4832,1440,-1952,26.4855,69.8182,245.403
190533719364800,71625166482070,16,countdown,-5280,1152,-2784,-421.514,-218.182,-586.597
190533720330500,71625167482028,17,countdown,-4736,1344,-1760,122.486,-26.1818,437.403
190533721562000,71625168481861,18,countdown,-4352,1312,-2240,506.486,-58.1818,-42.5974
190533722456700,71625169482028,19,countdown,-5184,1312,-1856,-325.514,-58.1818,341.403
190533723397200,71625170482111,20,countdown,-4960,992,-1824,-101.514,-378.182,373.403
190533724424900,71625171481986,21,countdown,-4864,1536,-2848,-5.51449,165.818,-650.597
190533725477800,71625172481736,22,countdown,-4928,1248,-2208,-69.5145,-122.182,-10.5974
190533726402600,71625173482528,23,countdown,-4864,1184,-2080,-5.51449,-186.182,117.403
190533727469500,71625174481986,24,countdown,-4224,1440,-2368,634.486,69.8182,-170.597
190533728401200,71625175481778,25,countdown,-5056,1664,-1536,-197.514,293.818,661.403
190533729446800,71625176481778,26,countdown,-5088,1696,-1888,-229.514,325.818,309.403
190533730463300,71625177483195,27,countdown,-5376,1248,-1952,-517.514,-122.182,245.403
190533731439700,71625178481945,28,countdown,-4640,1888,-1792,218.486,517.818,405.403
190533732436000,71625179481986,29,countdown,-4672,1152,-2592,186.486,-218.182,-394.597
190533733405000,71625180483153,30,countdown,-5056,1088,-2112,-197.514,-282.182,85.4026
190533734422900,71625181482111,31,countdown,-4864,1120,-2496,-5.51449,-250.182,-298.597
190533735399500,71625182482278,32,countdown,-5024,1056,-1632,-165.514,-314.182,565.403
190533736462600,71625183481861,33,countdown,-4128,1440,-1600,730.486,69.8182,597.403
190533737336000,71625184481986,34,countdown,-5472,1664,-2400,-613.514,293.818,-202.597
190533738336000,71625185481820,35,countdown,-5280,1664,-1920,-421.514,293.818,277.403
190533739335200,71625186481861,36,countdown,-4448,1248,-1984,410.486,-122.182,213.403
190533740334900,71625187481861,37,countdown,-4736,1376,-1888,122.486,5.81818,309.403
190533741334700,71625188481486,38,countdown,-5408,1632,-2304,-549.514,261.818,-106.597
190533742365900,71625189481903,39,countdown,-4704,1024,-2080,154.486,-346.182,117.403
190533743335400,71625190481778,40,countdown,-5120,1344,-1728,-261.514,-26.1818,469.403
190533744334800,71625191482028,41,countdown,-4288,1152,-2016,570.486,-218.182,181.403
190533745335000,71625192481986,42,countdown,-4992,1376,-1600,-133.514,5.81818,597.403
190533746336100,71625193483528,43,countdown,-5184,1024,-2528,-325.514,-346.182,-330.597
190533747360100,71625194482153,44,countdown,-5216,896,-2624,-357.514,-474.182,-426.597
190533748358700,71625195481861,45,countdown,-4992,1600,-2496,-133.514,229.818,-298.597
190533749339000,71625196482070,46,countdown,-4512,1280,-2368,346.486,-90.1818,-170.597
190533750337100,71625197482111,47,countdown,-4544,1376,-2336,314.486,5.81818,-138.597
190533751336900,71625198482236,48,countdown,-5280,1440,-2720,-421.514,69.8182,-522.597
190533752336600,71625199481903,49,countdown,-4800,1184,-2112,58.4855,-186.182,85.4026
190533753336700,71625200481861,50,countdown,-4864,1056,-2112,-5.51449,-314.182,85.4026
190533754336800,71625201481861,51,countdown,-4864,2016,-2464,-5.51449,645.818,-266.597
190533755336900,71625202482361,52,countdown,-4832,1056,-2144,26.4855,-314.182,53.4026
190533756336600,71625203481945,53,countdown,-5408,1600,-2816,-549.514,229.818,-618.597
190533757336500,71625204482070,54,countdown,-4864,1536,-2176,-5.51449,165.818,21.4026
190533758336600,71625205482028,55,countdown,-5440,1216,-2048,-581.514,-154.182,149.403
190533759336400,71625206482070,56,countdown,-4832,1440,-2848,26.4855,69.8182,-650.597
190533760336100,71625207481903,57,countdown,-4384,1440,-2208,474.486,69.8182,-10.5974
190533761394500,71625208481945,58,countdown,-4672,1120,-2400,186.486,-250.182,-202.597
190533762330700,71625209481861,59,countdown,-4864,1600,-1920,-5.51449,229.818,277.403
190533763379000,71625210481820,60,countdown,-4992,1312,-2336,-133.514,-58.1818,-138.597
190533764343200,71625211481903,61,countdown,-4672,1344,-2272,186.486,-26.1818,-74.5974
190533765339300,71625212483236,62,countdown,-4640,1280,-2240,218.486,-90.1818,-42.5974
190533766337900,71625213483695,63,countdown,-4704,1376,-2304,154.486,5.81818,-106.597
190533767337500,71625214481820,64,countdown,-4416,1216,-2624,442.486,-154.182,-426.597
190533768337300,71625215481778,65,countdown,-4928,704,-2080,-69.5145,-666.182,117.403
190533769337100,71625216482028,66,countdown,-4544,1152,-2176,314.486,-218.182,21.4026
190533770337200,71625217482153,67,countdown,-4768,992,-1888,90.4855,-378.182,309.403
190533771336800,71625218482028,68,countdown,-5056,1216,-2112,-197.514,-154.182,85.4026
190533772335900,71625219481986,69,countdown,-5344,1536,-3008,-485.514,165.818,-810.597
190533773336800,71625220481903,70,countdown,-5440,1184,-1984,-581.514,-186.182,213.403
190533774336900,71625221481986,71,countdown,-4608,1888,-2336,250.486,517.818,-138.597
190533775336800,71625222481903,72,countdown,-4672,1056,-1984,186.486,-314.182,213.403
190533776337100,71625223481861,73,countdown,-4864,1536,-2400,-5.51449,165.818,-202.597
190533777337100,71625224481820,74,countdown,-4896,1024,-2912,-37.5145,-346.182,-714.597
190533778401100,71625225481861,75,countdown,-4256,1152,-1792,602.486,-218.182,405.403
190533779343200,71625226481861,76,countdown,-4928,1184,-2240,-69.5145,-186.182,-42.5974
190533780340200,71625227481736,77,countdown,-5280,1472,-2240,-421.514,101.818,-42.5974
190533781337900,71625228481736,78,countdown,-4320,1088,-2048,538.486,-282.182,149.403
190533782336700,71625229481945,79,countdown,-5152,1248,-2272,-293.514,-122.182,-74.5974
190533783335400,71625230482153,80,countdown,-4736,1440,-2816,122.486,69.8182,-618.597
190533784336000,71625231483486,81,countdown,-4704,1856,-2912,154.486,485.818,-714.597
190533785342100,71625232481820,82,countdown,-4864,960,-2080,-5.51449,-410.182,117.403
190533786337300,71625233481945,83,countdown,-4768,1408,-1632,90.4855,37.8182,565.403
190533787336300,71625234481986,84,countdown,-4672,800,-2528,186.486,-570.182,-330.597
190533788410400,71625235481778,85,countdown,-5248,1344,-2208,-389.514,-26.1818,-10.5974
190533789336700,71625236481903,86,countdown,-4384,1376,-2496,474.486,5.81818,-298.597
190533790337400,71625237481820,87,countdown,-4736,1120,-2432,122.486,-250.182,-234.597
190533791336300,71625238481820,88,countdown,-4992,1344,-1984,-133.514,-26.1818,213.403
190533792335800,71625239481695,89,countdown,-4608,1216,-2144,250.486,-154.182,53.4026
190533793335900,71625240483028,90,countdown,-4768,1472,-1824,90.4855,101.818,373.403
190533794363900,71625241481903,91,countdown,-4640,1408,-2336,218.486,37.8182,-138.597
190533795362800,71625242481945,92,countdown,-5280,1184,-2176,-421.514,-186.182,21.4026
190533796336400,71625243482028,93,countdown,-5056,1664,-2112,-197.514,293.818,85.4026
190533797334600,71625244481861,94,countdown,-5056,1888,-2176,-197.514,517.818,21.4026
190533798335000,71625245481861,95,countdown,-4768,1536,-2400,90.4855,165.818,-202.597
190533799336700,71625246481903,96,countdown,-4768,896,-1920,90.4855,-474.182,277.403
190533800334000,71625247481778,97,countdown,-4864,1600,-2848,-5.51449,229.818,-650.597
190533801335500,71625248483611,98,countdown,-4800,1440,-2368,58.4855,69.8182,-170.597
190533802335900,71625249481778,99,countdown,-5344,1408,-2560,-485.514,37.8182,-362.597
190533803335800,71625250481861,100,countdown,-4672,1312,-2016,186.486,-58.1818,181.403
190533804337400,71625251481736,101,countdown,-4608,1408,-2496,250.486,37.8182,-298.597
190533805338000,71625252481736,102,countdown,-5120,1440,-2080,-261.514,69.8182,117.403
190533806335300,71625253481861,103,countdown,-4800,1056,-2464,58.4855,-314.182,-266.597
190533807336000,71625254481736,104,countdown,-4288,768,-2048,570.486,-602.182,149.403
190533808337700,71625255482153,105,countdown,-4928,1472,-1984,-69.5145,101.818,213.403
190533809339100,71625256481903,106,countdown,-4768,1312,-2688,90.4855,-58.1818,-490.597
190533810329300,71625257481570,107,countdown,-4640,1568,-2528,218.486,197.818,-330.597
190533811332700,71625258481986,108,countdown,-4736,1888,-2208,122.486,517.818,-10.5974
190533812336400,71625259481820,109,countdown,-4672,1568,-2336,186.486,197.818,-138.597
190533813333900,71625260481903,110,countdown,-4608,1376,-2848,250.486,5.81818,-650.597
190533814334900,71625261481861,111,countdown,-4576,1184,-1472,282.486,-186.182,725.403
190533815334000,71625262484278,112,countdown,-4320,1344,-1984,538.486,-26.1818,213.403
190533816336300,71625263481861,113,countdown,-5280,1344,-2368,-421.514,-26.1818,-170.597
190533817339100,71625264481945,114,countdown,-4320,1344,-2048,538.486,-26.1818,149.403
190533818338500,71625265482111,115,countdown,-4576,1120,-1984,282.486,-250.182,213.403
190533819339600,71625266481736,116,countdown,-5184,1408,-1984,-325.514,37.8182,213.403
190533820339400,71625267481695,117,countdown,-4448,1216,-2304,410.486,-154.182,-106.597
190533821338500,71625268482070,118,countdown,-4352,928,-2272,506.486,-442.182,-74.5974
190533822339400,71625269481945,119,countdown,-5344,1664,-2592,-485.514,293.818,-394.597
190533823338100,71625270482820,120,countdown,-4960,1152,-2336,-101.514,-218.182,-138.597
190533824338000,71625271481945,121,countdown,-4672,1280,-2656,186.486,-90.1818,-458.597
190533825339100,71625272481445,122,countdown,-4928,1472,-2752,-69.5145,101.818,-554.597
190533826399800,71625273481945,123,countdown,-5280,1088,-2080,-421.514,-282.182,117.403
190533827886800,71625274481861,124,countdown,-5120,896,-1888,-261.514,-474.182,309.403
190533828411600,71625275481945,125,countdown,-4864,1536,-2880,-5.51449,165.818,-682.597
190533829425900,71625276482486,126,countdown,-4032,1440,-1728,826.486,69.8182,469.403
190533830466400,71625277481778,127,countdown,-5152,1472,-2016,-293.514,101.818,181.403
190533831415800,71625278481778,128,countdown,-5088,1504,-2336,-229.514,133.818,-138.597
190533832447600,71625279481653,129,countdown,-5056,1056,-2240,-197.514,-314.182,-42.5974
190533833396200,71625280483528,130,countdown,-5024,1408,-2048,-165.514,37.8182,149.403
190533834431700,71625281481861,131,countdown,-5248,1376,-2336,-389.514,5.81818,-138.597
190533835489800,71625282481986,132,countdown,-5280,1472,-2272,-421.514,101.818,-74.5974
190533836404700,71625283481986,133,countdown,-5088,1408,-1984,-229.514,37.8182,213.403
190533837480000,71625284481778,134,countdown,-4448,896,-2080,410.486,-474.182,117.403
190533838415000,71625285481945,135,countdown,-5600,1472,-1952,-741.514,101.818,245.403
190533839456800,71625286481820,136,countdown,-5024,1280,-2368,-165.514,-90.1818,-170.597
190533840428700,71625287484111,137,countdown,-4960,1536,-2784,-101.514,165.818,-586.597
190533841938800,71625288481945,138,countdown,-4832,1664,-2432,26.4855,293.818,-234.597
190533842331400,71625289482736,139,countdown,-5280,640,-2368,-421.514,-730.182,-170.597
190533843328000,71625290482528,140,countdown,-4736,1344,-1888,122.486,-26.1818,309.403
190533844357000,71625291481736,141,countdown,-4928,2080,-1856,-69.5145,709.818,341.403
190533845330500,71625292481861,142,countdown,-4672,1056,-2496,186.486,-314.182,-298.597
190533846329500,71625293481903,143,countdown,-4864,1344,-1856,-5.51449,-26.1818,341.403
190533847325500,71625294481945,144,countdown,-5056,1696,-2432,-197.514,325.818,-234.597
190533848329100,71625295481945,145,countdown,-4512,1216,-2336,346.486,-154.182,-138.597
190533849330000,71625296481820,146,countdown,-5088,1856,-2144,-229.514,485.818,53.4026
190533850330600,71625297482528,147,countdown,-4320,1376,-2560,538.486,5.81818,-362.597
190533851472800,71625298481945,148,countdown,-4896,1408,-1728,-37.5145,37.8182,469.403
190533852435200,71625299481861,149,countdown,-5120,1888,-2496,-261.514,517.818,-298.597
190533853432600,71625300481903,150,countdown,-4480,1056,-2016,378.486,-314.182,181.403
190533854447200,71625301481861,151,countdown,-4800,1600,-2592,58.4855,229.818,-394.597
190533855441500,71625302481945,152,countdown,-4672,1408,-2464,186.486,37.8182,-266.597
190533856431200,71625303481820,153,countdown,-4320,1536,-1664,538.486,165.818,533.403
190533857431600,71625304481736,154,countdown,-5088,1088,-2272,-229.514,-282.182,-74.5974
190533858332300,71625305482028,155,countdown,-4384,1344,-1856,474.486,-26.1818,341.403
190533859336500,71625306481945,156,countdown,-5408,1504,-2016,-549.514,133.818,181.403
190533860426300,71625307484236,157,countdown,-4640,1184,-2336,218.486,-186.182,-138.597
190533861482400,71625308481945,158,countdown,-5216,1152,-2144,-357.514,-218.182,53.4026
190533862334000,71625309481945,159,countdown,-5152,1568,-2368,-293.514,197.818,-170.597
190533863330800,71625310482153,160,countdown,-5536,1664,-1600,-677.514,293.818,597.403
190533864338000,71625311481778,161,countdown,-4608,1376,-1792,250.486,5.81818,405.403
190533865442000,71625312482820,162,countdown,-5376,1152,-1984,-517.514,-218.182,213.403
190533866414700,71625313483195,163,countdown,-5184,1440,-1824,-325.514,69.8182,373.403
190533867444000,71625314484236,164,countdown,-4704,1184,-1760,154.486,-186.182,437.403
190533868464200,71625315481945,165,countdown,-4896,896,-1888,-37.5145,-474.182,309.403
190533869414000,71625316481695,166,countdown,-5248,1376,-2688,-389.514,5.81818,-490.597
190533870439000,71625317481778,167,countdown,-5408,1696,-2624,-549.514,325.818,-426.597
190533871460100,71625318482028,168,countdown,-4896,992,-1536,-37.5145,-378.182,661.403
190533872425000,71625319482153,169,countdown,-4544,1408,-1632,314.486,37.8182,565.403
190533873431500,71625320482028,170,countdown,-5152,1152,-2752,-293.514,-218.182,-554.597
190533874327700,71625321481903,171,countdown,-4640,896,-1792,218.486,-474.182,405.403
190533875327800,71625322481903,172,countdown,-5056,1856,-1824,-197.514,485.818,373.403
190533876429000,71625323481861,173,countdown,-4608,1184,-2048,250.486,-186.182,149.403
190533877436800,71625324481903,174,countdown,-4704,1344,-1888,154.486,-26.1818,309.403
190533878450900,71625325482445,175,countdown,-4928,1472,-1792,-69.5145,101.818,405.403
190533879414200,71625326481736,176,countdown,-4608,1472,-2368,250.486,101.818,-170.597
190533880462200,71625327481820,177,countdown,-4896,1344,-1664,-37.5145,-26.1818,533.403
190533881432400,71625328481778,178,countdown,-4576,1568,-2464,282.486,197.818,-266.597
190533882438400,71625329481778,179,countdown,-4768,1344,-2272,90.4855,-26.1818,-74.5974
190533883436000,71625330482486,180,countdown,-4064,1472,-1856,794.486,101.818,341.403
190533884414800,71625331483361,181,countdown,-4512,1536,-2368,346.486,165.818,-170.597
190533885457800,71625332483361,182,countdown,-4608,1280,-2112,250.486,-90.1818,85.4026
190533886394800,71625333481903,183,countdown,-4480,1216,-1664,378.486,-154.182,533.403
190533887407600,71625334482695,184,countdown,-4544,1248,-1632,314.486,-122.182,565.403
190533888411800,71625335481820,185,countdown,-5280,1312,-2560,-421.514,-58.1818,-362.597
190533889614800,71625336482445,186,countdown,-4512,1024,-1984,346.486,-346.182,213.403
190533890343300,71625337483028,187,countdown,-4320,1408,-2144,538.486,37.8182,53.4026
190533891324800,71625338483236,188,countdown,-4736,960,-2304,122.486,-410.182,-106.597
190533892343900,71625339481945,189,countdown,-4960,1152,-2016,-101.514,-218.182,181.403
190533893343100,71625340481778,190,countdown,-4608,1376,-1984,250.486,5.81818,213.403
190533894328200,71625341481653,191,countdown,-5280,1120,-2592,-421.514,-250.182,-394.597
190533895334900,71625342482320,192,countdown,-5024,928,-2080,-165.514,-442.182,117.403
190533896336800,71625343481695,193,countdown,-4768,1248,-2048,90.4855,-122.182,149.403
190533897338500,71625344482028,194,countdown,-4608,1344,-2272,250.486,-26.1818,-74.5974
190533898334100,71625345481903,195,countdown,-4960,1568,-1760,-101.514,197.818,437.403
190533899335000,71625346484611,196,countdown,-4960,1120,-1696,-101.514,-250.182,501.403
190533900337100,71625347482028,197,countdown,-5024,1120,-1920,-165.514,-250.182,277.403
190533901338800,71625348481820,198,countdown,-5088,1248,-2304,-229.514,-122.182,-106.597
190533902338400,71625349481903,199,countdown,-4768,1184,-1888,90.4855,-186.182,309.403
190533903338000,71625350481945,200,countdown,-5088,1248,-2048,-229.514,-122.182,149.403
190533904338300,71625351481778,201,countdown,-5440,1472,-2144,-581.514,101.818,53.4026
190533905337500,71625352481820,202,countdown,-5056,800,-2528,-197.514,-570.182,-330.597
190533906339100,71625353481778,203,countdown,-4672,1216,-2144,186.486,-154.182,53.4026
190533907334900,71625354481778,204,countdown,-4832,1376,-1824,26.4855,5.81818,373.403
190533908334900,71625355481695,205,countdown,-4768,1408,-1952,90.4855,37.8182,245.403
190533909337300,71625356481945,206,countdown,-5536,1184,-1888,-677.514,-186.182,309.403
190533910338100,71625357482070,207,countdown,-4832,1536,-1856,26.4855,165.818,341.403
190533911338800,71625358481861,208,countdown,-4704,1344,-1664,154.486,-26.1818,533.403
190533912338300,71625359481945,209,countdown,-4576,1696,-2080,282.486,325.818,117.403
190533913338300,71625360483195,210,countdown,-5024,832,-2080,-165.514,-538.182,117.403
190533914338700,71625361481903,211,countdown,-4768,1760,-2304,90.4855,389.818,-106.597
190533915337800,71625362481820,212,countdown,-4992,1504,-2400,-133.514,133.818,-202.597
190533916337800,71625363481903,213,countdown,-4480,960,-1600,378.486,-410.182,597.403
190533917338300,71625364481945,214,countdown,-4896,1184,-2752,-37.5145,-186.182,-554.597
190533918338300,71625365481820,215,countdown,-4928,1632,-2272,-69.5145,261.818,-74.5974
190533919338200,71625366483153,216,countdown,-4608,1760,-2400,250.486,389.818,-202.597
190533920337600,71625367481778,217,countdown,-5760,1920,-2432,-901.514,549.818,-234.597
190533921335300,71625368481695,218,countdown,-4576,1312,-1664,282.486,-58.1818,533.403
190533922348400,71625369481986,219,countdown,-4960,1344,-2336,-101.514,-26.1818,-138.597
190533923344200,71625370482070,220,countdown,-4960,1344,-2464,-101.514,-26.1818,-266.597
190533924331400,71625371482070,221,countdown,-4896,1408,-1888,-37.5145,37.8182,309.403
190533925370300,71625372481820,222,countdown,-5376,1472,-2848,-517.514,101.818,-650.597
190533926330400,71625373484736,223,countdown,-5152,1312,-2048,-293.514,-58.1818,149.403
190533927328600,71625374481945,224,countdown,-4832,1664,-2336,26.4855,293.818,-138.597
190533928329700,71625375481736,225,countdown,-4448,1664,-1504,410.486,293.818,693.403
190533929427700,71625376481903,226,countdown,-4480,832,-2272,378.486,-538.182,-74.5974
190533930410800,71625377481861,227,countdown,-4768,1792,-2656,90.4855,421.818,-458.597
190533931452400,71625378482403,228,countdown,-4640,1216,-3008,218.486,-154.182,-810.597
190533932441400,71625379481820,229,countdown,-4768,1056,-2432,90.4855,-314.182,-234.597
190533933437200,71625380481653,230,countdown,-4928,1824,-1888,-69.5145,453.818,309.403
190533934454900,71625381481736,231,countdown,-4768,1504,-1952,90.4855,133.818,245.403
190533935414200,71625382481986,232,countdown,-4608,1280,-2176,250.486,-90.1818,21.4026
190533936433600,71625383481986,233,countdown,-5312,1600,-1984,-453.514,229.818,213.403
190533937340600,71625384481986,234,countdown,-5184,1504,-2112,-325.514,133.818,85.4026
190533938429900,71625385481861,235,countdown,-5440,1088,-2432,-581.514,-282.182,-234.597
190533939445100,71625386483153,236,countdown,-5152,992,-2400,-293.514,-378.182,-202.597
190533940478100,71625387481861,237,countdown,-4992,1664,-2592,-133.514,293.818,-394.597
190533941458100,71625388481820,238,countdown,-5024,1504,-1952,-165.514,133.818,245.403
190533942415900,71625389481903,239,countdown,-4800,1376,-1984,58.4855,5.81818,213.403
190533943444100,71625390481778,240,countdown,-4736,1344,-2272,122.486,-26.1818,-74.5974
190533944439200,71625391481778,241,countdown,-4768,1248,-1984,90.4855,-122.182,213.403
190533945449500,71625392481820,242,countdown,-4608,1408,-2304,250.486,37.8182,-106.597
190533946441700,71625393481778,243,countdown,-4512,1056,-1952,346.486,-314.182,245.403
190533947330800,71625394482028,244,countdown,-4640,1280,-2144,218.486,-90.1818,53.4026
190533948334600,71625395481903,245,countdown,-5056,1344,-2336,-197.514,-26.1818,-138.597
190533949332100,71625396482903,246,countdown,-4800,832,-1728,58.4855,-538.182,469.403
190533950333200,71625397483070,247,countdown,-4992,1472,-1600,-133.514,101.818,597.403
190533951333000,71625398481903,248,countdown,-4928,1216,-2848,-69.5145,-154.182,-650.597
190533952333100,71625399481861,249,countdown,-4384,1440,-2304,474.486,69.8182,-106.597
190533953337300,71625400481403,250,countdown,-5024,1408,-2144,-165.514,37.8182,53.4026
190533954333300,71625401482403,251,countdown,-4992,1696,-1856,-133.514,325.818,341.403
190533955335200,71625402481820,252,countdown,-4160,1280,-2112,698.486,-90.1818,85.4026
190533956333900,71625403481861,253,countdown,-4832,1344,-2176,26.4855,-26.1818,21.4026
190533957333700,71625404481695,254,countdown,-4672,1472,-1952,186.486,101.818,245.403
190533958333600,71625405482445,255,countdown,-5056,1472,-2080,-197.514,101.818,117.403
190533959333400,71625406481820,0,countdown,-5248,1376,-2560,-389.514,5.81818,-362.597
190533960332200,71625407482028,1,countdown,-4960,1184,-2240,-101.514,-186.182,-42.5974
190533961333500,71625408481986,2,countdown,-4064,1088,-2144,794.486,-282.182,53.4026
190533962333600,71625409481986,3,countdown,-4992,1408,-2048,-133.514,37.8182,149.403
190533963333500,71625410482320,4,countdown,-4960,1152,-2656,-101.514,-218.182,-458.597
190533964333700,71625411482028,5,countdown,-4960,1440,-2048,-101.514,69.8182,149.403
190533965333400,71625412481736,6,countdown,-4672,1568,-1344,186.486,197.818,853.403
190533966333100,71625413481986,7,countdown,-5536,1536,-1920,-677.514,165.818,277.403
190533967333300,71625414483236,8,countdown,-4448,1472,-2560,410.486,101.818,-362.597
190533968333400,71625415482861,9,countdown,-4192,1376,-1408,666.486,5.81818,789.403
190533969330400,71625416481861,10,countdown,-5440,1376,-2176,-581.514,5.81818,21.4026
190533970347600,71625417481778,11,countdown,-4896,1376,-2752,-37.5145,5.81818,-554.597
190533971335500,71625418481736,12,countdown,-5344,1440,-2016,-485.514,69.8182,181.403
190533972334100,71625419481945,13,countdown,-5120,1216,-1792,-261.514,-154.182,405.403
190533973333300,71625420482861,14,countdown,-4800,1888,-2208,58.4855,517.818,-10.5974
190533974333400,71625421482028,15,countdown,-4640,1408,-2080,218.486,37.8182,117.403
190533975333300,71625422481945,16,countdown,-4544,1792,-1952,314.486,421.818,245.403
190533976333700,71625423482028,17,countdown,-4960,1472,-1984,-101.514,101.818,213.403
190533977333200,71625424481820,18,countdown,-4768,1408,-1952,90.4855,37.8182,245.403
190533978333100,71625425482695,19,countdown,-5376,1728,-2496,-517.514,357.818,-298.597
190533979333200,71625426481986,20,countdown,-4800,800,-2176,58.4855,-570.182,21.4026
190533980333100,71625427481695,21,countdown,-4800,1312,-1920,58.4855,-58.1818,277.403
190533981333100,71625428481736,22,countdown,-4864,1632,-2016,-5.51449,261.818,181.403
190533982332200,71625429481736,23,countdown,-5088,1632,-2016,-229.514,261.818,181.403
190533983333300,71625430481861,24,countdown,-4704,1344,-2368,154.486,-26.1818,-170.597
190533984333200,71625431481736,25,countdown,-5312,1248,-2272,-453.514,-122.182,-74.5974
190533985333400,71625432481695,26,countdown,-4640,1632,-2208,218.486,261.818,-10.5974
190533986325300,71625433481903,27,countdown,-4928,1344,-2464,-69.5145,-26.1818,-266.597
190533987330400,71625434481945,28,countdown,-4544,1696,-1792,314.486,325.818,405.403
190533988600600,71625435481945,29,countdown,-5056,1280,-2048,-197.514,-90.1818,149.403
190533989698400,71625436481820,30,countdown,-4448,1024,-1856,410.486,-346.182,341.403
190533990328100,71625437484736,31,countdown,-5056,1312,-1984,-197.514,-58.1818,213.403
190533991332100,71625438482486,32,countdown,-4416,768,-1856,442.486,-602.182,341.403
190533992327900,71625439482320,33,countdown,-5440,1504,-2848,-581.514,133.818,-650.597
190533993323200,71625440483195,34,countdown,-4768,1248,-1792,90.4855,-122.182,405.403
190533994329300,71625441481861,35,countdown,-5152,1440,-2528,-293.514,69.8182,-330.597
190533995331200,71625442481861,36,countdown,-5696,1408,-2048,-837.514,37.8182,149.403
190533996328400,71625443482403,37,countdown,-5312,1856,-2112,-453.514,485.818,85.4026
190533997344000,71625444481695,38,countdown,-4544,1152,-2080,314.486,-218.182,117.403
190533998341300,71625445481695,39,countdown,-4928,1120,-2144,-69.5145,-250.182,53.4026
190533999335800,71625446482028,40,countdown,-4896,1632,-1920,-37.5145,261.818,277.403
190534000333600,71625447483070,41,countdown,-5280,1472,-2080,-421.514,101.818,117.403
190534001332600,71625448486778,42,countdown,-4832,1216,-2112,26.4855,-154.182,85.4026
190534002331600,71625449482611,43,countdown,-4800,1632,-2400,58.4855,261.818,-202.597
190534003332100,71625450484070,44,countdown,-4672,1664,-2432,186.486,293.818,-234.597
190534004451400,71625451495403,45,countdown,-4832,1056,-2240,26.4855,-314.182,-42.5974
190534005450200,71625452496070,46,countdown,-4352,1248,-2016,506.486,-122.182,181.403
190534006348300,71625453490861,47,countdown,-4800,1440,-2496,58.4855,69.8182,-298.597
190534007346400,71625454489445,48,countdown,-4640,1440,-1760,218.486,69.8182,437.403
190534008348100,71625455485445,49,countdown,-4928,1344,-2112,-69.5145,-26.1818,85.4026
190534009335700,71625456488861,50,countdown,-4544,1184,-2720,314.486,-186.182,-522.597
190534010333700,71625457488195,51,countdown,-5504,1280,-2496,-645.514,-90.1818,-298.597
190534011333500,71625458490070,52,countdown,-4704,1216,-2272,154.486,-154.182,-74.5974
190534012333100,71625459487445,53,countdown,-4704,1984,-2944,154.486,613.818,-746.597
190534013332900,71625460487903,54,countdown,-4640,1056,-1696,218.486,-314.182,501.403
190534014333200,71625461488570,55,countdown,-5184,1440,-1920,-325.514,69.8182,277.403
190534015333200,71625462490070,56,countdown,-4800,1376,-2688,58.4855,5.81818,-490.597
190534016333300,71625463486903,57,countdown,-4736,1184,-1568,122.486,-186.182,629.403
190534017332600,71625464484195,58,countdown,-4576,1664,-1728,282.486,293.818,469.403
190534018346800,71625465485361,59,countdown,-5088,1632,-2272,-229.514,261.818,-74.5974
190534019336800,71625466487153,60,countdown,-4672,928,-2272,186.486,-442.182,-74.5974
190534020334500,71625467484736,61,countdown,-4800,1312,-2304,58.4855,-58.1818,-106.597
190534021333900,71625468484861,62,countdown,-4576,1248,-1920,282.486,-122.182,277.403
190534022333500,71625469483236,63,countdown,-4736,1184,-1792,122.486,-186.182,405.403
190534023333200,71625470484195,64,countdown,-5088,1568,-2656,-229.514,197.818,-458.597
190534024333300,71625471485486,65,countdown,-4672,1568,-2784,186.486,197.818,-586.597
190534025333000,71625472484111,66,countdown,-5088,1472,-2176,-229.514,101.818,21.4026
190534026333600,71625473484028,67,countdown,-4832,1248,-2400,26.4855,-122.182,-202.597
190534027333100,71625474484778,68,countdown,-4608,1344,-2368,250.486,-26.1818,-170.597
190534028335100,71625475485320,69,countdown,-5440,1120,-2112,-581.514,-250.182,85.4026
190534029333500,71625476487153,70,countdown,-5152,1632,-2464,-293.514,261.818,-266.597
190534030333100,71625477486320,71,countdown,-5280,1600,-2080,-421.514,229.818,117.403
190534031333200,71625478484945,72,countdown,-5184,1728,-2208,-325.514,357.818,-10.5974
190534032333100,71625479485570,73,countdown,-5088,1216,-1792,-229.514,-154.182,405.403
190534033327700,71625480482903,74,countdown,-5248,1376,-2272,-389.514,5.81818,-74.5974
190534034346500,71625481482445,75,countdown,-4896,1472,-1792,-37.5145,101.818,405.403
190534035332600,71625482484778,76,countdown,-4832,1344,-1472,26.4855,-26.1818,725.403
190534036335100,71625483483153,77,countdown,-4704,1440,-1984,154.486,69.8182,213.403
190534037335700,71625484486986,78,countdown,-4864,1440,-2944,-5.51449,69.8182,-746.597
190534038339400,71625485486028,79,countdown,-4448,1984,-2624,410.486,613.818,-426.597
190534039339800,71625486483570,80,countdown,-4736,1760,-1504,122.486,389.818,693.403
190534040333800,71625487485153,81,countdown,-5152,1376,-2336,-293.514,5.81818,-138.597
190534041333300,71625488488486,82,countdown,-4864,1504,-1792,-5.51449,133.818,405.403
190534042337900,71625489490903,83,countdown,-5088,1696,-2336,-229.514,325.818,-138.597
190534043349900,71625490491361,84,countdown,-4512,1280,-2528,346.486,-90.1818,-330.597
190534044338200,71625491491361,85,countdown,-5184,1600,-2720,-325.514,229.818,-522.597
190534045330800,71625492485903,86,countdown,-4448,1088,-2400,410.486,-282.182,-202.597
190534046327000,71625493486320,87,countdown,-4960,1312,-1696,-101.514,-58.1818,501.403
190534047330600,71625494488861,88,countdown,-5184,1312,-2048,-325.514,-58.1818,149.403
190534048330500,71625495486445,89,countdown,-4960,1408,-2080,-101.514,37.8182,117.403
190534049700600,71625496486111,90,countdown,-5184,1472,-2752,-325.514,101.818,-554.597
190534050327400,71625497487611,91,countdown,-4480,1280,-2112,378.486,-90.1818,85.4026
190534051344000,71625498491070,92,countdown,-4672,1088,-1952,186.486,-282.182,245.403
190534052428400,71625499486653,93,countdown,-4768,1824,-2592,90.4855,453.818,-394.597
190534053330900,71625500485903,94,countdown,-5056,1152,-1920,-197.514,-218.182,277.403
190534054339900,71625501487070,95,countdown,-5440,1984,-2080,-581.514,613.818,117.403
190534055330600,71625502487111,96,countdown,-4768,1312,-2208,90.4855,-58.1818,-10.5974
190534056349200,71625503484945,97,countdown,-5184,1536,-2272,-325.514,165.818,-74.5974
190534057384100,71625504484278,98,countdown,-4608,1376,-2368,250.486,5.81818,-170.597
190534058336700,71625505481736,99,countdown,-5024,1280,-2208,-165.514,-90.1818,-10.5974
190534059334400,71625506481736,100,countdown,-5024,1824,-1952,-165.514,453.818,245.403
190534060333700,71625507481861,101,countdown,-4704,1184,-2624,154.486,-186.182,-426.597
190534061334900,71625508482736,102,countdown,-4672,1376,-2048,186.486,5.81818,149.403
190534062333600,71625509481986,103,countdown,-4832,1184,-2208,26.4855,-186.182,-10.5974
190534063336600,71625510481903,104,countdown,-5376,1152,-2176,-517.514,-218.182,21.4026
190534064336700,71625511482028,105,countdown,-5024,1152,-1920,-165.514,-218.182,277.403
190534065512600,71625512481778,106,countdown,-4576,1600,-2560,282.486,229.818,-362.597
190534066489600,71625513481778,107,countdown,-4704,1312,-2144,154.486,-58.1818,53.4026
190534067501600,71625514481861,108,countdown,-4480,1760,-1856,378.486,389.818,341.403
190534068502800,71625515482111,109,countdown,-4608,1472,-2208,250.486,101.818,-10.5974
190534069399400,71625516482778,110,countdown,-5440,1632,-1984,-581.514,261.818,213.403
190534070513400,71625517481695,111,countdown,-5216,1568,-2464,-357.514,197.818,-266.597
190534071455600,71625518481736,112,countdown,-4608,1120,-2560,250.486,-250.182,-362.597
190534072562300,71625519481778,113,countdown,-4320,1472,-2048,538.486,101.818,149.403
190534073412100,71625520483570,114,countdown,-5152,1504,-2688,-293.514,133.818,-490.597
190534074415900,71625521482611,115,countdown,-4896,1184,-2112,-37.5145,-186.182,85.4026
190534075478700,71625522482986,116,countdown,-4704,1184,-2592,154.486,-186.182,-394.597
190534076454600,71625523481820,117,countdown,-4800,1568,-2368,58.4855,197.818,-170.597
190534077481800,71625524481945,118,countdown,-4544,1184,-1920,314.486,-186.182,277.403
190534078327500,71625525481945,119,countdown,-5632,1536,-2112,-773.514,165.818,85.4026
190534079330900,71625526481986,120,countdown,-4608,1536,-2112,250.486,165.818,85.4026
190534080329200,71625527481820,121,countdown,-4512,1280,-2112,346.486,-90.1818,85.4026
190534081327000,71625528481695,122,countdown,-4800,1280,-2464,58.4855,-90.1818,-266.597
190534082332800,71625529481861,123,countdown,-4416,1344,-2304,442.486,-26.1818,-106.597
190534083426400,71625530482445,124,countdown,-5184,1312,-2688,-325.514,-58.1818,-490.597
190534084325700,71625531484278,125,countdown,-5152,1376,-2144,-293.514,5.81818,53.4026
190534085332400,71625532481736,126,countdown,-4288,1024,-2464,570.486,-346.182,-266.597
190534086332300,71625533483820,127,countdown,-4832,1312,-2208,26.4855,-58.1818,-10.5974
190534087332300,71625534481736,128,countdown,-4160,1344,-2016,698.486,-26.1818,181.403
190534088332300,71625535481945,129,countdown,-4864,480,-2048,-5.51449,-890.182,149.403
190534089411000,71625536482861,130,countdown,-4704,1472,-2336,154.486,101.818,-138.597
190534090324600,71625537481945,131,countdown,-4704,1568,-2048,154.486,197.818,149.403
190534091333100,71625538481945,132,countdown,-4736,1280,-2304,122.486,-90.1818,-106.597
190534092359900,71625539481903,133,countdown,-4960,1632,-1920,-101.514,261.818,277.403
190534093332300,71625540484528,134,countdown,-4512,992,-2336,346.486,-378.182,-138.597
190534094328700,71625541481820,135,countdown,-4800,1472,-2400,58.4855,101.818,-202.597
190534095328000,71625542482903,136,countdown,-4544,1152,-1952,314.486,-218.182,245.403
190534096330200,71625543481778,137,countdown,-5216,1504,-2368,-357.514,133.818,-170.597
190534097399200,71625544481736,138,countdown,-4928,1312,-2400,-69.5145,-58.1818,-202.597
190534098341200,71625545481611,139,countdown,-5024,1600,-2080,-165.514,229.818,117.403
190534099341400,71625546481736,140,countdown,-4704,1376,-2304,154.486,5.81818,-106.597
190534100339700,71625547481736,141,countdown,-4832,1248,-2336,26.4855,-122.182,-138.597
190534101339000,71625548482028,142,countdown,-4960,1312,-2464,-101.514,-58.1818,-266.597
190534102338400,71625549481903,143,countdown,-4352,1440,-2208,506.486,69.8182,-10.5974
190534103338300,71625550481903,144,countdown,-4768,1440,-1728,90.4855,69.8182,469.403
190534104337100,71625551481903,145,countdown,-5056,992,-2912,-197.514,-378.182,-714.597
190534105338100,71625552481820,146,countdown,-4704,1440,-1664,154.486,69.8182,533.403
190534106338000,71625553481861,147,countdown,-4864,1696,-1856,-5.51449,325.818,341.403
190534107338000,71625554481778,148,countdown,-4928,1344,-1856,-69.5145,-26.1818,341.403
190534108337700,71625555481778,149,countdown,-5024,1536,-2240,-165.514,165.818,-42.5974
190534109338300,71625556481903,150,countdown,-5472,1376,-2816,-613.514,5.81818,-618.597
190534110333900,71625557481778,151,countdown,-5728,1248,-2080,-869.514,-122.182,117.403
190534111333500,71625558481778,152,countdown,-5248,768,-2784,-389.514,-602.182,-586.597
190534112333300,71625559481611,153,countdown,-4224,1440,-1952,634.486,69.8182,245.403
190534113365000,71625560483695,154,countdown,-5344,1280,-2880,-485.514,-90.1818,-682.597
190534114346700,71625561481945,155,countdown,-4672,1344,-1504,186.486,-26.1818,693.403
190534115341000,71625562481820,156,countdown,-5856,1728,-1984,-997.514,357.818,213.403
190534116340000,71625563481945,157,countdown,-5472,1280,-2400,-613.514,-90.1818,-202.597
190534117339100,71625564481861,158,countdown,-4800,1472,-1952,58.4855,101.818,245.403
190534118338500,71625565482278,159,countdown,-4832,1408,-2592,26.4855,37.8182,-394.597
190534119338700,71625566482028,160,countdown,-4544,1120,-1664,314.486,-250.182,533.403
190534120338100,71625567481736,161,countdown,-4352,1248,-2528,506.486,-122.182,-330.597
190534121338100,71625568481861,162,countdown,-4384,1408,-2112,474.486,37.8182,85.4026
190534122337000,71625569481778,163,countdown,-4704,1440,-2208,154.486,69.8182,-10.5974
190534123337700,71625570481778,164,countdown,-4544,1248,-2560,314.486,-122.182,-362.597
190534124338100,71625571481820,165,countdown,-4544,1408,-2208,314.486,37.8182,-10.5974
190534125337700,71625572481695,166,countdown,-4192,1312,-1728,666.486,-58.1818,469.403
190534126332800,71625573481903,167,countdown,-5024,1824,-2720,-165.514,453.818,-522.597
190534127333600,71625574481861,168,countdown,-4864,1504,-2688,-5.51449,133.818,-490.597
190534128333300,71625575481903,169,countdown,-4960,1376,-2240,-101.514,5.81818,-42.5974
190534129329000,71625576481861,170,countdown,-5248,1568,-2176,-389.514,197.818,21.4026
190534130331800,71625577481861,171,countdown,-4928,1216,-2560,-69.5145,-154.182,-362.597
190534131332200,71625578481945,172,countdown,-5344,1664,-1984,-485.514,293.818,213.403
190534132331200,71625579481820,173,countdown,-4224,1344,-1984,634.486,-26.1818,213.403
190534133331300,71625580481611,174,countdown,-4928,1376,-2944,-69.5145,5.81818,-746.597
190534134326500,71625581482611,175,countdown,-4640,1344,-2208,218.486,-26.1818,-10.5974
190534135334500,71625582481653,176,countdown,-5376,1792,-2848,-517.514,421.818,-650.597
190534136333400,71625583482070,177,countdown,-4768,1312,-2304,90.4855,-58.1818,-106.597
190534137328200,71625584481695,178,countdown,-4736,1344,-2400,122.486,-26.1818,-202.597
190534138443200,71625585481736,179,countdown,-4512,1632,-1568,346.486,261.818,629.403
190534139451300,71625586481903,180,countdown,-5152,1472,-2368,-293.514,101.818,-170.597
190534140402300,71625587481861,181,countdown,-4192,1472,-2432,666.486,101.818,-234.597
190534141423100,71625588481986,182,countdown,-5504,800,-2368,-645.514,-570.182,-170.597
190534142451400,71625589482820,183,countdown,-4992,1376,-2592,-133.514,5.81818,-394.597
190534143431200,71625590481945,184,countdown,-4192,1056,-2048,666.486,-314.182,149.403
190534144406500,71625591481820,185,countdown,-5056,1248,-2272,-197.514,-122.182,-74.5974
190534145327300,71625592481695,186,countdown,-4896,1376,-2304,-37.5145,5.81818,-106.597
190534146399300,71625593481945,187,countdown,-5184,1024,-2176,-325.514,-346.182,21.4026
190534147407700,71625594481653,188,countdown,-4512,1664,-2304,346.486,293.818,-106.597
190534148415700,71625595481695,189,countdown,-4928,1120,-1728,-69.5145,-250.182,469.403
190534149414400,71625596481695,190,countdown,-5024,1568,-2560,-165.514,197.818,-362.597
190534150419000,71625597481611,191,countdown,-4992,1248,-2880,-133.514,-122.182,-682.597
190534151455700,71625598481736,192,countdown,-5056,1472,-2240,-197.514,101.818,-42.5974
190534152426600,71625599481903,193,countdown,-5408,1056,-2176,-549.514,-314.182,21.4026
190534153408200,71625600482028,194,countdown,-4768,1056,-1824,90.4855,-314.182,373.403
190534154421000,71625601481903,195,countdown,-5056,1344,-2336,-197.514,-26.1818,-138.597
190534155441500,71625602481986,196,countdown,-4736,1152,-2304,122.486,-218.182,-106.597
190534156402800,71625603481903,197,countdown,-5120,1472,-1920,-261.514,101.818,277.403
190534157426100,71625604481861,198,countdown,-4864,1568,-2816,-5.51449,197.818,-618.597
190534158430900,71625605481903,199,countdown,-4384,1120,-1952,474.486,-250.182,245.403
190534159332100,71625606481945,200,countdown,-4800,1504,-1984,58.4855,133.818,213.403
190534160332700,71625607483486,201,countdown,-5248,1408,-1984,-389.514,37.8182,213.403
190534161323700,71625608481736,202,countdown,-4704,1408,-2592,154.486,37.8182,-394.597
190534162337500,71625609481611,203,countdown,-4672,1504,-1824,186.486,133.818,373.403
190534163329400,71625610481736,204,countdown,-5024,1536,-2208,-165.514,165.818,-10.5974
190534164337000,71625611481570,205,countdown,-4544,1824,-2304,314.486,453.818,-106.597
190534165336800,71625612481820,206,countdown,-4576,1120,-2656,282.486,-250.182,-458.597
190534166336700,71625613481861,207,countdown,-4544,1376,-2208,314.486,5.81818,-10.5974
190534167336400,71625614481861,208,countdown,-4832,1152,-1568,26.4855,-218.182,629.403
190534168334200,71625615481945,209,countdown,-4896,1056,-1824,-37.5145,-314.182,373.403
190534169334300,71625616481820,210,countdown,-4672,928,-1984,186.486,-442.182,213.403
190534170334100,71625617481861,211,countdown,-4928,1760,-2528,-69.5145,389.818,-330.597
190534171334600,71625618481820,212,countdown,-4896,1344,-1920,-37.5145,-26.1818,277.403
190534172334100,71625619481736,213,countdown,-4832,1216,-2112,26.4855,-154.182,85.4026
190534173334400,71625620483361,214,countdown,-4384,800,-2656,474.486,-570.182,-458.597
190534174331000,71625621481778,215,countdown,-5024,1344,-2464,-165.514,-26.1818,-266.597
190534175330200,71625622481778,216,countdown,-4928,864,-2336,-69.5145,-506.182,-138.597
190534176330500,71625623481695,217,countdown,-5152,1312,-2784,-293.514,-58.1818,-586.597
190534177329800,71625624482195,218,countdown,-4864,1344,-1856,-5.51449,-26.1818,341.403
190534178332800,71625625483403,219,countdown,-4576,1344,-2496,282.486,-26.1818,-298.597
190534179347200,71625626481903,220,countdown,-4768,1312,-2208,90.4855,-58.1818,-10.5974
190534180443900,71625627481903,221,countdown,-4416,1472,-2016,442.486,101.818,181.403
190534181331300,71625628481820,222,countdown,-4896,832,-1792,-37.5145,-538.182,405.403
190534182887100,71625629484986,223,countdown,-5120,992,-1760,-261.514,-378.182,437.403
190534183328100,71625630482445,224,countdown,-5120,1504,-2240,-261.514,133.818,-42.5974
190534184556200,71625631481903,225,countdown,-4864,1152,-1856,-5.51449,-218.182,341.403
190534185625700,71625632483153,226,countdown,-4896,1472,-2592,-37.5145,101.818,-394.597
190534186329700,71625633481736,227,countdown,-4576,1152,-2176,282.486,-218.182,21.4026
190534187334400,71625634481653,228,countdown,-5024,1344,-3040,-165.514,-26.1818,-842.597
190534188334400,71625635481820,229,countdown,-4768,1440,-2592,90.4855,69.8182,-394.597
190534190068300,71625636481653,230,countdown,-4480,1792,-2432,378.486,421.818,-234.597
190534190326800,71625637481986,231,countdown,-5024,1248,-1664,-165.514,-122.182,533.403
190534191330300,71625638481945,232,countdown,-4768,1600,-2592,90.4855,229.818,-394.597
190534192331500,71625639481945,233,countdown,-5312,1568,-1792,-453.514,197.818,405.403
190534193327300,71625640483070,234,countdown,-5152,1184,-2048,-293.514,-186.182,149.403
190534194326300,71625641481861,235,countdown,-5248,1568,-2528,-389.514,197.818,-330.597
190534195324300,71625642481820,236,countdown,-4864,1248,-2080,-5.51449,-122.182,117.403
190534196325100,71625643481861,237,countdown,-4864,1472,-2048,-5.51449,101.818,149.403
190534197336700,71625644481861,238,countdown,-4896,1152,-1760,-37.5145,-218.182,437.403
190534198334700,71625645481653,239,countdown,-4768,1472,-2272,90.4855,101.818,-74.5974
190534199334100,71625646481653,240,countdown,-4544,1568,-2080,314.486,197.818,117.403
190534200656300,71625647481778,241,countdown,-4672,1216,-2016,186.486,-154.182,181.403
190534201328200,71625648481695,242,countdown,-4128,928,-2080,730.486,-442.182,117.403
190534202334400,71625649481695,243,countdown,-5664,1824,-2752,-805.514,453.818,-554.597
190534203334100,71625650481611,244,countdown,-4064,1088,-2112,794.486,-282.182,85.4026
190534204333200,71625651481945,245,countdown,-5472,1248,-2688,-613.514,-122.182,-490.597
190534205333800,71625652482445,246,countdown,-4704,1472,-2240,154.486,101.818,-42.5974
190534206330400,71625653481903,247,countdown,-4768,960,-1760,90.4855,-410.182,437.403
190534207330000,71625654481861,248,countdown,-4896,1952,-2048,-37.5145,581.818,149.403
190534208330200,71625655481820,249,countdown,-4928,992,-2464,-69.5145,-378.182,-266.597
190534209328600,71625656481778,250,countdown,-5056,1344,-2144,-197.514,-26.1818,53.4026
190534210337200,71625657481820,251,countdown,-4736,1504,-2240,122.486,133.818,-42.5974
190534211332200,71625658481820,252,countdown,-4832,1600,-1888,26.4855,229.818,309.403
190534212334500,71625659482320,253,countdown,-4384,1472,-2560,474.486,101.818,-362.597
190534213334000,71625660483111,254,countdown,-5472,1760,-2592,-613.514,389.818,-394.597
190534214334000,71625661482403,255,countdown,-4640,1600,-2048,218.486,229.818,149.403
190534215333200,71625662481736,0,countdown,-4864,1024,-2432,-5.51449,-346.182,-234.597
190534216334200,71625663481820,1,countdown,-5312,1152,-2496,-453.514,-218.182,-298.597
190534217333900,71625664482653,2,countdown,-4672,1568,-2880,186.486,197.818,-682.597
190534218333900,71625665481861,3,countdown,-4864,1504,-2464,-5.51449,133.818,-266.597
190534219334000,71625666482195,4,countdown,-4544,1248,-1696,314.486,-122.182,501.403
190534220333900,71625667481820,5,countdown,-4768,1248,-2304,90.4855,-122.182,-106.597
190534221333800,71625668481861,6,countdown,-4992,1632,-1952,-133.514,261.818,245.403
190534222330300,71625669481903,7,countdown,-4384,1152,-1472,474.486,-218.182,725.403
190534223329900,71625670481778,8,countdown,-4640,1792,-2912,218.486,421.818,-714.597
190534224327200,71625671481903,9,countdown,-4544,1408,-2272,314.486,37.8182,-74.5974
190534225360900,71625672482528,10,countdown,-4448,1248,-2560,410.486,-122.182,-362.597
190534226332900,71625673483195,11,countdown,-4512,1280,-2048,346.486,-90.1818,149.403
190534227326300,71625674481653,12,countdown,-5472,1440,-2240,-613.514,69.8182,-42.5974
190534228330600,71625675481612,13,countdown,-4640,1536,-1760,218.486,165.818,437.403
190534229331700,71625676481903,14,countdown,-4512,1184,-1760,346.486,-186.182,437.403
190534230331300,71625677482153,15,countdown,-4224,1216,-2368,634.486,-154.182,-170.597
190534234527500,71625678485070,16,countdown,-5056,1504,-2848,-197.514,133.818,-650.597
190534234553600,71625679484820,17,countdown,-5344,1056,-2176,-485.514,-314.182,21.4026
190534234560900,71625680481862,18,countdown,-5184,1312,-1888,-325.514,-58.1818,309.403
190534234566700,71625681482195,19,countdown,-5216,768,-1696,-357.514,-602.182,501.403
190534235334300,71625682481862,20,countdown,-4800,1632,-2112,58.4855,261.818,85.4026
190534236332100,71625683481778,21,countdown,-4256,1344,-2304,602.486,-26.1818,-106.597
190534237330200,71625684482612,22,countdown,-4480,960,-2112,378.486,-410.182,85.4026
190534238327500,71625685481820,23,countdown,-4544,1312,-2272,314.486,-58.1818,-74.5974
190534245027300,71625686481737,24,countdown,-5216,1824,-2752,-357.514,453.818,-554.597
190534245047600,71625687481737,25,countdown,-4448,928,-1248,410.486,-442.182,949.403
190534245051800,71625688481737,26,countdown,-4800,1088,-1664,58.4855,-282.182,533.403
190534245055700,71625689482612,27,countdown,-4736,1376,-1888,122.486,5.81818,309.403
190534245060000,71625690481903,28,countdown,-4608,1184,-2464,250.486,-186.182,-266.597
190534245063800,71625691481862,29,countdown,-5088,1152,-1376,-229.514,-218.182,821.403
190534245535100,71625692481862,30,countdown,-4960,1472,-2272,-101.514,101.818,-74.5974
190534246338000,71625693482445,31,countdown,-5056,1312,-2560,-197.514,-58.1818,-362.597
190534247332500,71625694481903,32,countdown,-4992,1408,-2144,-133.514,37.8182,53.4026
190534248327800,71625695481778,33,countdown,-5024,1504,-2368,-165.514,133.818,-170.597
190534249329400,71625696482862,34,countdown,-5088,1824,-2336,-229.514,453.818,-138.597
190534250330400,71625697481695,35,countdown,-4992,1408,-1888,-133.514,37.8182,309.403
190534251331200,71625698484278,36,countdown,-5504,1408,-2432,-645.514,37.8182,-234.597
190534252381600,71625699481778,37,countdown,-4928,1216,-2048,-69.5145,-154.182,149.403
190534253894700,71625700481653,38,countdown,-4960,1760,-2176,-101.514,389.818,21.4026
190534254326500,71625701482028,39,countdown,-4672,1888,-2560,186.486,517.818,-362.597
190534255325700,71625702481903,40,countdown,-4704,1536,-2624,154.486,165.818,-426.597
190534256540200,71625703481903,41,countdown,-5312,1088,-2176,-453.514,-282.182,21.4026
190534257356600,71625704482570,42,countdown,-5056,1344,-2528,-197.514,-26.1818,-330.597
190534258438000,71625705481862,43,countdown,-4512,1504,-2848,346.486,133.818,-650.597
190534259474600,71625706481862,44,countdown,-4832,1056,-1888,26.4855,-314.182,309.403
190534260409600,71625707481862,45,countdown,-4448,1536,-2560,410.486,165.818,-362.597
190534261345100,71625708482612,46,countdown,-4864,1248,-2144,-5.51449,-122.182,53.4026
190534262418600,71625709481737,47,countdown,-4608,1248,-2016,250.486,-122.182,181.403
190534263439500,71625710482737,48,countdown,-4320,1376,-1632,538.486,5.81818,565.403
190534264484700,71625711481737,49,countdown,-5472,1376,-2304,-613.514,5.81818,-106.597
190534265430800,71625712481695,50,countdown,-5120,1312,-2368,-261.514,-58.1818,-170.597
190534266418900,71625713481695,51,countdown,-4736,1536,-2048,122.486,165.818,149.403
190534267423000,71625714482237,52,countdown,-4256,992,-1536,602.486,-378.182,661.403
190534268441200,71625715481945,53,countdown,-5088,1280,-2144,-229.514,-90.1818,53.4026
190534269464800,71625716481945,54,countdown,-4832,1280,-1728,26.4855,-90.1818,469.403
190534270437900,71625717481903,55,countdown,-4000,1184,-1568,858.486,-186.182,629.403
190534271458500,71625718481862,56,countdown,-4800,1568,-2592,58.4855,197.818,-394.597
190534272346900,71625719483028,57,countdown,-4672,1280,-2368,186.486,-90.1818,-170.597
190534273346200,71625720481820,58,countdown,-4800,1440,-2624,58.4855,69.8182,-426.597
190534274340900,71625721481820,59,countdown,-4416,1472,-1632,442.486,101.818,565.403
190534275339100,71625722481778,60,countdown,-4960,960,-2304,-101.514,-410.182,-106.597
190534276517600,71625723481778,61,countdown,-4576,896,-1984,282.486,-474.182,213.403
190534277356000,71625724481862,62,countdown,-4736,1312,-1472,122.486,-58.1818,725.403
190534278416200,71625725481570,63,countdown,-4576,1504,-2304,282.486,133.818,-106.597
190534279466900,71625726481778,64,countdown,-5088,1472,-2368,-229.514,101.818,-170.597
190534280414500,71625727481987,65,countdown,-5024,1664,-2464,-165.514,293.818,-266.597
190534281341800,71625728481903,66,countdown,-5088,1312,-2464,-229.514,-58.1818,-266.597
190534282332300,71625729481903,67,countdown,-4704,1280,-1984,154.486,-90.1818,213.403
190534283332000,71625730482403,68,countdown,-4800,1408,-1984,58.4855,37.8182,213.403
190534284335000,71625731482945,69,countdown,-5152,1504,-2912,-293.514,133.818,-714.597
190534285334700,71625732481778,70,countdown,-4960,1376,-2496,-101.514,5.81818,-298.597
190534286334300,71625733481695,71,countdown,-4736,1536,-2016,122.486,165.818,181.403
190534287334800,71625734483320,72,countdown,-4896,1600,-2496,-37.5145,229.818,-298.597
190534288333000,71625735481612,73,countdown,-4992,1760,-2240,-133.514,389.818,-42.5974
190534289330200,71625736481737,74,countdown,-4896,1600,-2560,-37.5145,229.818,-362.597
190534290327500,71625737482112,75,countdown,-4928,1056,-2688,-69.5145,-314.182,-490.597
190534291353400,71625738481737,76,countdown,-5120,1536,-2720,-261.514,165.818,-522.597
190534292334300,71625739481612,77,countdown,-3936,1024,-1952,922.486,-346.182,245.403
190534293336800,71625740481903,78,countdown,-4768,1408,-1472,90.4855,37.8182,725.403
190534294336400,71625741481903,79,countdown,-4960,1600,-2816,-101.514,229.818,-618.597
190534295336800,71625742481862,80,countdown,-4832,1088,-2656,26.4855,-282.182,-458.597
190534296327400,71625743481862,81,countdown,-4768,1024,-2560,90.4855,-346.182,-362.597
190534297482400,71625744481737,82,countdown,-5088,1440,-1984,-229.514,69.8182,213.403
190534298357600,71625745481695,83,countdown,-5056,1344,-2112,-197.514,-26.1818,85.4026
190534299348600,71625746481778,84,countdown,-5120,832,-1792,-261.514,-538.182,405.403
190534300341700,71625747481820,85,countdown,-4672,1568,-1760,186.486,197.818,437.403
190534301338000,71625748481737,86,countdown,-4576,1504,-1344,282.486,133.818,853.403
190534302335600,71625749481778,87,countdown,-4672,1632,-2112,186.486,261.818,85.4026
190534303335600,71625750481695,88,countdown,-4768,1632,-2496,90.4855,261.818,-298.597
190534304352200,71625751483320,89,countdown,-4544,1056,-2080,314.486,-314.182,117.403
190534305346300,71625752481653,90,countdown,-4704,1440,-1760,154.486,69.8182,437.403
190534306338700,71625753481945,91,countdown,-5440,1152,-2880,-581.514,-218.182,-682.597
190534307336900,71625754482028,92,countdown,-4704,1120,-1696,154.486,-250.182,501.403
190534308336400,71625755483237,93,countdown,-4928,1376,-2208,-69.5145,5.81818,-10.5974
190534309336500,71625756481862,94,countdown,-5344,1536,-1408,-485.514,165.818,789.403
190534310329100,71625757481820,95,countdown,-5312,1216,-2784,-453.514,-154.182,-586.597
190534311364500,71625758482987,96,countdown,-4928,1536,-2080,-69.5145,165.818,117.403
190534312358500,71625759481695,97,countdown,-4448,1408,-1824,410.486,37.8182,373.403
190534313342100,71625760481820,98,countdown,-4864,1312,-2112,-5.51449,-58.1818,85.4026
190534314337400,71625761481862,99,countdown,-4576,1344,-2496,282.486,-26.1818,-298.597
190534315336800,71625762481778,100,countdown,-5248,1216,-2016,-389.514,-154.182,181.403
190534316336800,71625763481653,101,countdown,-5152,1280,-1728,-293.514,-90.1818,469.403
190534317336300,71625764481778,102,countdown,-5024,1440,-2560,-165.514,69.8182,-362.597
190534318335900,71625765485278,103,countdown,-5056,1600,-2016,-197.514,229.818,181.403
190534319336700,71625766482278,104,countdown,-4352,1824,-1792,506.486,453.818,405.403
190534320394000,71625767481778,105,countdown,-4768,1536,-2240,90.4855,165.818,-42.5974
190534321352100,71625768481820,106,countdown,-4608,1472,-1920,250.486,101.818,277.403
190534322343300,71625769481820,107,countdown,-4480,1152,-2176,378.486,-218.182,21.4026
190534323338400,71625770484320,108,countdown,-4224,1088,-2080,634.486,-282.182,117.403
190534324337200,71625771481945,109,countdown,-4704,1216,-1984,154.486,-154.182,213.403
190534325341600,71625772481862,110,countdown,-4960,1440,-2496,-101.514,69.8182,-298.597
190534326337200,71625773481778,111,countdown,-4960,1216,-2656,-101.514,-154.182,-458.597
190534327336800,71625774481737,112,countdown,-5248,1344,-1952,-389.514,-26.1818,245.403
190534328336800,71625775484695,113,countdown,-4832,1568,-2304,26.4855,197.818,-106.597
190534329336600,71625776481778,114,countdown,-5184,1024,-2688,-325.514,-346.182,-490.597
190534330336300,71625777481695,115,countdown,-4768,1248,-2368,90.4855,-122.182,-170.597
190534331336500,71625778481903,116,countdown,-5472,1312,-2240,-613.514,-58.1818,-42.5974
190534332336500,71625779481862,117,countdown,-4736,1056,-2464,122.486,-314.182,-266.597
190534333336600,71625780481945,118,countdown,-4864,1248,-1888,-5.51449,-122.182,309.403
190534334337100,71625781481862,119,countdown,-5408,1216,-2272,-549.514,-154.182,-74.5974
190534335336700,71625782483237,120,countdown,-4640,512,-1536,218.486,-858.182,661.403
190534336348700,71625783481820,121,countdown,-4704,1696,-2816,154.486,325.818,-618.597
190534337340900,71625784481820,122,countdown,-5248,1568,-1792,-389.514,197.818,405.403
190534338338400,71625785481737,123,countdown,-5184,1440,-2336,-325.514,69.8182,-138.597
190534339339200,71625786481820,124,countdown,-4704,1184,-1728,154.486,-186.182,469.403
190534340338700,71625787481612,125,countdown,-4864,1248,-2336,-5.51449,-122.182,-138.597
190534341337900,71625788483278,126,countdown,-4960,1536,-2176,-101.514,165.818,21.4026
190534342337100,71625789482778,127,countdown,-4928,1408,-2176,-69.5145,37.8182,21.4026
190534343337000,71625790482195,128,countdown,-4800,1408,-2592,58.4855,37.8182,-394.597
190534344336600,71625791481862,129,countdown,-5088,1760,-2560,-229.514,389.818,-362.597
190534345337000,71625792481820,130,countdown,-4992,1536,-2912,-133.514,165.818,-714.597
190534346336400,71625793481945,131,countdown,-5216,1440,-1664,-357.514,69.8182,533.403
190534347336400,71625794481778,132,countdown,-5312,1568,-2624,-453.514,197.818,-426.597
190534348335700,71625795481903,133,countdown,-5120,1568,-2240,-261.514,197.818,-42.5974
190534349336900,71625796482862,134,countdown,-4512,1024,-1888,346.486,-346.182,309.403
190534350336000,71625797481445,135,countdown,-5184,1280,-1984,-325.514,-90.1818,213.403
190534351336400,71625798481778,136,countdown,-5280,1568,-2784,-421.514,197.818,-586.597
190534352350600,71625799481820,137,countdown,-4608,1472,-2560,250.486,101.818,-362.597
190534353333800,71625800481820,138,countdown,-4480,1344,-2016,378.486,-26.1818,181.403
190534354338400,71625801481612,139,countdown,-4640,1344,-1632,218.486,-26.1818,565.403
190534355337600,71625802482153,140,countdown,-4864,1568,-2240,-5.51449,197.818,-42.5974
190534356337400,71625803481778,141,countdown,-5184,1024,-1472,-325.514,-346.182,725.403
190534357337800,71625804481820,142,countdown,-4672,1056,-2240,186.486,-314.182,-42.5974
190534358337000,71625805484028,143,countdown,-4416,1152,-2048,442.486,-218.182,149.403
190534359336100,71625806481862,144,countdown,-4800,1120,-2208,58.4855,-250.182,-10.5974
190534360337400,71625807482528,145,countdown,-5344,1152,-2208,-485.514,-218.182,-10.5974
190534361336800,71625808482028,146,countdown,-4448,1280,-1472,410.486,-90.1818,725.403
190534362336900,71625809481778,147,countdown,-5056,1408,-2080,-197.514,37.8182,117.403
190534363337200,71625810481903,148,countdown,-4864,1184,-1856,-5.51449,-186.182,341.403
190534364337300,71625811481778,149,countdown,-5152,1088,-2080,-293.514,-282.182,117.403
190534365336900,71625812481862,150,countdown,-4544,1408,-1920,314.486,37.8182,277.403
190534366336700,71625813481820,151,countdown,-5440,1504,-2400,-581.514,133.818,-202.597
190534367326200,71625814482862,152,countdown,-5024,1056,-1760,-165.514,-314.182,437.403
190534368363500,71625815481695,153,countdown,-5280,1600,-1408,-421.514,229.818,789.403
190534369622900,71625816481612,154,countdown,-5216,1664,-2144,-357.514,293.818,53.4026
190534370330600,71625817483945,155,countdown,-4864,1504,-2208,-5.51449,133.818,-10.5974
190534371344500,71625818481945,156,countdown,-4640,1152,-2240,218.486,-218.182,-42.5974
190534372348400,71625819481903,157,countdown,-4896,1664,-1088,-37.5145,293.818,1109.4
190534373346700,71625820483278,158,countdown,-5184,1376,-2400,-325.514,5.81818,-202.597
190534374348400,71625821483320,159,countdown,-4608,1024,-2048,250.486,-346.182,149.403
190534375346800,71625822482195,160,countdown,-4832,1408,-2528,26.4855,37.8182,-330.597
190534376349000,71625823481778,161,countdown,-4512,1216,-1696,346.486,-154.182,501.403
190534377349500,71625824481653,162,countdown,-4928,1536,-2464,-69.5145,165.818,-266.597
190534378368400,71625825482070,163,countdown,-4864,1568,-2080,-5.51449,197.818,117.403
190534379221000,71625826481653,164,countdown,-4448,1344,-2208,410.486,-26.1818,-10.5974
190534380349200,71625827481737,165,countdown,-5248,1632,-1952,-389.514,261.818,245.403
190534381344800,71625828481653,166,countdown,-4992,1472,-2400,-133.514,101.818,-202.597
190534382347200,71625829481653,167,countdown,-4000,1184,-1472,858.486,-186.182,725.403
190534383538800,71625830482737,168,countdown,-4800,1728,-1984,58.4855,357.818,213.403
190534384341400,71625831483237,169,countdown,-4736,1408,-1888,122.486,37.8182,309.403
190534385344700,71625832481862,170,countdown,-4960,1376,-2016,-101.514,5.81818,181.403
190534386328200,71625833482237,171,countdown,-5376,1248,-2560,-517.514,-122.182,-362.597
190534387342600,71625834481653,172,countdown,-4896,1152,-1984,-37.5145,-218.182,213.403
190534388346300,71625835481737,173,countdown,-5696,1440,-2880,-837.514,69.8182,-682.597
190534389344400,71625836481820,174,countdown,-5280,768,-2304,-421.514,-602.182,-106.597
190534390623800,71625837483320,175,countdown,-4864,1312,-2624,-5.51449,-58.1818,-426.597
190534391347800,71625838481695,176,countdown,-5344,1184,-2400,-485.514,-186.182,-202.597
190534392345200,71625839481653,177,countdown,-4576,1376,-2560,282.486,5.81818,-362.597
190534393345000,71625840481820,178,countdown,-4928,1184,-2144,-69.5145,-186.182,53.4026
190534394343300,71625841481612,179,countdown,-4416,1184,-1728,442.486,-186.182,469.403
190534395349300,71625842481778,180,countdown,-5312,1440,-2240,-453.514,69.8182,-42.5974
190534396347100,71625843481903,181,countdown,-5280,1664,-2368,-421.514,293.818,-170.597
190534397350600,71625844483153,182,countdown,-4640,1120,-1504,218.486,-250.182,693.403
190534398346500,71625845481987,183,countdown,-5440,992,-2240,-581.514,-378.182,-42.5974
190534399340900,71625846481778,184,countdown,-5152,1280,-2112,-293.514,-90.1818,85.4026
190534400331700,71625847481820,185,countdown,-4896,1440,-2080,-37.5145,69.8182,117.403
190534401344300,71625848481737,186,countdown,-4640,1440,-2048,218.486,69.8182,149.403
190534402330000,71625849482612,187,countdown,-5536,992,-2048,-677.514,-378.182,149.403
190534403338800,71625850481945,188,countdown,-5024,1472,-2688,-165.514,101.818,-490.597
190534404332300,71625851481778,189,countdown,-4800,1632,-2112,58.4855,261.818,85.4026
190534405330100,71625852481778,190,countdown,-4736,1312,-1888,122.486,-58.1818,309.403
190534406200500,71625853481653,191,countdown,-4864,1408,-3072,-5.51449,37.8182,-874.597
190534407335000,71625854481195,192,countdown,-4800,1344,-2272,58.4855,-26.1818,-74.5974
190534408326600,71625855481695,193,countdown,-4640,1440,-2656,218.486,69.8182,-458.597
190534409335300,71625856481987,194,countdown,-4768,1696,-2144,90.4855,325.818,53.4026
190534410337100,71625857481945,195,countdown,-4928,1504,-1792,-69.5145,133.818,405.403
190534411336800,71625858481820,196,countdown,-4864,1472,-2080,-5.51449,101.818,117.403
190534412336000,71625859481528,197,countdown,-5472,1472,-2144,-613.514,101.818,53.4026
190534413362400,71625860481862,198,countdown,-4864,1696,-1696,-5.51449,325.818,501.403
190534414336000,71625861481737,199,countdown,-4512,1664,-1856,346.486,293.818,341.403
190534415399600,71625862481820,200,countdown,-4096,1216,-2176,762.486,-154.182,21.4026
190534416430300,71625863481737,201,countdown,-4320,1088,-1664,538.486,-282.182,533.403
190534417337000,71625864481737,202,countdown,-5504,1440,-2272,-645.514,69.8182,-74.5974
190534418345800,71625865481695,203,countdown,-5120,1312,-2240,-261.514,-58.1818,-42.5974
190534419362300,71625866481653,204,countdown,-4608,1408,-2208,250.486,37.8182,-10.5974
190534420352200,71625867484695,205,countdown,-4448,1376,-1760,410.486,5.81818,437.403
190534421352200,71625868481737,206,countdown,-5248,1248,-2240,-389.514,-122.182,-42.5974
190534422333300,71625869483445,207,countdown,-5216,1312,-2336,-357.514,-58.1818,-138.597
190534423337000,71625870481820,208,countdown,-4672,1216,-2048,186.486,-154.182,149.403
190534424337300,71625871481653,209,countdown,-5216,928,-2112,-357.514,-442.182,85.4026
190534425336600,71625872482112,210,countdown,-4960,1184,-1792,-101.514,-186.182,405.403
190534426336700,71625873481778,211,countdown,-5088,1568,-2144,-229.514,197.818,53.4026
190534427336300,71625874481820,212,countdown,-4672,1504,-2400,186.486,133.818,-202.597
190534428336800,71625875481737,213,countdown,-4832,1472,-1280,26.4855,101.818,917.403
190534429336200,71625876482237,214,countdown,-4992,1664,-2784,-133.514,293.818,-586.597
190534430336200,71625877481778,215,countdown,-4832,1536,-2400,26.4855,165.818,-202.597
190534431397000,71625878481570,216,countdown,-4864,1440,-1952,-5.51449,69.8182,245.403
190534432341400,71625879481653,217,countdown,-5056,1216,-2368,-197.514,-154.182,-170.597
190534433342400,71625880481737,218,countdown,-4512,1632,-2016,346.486,261.818,181.403
190534434339300,71625881482362,219,countdown,-4416,1216,-2592,442.486,-154.182,-394.597
190534435339000,71625882481945,220,countdown,-5280,1792,-2368,-421.514,421.818,-170.597
190534436338800,71625883481820,221,countdown,-4704,1216,-2272,154.486,-154.182,-74.5974
190534437338400,71625884481820,222,countdown,-4864,1440,-2144,-5.51449,69.8182,53.4026
190534438204600,71625885481820,223,countdown,-4800,1184,-2240,58.4855,-186.182,-42.5974
190534439338500,71625886481570,224,countdown,-4896,1376,-1824,-37.5145,5.81818,373.403
190534440338000,71625887481862,225,countdown,-4032,1024,-1952,826.486,-346.182,245.403
190534441338400,71625888481695,226,countdown,-5088,1504,-2048,-229.514,133.818,149.403
190534442337800,71625889481903,227,countdown,-4736,1024,-1696,122.486,-346.182,501.403
190534443337700,71625890481737,228,countdown,-4960,1312,-1728,-101.514,-58.1818,469.403
190534444337900,71625891481778,229,countdown,-5056,1248,-2048,-197.514,-122.182,149.403
190534445204300,71625892481653,230,countdown,-5280,1408,-2304,-421.514,37.8182,-106.597
190534446211600,71625893481612,231,countdown,-4960,1472,-2816,-101.514,101.818,-618.597
190534447360200,71625894481903,232,countdown,-4864,1568,-1952,-5.51449,197.818,245.403
190534448337400,71625895482028,233,countdown,-4768,1408,-1600,90.4855,37.8182,597.403
190534449340000,71625896481820,234,countdown,-5184,1344,-1920,-325.514,-26.1818,277.403
190534450339000,71625897481903,235,countdown,-5056,1152,-1504,-197.514,-218.182,693.403
190534451204400,71625898481778,236,countdown,-4928,1344,-1952,-69.5145,-26.1818,245.403
190534452338300,71625899481778,237,countdown,-5120,1312,-2720,-261.514,-58.1818,-522.597
190534453338500,71625900481820,238,countdown,-4608,1248,-1568,250.486,-122.182,629.403
190534454338800,71625901482612,239,countdown,-4928,1440,-2080,-69.5145,69.8182,117.403
190534455337900,71625902482320,240,countdown,-4608,1440,-2176,250.486,69.8182,21.4026
190534456339000,71625903481737,241,countdown,-5216,736,-2752,-357.514,-634.182,-554.597
190534457337900,71625904481778,242,countdown,-4608,1216,-1760,250.486,-154.182,437.403
190534458340200,71625905481695,243,countdown,-4608,1344,-1472,250.486,-26.1818,725.403
190534459338400,71625906481570,244,countdown,-4768,1504,-2144,90.4855,133.818,53.4026
190534460337400,71625907481778,245,countdown,-5248,1216,-1792,-389.514,-154.182,405.403
190534461336600,71625908481903,246,countdown,-4896,1216,-2496,-37.5145,-154.182,-298.597
190534462336800,71625909481862,247,countdown,-4800,1120,-2400,58.4855,-250.182,-202.597
190534463341800,71625910481903,248,countdown,-5440,1440,-2016,-581.514,69.8182,181.403
190534464346900,71625911481445,249,countdown,-5056,1600,-2560,-197.514,229.818,-362.597
190534465204700,71625912481737,250,countdown,-5504,1536,-2336,-645.514,165.818,-138.597
190534466336800,71625913481737,251,countdown,-4992,1408,-2400,-133.514,37.8182,-202.597
190534467336800,71625914481862,252,countdown,-5408,1344,-2240,-549.514,-26.1818,-42.5974
190534468337100,71625915481737,253,countdown,-5024,1472,-2464,-165.514,101.818,-266.597
190534469336600,71625916481737,254,countdown,-4160,736,-1792,698.486,-634.182,405.403
190534470200800,71625917481695,255,countdown,-5216,1440,-1984,-357.514,69.8182,213.403
190534471335800,71625918481570,0,countdown,-4928,1600,-2208,-69.5145,229.818,-10.5974
190534472335400,71625919481695,1,countdown,-4320,1536,-1888,538.486,165.818,309.403
190534473335900,71625920481945,2,countdown,-4736,1344,-2592,122.486,-26.1818,-394.597
190534474335400,71625921481903,3,countdown,-5024,1344,-1664,-165.514,-26.1818,533.403
190534475335700,71625922481862,4,countdown,-4192,1280,-2240,666.486,-90.1818,-42.5974
190534476335600,71625923483278,5,countdown,-4192,1440,-1568,666.486,69.8182,629.403
190534477335600,71625924481862,6,countdown,-4736,1440,-2016,122.486,69.8182,181.403
190534478335500,71625925481903,7,countdown,-5536,1664,-2112,-677.514,293.818,85.4026
190534479516500,71625926481737,8,countdown,-4896,1824,-1632,-37.5145,453.818,565.403
190534480265900,71625927481737,9,countdown,-5120,1536,-2432,-261.514,165.818,-234.597
190534481347600,71625928482445,10,countdown,-4640,1280,-2240,218.486,-90.1818,-42.5974
190534482339500,71625929481695,11,countdown,-4512,1632,-2592,346.486,261.818,-394.597
190534483337700,71625930481820,12,countdown,-4960,1536,-2368,-101.514,165.818,-170.597
190534484338000,71625931482570,13,countdown,-4896,1472,-1632,-37.5145,101.818,565.403
190534485337200,71625932483153,14,countdown,-4736,1664,-2048,122.486,293.818,149.403
190534486339600,71625933481653,15,countdown,-5344,1536,-2528,-485.514,165.818,-330.597
190534487204100,71625934482112,16,countdown,-5088,1728,-1920,-229.514,357.818,277.403
190534488337900,71625935483153,17,countdown,-5280,1280,-1824,-421.514,-90.1818,373.403
190534489338000,71625936481862,18,countdown,-5120,1280,-1760,-261.514,-90.1818,437.403
190534490406900,71625937481778,19,countdown,-4704,1184,-2240,154.486,-186.182,-42.5974
190534491330400,71625938485570,20,countdown,-5088,1536,-2368,-229.514,165.818,-170.597
190534492333600,71625939481695,21,countdown,-4800,1088,-2656,58.4855,-282.182,-458.597
190534493334000,71625940481862,22,countdown,-4608,1184,-2112,250.486,-186.182,85.4026
190534494334300,71625941481820,23,countdown,-4704,1088,-2272,154.486,-282.182,-74.5974
190534495221700,71625942481570,24,countdown,-5152,1376,-1696,-293.514,5.81818,501.403
190534496333800,71625943481695,25,countdown,-5664,1184,-2464,-805.514,-186.182,-266.597
190534497336500,71625944481653,26,countdown,-4640,1376,-3040,218.486,5.81818,-842.597
190534498202900,71625945481570,27,countdown,-4736,1632,-2080,122.486,261.818,117.403
190534499336000,71625946481903,28,countdown,-4992,1376,-2112,-133.514,5.81818,85.4026
190534500202600,71625947481737,29,countdown,-4928,1472,-2112,-69.5145,101.818,85.4026
190534501335200,71625948481403,30,countdown,-4768,1984,-2400,90.4855,613.818,-202.597
190534502335000,71625949481820,31,countdown,-4352,1632,-2080,506.486,261.818,117.403
190534503333900,71625950481820,32,countdown,-4992,1024,-2112,-133.514,-346.182,85.4026
190534504334900,71625951481820,33,countdown,-4672,1888,-2016,186.486,517.818,181.403
190534505203500,71625952481737,34,countdown,-4576,1696,-2112,282.486,325.818,85.4026
190534506334600,71625953481362,35,countdown,-4576,1696,-2528,282.486,325.818,-330.597
190534507334900,71625954481695,36,countdown,-4704,1088,-1760,154.486,-282.182,437.403
190534508334800,71625955481778,37,countdown,-4640,1248,-2880,218.486,-122.182,-682.597
190534509334600,71625956482278,38,countdown,-4448,1408,-2176,410.486,37.8182,21.4026
190534510204400,71625957481653,39,countdown,-4544,1248,-1824,314.486,-122.182,373.403
190534511343400,71625958481612,40,countdown,-5024,1280,-1888,-165.514,-90.1818,309.403
190534512332500,71625959481862,41,countdown,-4992,1216,-2336,-133.514,-154.182,-138.597
190534513339800,71625960481862,42,countdown,-4576,1664,-1504,282.486,293.818,693.403
190534514335900,71625961481987,43,countdown,-4704,1536,-2176,154.486,165.818,21.4026
190534515201900,71625962481820,44,countdown,-4768,1312,-1664,90.4855,-58.1818,533.403
190534516334400,71625963481778,45,countdown,-5280,1664,-2400,-421.514,293.818,-202.597
190534517201600,71625964481612,46,countdown,-4928,1216,-2112,-69.5145,-154.182,85.4026
190534518334100,71625965481653,47,countdown,-5184,1408,-2016,-325.514,37.8182,181.403
190534519333500,71625966481695,48,countdown,-4320,1248,-2336,538.486,-122.182,-138.597
190534520333800,71625967481903,49,countdown,-5024,1472,-2720,-165.514,101.818,-522.597
190534521333700,71625968481653,50,countdown,-4928,1280,-2240,-69.5145,-90.1818,-42.5974
190534522201600,71625969481653,51,countdown,-5184,1568,-2720,-325.514,197.818,-522.597
190534523333500,71625970490195,52,countdown,-5024,1120,-2368,-165.514,-250.182,-170.597
190534524333900,71625971481653,53,countdown,-4800,1184,-2272,58.4855,-186.182,-74.5974
190534525333100,71625972482903,54,countdown,-4928,1280,-1760,-69.5145,-90.1818,437.403
190534526333800,71625973483237,55,countdown,-5536,1280,-2016,-677.514,-90.1818,181.403
190534527207500,71625974481820,56,countdown,-4928,1600,-2464,-69.5145,229.818,-266.597
190534528335500,71625975481695,57,countdown,-4928,1472,-1952,-69.5145,101.818,245.403
190534529200500,71625976481903,58,countdown,-4864,1024,-1824,-5.51449,-346.182,373.403
190534530207600,71625977481778,59,countdown,-4768,1440,-2496,90.4855,69.8182,-298.597
190534531334200,71625978481778,60,countdown,-4960,1408,-2144,-101.514,37.8182,53.4026
190534532333500,71625979483112,61,countdown,-4736,1472,-2240,122.486,101.818,-42.5974
190534533333700,71625980481987,62,countdown,-4768,1568,-2816,90.4855,197.818,-618.597
190534534333600,71625981481778,63,countdown,-4896,1472,-2592,-37.5145,101.818,-394.597
190534535201100,71625982481653,64,countdown,-4864,1248,-2368,-5.51449,-122.182,-170.597
190534536207500,71625983481612,65,countdown,-5056,1472,-2144,-197.514,101.818,53.4026
190534537333500,71625984482487,66,countdown,-5184,2016,-2752,-325.514,645.818,-554.597
190534538333300,71625985482528,67,countdown,-4448,960,-2624,410.486,-410.182,-426.597
190534539333100,71625986481945,68,countdown,-4992,1568,-2208,-133.514,197.818,-10.5974
190534540201200,71625987481695,69,countdown,-5248,1984,-2528,-389.514,613.818,-330.597
190534541205400,71625988481903,70,countdown,-4992,1152,-2304,-133.514,-218.182,-106.597
190534542207000,71625989481737,71,countdown,-5472,1376,-2464,-613.514,5.81818,-266.597
190534543399400,71625990481695,72,countdown,-4160,1248,-2048,698.486,-122.182,149.403
190534544347800,71625991482903,73,countdown,-4608,1504,-1856,250.486,133.818,341.403
190534545283900,71625992481653,74,countdown,-4928,1600,-2432,-69.5145,229.818,-234.597
190534546266900,71625993481820,75,countdown,-4544,1024,-1952,314.486,-346.182,245.403
190534547259800,71625994481653,76,countdown,-4896,1632,-2208,-37.5145,261.818,-10.5974
190534548383600,71625995481695,77,countdown,-5280,1376,-2144,-421.514,5.81818,53.4026
190534549383300,71625996481612,78,countdown,-5248,1312,-2720,-389.514,-58.1818,-522.597
190534550385400,71625997481903,79,countdown,-4928,1312,-2016,-69.5145,-58.1818,181.403
190534551387700,71625998481820,80,countdown,-4672,1408,-2080,186.486,37.8182,117.403
190534552317600,71625999481820,81,countdown,-4736,1120,-1760,122.486,-250.182,437.403
190534553419100,71626000482070,82,countdown,-4768,1248,-2400,90.4855,-122.182,-202.597
190534554287600,71626001481820,83,countdown,-5152,1216,-1728,-293.514,-154.182,469.403
190534555289400,71626002483195,84,countdown,-5088,1376,-2272,-229.514,5.81818,-74.5974
190534556411000,71626003481695,85,countdown,-4992,1536,-1728,-133.514,165.818,469.403
190534557210900,71626004481737,86,countdown,-4672,1696,-1760,186.486,325.818,437.403
190534558349400,71626005481320,87,countdown,-4672,1216,-2496,186.486,-154.182,-298.597
190534559351400,71626006481695,88,countdown,-4512,1152,-2240,346.486,-218.182,-42.5974
190534560353000,71626007481695,89,countdown,-4768,1280,-2528,90.4855,-90.1818,-330.597
190534561351100,71626008482195,90,countdown,-4608,1152,-2048,250.486,-218.182,149.403
190534562337800,71626009481570,91,countdown,-4480,1024,-1792,378.486,-346.182,405.403
190534563336800,71626010481945,92,countdown,-5088,1952,-2112,-229.514,581.818,85.4026
190534564358400,71626011481903,93,countdown,-4800,1312,-2208,58.4855,-58.1818,-10.5974
190534565220500,71626012481820,94,countdown,-4480,1536,-1824,378.486,165.818,373.403
190534566341300,71626013482612,95,countdown,-4704,1376,-2240,154.486,5.81818,-42.5974
190534567341900,71626014482487,96,countdown,-4960,1600,-2432,-101.514,229.818,-234.597
190534568349100,71626015484237,97,countdown,-4768,1376,-2176,90.4855,5.81818,21.4026
190534569337900,71626016481653,98,countdown,-4608,1216,-1088,250.486,-154.182,1109.4
190534570217800,71626017481653,99,countdown,-5056,1536,-2432,-197.514,165.818,-234.597
190534571342400,71626018481737,100,countdown,-4512,1504,-2112,346.486,133.818,85.4026
190534572200400,71626019481820,101,countdown,-4224,1248,-1984,634.486,-122.182,213.403
190534573335900,71626020482320,102,countdown,-5248,1088,-1600,-389.514,-282.182,597.403
190534574452600,71626021482987,103,countdown,-4288,1152,-2336,570.486,-218.182,-138.597
190534575354600,71626022481528,104,countdown,-5152,1216,-2976,-293.514,-154.182,-778.597
190534576414800,71626023482028,105,countdown,-4992,1056,-2016,-133.514,-314.182,181.403
190534577215600,71626024481903,106,countdown,-4864,1248,-1888,-5.51449,-122.182,309.403
190534578357400,71626025481820,107,countdown,-5376,1248,-1760,-517.514,-122.182,437.403
190534579341200,71626026481737,108,countdown,-4800,1248,-2528,58.4855,-122.182,-330.597
190534580351100,71626027481695,109,countdown,-5184,1184,-2176,-325.514,-186.182,21.4026
190534581226300,71626028481778,110,countdown,-4832,1600,-2112,26.4855,229.818,85.4026
190534582236400,71626029481695,111,countdown,-4768,1280,-1952,90.4855,-90.1818,245.403
190534583351400,71626030483320,112,countdown,-5504,1376,-2752,-645.514,5.81818,-554.597
190534584214800,71626031481653,113,countdown,-5088,1408,-1728,-229.514,37.8182,469.403
190534585333600,71626032482903,114,countdown,-4544,1216,-2272,314.486,-154.182,-74.5974
190534586211300,71626033481778,115,countdown,-4928,1504,-2432,-69.5145,133.818,-234.597
190534587209800,71626034481612,116,countdown,-4352,1088,-2368,506.486,-282.182,-170.597
190534588290000,71626035481612,117,countdown,-4768,1248,-2080,90.4855,-122.182,117.403
190534589212200,71626036481778,118,countdown,-4320,1696,-2240,538.486,325.818,-42.5974
190534590356200,71626037484403,119,countdown,-5280,2016,-2208,-421.514,645.818,-10.5974
190534591354300,71626038481945,120,countdown,-4960,1408,-2496,-101.514,37.8182,-298.597
190534592222900,71626039481778,121,countdown,-5216,1312,-2592,-357.514,-58.1818,-394.597
190534593346400,71626040484070,122,countdown,-4640,1056,-1920,218.486,-314.182,277.403
190534594245200,71626041481653,123,countdown,-4480,1664,-2080,378.486,293.818,117.403
190534595323300,71626042481653,124,countdown,-4736,2112,-2368,122.486,741.818,-170.597
190534596356000,71626043482570,125,countdown,-5184,1344,-2112,-325.514,-26.1818,85.4026
190534597226000,71626044481612,126,countdown,-5056,1696,-2912,-197.514,325.818,-714.597
190534598242300,71626045481653,127,countdown,-4640,1024,-2272,218.486,-346.182,-74.5974
190534599340000,71626046481612,128,countdown,-4800,1376,-2176,58.4855,5.81818,21.4026
190534600427100,71626047481987,129,countdown,-4480,1056,-1856,378.486,-314.182,341.403
190534601270800,71626048481778,130,countdown,-5632,1472,-2368,-773.514,101.818,-170.597
190534602435900,71626049481737,131,countdown,-4832,1472,-1536,26.4855,101.818,661.403
190534603334200,71626050483070,132,countdown,-5152,1344,-2624,-293.514,-26.1818,-426.597
190534604347300,71626051483112,133,countdown,-4992,1504,-2400,-133.514,133.818,-202.597
190534605224500,71626052482903,134,countdown,-5312,1344,-2048,-453.514,-26.1818,149.403
190534606214200,71626053481820,135,countdown,-5312,1344,-2048,-453.514,-26.1818,149.403
190534607274600,71626054481695,136,countdown,-4640,1088,-2368,218.486,-282.182,-170.597
190534608353200,71626055481695,137,countdown,-4992,1312,-2016,-133.514,-58.1818,181.403
190534609235400,71626056481570,138,countdown,-4768,1472,-2528,90.4855,101.818,-330.597
190534610366600,71626057481653,139,countdown,-4960,1248,-2240,-101.514,-122.182,-42.5974
190534611450000,71626058481778,140,countdown,-5376,1568,-1952,-517.514,197.818,245.403
190534612296300,71626059481653,141,countdown,-4704,1504,-2528,154.486,133.818,-330.597
190534613227300,71626060481695,142,countdown,-4704,1088,-1696,154.486,-282.182,501.403
190534614413200,71626061481737,143,countdown,-4672,1632,-2752,186.486,261.818,-554.597
190534615344100,71626062481987,144,countdown,-4896,992,-1952,-37.5145,-378.182,245.403
190534616330200,71626063481820,145,countdown,-5280,1408,-2016,-421.514,37.8182,181.403
190534617209200,71626064481695,146,countdown,-5376,1536,-2240,-517.514,165.818,-42.5974
190534618333000,71626065481903,147,countdown,-4352,1088,-2048,506.486,-282.182,149.403
190534619279500,71626066481778,148,countdown,-4864,1536,-2144,-5.51449,165.818,53.4026
190534620398900,71626067481820,149,countdown,-5376,1216,-2400,-517.514,-154.182,-202.597
190534621212300,71626068481653,150,countdown,-4448,1472,-2048,410.486,101.818,149.403
190534622209200,71626069481737,151,countdown,-4576,1088,-1504,282.486,-282.182,693.403
190534623333500,71626070481695,152,countdown,-4864,1536,-2464,-5.51449,165.818,-266.597
190534624208900,71626071481695,153,countdown,-4640,1408,-2432,218.486,37.8182,-234.597
190534625203100,71626072481653,154,countdown,-4288,736,-2016,570.486,-634.182,181.403
190534626343100,71626073481737,155,countdown,-5120,1408,-1984,-261.514,37.8182,213.403
190534627213500,71626074482695,156,countdown,-4928,1120,-2304,-69.5145,-250.182,-106.597
190534628217900,71626075481820,157,countdown,-4832,1472,-2688,26.4855,101.818,-490.597
190534629213900,71626076481737,158,countdown,-4160,1280,-1600,698.486,-90.1818,597.403
190534630216300,71626077481862,159,countdown,-4640,1408,-2176,218.486,37.8182,21.4026
190534631214700,71626078481820,160,countdown,-5024,1696,-2816,-165.514,325.818,-618.597
190534632324700,71626079481570,161,countdown,-4384,1312,-1984,474.486,-58.1818,213.403
190534633334000,71626080482862,162,countdown,-4768,1312,-2208,90.4855,-58.1818,-10.5974
190534634206200,71626081481737,163,countdown,-5312,1216,-2112,-453.514,-154.182,85.4026
190534635202200,71626082481778,164,countdown,-5216,1088,-1568,-357.514,-282.182,629.403
190534636201800,71626083481778,165,countdown,-5024,1440,-2176,-165.514,69.8182,21.4026
190534637333200,71626084481612,166,countdown,-5088,1248,-2080,-229.514,-122.182,117.403
190534638378300,71626085481695,167,countdown,-4832,1056,-2592,26.4855,-314.182,-394.597
190534639225300,71626086481570,168,countdown,-4512,1152,-2528,346.486,-218.182,-330.597
190534640308900,71626087481570,169,countdown,-4192,1408,-2016,666.486,37.8182,181.403
190534641298500,71626088481820,170,countdown,-5184,1632,-2528,-325.514,261.818,-330.597
190534642329900,71626089481903,171,countdown,-5408,1376,-2624,-549.514,5.81818,-426.597
190534643415400,71626090481862,172,countdown,-4992,1472,-2208,-133.514,101.818,-10.5974
190534644412300,71626091481737,173,countdown,-4608,1280,-2624,250.486,-90.1818,-426.597
190534645285100,71626092481820,174,countdown,-4672,960,-2176,186.486,-410.182,21.4026
190534646380200,71626093481737,175,countdown,-4864,1056,-3008,-5.51449,-314.182,-810.597
190534647407100,71626094482070,176,countdown,-4416,1088,-2144,442.486,-282.182,53.4026
190534648228300,71626095481820,177,countdown,-5216,1760,-2336,-357.514,389.818,-138.597
190534649464600,71626096481528,178,countdown,-4544,1024,-960,314.486,-346.182,1237.4
190534650406600,71626097481653,179,countdown,-4992,1376,-3168,-133.514,5.81818,-970.597
190534651276900,71626098481612,180,countdown,-4704,1536,-2048,154.486,165.818,149.403
190534652272200,71626099481487,181,countdown,-5312,1344,-1984,-453.514,-26.1818,213.403
190534653414400,71626100481820,182,countdown,-4448,1376,-2080,410.486,5.81818,117.403
190534654211500,71626101481695,183,countdown,-4992,1568,-2336,-133.514,197.818,-138.597
190534655431000,71626102481820,184,countdown,-4800,1600,-2400,58.4855,229.818,-202.597
190534656268400,71626103481695,185,countdown,-4928,1248,-2592,-69.5145,-122.182,-394.597
190534657302300,71626104481737,186,countdown,-4768,1344,-2240,90.4855,-26.1818,-42.5974
190534658216900,71626105481778,187,countdown,-5056,1664,-2496,-197.514,293.818,-298.597
190534659472800,71626106482403,188,countdown,-4096,1504,-1472,762.486,133.818,725.403
190534660294900,71626107481903,189,countdown,-4800,1280,-2560,58.4855,-90.1818,-362.597
190534661431300,71626108481737,190,countdown,-4576,1248,-2176,282.486,-122.182,21.4026
190534662389300,71626109481403,191,countdown,-4864,1408,-2176,-5.51449,37.8182,21.4026
190534663475300,71626110481778,192,countdown,-4608,1184,-1920,250.486,-186.182,277.403
190534664306400,71626111481570,193,countdown,-5536,1248,-2432,-677.514,-122.182,-234.597
190534665306300,71626112481695,194,countdown,-5344,1408,-2048,-485.514,37.8182,149.403
190534666351900,71626113481570,195,countdown,-4768,1728,-2240,90.4855,357.818,-42.5974
190534667337100,71626114482195,196,countdown,-5248,1408,-2048,-389.514,37.8182,149.403
190534668343800,71626115481862,197,countdown,-4832,896,-2080,26.4855,-474.182,117.403
190534669315400,71626116481778,198,countdown,-4640,1600,-2496,218.486,229.818,-298.597
190534670315100,71626117481778,199,countdown,-4832,1120,-2592,26.4855,-250.182,-394.597
190534671217700,71626118481778,200,countdown,-5152,1280,-2592,-293.514,-90.1818,-394.597
190534672349600,71626119484278,201,countdown,-4704,1152,-2240,154.486,-218.182,-42.5974
190534673468200,71626120482528,202,countdown,-4288,1824,-2016,570.486,453.818,181.403
190534674338900,71626121483070,203,countdown,-5408,1408,-1568,-549.514,37.8182,629.403
190534675440700,71626122484570,204,countdown,-4928,1344,-2624,-69.5145,-26.1818,-426.597
190534676212500,71626123481612,205,countdown,-4768,1408,-1792,90.4855,37.8182,405.403
190534677213400,71626124481695,206,countdown,-4512,960,-2048,346.486,-410.182,149.403
190534678213600,71626125481653,207,countdown,-4800,1184,-2400,58.4855,-186.182,-202.597
190534679340000,71626126481945,208,countdown,-4992,1408,-2368,-133.514,37.8182,-170.597
190534680341600,71626127481903,209,countdown,-5408,1312,-2016,-549.514,-58.1818,181.403
190534681224900,71626128481820,210,countdown,-4832,1216,-2496,26.4855,-154.182,-298.597
190534682344800,71626129481737,211,countdown,-5248,1792,-2688,-389.514,421.818,-490.597
190534683346900,71626130481778,212,countdown,-4896,1216,-1920,-37.5145,-154.182,277.403
190534684220200,71626131481737,213,countdown,-5504,1568,-2304,-645.514,197.818,-106.597
190534685347600,71626132481862,214,countdown,-4704,1280,-2528,154.486,-90.1818,-330.597
190534686218300,71626133483112,215,countdown,-5120,1376,-1472,-261.514,5.81818,725.403
190534687338100,71626134481278,216,countdown,-4960,1280,-2592,-101.514,-90.1818,-394.597
190534688236900,71626135481653,217,countdown,-4864,1408,-2368,-5.51449,37.8182,-170.597
190534689208700,71626136481612,218,countdown,-4576,1440,-2048,282.486,69.8182,149.403
190534690222300,71626137481695,219,countdown,-4576,1280,-1600,282.486,-90.1818,597.403
190534691336900,71626138481695,220,countdown,-4672,1440,-2528,186.486,69.8182,-330.597
190534692341700,71626139481862,221,countdown,-4640,1056,-1952,218.486,-314.182,245.403
190534693213400,71626140481903,222,countdown,-4352,1504,-1824,506.486,133.818,373.403
190534694343900,71626141481820,223,countdown,-4288,1088,-2304,570.486,-282.182,-106.597
190534695217000,71626142482612,224,countdown,-4960,1088,-2176,-101.514,-282.182,21.4026
190534696212400,71626143481778,225,countdown,-4992,1568,-1920,-133.514,197.818,277.403
190534697334200,71626144481778,226,countdown,-4544,672,-1984,314.486,-698.182,213.403
190534698203000,71626145481570,227,countdown,-4928,1376,-2176,-69.5145,5.81818,21.4026
190534699351800,71626146481820,228,countdown,-4288,1728,-2048,570.486,357.818,149.403
190534700213200,71626147481903,229,countdown,-4800,1472,-2144,58.4855,101.818,53.4026
190534701205700,71626148481528,230,countdown,-4640,1504,-2080,218.486,133.818,117.403
190534702331400,71626149481612,231,countdown,-4736,1504,-1856,122.486,133.818,341.403
190534703347500,71626150481695,232,countdown,-5376,1408,-2208,-517.514,37.8182,-10.5974
190534704226700,71626151483237,233,countdown,-4736,1120,-2048,122.486,-250.182,149.403
190534705217900,71626152483320,234,countdown,-5152,1120,-2144,-293.514,-250.182,53.4026
190534706220400,71626153481862,235,countdown,-4640,1760,-2400,218.486,389.818,-202.597
190534707218900,71626154481945,236,countdown,-4992,1152,-2208,-133.514,-218.182,-10.5974
190534708348400,71626155481945,237,countdown,-4928,1632,-2176,-69.5145,261.818,21.4026
190534709337100,71626156481612,238,countdown,-4608,1408,-1696,250.486,37.8182,501.403
190534710232600,71626157481778,239,countdown,-4960,1280,-2016,-101.514,-90.1818,181.403
190534711232600,71626158481737,240,countdown,-4736,1344,-2496,122.486,-26.1818,-298.597
190534712246500,71626159481778,241,countdown,-5312,1568,-1856,-453.514,197.818,341.403
190534713226900,71626160481695,242,countdown,-4832,1664,-2240,26.4855,293.818,-42.5974
190534714351600,71626161481612,243,countdown,-4608,1056,-1824,250.486,-314.182,373.403
190534715220000,71626162481778,244,countdown,-5408,1984,-2464,-549.514,613.818,-266.597
190534716219400,71626163481612,245,countdown,-4544,1568,-2688,314.486,197.818,-490.597
190534717210700,71626164481653,246,countdown,-5152,1504,-2400,-293.514,133.818,-202.597
190534718228800,71626165481862,247,countdown,-4352,1248,-1792,506.486,-122.182,405.403
190534719229800,71626166481612,248,countdown,-4992,1440,-2848,-133.514,69.8182,-650.597
190534720355000,71626167481945,249,countdown,-4800,1632,-1920,58.4855,261.818,277.403
190534721339600,71626168484195,250,countdown,-4896,1472,-2432,-37.5145,101.818,-234.597
190534722231800,71626169481903,251,countdown,-5120,1568,-2240,-261.514,197.818,-42.5974
190534723229500,71626170481737,252,countdown,-4640,1472,-1728,218.486,101.818,469.403
190534724213100,71626171482862,253,countdown,-5024,1536,-2304,-165.514,165.818,-106.597
190534725229800,71626172481820,254,countdown,-4800,1536,-1952,58.4855,165.818,245.403
190534726214600,71626173481695,255,countdown,-5088,1696,-2208,-229.514,325.818,-10.5974
190534727330200,71626174482737,0,countdown,-5248,1376,-2336,-389.514,5.81818,-138.597
190534728201800,71626175481695,1,countdown,-4832,1024,-2336,26.4855,-346.182,-138.597
190534729201300,71626176483278,2,countdown,-4768,864,-2784,90.4855,-506.182,-586.597
190534730206600,71626177481653,3,countdown,-4736,1952,-1760,122.486,581.818,437.403
190534731203100,71626178481820,4,countdown,-4960,1312,-2560,-101.514,-58.1818,-362.597
190534732349800,71626179482195,5,countdown,-4992,1376,-2336,-133.514,5.81818,-138.597
190534733347300,71626180481695,6,countdown,-5312,1056,-1952,-453.514,-314.182,245.403
190534734416200,71626181481403,7,countdown,-5056,1184,-1824,-197.514,-186.182,373.403
190534735327900,71626182481820,8,countdown,-4736,1248,-2368,122.486,-122.182,-170.597
190534736325800,71626183481737,9,countdown,-4320,1440,-2528,538.486,69.8182,-330.597
190534737218100,71626184481695,10,countdown,-5120,1568,-2528,-261.514,197.818,-330.597
190534738205700,71626185481695,11,countdown,-4384,1760,-2112,474.486,389.818,85.4026
190534739207200,71626186481695,12,countdown,-5504,1536,-1952,-645.514,165.818,245.403
190534740204400,71626187481737,13,countdown,-5120,1440,-2240,-261.514,69.8182,-42.5974
190534741337400,71626188481528,14,countdown,-4960,1248,-2368,-101.514,-122.182,-170.597
190534742204400,71626189481737,15,countdown,-5280,1536,-2560,-421.514,165.818,-362.597
190534743204100,71626190481612,16,countdown,-4768,1088,-1792,90.4855,-282.182,405.403
190534744333600,71626191482278,17,countdown,-4544,992,-1952,314.486,-378.182,245.403
190534745210300,71626192481778,18,countdown,-4352,1216,-2400,506.486,-154.182,-202.597
190534746338100,71626193482487,19,countdown,-4896,1504,-2080,-37.5145,133.818,117.403
190534747206500,71626194481778,20,countdown,-5280,1856,-2528,-421.514,485.818,-330.597
190534748221200,71626195481695,21,countdown,-5056,1600,-2304,-197.514,229.818,-106.597
190534749346500,71626196481820,22,countdown,-4960,1344,-2304,-101.514,-26.1818,-106.597
190534750353500,71626197481778,23,countdown,-4864,1536,-1664,-5.51449,165.818,533.403
190534751212500,71626198481737,24,countdown,-4704,864,-2240,154.486,-506.182,-42.5974
190534752277600,71626199481778,25,countdown,-4288,832,-1536,570.486,-538.182,661.403
190534753219200,71626200481695,26,countdown,-4832,1184,-2848,26.4855,-186.182,-650.597
190534754218900,71626201481653,27,countdown,-4736,1184,-2336,122.486,-186.182,-138.597
190534755206300,71626202481487,28,countdown,-4064,1280,-2496,794.486,-90.1818,-298.597
190534756350600,71626203482612,29,countdown,-4768,1216,-2304,90.4855,-154.182,-106.597
190534757202800,71626204481987,30,countdown,-4384,1248,-2464,474.486,-122.182,-266.597
190534758207500,71626205481820,31,countdown,-4992,1504,-2784,-133.514,133.818,-586.597
190534759208100,71626206481820,32,countdown,-4320,1024,-2208,538.486,-346.182,-10.5974
190534760208100,71626207481778,33,countdown,-4704,1152,-2080,154.486,-218.182,117.403
190534761333300,71626208481778,34,countdown,-4832,1248,-1984,26.4855,-122.182,213.403
190534762332700,71626209482195,35,countdown,-4736,1312,-2688,122.486,-58.1818,-490.597
190534763334200,71626210481778,36,countdown,-5024,1120,-2208,-165.514,-250.182,-10.5974
190534764204400,71626211481695,37,countdown,-4800,1696,-2560,58.4855,325.818,-362.597
190534765208200,71626212481612,38,countdown,-5216,1728,-2688,-357.514,357.818,-490.597
190534766422600,71626213483070,39,countdown,-4512,1472,-2432,346.486,101.818,-234.597
190534767419100,71626214481653,40,countdown,-4608,1760,-2112,250.486,389.818,85.4026
190534768312800,71626215481487,41,countdown,-5056,1856,-2464,-197.514,485.818,-266.597
190534769282200,71626216481612,42,countdown,-4928,1568,-2688,-69.5145,197.818,-490.597
190534770311100,71626217481695,43,countdown,-4992,1632,-2560,-133.514,261.818,-362.597
190534771339300,71626218481820,44,countdown,-4672,1376,-2368,186.486,5.81818,-170.597
190534772204700,71626219481695,45,countdown,-4832,1120,-2208,26.4855,-250.182,-10.5974
190534773209600,71626220481778,46,countdown,-4352,1376,-1920,506.486,5.81818,277.403
190534774335800,71626221481820,47,countdown,-4864,1824,-2432,-5.51449,453.818,-234.597
190534775202000,71626222481737,48,countdown,-5280,1216,-1536,-421.514,-154.182,661.403
190534776209700,71626223481695,49,countdown,-5248,1472,-2208,-389.514,101.818,-10.5974
190534777209500,71626224481570,50,countdown,-4640,1312,-2432,218.486,-58.1818,-234.597
190534778335800,71626225481612,51,countdown,-4544,1536,-1568,314.486,165.818,629.403
190534779331600,71626226481903,52,countdown,-4608,1184,-2208,250.486,-186.182,-10.5974
190534780330100,71626227481820,53,countdown,-4576,896,-2112,282.486,-474.182,85.4026
190534781205400,71626228481653,54,countdown,-5248,1632,-2656,-389.514,261.818,-458.597
190534782203200,71626229481570,55,countdown,-4992,1280,-2272,-133.514,-90.1818,-74.5974
190534783439400,71626230483195,56,countdown,-4864,1344,-1952,-5.51449,-26.1818,245.403
190534784215600,71626231483320,57,countdown,-4480,1376,-2624,378.486,5.81818,-426.597
190534785324100,71626232481695,58,countdown,-4864,1088,-2304,-5.51449,-282.182,-106.597
190534786202800,71626233481820,59,countdown,-4672,1568,-2368,186.486,197.818,-170.597
190534787215300,71626234481695,60,countdown,-4864,1600,-2400,-5.51449,229.818,-202.597
190534788331100,71626235481278,61,countdown,-4384,1344,-1792,474.486,-26.1818,405.403
190534789204600,71626236481862,62,countdown,-4800,1376,-1920,58.4855,5.81818,277.403
190534790202300,71626237481612,63,countdown,-4320,1184,-1728,538.486,-186.182,469.403
190534791330300,71626238481695,64,countdown,-5312,1248,-2592,-453.514,-122.182,-394.597
190534792324600,71626239482987,65,countdown,-5504,1600,-2464,-645.514,229.818,-266.597
190534793816300,71626240481278,66,countdown,-5568,1376,-2976,-709.514,5.81818,-778.597
190534794198600,71626241481695,67,countdown,-4832,1344,-1888,26.4855,-26.1818,309.403
190534795201500,71626242481862,68,countdown,-5088,1312,-2400,-229.514,-58.1818,-202.597
190534796216000,71626243481945,69,countdown,-4640,992,-1568,218.486,-378.182,629.403
190534797218300,71626244481778,70,countdown,-5088,1664,-2304,-229.514,293.818,-106.597
190534798432900,71626245483862,71,countdown,-4768,1440,-2432,90.4855,69.8182,-234.597
190534799437800,71626246481862,72,countdown,-4320,1472,-2272,538.486,101.818,-74.5974
190534800296900,71626247481778,73,countdown,-4672,1280,-2016,186.486,-90.1818,181.403
190534801301700,71626248481737,74,countdown,-4672,1408,-1760,186.486,37.8182,437.403
190534802204700,71626249481778,75,countdown,-4960,1376,-2368,-101.514,5.81818,-170.597
190534803335700,71626250482612,76,countdown,-4992,1408,-2016,-133.514,37.8182,181.403
190534804335600,71626251481820,77,countdown,-4480,1664,-1920,378.486,293.818,277.403
190534805204600,71626252481653,78,countdown,-5088,1568,-2400,-229.514,197.818,-202.597
190534806210100,71626253481612,79,countdown,-4928,1504,-2752,-69.5145,133.818,-554.597
190534807209800,71626254481570,80,countdown,-5184,1344,-2464,-325.514,-26.1818,-266.597
190534808206900,71626255481153,81,countdown,-4544,1184,-2144,314.486,-186.182,53.4026
190534809336000,71626256481987,82,countdown,-4704,1184,-1792,154.486,-186.182,405.403
190534810204200,71626257481653,83,countdown,-4096,1408,-2400,762.486,37.8182,-202.597
190534811205900,71626258481778,84,countdown,-4288,1152,-2048,570.486,-218.182,149.403
190534812205700,71626259481737,85,countdown,-4416,1696,-1824,442.486,325.818,373.403
190534813204900,71626260481778,86,countdown,-4704,1184,-2112,154.486,-186.182,85.4026
190534814227700,71626261481778,87,countdown,-4800,1056,-2016,58.4855,-314.182,181.403
190534815460500,71626262481695,88,countdown,-4960,1344,-1600,-101.514,-26.1818,597.403
190534816212000,71626263481987,89,countdown,-4704,1248,-1888,154.486,-122.182,309.403
190534817209100,71626264481570,90,countdown,-4576,1408,-2112,282.486,37.8182,85.4026
190534818206900,71626265481320,91,countdown,-4736,992,-2048,122.486,-378.182,149.403
190534819211800,71626266481695,92,countdown,-4832,1152,-2688,26.4855,-218.182,-490.597
190534820339300,71626267481445,93,countdown,-5120,1312,-2720,-261.514,-58.1818,-522.597
190534821210600,71626268481862,94,countdown,-5184,1408,-2272,-325.514,37.8182,-74.5974
190534822206600,71626269482112,95,countdown,-4928,1184,-2080,-69.5145,-186.182,117.403
190534823334200,71626270483445,96,countdown,-5024,1408,-2400,-165.514,37.8182,-202.597
190534824208200,71626271481778,97,countdown,-5376,1056,-2784,-517.514,-314.182,-586.597
190534825208100,71626272481778,98,countdown,-5120,1408,-2176,-261.514,37.8182,21.4026
190534826212000,71626273481820,99,countdown,-4960,1280,-2080,-101.514,-90.1818,117.403
190534827337800,71626274481737,100,countdown,-4672,1152,-2016,186.486,-218.182,181.403
190534828212400,71626275481653,101,countdown,-5760,1792,-2656,-901.514,421.818,-458.597
190534829211300,71626276481737,102,countdown,-4736,1120,-2144,122.486,-250.182,53.4026
190534830210300,71626277481528,103,countdown,-5024,1664,-2560,-165.514,293.818,-362.597
190534831207900,71626278481612,104,countdown,-3904,1440,-1792,954.486,69.8182,405.403
190534832334100,71626279481653,105,countdown,-4672,1312,-2144,186.486,-58.1818,53.4026
190534833334600,71626280482612,106,countdown,-4384,1568,-2400,474.486,197.818,-202.597
190534834207700,71626281481695,107,countdown,-4960,1728,-2464,-101.514,357.818,-266.597
190534835207800,71626282481862,108,countdown,-4928,1696,-1760,-69.5145,325.818,437.403
190534836207900,71626283481778,109,countdown,-4672,1440,-2976,186.486,69.8182,-778.597
190534837208200,71626284481737,110,countdown,-4960,1344,-2272,-101.514,-26.1818,-74.5974
190534838335500,71626285482612,111,countdown,-5184,1184,-2080,-325.514,-186.182,117.403
190534839334100,71626286481695,112,countdown,-4704,1440,-1984,154.486,69.8182,213.403
190534840210300,71626287481737,113,countdown,-4992,1376,-2016,-133.514,5.81818,181.403
190534841212300,71626288481737,114,countdown,-5120,1216,-2784,-261.514,-154.182,-586.597
190534842211600,71626289481612,115,countdown,-5248,1312,-1952,-389.514,-58.1818,245.403
190534843211400,71626290481195,116,countdown,-4736,1120,-2144,122.486,-250.182,53.4026
190534844337400,71626291481612,117,countdown,-5568,1728,-2560,-709.514,357.818,-362.597
190534845443700,71626292483070,118,countdown,-5280,1760,-2336,-421.514,389.818,-138.597
190534846228500,71626293481695,119,countdown,-5184,1536,-2752,-325.514,165.818,-554.597
190534847209100,71626294481778,120,countdown,-4704,1568,-2048,154.486,197.818,149.403
190534848295100,71626295481820,121,countdown,-5376,1888,-2112,-517.514,517.818,85.4026
190534849425100,71626296481695,122,countdown,-4864,1280,-2336,-5.51449,-90.1818,-138.597
190534850404400,71626297481862,123,countdown,-4384,1536,-1888,474.486,165.818,309.403
190534851289700,71626298481778,124,countdown,-4672,1632,-2208,186.486,261.818,-10.5974
190534852370000,71626299481653,125,countdown,-4800,1536,-2624,58.4855,165.818,-426.597
190534853293200,71626300481653,126,countdown,-4864,1152,-2208,-5.51449,-218.182,-10.5974
190534854293100,71626301481612,127,countdown,-5312,1472,-1696,-453.514,101.818,501.403
190534855296200,71626302481653,128,countdown,-5056,1216,-1824,-197.514,-154.182,373.403
190534856238200,71626303481737,129,countdown,-5088,1280,-2784,-229.514,-90.1818,-586.597
190534857314300,71626304481612,130,countdown,-4832,1152,-2080,26.4855,-218.182,117.403
190534858320600,71626305481612,131,countdown,-4416,1600,-2528,442.486,229.818,-330.597
190534859307700,71626306481570,132,countdown,-4640,1248,-2368,218.486,-122.182,-170.597
190534860408400,71626307481528,133,countdown,-5408,1504,-2624,-549.514,133.818,-426.597
190534861218500,71626308481862,134,countdown,-4352,1280,-2048,506.486,-90.1818,149.403
190534862336900,71626309481862,135,countdown,-4992,1056,-2432,-133.514,-314.182,-234.597
190534863363700,71626310483195,136,countdown,-4512,1568,-1920,346.486,197.818,277.403
190534864217000,71626311481778,137,countdown,-4800,2048,-2720,58.4855,677.818,-522.597
190534865458000,71626312486153,138,countdown,-4832,960,-2176,26.4855,-410.182,21.4026
190534866236500,71626313481612,139,countdown,-4672,1536,-2432,186.486,165.818,-234.597
190534867213100,71626314481612,140,countdown,-5088,1312,-2688,-229.514,-58.1818,-490.597
190534868221500,71626315481737,141,countdown,-5248,1152,-1856,-389.514,-218.182,341.403
190534869203800,71626316481528,142,countdown,-4992,1184,-1600,-133.514,-186.182,597.403
190534870349000,71626317481320,143,countdown,-5152,1024,-1888,-293.514,-346.182,309.403
190534871211400,71626318481695,144,countdown,-4992,1120,-1600,-133.514,-250.182,597.403
190534872216900,71626319481612,145,countdown,-4864,1120,-1600,-5.51449,-250.182,597.403
190534873217900,71626320483362,146,countdown,-5440,1440,-1888,-581.514,69.8182,309.403
190534874331600,71626321482403,147,countdown,-4960,1536,-2112,-101.514,165.818,85.4026
190534875326800,71626322483737,148,countdown,-5024,1344,-2464,-165.514,-26.1818,-266.597
190534876200100,71626323482820,149,countdown,-4864,1024,-1472,-5.51449,-346.182,725.403
190534877206200,71626324481612,150,countdown,-5568,1504,-2656,-709.514,133.818,-458.597
190534878217700,71626325481737,151,countdown,-4768,1600,-2336,90.4855,229.818,-138.597
190534879240100,71626326481778,152,countdown,-5120,1536,-1472,-261.514,165.818,725.403
190534880329900,71626327482695,153,countdown,-5504,1248,-2272,-645.514,-122.182,-74.5974
190534881200000,71626328481778,154,countdown,-5568,1920,-2624,-709.514,549.818,-426.597
190534882198800,71626329481570,155,countdown,-4672,1600,-2784,186.486,229.818,-586.597
190534883212500,71626330481737,156,countdown,-4416,1152,-1504,442.486,-218.182,693.403
190534884213400,71626331481528,157,countdown,-5216,1440,-2048,-357.514,69.8182,149.403
190534885337800,71626332484070,158,countdown,-5056,1120,-2240,-197.514,-250.182,-42.5974
190534886205500,71626333481945,159,countdown,-4800,1248,-2272,58.4855,-122.182,-74.5974
190534887209400,71626334481737,160,countdown,-4736,1856,-2016,122.486,485.818,181.403
190534888211400,71626335481737,161,countdown,-4800,1664,-1888,58.4855,293.818,309.403
190534889212400,71626336481612,162,countdown,-5152,1248,-2080,-293.514,-122.182,117.403
190534890209200,71626337481945,163,countdown,-4736,1120,-1952,122.486,-250.182,245.403
190534891329700,71626338481737,164,countdown,-4224,1120,-1696,634.486,-250.182,501.403
190534892199800,71626339481737,165,countdown,-4544,1408,-1856,314.486,37.8182,341.403
190534893337400,71626340484528,166,countdown,-5280,1376,-2432,-421.514,5.81818,-234.597
190534894266800,71626341481612,167,countdown,-5216,1120,-2112,-357.514,-250.182,85.4026
190534895206300,71626342481612,168,countdown,-5632,1408,-2368,-773.514,37.8182,-170.597
190534896199300,71626343481653,169,countdown,-5248,1664,-2272,-389.514,293.818,-74.5974
190534897197800,71626344481570,170,countdown,-4576,1984,-2144,282.486,613.818,53.4026
190534898207200,71626345481653,171,countdown,-5568,1504,-2272,-709.514,133.818,-74.5974
190534899338700,71626346481653,172,countdown,-4992,1536,-2368,-133.514,165.818,-170.597
190534900338000,71626347483028,173,countdown,-4704,1408,-2368,154.486,37.8182,-170.597
190534901204300,71626348481778,174,countdown,-4544,1472,-2336,314.486,101.818,-138.597
190534902209700,71626349481653,175,countdown,-5120,1376,-1984,-261.514,5.81818,213.403
190534903211700,71626350481737,176,countdown,-4832,1344,-2080,26.4855,-26.1818,117.403
190534904338400,71626351483320,177,countdown,-5504,1472,-2528,-645.514,101.818,-330.597
190534905337400,71626352483153,178,countdown,-4992,1312,-2400,-133.514,-58.1818,-202.597
190534906204300,71626353481612,179,countdown,-4800,1472,-1920,58.4855,101.818,277.403
190534907200500,71626354481653,180,countdown,-5568,1344,-2816,-709.514,-26.1818,-618.597
190534908200400,71626355481612,181,countdown,-5280,1856,-2112,-421.514,485.818,85.4026
190534909324800,71626356481570,182,countdown,-4768,1088,-2432,90.4855,-282.182,-234.597
190534910328700,71626357481195,183,countdown,-5152,1504,-2464,-293.514,133.818,-266.597
190534911204600,71626358481570,184,countdown,-4768,1632,-2848,90.4855,261.818,-650.597
190534912212000,71626359481778,185,countdown,-5120,1344,-2368,-261.514,-26.1818,-170.597
190534913210200,71626360481820,186,countdown,-4544,1408,-1856,314.486,37.8182,341.403
190534914337100,71626361481737,187,countdown,-5440,992,-2496,-581.514,-378.182,-298.597
190534915359400,71626362481862,188,countdown,-5504,2144,-2848,-645.514,773.818,-650.597
190534916204000,71626363483153,189,countdown,-4960,1728,-2464,-101.514,357.818,-266.597
190534917208900,71626364481653,190,countdown,-5440,1440,-2080,-581.514,69.8182,117.403
190534918211300,71626365481737,191,countdown,-4544,1344,-1824,314.486,-26.1818,373.403
190534919211600,71626366481528,192,countdown,-4640,1504,-2016,218.486,133.818,181.403
190534920247500,71626367482070,193,countdown,-4448,1376,-1472,410.486,5.81818,725.403
190534921204900,71626368481570,194,countdown,-5152,1376,-2592,-293.514,5.81818,-394.597
190534922211800,71626369481487,195,countdown,-4064,832,-1760,794.486,-538.182,437.403
190534923207700,71626370481695,196,countdown,-4736,1280,-2432,122.486,-90.1818,-234.597
190534924205700,71626371481654,197,countdown,-4416,960,-1344,442.486,-410.182,853.403
190534925313600,71626372481779,198,countdown,-4224,960,-1696,634.486,-410.182,501.403
190534926214500,71626373481695,199,countdown,-5152,1568,-2624,-293.514,197.818,-426.597
190534927341400,71626374481654,200,countdown,-4800,1184,-2048,58.4855,-186.182,149.403
190534928205400,71626375481862,201,countdown,-3872,1088,-1568,986.486,-282.182,629.403
190534929211000,71626376481654,202,countdown,-4544,1248,-2624,314.486,-122.182,-426.597
190534930214300,71626377483070,203,countdown,-5120,1440,-2496,-261.514,69.8182,-298.597
190534931212100,71626378481654,204,countdown,-4736,768,-2240,122.486,-602.182,-42.5974
190534932212200,71626379481945,205,countdown,-4672,1024,-2176,186.486,-346.182,21.4026
190534933338000,71626380481820,206,countdown,-4640,1280,-2496,218.486,-90.1818,-298.597
190534934338600,71626381482237,207,countdown,-5024,1088,-1888,-165.514,-282.182,309.403
190534935203600,71626382482070,208,countdown,-4768,1408,-1728,90.4855,37.8182,469.403
190534936210300,71626383481612,209,countdown,-4928,864,-2080,-69.5145,-506.182,117.403
190534937212300,71626384482404,210,countdown,-4928,1760,-2176,-69.5145,389.818,21.4026
190534938212300,71626385481862,211,countdown,-4416,1536,-2048,442.486,165.818,149.403
190534939208100,71626386481737,212,countdown,-4448,1344,-2112,410.486,-26.1818,85.4026
190534940207400,71626387481820,213,countdown,-4480,1056,-2304,378.486,-314.182,-106.597
190534941203500,71626388481654,214,countdown,-4704,1184,-1728,154.486,-186.182,469.403
190534942205100,71626389481737,215,countdown,-4928,1280,-2368,-69.5145,-90.1818,-170.597
190534943425100,71626390490737,216,countdown,-5248,1440,-2016,-389.514,69.8182,181.403
190534944270900,71626391481695,217,countdown,-4928,1472,-2528,-69.5145,101.818,-330.597
190534945424600,71626392481779,218,countdown,-4480,1056,-1888,378.486,-314.182,309.403
190534946268800,71626393481695,219,countdown,-4832,1280,-1824,26.4855,-90.1818,373.403
190534947327500,71626394481279,220,countdown,-4704,960,-2048,154.486,-410.182,149.403
190534948315100,71626395481695,221,countdown,-4928,1472,-2272,-69.5145,101.818,-74.5974
190534949446000,71626396481570,222,countdown,-4960,1024,-1792,-101.514,-346.182,405.403
190534950282700,71626397481612,223,countdown,-5088,1408,-2048,-229.514,37.8182,149.403
190534951294800,71626398482320,224,countdown,-4704,1472,-1792,154.486,101.818,405.403
190534952434500,71626399481904,225,countdown,-5248,1632,-2208,-389.514,261.818,-10.5974
190534953431000,71626400491779,226,countdown,-5344,1568,-2240,-485.514,197.818,-42.5974
190534954270600,71626401481695,227,countdown,-5728,1632,-2752,-869.514,261.818,-554.597
190534955303500,71626402481820,228,countdown,-4640,1344,-2368,218.486,-26.1818,-170.597
190534956294400,71626403481779,229,countdown,-4640,1248,-2304,218.486,-122.182,-106.597
190534957203700,71626404482487,230,countdown,-5312,1312,-2176,-453.514,-58.1818,21.4026
190534958200500,71626405482612,231,countdown,-4640,1472,-2080,218.486,101.818,117.403
190534959275900,71626406481654,232,countdown,-4992,1376,-2720,-133.514,5.81818,-522.597
190534960297500,71626407481612,233,countdown,-4992,1024,-2336,-133.514,-346.182,-138.597
190534961329700,71626408483029,234,countdown,-5024,1568,-2048,-165.514,197.818,149.403
190534962308300,71626409481654,235,countdown,-5088,1696,-1792,-229.514,325.818,405.403
190534963450300,71626410481779,236,countdown,-5664,1440,-2880,-805.514,69.8182,-682.597
190534964280200,71626411483279,237,countdown,-5152,1696,-2112,-293.514,325.818,85.4026
190534965276100,71626412482570,238,countdown,-4672,1024,-1408,186.486,-346.182,789.403
190534966284400,71626413481612,239,countdown,-5440,1600,-2176,-581.514,229.818,21.4026
190534967301400,71626414481404,240,countdown,-4640,1568,-2176,218.486,197.818,21.4026
190534968319000,71626415481695,241,countdown,-4992,992,-2144,-133.514,-378.182,53.4026
190534969427600,71626416482362,242,countdown,-4960,1088,-2144,-101.514,-282.182,53.4026
190534970414400,71626417483820,243,countdown,-4768,1504,-1856,90.4855,133.818,341.403
190534971276000,71626418481529,244,countdown,-4768,1888,-2240,90.4855,517.818,-42.5974
190534972294100,71626419481612,245,countdown,-5184,1440,-2464,-325.514,69.8182,-266.597
190534973204200,71626420481487,246,countdown,-4928,1312,-2016,-69.5145,-58.1818,181.403
190534974344300,71626421481570,247,countdown,-4640,1440,-2400,218.486,69.8182,-202.597
190534975450600,71626422483737,248,countdown,-4832,1632,-2304,26.4855,261.818,-106.597
190534976271000,71626423482987,249,countdown,-5120,1600,-2080,-261.514,229.818,117.403
190534977212500,71626424481820,250,countdown,-5152,1440,-2048,-293.514,69.8182,149.403
190534978208800,71626425481695,251,countdown,-4864,1664,-2368,-5.51449,293.818,-170.597
190534979210100,71626426481404,252,countdown,-4960,992,-1632,-101.514,-378.182,565.403
190534980208200,71626427481862,253,countdown,-5120,1792,-2112,-261.514,421.818,85.4026
190534981209900,71626428483070,254,countdown,-5248,896,-2592,-389.514,-474.182,-394.597
190534982208000,71626429481737,255,countdown,-5120,864,-1920,-261.514,-506.182,277.403
190534983209700,71626430481612,0,countdown,-4608,1152,-1952,250.486,-218.182,245.403
190534984210000,71626431481695,1,countdown,-4928,1664,-2016,-69.5145,293.818,181.403
190534985209800,71626432481612,2,countdown,-5312,1888,-2720,-453.514,517.818,-522.597
190534986332100,71626433481529,3,countdown,-4864,1632,-2432,-5.51449,261.818,-234.597
190534987197600,71626434481612,4,countdown,-5152,1664,-2176,-293.514,293.818,21.4026
190534988206100,71626435481570,5,countdown,-4320,1440,-2208,538.486,69.8182,-10.5974
190534989231000,71626436481487,6,countdown,-5376,1120,-1728,-517.514,-250.182,469.403
190534990214100,71626437481862,7,countdown,-4640,1056,-2528,218.486,-314.182,-330.597
190534991211300,71626438481612,8,countdown,-5280,1120,-2368,-421.514,-250.182,-170.597
190534992209300,71626439481737,9,countdown,-4736,1216,-2080,122.486,-154.182,117.403
190534993327400,71626440481737,10,countdown,-4736,1088,-2016,122.486,-282.182,181.403
190534994228200,71626441481737,11,countdown,-4960,1312,-2112,-101.514,-58.1818,85.4026
190534995216100,71626442481695,12,countdown,-5312,1152,-2496,-453.514,-218.182,-298.597
190534996211200,71626443481570,13,countdown,-4192,1216,-1696,666.486,-154.182,501.403
190534997210600,71626444481654,14,countdown,-4864,1536,-2528,-5.51449,165.818,-330.597
190534998336700,71626445481695,15,countdown,-4512,1184,-2144,346.486,-186.182,53.4026
190534999336500,71626446484195,16,countdown,-4608,1088,-1440,250.486,-282.182,757.403
190535000203400,71626447481570,17,countdown,-4960,1408,-2336,-101.514,37.8182,-138.597
190535001336500,71626448481529,18,countdown,-5248,1856,-1984,-389.514,485.818,213.403
190535002200100,71626449481529,19,countdown,-4928,992,-2112,-69.5145,-378.182,85.4026
190535003204500,71626450481779,20,countdown,-4576,1088,-2176,282.486,-282.182,21.4026
190535004332300,71626451482112,21,countdown,-4800,1536,-2080,58.4855,165.818,117.403
190535005327100,71626452481695,22,countdown,-4576,992,-2432,282.486,-378.182,-234.597
190535006214200,71626453482029,23,countdown,-5024,1312,-2560,-165.514,-58.1818,-362.597
190535007202800,71626454482487,24,countdown,-4864,1664,-2176,-5.51449,293.818,21.4026
190535008204800,71626455481570,25,countdown,-5024,1568,-2144,-165.514,197.818,53.4026
190535009204400,71626456481570,26,countdown,-5152,1664,-2208,-293.514,293.818,-10.5974
190535010350700,71626457481612,27,countdown,-4544,1248,-2240,314.486,-122.182,-42.5974
190535011342300,71626458481029,28,countdown,-5056,1088,-2624,-197.514,-282.182,-426.597
190535012197600,71626459481737,29,countdown,-4736,1408,-2176,122.486,37.8182,21.4026
190535013313300,71626460481695,30,countdown,-5088,1248,-1824,-229.514,-122.182,373.403
190535014314300,71626461481695,31,countdown,-4704,1696,-2240,154.486,325.818,-42.5974
190535015309600,71626462482195,32,countdown,-4896,960,-2208,-37.5145,-410.182,-10.5974
190535016210700,71626463481445,33,countdown,-5472,1728,-2304,-613.514,357.818,-106.597
190535017208900,71626464482362,34,countdown,-4416,1312,-2048,442.486,-58.1818,149.403
190535018211200,71626465481737,35,countdown,-4448,1440,-2496,410.486,69.8182,-298.597
190535019212700,71626466481737,36,countdown,-4768,1184,-2080,90.4855,-186.182,117.403
190535020205300,71626467481779,37,countdown,-4960,1568,-1792,-101.514,197.818,405.403
190535021210500,71626468483820,38,countdown,-5248,1280,-1824,-389.514,-90.1818,373.403
190535022333400,71626469482279,39,countdown,-5408,1568,-2496,-549.514,197.818,-298.597
190535023210100,71626470481695,40,countdown,-5024,1472,-2144,-165.514,101.818,53.4026
190535024211000,71626471481654,41,countdown,-4928,1440,-2112,-69.5145,69.8182,85.4026
190535025212200,71626472481570,42,countdown,-4864,1728,-2368,-5.51449,357.818,-170.597
190535026211900,71626473481862,43,countdown,-5248,1216,-2240,-389.514,-154.182,-42.5974
190535027338700,71626474481612,44,countdown,-5216,1472,-2816,-357.514,101.818,-618.597
190535028212000,71626475481404,45,countdown,-5312,1312,-1888,-453.514,-58.1818,309.403
190535029212200,71626476483237,46,countdown,-4512,1088,-1760,346.486,-282.182,437.403
190535030207900,71626477481737,47,countdown,-4928,1376,-2880,-69.5145,5.81818,-682.597
190535031208000,71626478483695,48,countdown,-4832,1728,-2304,26.4855,357.818,-106.597
190535032209500,71626479481820,49,countdown,-4096,1600,-2208,762.486,229.818,-10.5974
190535033212500,71626480482154,50,countdown,-5440,1120,-2208,-581.514,-250.182,-10.5974
190535034212400,71626481481737,51,countdown,-4992,1376,-2304,-133.514,5.81818,-106.597
190535035211300,71626482481654,52,countdown,-4768,1440,-2368,90.4855,69.8182,-170.597
190535036219400,71626483481654,53,countdown,-5280,1760,-2016,-421.514,389.818,181.403
190535037220000,71626484481612,54,countdown,-4768,1632,-2048,90.4855,261.818,149.403
190535038352900,71626485481695,55,countdown,-4864,1248,-1888,-5.51449,-122.182,309.403
190535039355500,71626486483487,56,countdown,-5024,1408,-2624,-165.514,37.8182,-426.597
190535040318900,71626487481654,57,countdown,-5216,1472,-2816,-357.514,101.818,-618.597
190535041214900,71626488481487,58,countdown,-4384,1216,-1568,474.486,-154.182,629.403
190535042212500,71626489481737,59,countdown,-4864,1664,-2240,-5.51449,293.818,-42.5974
190535043209600,71626490481737,60,countdown,-4992,1920,-2272,-133.514,549.818,-74.5974
190535044209400,71626491481779,61,countdown,-4928,1024,-2336,-69.5145,-346.182,-138.597
190535045209000,71626492481820,62,countdown,-5408,1184,-1696,-549.514,-186.182,501.403
190535046334500,71626493481654,63,countdown,-5120,1600,-2208,-261.514,229.818,-10.5974
190535047198900,71626494481654,64,countdown,-5088,1216,-2272,-229.514,-154.182,-74.5974
190535048209000,71626495481112,65,countdown,-4608,1472,-2656,250.486,101.818,-458.597
190535049334800,71626496481654,66,countdown,-4544,1280,-2080,314.486,-90.1818,117.403
190535050198900,71626497481529,67,countdown,-4928,1824,-1856,-69.5145,453.818,341.403
190535051202600,71626498481654,68,countdown,-4992,1312,-2336,-133.514,-58.1818,-138.597
190535052203400,71626499481529,69,countdown,-4032,1408,-2528,826.486,37.8182,-330.597
190535053220300,71626500482654,70,countdown,-4928,1312,-2720,-69.5145,-58.1818,-522.597
190535054206900,71626501481487,71,countdown,-4288,1152,-1792,570.486,-218.182,405.403
190535055205300,71626502481737,72,countdown,-4544,1408,-2432,314.486,37.8182,-234.597
190535056207000,71626503482612,73,countdown,-5344,1184,-2784,-485.514,-186.182,-586.597
190535057331300,71626504482112,74,countdown,-4416,1536,-2240,442.486,165.818,-42.5974
190535058332200,71626505484029,75,countdown,-4672,800,-1824,186.486,-570.182,373.403
190535059333600,71626506487112,76,countdown,-4672,1088,-2400,186.486,-282.182,-202.597
190535060333500,71626507486570,77,countdown,-5568,1856,-2592,-709.514,485.818,-394.597
190535061331500,71626508488320,78,countdown,-5312,1504,-2336,-453.514,133.818,-138.597
190535062330700,71626509489612,79,countdown,-4544,1312,-1632,314.486,-58.1818,565.403
190535063330300,71626510489529,80,countdown,-4512,1280,-1472,346.486,-90.1818,725.403
190535064331000,71626511485570,81,countdown,-4928,1568,-2016,-69.5145,197.818,181.403
190535065332400,71626512489154,82,countdown,-4800,864,-1952,58.4855,-506.182,245.403
190535066327100,71626513485904,83,countdown,-4512,1472,-2528,346.486,101.818,-330.597
190535067328000,71626514488195,84,countdown,-5120,1184,-2496,-261.514,-186.182,-298.597
190535068340800,71626515487987,85,countdown,-4992,1856,-2400,-133.514,485.818,-202.597
190535069324600,71626516493070,86,countdown,-4768,1280,-1920,90.4855,-90.1818,277.403
190535070349600,71626517482362,87,countdown,-4512,1184,-1408,346.486,-186.182,789.403
190535071336600,71626518488987,88,countdown,-5056,1408,-2528,-197.514,37.8182,-330.597
190535072334600,71626519487112,89,countdown,-4608,1440,-2016,250.486,69.8182,181.403
190535073336900,71626520486612,90,countdown,-4288,1312,-2208,570.486,-58.1818,-10.5974
190535074338200,71626521491279,91,countdown,-5184,1216,-1888,-325.514,-154.182,309.403
190535075337900,71626522488945,92,countdown,-5152,1568,-2368,-293.514,197.818,-170.597
190535076337500,71626523482612,93,countdown,-4672,1152,-2368,186.486,-218.182,-170.597
190535077337900,71626524490320,94,countdown,-4704,1152,-1792,154.486,-218.182,405.403
190535078338200,71626525485987,95,countdown,-4544,1760,-2944,314.486,389.818,-746.597
190535079337200,71626526487987,96,countdown,-4480,1440,-1792,378.486,69.8182,405.403
190535080340100,71626527484945,97,countdown,-4544,1408,-2496,314.486,37.8182,-298.597
190535081337800,71626528485404,98,countdown,-5504,1504,-2528,-645.514,133.818,-330.597
190535082337200,71626529484570,99,countdown,-5792,1056,-1920,-933.514,-314.182,277.403
190535083338100,71626530482862,100,countdown,-4736,1600,-2816,122.486,229.818,-618.597
190535084324700,71626531487695,101,countdown,-4032,1248,-1344,826.486,-122.182,853.403
190535085344700,71626532485487,102,countdown,-4768,1984,-2304,90.4855,613.818,-106.597
190535086335000,71626533483820,103,countdown,-4832,1152,-2656,26.4855,-218.182,-458.597
190535087335100,71626534485279,104,countdown,-4768,1312,-2272,90.4855,-58.1818,-74.5974
190535088336700,71626535485404,105,countdown,-4768,1216,-1792,90.4855,-154.182,405.403
190535089338100,71626536483987,106,countdown,-5056,1600,-1600,-197.514,229.818,597.403
190535090337100,71626537485404,107,countdown,-5024,1920,-2752,-165.514,549.818,-554.597
190535091328700,71626538485737,108,countdown,-4096,1120,-1792,762.486,-250.182,405.403
190535092332700,71626539489070,109,countdown,-5024,1632,-2144,-165.514,261.818,53.4026
190535093330900,71626540487862,110,countdown,-4640,1888,-1952,218.486,517.818,245.403
190535094331900,71626541486070,111,countdown,-4608,1504,-1792,250.486,133.818,405.403
190535095338400,71626542486654,112,countdown,-4512,1536,-2112,346.486,165.818,85.4026
190535096338400,71626543487529,113,countdown,-4736,1056,-2528,122.486,-314.182,-330.597
190535097338300,71626544488612,114,countdown,-4992,1184,-2432,-133.514,-186.182,-234.597
190535098334700,71626545488737,115,countdown,-5472,896,-2144,-613.514,-474.182,53.4026
190535099333800,71626546488195,116,countdown,-4576,1664,-3008,282.486,293.818,-810.597
190535100336900,71626547490029,117,countdown,-4544,1344,-2240,314.486,-26.1818,-42.5974
190535101430200,71626548486862,118,countdown,-4768,1440,-2272,90.4855,69.8182,-74.5974
190535102472400,71626549487279,119,countdown,-5952,1504,-2304,-1093.51,133.818,-106.597
190535103430700,71626550491487,120,countdown,-5056,1344,-2336,-197.514,-26.1818,-138.597
190535104465400,71626551490737,121,countdown,-4672,1216,-1728,186.486,-154.182,469.403
190535105330700,71626552485862,122,countdown,-4864,1472,-2176,-5.51449,101.818,21.4026
190535106337000,71626553487070,123,countdown,-4896,1600,-2528,-37.5145,229.818,-330.597
190535107336600,71626554487362,124,countdown,-4992,1376,-1792,-133.514,5.81818,405.403
190535108336500,71626555485279,125,countdown,-5184,1312,-1824,-325.514,-58.1818,373.403
190535109336400,71626556487737,126,countdown,-4832,1472,-2432,26.4855,101.818,-234.597
190535110336600,71626557487487,127,countdown,-4896,1216,-2688,-37.5145,-154.182,-490.597
190535111336200,71626558488112,128,countdown,-5376,1440,-2400,-517.514,69.8182,-202.597
190535112335400,71626559488529,129,countdown,-5312,1344,-2080,-453.514,-26.1818,117.403
190535113336200,71626560489570,130,countdown,-4416,1440,-2176,442.486,69.8182,21.4026
190535114332200,71626561483237,131,countdown,-4768,1408,-2592,90.4855,37.8182,-394.597
190535115332100,71626562483737,132,countdown,-5248,1280,-2272,-389.514,-90.1818,-74.5974
190535116408100,71626563487779,133,countdown,-4608,1504,-2688,250.486,133.818,-490.597
190535117351300,71626564483529,134,countdown,-4864,1216,-2016,-5.51449,-154.182,181.403
190535118204700,71626565481654,135,countdown,-4256,1472,-2112,602.486,101.818,85.4026
190535119210700,71626566481445,136,countdown,-4800,1280,-2720,58.4855,-90.1818,-522.597
190535120210200,71626567481779,137,countdown,-4128,1248,-1728,730.486,-122.182,469.403
190535121210400,71626568483070,138,countdown,-4896,1056,-2080,-37.5145,-314.182,117.403
190535122210100,71626569481362,139,countdown,-5152,1312,-2496,-293.514,-58.1818,-298.597
190535123209800,71626570481779,140,countdown,-4768,1440,-1984,90.4855,69.8182,213.403
190535124202300,71626571481612,141,countdown,-4928,1248,-1408,-69.5145,-122.182,789.403
190535125210200,71626572481737,142,countdown,-4768,1248,-2496,90.4855,-122.182,-298.597
190535126208200,71626573481612,143,countdown,-4992,1568,-2112,-133.514,197.818,85.4026
190535127210200,71626574482362,144,countdown,-4896,1280,-1856,-37.5145,-90.1818,341.403
190535128210000,71626575481654,145,countdown,-4608,1152,-2304,250.486,-218.182,-106.597
190535129210100,71626576482570,146,countdown,-4864,1568,-1856,-5.51449,197.818,341.403
190535130206000,71626577481570,147,countdown,-5408,1056,-1952,-549.514,-314.182,245.403
190535131206100,71626578481487,148,countdown,-5216,1184,-1984,-357.514,-186.182,213.403
190535132214900,71626579482112,149,countdown,-4800,1440,-2432,58.4855,69.8182,-234.597
190535133339500,71626580483237,150,countdown,-4928,832,-1984,-69.5145,-538.182,213.403
190535134204300,71626581483154,151,countdown,-4832,1888,-2368,26.4855,517.818,-170.597
190535135211200,71626582481779,152,countdown,-4256,1152,-2176,602.486,-218.182,21.4026
190535136210500,71626583481695,153,countdown,-5472,1120,-2752,-613.514,-250.182,-554.597
190535137210400,71626584481570,154,countdown,-4512,1376,-1600,346.486,5.81818,597.403
190535138210300,71626585481695,155,countdown,-5088,1088,-1920,-229.514,-282.182,277.403
190535139210100,71626586481695,156,countdown,-4224,1120,-1984,634.486,-250.182,213.403
190535140208300,71626587481779,157,countdown,-4832,1344,-2368,26.4855,-26.1818,-170.597
190535141210800,71626588481570,158,countdown,-4704,1632,-2784,154.486,261.818,-586.597
190535142210100,71626589481612,159,countdown,-4928,1216,-2720,-69.5145,-154.182,-522.597
190535143208400,71626590481612,160,countdown,-4032,1568,-1984,826.486,197.818,213.403
190535144210200,71626591481654,161,countdown,-4992,1248,-2144,-133.514,-122.182,53.4026
190535145209800,71626592481904,162,countdown,-4928,1088,-2336,-69.5145,-282.182,-138.597
190535146206300,71626593481737,163,countdown,-5024,1344,-2336,-165.514,-26.1818,-138.597
190535147205900,71626594481820,164,countdown,-5184,1504,-1888,-325.514,133.818,309.403
190535148266600,71626595481695,165,countdown,-4704,1632,-2336,154.486,261.818,-138.597
190535149343200,71626596481320,166,countdown,-5088,1120,-2496,-229.514,-250.182,-298.597
190535150199500,71626597482029,167,countdown,-4928,1312,-2432,-69.5145,-58.1818,-234.597
190535151211100,71626598481695,168,countdown,-5024,1728,-2464,-165.514,357.818,-266.597
190535152211300,71626599481695,169,countdown,-4992,1792,-2336,-133.514,421.818,-138.597
190535153208900,71626600482445,170,countdown,-4544,1472,-2208,314.486,101.818,-10.5974
190535154204000,71626601481112,171,countdown,-4096,1728,-2304,762.486,357.818,-106.597
190535155210400,71626602481695,172,countdown,-5088,1696,-3008,-229.514,325.818,-810.597
190535156210400,71626603481612,173,countdown,-4544,1120,-2080,314.486,-250.182,117.403
190535157208300,71626604482320,174,countdown,-5152,1664,-2528,-293.514,293.818,-330.597
190535158210400,71626605481529,175,countdown,-5152,1504,-1984,-293.514,133.818,213.403
190535159210000,71626606481904,176,countdown,-5056,1696,-2688,-197.514,325.818,-490.597
190535160210200,71626607481862,177,countdown,-4896,1472,-2048,-37.5145,101.818,149.403
190535161210200,71626608481695,178,countdown,-4768,1376,-2176,90.4855,5.81818,21.4026
190535162332400,71626609481612,179,countdown,-4640,1184,-2560,218.486,-186.182,-362.597
190535163332100,71626610484862,180,countdown,-4704,1184,-2304,154.486,-186.182,-106.597
190535164216900,71626611482612,181,countdown,-5088,1440,-2336,-229.514,69.8182,-138.597
190535165207300,71626612481570,182,countdown,-5440,1408,-1856,-581.514,37.8182,341.403
190535166337900,71626613481570,183,countdown,-4544,1152,-2144,314.486,-218.182,53.4026
190535167202900,71626614481612,184,countdown,-4800,1568,-2176,58.4855,197.818,21.4026
190535168209500,71626615483695,185,countdown,-4448,1504,-2176,410.486,133.818,21.4026
190535169210000,71626616483820,186,countdown,-5216,1280,-2432,-357.514,-90.1818,-234.597
190535170209800,71626617481654,187,countdown,-4736,1152,-1952,122.486,-218.182,245.403
190535171209800,71626618481695,188,countdown,-4640,800,-2400,218.486,-570.182,-202.597
190535172209900,71626619481779,189,countdown,-4960,1472,-2624,-101.514,101.818,-426.597
190535173336800,71626620481779,190,countdown,-5024,1376,-2688,-165.514,5.81818,-490.597
190535174200700,71626621483404,191,countdown,-4736,1440,-2560,122.486,69.8182,-362.597
190535175209500,71626622481695,192,countdown,-5024,1312,-2048,-165.514,-58.1818,149.403
190535176202600,71626623481529,193,countdown,-4608,1312,-2048,250.486,-58.1818,149.403
190535177209600,71626624481737,194,countdown,-4704,1664,-2240,154.486,293.818,-42.5974
190535178203700,71626625481654,195,countdown,-4896,1792,-1984,-37.5145,421.818,213.403
190535179204800,71626626481612,196,countdown,-5408,1376,-2656,-549.514,5.81818,-458.597
190535180207100,71626627481737,197,countdown,-4704,1248,-2336,154.486,-122.182,-138.597
190535181344500,71626628481487,198,countdown,-4544,1088,-2048,314.486,-282.182,149.403
190535182226600,71626629481487,199,countdown,-5056,1184,-2336,-197.514,-186.182,-138.597
190535183221000,71626630482695,200,countdown,-5344,1248,-1696,-485.514,-122.182,501.403
190535184213600,71626631481570,201,countdown,-5312,1536,-2624,-453.514,165.818,-426.597
190535185219600,71626632481779,202,countdown,-4192,1216,-2336,666.486,-154.182,-138.597
190535186210800,71626633481654,203,countdown,-4928,1728,-2176,-69.5145,357.818,21.4026
190535187209900,71626634481779,204,countdown,-4896,1216,-2592,-37.5145,-154.182,-394.597
190535188208100,71626635481612,205,countdown,-4960,1632,-2432,-101.514,261.818,-234.597
190535189209500,71626636481695,206,countdown,-4832,1024,-1920,26.4855,-346.182,277.403
190535190207600,71626637481612,207,countdown,-4352,1728,-2336,506.486,357.818,-138.597
190535191202100,71626638481195,208,countdown,-5184,800,-2112,-325.514,-570.182,85.4026
190535192325200,71626639481654,209,countdown,-4320,1472,-2208,538.486,101.818,-10.5974
190535193200900,71626640482570,210,countdown,-5280,1344,-1600,-421.514,-26.1818,597.403
190535194205400,71626641481445,211,countdown,-4960,1664,-2560,-101.514,293.818,-362.597
190535195205200,71626642481529,212,countdown,-4480,1504,-2432,378.486,133.818,-234.597
190535196200000,71626643482029,213,countdown,-5088,800,-2848,-229.514,-570.182,-650.597
190535197351600,71626644481820,214,countdown,-4352,928,-1792,506.486,-442.182,405.403
190535198207300,71626645481737,215,countdown,-3840,1088,-1344,1018.49,-282.182,853.403
190535199337700,71626646481862,216,countdown,-5280,1440,-2784,-421.514,69.8182,-586.597
190535200203500,71626647481654,217,countdown,-5312,1344,-1792,-453.514,-26.1818,405.403
190535201211700,71626648481779,218,countdown,-4256,960,-1728,602.486,-410.182,469.403
190535202211000,71626649481695,219,countdown,-4992,1568,-2240,-133.514,197.818,-42.5974
190535203211000,71626650481654,220,countdown,-4640,1120,-2656,218.486,-250.182,-458.597
190535204208700,71626651481612,221,countdown,-5504,1120,-2656,-645.514,-250.182,-458.597
190535205211000,71626652481529,222,countdown,-5376,1088,-1920,-517.514,-282.182,277.403
190535206210800,71626653481904,223,countdown,-5600,1856,-2112,-741.514,485.818,85.4026
190535207210900,71626654481612,224,countdown,-5056,832,-2240,-197.514,-538.182,-42.5974
190535208210800,71626655481612,225,countdown,-4896,1248,-2848,-37.5145,-122.182,-650.597
190535209204900,71626656481529,226,countdown,-5056,1888,-3136,-197.514,517.818,-938.597
190535210204600,71626657481362,227,countdown,-4256,1248,-1984,602.486,-122.182,213.403
190535211324700,71626658481820,228,countdown,-5344,1600,-2464,-485.514,229.818,-266.597
190535212215200,71626659481654,229,countdown,-5600,1504,-2048,-741.514,133.818,149.403
190535213229100,71626660481695,230,countdown,-4768,1440,-2400,90.4855,69.8182,-202.597
190535214214500,71626661481695,231,countdown,-5440,1504,-2048,-581.514,133.818,149.403
190535215211100,71626662481695,232,countdown,-4960,1664,-2624,-101.514,293.818,-426.597
190535216208600,71626663483154,233,countdown,-4704,1728,-2880,154.486,357.818,-682.597
190535217206600,71626664482195,234,countdown,-4992,1248,-2304,-133.514,-122.182,-106.597
190535218208400,71626665481612,235,countdown,-4864,1248,-1984,-5.51449,-122.182,213.403
190535219208600,71626666481612,236,countdown,-4768,1568,-2464,90.4855,197.818,-266.597
190535220208200,71626667481445,237,countdown,-4608,1344,-2080,250.486,-26.1818,117.403
190535221335100,71626668482362,238,countdown,-5184,1664,-2944,-325.514,293.818,-746.597
190535222201600,71626669481487,239,countdown,-5280,1216,-2048,-421.514,-154.182,149.403
190535223207100,71626670482195,240,countdown,-5184,1280,-2016,-325.514,-90.1818,181.403
190535224202900,71626671481695,241,countdown,-4320,1216,-2240,538.486,-154.182,-42.5974
190535225204400,71626672481779,242,countdown,-5440,1568,-2432,-581.514,197.818,-234.597
190535226204100,71626673481820,243,countdown,-4960,1184,-1888,-101.514,-186.182,309.403
190535227432800,71626674481654,244,countdown,-5856,960,-1568,-997.514,-410.182,629.403
190535228225200,71626675481487,245,countdown,-4512,1088,-1408,346.486,-282.182,789.403
190535229222600,71626676483195,246,countdown,-4576,1344,-2304,282.486,-26.1818,-106.597
190535230226100,71626677481529,247,countdown,-5088,992,-1440,-229.514,-378.182,757.403
190535231267100,71626678481654,248,countdown,-4224,1088,-1920,634.486,-282.182,277.403
190535232219200,71626679481820,249,countdown,-4960,1568,-2240,-101.514,197.818,-42.5974
190535233353300,71626680483112,250,countdown,-5344,1760,-2496,-485.514,389.818,-298.597
190535234219500,71626681482779,251,countdown,-4192,1120,-1856,666.486,-250.182,341.403
190535235206700,71626682481404,252,countdown,-5536,1952,-2016,-677.514,581.818,181.403
190535236206000,71626683481779,253,countdown,-5504,2016,-2656,-645.514,645.818,-458.597
190535237220300,71626684481695,254,countdown,-4736,1088,-1632,122.486,-282.182,565.403
190535238222700,71626685481487,255,countdown,-5056,1856,-2368,-197.514,485.818,-170.597
190535239219900,71626686481779,0,countdown,-4832,1280,-2464,26.4855,-90.1818,-266.597
190535240212000,71626687481779,1,countdown,-4800,1568,-1824,58.4855,197.818,373.403
190535241203600,71626688481737,2,countdown,-4832,1344,-1792,26.4855,-26.1818,405.403
190535242211900,71626689481654,3,countdown,-4640,2176,-1984,218.486,805.818,213.403
190535243223200,71626690481654,4,countdown,-4864,1248,-2464,-5.51449,-122.182,-266.597
190535244213600,71626691481487,5,countdown,-4320,1440,-3008,538.486,69.8182,-810.597
190535245218800,71626692481570,6,countdown,-4800,1280,-1760,58.4855,-90.1818,437.403
190535246212000,71626693481529,7,countdown,-4320,1344,-2048,538.486,-26.1818,149.403
190535247210000,71626694481487,8,countdown,-4864,1280,-2592,-5.51449,-90.1818,-394.597
190535248204900,71626695481654,9,countdown,-4448,1472,-2240,410.486,101.818,-42.5974
190535249206100,71626696481487,10,countdown,-4896,1248,-2720,-37.5145,-122.182,-522.597
190535250210700,71626697481820,11,countdown,-5056,1280,-2144,-197.514,-90.1818,53.4026
190535251210000,71626698481737,12,countdown,-4640,768,-2400,218.486,-602.182,-202.597
190535252209900,71626699481737,13,countdown,-4544,1248,-2144,314.486,-122.182,53.4026
190535253209900,71626700481779,14,countdown,-4864,832,-2208,-5.51449,-538.182,-10.5974
190535254209700,71626701482820,15,countdown,-5088,1664,-2496,-229.514,293.818,-298.597
190535255207600,71626702481612,16,countdown,-5184,1664,-1728,-325.514,293.818,469.403
190535256205600,71626703481695,17,countdown,-5120,1216,-2304,-261.514,-154.182,-106.597
190535257203500,71626704481570,18,countdown,-4384,1024,-2208,474.486,-346.182,-10.5974
190535258203400,71626705481445,19,countdown,-4992,1280,-2848,-133.514,-90.1818,-650.597
190535259221700,71626706481529,20,countdown,-4576,1184,-2016,282.486,-186.182,181.403
190535260215400,71626707481529,21,countdown,-4608,1184,-2144,250.486,-186.182,53.4026
190535261244800,71626708481529,22,countdown,-4864,1152,-2144,-5.51449,-218.182,53.4026
190535262363400,71626709481487,23,countdown,-5056,1632,-2784,-197.514,261.818,-586.597
190535263332100,71626710484487,24,countdown,-4960,1696,-2464,-101.514,325.818,-266.597
190535264201700,71626711481654,25,countdown,-4000,960,-2304,858.486,-410.182,-106.597
190535265206000,71626712481904,26,countdown,-4736,1056,-2272,122.486,-314.182,-74.5974
190535266208100,71626713482487,27,countdown,-4640,1440,-2400,218.486,69.8182,-202.597
190535267207700,71626714481695,28,countdown,-4448,1120,-1824,410.486,-250.182,373.403
190535268207600,71626715481779,29,countdown,-5152,1344,-1952,-293.514,-26.1818,245.403
190535269206200,71626716481654,30,countdown,-4512,1312,-2304,346.486,-58.1818,-106.597
190535270205500,71626717482737,31,countdown,-4832,1600,-2144,26.4855,229.818,53.4026
190535271207700,71626718481779,32,countdown,-4800,1632,-2368,58.4855,261.818,-170.597
190535272203800,71626719481529,33,countdown,-4832,1344,-2336,26.4855,-26.1818,-138.597
190535273203800,71626720481570,34,countdown,-5600,1408,-2240,-741.514,37.8182,-42.5974
190535274204000,71626721481445,35,countdown,-4608,1440,-2048,250.486,69.8182,149.403
190535275216500,71626722481487,36,countdown,-4928,1248,-2592,-69.5145,-122.182,-394.597
190535276210200,71626723481862,37,countdown,-5024,1728,-2432,-165.514,357.818,-234.597
190535277208900,71626724481737,38,countdown,-5056,928,-1696,-197.514,-442.182,501.403
190535278208100,71626725481695,39,countdown,-5056,1504,-2720,-197.514,133.818,-522.597
190535279207900,71626726481612,40,countdown,-4288,1280,-1376,570.486,-90.1818,821.403
190535280208200,71626727481570,41,countdown,-5024,1280,-2848,-165.514,-90.1818,-650.597
190535281208300,71626728481779,42,countdown,-4768,1344,-2336,90.4855,-26.1818,-138.597
190535282208600,71626729481612,43,countdown,-5056,1536,-2048,-197.514,165.818,149.403
190535283208000,71626730481654,44,countdown,-4768,1088,-2240,90.4855,-282.182,-42.5974
190535284208100,71626731481570,45,countdown,-4864,1856,-2048,-5.51449,485.818,149.403
190535285205800,71626732481612,46,countdown,-4864,1120,-2016,-5.51449,-250.182,181.403
190535286208200,71626733481612,47,countdown,-4416,1376,-1824,442.486,5.81818,373.403
190535287207700,71626734481445,48,countdown,-5280,1280,-2432,-421.514,-90.1818,-234.597
190535288204000,71626735481529,49,countdown,-5216,1856,-2624,-357.514,485.818,-426.597
190535289204100,71626736481654,50,countdown,-4832,1536,-1984,26.4855,165.818,213.403
190535290204000,71626737481612,51,countdown,-4416,1600,-2048,442.486,229.818,149.403
190535291292800,71626738481612,52,countdown,-4896,1504,-2624,-37.5145,133.818,-426.597
190535292382200,71626739482029,53,countdown,-5184,1600,-2560,-325.514,229.818,-362.597
190535293324300,71626740485070,54,countdown,-4896,1216,-2112,-37.5145,-154.182,85.4026
190535294207000,71626741483320,55,countdown,-4832,1280,-1952,26.4855,-90.1818,245.403
190535295208400,71626742481612,56,countdown,-5216,1120,-2144,-357.514,-250.182,53.4026
190535296207900,71626743481612,57,countdown,-5024,960,-2208,-165.514,-410.182,-10.5974
190535297207900,71626744481612,58,countdown,-5280,1536,-2720,-421.514,165.818,-522.597
190535298207800,71626745482195,59,countdown,-4448,1536,-1504,410.486,165.818,693.403
190535299206000,71626746481570,60,countdown,-4960,864,-1952,-101.514,-506.182,245.403
190535300207700,71626747481570,61,countdown,-4704,1888,-2080,154.486,517.818,117.403
190535301205700,71626748481654,62,countdown,-4640,1440,-1760,218.486,69.8182,437.403
190535302207500,71626749481737,63,countdown,-5056,1152,-1984,-197.514,-218.182,213.403
190535303207400,71626750481862,64,countdown,-5088,1152,-2528,-229.514,-218.182,-330.597
190535304330000,71626751481654,65,countdown,-4608,1376,-2048,250.486,5.81818,149.403
190535305198300,71626752482070,66,countdown,-4576,1344,-2048,282.486,-26.1818,149.403
190535306203800,71626753481654,67,countdown,-4512,1472,-1952,346.486,101.818,245.403
190535307200600,71626754482945,68,countdown,-5280,1760,-2144,-421.514,389.818,53.4026
190535308204200,71626755481612,69,countdown,-4416,1152,-2080,442.486,-218.182,117.403
190535309204200,71626756481529,70,countdown,-4512,1056,-1920,346.486,-314.182,277.403
190535310209800,71626757483154,71,countdown,-5216,1504,-1728,-357.514,133.818,469.403
190535311206800,71626758481529,72,countdown,-5440,896,-2304,-581.514,-474.182,-106.597
190535312207000,71626759481237,73,countdown,-4448,1664,-1760,410.486,293.818,437.403
190535313207800,71626760481695,74,countdown,-4704,1664,-2560,154.486,293.818,-362.597
190535314207600,71626761481654,75,countdown,-5440,1536,-2592,-581.514,165.818,-394.597
190535315207700,71626762481737,76,countdown,-4672,1632,-1664,186.486,261.818,533.403
190535316205800,71626763485779,77,countdown,-4928,1024,-1696,-69.5145,-346.182,501.403
190535317207600,71626764483195,78,countdown,-5376,1152,-2752,-517.514,-218.182,-554.597
190535318207700,71626765481779,79,countdown,-4160,1280,-2080,698.486,-90.1818,117.403
190535319411600,71626766482320,80,countdown,-4960,1568,-1472,-101.514,197.818,725.403
190535320202800,71626767481654,81,countdown,-4544,800,-1760,314.486,-570.182,437.403
190535321204200,71626768481654,82,countdown,-4960,896,-2208,-101.514,-474.182,-10.5974
190535322203600,71626769481779,83,countdown,-5024,1376,-2048,-165.514,5.81818,149.403
190535323202300,71626770481612,84,countdown,-5152,1600,-1920,-293.514,229.818,277.403
190535324204200,71626771481529,85,countdown,-5056,1536,-2080,-197.514,165.818,117.403
190535328211900,71626772481487,86,countdown,-4992,1280,-2912,-133.514,-90.1818,-714.597
190535328237800,71626773481487,87,countdown,-4960,1568,-2208,-101.514,197.818,-10.5974
190535328245200,71626774481529,88,countdown,-4896,960,-1504,-37.5145,-410.182,693.403
190535328250900,71626775481820,89,countdown,-5344,1344,-2240,-485.514,-26.1818,-42.5974
190535329199600,71626776481737,90,countdown,-5408,1280,-2240,-549.514,-90.1818,-42.5974
190535330203000,71626777481695,91,countdown,-4672,864,-1600,186.486,-506.182,597.403
190535331201700,71626778481695,92,countdown,-4480,1600,-1824,378.486,229.818,373.403
190535332199800,71626779481779,93,countdown,-4800,1536,-1856,58.4855,165.818,341.403
190535338848000,71626780481695,94,countdown,-4224,1600,-2880,634.486,229.818,-682.597
190535338869000,71626781481612,95,countdown,-5056,1280,-2080,-197.514,-90.1818,117.403
190535338873300,71626782481862,96,countdown,-4736,1184,-2592,122.486,-186.182,-394.597
190535338877200,71626783481529,97,countdown,-4960,1184,-2272,-101.514,-186.182,-74.5974
190535338881000,71626784481570,98,countdown,-4000,1088,-1984,858.486,-282.182,213.403
190535338884800,71626785481570,99,countdown,-4512,1024,-1952,346.486,-346.182,245.403
190535339473300,71626786484404,100,countdown,-4768,1216,-2368,90.4855,-154.182,-170.597
190535340303300,71626787483070,101,countdown,-4928,1376,-2368,-69.5145,5.81818,-170.597
190535341202900,71626788481654,102,countdown,-5216,1600,-1888,-357.514,229.818,309.403
190535342199200,71626789481737,103,countdown,-5280,1376,-2784,-421.514,5.81818,-586.597
190535343197700,71626790492029,104,countdown,-5248,1792,-2560,-389.514,421.818,-362.597
190535344210600,71626791481737,105,countdown,-5440,1440,-2144,-581.514,69.8182,53.4026
190535345204800,71626792482029,106,countdown,-4800,1472,-2368,58.4855,101.818,-170.597
190535346216900,71626793481612,107,countdown,-4384,1472,-1472,474.486,101.818,725.403
190535347203300,71626794481654,108,countdown,-5312,1248,-2624,-453.514,-122.182,-426.597
190535348203600,71626795481570,109,countdown,-4896,1696,-2304,-37.5145,325.818,-106.597
190535349334000,71626796482654,110,countdown,-4544,1152,-1696,314.486,-218.182,501.403
190535350204700,71626797481737,111,countdown,-4992,1504,-2720,-133.514,133.818,-522.597
190535351203200,71626798481695,112,countdown,-5152,1504,-1824,-293.514,133.818,373.403
190535352196300,71626799481570,113,countdown,-5152,1568,-2528,-293.514,197.818,-330.597
190535353200600,71626800481570,114,countdown,-4992,1344,-2080,-133.514,-26.1818,117.403
190535354207400,71626801481654,115,countdown,-4448,1408,-2048,410.486,37.8182,149.403
190535355231900,71626802481779,116,countdown,-4736,1248,-2240,122.486,-122.182,-42.5974
190535356218700,71626803481737,117,countdown,-4448,672,-2080,410.486,-698.182,117.403
190535357206600,71626804481904,118,countdown,-4896,1440,-2624,-37.5145,69.8182,-426.597
190535358203400,71626805481654,119,countdown,-5792,1408,-2528,-933.514,37.8182,-330.597
190535359204200,71626806481820,120,countdown,-4704,896,-2272,154.486,-474.182,-74.5974
190535360203100,71626807481737,121,countdown,-4864,1440,-2560,-5.51449,69.8182,-362.597
190535361203300,71626808481612,122,countdown,-5120,1344,-1984,-261.514,-26.1818,213.403
190535362202800,71626809481612,123,countdown,-5024,1376,-2112,-165.514,5.81818,85.4026
190535363202700,71626810481612,124,countdown,-4544,1216,-2368,314.486,-154.182,-170.597
190535364329100,71626811485112,125,countdown,-4512,1472,-2048,346.486,101.818,149.403
190535365202900,71626812481987,126,countdown,-4352,960,-2304,506.486,-410.182,-106.597
190535366204000,71626813481612,127,countdown,-4512,1504,-1760,346.486,133.818,437.403
190535367201500,71626814481779,128,countdown,-4832,1600,-1824,26.4855,229.818,373.403
190535368199600,71626815481654,129,countdown,-5312,1248,-1888,-453.514,-122.182,309.403
190535369326100,71626816481862,130,countdown,-5184,1504,-2080,-325.514,133.818,117.403
190535370197500,71626817481695,131,countdown,-4896,1536,-2592,-37.5145,165.818,-394.597
190535371207400,71626818481570,132,countdown,-4768,1440,-2304,90.4855,69.8182,-106.597
190535372203700,71626819481737,133,countdown,-4928,1248,-2368,-69.5145,-122.182,-170.597
190535373201000,71626820481570,134,countdown,-4256,1248,-1568,602.486,-122.182,629.403
190535374203000,71626821482154,135,countdown,-4448,992,-2144,410.486,-378.182,53.4026
190535375200700,71626822481612,136,countdown,-5248,1408,-2528,-389.514,37.8182,-330.597
190535376203300,71626823481529,137,countdown,-4768,1568,-2272,90.4855,197.818,-74.5974
190535377202700,71626824481570,138,countdown,-5472,1344,-2432,-613.514,-26.1818,-234.597
190535378220100,71626825481529,139,countdown,-4768,1088,-2208,90.4855,-282.182,-10.5974
190535379200500,71626826481487,140,countdown,-4576,1120,-2336,282.486,-250.182,-138.597
190535380202800,71626827481737,141,countdown,-5248,1568,-2528,-389.514,197.818,-330.597
190535381200200,71626828482737,142,countdown,-5152,1632,-2560,-293.514,261.818,-362.597
190535382201100,71626829481737,143,countdown,-4448,1184,-2336,410.486,-186.182,-138.597
190535383204000,71626830481654,144,countdown,-5312,1696,-2560,-453.514,325.818,-362.597
190535384200700,71626831481987,145,countdown,-4544,1376,-1760,314.486,5.81818,437.403
190535385200000,71626832481654,146,countdown,-4640,1568,-2208,218.486,197.818,-10.5974
190535386198600,71626833481612,147,countdown,-4928,1600,-2272,-69.5145,229.818,-74.5974
190535387215700,71626834481612,148,countdown,-4864,1344,-2208,-5.51449,-26.1818,-10.5974
190535388210000,71626835481570,149,countdown,-4224,1472,-2400,634.486,101.818,-202.597
190535389204600,71626836482570,150,countdown,-4928,1792,-2496,-69.5145,421.818,-298.597
190535390204000,71626837481570,151,countdown,-4320,1216,-1856,538.486,-154.182,341.403
190535391202900,71626838481529,152,countdown,-5024,1472,-2624,-165.514,101.818,-426.597
190535392201300,71626839481445,153,countdown,-4288,1696,-1792,570.486,325.818,405.403
190535393218900,71626840483820,154,countdown,-4832,1344,-2368,26.4855,-26.1818,-170.597
190535394338000,71626841481820,155,countdown,-4672,1568,-1888,186.486,197.818,309.403
190535395203500,71626842482987,156,countdown,-5728,1344,-2080,-869.514,-26.1818,117.403
190535396202200,71626843481862,157,countdown,-4864,1152,-2400,-5.51449,-218.182,-202.597
190535397199400,71626844481737,158,countdown,-4512,1280,-2112,346.486,-90.1818,85.4026
190535398199800,71626845483570,159,countdown,-4544,1120,-2048,314.486,-250.182,149.403
190535399328100,71626846482945,160,countdown,-5152,1472,-2272,-293.514,101.818,-74.5974
190535400201900,71626847481612,161,countdown,-5088,1152,-1888,-229.514,-218.182,309.403
190535401201600,71626848481695,162,countdown,-4896,1696,-1888,-37.5145,325.818,309.403
190535402205500,71626849481612,163,countdown,-4544,864,-1888,314.486,-506.182,309.403
190535403210800,71626850481570,164,countdown,-4352,1472,-2112,506.486,101.818,85.4026
190535404410100,71626851481570,165,countdown,-4992,1248,-2496,-133.514,-122.182,-298.597
190535405230300,71626852482904,166,countdown,-4736,1312,-2560,122.486,-58.1818,-362.597
190535406209100,71626853481279,167,countdown,-4448,1280,-2240,410.486,-90.1818,-42.5974
190535407206100,71626854481779,168,countdown,-4992,1408,-2176,-133.514,37.8182,21.4026
190535408201000,71626855481570,169,countdown,-4544,1248,-2016,314.486,-122.182,181.403
190535409203300,71626856481695,170,countdown,-4768,1376,-1504,90.4855,5.81818,693.403
190535410201600,71626857481612,171,countdown,-5344,1184,-2816,-485.514,-186.182,-618.597
190535411201900,71626858484029,172,countdown,-4704,1472,-1344,154.486,101.818,853.403
190535412201800,71626859481570,173,countdown,-4896,1280,-2496,-37.5145,-90.1818,-298.597
190535413202200,71626860481612,174,countdown,-4992,1344,-2720,-133.514,-26.1818,-522.597
190535414202900,71626861484612,175,countdown,-5056,1024,-1824,-197.514,-346.182,373.403
190535415201600,71626862481362,176,countdown,-4672,832,-2016,186.486,-538.182,181.403
190535416199400,71626863481570,177,countdown,-4736,1056,-2368,122.486,-314.182,-170.597
190535417199000,71626864481529,178,countdown,-4448,864,-1920,410.486,-506.182,277.403
190535418198300,71626865481820,179,countdown,-4672,1344,-1920,186.486,-26.1818,277.403
190535419203900,71626866481779,180,countdown,-4736,1344,-1984,122.486,-26.1818,213.403
190535420215600,71626867481612,181,countdown,-4576,960,-1696,282.486,-410.182,501.403
190535421205900,71626868481612,182,countdown,-4960,1216,-2240,-101.514,-154.182,-42.5974
190535422330000,71626869481529,183,countdown,-4640,1824,-2080,218.486,453.818,117.403
190535423203800,71626870482570,184,countdown,-4448,960,-1696,410.486,-410.182,501.403
190535424204200,71626871481737,185,countdown,-5024,1728,-2208,-165.514,357.818,-10.5974
190535425203300,71626872481529,186,countdown,-4192,1248,-2080,666.486,-122.182,117.403
190535426203100,71626873481570,187,countdown,-5248,1824,-2208,-389.514,453.818,-10.5974
190535427202900,71626874482862,188,countdown,-4768,928,-1568,90.4855,-442.182,629.403
190535428203100,71626875481529,189,countdown,-4576,1408,-1952,282.486,37.8182,245.403
190535429204600,71626876481529,190,countdown,-5312,1408,-2656,-453.514,37.8182,-458.597
190535430200400,71626877481529,191,countdown,-5024,864,-2048,-165.514,-506.182,149.403
190535431202900,71626878481445,192,countdown,-4288,1152,-2048,570.486,-218.182,149.403
190535432200000,71626879481737,193,countdown,-5216,1408,-1920,-357.514,37.8182,277.403
190535433227500,71626880481695,194,countdown,-5248,1696,-1952,-389.514,325.818,245.403
190535434201400,71626881481779,195,countdown,-4640,1312,-1760,218.486,-58.1818,437.403
190535435223000,71626882481612,196,countdown,-4704,1216,-1536,154.486,-154.182,661.403
190535436213100,71626883481654,197,countdown,-4928,1376,-2272,-69.5145,5.81818,-74.5974
190535437205800,71626884481529,198,countdown,-4736,1312,-1664,122.486,-58.1818,533.403
190535438203900,71626885481612,199,countdown,-4736,1408,-2208,122.486,37.8182,-10.5974
190535439203600,71626886481654,200,countdown,-4704,1472,-1696,154.486,101.818,501.403
190535440203300,71626887482070,201,countdown,-4800,1216,-2656,58.4855,-154.182,-458.597
190535441203500,71626888482112,202,countdown,-4928,1632,-2624,-69.5145,261.818,-426.597
190535442201300,71626889481487,203,countdown,-4352,1184,-1952,506.486,-186.182,245.403
190535443201100,71626890483487,204,countdown,-4640,1824,-2304,218.486,453.818,-106.597
190535444202500,71626891481529,205,countdown,-5088,1248,-2048,-229.514,-122.182,149.403
190535445202700,71626892481945,206,countdown,-4800,960,-1888,58.4855,-410.182,309.403
190535446202900,71626893482487,207,countdown,-4896,1152,-2304,-37.5145,-218.182,-106.597
190535447203700,71626894481654,208,countdown,-4832,1152,-2464,26.4855,-218.182,-266.597
190535448200100,71626895481737,209,countdown,-4128,1440,-2496,730.486,69.8182,-298.597
190535449199500,71626896481654,210,countdown,-4704,1504,-1920,154.486,133.818,277.403
190535450200000,71626897481404,211,countdown,-4992,1184,-1760,-133.514,-186.182,437.403
190535451218000,71626898483112,212,countdown,-5248,1440,-2624,-389.514,69.8182,-426.597
190535452202200,71626899482154,213,countdown,-4864,1472,-2528,-5.51449,101.818,-330.597
190535453199700,71626900481529,214,countdown,-4576,1472,-2368,282.486,101.818,-170.597
190535454199300,71626901481487,215,countdown,-4576,1664,-2368,282.486,293.818,-170.597
190535455199300,71626902481070,216,countdown,-4736,1568,-2208,122.486,197.818,-10.5974
190535456198600,71626903481612,217,countdown,-4832,1344,-1824,26.4855,-26.1818,373.403
190535457199500,71626904481695,218,countdown,-4544,1376,-1696,314.486,5.81818,501.403
190535458200500,71626905481779,219,countdown,-5248,992,-1888,-389.514,-378.182,309.403
190535459200500,71626906481737,220,countdown,-5216,1888,-2560,-357.514,517.818,-362.597
190535460199700,71626907481779,221,countdown,-4896,1408,-2336,-37.5145,37.8182,-138.597
190535461200500,71626908481820,222,countdown,-4704,1376,-1952,154.486,5.81818,245.403
190535462201200,71626909481612,223,countdown,-4640,1184,-1984,218.486,-186.182,213.403
190535463202600,71626910481737,224,countdown,-4416,1440,-2400,442.486,69.8182,-202.597
190535464331400,71626911482070,225,countdown,-4832,1664,-2144,26.4855,293.818,53.4026
190535465200200,71626912482820,226,countdown,-4384,1472,-1920,474.486,101.818,277.403
190535466208200,71626913481654,227,countdown,-5056,1472,-2400,-197.514,101.818,-202.597
190535467218900,71626914481529,228,countdown,-4736,1376,-2112,122.486,5.81818,85.4026
190535468219600,71626915481612,229,countdown,-4224,1408,-2720,634.486,37.8182,-522.597
190535469207900,71626916481737,230,countdown,-4384,960,-1792,474.486,-410.182,405.403
190535470206100,71626917481570,231,countdown,-5440,1728,-1952,-581.514,357.818,245.403
190535471204800,71626918481779,232,countdown,-4672,1504,-2176,186.486,133.818,21.4026
190535472204400,71626919481612,233,countdown,-5248,1568,-2368,-389.514,197.818,-170.597
190535473204000,71626920481737,234,countdown,-4928,1248,-1984,-69.5145,-122.182,213.403
190535474205000,71626921481695,235,countdown,-5088,1312,-2496,-229.514,-58.1818,-298.597
190535475203300,71626922481612,236,countdown,-4992,1312,-1984,-133.514,-58.1818,213.403
190535476205100,71626923481695,237,countdown,-4800,1536,-1920,58.4855,165.818,277.403
190535477203300,71626924481529,238,countdown,-4288,1568,-1920,570.486,197.818,277.403
190535478200400,71626925481529,239,countdown,-5408,1344,-2336,-549.514,-26.1818,-138.597
190535479201900,71626926481570,240,countdown,-4768,1120,-2400,90.4855,-250.182,-202.597
190535480196400,71626927481529,241,countdown,-4608,1280,-1792,250.486,-90.1818,405.403
190535481198600,71626928481487,242,countdown,-4800,1472,-1888,58.4855,101.818,309.403
190535482208000,71626929481445,243,countdown,-4640,1280,-2336,218.486,-90.1818,-138.597
190535483222500,71626930481529,244,countdown,-5120,1120,-1984,-261.514,-250.182,213.403
190535484225100,71626931482320,245,countdown,-5152,1504,-2176,-293.514,133.818,21.4026
190535485225000,71626932481737,246,countdown,-4896,1696,-2528,-37.5145,325.818,-330.597
190535486218800,71626933481654,247,countdown,-4960,960,-2240,-101.514,-410.182,-42.5974
190535487209900,71626934481529,248,countdown,-4960,1344,-2432,-101.514,-26.1818,-234.597
190535488224000,71626935481570,249,countdown,-4320,928,-1664,538.486,-442.182,533.403
190535489203200,71626936481529,250,countdown,-4576,1184,-2464,282.486,-186.182,-266.597
190535490200800,71626937482112,251,countdown,-4576,1248,-2144,282.486,-122.182,53.4026
190535491201900,71626938481654,252,countdown,-5184,1536,-2720,-325.514,165.818,-522.597
190535492213000,71626939481570,253,countdown,-4448,1248,-1888,410.486,-122.182,309.403
190535493220900,71626940481654,254,countdown,-4672,1312,-2336,186.486,-58.1818,-138.597
190535494203400,71626941481570,255,countdown,-4480,1376,-2240,378.486,5.81818,-42.5974
190535495203400,71626942481154,0,countdown,-4288,1152,-2848,570.486,-218.182,-650.597
190535496204800,71626943481529,1,countdown,-4416,1536,-2112,442.486,165.818,85.4026
190535497204300,71626944481612,2,countdown,-4736,1120,-1856,122.486,-250.182,341.403
190535498211900,71626945481862,3,countdown,-5280,1184,-2496,-421.514,-186.182,-298.597
190535499225300,71626946481570,4,countdown,-5728,1504,-2656,-869.514,133.818,-458.597
190535500209200,71626947482654,5,countdown,-4320,1184,-2112,538.486,-186.182,85.4026
190535501207400,71626948481695,6,countdown,-4544,928,-1888,314.486,-442.182,309.403
190535502207100,71626949481529,7,countdown,-5056,1568,-2848,-197.514,197.818,-650.597
190535503205900,71626950481654,8,countdown,-4576,1056,-2368,282.486,-314.182,-170.597
190535504205400,71626951481612,9,countdown,-5440,1760,-2144,-581.514,389.818,53.4026
190535505204700,71626952481487,10,countdown,-5184,1664,-2336,-325.514,293.818,-138.597
190535506202800,71626953481529,11,countdown,-4640,1440,-1856,218.486,69.8182,341.403
190535507200600,71626954481404,12,countdown,-4736,992,-1792,122.486,-378.182,405.403
190535508201200,71626955481529,13,countdown,-5056,1632,-2048,-197.514,261.818,149.403
190535509201300,71626956481404,14,countdown,-4928,1504,-2720,-69.5145,133.818,-522.597
190535510201400,71626957482945,15,countdown,-5440,1056,-2432,-581.514,-314.182,-234.597
190535511197600,71626958481654,16,countdown,-4480,1024,-1920,378.486,-346.182,277.403
190535512198000,71626959481529,17,countdown,-5280,1504,-2368,-421.514,133.818,-170.597
190535513198500,71626960483237,18,countdown,-4704,1632,-2432,154.486,261.818,-234.597
190535514205000,71626961481654,19,countdown,-5152,1568,-2336,-293.514,197.818,-138.597
190535515215800,71626962481612,20,countdown,-4864,1216,-2400,-5.51449,-154.182,-202.597
190535516205600,71626963482154,21,countdown,-4384,1536,-2176,474.486,165.818,21.4026
190535517204800,71626964481362,22,countdown,-5184,1472,-1888,-325.514,101.818,309.403
190535518203400,71626965481695,23,countdown,-4800,1152,-2464,58.4855,-218.182,-266.597
190535519203300,71626966481529,24,countdown,-5056,1504,-2208,-197.514,133.818,-10.5974
190535520202700,71626967482570,25,countdown,-5216,1248,-2368,-357.514,-122.182,-170.597
190535521202200,71626968481362,26,countdown,-4160,1472,-2336,698.486,101.818,-138.597
190535522201900,71626969481445,27,countdown,-4736,1536,-2112,122.486,165.818,85.4026
190535523203600,71626970483279,28,countdown,-4352,1408,-2400,506.486,37.8182,-202.597
190535524203200,71626971481779,29,countdown,-4960,1344,-2432,-101.514,-26.1818,-234.597
190535525204000,71626972481695,30,countdown,-4384,928,-2592,474.486,-442.182,-394.597
190535526202900,71626973481570,31,countdown,-5376,1504,-2304,-517.514,133.818,-106.597
190535527199600,71626974483654,32,countdown,-4672,1440,-2272,186.486,69.8182,-74.5974
190535528200100,71626975481862,33,countdown,-4768,1472,-2560,90.4855,101.818,-362.597
190535529200100,71626976481529,34,countdown,-4352,1472,-1984,506.486,101.818,213.403
190535530221400,71626977481570,35,countdown,-4736,1184,-1632,122.486,-186.182,565.403
190535531240800,71626978481529,36,countdown,-4832,1760,-2272,26.4855,389.818,-74.5974
190535532227000,71626979481945,37,countdown,-4160,1248,-1472,698.486,-122.182,725.403
190535533231300,71626980482445,38,countdown,-5504,1184,-2624,-645.514,-186.182,-426.597
190535534229600,71626981481987,39,countdown,-4800,1344,-1728,58.4855,-26.1818,469.403
190535535234600,71626982481445,40,countdown,-4800,1696,-2560,58.4855,325.818,-362.597
190535536232700,71626983481362,41,countdown,-4704,1536,-2080,154.486,165.818,117.403
190535537227200,71626984481362,42,countdown,-4928,1664,-2496,-69.5145,293.818,-298.597
190535538226100,71626985481779,43,countdown,-4480,1312,-2112,378.486,-58.1818,85.4026
190535539228800,71626986481612,44,countdown,-4800,1696,-2336,58.4855,325.818,-138.597
190535540223700,71626987481654,45,countdown,-5184,1152,-2560,-325.514,-218.182,-362.597
190535541247300,71626988481487,46,countdown,-4480,1376,-1472,378.486,5.81818,725.403
190535542215900,71626989482320,47,countdown,-4608,1120,-2592,250.486,-250.182,-394.597
190535543217500,71626990481779,48,countdown,-4992,1088,-2400,-133.514,-282.182,-202.597
190535544217400,71626991481570,49,countdown,-4352,1248,-1664,506.486,-122.182,533.403
190535545202200,71626992481570,50,countdown,-5280,1888,-2432,-421.514,517.818,-234.597
190535546218600,71626993483070,51,countdown,-5024,1312,-2048,-165.514,-58.1818,149.403
190535547199900,71626994481487,52,countdown,-4480,1600,-2176,378.486,229.818,21.4026
190535548193200,71626995481570,53,countdown,-4576,1120,-1824,282.486,-250.182,373.403
190535549193100,71626996481570,54,countdown,-4672,1280,-2048,186.486,-90.1818,149.403
190535550198300,71626997481862,55,countdown,-4704,1152,-2752,154.486,-218.182,-554.597
190535551204000,71626998481695,56,countdown,-4512,1664,-2144,346.486,293.818,53.4026
190535552232400,71626999483279,57,countdown,-4544,1696,-1600,314.486,325.818,597.403
190535553222300,71627000482987,58,countdown,-5152,1664,-2784,-293.514,293.818,-586.597
190535554219400,71627001481612,59,countdown,-4768,960,-2304,90.4855,-410.182,-106.597
190535555204200,71627002482779,60,countdown,-5024,1376,-2560,-165.514,5.81818,-362.597
190535556217100,71627003481570,61,countdown,-4896,1344,-2016,-37.5145,-26.1818,181.403
190535557204200,71627004481779,62,countdown,-4864,704,-2496,-5.51449,-666.182,-298.597
190535558247100,71627005483029,63,countdown,-4544,1440,-2176,314.486,69.8182,21.4026
190535559229900,71627006482695,64,countdown,-4544,1600,-2368,314.486,229.818,-170.597
190535560227300,71627007481487,65,countdown,-4992,1536,-3552,-133.514,165.818,-1354.6
190535561250500,71627008481404,66,countdown,-4352,1376,-2016,506.486,5.81818,181.403
190535562238300,71627009481529,67,countdown,-5024,1120,-2592,-165.514,-250.182,-394.597
190535563214800,71627010483320,68,countdown,-4224,1440,-1952,634.486,69.8182,245.403
190535564220100,71627011483237,69,countdown,-4512,1472,-1984,346.486,101.818,213.403
190535565231700,71627012483654,70,countdown,-5376,1728,-2624,-517.514,357.818,-426.597
190535566210800,71627013481570,71,countdown,-4608,1216,-2752,250.486,-154.182,-554.597
190535567216500,71627014481737,72,countdown,-5056,960,-2016,-197.514,-410.182,181.403
190535568240100,71627015481487,73,countdown,-5312,1728,-2752,-453.514,357.818,-554.597
190535569222400,71627016481362,74,countdown,-4704,1376,-1760,154.486,5.81818,437.403
190535570220800,71627017481570,75,countdown,-3968,1568,-1952,890.486,197.818,245.403
190535571217100,71627018481529,76,countdown,-4544,1184,-2048,314.486,-186.182,149.403
190535572238200,71627019481570,77,countdown,-4928,1376,-2176,-69.5145,5.81818,21.4026
190535573215100,71627020482612,78,countdown,-4992,1888,-2400,-133.514,517.818,-202.597
190535574229100,71627021481445,79,countdown,-5280,1184,-2400,-421.514,-186.182,-202.597
190535575224700,71627022481487,80,countdown,-4448,1376,-2272,410.486,5.81818,-74.5974
190535576225000,71627023482195,81,countdown,-4608,1568,-2144,250.486,197.818,53.4026
190535577211800,71627024481695,82,countdown,-4832,1440,-2432,26.4855,69.8182,-234.597
190535578214200,71627025481570,83,countdown,-4704,1472,-3072,154.486,101.818,-874.597
190535579220700,71627026481612,84,countdown,-5120,1184,-2560,-261.514,-186.182,-362.597
190535580202600,71627027481529,85,countdown,-4608,1568,-2304,250.486,197.818,-106.597
190535581296300,71627028481529,86,countdown,-4320,1280,-1920,538.486,-90.1818,277.403
190535582294000,71627029481487,87,countdown,-4928,1216,-2432,-69.5145,-154.182,-234.597
190535583215700,71627030481570,88,countdown,-4928,1376,-2432,-69.5145,5.81818,-234.597
190535584217500,71627031481612,89,countdown,-4832,1120,-2464,26.4855,-250.182,-266.597
190535585213400,71627032481445,90,countdown,-4896,1216,-2560,-37.5145,-154.182,-362.597
190535586209200,71627033481445,91,countdown,-4800,1664,-2336,58.4855,293.818,-138.597
190535587207100,71627034481445,92,countdown,-4544,1056,-2048,314.486,-314.182,149.403
190535588220700,71627035481487,93,countdown,-5024,992,-2208,-165.514,-378.182,-10.5974
190535589211200,71627036482362,94,countdown,-5120,1504,-2016,-261.514,133.818,181.403
190535590216800,71627037481612,95,countdown,-4768,928,-1792,90.4855,-442.182,405.403
190535591202400,71627038482279,96,countdown,-4576,1248,-2560,282.486,-122.182,-362.597
190535592201200,71627039481737,97,countdown,-4768,1120,-1952,90.4855,-250.182,245.403
190535593401600,71627040481570,98,countdown,-4896,1568,-1728,-37.5145,197.818,469.403
190535594336000,71627041483779,99,countdown,-4640,1248,-1728,218.486,-122.182,469.403
190535595202700,71627042481570,100,countdown,-4672,1024,-2944,186.486,-346.182,-746.597
190535596199900,71627043481654,101,countdown,-4256,1408,-2048,602.486,37.8182,149.403
190535597199900,71627044481612,102,countdown,-5088,1088,-2048,-229.514,-282.182,149.403
190535598199400,71627045481404,103,countdown,-4928,1056,-1984,-69.5145,-314.182,213.403
190535599200300,71627046482362,104,countdown,-5312,832,-2176,-453.514,-538.182,21.4026
190535600198800,71627047481445,105,countdown,-4992,1024,-2464,-133.514,-346.182,-266.597
190535601199300,71627048482445,106,countdown,-5216,1408,-2432,-357.514,37.8182,-234.597
190535602197300,71627049481654,107,countdown,-4960,1472,-2176,-101.514,101.818,21.4026
190535603316700,71627050481695,108,countdown,-5344,1024,-2656,-485.514,-346.182,-458.597
190535604203200,71627051482362,109,countdown,-4992,1440,-2080,-133.514,69.8182,117.403
190535605199400,71627052481570,110,countdown,-4896,1248,-2688,-37.5145,-122.182,-490.597
190535606199400,71627053483070,111,countdown,-5024,1408,-1888,-165.514,37.8182,309.403
190535607198900,71627054481570,112,countdown,-5312,1536,-2016,-453.514,165.818,181.403
190535608199000,71627055481529,113,countdown,-5088,1536,-2400,-229.514,165.818,-202.597
190535609221900,71627056481445,114,countdown,-4448,1472,-1952,410.486,101.818,245.403
190535610208200,71627057481404,115,countdown,-4992,1600,-2816,-133.514,229.818,-618.597
190535611204400,71627058481570,116,countdown,-4736,1312,-2080,122.486,-58.1818,117.403
190535612203900,71627059481404,117,countdown,-4864,1504,-1696,-5.51449,133.818,501.403
190535613202000,71627060482070,118,countdown,-4672,1984,-2400,186.486,613.818,-202.597
190535614267700,71627061481404,119,countdown,-5120,1600,-3008,-261.514,229.818,-810.597
190535615261100,71627062481654,120,countdown,-4864,1376,-1824,-5.51449,5.81818,373.403
190535616270600,71627063482362,121,countdown,-5024,1408,-3008,-165.514,37.8182,-810.597
190535617207700,71627064481612,122,countdown,-4096,1664,-1696,762.486,293.818,501.403
190535618292900,71627065481612,123,countdown,-4672,1632,-2144,186.486,261.818,53.4026
190535619281400,71627066481779,124,countdown,-5024,1152,-2272,-165.514,-218.182,-74.5974
190535620203600,71627067481529,125,countdown,-4960,1440,-2080,-101.514,69.8182,117.403
190535621194600,71627068481570,126,countdown,-4608,1472,-2016,250.486,101.818,181.403
190535622194900,71627069481696,127,countdown,-4864,1536,-1792,-5.51449,165.818,405.403
190535623321300,71627070481779,128,countdown,-5440,1664,-2144,-581.514,293.818,53.4026
190535624195800,71627071481529,129,countdown,-5056,1504,-2144,-197.514,133.818,53.4026
190535625230400,71627072481404,130,countdown,-5024,1472,-2816,-165.514,101.818,-618.597
190535626217600,71627073481529,131,countdown,-4512,1408,-1888,346.486,37.8182,309.403
190535627239200,71627074481446,132,countdown,-4608,1440,-2624,250.486,69.8182,-426.597
190535628222300,71627075481821,133,countdown,-5248,1152,-2048,-389.514,-218.182,149.403
190535629270500,71627076483779,134,countdown,-4512,1248,-1536,346.486,-122.182,661.403
190535630215100,71627077481529,135,countdown,-4672,1376,-1920,186.486,5.81818,277.403
190535631212300,71627078482404,136,countdown,-4800,800,-2240,58.4855,-570.182,-42.5974
190535632211000,71627079481446,137,countdown,-4736,992,-2080,122.486,-378.182,117.403
190535633212400,71627080484196,138,countdown,-5120,1280,-1920,-261.514,-90.1818,277.403
190535634207100,71627081482612,139,countdown,-5088,1600,-2272,-229.514,229.818,-74.5974
190535635233100,71627082481446,140,countdown,-4768,992,-2080,90.4855,-378.182,117.403
190535636211800,71627083481654,141,countdown,-4576,1312,-2176,282.486,-58.1818,21.4026
190535637213900,71627084481446,142,countdown,-4320,1376,-2272,538.486,5.81818,-74.5974
190535638201500,71627085481237,143,countdown,-5344,1568,-2144,-485.514,197.818,53.4026
190535639200400,71627086481571,144,countdown,-5120,1376,-2560,-261.514,5.81818,-362.597
190535640198600,71627087481487,145,countdown,-4768,1376,-2176,90.4855,5.81818,21.4026
190535641277300,71627088481862,146,countdown,-5504,1664,-2016,-645.514,293.818,181.403
190535642327300,71627089481654,147,countdown,-5088,704,-2016,-229.514,-666.182,181.403
190535643338100,71627090481612,148,countdown,-4896,1056,-1952,-37.5145,-314.182,245.403
190535644272800,71627091481654,149,countdown,-4608,1536,-2208,250.486,165.818,-10.5974
190535645226900,71627092481446,150,countdown,-5568,1088,-2432,-709.514,-282.182,-234.597
190535646381200,71627093482529,151,countdown,-4384,1440,-1984,474.486,69.8182,213.403
190535647315800,71627094481487,152,countdown,-4576,1216,-2304,282.486,-154.182,-106.597
190535648367700,71627095481987,153,countdown,-4896,1376,-2528,-37.5145,5.81818,-330.597
190535649335300,71627096481446,154,countdown,-5184,1376,-2624,-325.514,5.81818,-426.597
190535650206200,71627097481571,155,countdown,-5120,1120,-2048,-261.514,-250.182,149.403
190535651208200,71627098481571,156,countdown,-4992,1568,-2688,-133.514,197.818,-490.597
190535652207500,71627099481529,157,countdown,-5216,1568,-2304,-357.514,197.818,-106.597
190535653205300,71627100483571,158,countdown,-5536,2016,-1952,-677.514,645.818,245.403
190535654204400,71627101481737,159,countdown,-4992,1408,-2080,-133.514,37.8182,117.403
190535655202300,71627102485071,160,countdown,-4736,896,-1984,122.486,-474.182,213.403
190535656202100,71627103481737,161,countdown,-4768,1248,-1632,90.4855,-122.182,565.403
190535657212500,71627104481571,162,countdown,-5568,1472,-2880,-709.514,101.818,-682.597
190535658205300,71627105484487,163,countdown,-4768,1344,-2912,90.4855,-26.1818,-714.597
190535659203600,71627106481487,164,countdown,-4896,1248,-2080,-37.5145,-122.182,117.403
190535660203000,71627107481487,165,countdown,-4416,544,-1600,442.486,-826.182,597.403
190535661201600,71627108481612,166,countdown,-5152,1568,-2592,-293.514,197.818,-394.597
190535662202800,71627109481612,167,countdown,-5120,1312,-2112,-261.514,-58.1818,85.4026
190535663204100,71627110481612,168,countdown,-5376,1408,-2624,-517.514,37.8182,-426.597
190535664204600,71627111482946,169,countdown,-4480,1408,-1568,378.486,37.8182,629.403
190535665331100,71627112483862,170,countdown,-4864,1376,-2112,-5.51449,5.81818,85.4026
190535666201200,71627113481529,171,countdown,-4960,1632,-2368,-101.514,261.818,-170.597
190535667201800,71627114481404,172,countdown,-4960,1408,-2112,-101.514,37.8182,85.4026
190535668220600,71627115481612,173,countdown,-5024,1216,-2080,-165.514,-154.182,117.403
190535669216600,71627116482946,174,countdown,-4832,1280,-2208,26.4855,-90.1818,-10.5974
190535670212600,71627117481612,175,countdown,-4416,1312,-2432,442.486,-58.1818,-234.597
190535671213700,71627118481612,176,countdown,-5216,1728,-2048,-357.514,357.818,149.403
190535672228800,71627119481612,177,countdown,-4224,1344,-1696,634.486,-26.1818,501.403
190535673230400,71627120482362,178,countdown,-5376,1376,-2720,-517.514,5.81818,-522.597
190535674220200,71627121481654,179,countdown,-5344,1664,-2496,-485.514,293.818,-298.597
190535675213300,71627122481779,180,countdown,-4896,1632,-2304,-37.5145,261.818,-106.597
190535676211900,71627123481612,181,countdown,-4832,1760,-2240,26.4855,389.818,-42.5974
190535677210000,71627124481987,182,countdown,-4992,1280,-1888,-133.514,-90.1818,309.403
190535678212100,71627125482987,183,countdown,-4704,1312,-2912,154.486,-58.1818,-714.597
190535679251900,71627126482571,184,countdown,-5248,1408,-2720,-389.514,37.8182,-522.597
190535680224800,71627127482571,185,countdown,-5184,1536,-2112,-325.514,165.818,85.4026
190535681215600,71627128481779,186,countdown,-4352,1088,-1728,506.486,-282.182,469.403
190535682208700,71627129481779,187,countdown,-5184,1408,-1984,-325.514,37.8182,213.403
190535683213100,71627130482362,188,countdown,-4864,1216,-1888,-5.51449,-154.182,309.403
190535684210700,71627131481612,189,countdown,-5184,1600,-2528,-325.514,229.818,-330.597
190535685223400,71627132481529,190,countdown,-4544,1664,-2784,314.486,293.818,-586.597
190535686219100,71627133481737,191,countdown,-4640,1440,-2176,218.486,69.8182,21.4026
190535687213900,71627134481571,192,countdown,-4864,1408,-2496,-5.51449,37.8182,-298.597
190535688226200,71627135482904,193,countdown,-5152,1248,-2528,-293.514,-122.182,-330.597
190535689224500,71627136481446,194,countdown,-4672,1344,-2624,186.486,-26.1818,-426.597
190535690216100,71627137481446,195,countdown,-4608,1024,-1792,250.486,-346.182,405.403
190535691220300,71627138481571,196,countdown,-5248,1280,-2304,-389.514,-90.1818,-106.597
190535692212800,71627139481404,197,countdown,-4416,1312,-2240,442.486,-58.1818,-42.5974
190535693209100,71627140481404,198,countdown,-5152,1344,-2336,-293.514,-26.1818,-138.597
190535694212100,71627141481654,199,countdown,-4832,1760,-2720,26.4855,389.818,-522.597
190535695228300,71627142481654,200,countdown,-4640,1248,-2656,218.486,-122.182,-458.597
190535696218600,71627143481737,201,countdown,-5472,1664,-2016,-613.514,293.818,181.403
190535697208300,71627144481571,202,countdown,-5248,1408,-1888,-389.514,37.8182,309.403
190535698207700,71627145481571,203,countdown,-4896,1184,-2720,-37.5145,-186.182,-522.597
190535699209200,71627146481487,204,countdown,-4992,1376,-2240,-133.514,5.81818,-42.5974
190535700208000,71627147484071,205,countdown,-5248,1472,-2368,-389.514,101.818,-170.597
190535701209500,71627148483029,206,countdown,-5152,1536,-2400,-293.514,165.818,-202.597
190535702215000,71627149481446,207,countdown,-4768,1664,-2464,90.4855,293.818,-266.597
190535703238900,71627150481696,208,countdown,-4864,1696,-2496,-5.51449,325.818,-298.597
190535704298000,71627151481571,209,countdown,-4992,1568,-2208,-133.514,197.818,-10.5974
190535705315400,71627152481571,210,countdown,-4736,1024,-2208,122.486,-346.182,-10.5974
190535706283500,71627153483154,211,countdown,-5152,1248,-2144,-293.514,-122.182,53.4026
190535707277500,71627154481571,212,countdown,-5120,1376,-2880,-261.514,5.81818,-682.597
190535708306700,71627155481696,213,countdown,-5152,1344,-2080,-293.514,-26.1818,117.403
190535709304700,71627156481571,214,countdown,-5280,1536,-2112,-421.514,165.818,85.4026
190535710317700,71627157481654,215,countdown,-4864,1504,-2432,-5.51449,133.818,-234.597
190535711305700,71627158481529,216,countdown,-4288,1280,-2272,570.486,-90.1818,-74.5974
190535712314500,71627159483321,217,countdown,-5152,1440,-1856,-293.514,69.8182,341.403
190535713314400,71627160482237,218,countdown,-4736,1632,-2400,122.486,261.818,-202.597
190535714324000,71627161481487,219,countdown,-4960,1600,-2528,-101.514,229.818,-330.597
190535715324600,71627162481529,220,countdown,-4896,1472,-2592,-37.5145,101.818,-394.597
190535716353800,71627163481404,221,countdown,-5312,1024,-2144,-453.514,-346.182,53.4026
190535717297900,71627164481446,222,countdown,-4512,1280,-1952,346.486,-90.1818,245.403
190535718305800,71627165481446,223,countdown,-4768,1024,-1920,90.4855,-346.182,277.403
190535719207000,71627166481487,224,countdown,-4992,1760,-2592,-133.514,389.818,-394.597
190535720337500,71627167481737,225,countdown,-5056,1056,-2080,-197.514,-314.182,117.403
190535721360000,71627168481612,226,countdown,-4704,1152,-2112,154.486,-218.182,85.4026
190535722301500,71627169481654,227,countdown,-4608,1248,-2304,250.486,-122.182,-106.597
190535723318200,71627170482446,228,countdown,-5248,1504,-2240,-389.514,133.818,-42.5974
190535724223100,71627171481612,229,countdown,-4960,1472,-2112,-101.514,101.818,85.4026
190535725221400,71627172483112,230,countdown,-4960,1312,-2208,-101.514,-58.1818,-10.5974
190535726229900,71627173481612,231,countdown,-4992,1120,-2016,-133.514,-250.182,181.403
190535727216200,71627174481529,232,countdown,-4896,1216,-2080,-37.5145,-154.182,117.403
190535728211000,71627175481529,233,countdown,-5632,1952,-2304,-773.514,581.818,-106.597
190535729210900,71627176482821,234,countdown,-4928,864,-2464,-69.5145,-506.182,-266.597
190535730278700,71627177483112,235,countdown,-5248,1600,-2752,-389.514,229.818,-554.597
190535731299900,71627178481362,236,countdown,-4832,1024,-1824,26.4855,-346.182,373.403
190535732305400,71627179481487,237,countdown,-4864,1312,-2688,-5.51449,-58.1818,-490.597
190535733311300,71627180481487,238,countdown,-5312,1120,-2592,-453.514,-250.182,-394.597
190535734310000,71627181481696,239,countdown,-4768,1568,-2304,90.4855,197.818,-106.597
190535735222300,71627182481779,240,countdown,-4672,1728,-1728,186.486,357.818,469.403
190535736294300,71627183482071,241,countdown,-5216,1472,-2144,-357.514,101.818,53.4026
190535737321800,71627184481612,242,countdown,-5312,1216,-1952,-453.514,-154.182,245.403
190535738282800,71627185481529,243,countdown,-4704,800,-2144,154.486,-570.182,53.4026
190535739272000,71627186485821,244,countdown,-4864,1280,-2240,-5.51449,-90.1818,-42.5974
190535740291300,71627187481529,245,countdown,-5216,1632,-2240,-357.514,261.818,-42.5974
190535741274800,71627188481529,246,countdown,-5216,1184,-2592,-357.514,-186.182,-394.597
190535742311600,71627189481446,247,countdown,-4864,1536,-2304,-5.51449,165.818,-106.597
190535743290000,71627190481446,248,countdown,-4832,1664,-2688,26.4855,293.818,-490.597
190535744239100,71627191481446,249,countdown,-4992,1376,-2304,-133.514,5.81818,-106.597
190535745229500,71627192481446,250,countdown,-5280,1120,-1888,-421.514,-250.182,309.403
190535746228200,71627193481571,251,countdown,-5280,1312,-2304,-421.514,-58.1818,-106.597
190535747217300,71627194482529,252,countdown,-5216,1600,-2368,-357.514,229.818,-170.597
190535748213700,71627195481654,253,countdown,-5312,1696,-2720,-453.514,325.818,-522.597
190535749208100,71627196482487,254,countdown,-4640,1536,-1952,218.486,165.818,245.403
190535750206200,71627197481696,255,countdown,-4736,992,-2016,122.486,-378.182,181.403
190535751240600,71627198481487,0,countdown,-4992,1504,-2752,-133.514,133.818,-554.597
190535752225700,71627199481821,1,countdown,-4832,1120,-1952,26.4855,-250.182,245.403
190535753216900,71627200481446,2,countdown,-4928,1760,-2784,-69.5145,389.818,-586.597
190535754214500,71627201482529,3,countdown,-4832,1952,-2272,26.4855,581.818,-74.5974
190535755211400,71627202481529,4,countdown,-4992,1280,-2560,-133.514,-90.1818,-362.597
190535756213300,71627203481237,5,countdown,-4928,1376,-2176,-69.5145,5.81818,21.4026
190535757213400,71627204481404,6,countdown,-5184,1664,-1536,-325.514,293.818,661.403
190535758213100,71627205481321,7,countdown,-5344,1856,-2304,-485.514,485.818,-106.597
190535759213100,71627206481737,8,countdown,-4864,992,-2176,-5.51449,-378.182,21.4026
190535760208600,71627207481571,9,countdown,-4864,1088,-1984,-5.51449,-282.182,213.403
190535761213200,71627208481529,10,countdown,-4992,1632,-2080,-133.514,261.818,117.403
190535762268500,71627209481737,11,countdown,-4736,1344,-2240,122.486,-26.1818,-42.5974
190535763271800,71627210481612,12,countdown,-4480,1568,-2368,378.486,197.818,-170.597
190535764210800,71627211481654,13,countdown,-4896,1504,-2112,-37.5145,133.818,85.4026
190535765206900,71627212485821,14,countdown,-4928,1696,-2560,-69.5145,325.818,-362.597
190535766333600,71627213483487,15,countdown,-5184,1760,-2688,-325.514,389.818,-490.597
190535769026800,71627214481612,16,countdown,-5344,1152,-1984,-485.514,-218.182,213.403
190535769051100,71627215481529,17,countdown,-4832,1696,-1952,26.4855,325.818,245.403
190535769321400,71627216481571,18,countdown,-5344,1696,-2400,-485.514,325.818,-202.597
190535770238500,71627217481362,19,countdown,-4736,1280,-1952,122.486,-90.1818,245.403
190535771311000,71627218481446,20,countdown,-5056,1664,-2016,-197.514,293.818,181.403
190535772327600,71627219481612,21,countdown,-4832,1376,-2336,26.4855,5.81818,-138.597
190535773285400,71627220481737,22,countdown,-4736,1792,-2752,122.486,421.818,-554.597
190535774283000,71627221481612,23,countdown,-5056,1440,-2560,-197.514,69.8182,-362.597
190535775337600,71627222481654,24,countdown,-4192,704,-2080,666.486,-666.182,117.403
190535776316600,71627223481987,25,countdown,-4832,1664,-2592,26.4855,293.818,-394.597
190535777354200,71627224482862,26,countdown,-5120,1408,-2752,-261.514,37.8182,-554.597
190535778454100,71627225481529,27,countdown,-4800,1216,-2304,58.4855,-154.182,-106.597
190535779294400,71627226481571,28,countdown,-5344,1344,-2496,-485.514,-26.1818,-298.597
190535780344200,71627227481487,29,countdown,-4480,1248,-2240,378.486,-122.182,-42.5974
190535781229900,71627228481404,30,countdown,-4864,1536,-2496,-5.51449,165.818,-298.597
190535782217500,71627229482779,31,countdown,-4672,1440,-1888,186.486,69.8182,309.403
190535783246400,71627230482612,32,countdown,-5088,1216,-2720,-229.514,-154.182,-522.597
190535784233000,71627231481529,33,countdown,-4704,1728,-2752,154.486,357.818,-554.597
190535785431300,71627232481737,34,countdown,-5088,1344,-1920,-229.514,-26.1818,277.403
190535786222200,71627233481321,35,countdown,-4352,992,-1664,506.486,-378.182,533.403
190535787246700,71627234481612,36,countdown,-4896,1600,-2656,-37.5145,229.818,-458.597
190535788216100,71627235481487,37,countdown,-4352,1632,-2240,506.486,261.818,-42.5974
190535789240900,71627236483404,38,countdown,-4768,1088,-1856,90.4855,-282.182,341.403
190535790222700,71627237482987,39,countdown,-4640,1312,-2368,218.486,-58.1818,-170.597
190535791223100,71627238481737,40,countdown,-4800,1088,-1728,58.4855,-282.182,469.403
190535792210800,71627239481487,41,countdown,-5024,1120,-2240,-165.514,-250.182,-42.5974
190535793224000,71627240481571,42,countdown,-4928,1920,-2176,-69.5145,549.818,21.4026
190535794231000,71627241481487,43,countdown,-5184,1408,-1664,-325.514,37.8182,533.403
190535795223500,71627242481529,44,countdown,-4416,1408,-2496,442.486,37.8182,-298.597
190535796216700,71627243481404,45,countdown,-5088,1696,-2432,-229.514,325.818,-234.597
190535797209400,71627244481446,46,countdown,-5344,864,-2336,-485.514,-506.182,-138.597
190535798202700,71627245481112,47,countdown,-4416,1280,-1824,442.486,-90.1818,373.403
190535799234100,71627246481696,48,countdown,-5344,1696,-2528,-485.514,325.818,-330.597
190535800227800,71627247482946,49,countdown,-4512,1728,-2304,346.486,357.818,-106.597
190535801234300,71627248481612,50,countdown,-5184,1440,-1728,-325.514,69.8182,469.403
190535802235800,71627249481571,51,countdown,-4928,1056,-2304,-69.5145,-314.182,-106.597
190535803220300,71627250481779,52,countdown,-5312,1408,-2368,-453.514,37.8182,-170.597
190535804214200,71627251481571,53,countdown,-4672,1024,-1920,186.486,-346.182,277.403
190535805230800,71627252481529,54,countdown,-4768,992,-2304,90.4855,-378.182,-106.597
190535806225200,71627253481404,55,countdown,-4864,1472,-1792,-5.51449,101.818,405.403
190535807234400,71627254482029,56,countdown,-4832,1248,-2400,26.4855,-122.182,-202.597
190535808219600,71627255481446,57,countdown,-4960,1216,-2112,-101.514,-154.182,85.4026
190535809214700,71627256481571,58,countdown,-5216,1696,-2176,-357.514,325.818,21.4026
190535810234600,71627257481321,59,countdown,-4736,960,-1824,122.486,-410.182,373.403
190535811210700,71627258481696,60,countdown,-5216,1312,-2208,-357.514,-58.1818,-10.5974
190535812228300,71627259482321,61,countdown,-4512,1248,-2336,346.486,-122.182,-138.597
190535813228800,71627260481571,62,countdown,-5056,1184,-1536,-197.514,-186.182,661.403
190535814213200,71627261481571,63,countdown,-4896,1632,-2720,-37.5145,261.818,-522.597
190535815426600,71627262481487,64,countdown,-4704,1568,-2912,154.486,197.818,-714.597
190535816218500,71627263481529,65,countdown,-4416,768,-1888,442.486,-602.182,309.403
190535817211800,71627264481571,66,countdown,-4832,1280,-2080,26.4855,-90.1818,117.403
190535818217200,71627265482154,67,countdown,-4960,1920,-2976,-101.514,549.818,-778.597
190535819210500,71627266481446,68,countdown,-4544,1344,-2048,314.486,-26.1818,149.403
190535820209400,71627267481404,69,countdown,-4704,1248,-1536,154.486,-122.182,661.403
190535821224000,71627268481446,70,countdown,-4288,1088,-2688,570.486,-282.182,-490.597
190535822585600,71627269481446,71,countdown,-4864,1376,-2496,-5.51449,5.81818,-298.597
190535823220600,71627270482237,72,countdown,-4576,1472,-2304,282.486,101.818,-106.597
190535824222100,71627271481696,73,countdown,-4576,1600,-2400,282.486,229.818,-202.597
190535825212400,71627272481696,74,countdown,-4896,1792,-2272,-37.5145,421.818,-74.5974
190535826215700,71627273481779,75,countdown,-4224,928,-1856,634.486,-442.182,341.403
190535827219800,71627274481529,76,countdown,-4608,1568,-2624,250.486,197.818,-426.597
190535828214700,71627275481571,77,countdown,-4576,1632,-2144,282.486,261.818,53.4026
190535829209800,71627276481571,78,countdown,-4672,1760,-1856,186.486,389.818,341.403
190535830433000,71627277482446,79,countdown,-4576,1408,-1984,282.486,37.8182,213.403
190535831230200,71627278481654,80,countdown,-4896,1696,-2528,-37.5145,325.818,-330.597
190535832232600,71627279481404,81,countdown,-4608,1696,-2400,250.486,325.818,-202.597
190535833234600,71627280481612,82,countdown,-4896,1408,-2336,-37.5145,37.8182,-138.597
190535834216100,71627281481446,83,countdown,-4992,1120,-2272,-133.514,-250.182,-74.5974
190535835226400,71627282481487,84,countdown,-4256,1216,-2080,602.486,-154.182,117.403
190535836241000,71627283481487,85,countdown,-4768,1152,-2080,90.4855,-218.182,117.403
190535837236000,71627284482529,86,countdown,-5024,1600,-3072,-165.514,229.818,-874.597
190535838223700,71627285481696,87,countdown,-5440,1664,-2592,-581.514,293.818,-394.597
190535839215300,71627286481571,88,countdown,-4928,1184,-1600,-69.5145,-186.182,597.403
190535840205900,71627287481237,89,countdown,-5056,1120,-2144,-197.514,-250.182,53.4026
190535841218200,71627288481862,90,countdown,-4672,1440,-2176,186.486,69.8182,21.4026
190535842213100,71627289482612,91,countdown,-4704,1344,-2080,154.486,-26.1818,117.403
190535843212600,71627290481571,92,countdown,-4768,1184,-2144,90.4855,-186.182,53.4026
190535844208600,71627291481571,93,countdown,-4544,1312,-2144,314.486,-58.1818,53.4026
190535845208000,71627292481571,94,countdown,-4384,1248,-1792,474.486,-122.182,405.403
190535846229800,71627293481571,95,countdown,-4768,1056,-1984,90.4855,-314.182,213.403
190535847231300,71627294482571,96,countdown,-5248,1664,-1920,-389.514,293.818,277.403
190535848216800,71627295481446,97,countdown,-5056,1280,-1728,-197.514,-90.1818,469.403
190535849219000,71627296481446,98,countdown,-4320,1312,-2432,538.486,-58.1818,-234.597
190535850224100,71627297481362,99,countdown,-4896,1216,-1888,-37.5145,-154.182,309.403
190535851226400,71627298481737,100,countdown,-5504,1184,-2624,-645.514,-186.182,-426.597
190535852208200,71627299481571,101,countdown,-5248,1216,-2336,-389.514,-154.182,-138.597
190535853227500,71627300481737,102,countdown,-5376,1440,-2144,-517.514,69.8182,53.4026
190535854222400,71627301484446,103,countdown,-4960,1408,-2144,-101.514,37.8182,53.4026
190535855206800,71627302481654,104,countdown,-4992,1376,-1440,-133.514,5.81818,757.403
190535856207000,71627303481529,105,countdown,-4736,960,-2208,122.486,-410.182,-10.5974
190535857204800,71627304481487,106,countdown,-4928,1376,-2400,-69.5145,5.81818,-202.597
190535858202400,71627305481487,107,countdown,-5184,928,-2272,-325.514,-442.182,-74.5974
190535859235600,71627306481487,108,countdown,-5312,1472,-1856,-453.514,101.818,341.403
190535860244700,71627307481154,109,countdown,-4832,1632,-2656,26.4855,261.818,-458.597
190535861221000,71627308481404,110,countdown,-4640,1472,-2784,218.486,101.818,-586.597
190535862212000,71627309481321,111,countdown,-4736,1440,-2592,122.486,69.8182,-394.597
190535863222500,71627310481696,112,countdown,-4512,1728,-2112,346.486,357.818,85.4026
190535864226100,71627311481654,113,countdown,-5184,1376,-2784,-325.514,5.81818,-586.597
190535865231800,71627312483154,114,countdown,-4704,1440,-2112,154.486,69.8182,85.4026
190535866217700,71627313482987,115,countdown,-4768,1664,-2816,90.4855,293.818,-618.597
190535867221000,71627314482612,116,countdown,-5216,1792,-2720,-357.514,421.818,-522.597
190535868216300,71627315483029,117,countdown,-4320,1568,-2240,538.486,197.818,-42.5974
190535869215500,71627316481529,118,countdown,-4448,1568,-2016,410.486,197.818,181.403
190535870213700,71627317481487,119,countdown,-4960,1632,-2080,-101.514,261.818,117.403
190535871213500,71627318482112,120,countdown,-4800,1792,-2624,58.4855,421.818,-426.597
190535872209400,71627319481404,121,countdown,-5280,1472,-2208,-421.514,101.818,-10.5974
190535873229100,71627320481487,122,countdown,-4448,1792,-2112,410.486,421.818,85.4026
190535874234900,71627321481362,123,countdown,-5184,1600,-2240,-325.514,229.818,-42.5974
190535875218200,71627322481321,124,countdown,-4832,1536,-2176,26.4855,165.818,21.4026
190535876198800,71627323481862,125,countdown,-4640,1344,-2432,218.486,-26.1818,-234.597
190535877231100,71627324482946,126,countdown,-4992,1792,-2752,-133.514,421.818,-554.597
190535878212700,71627325481654,127,countdown,-4992,1536,-2080,-133.514,165.818,117.403
190535879229000,71627326481654,128,countdown,-4640,1472,-2464,218.486,101.818,-266.597
190535880226700,71627327481862,129,countdown,-4992,1472,-1824,-133.514,101.818,373.403
190535881213100,71627328481529,130,countdown,-5056,1120,-2240,-197.514,-250.182,-42.5974
190535882212200,71627329481362,131,countdown,-4896,1696,-2304,-37.5145,325.818,-106.597
190535883197300,71627330482404,132,countdown,-4800,1216,-2144,58.4855,-154.182,53.4026
190535884217800,71627331481446,133,countdown,-3648,1472,-2016,1210.49,101.818,181.403
190535885223700,71627332481571,134,countdown,-5568,1536,-2400,-709.514,165.818,-202.597
190535886210300,71627333481529,135,countdown,-4544,1344,-2752,314.486,-26.1818,-554.597
190535887213700,71627334481362,136,countdown,-4448,1216,-1760,410.486,-154.182,437.403
190535888210400,71627335481487,137,countdown,-4672,1184,-2240,186.486,-186.182,-42.5974
190535889208500,71627336481362,138,countdown,-4928,1152,-2464,-69.5145,-218.182,-266.597
190535890217300,71627337481612,139,countdown,-4288,1376,-1888,570.486,5.81818,309.403
190535891216400,71627338481446,140,countdown,-4896,1120,-1696,-37.5145,-250.182,501.403
190535892216500,71627339481571,141,countdown,-5248,1216,-2080,-389.514,-154.182,117.403
190535893210700,71627340481779,142,countdown,-5440,1440,-2464,-581.514,69.8182,-266.597
190535894244500,71627341481654,143,countdown,-4704,1184,-2880,154.486,-186.182,-682.597
190535895341500,71627342482862,144,countdown,-4800,1152,-1984,58.4855,-218.182,213.403
190535896204700,71627343482112,145,countdown,-4768,1280,-2208,90.4855,-90.1818,-10.5974
190535897207600,71627344481987,146,countdown,-5024,1408,-1792,-165.514,37.8182,405.403
190535898208300,71627345481571,147,countdown,-4608,1376,-2272,250.486,5.81818,-74.5974
190535899219600,71627346481404,148,countdown,-5568,1376,-2240,-709.514,5.81818,-42.5974
190535900213200,71627347482279,149,countdown,-4768,1600,-2496,90.4855,229.818,-298.597
190535901212000,71627348481404,150,countdown,-4960,1568,-2432,-101.514,197.818,-234.597
190535902216800,71627349481362,151,countdown,-4864,960,-1728,-5.51449,-410.182,469.403
190535903210500,71627350481779,152,countdown,-5152,1536,-2432,-293.514,165.818,-234.597
190535904208700,71627351481529,153,countdown,-4320,1408,-2400,538.486,37.8182,-202.597
190535905219800,71627352481612,154,countdown,-4672,992,-1696,186.486,-378.182,501.403
190535906206600,71627353481529,155,countdown,-4864,992,-2560,-5.51449,-378.182,-362.597
190535907219100,71627354484404,156,countdown,-4544,1376,-2144,314.486,5.81818,53.4026
190535908212000,71627355481487,157,countdown,-5504,1376,-2144,-645.514,5.81818,53.4026
190535909214900,71627356481404,158,countdown,-4576,960,-1472,282.486,-410.182,725.403
190535910214200,71627357481571,159,countdown,-4608,1856,-1664,250.486,485.818,533.403
190535911210700,71627358481529,160,countdown,-4576,1472,-2240,282.486,101.818,-42.5974
190535912206600,71627359482196,161,countdown,-5024,1568,-2304,-165.514,197.818,-106.597
190535913209800,71627360485279,162,countdown,-4672,1152,-1920,186.486,-218.182,277.403
190535914211900,71627361481446,163,countdown,-5088,1216,-2048,-229.514,-154.182,149.403
190535915226900,71627362483112,164,countdown,-5088,1312,-2432,-229.514,-58.1818,-234.597
190535916210100,71627363482404,165,countdown,-4960,1152,-2016,-101.514,-218.182,181.403
190535917213900,71627364481654,166,countdown,-4800,1312,-2048,58.4855,-58.1818,149.403
190535918226200,71627365481612,167,countdown,-5248,1312,-2048,-389.514,-58.1818,149.403
190535919220300,71627366481612,168,countdown,-5504,1056,-2656,-645.514,-314.182,-458.597
190535920209600,71627367481696,169,countdown,-4160,1408,-2144,698.486,37.8182,53.4026
190535921207400,71627368481487,170,countdown,-5248,960,-2144,-389.514,-410.182,53.4026
190535922210900,71627369481654,171,countdown,-5408,1536,-1632,-549.514,165.818,565.403
190535923211700,71627370481529,172,countdown,-4512,1760,-1792,346.486,389.818,405.403
190535924207300,71627371482029,173,countdown,-4800,1408,-2464,58.4855,37.8182,-266.597
190535925210800,71627372481529,174,countdown,-4800,1504,-2144,58.4855,133.818,53.4026
190535926210800,71627373481446,175,countdown,-5216,1856,-2432,-357.514,485.818,-234.597
190535927222100,71627374481487,176,countdown,-5376,1216,-2816,-517.514,-154.182,-618.597
190535928218900,71627375481321,177,countdown,-4064,1184,-2496,794.486,-186.182,-298.597
190535929235200,71627376482862,178,countdown,-5056,1088,-2240,-197.514,-282.182,-42.5974
190535930222400,71627377482696,179,countdown,-4768,1280,-2336,90.4855,-90.1818,-138.597
190535931220500,71627378481571,180,countdown,-4928,1312,-2176,-69.5145,-58.1818,21.4026
190535932213000,71627379481571,181,countdown,-4096,1120,-1696,762.486,-250.182,501.403
190535933208800,71627380481529,182,countdown,-4320,1536,-2016,538.486,165.818,181.403
190535934209900,71627381481612,183,countdown,-4832,1568,-2400,26.4855,197.818,-202.597
190535935206600,71627382481487,184,countdown,-4288,1344,-2112,570.486,-26.1818,85.4026
190535936206000,71627383482904,185,countdown,-4864,1184,-1888,-5.51449,-186.182,309.403
190535937202500,71627384481487,186,countdown,-5024,1312,-2528,-165.514,-58.1818,-330.597
190535938204700,71627385481404,187,countdown,-4640,1568,-2272,218.486,197.818,-74.5974
190535939203800,71627386481404,188,countdown,-4928,1952,-1760,-69.5145,581.818,437.403
190535940204000,71627387481362,189,countdown,-4512,1216,-2016,346.486,-154.182,181.403
190535941205900,71627388481487,190,countdown,-4960,1184,-2336,-101.514,-186.182,-138.597
190535942202400,71627389483112,191,countdown,-4992,608,-2464,-133.514,-762.182,-266.597
190535943202100,71627390481696,192,countdown,-4384,1056,-1920,474.486,-314.182,277.403
190535944202300,71627391481529,193,countdown,-4704,1184,-2144,154.486,-186.182,53.4026
190535945202800,71627392481487,194,countdown,-5088,1280,-2432,-229.514,-90.1818,-234.597
190535946204900,71627393481696,195,countdown,-5088,1408,-2464,-229.514,37.8182,-266.597
190535947204600,71627394481571,196,countdown,-4768,1312,-2048,90.4855,-58.1818,149.403
190535948205700,71627395482154,197,countdown,-5120,1184,-2112,-261.514,-186.182,85.4026
190535949227600,71627396481612,198,countdown,-5376,1472,-1984,-517.514,101.818,213.403
190535950212100,71627397481404,199,countdown,-4576,1632,-2112,282.486,261.818,85.4026
190535951206600,71627398481696,200,countdown,-4512,1184,-1440,346.486,-186.182,757.403
190535952206300,71627399481446,201,countdown,-4192,1408,-2304,666.486,37.8182,-106.597
190535953206300,71627400481779,202,countdown,-4768,1664,-1728,90.4855,293.818,469.403
190535954202600,71627401481571,203,countdown,-4736,1568,-2048,122.486,197.818,149.403
190535955206400,71627402482029,204,countdown,-5440,1312,-1728,-581.514,-58.1818,469.403
190535956212700,71627403481904,205,countdown,-5088,1056,-2720,-229.514,-314.182,-522.597
190535957210200,71627404481654,206,countdown,-4960,1088,-2144,-101.514,-282.182,53.4026
190535958208100,71627405481654,207,countdown,-5280,1536,-2656,-421.514,165.818,-458.597
190535959213800,71627406481571,208,countdown,-4768,960,-2240,90.4855,-410.182,-42.5974
190535960225600,71627407483362,209,countdown,-4960,1216,-2464,-101.514,-154.182,-266.597
190535961211300,71627408481571,210,countdown,-4928,1504,-3136,-69.5145,133.818,-938.597
190535962223100,71627409481487,211,countdown,-4896,1728,-2464,-37.5145,357.818,-266.597
190535963217600,71627410493612,212,countdown,-5408,1088,-1664,-549.514,-282.182,533.403
190535964213400,71627411481612,213,countdown,-5408,1376,-2592,-549.514,5.81818,-394.597
190535965210700,71627412481862,214,countdown,-4608,1312,-2240,250.486,-58.1818,-42.5974
190535966221500,71627413480904,215,countdown,-4384,1600,-2048,474.486,229.818,149.403
190535967219800,71627414482446,216,countdown,-5216,1472,-2112,-357.514,101.818,85.4026
190535968221400,71627415481321,217,countdown,-4832,960,-2336,26.4855,-410.182,-138.597
190535969216100,71627416481696,218,countdown,-4480,1184,-1984,378.486,-186.182,213.403
190535970224500,71627417481696,219,countdown,-5408,1312,-2720,-549.514,-58.1818,-522.597
190535971211700,71627418481529,220,countdown,-4928,1120,-2144,-69.5145,-250.182,53.4026
190535972233800,71627419481612,221,countdown,-4384,1312,-2880,474.486,-58.1818,-682.597
190535973213600,71627420481487,222,countdown,-4800,1184,-2208,58.4855,-186.182,-10.5974
190535974216500,71627421481487,223,countdown,-4768,1280,-2880,90.4855,-90.1818,-682.597
190535975216300,71627422481612,224,countdown,-4768,1088,-1824,90.4855,-282.182,373.403
190535976213100,71627423481571,225,countdown,-5376,1440,-1568,-517.514,69.8182,629.403
190535977211300,71627424481904,226,countdown,-4736,1408,-2304,122.486,37.8182,-106.597
190535978210900,71627425481362,227,countdown,-4928,1632,-1984,-69.5145,261.818,213.403
190535979213200,71627426481487,228,countdown,-5120,1376,-2496,-261.514,5.81818,-298.597
190535980211100,71627427481404,229,countdown,-4800,1696,-1824,58.4855,325.818,373.403
190535981213100,71627428481362,230,countdown,-5152,1440,-2112,-293.514,69.8182,85.4026
190535982212800,71627429481571,231,countdown,-5312,1408,-2208,-453.514,37.8182,-10.5974
190535983212600,71627430481654,232,countdown,-5184,1664,-2560,-325.514,293.818,-362.597
190535984212700,71627431482612,233,countdown,-4672,1408,-2720,186.486,37.8182,-522.597
190535985208800,71627432481487,234,countdown,-4448,1056,-1856,410.486,-314.182,341.403
190535986208400,71627433481737,235,countdown,-4864,1920,-2272,-5.51449,549.818,-74.5974
190535987205200,71627434481529,236,countdown,-5248,1600,-2432,-389.514,229.818,-234.597
190535988227800,71627435482362,237,countdown,-5088,1216,-1792,-229.514,-154.182,405.403
190535989223600,71627436483696,238,countdown,-4864,1632,-2368,-5.51449,261.818,-170.597
190535990228100,71627437482904,239,countdown,-4576,1600,-2208,282.486,229.818,-10.5974
190535991223000,71627438481529,240,countdown,-5440,1952,-2272,-581.514,581.818,-74.5974
190535992216000,71627439481487,241,countdown,-4320,1408,-2560,538.486,37.8182,-362.597
190535993206300,71627440481446,242,countdown,-4960,1056,-2272,-101.514,-314.182,-74.5974
190535994212900,71627441481862,243,countdown,-4000,1184,-1792,858.486,-186.182,405.403
190535995212900,71627442481446,244,countdown,-4896,1248,-2560,-37.5145,-122.182,-362.597
190535996213200,71627443481946,245,countdown,-4576,1248,-2496,282.486,-122.182,-298.597
190535997214800,71627444481529,246,countdown,-4768,1120,-2048,90.4855,-250.182,149.403
190535998206900,71627445481362,247,countdown,-5376,1728,-2400,-517.514,357.818,-202.597
190535999213200,71627446481529,248,countdown,-4736,1248,-1760,122.486,-122.182,437.403
190536000213300,71627447482154,249,countdown,-4672,1216,-2048,186.486,-154.182,149.403
190536001218100,71627448481862,250,countdown,-4480,1184,-2048,378.486,-186.182,149.403
190536002209300,71627449481446,251,countdown,-4736,1728,-2304,122.486,357.818,-106.597
190536003208600,71627450481529,252,countdown,-4544,1152,-2464,314.486,-218.182,-266.597
190536004227600,71627451481321,253,countdown,-4896,1408,-2432,-37.5145,37.8182,-234.597
190536005217200,71627452482446,254,countdown,-4704,1056,-2176,154.486,-314.182,21.4026
190536006210300,71627453481612,255,countdown,-4800,1536,-1600,58.4855,165.818,597.403
190536007207800,71627454481529,0,countdown,-4704,1120,-1664,154.486,-250.182,533.403
190536008208300,71627455481571,1,countdown,-4928,1088,-1600,-69.5145,-282.182,597.403
190536009207800,71627456481571,2,countdown,-4768,1152,-2112,90.4855,-218.182,85.4026
190536010210600,71627457481279,3,countdown,-4672,1728,-2368,186.486,357.818,-170.597
190536011211100,71627458481529,4,countdown,-4768,1888,-1312,90.4855,517.818,885.403
190536012209400,71627459481529,5,countdown,-4672,1312,-2336,186.486,-58.1818,-138.597
190536013207800,71627460482196,6,countdown,-4832,1792,-2592,26.4855,421.818,-394.597
190536014206900,71627461481571,7,countdown,-4672,1472,-2048,186.486,101.818,149.403
190536015209900,71627462481487,8,countdown,-5056,1248,-2016,-197.514,-122.182,181.403
190536016211500,71627463482237,9,countdown,-4832,1504,-2048,26.4855,133.818,149.403
190536017211500,71627464481487,10,countdown,-5440,1280,-2240,-581.514,-90.1818,-42.5974
190536018212000,71627465481446,11,countdown,-4768,1472,-1504,90.4855,101.818,693.403
190536019212700,71627466481487,12,countdown,-4992,992,-1856,-133.514,-378.182,341.403
190536020215100,71627467482987,13,countdown,-4992,1632,-2528,-133.514,261.818,-330.597
190536021208800,71627468481612,14,countdown,-4608,1184,-2144,250.486,-186.182,53.4026
190536022208100,71627469481612,15,countdown,-5248,1376,-2400,-389.514,5.81818,-202.597
190536023205500,71627470481821,16,countdown,-4896,1280,-1856,-37.5145,-90.1818,341.403
190536024207800,71627471481696,17,countdown,-4480,1472,-2240,378.486,101.818,-42.5974
190536025218300,71627472481571,18,countdown,-4832,1472,-2272,26.4855,101.818,-74.5974
190536026225300,71627473481654,19,countdown,-4320,1184,-2048,538.486,-186.182,149.403
190536027208100,71627474481446,20,countdown,-4480,1088,-1728,378.486,-282.182,469.403
190536028216200,71627475481487,21,countdown,-5600,1344,-2432,-741.514,-26.1818,-234.597
190536029208900,71627476481404,22,countdown,-5184,1472,-2336,-325.514,101.818,-138.597
190536030206900,71627477481821,23,countdown,-4672,960,-1568,186.486,-410.182,629.403
190536031210100,71627478482612,24,countdown,-5408,960,-2016,-549.514,-410.182,181.403
190536032211400,71627479481279,25,countdown,-4512,928,-1536,346.486,-442.182,661.403
190536033207300,71627480481446,26,countdown,-4288,1184,-2048,570.486,-186.182,149.403
190536034208400,71627481481654,27,countdown,-5184,1760,-2528,-325.514,389.818,-330.597
190536035210300,71627482481529,28,countdown,-5024,1120,-2592,-165.514,-250.182,-394.597
190536036352900,71627483481571,29,countdown,-4608,1376,-2016,250.486,5.81818,181.403
190536037217000,71627484481612,30,countdown,-4992,1440,-2336,-133.514,69.8182,-138.597
190536038210000,71627485481487,31,countdown,-4896,1056,-2144,-37.5145,-314.182,53.4026
190536039207800,71627486481612,32,countdown,-4576,1728,-2112,282.486,357.818,85.4026
190536040231700,71627487481487,33,countdown,-5088,992,-2176,-229.514,-378.182,21.4026
190536041222400,71627488481446,34,countdown,-4256,1280,-2112,602.486,-90.1818,85.4026
190536042215300,71627489481779,35,countdown,-4832,1152,-2432,26.4855,-218.182,-234.597
190536043211300,71627490483571,36,countdown,-4608,1280,-2112,250.486,-90.1818,85.4026
190536044212800,71627491481487,37,countdown,-4704,1760,-2976,154.486,389.818,-778.597
190536045212400,71627492481487,38,countdown,-4512,1504,-2336,346.486,133.818,-138.597
190536046215700,71627493481487,39,countdown,-5024,1536,-2368,-165.514,165.818,-170.597
190536047212700,71627494481321,40,countdown,-4640,1440,-1792,218.486,69.8182,405.403
190536048208100,71627495482529,41,countdown,-4832,1568,-2080,26.4855,197.818,117.403
190536049200200,71627496483279,42,countdown,-5024,1408,-1440,-165.514,37.8182,757.403
190536050205900,71627497481529,43,countdown,-5088,1568,-2080,-229.514,197.818,117.403
190536051313500,71627498481529,44,countdown,-5088,1408,-1760,-229.514,37.8182,437.403
190536052218500,71627499481446,45,countdown,-4576,1728,-2144,282.486,357.818,53.4026
190536053211200,71627500481571,46,countdown,-4768,1248,-2112,90.4855,-122.182,85.4026
190536054204400,71627501481487,47,countdown,-4832,1440,-2464,26.4855,69.8182,-266.597
190536055200600,71627502481529,48,countdown,-4448,1664,-1824,410.486,293.818,373.403
190536056202800,71627503481487,49,countdown,-5440,1600,-2432,-581.514,229.818,-234.597
190536057201100,71627504481487,50,countdown,-4736,1344,-1888,122.486,-26.1818,309.403
190536058213600,71627505481612,51,countdown,-5152,1312,-2464,-293.514,-58.1818,-266.597
190536059213500,71627506481446,52,countdown,-4768,1600,-2336,90.4855,229.818,-138.597
190536060212700,71627507481487,53,countdown,-4960,1600,-2208,-101.514,229.818,-10.5974
190536061210600,71627508481654,54,countdown,-4608,1600,-2560,250.486,229.818,-362.597
190536062212500,71627509481571,55,countdown,-5056,1792,-1856,-197.514,421.818,341.403
190536063212600,71627510481654,56,countdown,-4768,1504,-1440,90.4855,133.818,757.403
190536064212500,71627511481487,57,countdown,-4960,992,-1888,-101.514,-378.182,309.403
190536065207400,71627512481529,58,countdown,-5312,1216,-2016,-453.514,-154.182,181.403
190536066207800,71627513481529,59,countdown,-4864,1536,-2272,-5.51449,165.818,-74.5974
190536067227200,71627514483154,60,countdown,-4672,1248,-2112,186.486,-122.182,85.4026
190536068265900,71627515482987,61,countdown,-4640,1216,-2048,218.486,-154.182,149.403
190536069200700,71627516481446,62,countdown,-4960,1408,-2528,-101.514,37.8182,-330.597
190536070202800,71627517481571,63,countdown,-5376,1280,-2144,-517.514,-90.1818,53.4026
190536071211400,71627518481404,64,countdown,-4640,1632,-1664,218.486,261.818,533.403
190536072209300,71627519481487,65,countdown,-5152,1408,-2848,-293.514,37.8182,-650.597
190536073207500,71627520482779,66,countdown,-4992,704,-2816,-133.514,-666.182,-618.597
190536074211200,71627521481571,67,countdown,-4768,1632,-2240,90.4855,261.818,-42.5974
190536075212200,71627522481654,68,countdown,-5248,1600,-1984,-389.514,229.818,213.403
190536076211000,71627523482404,69,countdown,-4768,1120,-2656,90.4855,-250.182,-458.597
190536077209300,71627524482487,70,countdown,-4800,1568,-2272,58.4855,197.818,-74.5974
190536078211800,71627525482154,71,countdown,-4608,1152,-1760,250.486,-218.182,437.403
190536079208000,71627526481446,72,countdown,-4832,1184,-2112,26.4855,-186.182,85.4026
190536080205600,71627527481487,73,countdown,-4800,1440,-1920,58.4855,69.8182,277.403
190536081208500,71627528481404,74,countdown,-4960,1088,-2560,-101.514,-282.182,-362.597
190536082209700,71627529481779,75,countdown,-4896,1280,-2304,-37.5145,-90.1818,-106.597
190536083205800,71627530482196,76,countdown,-4800,1216,-2272,58.4855,-154.182,-74.5974
190536084197300,71627531481237,77,countdown,-4512,1120,-2336,346.486,-250.182,-138.597
190536085220000,71627532481487,78,countdown,-4608,1568,-1888,250.486,197.818,309.403
190536086208900,71627533481571,79,countdown,-4800,992,-2208,58.4855,-378.182,-10.5974
190536087206700,71627534481612,80,countdown,-5088,1408,-2144,-229.514,37.8182,53.4026
190536088211600,71627535481487,81,countdown,-4160,1280,-1952,698.486,-90.1818,245.403
190536089209600,71627536481487,82,countdown,-5248,928,-2560,-389.514,-442.182,-362.597
190536090209800,71627537481612,83,countdown,-5088,1056,-2112,-229.514,-314.182,85.4026
190536091212400,71627538481529,84,countdown,-5248,1696,-2592,-389.514,325.818,-394.597
190536092211500,71627539481529,85,countdown,-4832,1376,-1920,26.4855,5.81818,277.403
190536093207600,71627540481362,86,countdown,-4736,1408,-2304,122.486,37.8182,-106.597
190536094207900,71627541481946,87,countdown,-5056,1504,-2688,-197.514,133.818,-490.597
190536095208600,71627542481487,88,countdown,-4960,1280,-2592,-101.514,-90.1818,-394.597
190536096209100,71627543482904,89,countdown,-5120,1344,-2112,-261.514,-26.1818,85.4026
190536097209600,71627544482904,90,countdown,-4480,960,-2048,378.486,-410.182,149.403
190536098210800,71627545482487,91,countdown,-5280,1376,-2368,-421.514,5.81818,-170.597
190536099232300,71627546481362,92,countdown,-5024,1632,-2560,-165.514,261.818,-362.597
190536100214700,71627547481404,93,countdown,-4960,1632,-2624,-101.514,261.818,-426.597
190536101215900,71627548481654,94,countdown,-4640,1440,-2016,218.486,69.8182,181.403
190536102214000,71627549483112,95,countdown,-4704,1088,-1792,154.486,-282.182,405.403
190536103213700,71627550482779,96,countdown,-3968,1408,-1952,890.486,37.8182,245.403
190536104213400,71627551481612,97,countdown,-4672,1632,-1856,186.486,261.818,341.403
190536105211900,71627552481571,98,countdown,-5056,1312,-1888,-197.514,-58.1818,309.403
190536106213500,71627553481446,99,countdown,-4992,1664,-2144,-133.514,293.818,53.4026
190536107206300,71627554482321,100,countdown,-4832,1792,-2496,26.4855,421.818,-298.597
190536108208500,71627555482696,101,countdown,-4544,1600,-1824,314.486,229.818,373.403
190536109213100,71627556481654,102,countdown,-4736,1248,-2592,122.486,-122.182,-394.597
190536110213000,71627557481404,103,countdown,-5440,1536,-2304,-581.514,165.818,-106.597
190536111212600,71627558481321,104,countdown,-4960,1824,-1952,-101.514,453.818,245.403
190536112212700,71627559481404,105,countdown,-4896,1440,-1984,-37.5145,69.8182,213.403
190536113208600,71627560481946,106,countdown,-4704,1440,-2176,154.486,69.8182,21.4026
190536114208400,71627561484321,107,countdown,-4832,1824,-2400,26.4855,453.818,-202.597
190536115210200,71627562481404,108,countdown,-4320,1472,-1504,538.486,101.818,693.403
190536116222400,71627563481446,109,countdown,-4544,1536,-2112,314.486,165.818,85.4026
190536117341200,71627564482321,110,countdown,-5440,1760,-2304,-581.514,389.818,-106.597
190536118339200,71627565483112,111,countdown,-4640,1536,-2016,218.486,165.818,181.403
190536119339300,71627566488946,112,countdown,-4800,704,-1728,58.4855,-666.182,469.403
190536120206600,71627567482612,113,countdown,-4960,1664,-2624,-101.514,293.818,-426.597
190536121338800,71627568489112,114,countdown,-4512,1216,-1856,346.486,-154.182,341.403
190536122462700,71627569494862,115,countdown,-4960,1760,-1792,-101.514,389.818,405.403
190536123332100,71627570492737,116,countdown,-4352,1024,-2304,506.486,-346.182,-106.597
190536124338900,71627571488029,117,countdown,-5280,1696,-1696,-421.514,325.818,501.403
190536125339300,71627572493862,118,countdown,-5120,1568,-2400,-261.514,197.818,-202.597
190536126202400,71627573482862,119,countdown,-4928,1728,-2496,-69.5145,357.818,-298.597
190536127338700,71627574484946,120,countdown,-5312,1632,-2688,-453.514,261.818,-490.597
190536128338600,71627575486779,121,countdown,-4992,1408,-2400,-133.514,37.8182,-202.597
190536129334400,71627576486279,122,countdown,-4544,1152,-1728,314.486,-218.182,469.403
190536130334500,71627577493279,123,countdown,-4864,1312,-2240,-5.51449,-58.1818,-42.5974
190536131330100,71627578486696,124,countdown,-5152,1888,-1792,-293.514,517.818,405.403
190536132197100,71627579485321,125,countdown,-4192,1472,-1952,666.486,101.818,245.403
190536133325900,71627580486237,126,countdown,-5152,1408,-2560,-293.514,37.8182,-362.597
190536134324800,71627581485446,127,countdown,-4640,1600,-2592,218.486,229.818,-394.597
190536135427900,71627582484571,128,countdown,-4832,1152,-2016,26.4855,-218.182,181.403
190536136435400,71627583486946,129,countdown,-4736,1152,-2016,122.486,-218.182,181.403
190536137447200,71627584489112,130,countdown,-5024,1280,-2272,-165.514,-90.1818,-74.5974
190536138277800,71627585482446,131,countdown,-4960,1440,-2784,-101.514,69.8182,-586.597
190536139423900,71627586483696,132,countdown,-4704,1376,-1664,154.486,5.81818,533.403
190536140416400,71627587487237,133,countdown,-4736,1504,-2208,122.486,133.818,-10.5974
190536141463800,71627588487654,134,countdown,-5248,1536,-2144,-389.514,165.818,53.4026
190536142415300,71627589486404,135,countdown,-4800,1792,-2688,58.4855,421.818,-490.597
190536143426400,71627590485279,136,countdown,-5376,1952,-2624,-517.514,581.818,-426.597
190536144273800,71627591483654,137,countdown,-5248,1248,-2144,-389.514,-122.182,53.4026
190536145430100,71627592486904,138,countdown,-4960,1536,-2496,-101.514,165.818,-298.597
190536146452500,71627593486196,139,countdown,-4704,1152,-1824,154.486,-218.182,373.403
190536147329800,71627594483862,140,countdown,-5472,1408,-2432,-613.514,37.8182,-234.597
190536148424400,71627595485154,141,countdown,-5440,1472,-3264,-581.514,101.818,-1066.6
190536149430400,71627596485279,142,countdown,-4544,1632,-1664,314.486,261.818,533.403
190536150434800,71627597485862,143,countdown,-4832,1472,-2784,26.4855,101.818,-586.597
190536151280600,71627598482612,144,countdown,-5024,864,-2720,-165.514,-506.182,-522.597
190536152432900,71627599484737,145,countdown,-4960,1536,-2368,-101.514,165.818,-170.597
190536153430800,71627600484987,146,countdown,-4640,1312,-1856,218.486,-58.1818,341.403
190536154436300,71627601485362,147,countdown,-4640,1184,-1824,218.486,-186.182,373.403
190536155451600,71627602484904,148,countdown,-5344,1312,-1952,-485.514,-58.1818,245.403
190536156399800,71627603489321,149,countdown,-4736,1376,-1952,122.486,5.81818,245.403
190536157443600,71627604485946,150,countdown,-4256,1120,-2016,602.486,-250.182,181.403
190536158441100,71627605484321,151,countdown,-4448,1152,-2208,410.486,-218.182,-10.5974
190536159448300,71627606489529,152,countdown,-4896,1600,-2400,-37.5145,229.818,-202.597
190536160328800,71627607491862,153,countdown,-5056,1824,-2176,-197.514,453.818,21.4026
190536161334600,71627608485362,154,countdown,-4928,1216,-2656,-69.5145,-154.182,-458.597
190536162334000,71627609486071,155,countdown,-4384,1248,-2080,474.486,-122.182,117.403
190536163351800,71627610488487,156,countdown,-5312,1504,-2656,-453.514,133.818,-458.597
190536164212700,71627611483862,157,countdown,-4768,1024,-1792,90.4855,-346.182,405.403
190536165341000,71627612488737,158,countdown,-5216,1568,-2208,-357.514,197.818,-10.5974
190536166339300,71627613485362,159,countdown,-4640,1120,-1568,218.486,-250.182,629.403
190536167338800,71627614486362,160,countdown,-4288,1248,-1728,570.486,-122.182,469.403
190536168338600,71627615487112,161,countdown,-4960,1248,-2432,-101.514,-122.182,-234.597
190536169338600,71627616489737,162,countdown,-5088,1664,-2176,-229.514,293.818,21.4026
190536170338600,71627617486779,163,countdown,-4768,1504,-2208,90.4855,133.818,-10.5974
190536171338600,71627618487737,164,countdown,-4288,1216,-1952,570.486,-154.182,245.403
190536172338700,71627619485904,165,countdown,-4736,1696,-2144,122.486,325.818,53.4026
190536173338600,71627620486987,166,countdown,-4672,1056,-1792,186.486,-314.182,405.403
190536174212800,71627621484362,167,countdown,-4736,1376,-1728,122.486,5.81818,469.403
190536175210500,71627622481446,168,countdown,-4992,1120,-1632,-133.514,-250.182,565.403
190536176207200,71627623481904,169,countdown,-5472,1376,-2144,-613.514,5.81818,53.4026
190536177208100,71627624482987,170,countdown,-5056,1728,-2592,-197.514,357.818,-394.597
190536178206000,71627625481321,171,countdown,-5344,1024,-2272,-485.514,-346.182,-74.5974
190536179209000,71627626481487,172,countdown,-4768,1568,-2048,90.4855,197.818,149.403
190536180211000,71627627481612,173,countdown,-4928,1184,-2496,-69.5145,-186.182,-298.597
190536181201700,71627628481571,174,countdown,-5024,1600,-2240,-165.514,229.818,-42.5974
190536182200800,71627629482862,175,countdown,-4608,1152,-2496,250.486,-218.182,-298.597
190536183199700,71627630481446,176,countdown,-5312,1344,-2496,-453.514,-26.1818,-298.597
190536184198000,71627631482612,177,countdown,-4672,1216,-2144,186.486,-154.182,53.4026
190536185210800,71627632481571,178,countdown,-5088,1216,-2496,-229.514,-154.182,-298.597
190536186202500,71627633481446,179,countdown,-4640,800,-2304,218.486,-570.182,-106.597
190536187199400,71627634482487,180,countdown,-4864,1216,-2368,-5.51449,-154.182,-170.597
190536188202000,71627635481862,181,countdown,-5184,1376,-2304,-325.514,5.81818,-106.597
190536189200100,71627636481362,182,countdown,-5056,1504,-2496,-197.514,133.818,-298.597
190536190197800,71627637481404,183,countdown,-5152,1312,-2080,-293.514,-58.1818,117.403
190536191198300,71627638481279,184,countdown,-5344,1344,-2528,-485.514,-26.1818,-330.597
190536192199900,71627639481529,185,countdown,-4544,1216,-1952,314.486,-154.182,245.403
190536193202000,71627640481654,186,countdown,-5152,1632,-2464,-293.514,261.818,-266.597
190536194235400,71627641481404,187,countdown,-5312,1248,-2688,-453.514,-122.182,-490.597
190536195223200,71627642481612,188,countdown,-4992,1504,-2304,-133.514,133.818,-106.597
190536196217100,71627643481321,189,countdown,-4864,1888,-2304,-5.51449,517.818,-106.597
190536197210500,71627644481112,190,countdown,-4512,1120,-2304,346.486,-250.182,-106.597
190536198209200,71627645481571,191,countdown,-5120,1568,-1952,-261.514,197.818,245.403
190536199208900,71627646481404,192,countdown,-5216,1920,-2112,-357.514,549.818,85.4026
190536200209000,71627647481612,193,countdown,-5024,1568,-2336,-165.514,197.818,-138.597
190536201208800,71627648482779,194,countdown,-4704,1504,-1376,154.486,133.818,821.403
190536202209300,71627649481529,195,countdown,-4928,1248,-2368,-69.5145,-122.182,-170.597
190536203209200,71627650481571,196,countdown,-4992,1696,-2272,-133.514,325.818,-74.5974
190536204209300,71627651481279,197,countdown,-4256,1408,-1888,602.486,37.8182,309.403
190536205209000,71627652481654,198,countdown,-5120,1888,-2848,-261.514,517.818,-650.597
190536206209000,71627653482321,199,countdown,-4672,1888,-2560,186.486,517.818,-362.597
190536207209100,71627654481571,200,countdown,-4416,1248,-2912,442.486,-122.182,-714.597
190536208204800,71627655481612,201,countdown,-4416,1600,-2336,442.486,229.818,-138.597
190536209204500,71627656481446,202,countdown,-4576,1472,-2176,282.486,101.818,21.4026
190536210204600,71627657481529,203,countdown,-5120,1280,-2240,-261.514,-90.1818,-42.5974
190536211216800,71627658481446,204,countdown,-4992,1248,-2208,-133.514,-122.182,-10.5974
190536212210000,71627659481571,205,countdown,-4928,832,-1856,-69.5145,-538.182,341.403
190536213329400,71627660486571,206,countdown,-4960,1088,-1760,-101.514,-282.182,437.403
190536214210800,71627661481446,207,countdown,-5376,1632,-2016,-517.514,261.818,181.403
190536215218300,71627662481446,208,countdown,-4640,1216,-1664,218.486,-154.182,533.403
190536216210900,71627663482487,209,countdown,-5056,992,-1856,-197.514,-378.182,341.403
190536217207500,71627664482237,210,countdown,-5248,1536,-2432,-389.514,165.818,-234.597
190536218208700,71627665481571,211,countdown,-5312,1120,-1696,-453.514,-250.182,501.403
190536219212000,71627666481571,212,countdown,-4832,1408,-1696,26.4855,37.8182,501.403
190536220211500,71627667481529,213,countdown,-4960,1216,-2080,-101.514,-154.182,117.403
190536221210800,71627668481487,214,countdown,-5504,1120,-2016,-645.514,-250.182,181.403
190536222211900,71627669481654,215,countdown,-5504,1376,-2016,-645.514,5.81818,181.403
190536223211700,71627670481612,216,countdown,-4832,1248,-1824,26.4855,-122.182,373.403
190536224209000,71627671481487,217,countdown,-4896,1088,-3040,-37.5145,-282.182,-842.597
190536225208100,71627672481529,218,countdown,-5312,1024,-2528,-453.514,-346.182,-330.597
190536226208600,71627673481404,219,countdown,-5440,1120,-2400,-581.514,-250.182,-202.597
190536227213900,71627674481529,220,countdown,-4992,1504,-1440,-133.514,133.818,757.403
190536228208400,71627675481362,221,countdown,-4928,1440,-2176,-69.5145,69.8182,21.4026
190536229207300,71627676480946,222,countdown,-4992,1184,-2880,-133.514,-186.182,-682.597
190536230210500,71627677481487,223,countdown,-4736,1216,-1632,122.486,-154.182,565.403
190536231211300,71627678481321,224,countdown,-4864,896,-1664,-5.51449,-474.182,533.403
190536232212100,71627679481529,225,countdown,-4928,928,-2144,-69.5145,-442.182,53.4026
190536233211700,71627680481612,226,countdown,-4864,1248,-2496,-5.51449,-122.182,-298.597
190536234211800,71627681481612,227,countdown,-4832,1504,-2272,26.4855,133.818,-74.5974
190536235212500,71627682481571,228,countdown,-4992,1216,-1792,-133.514,-154.182,405.403
190536236209800,71627683481571,229,countdown,-5408,1408,-2464,-549.514,37.8182,-266.597
190536237208000,71627684481529,230,countdown,-4736,1632,-1728,122.486,261.818,469.403
190536238208000,71627685481404,231,countdown,-5152,1408,-2880,-293.514,37.8182,-682.597
190536239209500,71627686481529,232,countdown,-4864,1280,-2176,-5.51449,-90.1818,21.4026
190536240211700,71627687481446,233,countdown,-5024,1280,-2016,-165.514,-90.1818,181.403
190536241210000,71627688482529,234,countdown,-5248,1152,-2112,-389.514,-218.182,85.4026
190536242211200,71627689482404,235,countdown,-4224,1472,-1600,634.486,101.818,597.403
190536243225600,71627690482779,236,countdown,-4896,1344,-2048,-37.5145,-26.1818,149.403
190536244225600,71627691481362,237,countdown,-5696,1472,-1792,-837.514,101.818,405.403
190536245221900,71627692481571,238,countdown,-4608,1056,-1952,250.486,-314.182,245.403
190536246216400,71627693481487,239,countdown,-4672,640,-2176,186.486,-730.182,21.4026
190536247206700,71627694482321,240,countdown,-5280,992,-2176,-421.514,-378.182,21.4026
190536248211000,71627695481529,241,countdown,-4896,1440,-2304,-37.5145,69.8182,-106.597
190536249212300,71627696481529,242,countdown,-4960,1248,-2528,-101.514,-122.182,-330.597
190536250212800,71627697482196,243,countdown,-4768,1408,-2112,90.4855,37.8182,85.4026
190536251210400,71627698481321,244,countdown,-4800,1440,-1760,58.4855,69.8182,437.403
190536252210400,71627699481446,245,countdown,-4992,1184,-2336,-133.514,-186.182,-138.597
190536253212300,71627700482446,246,countdown,-4992,1248,-2368,-133.514,-122.182,-170.597
190536254211000,71627701482862,247,countdown,-5504,1600,-2112,-645.514,229.818,85.4026
190536255210200,71627702481321,248,countdown,-4224,1504,-2144,634.486,133.818,53.4026
190536256206400,71627703480946,249,countdown,-5184,1152,-2400,-325.514,-218.182,-202.597
190536257207800,71627704481487,250,countdown,-4640,1344,-1536,218.486,-26.1818,661.403
190536258207500,71627705481529,251,countdown,-4832,1696,-2208,26.4855,325.818,-10.5974
190536259211900,71627706481654,252,countdown,-5280,1408,-2112,-421.514,37.8182,85.4026
190536260209800,71627707481487,253,countdown,-4640,1120,-2400,218.486,-250.182,-202.597
190536261213000,71627708481529,254,countdown,-4896,1696,-2112,-37.5145,325.818,85.4026
190536262214100,71627709481529,255,countdown,-4928,1312,-2304,-69.5145,-58.1818,-106.597
190536263208600,71627710481571,0,countdown,-4672,1472,-2784,186.486,101.818,-586.597
190536264216900,71627711481529,1,countdown,-4672,1760,-1856,186.486,389.818,341.403
190536265212400,71627712481946,2,countdown,-4736,1120,-1824,122.486,-250.182,373.403
190536266212700,71627713481446,3,countdown,-4448,1248,-2208,410.486,-122.182,-10.5974
190536267212300,71627714481446,4,countdown,-4800,1344,-2464,58.4855,-26.1818,-266.597
190536268212000,71627715481404,5,countdown,-3968,1248,-2560,890.486,-122.182,-362.597
190536269211900,71627716481404,6,countdown,-4928,1088,-2016,-69.5145,-282.182,181.403
190536270211700,71627717481321,7,countdown,-5184,1088,-2464,-325.514,-282.182,-266.597
190536271213200,71627718483112,8,countdown,-5664,1248,-2144,-805.514,-122.182,53.4026
190536272204900,71627719481404,9,countdown,-4640,1440,-1952,218.486,69.8182,245.403
190536273205900,71627720481529,10,countdown,-5536,1184,-2592,-677.514,-186.182,-394.597
190536274205600,71627721481529,11,countdown,-4960,1312,-2144,-101.514,-58.1818,53.4026
190536275217600,71627722481529,12,countdown,-4928,1504,-2144,-69.5145,133.818,53.4026
190536276214600,71627723481571,13,countdown,-4448,1376,-2144,410.486,5.81818,53.4026
190536277201300,71627724482904,14,countdown,-4512,1088,-2432,346.486,-282.182,-234.597
190536278226900,71627725481362,15,countdown,-5024,1088,-2496,-165.514,-282.182,-298.597
190536279212100,71627726481446,16,countdown,-4832,1408,-2400,26.4855,37.8182,-202.597
190536280210400,71627727481446,17,countdown,-4928,1568,-2624,-69.5145,197.818,-426.597
190536281209900,71627728482612,18,countdown,-5088,1600,-2176,-229.514,229.818,21.4026
190536282209800,71627729481321,19,countdown,-5056,1152,-2592,-197.514,-218.182,-394.597
190536283209500,71627730481321,20,countdown,-4160,1344,-1920,698.486,-26.1818,277.403
190536284209600,71627731481612,21,countdown,-5216,1472,-2496,-357.514,101.818,-298.597
190536285352800,71627732481404,22,countdown,-5632,1152,-2112,-773.514,-218.182,85.4026
190536286208000,71627733481487,23,countdown,-4832,1792,-2272,26.4855,421.818,-74.5974
190536287210000,71627734481529,24,countdown,-4736,1152,-2400,122.486,-218.182,-202.597
190536288203600,71627735481446,25,countdown,-4672,1568,-2016,186.486,197.818,181.403
190536289205000,71627736482112,26,countdown,-5056,1280,-2144,-197.514,-90.1818,53.4026
190536290205500,71627737481696,27,countdown,-5088,1152,-2176,-229.514,-218.182,21.4026
190536291228200,71627738481404,28,countdown,-4768,1280,-2080,90.4855,-90.1818,117.403
190536292215500,71627739481362,29,countdown,-4544,1632,-1856,314.486,261.818,341.403
190536293208000,71627740481487,30,countdown,-4704,1504,-2208,154.486,133.818,-10.5974
190536294204900,71627741481404,31,countdown,-4928,1600,-1792,-69.5145,229.818,405.403
190536295210100,71627742482987,32,countdown,-4992,1184,-1920,-133.514,-186.182,277.403
190536296615700,71627743482862,33,countdown,-4736,1344,-1760,122.486,-26.1818,437.403
190536297204100,71627744481612,34,countdown,-4832,1408,-2304,26.4855,37.8182,-106.597
190536298208900,71627745481321,35,countdown,-5312,1408,-2080,-453.514,37.8182,117.403
190536299210000,71627746481612,36,countdown,-5184,1504,-2400,-325.514,133.818,-202.597
190536300206100,71627747481904,37,countdown,-4736,1792,-2720,122.486,421.818,-522.597
190536301210400,71627748481612,38,countdown,-4288,1344,-1824,570.486,-26.1818,373.403
190536302210100,71627749482946,39,countdown,-4608,1376,-2112,250.486,5.81818,85.4026
190536303210000,71627750481487,40,countdown,-4416,1568,-2304,442.486,197.818,-106.597
190536304205900,71627751481487,41,countdown,-4576,1472,-2112,282.486,101.818,85.4026
190536305205500,71627752481362,42,countdown,-5056,1696,-2752,-197.514,325.818,-554.597
190536306205500,71627753481487,43,countdown,-4928,1632,-1952,-69.5145,261.818,245.403
190536307211800,71627754481321,44,countdown,-4448,960,-1952,410.486,-410.182,245.403
190536308411300,71627755481446,45,countdown,-4896,1664,-2720,-37.5145,293.818,-522.597
190536309209000,71627756481279,46,countdown,-4512,1440,-1376,346.486,69.8182,821.403
190536310212300,71627757481279,47,countdown,-4704,1792,-2144,154.486,421.818,53.4026
190536311211000,71627758481487,48,countdown,-5120,1184,-2432,-261.514,-186.182,-234.597
190536312211800,71627759482154,49,countdown,-3872,1152,-1408,986.486,-218.182,789.403
190536313210700,71627760484529,50,countdown,-5120,1120,-1920,-261.514,-250.182,277.403
190536314210300,71627761481446,51,countdown,-5248,1344,-2112,-389.514,-26.1818,85.4026
190536315210600,71627762481404,52,countdown,-4864,1376,-2464,-5.51449,5.81818,-266.597
190536316208300,71627763481446,53,countdown,-4640,1152,-1856,218.486,-218.182,341.403
190536317208500,71627764481446,54,countdown,-4768,1536,-2112,90.4855,165.818,85.4026
190536318210300,71627765481487,55,countdown,-4960,1536,-2496,-101.514,165.818,-298.597
190536319210500,71627766482529,56,countdown,-5504,1280,-2304,-645.514,-90.1818,-106.597
190536320205300,71627767481404,57,countdown,-4544,1376,-1984,314.486,5.81818,213.403
190536321205900,71627768481404,58,countdown,-5280,1568,-2048,-421.514,197.818,149.403
190536322204100,71627769481321,59,countdown,-4736,1216,-1856,122.486,-154.182,341.403
190536323206300,71627770481363,60,countdown,-4640,1696,-2944,218.486,325.818,-746.597
190536324208600,71627771481738,61,countdown,-4288,1568,-2048,570.486,197.818,149.403
190536325216000,71627772481488,62,countdown,-4896,1152,-1696,-37.5145,-218.182,501.403
190536326259200,71627773481529,63,countdown,-4640,1632,-2720,218.486,261.818,-522.597
190536327437200,71627774481571,64,countdown,-4736,1472,-2112,122.486,101.818,85.4026
190536328209300,71627775482071,65,countdown,-4384,1568,-2624,474.486,197.818,-426.597
190536329215900,71627776481488,66,countdown,-5184,1312,-2240,-325.514,-58.1818,-42.5974
190536330237300,71627777481446,67,countdown,-5312,1408,-2176,-453.514,37.8182,21.4026
190536331212100,71627778481529,68,countdown,-4768,1280,-2016,90.4855,-90.1818,181.403
190536332204400,71627779481321,69,countdown,-4448,1088,-1952,410.486,-282.182,245.403
190536333202700,71627780481446,70,countdown,-5024,1472,-2720,-165.514,101.818,-522.597
190536334203200,71627781481321,71,countdown,-4096,1216,-1824,762.486,-154.182,373.403
190536335203300,71627782485321,72,countdown,-5088,1312,-1600,-229.514,-58.1818,597.403
190536336199100,71627783482113,73,countdown,-4768,1280,-1728,90.4855,-90.1818,469.403
190536337197000,71627784481529,74,countdown,-4864,1376,-2144,-5.51449,5.81818,53.4026
190536338207400,71627785481613,75,countdown,-4960,1504,-2592,-101.514,133.818,-394.597
190536339213500,71627786481529,76,countdown,-4736,1600,-2304,122.486,229.818,-106.597
190536340205800,71627787481488,77,countdown,-4768,1152,-1664,90.4855,-218.182,533.403
190536341405200,71627788481404,78,countdown,-4928,1120,-3040,-69.5145,-250.182,-842.597
190536342240200,71627789482571,79,countdown,-4768,1696,-1792,90.4855,325.818,405.403
190536343233900,71627790481404,80,countdown,-4800,1344,-1984,58.4855,-26.1818,213.403
190536344192900,71627791481363,81,countdown,-4832,1184,-2272,26.4855,-186.182,-74.5974
190536345199200,71627792481363,82,countdown,-5056,1504,-2752,-197.514,133.818,-554.597
190536346206400,71627793481363,83,countdown,-4576,896,-2080,282.486,-474.182,117.403
190536347199800,71627794481279,84,countdown,-4736,1472,-2432,122.486,101.818,-234.597
190536348347000,71627795482738,85,countdown,-5152,1216,-1888,-293.514,-154.182,309.403
190536349203900,71627796481321,86,countdown,-4768,1248,-2368,90.4855,-122.182,-170.597
190536350210200,71627797481029,87,countdown,-5024,1376,-2304,-165.514,5.81818,-106.597
190536351251000,71627798481613,88,countdown,-4544,1568,-2336,314.486,197.818,-138.597
190536352200300,71627799481571,89,countdown,-5024,1376,-2112,-165.514,5.81818,85.4026
190536353204700,71627800481613,90,countdown,-4704,1216,-2112,154.486,-154.182,85.4026
190536354213900,71627801484029,91,countdown,-4416,704,-2048,442.486,-666.182,149.403
190536355209100,71627802481571,92,countdown,-4352,1248,-2624,506.486,-122.182,-426.597
190536356233400,71627803481321,93,countdown,-5536,1440,-2272,-677.514,69.8182,-74.5974
190536357224400,71627804481321,94,countdown,-4928,1792,-1984,-69.5145,421.818,213.403
190536358208400,71627805481571,95,countdown,-4576,1184,-2368,282.486,-186.182,-170.597
190536359222400,71627806481363,96,countdown,-4576,1152,-1760,282.486,-218.182,437.403
190536360212400,71627807481738,97,countdown,-4832,1440,-2208,26.4855,69.8182,-10.5974
190536361210100,71627808481446,98,countdown,-4864,1120,-1920,-5.51449,-250.182,277.403
190536362209800,71627809481238,99,countdown,-4608,1088,-1664,250.486,-282.182,533.403
190536363209400,71627810481696,100,countdown,-5344,1472,-2208,-485.514,101.818,-10.5974
190536364208700,71627811481571,101,countdown,-4768,1504,-2048,90.4855,133.818,149.403
190536365209400,71627812481779,102,countdown,-4704,1760,-1984,154.486,389.818,213.403
190536366209100,71627813481404,103,countdown,-4896,928,-2272,-37.5145,-442.182,-74.5974
190536367209100,71627814484363,104,countdown,-4576,1216,-2368,282.486,-154.182,-170.597
190536368205400,71627815481571,105,countdown,-5088,1472,-1728,-229.514,101.818,469.403
190536369204800,71627816481488,106,countdown,-5056,1408,-2080,-197.514,37.8182,117.403
190536370214200,71627817481821,107,countdown,-5312,1248,-2496,-453.514,-122.182,-298.597
190536371214300,71627818482029,108,countdown,-5344,1632,-2048,-485.514,261.818,149.403
190536372212000,71627819484529,109,countdown,-5312,1536,-2368,-453.514,165.818,-170.597
190536373210600,71627820481779,110,countdown,-4640,1440,-2048,218.486,69.8182,149.403
190536374208700,71627821481446,111,countdown,-4832,1344,-1856,26.4855,-26.1818,341.403
190536375208300,71627822482071,112,countdown,-4896,1344,-2400,-37.5145,-26.1818,-202.597
190536376210300,71627823481279,113,countdown,-4736,1984,-2464,122.486,613.818,-266.597
190536377210300,71627824482446,114,countdown,-4448,1664,-2048,410.486,293.818,149.403
190536378210200,71627825481613,115,countdown,-4768,1536,-2592,90.4855,165.818,-394.597
190536379210100,71627826481404,116,countdown,-4832,1472,-2176,26.4855,101.818,21.4026
190536380207800,71627827481488,117,countdown,-5120,1312,-2432,-261.514,-58.1818,-234.597
190536381209800,71627828481488,118,countdown,-5184,1216,-2432,-325.514,-154.182,-234.597
190536382209900,71627829482279,119,countdown,-4896,1024,-1696,-37.5145,-346.182,501.403
190536383209800,71627830482238,120,countdown,-4736,896,-2208,122.486,-474.182,-10.5974
190536384206200,71627831481404,121,countdown,-4864,1568,-1952,-5.51449,197.818,245.403
190536385205700,71627832481446,122,countdown,-4832,1664,-2368,26.4855,293.818,-170.597
190536386210500,71627833482321,123,countdown,-4928,1184,-2304,-69.5145,-186.182,-106.597
190536387223800,71627834481279,124,countdown,-4864,1248,-1920,-5.51449,-122.182,277.403
190536388218600,71627835481363,125,countdown,-5024,1760,-2144,-165.514,389.818,53.4026
190536389213200,71627836481321,126,countdown,-5472,1344,-2496,-613.514,-26.1818,-298.597
190536390210800,71627837481488,127,countdown,-4896,1760,-2464,-37.5145,389.818,-266.597
190536391210800,71627838481571,128,countdown,-5152,1408,-1536,-293.514,37.8182,661.403
190536392210100,71627839481529,129,countdown,-4928,1152,-2144,-69.5145,-218.182,53.4026
190536393208000,71627840481529,130,countdown,-5344,1568,-2400,-485.514,197.818,-202.597
190536394206500,71627841481529,131,countdown,-5024,1728,-2336,-165.514,357.818,-138.597
190536395210100,71627842481529,132,countdown,-4704,1184,-1600,154.486,-186.182,597.403
190536396210100,71627843481488,133,countdown,-4928,1696,-1984,-69.5145,325.818,213.403
190536397209800,71627844481529,134,countdown,-5152,1408,-2304,-293.514,37.8182,-106.597
190536398209700,71627845481529,135,countdown,-5088,1408,-2912,-229.514,37.8182,-714.597
190536399209600,71627846481279,136,countdown,-4832,1376,-1888,26.4855,5.81818,309.403
190536400205900,71627847482904,137,countdown,-5056,1408,-2528,-197.514,37.8182,-330.597
190536401205400,71627848482029,138,countdown,-4288,1088,-2368,570.486,-282.182,-170.597
190536402223200,71627849481446,139,countdown,-3808,1440,-2016,1050.49,69.8182,181.403
190536403224900,71627850481613,140,countdown,-4928,1184,-2048,-69.5145,-186.182,149.403
190536404214100,71627851481613,141,countdown,-4416,896,-1568,442.486,-474.182,629.403
190536405208000,71627852483113,142,countdown,-4672,1536,-2560,186.486,165.818,-362.597
190536406204600,71627853481529,143,countdown,-4640,1536,-2464,218.486,165.818,-266.597
190536407203800,71627854481404,144,countdown,-4704,1728,-2528,154.486,357.818,-330.597
190536408201600,71627855482488,145,countdown,-4768,1536,-2272,90.4855,165.818,-74.5974
190536409204500,71627856481279,146,countdown,-4288,1216,-1952,570.486,-154.182,245.403
190536410203800,71627857481488,147,countdown,-5248,1440,-2304,-389.514,69.8182,-106.597
190536411204000,71627858481321,148,countdown,-4608,992,-2112,250.486,-378.182,85.4026
190536412203700,71627859481446,149,countdown,-5376,1216,-2464,-517.514,-154.182,-266.597
190536413200600,71627860482988,150,countdown,-4800,1536,-2464,58.4855,165.818,-266.597
190536414243800,71627861481404,151,countdown,-4576,1216,-1568,282.486,-154.182,629.403
190536415217300,71627862481321,152,countdown,-5184,960,-2496,-325.514,-410.182,-298.597
190536416211600,71627863481613,153,countdown,-4608,1568,-1984,250.486,197.818,213.403
190536417214000,71627864482446,154,countdown,-4256,1472,-2112,602.486,101.818,85.4026
190536418290400,71627865481571,155,countdown,-4960,1184,-1600,-101.514,-186.182,597.403
190536419321600,71627866481571,156,countdown,-4960,1344,-1856,-101.514,-26.1818,341.403
190536420283900,71627867481571,157,countdown,-4704,1568,-2464,154.486,197.818,-266.597
190536421227000,71627868481446,158,countdown,-5056,1024,-2272,-197.514,-346.182,-74.5974
190536422199400,71627869481488,159,countdown,-5088,1184,-2784,-229.514,-186.182,-586.597
190536423213700,71627870481779,160,countdown,-4832,1088,-2656,26.4855,-282.182,-458.597
190536424210200,71627871482404,161,countdown,-4608,1024,-1696,250.486,-346.182,501.403
190536425209700,71627872482779,162,countdown,-4992,992,-1856,-133.514,-378.182,341.403
190536426209500,71627873481279,163,countdown,-4960,1536,-2272,-101.514,165.818,-74.5974
190536427429400,71627874481363,164,countdown,-4512,960,-2752,346.486,-410.182,-554.597
190536428204400,71627875481321,165,countdown,-4576,1696,-2176,282.486,325.818,21.4026
190536429209900,71627876481654,166,countdown,-4736,1312,-1472,122.486,-58.1818,725.403
190536430209400,71627877481654,167,countdown,-5312,1568,-3040,-453.514,197.818,-842.597
190536431205600,71627878481571,168,countdown,-4800,1248,-2432,58.4855,-122.182,-234.597
190536432203400,71627879481529,169,countdown,-5824,1312,-1760,-965.514,-58.1818,437.403
190536433200800,71627880481529,170,countdown,-4352,1056,-2336,506.486,-314.182,-138.597
190536434207200,71627881481613,171,countdown,-4352,1504,-2848,506.486,133.818,-650.597
190536435217300,71627882481404,172,countdown,-5216,1376,-2496,-357.514,5.81818,-298.597
190536436213200,71627883481196,173,countdown,-4864,1568,-1472,-5.51449,197.818,725.403
190536437210300,71627884481363,174,countdown,-5344,1216,-3040,-485.514,-154.182,-842.597
190536438210800,71627885481321,175,countdown,-5248,1248,-2528,-389.514,-122.182,-330.597
190536439209800,71627886481321,176,countdown,-4928,1312,-1856,-69.5145,-58.1818,341.403
190536440209800,71627887481404,177,countdown,-4960,1216,-2528,-101.514,-154.182,-330.597
190536441209700,71627888481196,178,countdown,-5472,1376,-2528,-613.514,5.81818,-330.597
190536442202900,71627889482904,179,countdown,-4832,1376,-2176,26.4855,5.81818,21.4026
190536443209900,71627890494613,180,countdown,-4416,992,-1344,442.486,-378.182,853.403
190536444209900,71627891481529,181,countdown,-4480,1120,-2656,378.486,-250.182,-458.597
190536445209700,71627892481446,182,countdown,-4864,1248,-2272,-5.51449,-122.182,-74.5974
190536446209800,71627893483988,183,countdown,-5152,1568,-2784,-293.514,197.818,-586.597
190536447204000,71627894481571,184,countdown,-4928,1600,-2624,-69.5145,229.818,-426.597
190536448203500,71627895481363,185,countdown,-4672,1600,-1984,186.486,229.818,213.403
190536449199800,71627896481446,186,countdown,-5408,1184,-2528,-549.514,-186.182,-330.597
190536450200500,71627897481446,187,countdown,-4416,1248,-2080,442.486,-122.182,117.403
190536451227800,71627898481363,188,countdown,-4608,1344,-1888,250.486,-26.1818,309.403
190536452214400,71627899481321,189,countdown,-4864,1408,-2016,-5.51449,37.8182,181.403
190536453210600,71627900481279,190,countdown,-4992,1568,-2752,-133.514,197.818,-554.597
190536454210100,71627901482779,191,countdown,-4576,1568,-1792,282.486,197.818,405.403
190536455209700,71627902481238,192,countdown,-4768,1248,-2304,90.4855,-122.182,-106.597
190536456204000,71627903481529,193,countdown,-4864,1344,-2592,-5.51449,-26.1818,-394.597
190536457210000,71627904481446,194,countdown,-4768,1312,-1664,90.4855,-58.1818,533.403
190536458208200,71627905481488,195,countdown,-4384,1312,-1952,474.486,-58.1818,245.403
190536459210100,71627906481654,196,countdown,-5472,1376,-2560,-613.514,5.81818,-362.597
190536460209900,71627907482071,197,countdown,-4704,1472,-2464,154.486,101.818,-266.597
190536461208000,71627908481446,198,countdown,-4736,1472,-2400,122.486,101.818,-202.597
190536462209700,71627909481404,199,countdown,-4640,1088,-1696,218.486,-282.182,501.403
190536463205700,71627910481863,200,countdown,-4608,1344,-2464,250.486,-26.1818,-266.597
190536464204500,71627911481488,201,countdown,-5280,1472,-2464,-421.514,101.818,-266.597
190536465205300,71627912481363,202,countdown,-5600,1504,-2656,-741.514,133.818,-458.597
190536466212300,71627913481446,203,countdown,-4832,1568,-1440,26.4855,197.818,757.403
190536467212200,71627914481321,204,countdown,-4512,1024,-2112,346.486,-346.182,85.4026
190536468211100,71627915481113,205,countdown,-4608,992,-1792,250.486,-378.182,405.403
190536469210600,71627916481529,206,countdown,-5696,1408,-2656,-837.514,37.8182,-458.597
190536470208400,71627917481446,207,countdown,-5024,1376,-1856,-165.514,5.81818,341.403
190536471210000,71627918481571,208,countdown,-4320,1408,-2272,538.486,37.8182,-74.5974
190536472210300,71627919482196,209,countdown,-5216,1664,-2048,-357.514,293.818,149.403
190536473209800,71627920482571,210,countdown,-4800,1664,-1760,58.4855,293.818,437.403
190536474209700,71627921481529,211,countdown,-4640,960,-2592,218.486,-410.182,-394.597
190536475208700,71627922482488,212,countdown,-4544,1600,-2720,314.486,229.818,-522.597
190536476209600,71627923481446,213,countdown,-4768,1440,-2464,90.4855,69.8182,-266.597
190536477209800,71627924481404,214,countdown,-4896,1408,-2144,-37.5145,37.8182,53.4026
190536478209600,71627925481363,215,countdown,-5056,1408,-2560,-197.514,37.8182,-362.597
190536479205700,71627926481488,216,countdown,-5440,1760,-2208,-581.514,389.818,-10.5974
190536480205400,71627927481446,217,countdown,-5280,1408,-2368,-421.514,37.8182,-170.597
190536481203900,71627928481238,218,countdown,-4256,1120,-2144,602.486,-250.182,53.4026
190536482231800,71627929481571,219,countdown,-5280,1408,-2464,-421.514,37.8182,-266.597
190536483211900,71627930482529,220,countdown,-5408,1216,-2752,-549.514,-154.182,-554.597
190536484483400,71627931481738,221,countdown,-5152,1600,-2208,-293.514,229.818,-10.5974
190536485205700,71627932481363,222,countdown,-4832,1248,-1760,26.4855,-122.182,437.403
190536486209600,71627933481571,223,countdown,-4704,1312,-2304,154.486,-58.1818,-106.597
190536487209300,71627934482113,224,countdown,-4832,1376,-2016,26.4855,5.81818,181.403
190536488210100,71627935482029,225,countdown,-5120,1472,-2272,-261.514,101.818,-74.5974
190536489210300,71627936481488,226,countdown,-4320,1216,-2176,538.486,-154.182,21.4026
190536490210100,71627937481321,227,countdown,-4800,1376,-2560,58.4855,5.81818,-362.597
190536491210200,71627938481321,228,countdown,-4928,832,-2112,-69.5145,-538.182,85.4026
190536492210000,71627939481321,229,countdown,-4736,1376,-2400,122.486,5.81818,-202.597
190536493210000,71627940481363,230,countdown,-4960,832,-1952,-101.514,-538.182,245.403
190536494203800,71627941481363,231,countdown,-4704,1280,-2304,154.486,-90.1818,-106.597
190536495206100,71627942481488,232,countdown,-4320,928,-2304,538.486,-442.182,-106.597
190536496206000,71627943483988,233,countdown,-4640,1472,-2464,218.486,101.818,-266.597
190536497204800,71627944481321,234,countdown,-4448,1280,-2080,410.486,-90.1818,117.403
190536498209100,71627945481404,235,countdown,-5088,1280,-2784,-229.514,-90.1818,-586.597
190536499199000,71627946481446,236,countdown,-5376,1536,-2016,-517.514,165.818,181.403
190536500202900,71627947481446,237,countdown,-4864,1888,-2144,-5.51449,517.818,53.4026
190536501206200,71627948482488,238,countdown,-4992,1280,-2240,-133.514,-90.1818,-42.5974
190536502200200,71627949481404,239,countdown,-5280,928,-1952,-421.514,-442.182,245.403
190536503198400,71627950482488,240,countdown,-4928,1280,-2432,-69.5145,-90.1818,-234.597
190536504203600,71627951481363,241,countdown,-5344,1504,-2208,-485.514,133.818,-10.5974
190536505205100,71627952481113,242,countdown,-5440,1920,-3104,-581.514,549.818,-906.597
190536506204300,71627953481321,243,countdown,-4224,1344,-1760,634.486,-26.1818,437.403
190536507216000,71627954482613,244,countdown,-4640,1536,-1504,218.486,165.818,693.403
190536508217700,71627955481571,245,countdown,-4960,1504,-2208,-101.514,133.818,-10.5974
190536509213300,71627956481446,246,countdown,-4576,1440,-1856,282.486,69.8182,341.403
190536510210200,71627957481488,247,countdown,-4864,1568,-1792,-5.51449,197.818,405.403
190536511206300,71627958481529,248,countdown,-4736,1440,-2208,122.486,69.8182,-10.5974
190536512205600,71627959481488,249,countdown,-4576,1152,-2208,282.486,-218.182,-10.5974
190536513202700,71627960483404,250,countdown,-4800,1312,-2816,58.4855,-58.1818,-618.597
190536514202900,71627961484446,251,countdown,-4736,1184,-2240,122.486,-186.182,-42.5974
190536515203000,71627962481363,252,countdown,-5216,1536,-1920,-357.514,165.818,277.403
190536516210900,71627963481363,253,countdown,-4512,896,-2048,346.486,-474.182,149.403
190536517211100,71627964481238,254,countdown,-5312,1696,-3008,-453.514,325.818,-810.597
190536518210000,71627965481571,255,countdown,-4832,1440,-1280,26.4855,69.8182,917.403
190536519209100,71627966481404,0,countdown,-5056,1344,-2144,-197.514,-26.1818,53.4026
190536520210100,71627967481446,1,countdown,-5056,1184,-2144,-197.514,-186.182,53.4026
190536521209800,71627968481404,2,countdown,-4800,1056,-2336,58.4855,-314.182,-138.597
190536522209900,71627969481571,3,countdown,-4576,1056,-2144,282.486,-314.182,53.4026
190536523210000,71627970481654,4,countdown,-4640,1312,-1760,218.486,-58.1818,437.403
190536524207700,71627971481446,5,countdown,-5920,1696,-2464,-1061.51,325.818,-266.597
190536525209800,71627972481696,6,countdown,-4960,1344,-2048,-101.514,-26.1818,149.403
190536526210000,71627973482654,7,countdown,-4448,1280,-2528,410.486,-90.1818,-330.597
190536527204700,71627974481404,8,countdown,-4512,704,-1888,346.486,-666.182,309.403
190536528206000,71627975481488,9,countdown,-4704,1536,-1952,154.486,165.818,245.403
190536529205600,71627976481363,10,countdown,-4576,1408,-2784,282.486,37.8182,-586.597
190536530201000,71627977481446,11,countdown,-4640,1600,-1824,218.486,229.818,373.403
190536531204500,71627978481988,12,countdown,-4864,1408,-1664,-5.51449,37.8182,533.403
190536532213000,71627979481321,13,countdown,-5120,1696,-2336,-261.514,325.818,-138.597
190536533209000,71627980481279,14,countdown,-4832,1344,-1760,26.4855,-26.1818,437.403
190536534207900,71627981481321,15,countdown,-4704,1344,-1856,154.486,-26.1818,341.403
190536535210000,71627982481446,16,countdown,-5152,1312,-1856,-293.514,-58.1818,341.403
190536536210400,71627983481821,17,countdown,-4960,1504,-2496,-101.514,133.818,-298.597
190536537210300,71627984481488,18,countdown,-5024,1952,-2688,-165.514,581.818,-490.597
190536538210100,71627985481488,19,countdown,-4224,1152,-1568,634.486,-218.182,629.403
190536539210400,71627986481404,20,countdown,-4608,1568,-2016,250.486,197.818,181.403
190536540210200,71627987481404,21,countdown,-4352,1088,-2496,506.486,-282.182,-298.597
190536541208200,71627988481446,22,countdown,-4832,1696,-2400,26.4855,325.818,-202.597
190536542210000,71627989481321,23,countdown,-4960,1536,-1920,-101.514,165.818,277.403
190536543204100,71627990482904,24,countdown,-4704,1568,-1952,154.486,197.818,245.403
190536544203700,71627991481238,25,countdown,-4832,1440,-2240,26.4855,69.8182,-42.5974
190536545205600,71627992481404,26,countdown,-4768,1216,-2176,90.4855,-154.182,21.4026
190536546202400,71627993481321,27,countdown,-5248,1440,-1984,-389.514,69.8182,213.403
190536547211500,71627994481196,28,rotation-trial,-4576,1280,-2080,282.486,-90.1818,117.403
190536548212400,71627995481154,29,rotation-trial,-4544,800,-2240,314.486,-570.182,-42.5974
190536549208400,71627996481446,30,rotation-trial,-4800,928,-1952,58.4855,-442.182,245.403
190536550207900,71627997482113,31,rotation-trial,-4928,1376,-2784,-69.5145,5.81818,-586.597
190536551209800,71627998482529,32,rotation-trial,-5344,1280,-1888,-485.514,-90.1818,309.403
190536552516200,71627999481363,33,rotation-trial,-5376,1280,-2336,-517.514,-90.1818,-138.597
190536553201600,71628000481529,34,rotation-trial,-4928,1024,-2176,-69.5145,-346.182,21.4026
190536554210100,71628001481446,35,rotation-trial,-5152,1280,-2912,-293.514,-90.1818,-714.597
190536555209900,71628002481404,36,rotation-trial,-5216,1376,-2048,-357.514,5.81818,149.403
190536556207900,71628003481321,37,rotation-trial,-5024,1664,-2176,-165.514,293.818,21.4026
190536557210000,71628004481238,38,rotation-trial,-4800,1376,-2400,58.4855,5.81818,-202.597
190536558209700,71628005481404,39,rotation-trial,-4288,1280,-2432,570.486,-90.1818,-234.597
190536559206000,71628006481279,40,rotation-trial,-5248,1280,-2368,-389.514,-90.1818,-170.597
190536560205800,71628007482821,41,rotation-trial,-4224,1632,-2080,634.486,261.818,117.403
190536561205500,71628008481571,42,rotation-trial,-5152,1792,-2656,-293.514,421.818,-458.597
190536562201300,71628009481529,43,rotation-trial,-4640,1216,-2304,218.486,-154.182,-106.597
190536563203300,71628010494529,44,rotation-trial,-4352,992,-1888,506.486,-378.182,309.403
190536565750200,71628011483029,45,rotation-trial,-4800,1056,-2208,58.4855,-314.182,-10.5974
190536565775000,71628012481779,46,rotation-trial,-4992,1504,-2240,-133.514,133.818,-42.5974
190536566205100,71628013481363,47,rotation-trial,-4320,1472,-2112,538.486,101.818,85.4026
190536567202200,71628014481029,48,rotation-trial,-5088,1536,-1824,-229.514,165.818,373.403
190536568203200,71628015481571,49,rotation-trial,-4928,1632,-2304,-69.5145,261.818,-106.597
190536569204000,71628016481404,50,rotation-trial,-5184,1472,-2560,-325.514,101.818,-362.597
190536570203700,71628017481404,51,rotation-trial,-4448,1344,-1856,410.486,-26.1818,341.403
190536571201900,71628018481404,52,rotation-trial,-4480,1536,-2080,378.486,165.818,117.403
190536572201300,71628019481279,53,rotation-trial,-4608,1536,-2112,250.486,165.818,85.4026
190536573204100,71628020484113,54,rotation-trial,-4800,1440,-2080,58.4855,69.8182,117.403
190536574203700,71628021481279,55,rotation-trial,-4928,1120,-2368,-69.5145,-250.182,-170.597
190536578435900,71628022482571,56,rotation-trial,-5536,1664,-1760,-677.514,293.818,437.403
190536578462000,71628023481404,57,rotation-trial,-5088,1568,-2368,-229.514,197.818,-170.597
190536578469400,71628024481404,58,rotation-trial,-4384,1536,-2112,474.486,165.818,85.4026
190536578475400,71628025481529,59,rotation-trial,-5120,1376,-2144,-261.514,5.81818,53.4026
190536579260200,71628026481363,60,rotation-trial,-5056,1920,-2208,-197.514,549.818,-10.5974
190536580327700,71628027481446,61,rotation-trial,-4960,1440,-2400,-101.514,69.8182,-202.597
190536581225700,71628028481404,62,rotation-trial,-4480,1408,-2208,378.486,37.8182,-10.5974
190536582227400,71628029481446,63,rotation-trial,-4768,1280,-2336,90.4855,-90.1818,-138.597
190536583208900,71628030481363,64,rotation-trial,-5184,1472,-2368,-325.514,101.818,-170.597
190536584210900,71628031481279,65,rotation-trial,-5088,1600,-2048,-229.514,229.818,149.403
190536585209800,71628032481571,66,rotation-trial,-4640,1312,-2464,218.486,-58.1818,-266.597
190536586208100,71628033481279,67,rotation-trial,-5696,1504,-2208,-837.514,133.818,-10.5974
190536587207300,71628034481404,68,rotation-trial,-4736,1888,-2080,122.486,517.818,117.403
190536588209100,71628035481446,69,rotation-trial,-5088,1472,-2496,-229.514,101.818,-298.597
190536589207200,71628036481446,70,rotation-trial,-4768,1536,-2368,90.4855,165.818,-170.597
190536590209200,71628037481696,71,rotation-trial,-4832,1664,-2464,26.4855,293.818,-266.597
190536591205200,71628038481488,72,rotation-trial,-4608,1536,-2240,250.486,165.818,-42.5974
190536592203200,71628039481529,73,rotation-trial,-5056,1376,-2432,-197.514,5.81818,-234.597
190536593204900,71628040481488,74,rotation-trial,-4544,1376,-1440,314.486,5.81818,757.403
190536594226400,71628041481446,75,rotation-trial,-5312,1504,-2560,-453.514,133.818,-362.597
190536595217800,71628042482279,76,rotation-trial,-4448,1248,-1888,410.486,-122.182,309.403
190536596213100,71628043481279,77,rotation-trial,-4800,1408,-2432,58.4855,37.8182,-234.597
190536597223100,71628044482154,78,rotation-trial,-5088,1408,-2304,-229.514,37.8182,-106.597
190536598274800,71628045481363,79,rotation-trial,-5376,1600,-2464,-517.514,229.818,-266.597
190536599226300,71628046483696,80,rotation-trial,-4800,1184,-1856,58.4855,-186.182,341.403
190536600212500,71628047481363,81,rotation-trial,-4832,1344,-2048,26.4855,-26.1818,149.403
190536601202300,71628048481696,82,rotation-trial,-5056,1568,-2112,-197.514,197.818,85.4026
190536602208600,71628049482821,83,rotation-trial,-4608,1152,-1984,250.486,-218.182,213.403
190536603209200,71628050481529,84,rotation-trial,-4544,960,-1824,314.486,-410.182,373.403
190536604209500,71628051481654,85,rotation-trial,-5088,1504,-2400,-229.514,133.818,-202.597
190536605209000,71628052481404,86,rotation-trial,-4992,1408,-2560,-133.514,37.8182,-362.597
190536606209100,71628053481363,87,rotation-trial,-4864,1344,-2176,-5.51449,-26.1818,21.4026
190536607204900,71628054481446,88,rotation-trial,-4800,1440,-2112,58.4855,69.8182,85.4026
190536608203900,71628055481279,89,rotation-trial,-4864,1056,-2176,-5.51449,-314.182,21.4026
190536609203000,71628056481529,90,rotation-trial,-5344,1408,-2304,-485.514,37.8182,-106.597
190536610223700,71628057481279,91,rotation-trial,-4576,1376,-2336,282.486,5.81818,-138.597
190536611215000,71628058481279,92,rotation-trial,-4960,1856,-2272,-101.514,485.818,-74.5974
190536612206300,71628059481404,93,rotation-trial,-4640,1184,-2240,218.486,-186.182,-42.5974
190536613224500,71628060481488,94,rotation-trial,-5152,1216,-2304,-293.514,-154.182,-106.597
190536614211900,71628061481654,95,rotation-trial,-5088,1184,-1792,-229.514,-186.182,405.403
190536615210100,71628062481529,96,rotation-trial,-4320,1120,-1888,538.486,-250.182,309.403
190536616203600,71628063481946,97,rotation-trial,-4224,1344,-1824,634.486,-26.1818,373.403
190536617209400,71628064481488,98,rotation-trial,-5120,1216,-2336,-261.514,-154.182,-138.597
190536618209500,71628065481529,99,rotation-trial,-4576,1440,-2400,282.486,69.8182,-202.597
190536619208700,71628066481863,100,rotation-trial,-5120,1056,-2176,-261.514,-314.182,21.4026
190536620209400,71628067481404,101,rotation-trial,-4960,1216,-2112,-101.514,-154.182,85.4026
190536621209500,71628068481363,102,rotation-trial,-4736,1696,-2048,122.486,325.818,149.403
190536622209400,71628069481446,103,rotation-trial,-5248,1376,-2528,-389.514,5.81818,-330.597
190536623205600,71628070481446,104,rotation-trial,-4960,1248,-1888,-101.514,-122.182,309.403
190536624205400,71628071481446,105,rotation-trial,-5120,1600,-2368,-261.514,229.818,-170.597
190536625203800,71628072481779,106,rotation-trial,-4224,1504,-1728,634.486,133.818,469.403
190536626596600,71628073482321,107,rotation-trial,-5024,1216,-2080,-165.514,-154.182,117.403
190536627272700,71628074481488,108,rotation-trial,-4992,1504,-2272,-133.514,133.818,-74.5974
190536628811600,71628075481321,109,rotation-trial,-4480,1472,-2112,378.486,101.818,85.4026
190536629286500,71628076481613,110,rotation-trial,-4800,1120,-2048,58.4855,-250.182,149.403
190536630213500,71628077481404,111,rotation-trial,-4640,1536,-2464,218.486,165.818,-266.597
190536631230500,71628078481446,112,rotation-trial,-5056,1408,-2176,-197.514,37.8182,21.4026
190536632356500,71628079481363,113,rotation-trial,-5120,1024,-2304,-261.514,-346.182,-106.597
190536633249600,71628080481363,114,rotation-trial,-4416,1408,-1792,442.486,37.8182,405.403
190536634214300,71628081481529,115,rotation-trial,-5216,864,-2432,-357.514,-506.182,-234.597
190536635208000,71628082482238,116,rotation-trial,-4992,1344,-2176,-133.514,-26.1818,21.4026
190536636206500,71628083481363,117,rotation-trial,-4576,1312,-2080,282.486,-58.1818,117.403
190536637210200,71628084481363,118,rotation-trial,-4896,1696,-1984,-37.5145,325.818,213.403
190536638211400,71628085481321,119,rotation-trial,-4992,1248,-1888,-133.514,-122.182,309.403
190536639211800,71628086481321,120,rotation-trial,-4928,1152,-2080,-69.5145,-218.182,117.403
190536640209900,71628087481238,121,rotation-trial,-4768,1280,-2400,90.4855,-90.1818,-202.597
190536641208700,71628088482904,122,rotation-trial,-4512,1344,-2048,346.486,-26.1818,149.403
190536642199000,71628089481488,123,rotation-trial,-5344,1184,-2688,-485.514,-186.182,-490.597
190536643200800,71628090481529,124,rotation-trial,-5248,1376,-2048,-389.514,5.81818,149.403
190536644203300,71628091482279,125,rotation-trial,-5120,1504,-2080,-261.514,133.818,117.403
190536645203400,71628092481488,126,rotation-trial,-5344,1376,-1888,-485.514,5.81818,309.403
190536646202900,71628093481488,127,rotation-trial,-4640,1280,-2464,218.486,-90.1818,-266.597
190536647202100,71628094481404,128,rotation-trial,-4608,1472,-2176,250.486,101.818,21.4026
190536648199300,71628095481404,129,rotation-trial,-5664,1152,-2304,-805.514,-218.182,-106.597
190536649198100,71628096481488,130,rotation-trial,-4512,1504,-2048,346.486,133.818,149.403
190536650202100,71628097481279,131,rotation-trial,-5408,1312,-1888,-549.514,-58.1818,309.403
190536651206200,71628098481363,132,rotation-trial,-4864,1216,-2592,-5.51449,-154.182,-394.597
190536652206000,71628099481238,133,rotation-trial,-4768,1216,-1760,90.4855,-154.182,437.403
190536653205400,71628100483029,134,rotation-trial,-4320,1184,-2112,538.486,-186.182,85.4026
190536654208100,71628101482196,135,rotation-trial,-4768,1696,-3040,90.4855,325.818,-842.597
190536655208100,71628102481404,136,rotation-trial,-5344,1760,-2720,-485.514,389.818,-522.597
190536656209700,71628103481488,137,rotation-trial,-4992,1120,-2048,-133.514,-250.182,149.403
190536657211000,71628104481321,138,rotation-trial,-5120,1120,-1760,-261.514,-250.182,437.403
190536658198400,71628105481071,139,rotation-trial,-5472,1600,-2528,-613.514,229.818,-330.597
190536659214000,71628106481571,140,rotation-trial,-4352,768,-1728,506.486,-602.182,469.403
190536660211500,71628107481446,141,rotation-trial,-5312,1312,-2368,-453.514,-58.1818,-170.597
190536661205400,71628108481363,142,rotation-trial,-4672,1568,-2656,186.486,197.818,-458.597
190536662223300,71628109481363,143,rotation-trial,-5344,1024,-3008,-485.514,-346.182,-810.597
190536663207300,71628110481529,144,rotation-trial,-4064,1632,-1792,794.486,261.818,405.403
190536664208700,71628111481404,145,rotation-trial,-5184,1632,-1696,-325.514,261.818,501.403
190536665208300,71628112481238,146,rotation-trial,-5184,1568,-2144,-325.514,197.818,53.4026
190536666208000,71628113481779,147,rotation-trial,-4576,1056,-1984,282.486,-314.182,213.403
190536667205900,71628114481488,148,rotation-trial,-4576,1344,-1856,282.486,-26.1818,341.403
190536668208700,71628115481321,149,rotation-trial,-4960,1440,-1856,-101.514,69.8182,341.403
190536669209800,71628116481613,150,rotation-trial,-4832,1408,-2208,26.4855,37.8182,-10.5974
190536670212100,71628117481321,151,rotation-trial,-5088,1376,-2304,-229.514,5.81818,-106.597
190536671211900,71628118481488,152,rotation-trial,-5120,1248,-1984,-261.514,-122.182,213.403
190536672211400,71628119481321,153,rotation-trial,-4704,1472,-2816,154.486,101.818,-618.597
190536673212700,71628120480988,154,rotation-trial,-4800,1312,-1696,58.4855,-58.1818,501.403
190536674313700,71628121482738,155,rotation-trial,-5024,1152,-2208,-165.514,-218.182,-10.5974
190536675210300,71628122482279,156,rotation-trial,-5248,1696,-2880,-389.514,325.818,-682.597
190536676211300,71628123481363,157,rotation-trial,-5248,1632,-2560,-389.514,261.818,-362.597
190536677208000,71628124481279,158,rotation-trial,-5152,1024,-2432,-293.514,-346.182,-234.597
190536678204800,71628125481904,159,rotation-trial,-4800,1568,-2080,58.4855,197.818,117.403
190536679209700,71628126482904,160,rotation-trial,-4384,832,-2336,474.486,-538.182,-138.597
190536680209200,71628127481488,161,rotation-trial,-5120,1216,-1952,-261.514,-154.182,245.403
190536681208200,71628128481488,162,rotation-trial,-4512,864,-2272,346.486,-506.182,-74.5974
190536682209100,71628129481488,163,rotation-trial,-4800,992,-1888,58.4855,-378.182,309.403
190536683208900,71628130482363,164,rotation-trial,-4640,1696,-2496,218.486,325.818,-298.597
190536684209000,71628131481571,165,rotation-trial,-4800,1184,-1568,58.4855,-186.182,629.403
190536685209000,71628132481404,166,rotation-trial,-4768,1088,-2240,90.4855,-282.182,-42.5974
190536686206900,71628133481446,167,rotation-trial,-5152,1472,-1728,-293.514,101.818,469.403
190536687205000,71628134481321,168,rotation-trial,-5120,1568,-1760,-261.514,197.818,437.403
190536688203200,71628135481404,169,rotation-trial,-4992,1280,-1888,-133.514,-90.1818,309.403
190536689205400,71628136481363,170,rotation-trial,-4704,1344,-2080,154.486,-26.1818,117.403
190536690225300,71628137481321,171,rotation-trial,-5568,1600,-2048,-709.514,229.818,149.403
190536691215300,71628138481363,172,rotation-trial,-5152,1184,-2368,-293.514,-186.182,-170.597
190536692209900,71628139481363,173,rotation-trial,-4736,1152,-2176,122.486,-218.182,21.4026
190536693210600,71628140481238,174,rotation-trial,-5120,1696,-2336,-261.514,325.818,-138.597
190536694202800,71628141481446,175,rotation-trial,-4800,1632,-2176,58.4855,261.818,21.4026
190536695198200,71628142481279,176,rotation-trial,-4160,1472,-2592,698.486,101.818,-394.597
190536696204300,71628143481488,177,rotation-trial,-4832,1280,-2560,26.4855,-90.1818,-362.597
190536697210100,71628144481321,178,rotation-trial,-4288,1056,-2080,570.486,-314.182,117.403
190536698209600,71628145481613,179,rotation-trial,-5248,1536,-2144,-389.514,165.818,53.4026
190536699209500,71628146481279,180,rotation-trial,-4736,1344,-2592,122.486,-26.1818,-394.597
190536700209500,71628147482113,181,rotation-trial,-4928,1280,-2144,-69.5145,-90.1818,53.4026
190536701209600,71628148481613,182,rotation-trial,-4224,1120,-1920,634.486,-250.182,277.403
190536702209500,71628149482321,183,rotation-trial,-4672,1504,-2400,186.486,133.818,-202.597
190536703206100,71628150481446,184,rotation-trial,-4768,1472,-2784,90.4855,101.818,-586.597
190536704199200,71628151481279,185,rotation-trial,-4896,1504,-1888,-37.5145,133.818,309.403
190536705203100,71628152480904,186,rotation-trial,-4704,1344,-2016,154.486,-26.1818,181.403
190536706203400,71628153481363,187,rotation-trial,-4992,1280,-1664,-133.514,-90.1818,533.403
190536707209800,71628154481654,188,rotation-trial,-5280,1152,-1952,-421.514,-218.182,245.403
190536708212300,71628155483821,189,rotation-trial,-5056,1088,-2816,-197.514,-282.182,-618.597
190536709210300,71628156482946,190,rotation-trial,-5024,1184,-2400,-165.514,-186.182,-202.597
190536710209900,71628157481488,191,rotation-trial,-5600,1376,-2784,-741.514,5.81818,-586.597
190536711209600,71628158481404,192,rotation-trial,-5184,1440,-2656,-325.514,69.8182,-458.597
190536712207700,71628159481321,193,rotation-trial,-5024,1760,-2048,-165.514,389.818,149.403
190536713209600,71628160481279,194,rotation-trial,-5216,1568,-2176,-357.514,197.818,21.4026
190536714207500,71628161481363,195,rotation-trial,-5344,1152,-2176,-485.514,-218.182,21.4026
190536715209700,71628162481613,196,rotation-trial,-4320,1376,-2080,538.486,5.81818,117.403
190536716207300,71628163481196,197,rotation-trial,-5152,1056,-2176,-293.514,-314.182,21.4026
190536717209100,71628164481238,198,rotation-trial,-4928,1632,-2272,-69.5145,261.818,-74.5974
190536718209300,71628165481321,199,rotation-trial,-4992,1856,-1536,-133.514,485.818,661.403
190536719204900,71628166481363,200,rotation-trial,-5600,1664,-2272,-741.514,293.818,-74.5974
190536720205200,71628167481529,201,rotation-trial,-4640,864,-1728,218.486,-506.182,469.403
190536721205200,71628168481488,202,rotation-trial,-5056,960,-2112,-197.514,-410.182,85.4026
190536722209900,71628169481404,203,rotation-trial,-4768,1440,-2560,90.4855,69.8182,-362.597
190536723199800,71628170481446,204,rotation-trial,-4896,1472,-1600,-37.5145,101.818,597.403
190536724198300,71628171481321,205,rotation-trial,-5184,1792,-2400,-325.514,421.818,-202.597
190536725198200,71628172481279,206,rotation-trial,-4672,1376,-1536,186.486,5.81818,661.403
190536726216900,71628173482738,207,rotation-trial,-4384,2048,-1664,474.486,677.818,533.403
190536727210100,71628174481238,208,rotation-trial,-4448,896,-1952,410.486,-474.182,245.403
190536728209700,71628175481321,209,rotation-trial,-5216,1216,-2240,-357.514,-154.182,-42.5974
190536729209700,71628176482321,210,rotation-trial,-4992,1344,-2240,-133.514,-26.1818,-42.5974
190536730208500,71628177481321,211,rotation-trial,-4704,1664,-2336,154.486,293.818,-138.597
190536731209500,71628178481238,212,rotation-trial,-4832,1536,-2080,26.4855,165.818,117.403
190536732207500,71628179481238,213,rotation-trial,-4896,1728,-2208,-37.5145,357.818,-10.5974
190536733209300,71628180481321,214,rotation-trial,-4480,1440,-2528,378.486,69.8182,-330.597
190536734209400,71628181481363,215,rotation-trial,-4896,1440,-1952,-37.5145,69.8182,245.403
190536735205800,71628182481404,216,rotation-trial,-5120,1280,-2176,-261.514,-90.1818,21.4026
190536736205500,71628183481446,217,rotation-trial,-4800,1504,-2208,58.4855,133.818,-10.5974
190536737203000,71628184481488,218,rotation-trial,-5504,1504,-2048,-645.514,133.818,149.403
190536738201100,71628185481404,219,rotation-trial,-5024,1664,-2080,-165.514,293.818,117.403
190536739216900,71628186481363,220,rotation-trial,-4896,1312,-1856,-37.5145,-58.1818,341.403
190536740210200,71628187481404,221,rotation-trial,-5536,1280,-2336,-677.514,-90.1818,-138.597
190536741209500,71628188481238,222,rotation-trial,-4832,1408,-2432,26.4855,37.8182,-234.597
190536742209500,71628189483863,223,rotation-trial,-4544,1696,-2304,314.486,325.818,-106.597
190536743207400,71628190481363,224,rotation-trial,-5088,1600,-1664,-229.514,229.818,533.403
190536744209400,71628191481113,225,rotation-trial,-4928,1728,-2016,-69.5145,357.818,181.403
190536745209000,71628192481363,226,rotation-trial,-4864,1376,-2144,-5.51449,5.81818,53.4026
190536746209500,71628193481488,227,rotation-trial,-5280,1312,-1984,-421.514,-58.1818,213.403
190536747207200,71628194481488,228,rotation-trial,-4960,1120,-2144,-101.514,-250.182,53.4026
190536748207700,71628195482113,229,rotation-trial,-5216,1472,-2656,-357.514,101.818,-458.597
190536749209200,71628196482988,230,rotation-trial,-5248,1952,-2496,-389.514,581.818,-298.597
190536750209100,71628197482071,231,rotation-trial,-4896,1440,-1824,-37.5145,69.8182,373.403
190536751205400,71628198481363,232,rotation-trial,-5120,1664,-2144,-261.514,293.818,53.4026
190536752204000,71628199480904,233,rotation-trial,-5120,1376,-2336,-261.514,5.81818,-138.597
190536753204900,71628200481363,234,rotation-trial,-4576,1632,-2272,282.486,261.818,-74.5974
190536754209700,71628201481363,235,rotation-trial,-5056,1120,-1792,-197.514,-250.182,405.403
190536755204200,71628202481321,236,rotation-trial,-4640,1376,-1760,218.486,5.81818,437.403
190536756220500,71628203481279,237,rotation-trial,-4416,1376,-2080,442.486,5.81818,117.403
190536757206500,71628204481321,238,rotation-trial,-5248,1536,-2112,-389.514,165.818,85.4026
190536758199500,71628205481279,239,rotation-trial,-4448,1248,-2336,410.486,-122.182,-138.597
190536759198200,71628206481238,240,rotation-trial,-4192,1280,-2400,666.486,-90.1818,-202.597
190536760198800,71628207481613,241,rotation-trial,-4576,1472,-2912,282.486,101.818,-714.597
190536761197900,71628208481404,242,rotation-trial,-4480,1504,-1888,378.486,133.818,309.403
190536762206100,71628209481488,243,rotation-trial,-4608,1120,-1984,250.486,-250.182,213.403
190536763215100,71628210481446,244,rotation-trial,-5472,1632,-2688,-613.514,261.818,-490.597
190536764210700,71628211481196,245,rotation-trial,-4896,1472,-2688,-37.5145,101.818,-490.597
190536765198200,71628212481571,246,rotation-trial,-5024,1504,-2400,-165.514,133.818,-202.597
190536766197000,71628213481529,247,rotation-trial,-4480,1152,-1696,378.486,-218.182,501.403
190536767197400,71628214482113,248,rotation-trial,-5440,1472,-1824,-581.514,101.818,373.403
190536768197700,71628215481321,249,rotation-trial,-5184,1504,-2176,-325.514,133.818,21.4026
190536769209000,71628216481321,250,rotation-trial,-5216,1472,-2432,-357.514,101.818,-234.597
190536770204900,71628217481321,251,rotation-trial,-4896,1472,-2048,-37.5145,101.818,149.403
190536771199400,71628218481238,252,rotation-trial,-4416,1568,-2048,442.486,197.818,149.403
190536772211200,71628219481321,253,rotation-trial,-4160,1024,-1696,698.486,-346.182,501.403
190536773207800,71628220481821,254,rotation-trial,-5440,1632,-2528,-581.514,261.818,-330.597
190536774216200,71628221483363,255,rotation-trial,-5152,1536,-2272,-293.514,165.818,-74.5974
190536775202400,71628222482946,0,rotation-trial,-5376,1792,-2144,-517.514,421.818,53.4026
190536776196400,71628223481404,1,rotation-trial,-4160,1248,-2016,698.486,-122.182,181.403
190536777197600,71628224481404,2,rotation-trial,-4896,1504,-2272,-37.5145,133.818,-74.5974
190536778197500,71628225481363,3,rotation-trial,-4992,1184,-2016,-133.514,-186.182,181.403
190536779198500,71628226481446,4,rotation-trial,-4800,1568,-2592,58.4855,197.818,-394.597
190536780199000,71628227481321,5,rotation-trial,-5376,1248,-2240,-517.514,-122.182,-42.5974
190536781199000,71628228481279,6,rotation-trial,-4800,1952,-2208,58.4855,581.818,-10.5974
190536782198300,71628229481321,7,rotation-trial,-5088,1696,-2720,-229.514,325.818,-522.597
190536783201500,71628230482446,8,rotation-trial,-4576,960,-2208,282.486,-410.182,-10.5974
190536784199800,71628231481904,9,rotation-trial,-5024,1696,-2080,-165.514,325.818,117.403
190536785202100,71628232482863,10,rotation-trial,-4832,1312,-2208,26.4855,-58.1818,-10.5974
190536786211300,71628233481488,11,rotation-trial,-4608,1344,-2304,250.486,-26.1818,-106.597
190536787200200,71628234481446,12,rotation-trial,-3840,1696,-1728,1018.49,325.818,469.403
190536788207000,71628235481404,13,rotation-trial,-4640,1376,-2080,218.486,5.81818,117.403
190536789207600,71628236481363,14,rotation-trial,-4672,1248,-1760,186.486,-122.182,437.403
190536790210600,71628237481321,15,rotation-trial,-4704,1696,-2240,154.486,325.818,-42.5974
190536791210200,71628238482196,16,rotation-trial,-4768,1920,-2304,90.4855,549.818,-106.597
190536792210000,71628239481446,17,rotation-trial,-4736,1664,-2304,122.486,293.818,-106.597
190536793209800,71628240481321,18,rotation-trial,-4896,1600,-1568,-37.5145,229.818,629.403
190536794210300,71628241481279,19,rotation-trial,-4736,1920,-2048,122.486,549.818,149.403
190536795202300,71628242481446,20,rotation-trial,-4896,1504,-2400,-37.5145,133.818,-202.597
190536796203600,71628243481488,21,rotation-trial,-4832,1536,-2624,26.4855,165.818,-426.597
190536797204700,71628244481946,22,rotation-trial,-4608,1184,-2208,250.486,-186.182,-10.5974
190536798210300,71628245481238,23,rotation-trial,-5312,1888,-2944,-453.514,517.818,-746.597
190536799206100,71628246483238,24,rotation-trial,-4352,1472,-2112,506.486,101.818,85.4026
190536800205600,71628247481529,25,rotation-trial,-5504,1728,-2368,-645.514,357.818,-170.597
190536801203400,71628248481404,26,rotation-trial,-4352,1792,-2624,506.486,421.818,-426.597
190536802226000,71628249481488,27,rotation-trial,-4960,1152,-1824,-101.514,-218.182,373.403
190536803222300,71628250481446,28,rotation-trial,-4576,1184,-1856,282.486,-186.182,341.403
190536804224100,71628251482821,29,rotation-trial,-4352,928,-2208,506.486,-442.182,-10.5974
190536805214000,71628252481321,30,rotation-trial,-4960,960,-2240,-101.514,-410.182,-42.5974
190536806220100,71628253485696,31,rotation-trial,-4160,1024,-1408,698.486,-346.182,789.403
190536807211400,71628254481279,32,rotation-trial,-5216,1920,-3104,-357.514,549.818,-906.597
190536808210100,71628255482071,33,rotation-trial,-4288,1408,-1728,570.486,37.8182,469.403
190536809207800,71628256481279,34,rotation-trial,-4800,1728,-2240,58.4855,357.818,-42.5974
190536810209400,71628257481238,35,rotation-trial,-5344,1056,-1920,-485.514,-314.182,277.403
190536811210000,71628258480988,36,rotation-trial,-5024,1568,-3264,-165.514,197.818,-1066.6
190536812211900,71628259481613,37,rotation-trial,-4800,1472,-1984,58.4855,101.818,213.403
190536813210100,71628260481529,38,rotation-trial,-4320,1440,-1696,538.486,69.8182,501.403
190536814209700,71628261481571,39,rotation-trial,-4960,800,-2208,-101.514,-570.182,-10.5974
190536815205400,71628262481446,40,rotation-trial,-5024,1440,-2784,-165.514,69.8182,-586.597
190536816203200,71628263481571,41,rotation-trial,-5056,1408,-1952,-197.514,37.8182,245.403
190536817199900,71628264481446,42,rotation-trial,-5120,1696,-2112,-261.514,325.818,85.4026
190536818206100,71628265481196,43,rotation-trial,-4800,1248,-2592,58.4855,-122.182,-394.597
190536819209000,71628266481404,44,rotation-trial,-5056,1120,-2176,-197.514,-250.182,21.4026
190536820209400,71628267481363,45,rotation-trial,-4480,1152,-1856,378.486,-218.182,341.403
190536821209300,71628268481363,46,rotation-trial,-4224,1216,-1600,634.486,-154.182,597.403
190536822207400,71628269481404,47,rotation-trial,-4832,1600,-2240,26.4855,229.818,-42.5974
190536823209300,71628270481321,48,rotation-trial,-4864,1280,-2272,-5.51449,-90.1818,-74.5974
190536824209500,71628271481238,49,rotation-trial,-5024,1344,-2304,-165.514,-26.1818,-106.597
190536825209200,71628272481446,50,rotation-trial,-5056,1408,-1792,-197.514,37.8182,405.403
190536826209300,71628273481613,51,rotation-trial,-4640,1440,-2208,218.486,69.8182,-10.5974
190536827209100,71628274481446,52,rotation-trial,-4480,1568,-2592,378.486,197.818,-394.597
190536828209100,71628275481404,53,rotation-trial,-4608,1024,-2336,250.486,-346.182,-138.597
190536829207300,71628276481363,54,rotation-trial,-4544,1088,-2560,314.486,-282.182,-362.597
190536830209200,71628277481404,55,rotation-trial,-4896,1312,-1888,-37.5145,-58.1818,309.403
190536831205200,71628278481488,56,rotation-trial,-4192,1728,-2784,666.486,357.818,-586.597
190536832203200,71628279481321,57,rotation-trial,-5312,1760,-2688,-453.514,389.818,-490.597
190536833223500,71628280481321,58,rotation-trial,-4288,1216,-2176,570.486,-154.182,21.4026
190536834210500,71628281481446,59,rotation-trial,-5152,1504,-2336,-293.514,133.818,-138.597
190536835205300,71628282481363,60,rotation-trial,-4672,1472,-1920,186.486,101.818,277.403
190536836211100,71628283481279,61,rotation-trial,-5024,1504,-2624,-165.514,133.818,-426.597
190536837210600,71628284481196,62,rotation-trial,-4672,1056,-2048,186.486,-314.182,149.403
190536838210500,71628285481238,63,rotation-trial,-4864,1120,-2240,-5.51449,-250.182,-42.5974
190536839210300,71628286481488,64,rotation-trial,-4576,1312,-1824,282.486,-58.1818,373.403
190536840210100,71628287481321,65,rotation-trial,-4800,1472,-2592,58.4855,101.818,-394.597
190536841210400,71628288481571,66,rotation-trial,-5344,1408,-2112,-485.514,37.8182,85.4026
190536842210300,71628289481404,67,rotation-trial,-4448,1472,-1888,410.486,101.818,309.403
190536843212400,71628290482738,68,rotation-trial,-5440,1760,-2272,-581.514,389.818,-74.5974
190536844210500,71628291481529,69,rotation-trial,-4832,992,-1856,26.4855,-378.182,341.403
190536845210200,71628292481321,70,rotation-trial,-4800,2016,-2528,58.4855,645.818,-330.597
190536846210300,71628293481404,71,rotation-trial,-4960,1728,-2656,-101.514,357.818,-458.597
190536847206400,71628294481154,72,rotation-trial,-4960,1632,-1856,-101.514,261.818,341.403
190536848206000,71628295481279,73,rotation-trial,-4800,1888,-2176,58.4855,517.818,21.4026
190536849202400,71628296481279,74,rotation-trial,-4832,1472,-2464,26.4855,101.818,-266.597
190536850198000,71628297482696,75,rotation-trial,-4736,1344,-2144,122.486,-26.1818,53.4026
190536851202500,71628298481363,76,rotation-trial,-4544,1344,-1888,314.486,-26.1818,309.403
190536852213800,71628299481488,77,rotation-trial,-4448,1472,-2208,410.486,101.818,-10.5974
190536853211600,71628300481571,78,rotation-trial,-5248,1792,-2624,-389.514,421.818,-426.597
190536854205400,71628301481488,79,rotation-trial,-4352,1280,-1792,506.486,-90.1818,405.403
190536855210000,71628302481404,80,rotation-trial,-5056,1824,-2144,-197.514,453.818,53.4026
190536856209800,71628303481488,81,rotation-trial,-4928,1504,-1952,-69.5145,133.818,245.403
190536857209800,71628304481446,82,rotation-trial,-4448,1024,-1824,410.486,-346.182,373.403
190536858207600,71628305481446,83,rotation-trial,-5216,1472,-2848,-357.514,101.818,-650.597
190536859209700,71628306481446,84,rotation-trial,-4992,1504,-2400,-133.514,133.818,-202.597
190536860201700,71628307481321,85,rotation-trial,-4704,1600,-2016,154.486,229.818,181.403
190536861210100,71628308481321,86,rotation-trial,-4736,928,-1920,122.486,-442.182,277.403
190536862209900,71628309482696,87,rotation-trial,-5344,1280,-2176,-485.514,-90.1818,21.4026
190536863204700,71628310482529,88,rotation-trial,-5152,1248,-2464,-293.514,-122.182,-266.597
190536864205500,71628311481196,89,rotation-trial,-4928,1152,-2208,-69.5145,-218.182,-10.5974
190536865863400,71628312483904,90,rotation-trial,-4640,1440,-2400,218.486,69.8182,-202.597
190536866218500,71628313481446,91,rotation-trial,-4480,1280,-2304,378.486,-90.1818,-106.597
190536867394700,71628314481404,92,rotation-trial,-4800,1696,-2304,58.4855,325.818,-106.597
190536868200000,71628315481404,93,rotation-trial,-4864,1472,-2112,-5.51449,101.818,85.4026
190536869196400,71628316481321,94,rotation-trial,-4800,1152,-2144,58.4855,-218.182,53.4026
190536870198000,71628317481321,95,rotation-trial,-5152,1536,-2208,-293.514,165.818,-10.5974
190536871198600,71628318481571,96,rotation-trial,-4672,1568,-1760,186.486,197.818,437.403
190536872211000,71628319481279,97,rotation-trial,-5248,1152,-2432,-389.514,-218.182,-234.597
190536873209100,71628320482404,98,rotation-trial,-4960,1312,-1952,-101.514,-58.1818,245.403
190536874201700,71628321481238,99,rotation-trial,-5056,1536,-2336,-197.514,165.818,-138.597
190536875210600,71628322481446,100,rotation-trial,-4928,1280,-2272,-69.5145,-90.1818,-74.5974
190536876209800,71628323482113,101,rotation-trial,-4832,1120,-2048,26.4855,-250.182,149.403
190536877209900,71628324481196,102,rotation-trial,-5280,1248,-2688,-421.514,-122.182,-490.597
190536878209700,71628325481279,103,rotation-trial,-4736,960,-1792,122.486,-410.182,405.403
190536879205900,71628326481404,104,rotation-trial,-5120,1760,-1824,-261.514,389.818,373.403
190536880205400,71628327481446,105,rotation-trial,-4832,992,-1984,26.4855,-378.182,213.403
190536885682500,71628328481488,106,rotation-trial,-4832,864,-2464,26.4855,-506.182,-266.597
190536885695900,71628329481279,107,rotation-trial,-4864,1056,-2688,-5.51449,-314.182,-490.597
190536885701800,71628330481404,108,rotation-trial,-4416,1376,-2592,442.486,5.81818,-394.597
190536885707200,71628331481363,109,rotation-trial,-4736,1088,-1952,122.486,-282.182,245.403
190536885712700,71628332482279,110,rotation-trial,-5088,1344,-2176,-229.514,-26.1818,21.4026
190536886197700,71628333482321,111,rotation-trial,-4672,1216,-1984,186.486,-154.182,213.403
190536887210600,71628334481154,112,rotation-trial,-4672,1312,-2080,186.486,-58.1818,117.403
190536888210100,71628335481363,113,rotation-trial,-4800,1216,-2016,58.4855,-154.182,181.403
190536889210300,71628336481196,114,rotation-trial,-5568,1376,-2304,-709.514,5.81818,-106.597
190536890209900,71628337481488,115,rotation-trial,-4960,1440,-2144,-101.514,69.8182,53.4026
190536891207700,71628338482238,116,rotation-trial,-4960,1632,-2624,-101.514,261.818,-426.597
190536892209900,71628339481404,117,rotation-trial,-4544,1472,-2208,314.486,101.818,-10.5974
190536893209600,71628340481488,118,rotation-trial,-5536,1312,-2464,-677.514,-58.1818,-266.597
190536894209700,71628341481363,119,rotation-trial,-4800,832,-2080,58.4855,-538.182,117.403
190536895531200,71628342481446,120,rotation-trial,-4704,1440,-2688,154.486,69.8182,-490.597
190536896199100,71628343481404,121,rotation-trial,-4864,1088,-1984,-5.51449,-282.182,213.403
190536897723300,71628344481029,122,rotation-trial,-4960,1152,-2240,-101.514,-218.182,-42.5974
190536898213900,71628345482279,123,rotation-trial,-4672,1728,-1792,186.486,357.818,405.403
190536899203400,71628346481321,124,rotation-trial,-4672,1056,-2368,186.486,-314.182,-170.597
190536900208400,71628347481404,125,rotation-trial,-4576,1120,-2048,282.486,-250.182,149.403
190536901210000,71628348481363,126,rotation-trial,-4768,1632,-2592,90.4855,261.818,-394.597
190536902210000,71628349481238,127,rotation-trial,-5120,1344,-2688,-261.514,-26.1818,-490.597
190536903435600,71628350481363,128,rotation-trial,-4992,1280,-2112,-133.514,-90.1818,85.4026
190536904201300,71628351481196,129,rotation-trial,-4832,1280,-1664,26.4855,-90.1818,533.403
190536905209600,71628352481446,130,rotation-trial,-5184,1088,-2464,-325.514,-282.182,-266.597
190536906210000,71628353481404,131,rotation-trial,-4992,1376,-2592,-133.514,5.81818,-394.597
190536907208700,71628354481404,132,rotation-trial,-4832,1056,-1792,26.4855,-314.182,405.403
190536908200400,71628355481404,133,rotation-trial,-5376,1728,-2592,-517.514,357.818,-394.597
190536909210100,71628356481404,134,rotation-trial,-4672,1152,-1824,186.486,-218.182,373.403
190536910209400,71628357481363,135,rotation-trial,-5088,1312,-2496,-229.514,-58.1818,-298.597
190536911205800,71628358481279,136,rotation-trial,-5152,1696,-2720,-293.514,325.818,-522.597
190536912203500,71628359481279,137,rotation-trial,-4960,1088,-2016,-101.514,-282.182,181.403
190536913208400,71628360481404,138,rotation-trial,-4992,1568,-2496,-133.514,197.818,-298.597
190536914218200,71628361481404,139,rotation-trial,-4416,1152,-2016,442.486,-218.182,181.403
190536915212800,71628362482696,140,rotation-trial,-4480,1088,-1920,378.486,-282.182,277.403
190536916212600,71628363482321,141,rotation-trial,-4992,1632,-2112,-133.514,261.818,85.4026
190536917213800,71628364481279,142,rotation-trial,-4480,1312,-2304,378.486,-58.1818,-106.597
190536918215100,71628365481529,143,rotation-trial,-5152,1664,-1888,-293.514,293.818,309.403
190536919215500,71628366481363,144,rotation-trial,-5152,1696,-1792,-293.514,325.818,405.403
190536920215300,71628367481404,145,rotation-trial,-5216,1984,-2848,-357.514,613.818,-650.597
190536921215800,71628368481363,146,rotation-trial,-4416,1408,-1824,442.486,37.8182,373.403
190536922213400,71628369481238,147,rotation-trial,-4992,1440,-2624,-133.514,69.8182,-426.597
190536923215200,71628370481404,148,rotation-trial,-5056,1280,-2368,-197.514,-90.1818,-170.597
190536924213200,71628371481238,149,rotation-trial,-4704,1312,-2112,154.486,-58.1818,85.4026
190536925215400,71628372481363,150,rotation-trial,-4640,1056,-2400,218.486,-314.182,-202.597
190536926215600,71628373481363,151,rotation-trial,-4992,1216,-2624,-133.514,-154.182,-426.597
190536927211300,71628374482321,152,rotation-trial,-4896,1440,-2272,-37.5145,69.8182,-74.5974
190536928210900,71628375481279,153,rotation-trial,-5120,1120,-2016,-261.514,-250.182,181.403
190536929239900,71628376481154,154,rotation-trial,-4608,1504,-2656,250.486,133.818,-458.597
190536930206700,71628377481279,155,rotation-trial,-5280,1664,-2752,-421.514,293.818,-554.597
190536931226600,71628378481154,156,rotation-trial,-5536,1376,-2144,-677.514,5.81818,53.4026
190536932489100,71628379482321,157,rotation-trial,-4352,1472,-2112,506.486,101.818,85.4026
190536933203000,71628380491238,158,rotation-trial,-4960,1120,-1504,-101.514,-250.182,693.403
190536934378700,71628381481446,159,rotation-trial,-4960,1312,-2720,-101.514,-58.1818,-522.597
190536935206300,71628382481571,160,rotation-trial,-5056,1184,-2112,-197.514,-186.182,85.4026
190536936205200,71628383481279,161,rotation-trial,-5152,960,-2464,-293.514,-410.182,-266.597
190536937329400,71628384481404,162,rotation-trial,-4896,1312,-2688,-37.5145,-58.1818,-490.597
190536938208400,71628385481363,163,rotation-trial,-4736,992,-1856,122.486,-378.182,341.403
190536939212100,71628386482904,164,rotation-trial,-5184,1536,-2144,-325.514,165.818,53.4026
190536940213000,71628387481279,165,rotation-trial,-5120,1056,-1728,-261.514,-314.182,469.403
190536941215700,71628388481279,166,rotation-trial,-4640,1280,-1600,218.486,-90.1818,597.403
190536942214900,71628389481321,167,rotation-trial,-5088,1760,-2752,-229.514,389.818,-554.597
190536943211200,71628390481279,168,rotation-trial,-4384,1472,-2496,474.486,101.818,-298.597
190536944208800,71628391482654,169,rotation-trial,-4096,1440,-2496,762.486,69.8182,-298.597
190536945213400,71628392481446,170,rotation-trial,-4672,1344,-1952,186.486,-26.1818,245.403
190536946291700,71628393481404,171,rotation-trial,-4800,1440,-2176,58.4855,69.8182,21.4026
190536948479700,71628394481488,172,rotation-trial,-4960,1088,-2144,-101.514,-282.182,53.4026
190536948502800,71628395481279,173,rotation-trial,-4960,1536,-2432,-101.514,165.818,-234.597
190536949209200,71628396482113,174,rotation-trial,-4864,1312,-2624,-5.51449,-58.1818,-426.597
190536950211200,71628397483196,175,rotation-trial,-5248,1472,-2080,-389.514,101.818,117.403
190536951207100,71628398482571,176,rotation-trial,-4768,1408,-1920,90.4855,37.8182,277.403
190536952208100,71628399483696,177,rotation-trial,-4864,1472,-2624,-5.51449,101.818,-426.597
190536960493100,71628400481863,178,rotation-trial,-4608,1408,-2208,250.486,37.8182,-10.5974
190536960520900,71628401481196,179,rotation-trial,-4864,1504,-2208,-5.51449,133.818,-10.5974
190536960528400,71628402481446,180,rotation-trial,-5504,1440,-2848,-645.514,69.8182,-650.597
190536960534300,71628403482363,181,rotation-trial,-5056,1376,-2080,-197.514,5.81818,117.403
190536960540300,71628404484196,182,rotation-trial,-5152,1216,-2368,-293.514,-154.182,-170.597
190536960545700,71628405481363,183,rotation-trial,-4320,1088,-1664,538.486,-282.182,533.403
190536960551300,71628406481446,184,rotation-trial,-5376,1696,-2336,-517.514,325.818,-138.597
190536960556600,71628407481404,185,rotation-trial,-4704,1184,-1984,154.486,-186.182,213.403
190536961219400,71628408480988,186,rotation-trial,-4640,1600,-2400,218.486,229.818,-202.597
190536962210200,71628409481613,187,rotation-trial,-5024,1920,-2784,-165.514,549.818,-586.597
190536963220800,71628410482779,188,rotation-trial,-4960,1120,-1760,-101.514,-250.182,437.403
190536964216500,71628411481404,189,rotation-trial,-4448,1280,-1408,410.486,-90.1818,789.403
190536965214100,71628412481363,190,rotation-trial,-4480,1408,-2752,378.486,37.8182,-554.597
190536966422600,71628413481196,191,rotation-trial,-4736,1408,-1824,122.486,37.8182,373.403
190536967542500,71628414481321,192,rotation-trial,-4928,1728,-2176,-69.5145,357.818,21.4026
190536968390900,71628415481529,193,rotation-trial,-4672,1088,-2368,186.486,-282.182,-170.597
190536969390100,71628416481279,194,rotation-trial,-4928,1536,-2304,-69.5145,165.818,-106.597
190536970378500,71628417481154,195,rotation-trial,-4512,896,-1920,346.486,-474.182,277.403
190536971415500,71628418481738,196,rotation-trial,-5344,1408,-1952,-485.514,37.8182,245.403
190536972392500,71628419481446,197,rotation-trial,-4480,1728,-2112,378.486,357.818,85.4026
190536973406200,71628420481404,198,rotation-trial,-5056,1088,-1376,-197.514,-282.182,821.403
190536974390700,71628421482779,199,rotation-trial,-5184,1600,-2336,-325.514,229.818,-138.597
190536975398900,71628422482488,200,rotation-trial,-5120,1472,-2400,-261.514,101.818,-202.597
190536976373800,71628423481321,201,rotation-trial,-4928,1536,-1984,-69.5145,165.818,213.403
190536977211400,71628424481363,202,rotation-trial,-4992,1600,-2176,-133.514,229.818,21.4026
190536978303300,71628425482196,203,rotation-trial,-4704,1440,-2112,154.486,69.8182,85.4026
190536982434900,71628426481196,204,rotation-trial,-5088,1920,-2240,-229.514,549.818,-42.5974
190536982454400,71628427482779,205,rotation-trial,-4736,992,-2368,122.486,-378.182,-170.597
190536982461100,71628428481321,206,rotation-trial,-4704,1280,-1728,154.486,-90.1818,469.403
190536982466900,71628429481238,207,rotation-trial,-5440,1568,-2016,-581.514,197.818,181.403
190536983292000,71628430481238,208,rotation-trial,-5280,1440,-3104,-421.514,69.8182,-906.597
190536984299500,71628431481571,209,rotation-trial,-5248,1408,-1856,-389.514,37.8182,341.403
190536985306800,71628432481404,210,rotation-trial,-4736,1152,-2208,122.486,-218.182,-10.5974
190536986213000,71628433481529,211,rotation-trial,-5088,1184,-1984,-229.514,-186.182,213.403
190536987202300,71628434481446,212,rotation-trial,-4640,1344,-1920,218.486,-26.1818,277.403
190536988292300,71628435481321,213,rotation-trial,-4640,1760,-2080,218.486,389.818,117.403
190536989213600,71628436481321,214,rotation-trial,-5248,1312,-2112,-389.514,-58.1818,85.4026
190536990215300,71628437481196,215,rotation-trial,-4736,1504,-2048,122.486,133.818,149.403
190536991207700,71628438481363,216,rotation-trial,-4768,1344,-2656,90.4855,-26.1818,-458.597
190536992214600,71628439481196,217,rotation-trial,-5536,1184,-2080,-677.514,-186.182,117.403
190536993209500,71628440485113,218,rotation-trial,-4896,1216,-1792,-37.5145,-154.182,405.403
190536994203300,71628441481238,219,rotation-trial,-4288,992,-1760,570.486,-378.182,437.403
190536995257600,71628442481196,220,rotation-trial,-5120,1472,-2432,-261.514,101.818,-234.597
190536996375200,71628443481196,221,rotation-trial,-4544,1664,-2304,314.486,293.818,-106.597
190536997211200,71628444481404,222,rotation-trial,-4928,1312,-2144,-69.5145,-58.1818,53.4026
190536998212000,71628445484279,223,rotation-trial,-5728,1248,-2528,-869.514,-122.182,-330.597
190536999279500,71628446481946,224,rotation-trial,-4256,1024,-2272,602.486,-346.182,-74.5974
190537000211400,71628447481363,225,rotation-trial,-5056,1088,-1952,-197.514,-282.182,245.403
190537001208500,71628448481404,226,rotation-trial,-5152,928,-2432,-293.514,-442.182,-234.597
190537002288300,71628449481363,227,rotation-trial,-4224,1504,-1952,634.486,133.818,245.403
190537003292300,71628450481363,228,rotation-trial,-4576,1312,-2400,282.486,-58.1818,-202.597
190537004210500,71628451482321,229,rotation-trial,-4992,1536,-2368,-133.514,165.818,-170.597
190537005208600,71628452481238,230,rotation-trial,-4928,1056,-2144,-69.5145,-314.182,53.4026
190537006213700,71628453481321,231,rotation-trial,-5184,1504,-2400,-325.514,133.818,-202.597
190537007211800,71628454481279,232,rotation-trial,-4672,1536,-1952,186.486,165.818,245.403
190537008430400,71628455482404,233,rotation-trial,-4736,1344,-1536,122.486,-26.1818,661.403
190537009312800,71628456484654,234,rotation-trial,-5152,1760,-2592,-293.514,389.818,-394.597
190537010216400,71628457481779,235,rotation-trial,-5376,1344,-1856,-517.514,-26.1818,341.403
190537011214800,71628458481529,236,rotation-trial,-4512,1056,-2016,346.486,-314.182,181.403
190537012355600,71628459481488,237,rotation-trial,-4576,960,-2368,282.486,-410.182,-170.597
190537013309300,71628460481529,238,rotation-trial,-5440,1408,-2496,-581.514,37.8182,-298.597
190537014338600,71628461481488,239,rotation-trial,-4992,1632,-2496,-133.514,261.818,-298.597
190537015340700,71628462481488,240,rotation-trial,-4640,896,-2400,218.486,-474.182,-202.597
190537016212500,71628463481321,241,rotation-trial,-4960,1184,-1920,-101.514,-186.182,277.403
190537017215600,71628464481279,242,rotation-trial,-4928,1184,-2336,-69.5145,-186.182,-138.597
190537018310100,71628465481363,243,rotation-trial,-4672,1344,-2368,186.486,-26.1818,-170.597
190537019290400,71628466481196,244,rotation-trial,-4192,1440,-1952,666.486,69.8182,245.403
190537020282100,71628467481196,245,rotation-trial,-5536,1344,-2464,-677.514,-26.1818,-266.597
190537021273200,71628468481571,246,rotation-trial,-4992,1344,-2464,-133.514,-26.1818,-266.597
190537022275700,71628469481280,247,rotation-trial,-4480,1216,-1728,378.486,-154.182,469.403
190537023268200,71628470481238,248,rotation-trial,-4736,1824,-1472,122.486,453.818,725.403
190537024212800,71628471481446,249,rotation-trial,-4032,1216,-2496,826.486,-154.182,-298.597
190537025274300,71628472481946,250,rotation-trial,-5472,1600,-2624,-613.514,229.818,-426.597
190537026268800,71628473481530,251,rotation-trial,-4832,1664,-1728,26.4855,293.818,469.403
190537027266800,71628474481321,252,rotation-trial,-5216,1632,-2464,-357.514,261.818,-266.597
190537028293200,71628475481405,253,rotation-trial,-5280,1504,-2624,-421.514,133.818,-426.597
190537029222000,71628476481405,254,rotation-trial,-5120,1216,-2016,-261.514,-154.182,181.403
190537030276800,71628477481363,255,rotation-trial,-4960,1024,-2368,-101.514,-346.182,-170.597
190537031439400,71628478481405,0,rotation-trial,-4992,1376,-2368,-133.514,5.81818,-170.597
190537032290600,71628479481196,1,rotation-trial,-4992,1632,-2752,-133.514,261.818,-554.597
190537033321200,71628480482446,2,rotation-trial,-4864,1792,-2080,-5.51449,421.818,117.403
190537034214700,71628481481280,3,rotation-trial,-4992,1984,-2368,-133.514,613.818,-170.597
190537035240200,71628482483030,4,rotation-trial,-4736,1344,-1760,122.486,-26.1818,437.403
190537036353200,71628483481238,5,rotation-trial,-5152,1728,-2400,-293.514,357.818,-202.597
190537037217700,71628484481280,6,rotation-trial,-4768,1472,-2240,90.4855,101.818,-42.5974
190537038216300,71628485481613,7,rotation-trial,-5024,1312,-2144,-165.514,-58.1818,53.4026
190537039214900,71628486481363,8,rotation-trial,-4864,1248,-1632,-5.51449,-122.182,565.403
190537040217700,71628487482821,9,rotation-trial,-5152,1408,-2688,-293.514,37.8182,-490.597
190537041290900,71628488481363,10,rotation-trial,-4768,1088,-1792,90.4855,-282.182,405.403
190537042285600,71628489481280,11,rotation-trial,-4992,1312,-2240,-133.514,-58.1818,-42.5974
190537043219800,71628490481321,12,rotation-trial,-5312,1376,-2080,-453.514,5.81818,117.403
190537044210600,71628491481321,13,rotation-trial,-4160,1536,-1760,698.486,165.818,437.403
190537045204800,71628492481238,14,rotation-trial,-4928,1792,-2848,-69.5145,421.818,-650.597
190537046204900,71628493481405,15,rotation-trial,-4384,1248,-1792,474.486,-122.182,405.403
190537047204000,71628494481071,16,rotation-trial,-4800,1376,-2304,58.4855,5.81818,-106.597
190537048204100,71628495481196,17,rotation-trial,-4640,1312,-1984,218.486,-58.1818,213.403
190537049217900,71628496481238,18,rotation-trial,-4960,1024,-1568,-101.514,-346.182,629.403
190537050208600,71628497482071,19,rotation-trial,-5472,1792,-3008,-613.514,421.818,-810.597
190537051205600,71628498481405,20,rotation-trial,-4896,1600,-2048,-37.5145,229.818,149.403
190537052203200,71628499481405,21,rotation-trial,-5152,1376,-2560,-293.514,5.81818,-362.597
190537053208800,71628500481613,22,rotation-trial,-4640,1440,-1824,218.486,69.8182,373.403
190537054204900,71628501481405,23,rotation-trial,-4832,1376,-2624,26.4855,5.81818,-426.597
190537055204100,71628502481446,24,rotation-trial,-5216,1696,-2848,-357.514,325.818,-650.597
190537056203000,71628503481363,25,rotation-trial,-4928,1344,-2368,-69.5145,-26.1818,-170.597
190537057219400,71628504481363,26,rotation-trial,-4768,1024,-1984,90.4855,-346.182,213.403
190537058317000,71628505481321,27,rotation-trial,-4288,1408,-1792,570.486,37.8182,405.403
190537059284800,71628506481238,28,rotation-trial,-4736,1472,-2176,122.486,101.818,21.4026
190537060285100,71628507481280,29,rotation-trial,-5600,1440,-2176,-741.514,69.8182,21.4026
190537061327600,71628508481238,30,rotation-trial,-4864,1408,-2432,-5.51449,37.8182,-234.597
190537062213100,71628509481030,31,rotation-trial,-5504,1856,-2464,-645.514,485.818,-266.597
190537063210500,71628510482821,32,rotation-trial,-4800,992,-1664,58.4855,-378.182,533.403
190537064207900,71628511481530,33,rotation-trial,-4800,1120,-1824,58.4855,-250.182,373.403
190537065203500,71628512481530,34,rotation-trial,-4992,1440,-2240,-133.514,69.8182,-42.5974
190537066201300,71628513481321,35,rotation-trial,-4672,1440,-2368,186.486,69.8182,-170.597
190537067250700,71628514481571,36,rotation-trial,-5248,1440,-1824,-389.514,69.8182,373.403
190537068202900,71628515481655,37,rotation-trial,-5248,1184,-2016,-389.514,-186.182,181.403
190537069201400,71628516483113,38,rotation-trial,-5568,1600,-2656,-709.514,229.818,-458.597
190537070204500,71628517481321,39,rotation-trial,-4576,1024,-2112,282.486,-346.182,85.4026
190537071214500,71628518481280,40,rotation-trial,-5280,1504,-2400,-421.514,133.818,-202.597
190537072228300,71628519481655,41,rotation-trial,-4768,1600,-1952,90.4855,229.818,245.403
190537073209800,71628520481321,42,rotation-trial,-4608,960,-3008,250.486,-410.182,-810.597
190537074326800,71628521481488,43,rotation-trial,-4672,1056,-1984,186.486,-314.182,213.403
190537075205900,71628522481321,44,rotation-trial,-4672,1280,-2400,186.486,-90.1818,-202.597
190537076300000,71628523481196,45,rotation-trial,-4288,1120,-1888,570.486,-250.182,309.403
190537077365600,71628524481530,46,rotation-trial,-5280,1184,-2560,-421.514,-186.182,-362.597
190537078301900,71628525481446,47,rotation-trial,-4992,1888,-2528,-133.514,517.818,-330.597
190537079218300,71628526481280,48,rotation-trial,-4928,1344,-2432,-69.5145,-26.1818,-234.597
190537080211000,71628527481530,49,rotation-trial,-5216,1728,-2016,-357.514,357.818,181.403
190537081218100,71628528481405,50,rotation-trial,-5088,1632,-2048,-229.514,261.818,149.403
190537082208800,71628529481363,51,rotation-trial,-4704,1216,-2688,154.486,-154.182,-490.597
190537083314400,71628530481280,52,rotation-trial,-4896,1344,-1440,-37.5145,-26.1818,757.403
190537084304400,71628531481196,53,rotation-trial,-4992,832,-2400,-133.514,-538.182,-202.597
190537085313600,71628532481321,54,rotation-trial,-4608,1184,-1952,250.486,-186.182,245.403
190537086300700,71628533481155,55,rotation-trial,-4832,1600,-2080,26.4855,229.818,117.403
190537087314100,71628534481405,56,rotation-trial,-4256,1440,-2432,602.486,69.8182,-234.597
190537088298500,71628535481155,57,rotation-trial,-4704,1408,-2272,154.486,37.8182,-74.5974
190537089316000,71628536481488,58,rotation-trial,-4384,1792,-1600,474.486,421.818,597.403
190537090300900,71628537481738,59,rotation-trial,-5152,1408,-2176,-293.514,37.8182,21.4026
190537091300600,71628538481321,60,rotation-trial,-5120,1280,-2272,-261.514,-90.1818,-74.5974
190537092293700,71628539481405,61,rotation-trial,-5248,1728,-2560,-389.514,357.818,-362.597
190537093306300,71628540481446,62,rotation-trial,-4832,1664,-1856,26.4855,293.818,341.403
190537094290300,71628541481321,63,rotation-trial,-4896,1056,-2272,-37.5145,-314.182,-74.5974
190537095357400,71628542481446,64,rotation-trial,-5056,1504,-2272,-197.514,133.818,-74.5974
190537096230000,71628543481196,65,rotation-trial,-5024,1728,-2624,-165.514,357.818,-426.597
190537097207900,71628544481321,66,rotation-trial,-4448,1312,-2272,410.486,-58.1818,-74.5974
190537098204100,71628545481446,67,rotation-trial,-4960,1312,-1920,-101.514,-58.1818,277.403
190537099203800,71628546481238,68,rotation-trial,-5440,1248,-1984,-581.514,-122.182,213.403
190537100216800,71628547481363,69,rotation-trial,-4672,1824,-1920,186.486,453.818,277.403
190537101215000,71628548481196,70,rotation-trial,-4384,1664,-2112,474.486,293.818,85.4026
190537102210600,71628549481280,71,rotation-trial,-5184,1536,-2208,-325.514,165.818,-10.5974
190537103219000,71628550481321,72,rotation-trial,-4864,1120,-1920,-5.51449,-250.182,277.403
190537104217800,71628551481405,73,rotation-trial,-5280,992,-2400,-421.514,-378.182,-202.597
190537105231900,71628552481405,74,rotation-trial,-4800,1440,-2080,58.4855,69.8182,117.403
190537106217800,71628553481321,75,rotation-trial,-4928,1344,-2176,-69.5145,-26.1818,21.4026
190537107214000,71628554481238,76,rotation-trial,-4832,1280,-2336,26.4855,-90.1818,-138.597
190537108305300,71628555481321,77,rotation-trial,-4896,928,-1856,-37.5145,-442.182,341.403
190537109211500,71628556483155,78,rotation-trial,-4928,1536,-2752,-69.5145,165.818,-554.597
190537110225200,71628557481196,79,rotation-trial,-4800,1536,-1696,58.4855,165.818,501.403
190537111219600,71628558481196,80,rotation-trial,-4832,1568,-2656,26.4855,197.818,-458.597
190537112217800,71628559481321,81,rotation-trial,-4064,1216,-1728,794.486,-154.182,469.403
190537113211900,71628560481238,82,rotation-trial,-5024,1344,-2336,-165.514,-26.1818,-138.597
190537114222000,71628561481280,83,rotation-trial,-4224,1312,-2912,634.486,-58.1818,-714.597
190537115210700,71628562481196,84,rotation-trial,-4512,1440,-1920,346.486,69.8182,277.403
190537116321800,71628563482071,85,rotation-trial,-4256,1280,-2528,602.486,-90.1818,-330.597
190537117221400,71628564481613,86,rotation-trial,-4800,1216,-2144,58.4855,-154.182,53.4026
190537118289100,71628565481405,87,rotation-trial,-5248,1312,-2240,-389.514,-58.1818,-42.5974
190537119212000,71628566481363,88,rotation-trial,-4832,1312,-2528,26.4855,-58.1818,-330.597
190537120311800,71628567481363,89,rotation-trial,-4608,1440,-2368,250.486,69.8182,-170.597
190537121217400,71628568482196,90,rotation-trial,-4576,1248,-2048,282.486,-122.182,149.403
190537122212700,71628569481655,91,rotation-trial,-4832,1088,-1728,26.4855,-282.182,469.403
190537123220700,71628570482905,92,rotation-trial,-4768,1600,-1952,90.4855,229.818,245.403
190537124224600,71628571481363,93,rotation-trial,-4800,704,-2240,58.4855,-666.182,-42.5974
190537125219800,71628572481321,94,rotation-trial,-4704,1152,-2080,154.486,-218.182,117.403
190537126206900,71628573480946,95,rotation-trial,-4416,1248,-1888,442.486,-122.182,309.403
190537127204300,71628574481363,96,rotation-trial,-4800,1344,-1792,58.4855,-26.1818,405.403
190537128230800,71628575481238,97,rotation-trial,-5152,1312,-2016,-293.514,-58.1818,181.403
190537129226300,71628576481196,98,rotation-trial,-5184,1056,-2688,-325.514,-314.182,-490.597
190537130209300,71628577481446,99,rotation-trial,-5088,1088,-2080,-229.514,-282.182,117.403
190537131203500,71628578481988,100,rotation-trial,-4384,1472,-1632,474.486,101.818,565.403
190537132294700,71628579481405,101,rotation-trial,-4864,1056,-1984,-5.51449,-314.182,213.403
190537133298100,71628580481405,102,rotation-trial,-4640,1280,-2272,218.486,-90.1818,-74.5974
190537134213700,71628581482863,103,rotation-trial,-4768,1280,-2368,90.4855,-90.1818,-170.597
190537135208700,71628582481321,104,rotation-trial,-4224,1312,-2464,634.486,-58.1818,-266.597
190537136227300,71628583481280,105,rotation-trial,-4832,1568,-2336,26.4855,197.818,-138.597
190537137216600,71628584481321,106,rotation-trial,-4832,800,-1952,26.4855,-570.182,245.403
190537138222300,71628585481196,107,rotation-trial,-4256,1024,-2016,602.486,-346.182,181.403
190537139211400,71628586481363,108,rotation-trial,-4992,1024,-2656,-133.514,-346.182,-458.597
190537140209400,71628587481155,109,rotation-trial,-4704,1248,-2432,154.486,-122.182,-234.597
190537141209500,71628588481238,110,rotation-trial,-4768,1056,-2784,90.4855,-314.182,-586.597
190537142215400,71628589481196,111,rotation-trial,-4960,1184,-2048,-101.514,-186.182,149.403
190537143214300,71628590481363,112,rotation-trial,-4672,1568,-2176,186.486,197.818,21.4026
190537144208600,71628591481446,113,rotation-trial,-4992,1344,-2560,-133.514,-26.1818,-362.597
190537145219600,71628592481363,114,rotation-trial,-4736,1344,-1888,122.486,-26.1818,309.403
190537146216900,71628593481113,115,rotation-trial,-4768,1408,-1920,90.4855,37.8182,277.403
190537147208900,71628594481196,116,rotation-trial,-5536,1536,-2464,-677.514,165.818,-266.597
190537148206100,71628595481321,117,rotation-trial,-4832,1120,-2432,26.4855,-250.182,-234.597
190537149201200,71628596481363,118,rotation-trial,-4640,1472,-2496,218.486,101.818,-298.597
190537150203200,71628597481446,119,rotation-trial,-4576,1216,-2432,282.486,-154.182,-234.597
190537151205700,71628598482988,120,rotation-trial,-5184,1632,-2432,-325.514,261.818,-234.597
190537152206100,71628599481238,121,rotation-trial,-4704,1440,-2144,154.486,69.8182,53.4026
190537153204200,71628600481280,122,rotation-trial,-5280,1536,-2304,-421.514,165.818,-106.597
190537154203000,71628601481321,123,rotation-trial,-4544,1440,-1824,314.486,69.8182,373.403
190537155205700,71628602481280,124,rotation-trial,-5248,1152,-2720,-389.514,-218.182,-522.597
190537156198800,71628603481155,125,rotation-trial,-4928,1120,-2016,-69.5145,-250.182,181.403
190537157197800,71628604481446,126,rotation-trial,-5568,1600,-2176,-709.514,229.818,21.4026
190537158197100,71628605481113,127,rotation-trial,-4992,1440,-2528,-133.514,69.8182,-330.597
190537159199900,71628606481446,128,rotation-trial,-4512,1344,-2592,346.486,-26.1818,-394.597
190537160199600,71628607481321,129,rotation-trial,-4864,1056,-2048,-5.51449,-314.182,149.403
190537161206700,71628608481321,130,rotation-trial,-5280,1376,-2432,-421.514,5.81818,-234.597
190537162211200,71628609481363,131,rotation-trial,-4704,1472,-2400,154.486,101.818,-202.597
190537163211500,71628610482321,132,rotation-trial,-5440,928,-2368,-581.514,-442.182,-170.597
190537164214000,71628611482905,133,rotation-trial,-4640,1280,-1824,218.486,-90.1818,373.403
190537165214600,71628612481321,134,rotation-trial,-4576,1376,-2560,282.486,5.81818,-362.597
190537166325800,71628613481363,135,rotation-trial,-5120,1440,-2816,-261.514,69.8182,-618.597
190537167226200,71628614481196,136,rotation-trial,-4800,1408,-2368,58.4855,37.8182,-170.597
190537168212400,71628615481196,137,rotation-trial,-4768,1120,-1856,90.4855,-250.182,341.403
190537169208200,71628616482696,138,rotation-trial,-4576,1536,-2240,282.486,165.818,-42.5974
190537170203700,71628617481530,139,rotation-trial,-4832,1376,-2208,26.4855,5.81818,-10.5974
190537171202600,71628618481405,140,rotation-trial,-5088,1184,-1920,-229.514,-186.182,277.403
190537172218700,71628619481321,141,rotation-trial,-4352,1216,-1920,506.486,-154.182,277.403
190537173207900,71628620481363,142,rotation-trial,-4608,1376,-2368,250.486,5.81818,-170.597
190537174229900,71628621481905,143,rotation-trial,-4672,1472,-2048,186.486,101.818,149.403
190537175215000,71628622481696,144,rotation-trial,-5184,1600,-2368,-325.514,229.818,-170.597
190537176349400,71628623484946,145,rotation-trial,-4512,1184,-1952,346.486,-186.182,245.403
190537177338700,71628624485613,146,rotation-trial,-4832,1536,-2144,26.4855,165.818,53.4026
190537178332400,71628625485905,147,rotation-trial,-4864,1344,-2560,-5.51449,-26.1818,-362.597
190537179333800,71628626490155,148,rotation-trial,-4832,1088,-1824,26.4855,-282.182,373.403
190537180333100,71628627499488,149,rotation-trial,-5344,1568,-2272,-485.514,197.818,-74.5974
190537181356600,71628628487155,150,rotation-trial,-4544,1472,-1632,314.486,101.818,565.403
190537182350300,71628629488446,151,rotation-trial,-4672,960,-2080,186.486,-410.182,117.403
190537183350200,71628630487113,152,rotation-trial,-4992,1248,-1664,-133.514,-122.182,533.403
190537184338700,71628631486030,153,rotation-trial,-4608,1344,-1984,250.486,-26.1818,213.403
190537185333200,71628632487363,154,rotation-trial,-4256,1440,-2176,602.486,69.8182,21.4026
190537186344100,71628633487655,155,rotation-trial,-5600,1184,-2496,-741.514,-186.182,-298.597
190537187202800,71628634490405,156,rotation-trial,-4320,1504,-1376,538.486,133.818,821.403
190537188210100,71628635483738,157,rotation-trial,-4960,1504,-2208,-101.514,133.818,-10.5974
190537189326000,71628636489988,158,rotation-trial,-5056,1504,-2464,-197.514,133.818,-266.597
190537190335500,71628637485696,159,rotation-trial,-4736,896,-1920,122.486,-474.182,277.403
190537191335100,71628638491613,160,rotation-trial,-5088,1184,-1696,-229.514,-186.182,501.403
190537192335300,71628639486405,161,rotation-trial,-4256,1152,-2048,602.486,-218.182,149.403
190537193202300,71628640489446,162,rotation-trial,-4704,1760,-1952,154.486,389.818,245.403
190537194209500,71628641483196,163,rotation-trial,-5024,1152,-2176,-165.514,-218.182,21.4026
190537195328300,71628642488363,164,rotation-trial,-5088,1120,-2080,-229.514,-250.182,117.403
190537196331300,71628643492238,165,rotation-trial,-4352,1184,-2528,506.486,-186.182,-330.597
190537197200200,71628644484946,166,rotation-trial,-4608,1536,-2048,250.486,165.818,149.403
190537198332500,71628645487863,167,rotation-trial,-4960,1120,-2400,-101.514,-250.182,-202.597
190537199333300,71628646485321,168,rotation-trial,-5248,1088,-1984,-389.514,-282.182,213.403
190537200204500,71628647482613,169,rotation-trial,-4768,1344,-1760,90.4855,-26.1818,437.403
190537201209400,71628648486946,170,rotation-trial,-4576,992,-2176,282.486,-378.182,21.4026
190537202335000,71628649486113,171,rotation-trial,-5536,1536,-2976,-677.514,165.818,-778.597
190537203335600,71628650486863,172,rotation-trial,-4800,1248,-1920,58.4855,-122.182,277.403
190537204335100,71628651487446,173,rotation-trial,-4736,1472,-1888,122.486,101.818,309.403
190537205203300,71628652482571,174,rotation-trial,-4800,1536,-2272,58.4855,165.818,-74.5974
190537206207900,71628653484030,175,rotation-trial,-4992,896,-1568,-133.514,-474.182,629.403
190537207208000,71628654482738,176,rotation-trial,-4832,1408,-2432,26.4855,37.8182,-234.597
190537208207200,71628655486821,177,rotation-trial,-4480,1472,-2304,378.486,101.818,-106.597
190537209335100,71628656485488,178,rotation-trial,-4608,1280,-2144,250.486,-90.1818,53.4026
190537210203400,71628657483071,179,rotation-trial,-5312,1248,-2112,-453.514,-122.182,85.4026
190537211207000,71628658484113,180,rotation-trial,-4832,1664,-2912,26.4855,293.818,-714.597
190537212331000,71628659488696,181,rotation-trial,-4992,1728,-2432,-133.514,357.818,-234.597
190537213201200,71628660484280,182,rotation-trial,-4768,1056,-1344,90.4855,-314.182,853.403
190537214205600,71628661485905,183,rotation-trial,-5216,1152,-2176,-357.514,-218.182,21.4026
190537215216000,71628662488446,184,rotation-trial,-5088,1760,-2304,-229.514,389.818,-106.597
190537216333900,71628663482655,185,rotation-trial,-5152,1664,-2112,-293.514,293.818,85.4026
190537217332100,71628664489738,186,rotation-trial,-5120,1600,-2400,-261.514,229.818,-202.597
190537218332100,71628665489780,187,rotation-trial,-4960,1280,-2304,-101.514,-90.1818,-106.597
190537219206500,71628666484946,188,rotation-trial,-4544,1504,-2016,314.486,133.818,181.403
190537220205700,71628667483405,189,rotation-trial,-4992,1632,-2368,-133.514,261.818,-170.597
190537221334200,71628668485946,190,rotation-trial,-4864,1376,-2848,-5.51449,5.81818,-650.597
190537222332100,71628669485405,191,rotation-trial,-4864,1696,-2368,-5.51449,325.818,-170.597
190537223331100,71628670487155,192,rotation-trial,-4800,1664,-1696,58.4855,293.818,501.403
190537224332700,71628671485571,193,rotation-trial,-4736,1568,-2208,122.486,197.818,-10.5974
190537225204300,71628672486571,194,rotation-trial,-4320,1408,-1952,538.486,37.8182,245.403
190537226206100,71628673486071,195,rotation-trial,-5120,1120,-2464,-261.514,-250.182,-266.597
190537227332200,71628674485155,196,rotation-trial,-4064,1376,-2336,794.486,5.81818,-138.597
190537228337800,71628675494780,197,rotation-trial,-4896,1344,-2400,-37.5145,-26.1818,-202.597
190537229333800,71628676489071,198,rotation-trial,-5248,1120,-1856,-389.514,-250.182,341.403
190537230331300,71628677488405,199,rotation-trial,-4992,1472,-2784,-133.514,101.818,-586.597
190537231271300,71628678483863,200,rotation-trial,-4640,1216,-1792,218.486,-154.182,405.403
190537232213500,71628679483655,201,rotation-trial,-4960,1344,-1824,-101.514,-26.1818,373.403
190537233219400,71628680485238,202,rotation-trial,-4704,896,-1728,154.486,-474.182,469.403
190537234208700,71628681482738,203,rotation-trial,-4800,1216,-2208,58.4855,-154.182,-10.5974
190537235208300,71628682481238,204,rotation-trial,-4800,1056,-2272,58.4855,-314.182,-74.5974
190537236208300,71628683481405,205,rotation-trial,-4096,1536,-1920,762.486,165.818,277.403
190537237210200,71628684481530,206,rotation-trial,-4544,1216,-2240,314.486,-154.182,-42.5974
190537238212500,71628685483446,207,rotation-trial,-4960,1376,-2016,-101.514,5.81818,181.403
190537239210000,71628686481238,208,rotation-trial,-5312,1568,-1952,-453.514,197.818,245.403
190537240211400,71628687484030,209,rotation-trial,-5312,1568,-2368,-453.514,197.818,-170.597
190537241212100,71628688481280,210,rotation-trial,-5120,1824,-2336,-261.514,453.818,-138.597
190537242211500,71628689481155,211,rotation-trial,-4544,1280,-2624,314.486,-90.1818,-426.597
190537243211800,71628690481321,212,rotation-trial,-4736,1344,-1824,122.486,-26.1818,373.403
190537244212000,71628691481280,213,rotation-trial,-5280,1280,-2176,-421.514,-90.1818,21.4026
190537245211600,71628692481321,214,rotation-trial,-5504,1280,-2048,-645.514,-90.1818,149.403
190537246211200,71628693481238,215,rotation-trial,-4960,1376,-2688,-101.514,5.81818,-490.597
190537247220800,71628694481321,216,rotation-trial,-4640,1536,-1728,218.486,165.818,469.403
190537248200900,71628695481155,217,rotation-trial,-4928,1760,-2592,-69.5145,389.818,-394.597
190537249194100,71628696481488,218,rotation-trial,-4448,1664,-2272,410.486,293.818,-74.5974
190537250195100,71628697481530,219,rotation-trial,-4864,1440,-2688,-5.51449,69.8182,-490.597
190537251195100,71628698481405,220,rotation-trial,-5056,1056,-2112,-197.514,-314.182,85.4026
190537252194500,71628699481405,221,rotation-trial,-5536,1216,-1312,-677.514,-154.182,885.403
190537253196800,71628700481446,222,rotation-trial,-4832,1152,-2688,26.4855,-218.182,-490.597
190537254195400,71628701481363,223,rotation-trial,-4864,1184,-1856,-5.51449,-186.182,341.403
190537255198400,71628702481405,224,rotation-trial,-4512,1760,-2272,346.486,389.818,-74.5974
190537256196700,71628703481488,225,rotation-trial,-4768,1376,-2656,90.4855,5.81818,-458.597
190537257203400,71628704481280,226,rotation-trial,-4608,1024,-2208,250.486,-346.182,-10.5974
190537258201400,71628705481196,227,rotation-trial,-4704,1056,-1824,154.486,-314.182,373.403
190537259198000,71628706481530,228,rotation-trial,-4928,960,-2272,-69.5145,-410.182,-74.5974
190537260194800,71628707481113,229,rotation-trial,-4832,1408,-2784,26.4855,37.8182,-586.597
190537261200600,71628708482155,230,rotation-trial,-4768,1408,-2304,90.4855,37.8182,-106.597
190537262287700,71628709481446,231,rotation-trial,-4640,1376,-1952,218.486,5.81818,245.403
190537263261300,71628710481363,232,rotation-trial,-4448,960,-2816,410.486,-410.182,-618.597
190537264216600,71628711481363,233,rotation-trial,-4000,1408,-1760,858.486,37.8182,437.403
190537265213800,71628712481363,234,rotation-trial,-4864,1376,-2528,-5.51449,5.81818,-330.597
190537266231700,71628713482321,235,rotation-trial,-5312,1472,-2816,-453.514,101.818,-618.597
190537267229200,71628714481405,236,rotation-trial,-5056,1152,-2816,-197.514,-218.182,-618.597
190537268230300,71628715481280,237,rotation-trial,-5088,1248,-2336,-229.514,-122.182,-138.597
190537269209800,71628716481613,238,rotation-trial,-4800,1504,-2272,58.4855,133.818,-74.5974
190537270205600,71628717481280,239,rotation-trial,-4992,1344,-2880,-133.514,-26.1818,-682.597
190537271209700,71628718481155,240,rotation-trial,-5312,1280,-3136,-453.514,-90.1818,-938.597
190537272204700,71628719481280,241,rotation-trial,-3808,1632,-1696,1050.49,261.818,501.403
190537273290000,71628720481280,242,rotation-trial,-5440,1184,-2304,-581.514,-186.182,-106.597
190537274222000,71628721482738,243,rotation-trial,-4896,1472,-2432,-37.5145,101.818,-234.597
190537275218800,71628722482488,244,rotation-trial,-4832,1504,-2464,26.4855,133.818,-266.597
190537276222300,71628723483488,245,rotation-trial,-4768,1312,-1824,90.4855,-58.1818,373.403
190537277301000,71628724482780,246,rotation-trial,-5120,1728,-2144,-261.514,357.818,53.4026
190537278212600,71628725481863,247,rotation-trial,-4864,1664,-1760,-5.51449,293.818,437.403
190537279214800,71628726482446,248,rotation-trial,-4672,1408,-1664,186.486,37.8182,533.403
190537280202500,71628727482863,249,rotation-trial,-5056,1632,-2880,-197.514,261.818,-682.597
190537281203600,71628728482238,250,rotation-trial,-4416,1472,-2048,442.486,101.818,149.403
190537282203700,71628729481363,251,rotation-trial,-5504,1472,-2784,-645.514,101.818,-586.597
190537283204300,71628730481280,252,rotation-trial,-4576,1216,-2336,282.486,-154.182,-138.597
190537284202600,71628731481363,253,rotation-trial,-4704,1632,-2112,154.486,261.818,85.4026
190537285201400,71628732481280,254,rotation-trial,-4544,1440,-1728,314.486,69.8182,469.403
190537286194500,71628733482155,255,rotation-trial,-4256,1344,-2432,602.486,-26.1818,-234.597
190537287201000,71628734481113,0,rotation-trial,-5664,1248,-1920,-805.514,-122.182,277.403
190537288198800,71628735481071,1,rotation-trial,-4192,1760,-2368,666.486,389.818,-170.597
190537289200700,71628736481405,2,rotation-trial,-5120,1472,-2176,-261.514,101.818,21.4026
190537290213400,71628737481405,3,rotation-trial,-4736,1792,-3168,122.486,421.818,-970.597
190537291207300,71628738481488,4,rotation-trial,-4064,1440,-1440,794.486,69.8182,757.403
190537292204100,71628739481321,5,rotation-trial,-4736,1568,-1984,122.486,197.818,213.403
190537293206200,71628740481321,6,rotation-trial,-4768,1408,-2464,90.4855,37.8182,-266.597
190537294207700,71628741481488,7,rotation-trial,-4704,1216,-1984,154.486,-154.182,213.403
190537295224000,71628742481196,8,rotation-trial,-5280,1888,-2240,-421.514,517.818,-42.5974
190537296281400,71628743480946,9,rotation-trial,-4384,1440,-1920,474.486,69.8182,277.403
190537297273100,71628744484238,10,rotation-trial,-4704,1440,-2240,154.486,69.8182,-42.5974
190537298274100,71628745481071,11,rotation-trial,-4864,1184,-2848,-5.51449,-186.182,-650.597
190537299202600,71628746481238,12,rotation-trial,-5600,1824,-1824,-741.514,453.818,373.403
190537300201800,71628747482155,13,rotation-trial,-4320,1472,-1920,538.486,101.818,277.403
190537301201300,71628748481863,14,rotation-trial,-5824,1472,-2848,-965.514,101.818,-650.597
190537302201000,71628749481113,15,rotation-trial,-4288,1568,-1920,570.486,197.818,277.403
190537303201000,71628750481446,16,rotation-trial,-4800,1120,-2432,58.4855,-250.182,-234.597
190537304201100,71628751481363,17,rotation-trial,-4512,1472,-2624,346.486,101.818,-426.597
190537305201300,71628752481363,18,rotation-trial,-4800,928,-1824,58.4855,-442.182,373.403
190537306200300,71628753481321,19,rotation-trial,-5504,1280,-2464,-645.514,-90.1818,-266.597
190537307201300,71628754481321,20,rotation-trial,-4832,1696,-2624,26.4855,325.818,-426.597
190537308198600,71628755481238,21,rotation-trial,-4768,1376,-1792,90.4855,5.81818,405.403
190537309199800,71628756481280,22,rotation-trial,-4480,928,-1632,378.486,-442.182,565.403
190537310200900,71628757481155,23,rotation-trial,-5152,1280,-3360,-293.514,-90.1818,-1162.6
190537311211300,71628758481238,24,rotation-trial,-5344,1344,-2144,-485.514,-26.1818,53.4026
190537312203500,71628759481155,25,rotation-trial,-4896,1280,-2368,-37.5145,-90.1818,-170.597
190537313202800,71628760480863,26,rotation-trial,-4896,1344,-1856,-37.5145,-26.1818,341.403
190537314201600,71628761481238,27,rotation-trial,-5248,1568,-2272,-389.514,197.818,-74.5974
190537315201300,71628762481988,28,rotation-trial,-4544,1408,-2112,314.486,37.8182,85.4026
190537316201500,71628763481488,29,rotation-trial,-4768,1664,-2656,90.4855,293.818,-458.597
190537317199400,71628764481405,30,rotation-trial,-4448,1024,-2912,410.486,-346.182,-714.597
190537318199500,71628765481321,31,rotation-trial,-4640,1376,-2112,218.486,5.81818,85.4026
190537319201100,71628766481738,32,rotation-trial,-5024,1440,-2176,-165.514,69.8182,21.4026
190537320201000,71628767481155,33,rotation-trial,-4544,1152,-2112,314.486,-218.182,85.4026
190537321211100,71628768482030,34,rotation-trial,-4352,832,-1664,506.486,-538.182,533.403
190537322209600,71628769481238,35,rotation-trial,-5376,1472,-2048,-517.514,101.818,149.403
190537323290200,71628770482113,36,rotation-trial,-4288,1248,-1824,570.486,-122.182,373.403
190537324211000,71628771481321,37,rotation-trial,-5248,1600,-1504,-389.514,229.818,693.403
190537325200900,71628772481155,38,rotation-trial,-4128,1216,-1696,730.486,-154.182,501.403
190537326198900,71628773481238,39,rotation-trial,-4832,1376,-2144,26.4855,5.81818,53.4026
190537327209000,71628774482613,40,rotation-trial,-4928,1600,-2016,-69.5145,229.818,181.403
190537328269400,71628775481155,41,rotation-trial,-4864,1216,-1344,-5.51449,-154.182,853.403
190537329215600,71628776481363,42,rotation-trial,-4320,1696,-1696,538.486,325.818,501.403
190537330206700,71628777481196,43,rotation-trial,-4864,928,-1920,-5.51449,-442.182,277.403
190537331201800,71628778481321,44,rotation-trial,-4800,1280,-2496,58.4855,-90.1818,-298.597
190537332203400,71628779481321,45,rotation-trial,-4704,1440,-1984,154.486,69.8182,213.403
190537333233700,71628780481405,46,rotation-trial,-4864,1376,-2336,-5.51449,5.81818,-138.597
190537334296100,71628781481321,47,rotation-trial,-4416,1600,-2656,442.486,229.818,-458.597
190537335277500,71628782481321,48,rotation-trial,-4896,1408,-2752,-37.5145,37.8182,-554.597
190537336278700,71628783481405,49,rotation-trial,-5440,1696,-2752,-581.514,325.818,-554.597
190537337278200,71628784481196,50,rotation-trial,-4512,1472,-1760,346.486,101.818,437.403
190537338283900,71628785481363,51,rotation-trial,-5248,1376,-2560,-389.514,5.81818,-362.597
190537339298100,71628786481321,52,rotation-trial,-4672,1504,-1760,186.486,133.818,437.403
190537340215100,71628787481113,53,rotation-trial,-4960,1632,-1728,-101.514,261.818,469.403
190537341207800,71628788482655,54,rotation-trial,-5408,960,-2208,-549.514,-410.182,-10.5974
190537342214700,71628789481363,55,rotation-trial,-4800,1760,-2912,58.4855,389.818,-714.597
190537343226500,71628790481446,56,rotation-trial,-4512,1472,-2144,346.486,101.818,53.4026
190537344213900,71628791481321,57,rotation-trial,-4640,1472,-2560,218.486,101.818,-362.597
190537345209600,71628792482071,58,rotation-trial,-5056,1440,-2528,-197.514,69.8182,-330.597
190537346217900,71628793481238,59,rotation-trial,-5024,1504,-2528,-165.514,133.818,-330.597
190537347212800,71628794481280,60,rotation-trial,-4448,1504,-1408,410.486,133.818,789.403
190537348235400,71628795481238,61,rotation-trial,-4960,1376,-1568,-101.514,5.81818,629.403
190537349209500,71628796481238,62,rotation-trial,-4736,864,-1952,122.486,-506.182,245.403
190537350224900,71628797481321,63,rotation-trial,-4704,1504,-1984,154.486,133.818,213.403
190537351213300,71628798482113,64,rotation-trial,-4768,1600,-2144,90.4855,229.818,53.4026
190537352217800,71628799481155,65,rotation-trial,-4928,1440,-1728,-69.5145,69.8182,469.403
190537353213300,71628800481196,66,rotation-trial,-5024,1760,-2752,-165.514,389.818,-554.597
190537354205300,71628801481196,67,rotation-trial,-5120,1568,-2240,-261.514,197.818,-42.5974
190537355208500,71628802481488,68,rotation-trial,-4384,1120,-1696,474.486,-250.182,501.403
190537356204100,71628803481446,69,rotation-trial,-4544,960,-2560,314.486,-410.182,-362.597
190537357322000,71628804481321,70,rotation-trial,-4704,1344,-1856,154.486,-26.1818,341.403
190537358241800,71628805481405,71,rotation-trial,-4992,896,-2176,-133.514,-474.182,21.4026
190537359198300,71628806481238,72,rotation-trial,-4960,1312,-2144,-101.514,-58.1818,53.4026
190537360196500,71628807481571,73,rotation-trial,-4704,1600,-2368,154.486,229.818,-170.597
190537361220400,71628808481238,74,rotation-trial,-5024,1376,-2336,-165.514,5.81818,-138.597
190537362216300,71628809481155,75,rotation-trial,-4800,1376,-1536,58.4855,5.81818,661.403
190537363212400,71628810484196,76,rotation-trial,-4640,1216,-2272,218.486,-154.182,-74.5974
190537364207800,71628811481113,77,rotation-trial,-4896,1120,-1920,-37.5145,-250.182,277.403
190537365199700,71628812481196,78,rotation-trial,-4960,1472,-2656,-101.514,101.818,-458.597
190537366211300,71628813481113,79,rotation-trial,-4896,1024,-1504,-37.5145,-346.182,693.403
190537367209800,71628814480696,80,rotation-trial,-4928,1440,-2048,-69.5145,69.8182,149.403
190537368209500,71628815481446,81,rotation-trial,-4416,1248,-2176,442.486,-122.182,21.4026
190537369209400,71628816481280,82,rotation-trial,-4672,1504,-2560,186.486,133.818,-362.597
190537370209000,71628817481363,83,rotation-trial,-4256,1056,-1472,602.486,-314.182,725.403
190537371205500,71628818481446,84,rotation-trial,-4320,1120,-1792,538.486,-250.182,405.403
190537372204200,71628819482655,85,rotation-trial,-5248,1472,-2432,-389.514,101.818,-234.597
190537373201700,71628820492905,86,rotation-trial,-4800,1120,-1792,58.4855,-250.182,405.403
190537374203200,71628821481196,87,rotation-trial,-4768,1568,-2304,90.4855,197.818,-106.597
190537375207500,71628822481446,88,rotation-trial,-5472,1376,-2624,-613.514,5.81818,-426.597
190537376209000,71628823481238,89,rotation-trial,-4736,1184,-2048,122.486,-186.182,149.403
190537377208100,71628824481238,90,rotation-trial,-4576,1408,-2112,282.486,37.8182,85.4026
190537378199600,71628825481238,91,rotation-trial,-5248,1536,-2176,-389.514,165.818,21.4026
190537379206300,71628826481696,92,rotation-trial,-5248,1824,-2944,-389.514,453.818,-746.597
190537380204000,71628827481196,93,rotation-trial,-4576,1312,-1696,282.486,-58.1818,501.403
190537381209300,71628828481030,94,rotation-trial,-4384,1440,-2016,474.486,69.8182,181.403
190537382209000,71628829481446,95,rotation-trial,-4800,864,-2496,58.4855,-506.182,-298.597
190537383208600,71628830481613,96,rotation-trial,-3872,1376,-1952,986.486,5.81818,245.403
190537384208900,71628831481280,97,rotation-trial,-4512,1504,-2720,346.486,133.818,-522.597
190537385209000,71628832482071,98,rotation-trial,-5056,1440,-1248,-197.514,69.8182,949.403
190537386207100,71628833481280,99,rotation-trial,-4640,1408,-1440,218.486,37.8182,757.403
190537387205000,71628834481363,100,rotation-trial,-5408,1024,-1920,-549.514,-346.182,277.403
190537388204600,71628835481321,101,rotation-trial,-5184,1632,-2304,-325.514,261.818,-106.597
190537389340000,71628836481196,102,rotation-trial,-4896,1184,-2048,-37.5145,-186.182,149.403
190537390217200,71628837481238,103,rotation-trial,-4640,1536,-2144,218.486,165.818,53.4026
190537391215500,71628838481238,104,rotation-trial,-4320,1216,-1984,538.486,-154.182,213.403
190537392209700,71628839481238,105,rotation-trial,-4800,1408,-2016,58.4855,37.8182,181.403
190537393207100,71628840482696,106,rotation-trial,-4736,1248,-2592,122.486,-122.182,-394.597
190537394201400,71628841481155,107,rotation-trial,-4416,1088,-1792,442.486,-282.182,405.403
190537395206400,71628842481488,108,rotation-trial,-5216,1568,-2592,-357.514,197.818,-394.597
190537396205300,71628843482363,109,rotation-trial,-4384,1120,-1504,474.486,-250.182,693.403
190537397211800,71628844481488,110,rotation-trial,-4704,736,-1984,154.486,-634.182,213.403
190537398276200,71628845481363,111,rotation-trial,-5344,1600,-2976,-485.514,229.818,-778.597
190537399217200,71628846481988,112,rotation-trial,-5280,1472,-2688,-421.514,101.818,-490.597
190537400205600,71628847481321,113,rotation-trial,-5280,1184,-2112,-421.514,-186.182,85.4026
190537401210900,71628848481196,114,rotation-trial,-4672,1376,-2112,186.486,5.81818,85.4026
190537402207900,71628849481321,115,rotation-trial,-5088,1216,-2816,-229.514,-154.182,-618.597
190537403205800,71628850481238,116,rotation-trial,-4928,1600,-2240,-69.5145,229.818,-42.5974
190537404203700,71628851480988,117,rotation-trial,-5184,1152,-1856,-325.514,-218.182,341.403
190537405207500,71628852481363,118,rotation-trial,-5472,1504,-2464,-613.514,133.818,-266.597
190537406282300,71628853481113,119,rotation-trial,-4320,1440,-2144,538.486,69.8182,53.4026
190537407229500,71628854481238,120,rotation-trial,-5056,1632,-2112,-197.514,261.818,85.4026
190537408869000,71628855481363,121,rotation-trial,-5440,1440,-2624,-581.514,69.8182,-426.597
190537409249200,71628856481571,122,rotation-trial,-4864,1376,-2144,-5.51449,5.81818,53.4026
190537410301600,71628857481405,123,rotation-trial,-4288,1344,-2240,570.486,-26.1818,-42.5974
190537411218200,71628858481363,124,rotation-trial,-5120,1440,-2304,-261.514,69.8182,-106.597
190537412211900,71628859481363,125,rotation-trial,-4224,1600,-2016,634.486,229.818,181.403
190537413209900,71628860481280,126,rotation-trial,-4320,1280,-2496,538.486,-90.1818,-298.597
190537414209300,71628861481363,127,rotation-trial,-4928,1408,-2496,-69.5145,37.8182,-298.597
190537415209100,71628862481821,128,rotation-trial,-5120,1632,-2304,-261.514,261.818,-106.597
190537416209500,71628863481238,129,rotation-trial,-5184,1248,-2144,-325.514,-122.182,53.4026
190537417207400,71628864481280,130,rotation-trial,-5216,1664,-2048,-357.514,293.818,149.403
190537418207400,71628865481238,131,rotation-trial,-4992,1568,-2528,-133.514,197.818,-330.597
190537419203600,71628866481071,132,rotation-trial,-4224,1472,-1952,634.486,101.818,245.403
190537420205500,71628867481113,133,rotation-trial,-5536,1504,-2880,-677.514,133.818,-682.597
190537421327800,71628868481280,134,rotation-trial,-5024,1568,-2944,-165.514,197.818,-746.597
190537422217400,71628869481488,135,rotation-trial,-4480,1248,-1952,378.486,-122.182,245.403
190537423211500,71628870481446,136,rotation-trial,-5408,1248,-2624,-549.514,-122.182,-426.597
190537424210400,71628871481530,137,rotation-trial,-5216,1152,-2656,-357.514,-218.182,-458.597
190537425207800,71628872481280,138,rotation-trial,-4928,1024,-2144,-69.5145,-346.182,53.4026
190537426210000,71628873483696,139,rotation-trial,-4832,1760,-2528,26.4855,389.818,-330.597
190537427209600,71628874481363,140,rotation-trial,-4608,1312,-2112,250.486,-58.1818,85.4026
190537428208600,71628875482321,141,rotation-trial,-4928,1504,-2592,-69.5145,133.818,-394.597
190537429209500,71628876481196,142,rotation-trial,-4320,1024,-1408,538.486,-346.182,789.403
190537430207700,71628877481280,143,rotation-trial,-5280,1568,-2912,-421.514,197.818,-714.597
190537431209800,71628878480655,144,rotation-trial,-4992,960,-2240,-133.514,-410.182,-42.5974
190537432209600,71628879481280,145,rotation-trial,-4928,1376,-1952,-69.5145,5.81818,245.403
190537433209300,71628880483113,146,rotation-trial,-3968,1120,-1216,890.486,-250.182,981.403
190537434209800,71628881482905,147,rotation-trial,-5600,1632,-2368,-741.514,261.818,-170.597
190537435206000,71628882481321,148,rotation-trial,-5024,1664,-2400,-165.514,293.818,-202.597
190537436205400,71628883481405,149,rotation-trial,-4576,1088,-2144,282.486,-282.182,53.4026
190537437270600,71628884481363,150,rotation-trial,-5344,1312,-2816,-485.514,-58.1818,-618.597
190537438218200,71628885481863,151,rotation-trial,-5088,1024,-1888,-229.514,-346.182,309.403
190537439216700,71628886481280,152,rotation-trial,-4032,992,-2432,826.486,-378.182,-234.597
190537440212800,71628887481113,153,rotation-trial,-4768,1472,-1888,90.4855,101.818,309.403
190537441210500,71628888481321,154,rotation-trial,-4864,1152,-1664,-5.51449,-218.182,533.403
190537442210200,71628889481280,155,rotation-trial,-4736,1728,-1952,122.486,357.818,245.403
190537443208000,71628890481196,156,rotation-trial,-4768,1024,-2144,90.4855,-346.182,53.4026
190537444210000,71628891481196,157,rotation-trial,-4640,1280,-1696,218.486,-90.1818,501.403
190537445209900,71628892481155,158,rotation-trial,-4736,1248,-2144,122.486,-122.182,53.4026
190537446209900,71628893481196,159,rotation-trial,-4256,1568,-2208,602.486,197.818,-10.5974
190537447209700,71628894481738,160,rotation-trial,-4896,1184,-2976,-37.5145,-186.182,-778.597
190537448209700,71628895481363,161,rotation-trial,-4960,1376,-2400,-101.514,5.81818,-202.597
190537449207800,71628896481363,162,rotation-trial,-4256,1184,-2336,602.486,-186.182,-138.597
190537450208000,71628897481488,163,rotation-trial,-5792,1696,-2464,-933.514,325.818,-266.597
190537451206000,71628898482696,164,rotation-trial,-4640,1760,-2560,218.486,389.818,-362.597
190537452205500,71628899481405,165,rotation-trial,-4992,1696,-1984,-133.514,325.818,213.403
190537453203100,71628900481321,166,rotation-trial,-5280,1216,-3136,-421.514,-154.182,-938.597
190537454275000,71628901481238,167,rotation-trial,-5184,1664,-2048,-325.514,293.818,149.403
190537455303700,71628902481113,168,rotation-trial,-5184,1152,-2464,-325.514,-218.182,-266.597
190537456313000,71628903481280,169,rotation-trial,-5024,1536,-2112,-165.514,165.818,85.4026
190537457288700,71628904481155,170,rotation-trial,-4768,1376,-2176,90.4855,5.81818,21.4026
190537458284500,71628905481446,171,rotation-trial,-5248,1600,-2272,-389.514,229.818,-74.5974
190537459297000,71628906481238,172,rotation-trial,-4992,1152,-2080,-133.514,-218.182,117.403
190537460308700,71628907481071,173,rotation-trial,-4960,928,-2016,-101.514,-442.182,181.403
190537461294800,71628908481488,174,rotation-trial,-4896,1440,-2304,-37.5145,69.8182,-106.597
190537462327800,71628909483238,175,rotation-trial,-4512,1536,-2240,346.486,165.818,-42.5974
190537463302000,71628910483988,176,rotation-trial,-5120,1440,-2176,-261.514,69.8182,21.4026
190537464276900,71628911481363,177,rotation-trial,-4800,1088,-1696,58.4855,-282.182,501.403
190537465282200,71628912481238,178,rotation-trial,-4832,1632,-2304,26.4855,261.818,-106.597
190537466303300,71628913481363,179,rotation-trial,-4608,1568,-1952,250.486,197.818,245.403
190537467278200,71628914481280,180,rotation-trial,-5056,1536,-2240,-197.514,165.818,-42.5974
190537468320500,71628915481280,181,rotation-trial,-4640,1504,-2176,218.486,133.818,21.4026
190537469201300,71628916481238,182,rotation-trial,-4384,1440,-1664,474.486,69.8182,533.403
190537470198400,71628917481238,183,rotation-trial,-4736,1408,-2048,122.486,37.8182,149.403
190537471671200,71628918481280,184,rotation-trial,-4736,1568,-2432,122.486,197.818,-234.597
190537472196300,71628919481071,185,rotation-trial,-4928,1408,-2048,-69.5145,37.8182,149.403
190537473445200,71628920480821,186,rotation-trial,-4672,1408,-2016,186.486,37.8182,181.403
190537474202100,71628921481155,187,rotation-trial,-4896,1696,-2240,-37.5145,325.818,-42.5974
190537475281900,71628922481280,188,rotation-trial,-4384,1568,-1792,474.486,197.818,405.403
190537476300100,71628923481405,189,rotation-trial,-4640,1504,-2752,218.486,133.818,-554.597
190537477297300,71628924481280,190,rotation-trial,-5120,1472,-2112,-261.514,101.818,85.4026
190537478314300,71628925481363,191,rotation-trial,-5312,1536,-1984,-453.514,165.818,213.403
190537479292900,71628926481321,192,rotation-trial,-4736,928,-2560,122.486,-442.182,-362.597
190537480298300,71628927481280,193,rotation-trial,-5056,1280,-2880,-197.514,-90.1818,-682.597
190537481327800,71628928481280,194,rotation-trial,-4192,1280,-1984,666.486,-90.1818,213.403
190537482275000,71628929481238,195,rotation-trial,-4800,1248,-2272,58.4855,-122.182,-74.5974
190537483310400,71628930481238,196,rotation-trial,-4512,960,-1888,346.486,-410.182,309.403
190537484280900,71628931481196,197,rotation-trial,-4672,1632,-1760,186.486,261.818,437.403
190537485207700,71628932481030,198,rotation-trial,-4672,1376,-2240,186.486,5.81818,-42.5974
190537486315000,71628933481280,199,rotation-trial,-5120,1184,-2560,-261.514,-186.182,-362.597
190537488240100,71628934481071,200,rotation-trial,-4736,1216,-2272,122.486,-154.182,-74.5974
190537488279200,71628935482696,201,rotation-trial,-4704,1472,-1792,154.486,101.818,405.403
190537489202900,71628936481405,202,rotation-trial,-5120,1088,-2688,-261.514,-282.182,-490.597
190537490204300,71628937481321,203,rotation-trial,-5248,1664,-1984,-389.514,293.818,213.403
190537491203200,71628938481321,204,rotation-trial,-4512,1728,-1856,346.486,357.818,341.403
190537492199400,71628939481280,205,rotation-trial,-4960,1344,-2560,-101.514,-26.1818,-362.597
190537500579200,71628940481863,206,rotation-trial,-5152,1760,-2560,-293.514,389.818,-362.597
190537500604600,71628941481238,207,rotation-trial,-4128,768,-1568,730.486,-602.182,629.403
190537500611200,71628942481238,208,rotation-trial,-5312,1536,-2368,-453.514,165.818,-170.597
190537500616900,71628943481446,209,rotation-trial,-5216,1440,-1792,-357.514,69.8182,405.403
190537500622700,71628944481071,210,rotation-trial,-4672,1184,-1984,186.486,-186.182,213.403
190537500628200,71628945481238,211,rotation-trial,-5536,1728,-2432,-677.514,357.818,-234.597
190537500633900,71628946481113,212,rotation-trial,-5120,1664,-2720,-261.514,293.818,-522.597
190537500639400,71628947484196,213,rotation-trial,-4576,1184,-2272,282.486,-186.182,-74.5974
190537501212600,71628948481363,214,rotation-trial,-5216,1216,-1888,-357.514,-154.182,309.403
190537502313300,71628949481363,215,rotation-trial,-4480,1024,-2080,378.486,-346.182,117.403
190537503223800,71628950481405,216,rotation-trial,-5344,1376,-2464,-485.514,5.81818,-266.597
190537504214900,71628951482738,217,rotation-trial,-4672,1472,-2208,186.486,101.818,-10.5974
190537505232900,71628952481321,218,rotation-trial,-4288,1344,-2336,570.486,-26.1818,-138.597
190537506273000,71628953481363,219,rotation-trial,-5184,1568,-2720,-325.514,197.818,-522.597
190537507340800,71628954481280,220,rotation-trial,-4704,1152,-2208,154.486,-218.182,-10.5974
190537508296400,71628955481321,221,rotation-trial,-5088,1536,-2112,-229.514,165.818,85.4026
190537509279600,71628956481196,222,rotation-trial,-5280,1504,-2560,-421.514,133.818,-362.597
190537510334600,71628957481155,223,rotation-trial,-4256,1440,-1152,602.486,69.8182,1045.4
190537511271200,71628958481280,224,rotation-trial,-5120,1312,-2080,-261.514,-58.1818,117.403
190537512321900,71628959481071,225,rotation-trial,-5088,1504,-2176,-229.514,133.818,21.4026
190537513287600,71628960481155,226,rotation-trial,-4640,1184,-1888,218.486,-186.182,309.403
190537514294600,71628961481321,227,rotation-trial,-5408,1056,-2720,-549.514,-314.182,-522.597
190537515295000,71628962481738,228,rotation-trial,-4384,1536,-2528,474.486,165.818,-330.597
190537516274200,71628963481238,229,rotation-trial,-4544,1280,-2528,314.486,-90.1818,-330.597
190537517209200,71628964481238,230,rotation-trial,-5184,1248,-2496,-325.514,-122.182,-298.597
190537518360800,71628965481446,231,rotation-trial,-5056,1440,-2240,-197.514,69.8182,-42.5974
190537519296400,71628966481238,232,rotation-trial,-4064,1344,-2688,794.486,-26.1818,-490.597
190537520303700,71628967481863,233,rotation-trial,-5248,1376,-2368,-389.514,5.81818,-170.597
190537521571000,71628968481280,234,rotation-trial,-4832,1472,-2176,26.4855,101.818,21.4026
190537522272000,71628969481196,235,rotation-trial,-4768,1472,-2208,90.4855,101.818,-10.5974
190537523212100,71628970481863,236,rotation-trial,-5280,1504,-2208,-421.514,133.818,-10.5974
190537524210200,71628971481238,237,rotation-trial,-4736,1344,-1792,122.486,-26.1818,405.403
190537525209500,71628972481280,238,rotation-trial,-4736,1792,-2336,122.486,421.818,-138.597
190537526209500,71628973481071,239,rotation-trial,-4448,1632,-2336,410.486,261.818,-138.597
190537527209500,71628974481405,240,rotation-trial,-4704,1248,-2240,154.486,-122.182,-42.5974
190537528207700,71628975481363,241,rotation-trial,-5248,1376,-2880,-389.514,5.81818,-682.597
190537529209500,71628976481363,242,rotation-trial,-4448,1344,-2720,410.486,-26.1818,-522.597
190537530205700,71628977481446,243,rotation-trial,-4320,1408,-2176,538.486,37.8182,21.4026
190537531207900,71628978482571,244,rotation-trial,-5216,1856,-2400,-357.514,485.818,-202.597
190537532205600,71628979481280,245,rotation-trial,-4864,1408,-1920,-5.51449,37.8182,277.403
190537533216400,71628980482280,246,rotation-trial,-4672,1600,-1952,186.486,229.818,245.403
190537534213900,71628981482696,247,rotation-trial,-4736,1632,-2176,122.486,261.818,21.4026
190537535211200,71628982481280,248,rotation-trial,-4544,1504,-2240,314.486,133.818,-42.5974
190537536208500,71628983481196,249,rotation-trial,-5056,1568,-2976,-197.514,197.818,-778.597
190537537210200,71628984481071,250,rotation-trial,-4960,1472,-2304,-101.514,101.818,-106.597
190537538208300,71628985481196,251,rotation-trial,-4896,1472,-2112,-37.5145,101.818,85.4026
190537539210000,71628986481071,252,rotation-trial,-5184,1632,-2496,-325.514,261.818,-298.597
190537540207900,71628987481446,253,rotation-trial,-4672,2016,-1728,186.486,645.818,469.403
190537541209900,71628988481363,254,rotation-trial,-4768,1280,-2336,90.4855,-90.1818,-138.597
190537542209600,71628989483530,255,rotation-trial,-5216,928,-2336,-357.514,-442.182,-138.597
190537543209600,71628990481488,0,rotation-trial,-4576,1376,-2848,282.486,5.81818,-650.597
190537544210000,71628991481321,1,rotation-trial,-5024,1600,-2464,-165.514,229.818,-266.597
190537545209700,71628992481405,2,rotation-trial,-4192,1056,-2048,666.486,-314.182,149.403
190537546206000,71628993481238,3,rotation-trial,-5056,1344,-1600,-197.514,-26.1818,597.403
190537547205900,71628994481655,4,rotation-trial,-5216,1088,-2144,-357.514,-282.182,53.4026
190537548205500,71628995481321,5,rotation-trial,-4640,1280,-1312,218.486,-90.1818,885.403
190537549222700,71628996481238,6,rotation-trial,-5280,1376,-2624,-421.514,5.81818,-426.597
190537550222400,71628997481238,7,rotation-trial,-4992,1536,-2112,-133.514,165.818,85.4026
190537551212700,71628998481238,8,rotation-trial,-5056,1408,-2400,-197.514,37.8182,-202.597
190537552211100,71628999481155,9,rotation-trial,-4416,1696,-2048,442.486,325.818,149.403
190537553210400,71629000481155,10,rotation-trial,-5760,1344,-2208,-901.514,-26.1818,-10.5974
190537554209900,71629001481405,11,rotation-trial,-4992,1248,-2144,-133.514,-122.182,53.4026
190537555210200,71629002481405,12,rotation-trial,-4544,1792,-2784,314.486,421.818,-586.597
190537556210000,71629003481363,13,rotation-trial,-4608,1056,-1728,250.486,-314.182,469.403
190537557209900,71629004481280,14,rotation-trial,-4896,1856,-2336,-37.5145,485.818,-138.597
190537558209800,71629005481196,15,rotation-trial,-4896,1312,-1952,-37.5145,-58.1818,245.403
190537559210100,71629006481113,16,rotation-trial,-5376,1760,-2496,-517.514,389.818,-298.597
190537560210000,71629007481238,17,rotation-trial,-4928,1568,-1536,-69.5145,197.818,661.403
190537561210100,71629008481238,18,rotation-trial,-5664,992,-2688,-805.514,-378.182,-490.597
190537562206300,71629009481571,19,rotation-trial,-5248,1856,-2752,-389.514,485.818,-554.597
190537563206500,71629010489780,20,rotation-trial,-4736,1440,-1696,122.486,69.8182,501.403
190537564205800,71629011481113,21,rotation-trial,-4672,1408,-2080,186.486,37.8182,117.403
190537565221300,71629012481196,22,rotation-trial,-4736,1504,-2656,122.486,133.818,-458.597
190537566219800,71629013481030,23,rotation-trial,-5280,1376,-2368,-421.514,5.81818,-170.597
190537567231100,71629014481196,24,rotation-trial,-4416,1088,-2176,442.486,-282.182,21.4026
190537568222700,71629015481863,25,rotation-trial,-5600,1696,-1984,-741.514,325.818,213.403
190537569211000,71629016483446,26,rotation-trial,-5024,1536,-2528,-165.514,165.818,-330.597
190537570221700,71629017483280,27,rotation-trial,-4672,1568,-2144,186.486,197.818,53.4026
190537571204500,71629018481196,28,rotation-trial,-4480,1344,-2304,378.486,-26.1818,-106.597
190537572208600,71629019481280,29,rotation-trial,-5536,1504,-2848,-677.514,133.818,-650.597
190537573209000,71629020481238,30,rotation-trial,-4832,1376,-1632,26.4855,5.81818,565.403
190537574209200,71629021484530,31,rotation-trial,-5696,1504,-2176,-837.514,133.818,21.4026
190537575209200,71629022483196,32,rotation-trial,-4736,768,-1600,122.486,-602.182,597.403
190537576208900,71629023481155,33,rotation-trial,-4960,1472,-2624,-101.514,101.818,-426.597
190537577208800,71629024481238,34,rotation-trial,-4928,1152,-1984,-69.5145,-218.182,213.403
190537578324500,71629025481113,35,rotation-trial,-4960,896,-2240,-101.514,-474.182,-42.5974
190537579209500,71629026481405,36,rotation-trial,-4992,1568,-2560,-133.514,197.818,-362.597
190537580205800,71629027483405,37,rotation-trial,-4192,1664,-2400,666.486,293.818,-202.597
190537581207000,71629028483238,38,rotation-trial,-5376,2112,-2784,-517.514,741.818,-586.597
190537582207200,71629029481280,39,rotation-trial,-4768,1152,-2112,90.4855,-218.182,85.4026
190537583225800,71629030484196,40,rotation-trial,-4960,1280,-2720,-101.514,-90.1818,-522.597
190537584211900,71629031481321,41,rotation-trial,-4576,1408,-1568,282.486,37.8182,629.403
190537585210300,71629032481196,42,rotation-trial,-5056,1696,-2176,-197.514,325.818,21.4026
190537586209700,71629033481821,43,rotation-trial,-4864,960,-2080,-5.51449,-410.182,117.403
190537587209100,71629034482571,44,rotation-trial,-4672,1632,-2624,186.486,261.818,-426.597
190537588209600,71629035481071,45,rotation-trial,-4576,1024,-2592,282.486,-346.182,-394.597
190537589207600,71629036481196,46,rotation-trial,-4928,1280,-2624,-69.5145,-90.1818,-426.597
190537590209300,71629037481321,47,rotation-trial,-4832,1472,-2432,26.4855,101.818,-234.597
190537591209400,71629038481030,48,rotation-trial,-5568,1728,-2624,-709.514,357.818,-426.597
190537592209100,71629039481238,49,rotation-trial,-4320,1280,-1696,538.486,-90.1818,501.403
190537593205400,71629040481155,50,rotation-trial,-4704,1792,-1984,154.486,421.818,213.403
190537594205100,71629041481321,51,rotation-trial,-4704,1440,-2624,154.486,69.8182,-426.597
190537595205100,71629042481238,52,rotation-trial,-4960,1632,-2656,-101.514,261.818,-458.597
190537596207900,71629043481363,53,rotation-trial,-4992,1440,-2336,-133.514,69.8182,-138.597
190537597198800,71629044481238,54,rotation-trial,-4576,1344,-2144,282.486,-26.1818,53.4026
190537598218700,71629045481113,55,rotation-trial,-4608,1536,-1856,250.486,165.818,341.403
190537599486000,71629046481196,56,rotation-trial,-4672,1344,-2176,186.486,-26.1818,21.4026
190537600206400,71629047481280,57,rotation-trial,-5568,1408,-2944,-709.514,37.8182,-746.597
190537601203100,71629048481280,58,rotation-trial,-4480,1120,-1984,378.486,-250.182,213.403
190537602197800,71629049481238,59,rotation-trial,-4480,1600,-2240,378.486,229.818,-42.5974
190537603200900,71629050481238,60,rotation-trial,-4768,1440,-1696,90.4855,69.8182,501.403
190537604211100,71629051481321,61,rotation-trial,-4704,1472,-2016,154.486,101.818,181.403
190537605203800,71629052481071,62,rotation-trial,-4736,1376,-2176,122.486,5.81818,21.4026
190537606210600,71629053481030,63,rotation-trial,-4864,1152,-2912,-5.51449,-218.182,-714.597
190537607205000,71629054481280,64,rotation-trial,-4992,1344,-2496,-133.514,-26.1818,-298.597
190537608209900,71629055481280,65,rotation-trial,-3872,1184,-1920,986.486,-186.182,277.403
190537609209600,71629056481363,66,rotation-trial,-5536,1216,-2240,-677.514,-154.182,-42.5974
190537610205900,71629057481238,67,rotation-trial,-4800,1376,-1856,58.4855,5.81818,341.403
190537611205500,71629058481321,68,rotation-trial,-4960,1504,-2304,-101.514,133.818,-106.597
190537612205600,71629059481155,69,rotation-trial,-4864,1408,-2336,-5.51449,37.8182,-138.597
190537613208200,71629060481238,70,rotation-trial,-5280,1696,-2272,-421.514,325.818,-74.5974
190537614218800,71629061481238,71,rotation-trial,-4544,1568,-2464,314.486,197.818,-266.597
190537615213100,71629062482113,72,rotation-trial,-4960,1056,-2048,-101.514,-314.182,149.403
190537616209100,71629063481196,73,rotation-trial,-5216,1024,-2176,-357.514,-346.182,21.4026
190537617209700,71629064481113,74,rotation-trial,-4352,1056,-2336,506.486,-314.182,-138.597
190537618209400,71629065481321,75,rotation-trial,-4352,1248,-2112,506.486,-122.182,85.4026
190537619209500,71629066481196,76,rotation-trial,-5248,1600,-2048,-389.514,229.818,149.403
190537620209600,71629067481280,77,rotation-trial,-4672,1120,-1920,186.486,-250.182,277.403
190537621208000,71629068481363,78,rotation-trial,-5056,1440,-1952,-197.514,69.8182,245.403
190537622215300,71629069481280,79,rotation-trial,-4448,1472,-2720,410.486,101.818,-522.597
190537623209800,71629070481863,80,rotation-trial,-4352,1152,-2176,506.486,-218.182,21.4026
190537624209500,71629071481363,81,rotation-trial,-4416,1056,-1824,442.486,-314.182,373.403
190537625209900,71629072481280,82,rotation-trial,-4928,1152,-2304,-69.5145,-218.182,-106.597
190537626205800,71629073481196,83,rotation-trial,-5408,1184,-2656,-549.514,-186.182,-458.597
190537627203700,71629074481113,84,rotation-trial,-4480,1568,-2016,378.486,197.818,181.403
190537628203600,71629075481946,85,rotation-trial,-5024,1408,-2336,-165.514,37.8182,-138.597
190537629206200,71629076481321,86,rotation-trial,-5600,1536,-2624,-741.514,165.818,-426.597
190537630222000,71629077481030,87,rotation-trial,-5024,1760,-2720,-165.514,389.818,-522.597
190537631212100,71629078481238,88,rotation-trial,-4704,1696,-1824,154.486,325.818,373.403
190537632208900,71629079481071,89,rotation-trial,-4480,1024,-1856,378.486,-346.182,341.403
190537633209800,71629080483321,90,rotation-trial,-4512,1568,-2400,346.486,197.818,-202.597
190537634209400,71629081481446,91,rotation-trial,-5024,1184,-1952,-165.514,-186.182,245.403
190537635209200,71629082481321,92,rotation-trial,-4896,1920,-2464,-37.5145,549.818,-266.597
190537636209600,71629083481363,93,rotation-trial,-4448,1216,-2368,410.486,-154.182,-170.597
190537637209200,71629084481280,94,rotation-trial,-4864,1504,-1408,-5.51449,133.818,789.403
190537638208600,71629085481155,95,rotation-trial,-4640,1344,-2368,218.486,-26.1818,-170.597
190537639207300,71629086481363,96,rotation-trial,-5312,1184,-2624,-453.514,-186.182,-426.597
190537640209300,71629087481113,97,rotation-trial,-4896,928,-1984,-37.5145,-442.182,213.403
190537641209400,71629088481155,98,rotation-trial,-4736,1056,-2688,122.486,-314.182,-490.597
190537642205200,71629089481155,99,rotation-trial,-5088,960,-2144,-229.514,-410.182,53.4026
190537643202800,71629090481030,100,rotation-trial,-5120,1856,-2944,-261.514,485.818,-746.597
190537644205200,71629091481113,101,rotation-trial,-4896,1504,-2144,-37.5145,133.818,53.4026
190537645206200,71629092481155,102,rotation-trial,-4672,832,-2848,186.486,-538.182,-650.597
190537646202600,71629093481071,103,rotation-trial,-5024,1440,-2624,-165.514,69.8182,-426.597
190537647202700,71629094481321,104,rotation-trial,-5024,1280,-1600,-165.514,-90.1818,597.403
190537648217100,71629095481405,105,rotation-trial,-4608,1312,-2048,250.486,-58.1818,149.403
190537649207200,71629096481280,106,rotation-trial,-4864,1248,-2688,-5.51449,-122.182,-490.597
190537650210300,71629097482321,107,rotation-trial,-4832,1408,-2368,26.4855,37.8182,-170.597
190537651202200,71629098481405,108,rotation-trial,-4704,992,-1856,154.486,-378.182,341.403
190537652203800,71629099481238,109,rotation-trial,-5024,832,-2528,-165.514,-538.182,-330.597
190537653205000,71629100481363,110,rotation-trial,-5248,1824,-2144,-389.514,453.818,53.4026
190537654221500,71629101481071,111,rotation-trial,-4288,1472,-2432,570.486,101.818,-234.597
190537655207700,71629102481155,112,rotation-trial,-5216,1536,-2656,-357.514,165.818,-458.597
190537656227200,71629103481280,113,rotation-trial,-4736,864,-1728,122.486,-506.182,469.403
190537657207700,71629104481071,114,rotation-trial,-5216,1184,-2048,-357.514,-186.182,149.403
190537658201900,71629105481238,115,rotation-trial,-4864,1696,-2304,-5.51449,325.818,-106.597
190537659215800,71629106481113,116,rotation-trial,-4992,1568,-1952,-133.514,197.818,245.403
190537660209000,71629107481280,117,rotation-trial,-5088,1728,-2848,-229.514,357.818,-650.597
190537661213600,71629108481321,118,rotation-trial,-4032,960,-1760,826.486,-410.182,437.403
190537662205100,71629109481238,119,rotation-trial,-5088,1056,-2208,-229.514,-314.182,-10.5974
190537663204000,71629110483030,120,rotation-trial,-4672,1056,-2176,186.486,-314.182,21.4026
190537664214200,71629111481321,121,rotation-trial,-4512,928,-1792,346.486,-442.182,405.403
190537665211400,71629112481030,122,rotation-trial,-4832,1696,-1696,26.4855,325.818,501.403
190537666209100,71629113481196,123,rotation-trial,-4992,1216,-2048,-133.514,-154.182,149.403
190537667202700,71629114481155,124,rotation-trial,-4768,1056,-2112,90.4855,-314.182,85.4026
190537668209200,71629115482363,125,rotation-trial,-5280,1152,-2944,-421.514,-218.182,-746.597
190537669208900,71629116481155,126,rotation-trial,-5024,1152,-1888,-165.514,-218.182,309.403
190537670208600,71629117483071,127,rotation-trial,-4832,1696,-2720,26.4855,325.818,-522.597
190537671207100,71629118481238,128,rotation-trial,-4672,1536,-1568,186.486,165.818,629.403
190537672208900,71629119481030,129,rotation-trial,-4800,1472,-1984,58.4855,101.818,213.403
190537673208700,71629120481280,130,rotation-trial,-5184,1120,-2240,-325.514,-250.182,-42.5974
190537674204900,71629121481363,131,rotation-trial,-5024,1664,-2016,-165.514,293.818,181.403
190537675204400,71629122481238,132,rotation-trial,-5088,1280,-1856,-229.514,-90.1818,341.403
190537676203700,71629123481238,133,rotation-trial,-4800,1152,-2176,58.4855,-218.182,21.4026
190537677221200,71629124481155,134,rotation-trial,-5024,1152,-2656,-165.514,-218.182,-458.597
190537678215100,71629125481238,135,rotation-trial,-4768,1312,-1952,90.4855,-58.1818,245.403
190537679210800,71629126481280,136,rotation-trial,-4480,1344,-2496,378.486,-26.1818,-298.597
190537680208500,71629127481238,137,rotation-trial,-4704,1120,-2656,154.486,-250.182,-458.597
190537681210000,71629128486113,138,rotation-trial,-4416,1056,-2080,442.486,-314.182,117.403
190537682212000,71629129482405,139,rotation-trial,-4832,1632,-2464,26.4855,261.818,-266.597
190537683209800,71629130481321,140,rotation-trial,-5152,1536,-2272,-293.514,165.818,-74.5974
190537684209800,71629131481196,141,rotation-trial,-4800,1632,-2272,58.4855,261.818,-74.5974
190537685209900,71629132481071,142,rotation-trial,-4896,1824,-2656,-37.5145,453.818,-458.597
190537686209700,71629133481071,143,rotation-trial,-4512,1024,-1888,346.486,-346.182,309.403
190537687209700,71629134481280,144,rotation-trial,-4192,1120,-2240,666.486,-250.182,-42.5974
190537688210000,71629135482530,145,rotation-trial,-4352,1504,-2048,506.486,133.818,149.403
190537689209700,71629136481280,146,rotation-trial,-4704,1472,-2048,154.486,101.818,149.403
190537690205700,71629137481321,147,rotation-trial,-4672,1536,-1536,186.486,165.818,661.403
190537691205400,71629138481238,148,rotation-trial,-5344,1376,-2240,-485.514,5.81818,-42.5974
190537692205600,71629139481155,149,rotation-trial,-4928,1472,-2560,-69.5145,101.818,-362.597
190537693226400,71629140482280,150,rotation-trial,-4832,1632,-2816,26.4855,261.818,-618.597
190537694209200,71629141482655,151,rotation-trial,-4448,1376,-2336,410.486,5.81818,-138.597
190537695210900,71629142481196,152,rotation-trial,-4960,1600,-2016,-101.514,229.818,181.403
190537696203900,71629143481030,153,rotation-trial,-4672,1184,-2112,186.486,-186.182,85.4026
190537697202400,71629144480988,154,rotation-trial,-5056,1120,-3072,-197.514,-250.182,-874.597
190537698203200,71629145481238,155,rotation-trial,-5344,1248,-2912,-485.514,-122.182,-714.597
190537699210000,71629146482113,156,rotation-trial,-4512,1024,-2240,346.486,-346.182,-42.5974
190537700224300,71629147481321,157,rotation-trial,-4928,1344,-2112,-69.5145,-26.1818,85.4026
190537701227300,71629148481363,158,rotation-trial,-4928,1600,-2368,-69.5145,229.818,-170.597
190537702209600,71629149481280,159,rotation-trial,-4736,1280,-2528,122.486,-90.1818,-330.597
190537703213500,71629150482946,160,rotation-trial,-5440,1504,-1952,-581.514,133.818,245.403
190537704203100,71629151481280,161,rotation-trial,-4928,1056,-1792,-69.5145,-314.182,405.403
190537705210300,71629152481321,162,rotation-trial,-4960,1184,-2432,-101.514,-186.182,-234.597
190537706206100,71629153481155,163,rotation-trial,-4960,1632,-2176,-101.514,261.818,21.4026
190537707205800,71629154481946,164,rotation-trial,-4608,960,-1984,250.486,-410.182,213.403
190537708205900,71629155481321,165,rotation-trial,-4864,1408,-2048,-5.51449,37.8182,149.403
190537709209900,71629156481113,166,rotation-trial,-4544,1472,-2240,314.486,101.818,-42.5974
190537710215200,71629157481363,167,rotation-trial,-4928,1568,-2848,-69.5145,197.818,-650.597
190537711219300,71629158482446,168,rotation-trial,-4736,1248,-1888,122.486,-122.182,309.403
190537712234100,71629159483863,169,rotation-trial,-4672,2048,-2176,186.486,677.818,21.4026
190537713234300,71629160481113,170,rotation-trial,-4480,1344,-2656,378.486,-26.1818,-458.597
190537714214300,71629161481280,171,rotation-trial,-5056,1408,-2720,-197.514,37.8182,-522.597
190537715211600,71629162481238,172,rotation-trial,-5280,1344,-2144,-421.514,-26.1818,53.4026
190537716208000,71629163481321,173,rotation-trial,-4544,1216,-1920,314.486,-154.182,277.403
190537717209400,71629164482196,174,rotation-trial,-5056,1312,-2304,-197.514,-58.1818,-106.597
190537718207500,71629165481196,175,rotation-trial,-5184,2016,-2656,-325.514,645.818,-458.597
190537719209900,71629166481113,176,rotation-trial,-5120,1696,-2432,-261.514,325.818,-234.597
190537720209100,71629167481280,177,rotation-trial,-4800,1216,-1280,58.4855,-154.182,917.403
190537721209300,71629168481197,178,rotation-trial,-4512,1376,-2048,346.486,5.81818,149.403
190537722205100,71629169481322,179,rotation-trial,-4704,1120,-2208,154.486,-250.182,-10.5974
190537723205100,71629170482572,180,rotation-trial,-4960,1088,-2496,-101.514,-282.182,-298.597
190537724204900,71629171481113,181,rotation-trial,-4928,1440,-1920,-69.5145,69.8182,277.403
190537725230100,71629172481113,182,rotation-trial,-5152,1536,-2144,-293.514,165.818,53.4026
190537726215400,71629173481363,183,rotation-trial,-4256,1472,-2400,602.486,101.818,-202.597
190537727211600,71629174481322,184,rotation-trial,-5024,1184,-2432,-165.514,-186.182,-234.597
190537728209800,71629175481863,185,rotation-trial,-4928,832,-1728,-69.5145,-538.182,469.403
190537729201700,71629176481197,186,rotation-trial,-4992,1248,-2112,-133.514,-122.182,85.4026
190537730214400,71629177481238,187,rotation-trial,-5280,1120,-2432,-421.514,-250.182,-234.597
190537731213700,71629178481238,188,rotation-trial,-4704,1120,-2368,154.486,-250.182,-170.597
190537732210900,71629179481322,189,rotation-trial,-4960,1152,-2208,-101.514,-218.182,-10.5974
190537733212400,71629180482530,190,rotation-trial,-4896,768,-2240,-37.5145,-602.182,-42.5974
190537734210300,71629181482572,191,rotation-trial,-4576,1280,-1664,282.486,-90.1818,533.403
190537735208500,71629182481405,192,rotation-trial,-5344,1312,-2304,-485.514,-58.1818,-106.597
190537736210200,71629183481155,193,rotation-trial,-4512,1248,-2240,346.486,-122.182,-42.5974
190537737210000,71629184481197,194,rotation-trial,-4768,928,-2272,90.4855,-442.182,-74.5974
190537738205000,71629185481030,195,rotation-trial,-5184,1312,-2112,-325.514,-58.1818,85.4026
190537739206200,71629186481488,196,rotation-trial,-5248,1280,-2304,-389.514,-90.1818,-106.597
190537740205800,71629187481905,197,rotation-trial,-4896,1024,-2016,-37.5145,-346.182,181.403
190537741476700,71629188481988,198,rotation-trial,-4576,1312,-1760,282.486,-58.1818,437.403
190537742211400,71629189481322,199,rotation-trial,-4736,1312,-2656,122.486,-58.1818,-458.597
190537743208400,71629190481322,200,rotation-trial,-4736,1056,-1696,122.486,-314.182,501.403
190537744208800,71629191481322,201,rotation-trial,-5056,1280,-1632,-197.514,-90.1818,565.403
190537745210100,71629192482655,202,rotation-trial,-5600,1472,-2496,-741.514,101.818,-298.597
190537746212100,71629193481530,203,rotation-trial,-4032,1344,-1696,826.486,-26.1818,501.403
190537747212000,71629194481197,204,rotation-trial,-5088,1184,-2688,-229.514,-186.182,-490.597
190537748212100,71629195481113,205,rotation-trial,-4480,1184,-2304,378.486,-186.182,-106.597
190537749210800,71629196481072,206,rotation-trial,-5088,1408,-2304,-229.514,37.8182,-106.597
190537750212000,71629197481322,207,rotation-trial,-5600,1472,-2176,-741.514,101.818,21.4026
190537751212000,71629198481113,208,rotation-trial,-5088,1632,-1952,-229.514,261.818,245.403
190537752209700,71629199482405,209,rotation-trial,-4928,1472,-2464,-69.5145,101.818,-266.597
190537753212100,71629200481322,210,rotation-trial,-4768,1344,-1920,90.4855,-26.1818,277.403
190537754212000,71629201481405,211,rotation-trial,-4640,1536,-1888,218.486,165.818,309.403
190537755211400,71629202481322,212,rotation-trial,-4800,1600,-2208,58.4855,229.818,-10.5974
190537756211600,71629203481197,213,rotation-trial,-4704,1696,-1792,154.486,325.818,405.403
190537757237000,71629204481238,214,rotation-trial,-5440,1632,-2912,-581.514,261.818,-714.597
190537758218100,71629205481655,215,rotation-trial,-4928,1216,-1728,-69.5145,-154.182,469.403
190537759209000,71629206481280,216,rotation-trial,-5120,832,-2528,-261.514,-538.182,-330.597
190537760207400,71629207481197,217,rotation-trial,-5024,1536,-1984,-165.514,165.818,213.403
190537761207700,71629208481072,218,rotation-trial,-4864,1056,-2464,-5.51449,-314.182,-266.597
190537762275800,71629209481072,219,rotation-trial,-4992,1440,-1632,-133.514,69.8182,565.403
190537763213600,71629210481155,220,rotation-trial,-4864,1568,-2528,-5.51449,197.818,-330.597
190537764207100,71629211482655,221,rotation-trial,-4704,1568,-2528,154.486,197.818,-330.597
190537765208300,71629212481113,222,rotation-trial,-4640,1376,-2272,218.486,5.81818,-74.5974
190537766209600,71629213481238,223,rotation-trial,-4960,1376,-2240,-101.514,5.81818,-42.5974
190537767211900,71629214482488,224,rotation-trial,-4832,1088,-1824,26.4855,-282.182,373.403
190537768212000,71629215481197,225,rotation-trial,-4992,1536,-2912,-133.514,165.818,-714.597
190537769210400,71629216481947,226,rotation-trial,-4768,1184,-2080,90.4855,-186.182,117.403
190537770211500,71629217484072,227,rotation-trial,-5376,1376,-1984,-517.514,5.81818,213.403
190537771210600,71629218481280,228,rotation-trial,-4416,1056,-2080,442.486,-314.182,117.403
190537772211600,71629219481280,229,rotation-trial,-5440,896,-2496,-581.514,-474.182,-298.597
190537773212700,71629220493572,230,rotation-trial,-4320,1376,-1920,538.486,5.81818,277.403
190537774216500,71629221481238,231,rotation-trial,-4832,1408,-1824,26.4855,37.8182,373.403
190537775212700,71629222481988,232,rotation-trial,-5184,1120,-2144,-325.514,-250.182,53.4026
190537776208400,71629223482238,233,rotation-trial,-4640,1056,-1984,218.486,-314.182,213.403
190537777202800,71629224481072,234,rotation-trial,-4768,1024,-2080,90.4855,-346.182,117.403
190537778210400,71629225481030,235,rotation-trial,-4896,1600,-2048,-37.5145,229.818,149.403
190537779210000,71629226481113,236,rotation-trial,-4800,1344,-2112,58.4855,-26.1818,85.4026
190537780209600,71629227481363,237,rotation-trial,-4960,1824,-2080,-101.514,453.818,117.403
190537781209700,71629228482238,238,rotation-trial,-4768,1664,-1728,90.4855,293.818,469.403
190537782209200,71629229481572,239,rotation-trial,-4800,1568,-2368,58.4855,197.818,-170.597
190537783210100,71629230481280,240,rotation-trial,-4800,1568,-2240,58.4855,197.818,-42.5974
190537784209700,71629231481363,241,rotation-trial,-4928,1344,-1728,-69.5145,-26.1818,469.403
190537785209900,71629232481238,242,rotation-trial,-5312,1376,-2144,-453.514,5.81818,53.4026
190537786206400,71629233481322,243,rotation-trial,-4256,1184,-2080,602.486,-186.182,117.403
190537787203600,71629234481322,244,rotation-trial,-4128,1728,-2240,730.486,357.818,-42.5974
190537788203600,71629235481197,245,rotation-trial,-4992,1600,-1696,-133.514,229.818,501.403
190537789242700,71629236481113,246,rotation-trial,-5184,1664,-2592,-325.514,293.818,-394.597
190537790213000,71629237481072,247,rotation-trial,-5344,1376,-2944,-485.514,5.81818,-746.597
190537791202600,71629238480822,248,rotation-trial,-4416,1312,-1632,442.486,-58.1818,565.403
190537792208000,71629239481363,249,rotation-trial,-5088,1408,-2656,-229.514,37.8182,-458.597
190537793209500,71629240481322,250,rotation-trial,-4800,1216,-2144,58.4855,-154.182,53.4026
190537794211500,71629241482780,251,rotation-trial,-5184,1376,-2496,-325.514,5.81818,-298.597
190537795208600,71629242481238,252,rotation-trial,-4448,1408,-2336,410.486,37.8182,-138.597
190537796210100,71629243481322,253,rotation-trial,-5440,1472,-2272,-581.514,101.818,-74.5974
190537797199300,71629244481280,254,rotation-trial,-5312,1312,-2880,-453.514,-58.1818,-682.597
190537798204400,71629245481155,255,rotation-trial,-4768,800,-2304,90.4855,-570.182,-106.597
190537799210700,71629246481155,0,rotation-trial,-4512,1440,-1600,346.486,69.8182,597.403
190537800194000,71629247482697,1,rotation-trial,-4992,1440,-2016,-133.514,69.8182,181.403
190537801208300,71629248482780,2,rotation-trial,-5248,1472,-2432,-389.514,101.818,-234.597
190537802204700,71629249481155,3,rotation-trial,-4896,1568,-2592,-37.5145,197.818,-394.597
190537803206000,71629250481280,4,rotation-trial,-4896,1536,-1568,-37.5145,165.818,629.403
190537804204900,71629251482030,5,rotation-trial,-4544,1440,-2688,314.486,69.8182,-490.597
190537805209600,71629252481113,6,rotation-trial,-4896,1216,-1888,-37.5145,-154.182,309.403
190537806220900,71629253481405,7,rotation-trial,-5472,1024,-2240,-613.514,-346.182,-42.5974
190537807211100,71629254481280,8,rotation-trial,-4992,1152,-1632,-133.514,-218.182,565.403
190537808210200,71629255481238,9,rotation-trial,-4320,992,-1536,538.486,-378.182,661.403
190537809210000,71629256481280,10,rotation-trial,-4448,1376,-1728,410.486,5.81818,469.403
190537810208000,71629257481238,11,rotation-trial,-4672,1472,-2368,186.486,101.818,-170.597
190537811209900,71629258481363,12,rotation-trial,-5440,1888,-2016,-581.514,517.818,181.403
190537812209700,71629259482697,13,rotation-trial,-4768,1696,-2400,90.4855,325.818,-202.597
190537813208000,71629260481155,14,rotation-trial,-4672,1472,-2464,186.486,101.818,-266.597
190537814211900,71629261481155,15,rotation-trial,-4448,1728,-2080,410.486,357.818,117.403
190537815209600,71629262480988,16,rotation-trial,-5280,1504,-2720,-421.514,133.818,-522.597
190537816210000,71629263481072,17,rotation-trial,-5056,1504,-2048,-197.514,133.818,149.403
190537817207900,71629264480988,18,rotation-trial,-4768,1824,-2432,90.4855,453.818,-234.597
190537818206100,71629265480613,19,rotation-trial,-4928,992,-2336,-69.5145,-378.182,-138.597
190537819203800,71629266481405,20,rotation-trial,-4832,1248,-2144,26.4855,-122.182,53.4026
190537820203700,71629267481238,21,rotation-trial,-4064,1504,-2208,794.486,133.818,-10.5974
190537821215100,71629268481238,22,rotation-trial,-4992,1472,-2336,-133.514,101.818,-138.597
190537822217200,71629269482322,23,rotation-trial,-4768,1728,-2432,90.4855,357.818,-234.597
190537823212800,71629270484197,24,rotation-trial,-4928,1280,-1792,-69.5145,-90.1818,405.403
190537824210800,71629271481280,25,rotation-trial,-5280,1056,-1920,-421.514,-314.182,277.403
190537825210200,71629272481238,26,rotation-trial,-4704,1376,-2208,154.486,5.81818,-10.5974
190537826208100,71629273481488,27,rotation-trial,-5024,736,-1408,-165.514,-634.182,789.403
190537827209900,71629274481238,28,rotation-trial,-4640,1152,-2112,218.486,-218.182,85.4026
190537828210100,71629275481280,29,rotation-trial,-4928,1344,-1856,-69.5145,-26.1818,341.403
190537829209600,71629276481155,30,rotation-trial,-4736,1088,-1824,122.486,-282.182,373.403
190537830209700,71629277481072,31,rotation-trial,-5024,1120,-1472,-165.514,-250.182,725.403
190537831210000,71629278481280,32,rotation-trial,-4992,2048,-2368,-133.514,677.818,-170.597
190537832210000,71629279481030,33,rotation-trial,-4768,1376,-2912,90.4855,5.81818,-714.597
190537833209600,71629280482030,34,rotation-trial,-4864,1120,-1952,-5.51449,-250.182,245.403
190537834200600,71629281481405,35,rotation-trial,-5632,1248,-2048,-773.514,-122.182,149.403
190537835209700,71629282481280,36,rotation-trial,-4352,1440,-2496,506.486,69.8182,-298.597
190537836206100,71629283481280,37,rotation-trial,-4864,1728,-2240,-5.51449,357.818,-42.5974
190537837214900,71629284481197,38,rotation-trial,-5152,1760,-1824,-293.514,389.818,373.403
190537838203000,71629285480822,39,rotation-trial,-4192,1472,-2112,666.486,101.818,85.4026
190537839210900,71629286481197,40,rotation-trial,-4672,1696,-2912,186.486,325.818,-714.597
190537840210400,71629287481238,41,rotation-trial,-4672,1184,-1984,186.486,-186.182,213.403
190537841210100,71629288483780,42,rotation-trial,-5600,1248,-2016,-741.514,-122.182,181.403
190537842210200,71629289482613,43,rotation-trial,-4608,1472,-1984,250.486,101.818,213.403
190537843210300,71629290482697,44,rotation-trial,-4512,1184,-2112,346.486,-186.182,85.4026
190537844210200,71629291481113,45,rotation-trial,-4832,1728,-2720,26.4855,357.818,-522.597
190537845210100,71629292481030,46,rotation-trial,-4128,1600,-1888,730.486,229.818,309.403
190537846210500,71629293481405,47,rotation-trial,-5056,1408,-2272,-197.514,37.8182,-74.5974
190537847208400,71629294481322,48,rotation-trial,-4320,1312,-2048,538.486,-58.1818,149.403
190537848262400,71629295481280,49,rotation-trial,-4832,896,-1696,26.4855,-474.182,501.403
190537849203600,71629296481238,50,rotation-trial,-4480,1344,-2464,378.486,-26.1818,-266.597
190537850206300,71629297481238,51,rotation-trial,-5056,1600,-2272,-197.514,229.818,-74.5974
190537851205800,71629298481197,52,rotation-trial,-4768,1792,-2240,90.4855,421.818,-42.5974
190537852203800,71629299481197,53,rotation-trial,-4832,992,-1856,26.4855,-378.182,341.403
190537853207000,71629300482822,54,rotation-trial,-4704,1696,-1952,154.486,325.818,245.403
190537854225900,71629301481072,55,rotation-trial,-5024,1504,-2848,-165.514,133.818,-650.597
190537855208700,71629302481113,56,rotation-trial,-5312,1536,-2080,-453.514,165.818,117.403
190537856205000,71629303481113,57,rotation-trial,-5248,1184,-2944,-389.514,-186.182,-746.597
190537857210000,71629304480947,58,rotation-trial,-5216,1280,-2112,-357.514,-90.1818,85.4026
190537858201600,71629305481072,59,rotation-trial,-5504,1472,-2688,-645.514,101.818,-490.597
190537859206000,71629306481238,60,rotation-trial,-4896,1408,-1952,-37.5145,37.8182,245.403
190537860232900,71629307482822,61,rotation-trial,-4864,960,-2496,-5.51449,-410.182,-298.597
190537861208900,71629308481238,62,rotation-trial,-4992,1344,-2272,-133.514,-26.1818,-74.5974
190537862204000,71629309481197,63,rotation-trial,-5312,1536,-2272,-453.514,165.818,-74.5974
190537863225400,71629310481322,64,rotation-trial,-4928,1344,-2560,-69.5145,-26.1818,-362.597
190537864224300,71629311481197,65,rotation-trial,-5248,1440,-2432,-389.514,69.8182,-234.597
190537865202600,71629312480697,66,rotation-trial,-4928,1728,-2016,-69.5145,357.818,181.403
190537866213900,71629313481238,67,rotation-trial,-4992,1216,-2112,-133.514,-154.182,85.4026
190537867215500,71629314481113,68,rotation-trial,-4832,1344,-2368,26.4855,-26.1818,-170.597
190537868205600,71629315481197,69,rotation-trial,-5056,1696,-2560,-197.514,325.818,-362.597
190537869230500,71629316481197,70,rotation-trial,-5312,1440,-2080,-453.514,69.8182,117.403
190537870227100,71629317481113,71,rotation-trial,-4992,1216,-1856,-133.514,-154.182,341.403
190537871204600,71629318482738,72,rotation-trial,-5024,1760,-2240,-165.514,389.818,-42.5974
190537872221700,71629319481363,73,rotation-trial,-4928,1632,-2368,-69.5145,261.818,-170.597
190537873218600,71629320481363,74,rotation-trial,-4928,1632,-2112,-69.5145,261.818,85.4026
190537874203700,71629321481363,75,rotation-trial,-5216,1280,-2048,-357.514,-90.1818,149.403
190537875225600,71629322481280,76,rotation-trial,-5120,1728,-2272,-261.514,357.818,-74.5974
190537876209000,71629323481863,77,rotation-trial,-4288,1696,-2208,570.486,325.818,-10.5974
190537877214200,71629324481238,78,rotation-trial,-4864,928,-1728,-5.51449,-442.182,469.403
190537878209000,71629325481280,79,rotation-trial,-5504,1472,-2368,-645.514,101.818,-170.597
190537879204000,71629326482530,80,rotation-trial,-4864,1696,-2112,-5.51449,325.818,85.4026
190537880203500,71629327481405,81,rotation-trial,-5408,1792,-2176,-549.514,421.818,21.4026
190537881203300,71629328481197,82,rotation-trial,-4704,1440,-2816,154.486,69.8182,-618.597
190537882212400,71629329483072,83,rotation-trial,-5152,1504,-2144,-293.514,133.818,53.4026
190537883204000,71629330481863,84,rotation-trial,-4960,1056,-2048,-101.514,-314.182,149.403
190537884220700,71629331482613,85,rotation-trial,-5184,1536,-2176,-325.514,165.818,21.4026
190537885208400,71629332481155,86,rotation-trial,-4864,1664,-2528,-5.51449,293.818,-330.597
190537886605900,71629333481322,87,rotation-trial,-5408,1088,-1824,-549.514,-282.182,373.403
190537887200600,71629334481197,88,rotation-trial,-4448,1504,-2176,410.486,133.818,21.4026
190537888209500,71629335481238,89,rotation-trial,-4896,1632,-2016,-37.5145,261.818,181.403
190537889209000,71629336481280,90,rotation-trial,-4832,1184,-2144,26.4855,-186.182,53.4026
190537890209400,71629337481155,91,rotation-trial,-4736,1536,-2464,122.486,165.818,-266.597
190537891210000,71629338482155,92,rotation-trial,-4768,1504,-1728,90.4855,133.818,469.403
190537892207100,71629339481072,93,rotation-trial,-5152,1536,-1600,-293.514,165.818,597.403
190537893207300,71629340481363,94,rotation-trial,-5344,1344,-1792,-485.514,-26.1818,405.403
190537894209200,71629341481072,95,rotation-trial,-5088,1152,-1504,-229.514,-218.182,693.403
190537895209000,71629342481363,96,rotation-trial,-5024,1024,-2272,-165.514,-346.182,-74.5974
190537896207200,71629343481155,97,rotation-trial,-4608,1408,-2400,250.486,37.8182,-202.597
190537897202400,71629344483530,98,rotation-trial,-4864,800,-1856,-5.51449,-570.182,341.403
190537898200100,71629345481197,99,rotation-trial,-4608,1152,-2752,250.486,-218.182,-554.597
190537899205900,71629346481197,100,rotation-trial,-5184,1280,-2368,-325.514,-90.1818,-170.597
190537900208000,71629347481447,101,rotation-trial,-4800,1888,-2432,58.4855,517.818,-234.597
190537901205600,71629348481238,102,rotation-trial,-5120,1376,-1824,-261.514,5.81818,373.403
190537902208300,71629349481238,103,rotation-trial,-4480,1408,-2560,378.486,37.8182,-362.597
190537903217800,71629350481238,104,rotation-trial,-5120,1440,-2464,-261.514,69.8182,-266.597
190537904208300,71629351481197,105,rotation-trial,-4800,1312,-1952,58.4855,-58.1818,245.403
190537905200500,71629352481197,106,rotation-trial,-4928,1472,-1888,-69.5145,101.818,309.403
190537906204900,71629353481155,107,rotation-trial,-4416,1728,-1984,442.486,357.818,213.403
190537907214000,71629354481197,108,rotation-trial,-5312,1376,-3136,-453.514,5.81818,-938.597
190537908209900,71629355481280,109,rotation-trial,-4576,992,-2048,282.486,-378.182,149.403
190537909219300,71629356481155,110,rotation-trial,-4992,1056,-2048,-133.514,-314.182,149.403
190537910221600,71629357481072,111,rotation-trial,-5376,1504,-2688,-517.514,133.818,-490.597
190537911207500,71629358480947,112,rotation-trial,-4608,1280,-1984,250.486,-90.1818,213.403
190537912200500,71629359481322,113,rotation-trial,-5280,1120,-2144,-421.514,-250.182,53.4026
190537913208600,71629360481322,114,rotation-trial,-4704,1248,-2208,154.486,-122.182,-10.5974
190537914206400,71629361481197,115,rotation-trial,-5440,1472,-2656,-581.514,101.818,-458.597
190537915204400,71629362481238,116,rotation-trial,-4608,992,-1344,250.486,-378.182,853.403
190537916202000,71629363481197,117,rotation-trial,-4992,1248,-2848,-133.514,-122.182,-650.597
190537917219600,71629364481197,118,rotation-trial,-5440,1504,-2176,-581.514,133.818,21.4026
190537918216200,71629365481072,119,rotation-trial,-4832,992,-2240,26.4855,-378.182,-42.5974
190537919230100,71629366481030,120,rotation-trial,-4992,2016,-2208,-133.514,645.818,-10.5974
190537920222700,71629367481238,121,rotation-trial,-4608,896,-1984,250.486,-474.182,213.403
190537921209600,71629368481030,122,rotation-trial,-5184,1728,-2784,-325.514,357.818,-586.597
190537922223300,71629369481197,123,rotation-trial,-5472,1376,-1984,-613.514,5.81818,213.403
190537923215300,71629370481113,124,rotation-trial,-4832,1568,-2080,26.4855,197.818,117.403
190537924214600,71629371481697,125,rotation-trial,-5216,1088,-2368,-357.514,-282.182,-170.597
190537925206900,71629372481113,126,rotation-trial,-4768,1536,-2016,90.4855,165.818,181.403
190537926206300,71629373481238,127,rotation-trial,-5408,1728,-2368,-549.514,357.818,-170.597
190537927208000,71629374481322,128,rotation-trial,-4864,1248,-2752,-5.51449,-122.182,-554.597
190537928201900,71629375481155,129,rotation-trial,-4640,1024,-2368,218.486,-346.182,-170.597
190537929197400,71629376481238,130,rotation-trial,-5472,1408,-2784,-613.514,37.8182,-586.597
190537930206800,71629377481280,131,rotation-trial,-4480,1280,-2048,378.486,-90.1818,149.403
190537931199100,71629378481155,132,rotation-trial,-4704,1152,-2144,154.486,-218.182,53.4026
190537932207000,71629379481155,133,rotation-trial,-4800,1664,-2208,58.4855,293.818,-10.5974
190537933319600,71629380481113,134,rotation-trial,-4608,1376,-2368,250.486,5.81818,-170.597
190537934212300,71629381481447,135,rotation-trial,-4864,1824,-2176,-5.51449,453.818,21.4026
190537935208500,71629382481238,136,rotation-trial,-5056,1408,-2368,-197.514,37.8182,-170.597
190537936205400,71629383481030,137,rotation-trial,-4992,1472,-1664,-133.514,101.818,533.403
190537937226700,71629384481113,138,rotation-trial,-4576,1184,-2272,282.486,-186.182,-74.5974
190537938214000,71629385481072,139,rotation-trial,-4576,1888,-2400,282.486,517.818,-202.597
190537939206900,71629386481280,140,rotation-trial,-5056,1536,-1920,-197.514,165.818,277.403
190537940203500,71629387481197,141,rotation-trial,-4768,1600,-1984,90.4855,229.818,213.403
190537941216200,71629388482613,142,rotation-trial,-4736,1600,-2720,122.486,229.818,-522.597
190537942209000,71629389481238,143,rotation-trial,-4736,1184,-1888,122.486,-186.182,309.403
190537943227900,71629390481197,144,rotation-trial,-5184,1664,-3104,-325.514,293.818,-906.597
190537944217300,71629391481238,145,rotation-trial,-4864,1888,-2528,-5.51449,517.818,-330.597
190537945224200,71629392481238,146,rotation-trial,-4768,1536,-1568,90.4855,165.818,629.403
190537946219100,71629393481238,147,rotation-trial,-4960,1440,-2304,-101.514,69.8182,-106.597
190537947223200,71629394482572,148,rotation-trial,-5088,1632,-2464,-229.514,261.818,-266.597
190537948219500,71629395481113,149,rotation-trial,-4576,1568,-2720,282.486,197.818,-522.597
190537949215000,71629396481155,150,rotation-trial,-4224,1536,-2208,634.486,165.818,-10.5974
190537950334600,71629397481030,151,rotation-trial,-5024,1376,-2112,-165.514,5.81818,85.4026
190537951221600,71629398481072,152,rotation-trial,-5024,1152,-1792,-165.514,-218.182,405.403
190537952225000,71629399481613,153,rotation-trial,-5280,1184,-1856,-421.514,-186.182,341.403
190537953228300,71629400481863,154,rotation-trial,-4896,1472,-2240,-37.5145,101.818,-42.5974
190537954215200,71629401481280,155,rotation-trial,-4608,1536,-2240,250.486,165.818,-42.5974
190537955223000,71629402481238,156,rotation-trial,-4960,1088,-1888,-101.514,-282.182,309.403
190537956208400,71629403480947,157,rotation-trial,-5056,1504,-2464,-197.514,133.818,-266.597
190537957218200,71629404481280,158,rotation-trial,-4928,1440,-2176,-69.5145,69.8182,21.4026
190537958223600,71629405481155,159,rotation-trial,-4512,1216,-2432,346.486,-154.182,-234.597
190537959214800,71629406482738,160,rotation-trial,-4544,1536,-2816,314.486,165.818,-618.597
190537960208300,71629407482613,161,rotation-trial,-4640,960,-2144,218.486,-410.182,53.4026
190537961219900,71629408481072,162,rotation-trial,-4800,1664,-1920,58.4855,293.818,277.403
190537962211000,71629409481155,163,rotation-trial,-4672,1600,-2336,186.486,229.818,-138.597
190537963207500,71629410480988,164,rotation-trial,-4608,1472,-1888,250.486,101.818,309.403
190537964203700,71629411481030,165,rotation-trial,-5216,992,-1824,-357.514,-378.182,373.403
190537965216800,71629412481072,166,rotation-trial,-5184,1248,-1792,-325.514,-122.182,405.403
190537966212000,71629413481572,167,rotation-trial,-5120,1344,-2272,-261.514,-26.1818,-74.5974
190537967212300,71629414481322,168,rotation-trial,-5248,1600,-2528,-389.514,229.818,-330.597
190537968212000,71629415481197,169,rotation-trial,-4512,1216,-2208,346.486,-154.182,-10.5974
190537969211900,71629416481280,170,rotation-trial,-5056,1696,-2944,-197.514,325.818,-746.597
190537970211800,71629417481363,171,rotation-trial,-4576,1376,-2560,282.486,5.81818,-362.597
190537971211700,71629418481363,172,rotation-trial,-4224,1376,-2560,634.486,5.81818,-362.597
190537972211600,71629419481280,173,rotation-trial,-5184,1408,-1856,-325.514,37.8182,341.403
190537973211500,71629420481197,174,rotation-trial,-4192,1504,-2144,666.486,133.818,53.4026
190537974209400,71629421481197,175,rotation-trial,-4736,992,-1728,122.486,-378.182,469.403
190537975211600,71629422481072,176,rotation-trial,-4800,992,-2144,58.4855,-378.182,53.4026
190537976211600,71629423481113,177,rotation-trial,-5120,1824,-2752,-261.514,453.818,-554.597
190537977207400,71629424480988,178,rotation-trial,-4448,1568,-2112,410.486,197.818,85.4026
190537978207400,71629425480947,179,rotation-trial,-4704,1152,-2240,154.486,-218.182,-42.5974
190537979206200,71629426481363,180,rotation-trial,-4992,960,-2016,-133.514,-410.182,181.403
190537980403700,71629427481280,181,rotation-trial,-5472,1600,-1664,-613.514,229.818,533.403
190537981210600,71629428481322,182,rotation-trial,-4576,928,-2016,282.486,-442.182,181.403
190537982213100,71629429481363,183,rotation-trial,-5056,1408,-2048,-197.514,37.8182,149.403
190537983210600,71629430484072,184,rotation-trial,-4736,864,-1504,122.486,-506.182,693.403
190537984212600,71629431481322,185,rotation-trial,-5536,1216,-2624,-677.514,-154.182,-426.597
190537985212200,71629432481155,186,rotation-trial,-4544,1408,-2080,314.486,37.8182,117.403
190537986211900,71629433481197,187,rotation-trial,-5152,1088,-2080,-293.514,-282.182,117.403
190537987209700,71629434481155,188,rotation-trial,-4960,1248,-2592,-101.514,-122.182,-394.597
190537988213700,71629435481072,189,rotation-trial,-5280,1760,-2304,-421.514,389.818,-106.597
190537989211800,71629436481113,190,rotation-trial,-4416,1280,-2272,442.486,-90.1818,-74.5974
190537990211500,71629437481113,191,rotation-trial,-4864,1728,-2816,-5.51449,357.818,-618.597
190537991211600,71629438481155,192,rotation-trial,-4960,1248,-2176,-101.514,-122.182,21.4026
190537992211600,71629439481238,193,rotation-trial,-4896,1696,-2560,-37.5145,325.818,-362.597
190537993207400,71629440481280,194,rotation-trial,-4672,1024,-1600,186.486,-346.182,597.403
190537994205500,71629441481905,195,rotation-trial,-5152,1280,-2208,-293.514,-90.1818,-10.5974
190537995204300,71629442481197,196,rotation-trial,-4864,1760,-2656,-5.51449,389.818,-458.597
190537996217000,71629443481197,197,rotation-trial,-5664,1664,-2560,-805.514,293.818,-362.597
190537997222600,71629444481280,198,rotation-trial,-4608,1376,-2080,250.486,5.81818,117.403
190537998215500,71629445480780,199,rotation-trial,-4768,1696,-1536,90.4855,325.818,661.403
190537999212700,71629446481197,200,rotation-trial,-4768,1856,-2752,90.4855,485.818,-554.597
190538000212000,71629447482530,201,rotation-trial,-4736,1600,-2016,122.486,229.818,181.403
190538001224800,71629448481238,202,rotation-trial,-4416,1568,-1920,442.486,197.818,277.403
190538002222700,71629449481072,203,rotation-trial,-5120,1504,-2368,-261.514,133.818,-170.597
190538003229500,71629450480947,204,rotation-trial,-4832,1792,-2304,26.4855,421.818,-106.597
190538004223800,71629451481197,205,rotation-trial,-4512,1120,-1792,346.486,-250.182,405.403
190538005211900,71629452481363,206,rotation-trial,-4896,1344,-2272,-37.5145,-26.1818,-74.5974
190538006209300,71629453481238,207,rotation-trial,-4992,1536,-2464,-133.514,165.818,-266.597
190538007207700,71629454481155,208,rotation-trial,-4384,1664,-2304,474.486,293.818,-106.597
190538008209100,71629455481697,209,rotation-trial,-5088,1824,-2720,-229.514,453.818,-522.597
190538009205200,71629456481238,210,rotation-trial,-4672,1504,-2272,186.486,133.818,-74.5974
190538010205200,71629457481155,211,rotation-trial,-4768,1152,-2528,90.4855,-218.182,-330.597
190538011205400,71629458481322,212,rotation-trial,-5120,1440,-2528,-261.514,69.8182,-330.597
190538012226500,71629459481613,213,rotation-trial,-4704,1184,-1856,154.486,-186.182,341.403
190538013207700,71629460483655,214,rotation-trial,-4672,1280,-2304,186.486,-90.1818,-106.597
190538014212700,71629461482530,215,rotation-trial,-4704,1088,-1696,154.486,-282.182,501.403
190538015210200,71629462481030,216,rotation-trial,-4864,1088,-2304,-5.51449,-282.182,-106.597
190538016209100,71629463481197,217,rotation-trial,-4640,1568,-1728,218.486,197.818,469.403
190538017211200,71629464480988,218,rotation-trial,-5120,1216,-2208,-261.514,-154.182,-10.5974
190538018210700,71629465481113,219,rotation-trial,-4800,1280,-2336,58.4855,-90.1818,-138.597
190538019210600,71629466481447,220,rotation-trial,-4800,1312,-1952,58.4855,-58.1818,245.403
190538020210400,71629467481238,221,rotation-trial,-4608,1376,-2592,250.486,5.81818,-394.597
190538021267600,71629468481280,222,rotation-trial,-4896,1600,-2208,-37.5145,229.818,-10.5974
190538022210500,71629469481197,223,rotation-trial,-4640,1408,-2080,218.486,37.8182,117.403
190538023210900,71629470481113,224,rotation-trial,-4832,1472,-2080,26.4855,101.818,117.403
190538024211000,71629471483697,225,rotation-trial,-5632,1312,-2432,-773.514,-58.1818,-234.597
190538025206600,71629472481155,226,rotation-trial,-4864,928,-2080,-5.51449,-442.182,117.403
190538026205200,71629473481947,227,rotation-trial,-5536,1344,-2112,-677.514,-26.1818,85.4026
190538027206100,71629474481030,228,rotation-trial,-4672,1504,-2240,186.486,133.818,-42.5974
190538028220400,71629475481238,229,rotation-trial,-4800,1312,-2272,58.4855,-58.1818,-74.5974
190538029219600,71629476481197,230,rotation-trial,-4800,1312,-2816,58.4855,-58.1818,-618.597
190538030266500,71629477480988,231,rotation-trial,-4768,1152,-2528,90.4855,-218.182,-330.597
190538031211800,71629478480988,232,rotation-trial,-4896,1440,-2432,-37.5145,69.8182,-234.597
190538032235500,71629479481197,233,rotation-trial,-4896,768,-1760,-37.5145,-602.182,437.403
190538033211700,71629480482738,234,rotation-trial,-4768,1504,-2496,90.4855,133.818,-298.597
190538034222500,71629481481447,235,rotation-trial,-4864,1088,-2016,-5.51449,-282.182,181.403
190538035208900,71629482481280,236,rotation-trial,-4672,1088,-1728,186.486,-282.182,469.403
190538036205300,71629483482738,237,rotation-trial,-4800,1152,-2176,58.4855,-218.182,21.4026
190538037203500,71629484481197,238,rotation-trial,-4544,1344,-1888,314.486,-26.1818,309.403
190538038208000,71629485481113,239,rotation-trial,-4960,1344,-2272,-101.514,-26.1818,-74.5974
190538039269100,71629486481113,240,rotation-trial,-4896,1216,-1856,-37.5145,-154.182,341.403
190538040273000,71629487481030,241,rotation-trial,-5280,1696,-2624,-421.514,325.818,-426.597
190538041264600,71629488481238,242,rotation-trial,-4928,1056,-2432,-69.5145,-314.182,-234.597
190538042416600,71629489484697,243,rotation-trial,-4736,1120,-1952,122.486,-250.182,245.403
190538043203900,71629490481072,244,rotation-trial,-4736,1376,-2048,122.486,5.81818,149.403
190538044211500,71629491481030,245,rotation-trial,-4576,1312,-2208,282.486,-58.1818,-10.5974
190538045215300,71629492480988,246,rotation-trial,-5152,1216,-2336,-293.514,-154.182,-138.597
190538046204900,71629493481238,247,rotation-trial,-4896,1408,-2464,-37.5145,37.8182,-266.597
190538047207900,71629494481280,248,rotation-trial,-4736,1088,-1888,122.486,-282.182,309.403
190538048206600,71629495482697,249,rotation-trial,-4608,1312,-2112,250.486,-58.1818,85.4026
190538049210200,71629496481197,250,rotation-trial,-4736,1568,-2400,122.486,197.818,-202.597
190538050208000,71629497481155,251,rotation-trial,-5216,1504,-1312,-357.514,133.818,885.403
190538051205100,71629498482322,252,rotation-trial,-4736,1536,-1888,122.486,165.818,309.403
190538052206600,71629499481030,253,rotation-trial,-4864,1344,-2112,-5.51449,-26.1818,85.4026
190538053211100,71629500481822,254,rotation-trial,-4704,1408,-2752,154.486,37.8182,-554.597
190538054211300,71629501482405,255,rotation-trial,-5376,832,-2176,-517.514,-538.182,21.4026
190538055211600,71629502481113,0,rotation-trial,-5312,1696,-2880,-453.514,325.818,-682.597
190538056212200,71629503481197,1,rotation-trial,-4928,1216,-2240,-69.5145,-154.182,-42.5974
190538057211000,71629504481030,2,rotation-trial,-4864,1472,-2176,-5.51449,101.818,21.4026
190538058211200,71629505481280,3,rotation-trial,-5376,1280,-2720,-517.514,-90.1818,-522.597
190538059206300,71629506481197,4,rotation-trial,-4992,1408,-2976,-133.514,37.8182,-778.597
190538060214100,71629507480947,5,rotation-trial,-4800,1344,-2656,58.4855,-26.1818,-458.597
190538061207900,71629508481280,6,rotation-trial,-4896,1280,-2560,-37.5145,-90.1818,-362.597
190538062209300,71629509481030,7,rotation-trial,-4512,992,-1888,346.486,-378.182,309.403
190538063208100,71629510481155,8,rotation-trial,-5248,1824,-2496,-389.514,453.818,-298.597
190538064209300,71629511481113,9,rotation-trial,-4032,1184,-864,826.486,-186.182,1333.4
190538065209200,71629512482155,10,rotation-trial,-4800,1888,-2816,58.4855,517.818,-618.597
190538066208700,71629513481655,11,rotation-trial,-4896,1760,-1888,-37.5145,389.818,309.403
190538067211200,71629514481572,12,rotation-trial,-4704,1248,-1920,154.486,-122.182,277.403
190538068211200,71629515482280,13,rotation-trial,-5120,1664,-2336,-261.514,293.818,-138.597
190538069211000,71629516482030,14,rotation-trial,-5024,1632,-2336,-165.514,261.818,-138.597
190538070210300,71629517480947,15,rotation-trial,-4992,1344,-2240,-133.514,-26.1818,-42.5974
190538071212100,71629518481113,16,rotation-trial,-5216,1728,-2080,-357.514,357.818,117.403
190538072211600,71629519481155,17,rotation-trial,-4832,1568,-1888,26.4855,197.818,309.403
190538073210900,71629520481280,18,rotation-trial,-4704,1184,-1856,154.486,-186.182,341.403
190538074211600,71629521481197,19,rotation-trial,-5408,1184,-2080,-549.514,-186.182,117.403
190538075208900,71629522481030,20,rotation-trial,-5024,1216,-2336,-165.514,-154.182,-138.597
190538076218200,71629523481322,21,rotation-trial,-5056,1184,-2304,-197.514,-186.182,-106.597
190538077216500,71629524481238,22,rotation-trial,-5024,1600,-2560,-165.514,229.818,-362.597
190538078210200,71629525481113,23,rotation-trial,-4928,1664,-2048,-69.5145,293.818,149.403
190538079210000,71629526481113,24,rotation-trial,-4864,1056,-2112,-5.51449,-314.182,85.4026
190538080207500,71629527481113,25,rotation-trial,-4960,1312,-1824,-101.514,-58.1818,373.403
190538081207800,71629528481113,26,rotation-trial,-4960,1376,-2080,-101.514,5.81818,117.403
190538082209300,71629529481113,27,rotation-trial,-5184,1376,-1984,-325.514,5.81818,213.403
190538083211900,71629530481113,28,rotation-trial,-4736,1536,-2304,122.486,165.818,-106.597
190538084211700,71629531484030,29,rotation-trial,-4992,1152,-1984,-133.514,-218.182,213.403
190538085209200,71629532481822,30,rotation-trial,-4608,1248,-2112,250.486,-122.182,85.4026
190538086211400,71629533481488,31,rotation-trial,-4992,1536,-2080,-133.514,165.818,117.403
190538087211200,71629534481197,32,rotation-trial,-5344,1440,-2272,-485.514,69.8182,-74.5974
190538088211600,71629535481197,33,rotation-trial,-5120,1440,-2496,-261.514,69.8182,-298.597
190538089211200,71629536481322,34,rotation-trial,-4800,1504,-2176,58.4855,133.818,21.4026
190538090211900,71629537481113,35,rotation-trial,-4512,1376,-1824,346.486,5.81818,373.403
190538091303500,71629538481238,36,rotation-trial,-5024,960,-1984,-165.514,-410.182,213.403
190538092205300,71629539480988,37,rotation-trial,-5056,1152,-1920,-197.514,-218.182,277.403
190538093207600,71629540481155,38,rotation-trial,-5440,1664,-1920,-581.514,293.818,277.403
190538094210200,71629541481113,39,rotation-trial,-5568,928,-2368,-709.514,-442.182,-170.597
190538095210400,71629542481155,40,rotation-trial,-4704,1216,-2144,154.486,-154.182,53.4026
190538096207900,71629543481072,41,rotation-trial,-4768,1184,-1792,90.4855,-186.182,405.403
190538097205900,71629544480905,42,rotation-trial,-4864,1024,-2464,-5.51449,-346.182,-266.597
190538098206100,71629545481363,43,rotation-trial,-4672,1728,-2368,186.486,357.818,-170.597
190538099209700,71629546481238,44,rotation-trial,-5088,1472,-2432,-229.514,101.818,-234.597
190538100207600,71629547482905,45,rotation-trial,-4640,1056,-1984,218.486,-314.182,213.403
190538101206000,71629548481238,46,rotation-trial,-5248,1312,-2080,-389.514,-58.1818,117.403
190538102211200,71629549481197,47,rotation-trial,-5312,960,-2272,-453.514,-410.182,-74.5974
190538103210900,71629550481238,48,rotation-trial,-4640,1280,-2112,218.486,-90.1818,85.4026
190538104211300,71629551481030,49,rotation-trial,-4672,896,-2432,186.486,-474.182,-234.597
190538105211500,71629552481155,50,rotation-trial,-4640,704,-2144,218.486,-666.182,53.4026
190538106211000,71629553481238,51,rotation-trial,-4832,1056,-1856,26.4855,-314.182,341.403
190538107244100,71629554481030,52,rotation-trial,-5376,1216,-2464,-517.514,-154.182,-266.597
190538108201400,71629555481155,53,rotation-trial,-4512,800,-1376,346.486,-570.182,821.403
190538109280700,71629556481155,54,rotation-trial,-4608,1312,-2112,250.486,-58.1818,85.4026
190538110368500,71629557481447,55,rotation-trial,-5024,1184,-2432,-165.514,-186.182,-234.597
190538111286400,71629558481280,56,rotation-trial,-4704,1600,-2336,154.486,229.818,-138.597
190538112212000,71629559481113,57,rotation-trial,-4512,1408,-2304,346.486,37.8182,-106.597
190538113210800,71629560485697,58,rotation-trial,-4800,1184,-1664,58.4855,-186.182,533.403
190538114210500,71629561482655,59,rotation-trial,-4384,1088,-1600,474.486,-282.182,597.403
190538115210000,71629562481155,60,rotation-trial,-4544,1472,-1984,314.486,101.818,213.403
190538116210200,71629563481113,61,rotation-trial,-4480,1760,-1792,378.486,389.818,405.403
190538117209900,71629564482238,62,rotation-trial,-4704,1376,-2240,154.486,5.81818,-42.5974
190538118209900,71629565481238,63,rotation-trial,-4352,1632,-2016,506.486,261.818,181.403
190538119209700,71629566481155,64,rotation-trial,-5440,1408,-2688,-581.514,37.8182,-490.597
190538120209900,71629567481155,65,rotation-trial,-5024,1632,-2432,-165.514,261.818,-234.597
190538121205600,71629568481030,66,rotation-trial,-4640,1280,-2720,218.486,-90.1818,-522.597
190538122205500,71629569481863,67,rotation-trial,-4928,1152,-2368,-69.5145,-218.182,-170.597
190538123202800,71629570481113,68,rotation-trial,-5024,1728,-2272,-165.514,357.818,-74.5974
190538124200000,71629571480905,69,rotation-trial,-4448,1536,-1536,410.486,165.818,661.403
190538125214600,71629572481238,70,rotation-trial,-4896,1728,-2496,-37.5145,357.818,-298.597
190538126213800,71629573481780,71,rotation-trial,-5056,2048,-2752,-197.514,677.818,-554.597
190538127210700,71629574482113,72,rotation-trial,-4640,1184,-1856,218.486,-186.182,341.403
190538128745400,71629575481363,73,rotation-trial,-5056,1408,-2496,-197.514,37.8182,-298.597
190538129202200,71629576481113,74,rotation-trial,-5376,1216,-2368,-517.514,-154.182,-170.597
190538130210000,71629577481197,75,rotation-trial,-5184,1088,-2464,-325.514,-282.182,-266.597
190538131210500,71629578481197,76,rotation-trial,-4416,1120,-1568,442.486,-250.182,629.403
190538132674300,71629579480905,77,rotation-trial,-4960,1472,-2496,-101.514,101.818,-298.597
190538133208000,71629580481113,78,rotation-trial,-4800,1568,-1888,58.4855,197.818,309.403
190538134208200,71629581481072,79,rotation-trial,-5280,1472,-2304,-421.514,101.818,-106.597
190538135209800,71629582481030,80,rotation-trial,-4896,1600,-2368,-37.5145,229.818,-170.597
190538136209800,71629583481030,81,rotation-trial,-4704,1216,-1952,154.486,-154.182,245.403
190538137205900,71629584481030,82,rotation-trial,-4736,1216,-2368,122.486,-154.182,-170.597
190538138203400,71629585481072,83,rotation-trial,-5120,1536,-2592,-261.514,165.818,-394.597
190538139203000,71629586481155,84,rotation-trial,-4800,1952,-2656,58.4855,581.818,-458.597
190538140216500,71629587481238,85,rotation-trial,-4928,1248,-2112,-69.5145,-122.182,85.4026
190538141205400,71629588481072,86,rotation-trial,-4736,1792,-2688,122.486,421.818,-490.597
190538142207200,71629589481613,87,rotation-trial,-4288,1536,-2048,570.486,165.818,149.403
190538143201700,71629590484113,88,rotation-trial,-5376,1472,-1984,-517.514,101.818,213.403
190538144201300,71629591481030,89,rotation-trial,-5024,1792,-2400,-165.514,421.818,-202.597
190538145203600,71629592481197,90,rotation-trial,-4800,1632,-1792,58.4855,261.818,405.403
190538146204400,71629593481030,91,rotation-trial,-4672,1376,-1856,186.486,5.81818,341.403
190538147201800,71629594481405,92,rotation-trial,-4768,1824,-1984,90.4855,453.818,213.403
190538148205100,71629595481030,93,rotation-trial,-4640,1632,-2240,218.486,261.818,-42.5974
190538149227100,71629596481030,94,rotation-trial,-4320,1568,-2784,538.486,197.818,-586.597
190538150216900,71629597481113,95,rotation-trial,-4672,1152,-1952,186.486,-218.182,245.403
190538151214400,71629598480988,96,rotation-trial,-5824,1568,-2688,-965.514,197.818,-490.597
190538152208100,71629599481447,97,rotation-trial,-4896,1248,-1952,-37.5145,-122.182,245.403
190538153203800,71629600481363,98,rotation-trial,-4736,1280,-2208,122.486,-90.1818,-10.5974
190538154205600,71629601481363,99,rotation-trial,-4896,1728,-2336,-37.5145,357.818,-138.597
190538155200000,71629602481197,100,rotation-trial,-4992,1472,-2112,-133.514,101.818,85.4026
190538156210600,71629603481155,101,rotation-trial,-5184,1824,-2592,-325.514,453.818,-394.597
190538157210800,71629604481197,102,rotation-trial,-4704,1376,-3104,154.486,5.81818,-906.597
190538158210300,71629605480988,103,rotation-trial,-4704,1248,-1312,154.486,-122.182,885.403
190538159209100,71629606482155,104,rotation-trial,-4768,1472,-1920,90.4855,101.818,277.403
190538160207700,71629607481113,105,rotation-trial,-4864,1600,-2368,-5.51449,229.818,-170.597
190538161206400,71629608481072,106,rotation-trial,-4512,1024,-2208,346.486,-346.182,-10.5974
190538162210000,71629609482863,107,rotation-trial,-4736,1088,-1408,122.486,-282.182,789.403
190538163209600,71629610490613,108,rotation-trial,-4192,1152,-2016,666.486,-218.182,181.403
190538164209500,71629611480905,109,rotation-trial,-4512,1216,-1984,346.486,-154.182,213.403
190538165209600,71629612481363,110,rotation-trial,-4704,1632,-2048,154.486,261.818,149.403
190538166209800,71629613483363,111,rotation-trial,-4608,1312,-2016,250.486,-58.1818,181.403
190538167209500,71629614481197,112,rotation-trial,-4544,1280,-1664,314.486,-90.1818,533.403
190538168209300,71629615481155,113,rotation-trial,-5408,1248,-2688,-549.514,-122.182,-490.597
190538169205600,71629616481363,114,rotation-trial,-4608,1344,-1504,250.486,-26.1818,693.403
190538170204200,71629617481155,115,rotation-trial,-5216,1984,-2272,-357.514,613.818,-74.5974
190538171205000,71629618481322,116,rotation-trial,-4864,1664,-2528,-5.51449,293.818,-330.597
190538172200300,71629619481780,117,rotation-trial,-4608,1248,-2048,250.486,-122.182,149.403
190538173203700,71629620483405,118,rotation-trial,-4288,608,-1920,570.486,-762.182,277.403
190538174204700,71629621481405,119,rotation-trial,-4544,896,-2272,314.486,-474.182,-74.5974
190538175315900,71629622481113,120,rotation-trial,-3584,1344,-1792,1274.49,-26.1818,405.403
190538176207700,71629623481072,121,rotation-trial,-4768,1472,-2176,90.4855,101.818,21.4026
190538177205400,71629624480947,122,rotation-trial,-4832,1408,-2752,26.4855,37.8182,-554.597
190538178208200,71629625481197,123,rotation-trial,-5216,1440,-2944,-357.514,69.8182,-746.597
190538179206700,71629626481905,124,rotation-trial,-4576,1536,-2272,282.486,165.818,-74.5974
190538180205300,71629627481238,125,rotation-trial,-4960,1504,-2240,-101.514,133.818,-42.5974
190538181197500,71629628481113,126,rotation-trial,-5088,1152,-1952,-229.514,-218.182,245.403
190538182202100,71629629481238,127,rotation-trial,-4736,1888,-2112,122.486,517.818,85.4026
190538183204700,71629630481238,128,rotation-trial,-4256,1440,-2080,602.486,69.8182,117.403
190538184204000,71629631482530,129,rotation-trial,-5056,1536,-2368,-197.514,165.818,-170.597
190538185199600,71629632482697,130,rotation-trial,-4352,1216,-2272,506.486,-154.182,-74.5974
190538186205200,71629633481113,131,rotation-trial,-4416,1504,-2496,442.486,133.818,-298.597
190538187201500,71629634481113,132,rotation-trial,-4256,1376,-1600,602.486,5.81818,597.403
190538188200600,71629635481113,133,rotation-trial,-4832,1536,-2400,26.4855,165.818,-202.597
190538189200700,71629636481780,134,rotation-trial,-5376,1568,-2752,-517.514,197.818,-554.597
190538190198200,71629637481072,135,rotation-trial,-4736,1568,-2048,122.486,197.818,149.403
190538191198100,71629638481072,136,rotation-trial,-5152,1376,-1952,-293.514,5.81818,245.403
190538192203300,71629639481322,137,rotation-trial,-4480,960,-2656,378.486,-410.182,-458.597
190538193203000,71629640481863,138,rotation-trial,-5216,1440,-2048,-357.514,69.8182,149.403
190538194202600,71629641481488,139,rotation-trial,-5024,1472,-1728,-165.514,101.818,469.403
190538195200600,71629642481238,140,rotation-trial,-5024,1504,-2432,-165.514,133.818,-234.597
190538196223600,71629643481113,141,rotation-trial,-4416,736,-2176,442.486,-634.182,21.4026
190538197500000,71629644481113,142,rotation-trial,-4736,1760,-2080,122.486,389.818,117.403
190538198202500,71629645481030,143,rotation-trial,-4864,1440,-2560,-5.51449,69.8182,-362.597
190538199200800,71629646481030,144,rotation-trial,-4800,1312,-2048,58.4855,-58.1818,149.403
190538200205600,71629647481113,145,rotation-trial,-5472,1408,-2464,-613.514,37.8182,-266.597
190538201869100,71629648481197,146,rotation-trial,-4576,1600,-2304,282.486,229.818,-106.597
190538202226000,71629649482572,147,rotation-trial,-4960,1440,-1984,-101.514,69.8182,213.403
190538203209700,71629650481113,148,rotation-trial,-5472,1120,-2176,-613.514,-250.182,21.4026
190538204203000,71629651481072,149,rotation-trial,-5120,1536,-2048,-261.514,165.818,149.403
190538205204600,71629652481197,150,rotation-trial,-4928,1856,-2624,-69.5145,485.818,-426.597
190538206222000,71629653481155,151,rotation-trial,-4640,1632,-2176,218.486,261.818,21.4026
190538207239300,71629654481280,152,rotation-trial,-4544,1856,-2240,314.486,485.818,-42.5974
190538208220400,71629655481238,153,rotation-trial,-5248,1856,-2688,-389.514,485.818,-490.597
190538209207100,71629656481155,154,rotation-trial,-5568,1856,-2656,-709.514,485.818,-458.597
190538210209300,71629657481030,155,rotation-trial,-5408,1536,-2240,-549.514,165.818,-42.5974
190538211202100,71629658480988,156,rotation-trial,-4960,1568,-2272,-101.514,197.818,-74.5974
190538212206300,71629659481113,157,rotation-trial,-4640,1440,-2112,218.486,69.8182,85.4026
190538213222700,71629660481197,158,rotation-trial,-4800,1024,-2304,58.4855,-346.182,-106.597
190538214222300,71629661481155,159,rotation-trial,-5216,1536,-2304,-357.514,165.818,-106.597
190538215220400,71629662481113,160,rotation-trial,-4864,1280,-2720,-5.51449,-90.1818,-522.597
190538216225300,71629663480905,161,rotation-trial,-5120,1376,-2528,-261.514,5.81818,-330.597
190538217221500,71629664481072,162,rotation-trial,-4960,1920,-2112,-101.514,549.818,85.4026
190538218218600,71629665481197,163,rotation-trial,-5472,1568,-2304,-613.514,197.818,-106.597
190538219221200,71629666481280,164,rotation-trial,-4576,1376,-2496,282.486,5.81818,-298.597
190538220224700,71629667481280,165,rotation-trial,-4896,1120,-2336,-37.5145,-250.182,-138.597
190538221227600,71629668481072,166,rotation-trial,-4832,1184,-1984,26.4855,-186.182,213.403
190538222213300,71629669481197,167,rotation-trial,-4576,1024,-2496,282.486,-346.182,-298.597
190538223211300,71629670481155,168,rotation-trial,-4800,1920,-2688,58.4855,549.818,-490.597
190538224230300,71629671480738,169,rotation-trial,-4640,1632,-1888,218.486,261.818,309.403
190538225224600,71629672482363,170,rotation-trial,-5088,1184,-1696,-229.514,-186.182,501.403
190538226332900,71629673481072,171,rotation-trial,-4896,672,-2400,-37.5145,-698.182,-202.597
190538227285100,71629674481113,172,rotation-trial,-4640,1088,-1792,218.486,-282.182,405.403
190538228224000,71629675480988,173,rotation-trial,-4192,896,-1696,666.486,-474.182,501.403
190538229216100,71629676481072,174,rotation-trial,-4704,1120,-2208,154.486,-250.182,-10.5974
190538230213600,71629677481613,175,rotation-trial,-4832,992,-1888,26.4855,-378.182,309.403
190538231217700,71629678481738,176,rotation-trial,-4288,1408,-2432,570.486,37.8182,-234.597
190538232234100,71629679483822,177,rotation-trial,-4384,1024,-1824,474.486,-346.182,373.403
190538233380400,71629680483322,178,rotation-trial,-5440,1408,-2368,-581.514,37.8182,-170.597
190538234356400,71629681485697,179,rotation-trial,-4160,832,-2240,698.486,-538.182,-42.5974
190538235338200,71629682491655,180,rotation-trial,-4576,1088,-2592,282.486,-282.182,-394.597
190538236358300,71629683494405,181,rotation-trial,-5120,1440,-2400,-261.514,69.8182,-202.597
190538237204300,71629684489197,182,rotation-trial,-4896,864,-2368,-37.5145,-506.182,-170.597
190538238211900,71629685487655,183,rotation-trial,-4640,1152,-2400,218.486,-218.182,-202.597
190538239387600,71629686487322,184,rotation-trial,-5120,1440,-1728,-261.514,69.8182,469.403
190538240426000,71629687489738,185,rotation-trial,-4864,768,-2112,-5.51449,-602.182,85.4026
190538241293000,71629688489113,186,rotation-trial,-4736,1248,-1952,122.486,-122.182,245.403
190538242339300,71629689490197,187,rotation-trial,-4896,1504,-2112,-37.5145,133.818,85.4026
190538243212100,71629690487447,188,rotation-trial,-4576,1088,-2016,282.486,-282.182,181.403
190538244289700,71629691486322,189,rotation-trial,-5280,1216,-2016,-421.514,-154.182,181.403
190538245227300,71629692487822,190,rotation-trial,-4704,1184,-2144,154.486,-186.182,53.4026
190538246339800,71629693486197,191,rotation-trial,-4896,1120,-1632,-37.5145,-250.182,565.403
190538247335600,71629694488530,192,rotation-trial,-4512,1760,-2464,346.486,389.818,-266.597
190538248204200,71629695486280,193,rotation-trial,-5408,1568,-2624,-549.514,197.818,-426.597
190538249208600,71629696487905,194,rotation-trial,-5216,1664,-2368,-357.514,293.818,-170.597
190538250205500,71629697482822,195,rotation-trial,-4800,1344,-1888,58.4855,-26.1818,309.403
190538251210000,71629698489280,196,rotation-trial,-4800,1344,-2528,58.4855,-26.1818,-330.597
190538252228000,71629699484155,197,rotation-trial,-4512,1376,-2304,346.486,5.81818,-106.597
190538253221700,71629700487113,198,rotation-trial,-4608,1248,-1984,250.486,-122.182,213.403
190538254220200,71629701487488,199,rotation-trial,-4992,1856,-2496,-133.514,485.818,-298.597
190538255215900,71629702485197,200,rotation-trial,-5280,1536,-2688,-421.514,165.818,-490.597
190538256248300,71629703481822,201,rotation-trial,-4992,1440,-2144,-133.514,69.8182,53.4026
190538257215700,71629704484447,202,rotation-trial,-5152,1504,-2496,-293.514,133.818,-298.597
190538258275800,71629705490572,203,rotation-trial,-5248,1312,-2112,-389.514,-58.1818,85.4026
190538259271900,71629706485988,204,rotation-trial,-4576,1184,-1664,282.486,-186.182,533.403
190538260273700,71629707483780,205,rotation-trial,-5472,1632,-2496,-613.514,261.818,-298.597
190538261265300,71629708487155,206,rotation-trial,-4576,1600,-2016,282.486,229.818,181.403
190538262269500,71629709484030,207,rotation-trial,-4864,768,-2368,-5.51449,-602.182,-170.597
190538263208500,71629710483530,208,rotation-trial,-4608,1792,-1920,250.486,421.818,277.403
190538264266200,71629711486238,209,rotation-trial,-4576,1696,-2720,282.486,325.818,-522.597
190538265213500,71629712485863,210,rotation-trial,-4192,1536,-2400,666.486,165.818,-202.597
190538266222200,71629713482572,211,rotation-trial,-4672,768,-1696,186.486,-602.182,501.403
190538267288500,71629714487197,212,rotation-trial,-4896,1376,-2944,-37.5145,5.81818,-746.597
190538268412800,71629715487113,213,rotation-trial,-4512,1472,-2272,346.486,101.818,-74.5974
190538269279900,71629716486738,214,rotation-trial,-4672,1344,-2176,186.486,-26.1818,21.4026
190538270408400,71629717485530,215,rotation-trial,-4768,1536,-2112,90.4855,165.818,85.4026
190538271282200,71629718490280,216,rotation-trial,-4896,1600,-2688,-37.5145,229.818,-490.597
190538272214600,71629719487072,217,rotation-trial,-5472,1312,-2432,-613.514,-58.1818,-234.597
190538273333200,71629720486280,218,rotation-trial,-4832,1536,-2272,26.4855,165.818,-74.5974
190538274417600,71629721488905,219,rotation-trial,-4384,928,-2176,474.486,-442.182,21.4026
190538275287400,71629722485447,220,rotation-trial,-5120,1536,-2624,-261.514,165.818,-426.597
190538276281500,71629723482697,221,rotation-trial,-4544,1312,-2208,314.486,-58.1818,-10.5974
190538277287700,71629724486322,222,rotation-trial,-5280,1408,-2688,-421.514,37.8182,-490.597
190538278413600,71629725488863,223,rotation-trial,-4736,1184,-1920,122.486,-186.182,277.403
190538279226200,71629726487988,224,rotation-trial,-5344,1344,-2464,-485.514,-26.1818,-266.597
190538280216800,71629727486030,225,rotation-trial,-5664,1376,-3040,-805.514,5.81818,-842.597
190538281202500,71629728485697,226,rotation-trial,-4352,1344,-1696,506.486,-26.1818,501.403
190538282205900,71629729483947,227,rotation-trial,-4576,960,-2144,282.486,-410.182,53.4026
190538283211600,71629730484822,228,rotation-trial,-4256,960,-2016,602.486,-410.182,181.403
190538284342700,71629731489363,229,rotation-trial,-4896,2016,-2656,-37.5145,645.818,-458.597
190538285445300,71629732487530,230,rotation-trial,-4640,928,-1920,218.486,-442.182,277.403
190538286465700,71629733486113,231,rotation-trial,-5152,1600,-2784,-293.514,229.818,-586.597
190538287359600,71629734485363,232,rotation-trial,-4768,1664,-1888,90.4855,293.818,309.403
190538288321100,71629735484113,233,rotation-trial,-4896,1120,-2912,-37.5145,-250.182,-714.597
190538289213400,71629736481655,234,rotation-trial,-4768,1408,-2240,90.4855,37.8182,-42.5974
190538290213200,71629737481238,235,rotation-trial,-4704,1344,-2208,154.486,-26.1818,-10.5974
190538291217800,71629738481238,236,rotation-trial,-4800,1408,-2208,58.4855,37.8182,-10.5974
190538292215800,71629739481030,237,rotation-trial,-4800,992,-1952,58.4855,-378.182,245.403
190538293223100,71629740481113,238,rotation-trial,-5312,1216,-2496,-453.514,-154.182,-298.597
190538294215800,71629741482738,239,rotation-trial,-4320,1120,-2432,538.486,-250.182,-234.597
190538295217500,71629742481030,240,rotation-trial,-4512,1504,-2304,346.486,133.818,-106.597
190538296204300,71629743480988,241,rotation-trial,-5376,1216,-2208,-517.514,-154.182,-10.5974
190538297215800,71629744480905,242,rotation-trial,-5024,1824,-1920,-165.514,453.818,277.403
190538298213000,71629745482488,243,rotation-trial,-4768,1376,-2240,90.4855,5.81818,-42.5974
190538299216100,71629746481197,244,rotation-trial,-4544,1408,-1952,314.486,37.8182,245.403
190538300227700,71629747481363,245,rotation-trial,-4896,1472,-1888,-37.5145,101.818,309.403
190538301214000,71629748482822,246,rotation-trial,-5344,1760,-2016,-485.514,389.818,181.403
190538302214000,71629749482655,247,rotation-trial,-4736,1472,-2112,122.486,101.818,85.4026
190538303209600,71629750481655,248,rotation-trial,-4096,1376,-2048,762.486,5.81818,149.403
190538304222600,71629751481197,249,rotation-trial,-5408,1536,-2208,-549.514,165.818,-10.5974
190538305213800,71629752481072,250,rotation-trial,-5088,1088,-2656,-229.514,-282.182,-458.597
190538306281200,71629753481322,251,rotation-trial,-4544,1408,-2048,314.486,37.8182,149.403
190538307226700,71629754481072,252,rotation-trial,-5248,1344,-2176,-389.514,-26.1818,21.4026
190538308220300,71629755480655,253,rotation-trial,-5088,1472,-2848,-229.514,101.818,-650.597
190538309212500,71629756481072,254,rotation-trial,-5024,1536,-2464,-165.514,165.818,-266.597
190538310218200,71629757481947,255,rotation-trial,-5152,1056,-2080,-293.514,-314.182,117.403
190538311218400,71629758481238,0,rotation-trial,-4864,1184,-2240,-5.51449,-186.182,-42.5974
190538312206600,71629759481197,1,rotation-trial,-4544,1184,-1888,314.486,-186.182,309.403
190538313207300,71629760482488,2,rotation-trial,-4544,1504,-1728,314.486,133.818,469.403
190538314219200,71629761481113,3,rotation-trial,-4960,1536,-1696,-101.514,165.818,501.403
190538315222000,71629762481113,4,rotation-trial,-5344,1184,-2336,-485.514,-186.182,-138.597
190538316219100,71629763482113,5,rotation-trial,-4928,1728,-2176,-69.5145,357.818,21.4026
190538317214100,71629764481113,6,rotation-trial,-4512,1792,-2400,346.486,421.818,-202.597
190538318210400,71629765481155,7,rotation-trial,-4704,960,-2080,154.486,-410.182,117.403
190538319213000,71629766481072,8,rotation-trial,-5280,1408,-2336,-421.514,37.8182,-138.597
190538320215200,71629767481030,9,rotation-trial,-5152,1184,-2528,-293.514,-186.182,-330.597
190538321211800,71629768481197,10,rotation-trial,-4960,1344,-1792,-101.514,-26.1818,405.403
190538322210600,71629769480988,11,rotation-trial,-4960,1504,-2432,-101.514,133.818,-234.597
190538323227100,71629770480988,12,rotation-trial,-4608,864,-1824,250.486,-506.182,373.403
190538324208200,71629771481322,13,rotation-trial,-4480,1536,-2080,378.486,165.818,117.403
190538325218600,71629772481488,14,rotation-trial,-4928,1376,-2464,-69.5145,5.81818,-266.597
190538326210000,71629773481405,15,rotation-trial,-4224,1440,-2432,634.486,69.8182,-234.597
190538327215000,71629774481113,16,rotation-trial,-4864,1056,-2400,-5.51449,-314.182,-202.597
190538328209400,71629775481155,17,rotation-trial,-5056,1600,-1824,-197.514,229.818,373.403
190538329216900,71629776481447,18,rotation-trial,-5152,1440,-2368,-293.514,69.8182,-170.597
190538330648100,71629777483863,19,rotation-trial,-4640,1088,-1344,218.486,-282.182,853.403
190538331388100,71629778481030,20,rotation-trial,-5472,1696,-2944,-613.514,325.818,-746.597
190538332232300,71629779480988,21,rotation-trial,-4832,1408,-2144,26.4855,37.8182,53.4026
190538333222100,71629780481155,22,rotation-trial,-4512,1152,-1952,346.486,-218.182,245.403
190538334224100,71629781480988,23,rotation-trial,-5088,1024,-2304,-229.514,-346.182,-106.597
190538335219800,71629782480905,24,rotation-trial,-4736,1312,-2112,122.486,-58.1818,85.4026
190538336225100,71629783480905,25,rotation-trial,-4672,1376,-2208,186.486,5.81818,-10.5974
190538337215400,71629784481238,26,rotation-trial,-4448,864,-1568,410.486,-506.182,629.403
190538338213200,71629785481238,27,rotation-trial,-4928,1312,-2496,-69.5145,-58.1818,-298.597
190538339209100,71629786481155,28,rotation-trial,-4352,1408,-2336,506.486,37.8182,-138.597
190538340213500,71629787480780,29,rotation-trial,-4832,1184,-2208,26.4855,-186.182,-10.5974
190538341216100,71629788481238,30,rotation-trial,-4896,1280,-2880,-37.5145,-90.1818,-682.597
190538342215100,71629789483863,31,rotation-trial,-4768,1184,-2016,90.4855,-186.182,181.403
190538343209000,71629790482155,32,rotation-trial,-4896,1632,-2496,-37.5145,261.818,-298.597
190538344206100,71629791481155,33,rotation-trial,-5472,1312,-1952,-613.514,-58.1818,245.403
190538345206100,71629792481030,34,rotation-trial,-5408,1248,-2304,-549.514,-122.182,-106.597
190538346207700,71629793481113,35,rotation-trial,-4960,1120,-1472,-101.514,-250.182,725.403
190538347230800,71629794481155,36,rotation-trial,-5024,1216,-2336,-165.514,-154.182,-138.597
190538348216000,71629795481238,37,rotation-trial,-4800,1728,-2496,58.4855,357.818,-298.597
190538349222000,71629796481072,38,rotation-trial,-4544,928,-1984,314.486,-442.182,213.403
190538350210800,71629797483780,39,rotation-trial,-4896,1056,-1824,-37.5145,-314.182,373.403
190538351208000,71629798481280,40,rotation-trial,-4256,1088,-1952,602.486,-282.182,245.403
190538352208000,71629799481197,41,rotation-trial,-4256,1664,-1792,602.486,293.818,405.403
190538353205800,71629800481322,42,rotation-trial,-5184,1216,-1888,-325.514,-154.182,309.403
190538354209300,71629801481197,43,rotation-trial,-5024,1184,-1728,-165.514,-186.182,469.403
190538355207900,71629802481238,44,rotation-trial,-5024,1568,-2368,-165.514,197.818,-170.597
190538356222000,71629803481113,45,rotation-trial,-4928,1472,-1856,-69.5145,101.818,341.403
190538357217500,71629804481238,46,rotation-trial,-5312,1440,-2464,-453.514,69.8182,-266.597
190538358212900,71629805481155,47,rotation-trial,-4576,1184,-2464,282.486,-186.182,-266.597
190538359206100,71629806481030,48,rotation-trial,-4736,1088,-2336,122.486,-282.182,-138.597
190538360206300,71629807481072,49,rotation-trial,-4896,1312,-2176,-37.5145,-58.1818,21.4026
190538361200500,71629808480905,50,rotation-trial,-4800,1440,-2400,58.4855,69.8182,-202.597
190538362219700,71629809481030,51,rotation-trial,-5376,1408,-2080,-517.514,37.8182,117.403
190538363219200,71629810481072,52,rotation-trial,-5024,1600,-2816,-165.514,229.818,-618.597
190538364226100,71629811481238,53,rotation-trial,-4960,928,-1408,-101.514,-442.182,789.403
190538365215900,71629812481238,54,rotation-trial,-4480,1216,-1504,378.486,-154.182,693.403
190538366223400,71629813482613,55,rotation-trial,-4608,1728,-2432,250.486,357.818,-234.597
190538367222400,71629814482030,56,rotation-trial,-4864,1568,-1792,-5.51449,197.818,405.403
190538368224200,71629815481197,57,rotation-trial,-4768,1504,-2048,90.4855,133.818,149.403
190538369212500,71629816481030,58,rotation-trial,-4288,1568,-2336,570.486,197.818,-138.597
190538370215200,71629817481155,59,rotation-trial,-4672,1504,-2080,186.486,133.818,117.403
190538371230100,71629818481155,60,rotation-trial,-4704,1440,-1984,154.486,69.8182,213.403
190538372220600,71629819481780,61,rotation-trial,-4736,1024,-1888,122.486,-346.182,309.403
190538373213900,71629820481197,62,rotation-trial,-4768,1568,-2656,90.4855,197.818,-458.597
190538374232300,71629821480905,63,rotation-trial,-4928,1440,-2912,-69.5145,69.8182,-714.597
190538375218000,71629822480947,64,rotation-trial,-5184,1248,-1568,-325.514,-122.182,629.403
190538376216600,71629823480905,65,rotation-trial,-5152,1376,-2560,-293.514,5.81818,-362.597
190538377212600,71629824481572,66,rotation-trial,-4192,1344,-1920,666.486,-26.1818,277.403
190538378240500,71629825481238,67,rotation-trial,-5024,1184,-2080,-165.514,-186.182,117.403
190538379224600,71629826481197,68,rotation-trial,-4672,1120,-2144,186.486,-250.182,53.4026
190538380229500,71629827481113,69,rotation-trial,-4864,1504,-2848,-5.51449,133.818,-650.597
190538381213900,71629828481113,70,rotation-trial,-4448,1248,-2048,410.486,-122.182,149.403
190538382218100,71629829480822,71,rotation-trial,-4768,1120,-2272,90.4855,-250.182,-74.5974
190538383211100,71629830483530,72,rotation-trial,-5248,1632,-2080,-389.514,261.818,117.403
190538384213400,71629831481655,73,rotation-trial,-4992,1632,-2688,-133.514,261.818,-490.597
190538385213300,71629832482363,74,rotation-trial,-4576,1568,-1824,282.486,197.818,373.403
190538386213400,71629833484572,75,rotation-trial,-5024,1856,-1856,-165.514,485.818,341.403
190538387212600,71629834481030,76,rotation-trial,-4896,1120,-1920,-37.5145,-250.182,277.403
190538388208200,71629835481030,77,rotation-trial,-4768,1184,-1664,90.4855,-186.182,533.403
190538389208800,71629836480905,78,rotation-trial,-4416,1568,-1792,442.486,197.818,405.403
190538390212900,71629837481238,79,rotation-trial,-4896,1344,-2272,-37.5145,-26.1818,-74.5974
190538391208900,71629838481197,80,rotation-trial,-5120,1728,-1920,-261.514,357.818,277.403
190538392210900,71629839481863,81,rotation-trial,-4928,1472,-2016,-69.5145,101.818,181.403
190538393209300,71629840481280,82,rotation-trial,-4928,1728,-2304,-69.5145,357.818,-106.597
190538394221500,71629841481238,83,rotation-trial,-4928,1696,-2304,-69.5145,325.818,-106.597
190538395215400,71629842481072,84,rotation-trial,-4832,1344,-1984,26.4855,-26.1818,213.403
190538396214500,71629843480947,85,rotation-trial,-4768,1504,-2272,90.4855,133.818,-74.5974
190538397213500,71629844481405,86,rotation-trial,-4672,1312,-1856,186.486,-58.1818,341.403
190538398208700,71629845481113,87,rotation-trial,-4640,1504,-2656,218.486,133.818,-458.597
190538399213200,71629846481072,88,rotation-trial,-4992,1152,-2400,-133.514,-218.182,-202.597
190538400213500,71629847481405,89,rotation-trial,-4928,1472,-1984,-69.5145,101.818,213.403
190538401213400,71629848482197,90,rotation-trial,-5056,1120,-2112,-197.514,-250.182,85.4026
190538402213300,71629849480947,91,rotation-trial,-4992,1664,-2336,-133.514,293.818,-138.597
190538403213100,71629850480988,92,rotation-trial,-4832,1312,-2528,26.4855,-58.1818,-330.597
190538404213100,71629851481322,93,rotation-trial,-4608,1856,-2464,250.486,485.818,-266.597
190538405214900,71629852481155,94,rotation-trial,-5536,1216,-2016,-677.514,-154.182,181.403
190538406211300,71629853481197,95,rotation-trial,-4608,1056,-2528,250.486,-314.182,-330.597
190538407207500,71629854481447,96,rotation-trial,-4800,1408,-2112,58.4855,37.8182,85.4026
190538408209200,71629855482572,97,rotation-trial,-4608,1280,-1728,250.486,-90.1818,469.403
190538409208000,71629856481113,98,rotation-trial,-5568,1184,-2336,-709.514,-186.182,-138.597
190538410236200,71629857481238,99,rotation-trial,-5696,1632,-2688,-837.514,261.818,-490.597
190538411319300,71629858481072,100,rotation-trial,-5184,960,-1856,-325.514,-410.182,341.403
190538412290900,71629859481030,101,rotation-trial,-4832,1504,-1952,26.4855,133.818,245.403
190538413378500,71629860483197,102,rotation-trial,-5184,1280,-2400,-325.514,-90.1818,-202.597
190538414296300,71629861480655,103,rotation-trial,-5568,1920,-3104,-709.514,549.818,-906.597
190538415308400,71629862481113,104,rotation-trial,-4576,1312,-2176,282.486,-58.1818,21.4026
190538416302500,71629863480947,105,rotation-trial,-4992,992,-1920,-133.514,-378.182,277.403
190538417285000,71629864481238,106,rotation-trial,-4992,1184,-2592,-133.514,-186.182,-394.597
190538418300800,71629865481155,107,rotation-trial,-4832,1600,-2816,26.4855,229.818,-618.597
190538419298200,71629866483364,108,rotation-trial,-4736,1216,-1600,122.486,-154.182,597.403
190538420338400,71629867481197,109,rotation-trial,-5120,1280,-2208,-261.514,-90.1818,-10.5974
190538421272900,71629868481114,110,rotation-trial,-5248,1536,-2752,-389.514,165.818,-554.597
190538422313700,71629869481114,111,rotation-trial,-4992,1632,-2560,-133.514,261.818,-362.597
190538423202500,71629870481155,112,rotation-trial,-4640,1344,-2176,218.486,-26.1818,21.4026
190538424208400,71629871481155,113,rotation-trial,-5088,1344,-2528,-229.514,-26.1818,-330.597
190538425207000,71629872481030,114,rotation-trial,-4576,864,-2112,282.486,-506.182,85.4026
190538426211000,71629873480947,115,rotation-trial,-4800,1376,-2272,58.4855,5.81818,-74.5974
190538427214900,71629874481072,116,rotation-trial,-5280,1440,-2848,-421.514,69.8182,-650.597
190538428245800,71629875480947,117,rotation-trial,-5184,1408,-2656,-325.514,37.8182,-458.597
190538429234800,71629876481697,118,rotation-trial,-4416,1088,-2144,442.486,-282.182,53.4026
190538430234900,71629877480947,119,rotation-trial,-5184,1504,-2016,-325.514,133.818,181.403
190538431216000,71629878481280,120,rotation-trial,-4640,1568,-1952,218.486,197.818,245.403
190538432214200,71629879481239,121,rotation-trial,-5152,1152,-2080,-293.514,-218.182,117.403
190538433210800,71629880484655,122,rotation-trial,-4672,1056,-2304,186.486,-314.182,-106.597
190538434212400,71629881481155,123,rotation-trial,-4352,1152,-1984,506.486,-218.182,213.403
190538435212100,71629882481155,124,rotation-trial,-4704,1504,-1664,154.486,133.818,533.403
190538436211200,71629883481072,125,rotation-trial,-5120,1152,-2400,-261.514,-218.182,-202.597
190538437210000,71629884481114,126,rotation-trial,-4992,1856,-2304,-133.514,485.818,-106.597
190538438212300,71629885481030,127,rotation-trial,-5056,1760,-1984,-197.514,389.818,213.403
190538439207800,71629886481197,128,rotation-trial,-4704,1632,-2784,154.486,261.818,-586.597
190538440207500,71629887481030,129,rotation-trial,-5056,1152,-2304,-197.514,-218.182,-106.597
190538441207500,71629888480989,130,rotation-trial,-4896,1472,-2496,-37.5145,101.818,-298.597
190538442225300,71629889481114,131,rotation-trial,-4768,1696,-1248,90.4855,325.818,949.403
190538443215400,71629890482697,132,rotation-trial,-5152,1760,-2048,-293.514,389.818,149.403
190538444216600,71629891480864,133,rotation-trial,-4992,1408,-2208,-133.514,37.8182,-10.5974
190538445212000,71629892481239,134,rotation-trial,-4864,1344,-1088,-5.51449,-26.1818,1109.4
190538446213300,71629893481114,135,rotation-trial,-4864,1632,-1984,-5.51449,261.818,213.403
190538447212200,71629894481114,136,rotation-trial,-4992,1824,-2432,-133.514,453.818,-234.597
190538448210300,71629895481114,137,rotation-trial,-4896,928,-1984,-37.5145,-442.182,213.403
190538449210300,71629896481197,138,rotation-trial,-4992,1760,-1792,-133.514,389.818,405.403
190538450210200,71629897481114,139,rotation-trial,-5312,992,-2240,-453.514,-378.182,-42.5974
190538451210200,71629898480989,140,rotation-trial,-4672,1248,-2176,186.486,-122.182,21.4026
190538452208400,71629899481072,141,rotation-trial,-4864,1152,-2272,-5.51449,-218.182,-74.5974
190538453210600,71629900481072,142,rotation-trial,-4704,1472,-1824,154.486,101.818,373.403
190538454210400,71629901481780,143,rotation-trial,-5536,1024,-2144,-677.514,-346.182,53.4026
190538455206500,71629902480989,144,rotation-trial,-4960,1728,-2176,-101.514,357.818,21.4026
190538456206200,71629903481197,145,rotation-trial,-4512,1536,-1984,346.486,165.818,213.403
190538457206200,71629904481197,146,rotation-trial,-5152,1408,-2560,-293.514,37.8182,-362.597
190538458224300,71629905481197,147,rotation-trial,-5280,1440,-2368,-421.514,69.8182,-170.597
190538459217400,71629906481322,148,rotation-trial,-5280,1664,-2272,-421.514,293.818,-74.5974
190538460210700,71629907481280,149,rotation-trial,-4480,1696,-1856,378.486,325.818,341.403
190538461210500,71629908481072,150,rotation-trial,-5024,896,-2048,-165.514,-474.182,149.403
190538462210000,71629909481155,151,rotation-trial,-4640,1536,-2432,218.486,165.818,-234.597
190538463210100,71629910481072,152,rotation-trial,-4512,1536,-2144,346.486,165.818,53.4026
190538464210000,71629911481072,153,rotation-trial,-5248,1728,-2464,-389.514,357.818,-266.597
190538465210200,71629912481114,154,rotation-trial,-5344,1120,-1824,-485.514,-250.182,373.403
190538466210000,71629913482030,155,rotation-trial,-5440,1312,-2784,-581.514,-58.1818,-586.597
190538467210000,71629914481114,156,rotation-trial,-4704,1536,-2336,154.486,165.818,-138.597
190538468210200,71629915481030,157,rotation-trial,-4640,1376,-1856,218.486,5.81818,341.403
190538469209300,71629916480989,158,rotation-trial,-5792,1472,-2560,-933.514,101.818,-362.597
190538470210300,71629917481155,159,rotation-trial,-4640,1504,-2400,218.486,133.818,-202.597
190538471206300,71629918481114,160,rotation-trial,-5216,1536,-2176,-357.514,165.818,21.4026
190538472206200,71629919482739,161,rotation-trial,-4704,1536,-2048,154.486,165.818,149.403
190538473206300,71629920482572,162,rotation-trial,-4992,1728,-2816,-133.514,357.818,-618.597
190538474217700,71629921481155,163,rotation-trial,-4864,1280,-2784,-5.51449,-90.1818,-586.597
190538475212100,71629922481155,164,rotation-trial,-4928,1504,-2336,-69.5145,133.818,-138.597
190538476211200,71629923482239,165,rotation-trial,-4640,1184,-2336,218.486,-186.182,-138.597
190538477209900,71629924481239,166,rotation-trial,-4992,1248,-2080,-133.514,-122.182,117.403
190538478210000,71629925481030,167,rotation-trial,-4832,1408,-1536,26.4855,37.8182,661.403
190538479210000,71629926482572,168,rotation-trial,-4960,1472,-2784,-101.514,101.818,-586.597
190538480209100,71629927480947,169,rotation-trial,-5280,1088,-1696,-421.514,-282.182,501.403
190538481210000,71629928480614,170,rotation-trial,-4672,1504,-2112,186.486,133.818,85.4026
190538482209700,71629929481030,171,rotation-trial,-4672,768,-2272,186.486,-602.182,-74.5974
190538483207900,71629930481530,172,rotation-trial,-4608,1536,-2112,250.486,165.818,85.4026
190538484209900,71629931481239,173,rotation-trial,-5280,1792,-2592,-421.514,421.818,-394.597
190538485208100,71629932481239,174,rotation-trial,-4608,1504,-2336,250.486,133.818,-138.597
190538486210500,71629933481697,175,rotation-trial,-4960,1536,-2240,-101.514,165.818,-42.5974
190538487205900,71629934481239,176,rotation-trial,-4608,1312,-2208,250.486,-58.1818,-10.5974
190538488206000,71629935481114,177,rotation-trial,-5280,1824,-2144,-421.514,453.818,53.4026
190538489203700,71629936481114,178,rotation-trial,-4672,1312,-2208,186.486,-58.1818,-10.5974
190538490217600,71629937480989,179,rotation-trial,-5120,864,-1248,-261.514,-506.182,949.403
190538491212000,71629938481155,180,rotation-trial,-5696,1632,-3168,-837.514,261.818,-970.597
190538492210500,71629939482030,181,rotation-trial,-4640,1312,-2208,218.486,-58.1818,-10.5974
190538493210300,71629940481114,182,rotation-trial,-4672,1344,-1984,186.486,-26.1818,213.403
190538494210000,71629941481030,183,rotation-trial,-4800,1600,-1984,58.4855,229.818,213.403
190538495209500,71629942480989,184,rotation-trial,-4928,1216,-2112,-69.5145,-154.182,85.4026
190538496209500,71629943480947,185,rotation-trial,-4320,1280,-2560,538.486,-90.1818,-362.597
190538497207600,71629944481239,186,rotation-trial,-4608,1056,-2016,250.486,-314.182,181.403
190538498204300,71629945481155,187,rotation-trial,-5184,1152,-2240,-325.514,-218.182,-42.5974
190538499204600,71629946481197,188,rotation-trial,-4096,1344,-2688,762.486,-26.1818,-490.597
190538500203800,71629947482197,189,rotation-trial,-4544,1472,-2432,314.486,101.818,-234.597
190538501210000,71629948481280,190,rotation-trial,-4320,928,-1920,538.486,-442.182,277.403
190538502207700,71629949481447,191,rotation-trial,-4800,1280,-1952,58.4855,-90.1818,245.403
190538503205500,71629950481239,192,rotation-trial,-4928,1472,-2432,-69.5145,101.818,-234.597
190538504205400,71629951481155,193,rotation-trial,-4736,1376,-1440,122.486,5.81818,757.403
190538505203500,71629952480947,194,rotation-trial,-4896,1120,-2112,-37.5145,-250.182,85.4026
190538506204700,71629953481030,195,rotation-trial,-5248,1664,-2464,-389.514,293.818,-266.597
190538507305000,71629954480989,196,rotation-trial,-4960,1280,-2464,-101.514,-90.1818,-266.597
190538508288700,71629955482947,197,rotation-trial,-4544,1120,-1312,314.486,-250.182,885.403
190538509293600,71629956480989,198,rotation-trial,-4736,1216,-2144,122.486,-154.182,53.4026
190538510330900,71629957481280,199,rotation-trial,-4896,1120,-2304,-37.5145,-250.182,-106.597
190538511279800,71629958481114,200,rotation-trial,-5024,1472,-2240,-165.514,101.818,-42.5974
190538512308900,71629959481155,201,rotation-trial,-4704,992,-1920,154.486,-378.182,277.403
190538513308100,71629960481072,202,rotation-trial,-4800,1760,-1952,58.4855,389.818,245.403
190538514307700,71629961483989,203,rotation-trial,-4704,1600,-1792,154.486,229.818,405.403
190538515274900,71629962482447,204,rotation-trial,-4896,1888,-2816,-37.5145,517.818,-618.597
190538516295600,71629963481322,205,rotation-trial,-4768,1856,-2304,90.4855,485.818,-106.597
190538517282200,71629964481072,206,rotation-trial,-4608,1312,-1824,250.486,-58.1818,373.403
190538518289400,71629965480780,207,rotation-trial,-4672,1536,-2112,186.486,165.818,85.4026
190538519322000,71629966481364,208,rotation-trial,-4832,1568,-1536,26.4855,197.818,661.403
190538520275600,71629967481072,209,rotation-trial,-4736,1504,-2144,122.486,133.818,53.4026
190538521301800,71629968481030,210,rotation-trial,-4544,1152,-2016,314.486,-218.182,181.403
190538522207300,71629969480905,211,rotation-trial,-4480,1216,-2176,378.486,-154.182,21.4026
190538523218500,71629970480947,212,rotation-trial,-4896,1440,-2656,-37.5145,69.8182,-458.597
190538524202300,71629971481197,213,rotation-trial,-4288,1600,-1920,570.486,229.818,277.403
190538525271700,71629972481155,214,rotation-trial,-4672,1600,-1536,186.486,229.818,661.403
190538526334000,71629973481197,215,rotation-trial,-4960,1568,-2240,-101.514,197.818,-42.5974
190538527268600,71629974481114,216,rotation-trial,-4224,1376,-1888,634.486,5.81818,309.403
190538528310700,71629975481155,217,rotation-trial,-4928,1408,-1888,-69.5145,37.8182,309.403
190538529281800,71629976480989,218,rotation-trial,-5312,1088,-2112,-453.514,-282.182,85.4026
190538530320000,71629977480989,219,rotation-trial,-5120,1088,-2080,-261.514,-282.182,117.403
190538531315300,71629978481280,220,rotation-trial,-4672,1792,-1952,186.486,421.818,245.403
190538532274200,71629979480947,221,rotation-trial,-4960,1312,-2016,-101.514,-58.1818,181.403
190538533307900,71629980481155,222,rotation-trial,-4256,1440,-2016,602.486,69.8182,181.403
190538534280400,71629981481155,223,rotation-trial,-4768,1248,-2560,90.4855,-122.182,-362.597
190538535316400,71629982481072,224,rotation-trial,-5184,1056,-2400,-325.514,-314.182,-202.597
190538536328400,71629983481114,225,rotation-trial,-4448,1088,-1792,410.486,-282.182,405.403
190538537285200,71629984481239,226,rotation-trial,-5056,1280,-2176,-197.514,-90.1818,21.4026
190538538199600,71629985481155,227,rotation-trial,-4608,1440,-2176,250.486,69.8182,21.4026
190538539201800,71629986481155,228,rotation-trial,-4960,1344,-1984,-101.514,-26.1818,213.403
190538540279300,71629987480655,229,rotation-trial,-4832,1568,-2400,26.4855,197.818,-202.597
190538541302700,71629988481155,230,rotation-trial,-4928,1440,-2464,-69.5145,69.8182,-266.597
190538542296100,71629989481197,231,rotation-trial,-4960,1088,-2656,-101.514,-282.182,-458.597
190538543291200,71629990481155,232,rotation-trial,-4704,1216,-1856,154.486,-154.182,341.403
190538544292000,71629991481114,233,rotation-trial,-5312,1312,-1696,-453.514,-58.1818,501.403
190538545205900,71629992480572,234,rotation-trial,-4928,1760,-2176,-69.5145,389.818,21.4026
190538546209800,71629993480989,235,rotation-trial,-4960,1120,-1472,-101.514,-250.182,725.403
190538547207600,71629994480947,236,rotation-trial,-5728,1344,-1888,-869.514,-26.1818,309.403
190538548218300,71629995481072,237,rotation-trial,-4896,1408,-2048,-37.5145,37.8182,149.403
190538549209400,71629996480864,238,rotation-trial,-4128,1728,-1664,730.486,357.818,533.403
190538550209100,71629997481155,239,rotation-trial,-5248,1440,-2592,-389.514,69.8182,-394.597
190538551205200,71629998481280,240,rotation-trial,-4672,1248,-2176,186.486,-122.182,21.4026
190538552204900,71629999481072,241,rotation-trial,-5504,1632,-2336,-645.514,261.818,-138.597
190538553205100,71630000481197,242,rotation-trial,-4928,1600,-2144,-69.5145,229.818,53.4026
190538554200600,71630001481114,243,rotation-trial,-4608,1344,-1984,250.486,-26.1818,213.403
190538555213400,71630002481114,244,rotation-trial,-4512,1344,-1856,346.486,-26.1818,341.403
190538556212100,71630003481405,245,rotation-trial,-5056,1472,-2336,-197.514,101.818,-138.597
190538557210000,71630004481030,246,rotation-trial,-4448,1312,-2048,410.486,-58.1818,149.403
190538558209400,71630005481030,247,rotation-trial,-5472,1280,-2304,-613.514,-90.1818,-106.597
190538559209700,71630006480905,248,rotation-trial,-4640,1856,-2208,218.486,485.818,-10.5974
190538560209400,71630007481322,249,rotation-trial,-4576,928,-2208,282.486,-442.182,-10.5974
190538561207600,71630008480989,250,rotation-trial,-4672,1088,-1408,186.486,-282.182,789.403
190538562209500,71630009480947,251,rotation-trial,-4448,1056,-2304,410.486,-314.182,-106.597
190538563209600,71630010481239,252,rotation-trial,-5152,1280,-2080,-293.514,-90.1818,117.403
190538564207300,71630011482239,253,rotation-trial,-5152,800,-1664,-293.514,-570.182,533.403
190538565207300,71630012481114,254,rotation-trial,-4768,928,-1696,90.4855,-442.182,501.403
190538566209300,71630013481739,255,rotation-trial,-4704,1376,-2592,154.486,5.81818,-394.597
190538567205200,71630014483114,0,rotation-trial,-4704,1472,-2528,154.486,101.818,-330.597
190538568205200,71630015482614,1,rotation-trial,-5376,1280,-2016,-517.514,-90.1818,181.403
190538569203300,71630016481197,2,rotation-trial,-4896,960,-1760,-37.5145,-410.182,437.403
190538570268400,71630017481114,3,rotation-trial,-5696,1344,-2720,-837.514,-26.1818,-522.597
190538571206200,71630018481072,4,rotation-trial,-4448,1600,-1728,410.486,229.818,469.403
190538576326800,71630019480989,5,rotation-trial,-4192,1344,-1824,666.486,-26.1818,373.403
190538576353500,71630020481114,6,rotation-trial,-5152,1152,-2784,-293.514,-218.182,-586.597
190538576361400,71630021480989,7,rotation-trial,-4928,1312,-1984,-69.5145,-58.1818,213.403
190538576367200,71630022481447,8,rotation-trial,-4320,1504,-1696,538.486,133.818,501.403
190538576372900,71630023480905,9,rotation-trial,-5088,1408,-2048,-229.514,37.8182,149.403
190538577201800,71630024481072,10,rotation-trial,-4832,1472,-2656,26.4855,101.818,-458.597
190538578201000,71630025481239,11,rotation-trial,-5024,1216,-1728,-165.514,-154.182,469.403
190538579202800,71630026482655,12,rotation-trial,-5024,1856,-2336,-165.514,485.818,-138.597
190538580206400,71630027481155,13,rotation-trial,-4544,1376,-2112,314.486,5.81818,85.4026
190538581204600,71630028481030,14,rotation-trial,-5568,1760,-2880,-709.514,389.818,-682.597
190538585718100,71630029483030,15,rotation-trial,-4416,1088,-2080,442.486,-282.182,117.403
190538585742600,71630030481114,16,rotation-trial,-4832,992,-2272,26.4855,-378.182,-74.5974
190538585748500,71630031481155,17,rotation-trial,-4608,1376,-2144,250.486,5.81818,53.4026
190538585754200,71630032482572,18,rotation-trial,-4960,1824,-2976,-101.514,453.818,-778.597
190538586230000,71630033480947,19,rotation-trial,-4256,1472,-2432,602.486,101.818,-234.597
190538587333600,71630034481322,20,rotation-trial,-4544,1408,-2176,314.486,37.8182,21.4026
190538588219300,71630035481030,21,rotation-trial,-4960,1248,-1984,-101.514,-122.182,213.403
190538589234800,71630036480947,22,rotation-trial,-5024,1312,-3232,-165.514,-58.1818,-1034.6
190538590210400,71630037481155,23,rotation-trial,-5312,1312,-1856,-453.514,-58.1818,341.403
190538591213200,71630038481114,24,rotation-trial,-4480,1728,-2208,378.486,357.818,-10.5974
190538592211900,71630039481072,25,rotation-trial,-4992,1376,-2368,-133.514,5.81818,-170.597
190538593209600,71630040481280,26,rotation-trial,-4672,928,-2144,186.486,-442.182,53.4026
190538594209200,71630041481030,27,rotation-trial,-4992,1024,-2592,-133.514,-346.182,-394.597
190538595208800,71630042481155,28,rotation-trial,-4544,1472,-2272,314.486,101.818,-74.5974
190538596208900,71630043482114,29,rotation-trial,-4736,1088,-1696,122.486,-282.182,501.403
190538597206700,71630044480989,30,rotation-trial,-4288,1632,-2240,570.486,261.818,-42.5974
190538598235100,71630045481030,31,rotation-trial,-4960,1344,-2464,-101.514,-26.1818,-266.597
190538599202100,71630046480989,32,rotation-trial,-5024,992,-1696,-165.514,-378.182,501.403
190538600198700,71630047481072,33,rotation-trial,-5216,960,-1824,-357.514,-410.182,373.403
190538601279100,71630048481614,34,rotation-trial,-5600,1664,-2016,-741.514,293.818,181.403
190538602204800,71630049481030,35,rotation-trial,-4736,1248,-2144,122.486,-122.182,53.4026
190538603212600,71630050481280,36,rotation-trial,-5088,1472,-2016,-229.514,101.818,181.403
190538604217100,71630051481114,37,rotation-trial,-4672,1184,-2112,186.486,-186.182,85.4026
190538605210100,71630052481155,38,rotation-trial,-4928,1440,-2112,-69.5145,69.8182,85.4026
190538606209900,71630053481030,39,rotation-trial,-4736,1472,-1952,122.486,101.818,245.403
190538607207400,71630054481155,40,rotation-trial,-4864,1632,-2016,-5.51449,261.818,181.403
190538608209400,71630055482447,41,rotation-trial,-4736,1472,-2592,122.486,101.818,-394.597
190538609209600,71630056481030,42,rotation-trial,-5184,992,-2240,-325.514,-378.182,-42.5974
190538610209600,71630057481030,43,rotation-trial,-4864,1216,-2176,-5.51449,-154.182,21.4026
190538611210300,71630058481030,44,rotation-trial,-4960,1376,-2336,-101.514,5.81818,-138.597
190538612210000,71630059481030,45,rotation-trial,-4576,1536,-2496,282.486,165.818,-298.597
190538613208400,71630060481072,46,rotation-trial,-4480,1184,-2208,378.486,-186.182,-10.5974
190538614210900,71630061480864,47,rotation-trial,-4960,992,-2528,-101.514,-378.182,-330.597
190538615203900,71630062480905,48,rotation-trial,-4992,1632,-2464,-133.514,261.818,-266.597
190538616201900,71630063480822,49,rotation-trial,-4576,1152,-1920,282.486,-218.182,277.403
190538617206000,71630064481114,50,rotation-trial,-4896,1600,-2112,-37.5145,229.818,85.4026
190538618216300,71630065481155,51,rotation-trial,-4736,1408,-2080,122.486,37.8182,117.403
190538619202700,71630066480864,52,rotation-trial,-4608,1472,-1536,250.486,101.818,661.403
190538620227400,71630067482739,53,rotation-trial,-5472,1216,-2464,-613.514,-154.182,-266.597
190538621214400,71630068481072,54,rotation-trial,-4096,1376,-2400,762.486,5.81818,-202.597
190538622210000,71630069481072,55,rotation-trial,-4896,1440,-2528,-37.5145,69.8182,-330.597
190538623209600,71630070481114,56,rotation-trial,-4544,1248,-1600,314.486,-122.182,597.403
190538624208200,71630071481030,57,rotation-trial,-4288,1248,-2048,570.486,-122.182,149.403
190538625209600,71630072481405,58,rotation-trial,-4576,1408,-2464,282.486,37.8182,-266.597
190538626209300,71630073481405,59,rotation-trial,-4672,1120,-1344,186.486,-250.182,853.403
190538627209200,71630074480905,60,rotation-trial,-5024,1824,-2432,-165.514,453.818,-234.597
190538628209200,71630075480864,61,rotation-trial,-4640,864,-1856,218.486,-506.182,341.403
190538629208900,71630076480989,62,rotation-trial,-4768,1280,-2400,90.4855,-90.1818,-202.597
190538630209100,71630077481114,63,rotation-trial,-4288,1376,-2848,570.486,5.81818,-650.597
190538631205600,71630078480947,64,rotation-trial,-4896,992,-1920,-37.5145,-378.182,277.403
190538632205700,71630079481905,65,rotation-trial,-5056,1280,-2560,-197.514,-90.1818,-362.597
190538633199700,71630080481155,66,rotation-trial,-4256,1536,-2368,602.486,165.818,-170.597
190538634203700,71630081481197,67,rotation-trial,-5568,1344,-2496,-709.514,-26.1818,-298.597
190538635225000,71630082481030,68,rotation-trial,-4960,1344,-2080,-101.514,-26.1818,117.403
190538636212400,71630083480864,69,rotation-trial,-4992,1280,-2368,-133.514,-90.1818,-170.597
190538637210400,71630084481530,70,rotation-trial,-4544,1472,-2560,314.486,101.818,-362.597
190538638207800,71630085481072,71,rotation-trial,-4992,1120,-2048,-133.514,-250.182,149.403
190538639207700,71630086481155,72,rotation-trial,-4736,1472,-1760,122.486,101.818,437.403
190538640207500,71630087481072,73,rotation-trial,-4800,1280,-2304,58.4855,-90.1818,-106.597
190538641210300,71630088480989,74,rotation-trial,-4480,1152,-2208,378.486,-218.182,-10.5974
190538642212000,71630089481030,75,rotation-trial,-5856,1152,-2400,-997.514,-218.182,-202.597
190538643209900,71630090481780,76,rotation-trial,-4512,1280,-2272,346.486,-90.1818,-74.5974
190538644209200,71630091481239,77,rotation-trial,-4800,1696,-2624,58.4855,325.818,-426.597
190538645209200,71630092481072,78,rotation-trial,-4416,1120,-2304,442.486,-250.182,-106.597
190538646208400,71630093481072,79,rotation-trial,-5408,1248,-2112,-549.514,-122.182,85.4026
190538647205500,71630094481114,80,rotation-trial,-4512,1440,-2176,346.486,69.8182,21.4026
190538648205300,71630095480947,81,rotation-trial,-5536,1344,-2016,-677.514,-26.1818,181.403
190538649199600,71630096482864,82,rotation-trial,-4832,1440,-2112,26.4855,69.8182,85.4026
190538650222200,71630097481114,83,rotation-trial,-5024,1472,-1792,-165.514,101.818,405.403
190538651203600,71630098481030,84,rotation-trial,-4736,1344,-2400,122.486,-26.1818,-202.597
190538652203700,71630099481072,85,rotation-trial,-4640,1280,-2944,218.486,-90.1818,-746.597
190538653211600,71630100480947,86,rotation-trial,-4992,1440,-2816,-133.514,69.8182,-618.597
190538654215200,71630101480989,87,rotation-trial,-4192,896,-1632,666.486,-474.182,565.403
190538655225000,71630102482405,88,rotation-trial,-5408,1504,-2432,-549.514,133.818,-234.597
190538656220100,71630103481239,89,rotation-trial,-5024,1472,-1984,-165.514,101.818,213.403
190538657210800,71630104481197,90,rotation-trial,-5216,1216,-1856,-357.514,-154.182,341.403
190538658203900,71630105481155,91,rotation-trial,-5280,1408,-2272,-421.514,37.8182,-74.5974
190538659203300,71630106481155,92,rotation-trial,-4736,1152,-2080,122.486,-218.182,117.403
190538660210400,71630107481239,93,rotation-trial,-4448,1152,-2176,410.486,-218.182,21.4026
190538661205300,71630108481239,94,rotation-trial,-4864,1664,-2272,-5.51449,293.818,-74.5974
190538662216500,71630109481030,95,rotation-trial,-4640,1504,-2336,218.486,133.818,-138.597
190538663208100,71630110481822,96,rotation-trial,-4832,1504,-2016,26.4855,133.818,181.403
190538664205700,71630111481072,97,rotation-trial,-4160,1312,-2080,698.486,-58.1818,117.403
190538665205000,71630112480989,98,rotation-trial,-4608,1056,-2432,250.486,-314.182,-234.597
190538666231600,71630113481114,99,rotation-trial,-4800,1600,-2432,58.4855,229.818,-234.597
190538667246200,71630114481072,100,rotation-trial,-5184,960,-2208,-325.514,-410.182,-10.5974
190538668208100,71630115481072,101,rotation-trial,-4512,1248,-1728,346.486,-122.182,469.403
190538669209300,71630116481030,102,rotation-trial,-5344,960,-1984,-485.514,-410.182,213.403
190538670207300,71630117481030,103,rotation-trial,-4832,1664,-2720,26.4855,293.818,-522.597
190538671209700,71630118481114,104,rotation-trial,-4736,1632,-2080,122.486,261.818,117.403
190538672342000,71630119482280,105,rotation-trial,-5088,1408,-2336,-229.514,37.8182,-138.597
190538673210100,71630120483822,106,rotation-trial,-5248,1184,-2304,-389.514,-186.182,-106.597
190538674209600,71630121481155,107,rotation-trial,-5248,1856,-1600,-389.514,485.818,597.403
190538675206900,71630122481072,108,rotation-trial,-5088,1728,-2496,-229.514,357.818,-298.597
190538676208700,71630123481114,109,rotation-trial,-4832,960,-2720,26.4855,-410.182,-522.597
190538677209000,71630124481114,110,rotation-trial,-4832,1408,-2368,26.4855,37.8182,-170.597
190538678208600,71630125481072,111,rotation-trial,-4896,1760,-2752,-37.5145,389.818,-554.597
190538679205000,71630126484739,112,rotation-trial,-5216,1600,-2560,-357.514,229.818,-362.597
190538680204500,71630127480947,113,rotation-trial,-4384,1344,-1920,474.486,-26.1818,277.403
190538681204500,71630128480905,114,rotation-trial,-5024,1920,-2016,-165.514,549.818,181.403
190538682475100,71630129480864,115,rotation-trial,-5120,1152,-1984,-261.514,-218.182,213.403
190538683369700,71630130481280,116,rotation-trial,-4416,1632,-1888,442.486,261.818,309.403
190538684209800,71630131481280,117,rotation-trial,-4896,1472,-2496,-37.5145,101.818,-298.597
190538685215000,71630132482030,118,rotation-trial,-4672,1344,-2688,186.486,-26.1818,-490.597
190538686196500,71630133482614,119,rotation-trial,-5344,1184,-2144,-485.514,-186.182,53.4026
190538687765000,71630134481155,120,rotation-trial,-4544,992,-2048,314.486,-378.182,149.403
190538688409300,71630135481114,121,rotation-trial,-5024,1280,-1856,-165.514,-90.1818,341.403
190538689205300,71630136480947,122,rotation-trial,-5152,1472,-2880,-293.514,101.818,-682.597
190538690209600,71630137480947,123,rotation-trial,-4800,1216,-1920,58.4855,-154.182,277.403
190538691207300,71630138481030,124,rotation-trial,-4608,1056,-2240,250.486,-314.182,-42.5974
190538692207000,71630139480947,125,rotation-trial,-4736,1760,-2016,122.486,389.818,181.403
190538693209100,71630140480989,126,rotation-trial,-4800,1472,-2336,58.4855,101.818,-138.597
190538694209400,71630141480905,127,rotation-trial,-5024,1280,-2432,-165.514,-90.1818,-234.597
190538695205400,71630142480905,128,rotation-trial,-4704,2016,-2080,154.486,645.818,117.403
190538696205100,71630143481364,129,rotation-trial,-5024,1440,-2944,-165.514,69.8182,-746.597
190538697205200,71630144481155,130,rotation-trial,-4736,1280,-2144,122.486,-90.1818,53.4026
190538698218800,71630145481114,131,rotation-trial,-5184,1248,-1952,-325.514,-122.182,245.403
190538699203100,71630146481030,132,rotation-trial,-4640,864,-1952,218.486,-506.182,245.403
190538700204800,71630147482572,133,rotation-trial,-4608,1120,-2272,250.486,-250.182,-74.5974
190538701205400,71630148481072,134,rotation-trial,-4704,1216,-2496,154.486,-154.182,-298.597
190538702210200,71630149481030,135,rotation-trial,-5312,1472,-2656,-453.514,101.818,-458.597
190538703208900,71630150481114,136,rotation-trial,-4960,1664,-2080,-101.514,293.818,117.403
190538704210100,71630151480989,137,rotation-trial,-5728,1376,-2528,-869.514,5.81818,-330.597
190538705210200,71630152480947,138,rotation-trial,-4864,1696,-1888,-5.51449,325.818,309.403
190538706210000,71630153481447,139,rotation-trial,-4960,1280,-1856,-101.514,-90.1818,341.403
190538707210100,71630154481072,140,rotation-trial,-4864,960,-2080,-5.51449,-410.182,117.403
190538708210100,71630155481030,141,rotation-trial,-4608,1568,-1856,250.486,197.818,341.403
190538709210000,71630156480864,142,rotation-trial,-5024,1024,-1888,-165.514,-346.182,309.403
190538710209900,71630157481114,143,rotation-trial,-4736,1184,-2304,122.486,-186.182,-106.597
190538711204400,71630158481239,144,rotation-trial,-4448,1696,-2528,410.486,325.818,-330.597
190538712206000,71630159480989,145,rotation-trial,-4480,1216,-2272,378.486,-154.182,-74.5974
190538713205400,71630160481114,146,rotation-trial,-4704,1376,-2272,154.486,5.81818,-74.5974
190538714222000,71630161482072,147,rotation-trial,-5088,1440,-2048,-229.514,69.8182,149.403
190538715207500,71630162481030,148,rotation-trial,-4992,1696,-1760,-133.514,325.818,437.403
190538716209000,71630163481030,149,rotation-trial,-4864,1024,-2336,-5.51449,-346.182,-138.597
190538717208300,71630164480905,150,rotation-trial,-4672,1056,-1920,186.486,-314.182,277.403
190538718210500,71630165481072,151,rotation-trial,-4864,1216,-2016,-5.51449,-154.182,181.403
190538719212200,71630166481572,152,rotation-trial,-5280,1056,-2048,-421.514,-314.182,149.403
190538720211700,71630167483072,153,rotation-trial,-5152,1376,-2144,-293.514,5.81818,53.4026
190538721212100,71630168480905,154,rotation-trial,-5440,896,-1664,-581.514,-474.182,533.403
190538722211500,71630169480905,155,rotation-trial,-4992,864,-1760,-133.514,-506.182,437.403
190538723211800,71630170481155,156,rotation-trial,-4992,1376,-2656,-133.514,5.81818,-458.597
190538724210500,71630171481197,157,rotation-trial,-4576,1472,-2528,282.486,101.818,-330.597
190538725211400,71630172481114,158,rotation-trial,-4640,1376,-2176,218.486,5.81818,21.4026
190538726211500,71630173481155,159,rotation-trial,-4672,1472,-3104,186.486,101.818,-906.597
190538727211800,71630174481280,160,rotation-trial,-5344,1664,-2080,-485.514,293.818,117.403
190538728208800,71630175481030,161,rotation-trial,-3968,1248,-1760,890.486,-122.182,437.403
190538729212000,71630176481030,162,rotation-trial,-4448,1440,-1952,410.486,69.8182,245.403
190538730209700,71630177481030,163,rotation-trial,-4800,1152,-2144,58.4855,-218.182,53.4026
190538731204600,71630178481905,164,rotation-trial,-4896,1280,-2112,-37.5145,-90.1818,85.4026
190538732203200,71630179481030,165,rotation-trial,-5280,1568,-1600,-421.514,197.818,597.403
190538733204200,71630180482614,166,rotation-trial,-4416,1216,-2176,442.486,-154.182,21.4026
190538734215500,71630181480989,167,rotation-trial,-5056,1568,-2368,-197.514,197.818,-170.597
190538735201300,71630182480864,168,rotation-trial,-4896,1344,-2400,-37.5145,-26.1818,-202.597
190538736203900,71630183480947,169,rotation-trial,-4800,864,-2272,58.4855,-506.182,-74.5974
190538737199900,71630184481197,170,rotation-trial,-5120,1088,-2176,-261.514,-282.182,21.4026
190538738197200,71630185481739,171,rotation-trial,-4544,1088,-1984,314.486,-282.182,213.403
190538739329800,71630186480989,172,rotation-trial,-4608,1440,-2048,250.486,69.8182,149.403
190538740322500,71630187481072,173,rotation-trial,-4992,1760,-1984,-133.514,389.818,213.403
190538741201500,71630188480989,174,rotation-trial,-4800,1472,-2272,58.4855,101.818,-74.5974
190538742307200,71630189481114,175,rotation-trial,-4768,1792,-1824,90.4855,421.818,373.403
190538743331400,71630190481114,176,rotation-trial,-4736,1600,-2304,122.486,229.818,-106.597
190538744208700,71630191481114,177,rotation-trial,-4576,1504,-1536,282.486,133.818,661.403
190538745207800,71630192482030,178,rotation-trial,-4704,1472,-2432,154.486,101.818,-234.597
190538746245200,71630193480864,179,rotation-trial,-4736,1216,-2464,122.486,-154.182,-266.597
190538747299400,71630194482405,180,rotation-trial,-4064,1632,-2240,794.486,261.818,-42.5974
190538748372200,71630195481072,181,rotation-trial,-4448,1088,-1728,410.486,-282.182,469.403
190538749274700,71630196481072,182,rotation-trial,-4800,1216,-1696,58.4855,-154.182,501.403
190538750210300,71630197481239,183,rotation-trial,-4736,1856,-2240,122.486,485.818,-42.5974
190538751210400,71630198481155,184,rotation-trial,-4896,1312,-1920,-37.5145,-58.1818,277.403
190538752209700,71630199482072,185,rotation-trial,-5056,1312,-2048,-197.514,-58.1818,149.403
190538753207600,71630200481239,186,rotation-trial,-5376,1344,-2272,-517.514,-26.1818,-74.5974
190538754209500,71630201481072,187,rotation-trial,-4256,1024,-2432,602.486,-346.182,-234.597
190538755207500,71630202481364,188,rotation-trial,-4992,1792,-2112,-133.514,421.818,85.4026
190538756209400,71630203481072,189,rotation-trial,-4448,1376,-1600,410.486,5.81818,597.403
190538757208200,71630204480989,190,rotation-trial,-4640,1728,-2144,218.486,357.818,53.4026
190538758209300,71630205481030,191,rotation-trial,-4896,1248,-1920,-37.5145,-122.182,277.403
190538759205600,71630206480947,192,rotation-trial,-4800,1728,-2272,58.4855,357.818,-74.5974
190538760205300,71630207481072,193,rotation-trial,-5184,1664,-2336,-325.514,293.818,-138.597
190538761205200,71630208480864,194,rotation-trial,-4928,1280,-2496,-69.5145,-90.1818,-298.597
190538762206600,71630209480989,195,rotation-trial,-5152,1280,-2080,-293.514,-90.1818,117.403
190538763228500,71630210492989,196,rotation-trial,-4768,1440,-2432,90.4855,69.8182,-234.597
190538764207600,71630211481030,197,rotation-trial,-4640,1184,-1536,218.486,-186.182,661.403
190538765211000,71630212481030,198,rotation-trial,-4608,1504,-1984,250.486,133.818,213.403
190538766210000,71630213481030,199,rotation-trial,-4768,1440,-2336,90.4855,69.8182,-138.597
190538767209400,71630214481155,200,rotation-trial,-4608,1440,-2304,250.486,69.8182,-106.597
190538768208100,71630215481114,201,rotation-trial,-4544,960,-2528,314.486,-410.182,-330.597
190538769207300,71630216480989,202,rotation-trial,-4704,1600,-1952,154.486,229.818,245.403
190538770209300,71630217481072,203,rotation-trial,-5056,1472,-1984,-197.514,101.818,213.403
190538771209400,71630218480989,204,rotation-trial,-5376,1952,-2112,-517.514,581.818,85.4026
190538772209400,71630219481072,205,rotation-trial,-4960,1280,-2496,-101.514,-90.1818,-298.597
190538773209300,71630220480989,206,rotation-trial,-4864,1088,-2816,-5.51449,-282.182,-618.597
190538774209000,71630221481405,207,rotation-trial,-5056,928,-2560,-197.514,-442.182,-362.597
190538775205400,71630222481030,208,rotation-trial,-5504,1376,-2528,-645.514,5.81818,-330.597
190538776205100,71630223481197,209,rotation-trial,-4800,1152,-2688,58.4855,-218.182,-490.597
190538777205000,71630224481197,210,rotation-trial,-4800,1216,-2656,58.4855,-154.182,-458.597
190538778214600,71630225481030,211,rotation-trial,-4928,1504,-2464,-69.5145,133.818,-266.597
190538779212100,71630226481155,212,rotation-trial,-5568,1472,-2496,-709.514,101.818,-298.597
190538780210700,71630227481155,213,rotation-trial,-4576,1248,-2208,282.486,-122.182,-10.5974
190538781210200,71630228481030,214,rotation-trial,-4928,1440,-1792,-69.5145,69.8182,405.403
190538782210300,71630229481072,215,rotation-trial,-5024,1312,-1984,-165.514,-58.1818,213.403
190538783208100,71630230481114,216,rotation-trial,-4256,1376,-2272,602.486,5.81818,-74.5974
190538784210100,71630231481072,217,rotation-trial,-4864,1184,-2624,-5.51449,-186.182,-426.597
190538785210000,71630232483864,218,rotation-trial,-4800,1440,-2048,58.4855,69.8182,149.403
190538786208100,71630233480905,219,rotation-trial,-5472,1376,-1632,-613.514,5.81818,565.403
190538787210100,71630234481072,220,rotation-trial,-5152,1792,-2336,-293.514,421.818,-138.597
190538788209800,71630235482030,221,rotation-trial,-5184,1024,-2304,-325.514,-346.182,-106.597
190538789210100,71630236481072,222,rotation-trial,-4928,1152,-2368,-69.5145,-218.182,-170.597
190538790208900,71630237481822,223,rotation-trial,-5088,1056,-2784,-229.514,-314.182,-586.597
190538791206200,71630238481405,224,rotation-trial,-4864,1504,-2144,-5.51449,133.818,53.4026
190538792205600,71630239481114,225,rotation-trial,-5056,1152,-2432,-197.514,-218.182,-234.597
190538793205900,71630240482572,226,rotation-trial,-4928,1280,-1984,-69.5145,-90.1818,213.403
190538794217900,71630241481155,227,rotation-trial,-4896,1120,-2432,-37.5145,-250.182,-234.597
190538795225000,71630242481072,228,rotation-trial,-4704,1152,-1664,154.486,-218.182,533.403
190538796212900,71630243481780,229,rotation-trial,-4512,1088,-1376,346.486,-282.182,821.403
190538797208800,71630244482655,230,rotation-trial,-5088,1472,-2464,-229.514,101.818,-266.597
190538798210400,71630245480947,231,rotation-trial,-5344,1600,-1984,-485.514,229.818,213.403
190538799201600,71630246481030,232,rotation-trial,-4672,1120,-2176,186.486,-250.182,21.4026
190538800204000,71630247480989,233,rotation-trial,-4704,1024,-2528,154.486,-346.182,-330.597
190538801210100,71630248480864,234,rotation-trial,-5504,1856,-2624,-645.514,485.818,-426.597
190538802209600,71630249481072,235,rotation-trial,-4480,1120,-1760,378.486,-250.182,437.403
190538803211300,71630250481114,236,rotation-trial,-4992,1408,-1792,-133.514,37.8182,405.403
190538804209500,71630251481114,237,rotation-trial,-4512,1184,-1920,346.486,-186.182,277.403
190538805209600,71630252481030,238,rotation-trial,-5280,1184,-2112,-421.514,-186.182,85.4026
190538806209600,71630253480655,239,rotation-trial,-4480,1696,-2656,378.486,325.818,-458.597
190538807206000,71630254481155,240,rotation-trial,-5216,1568,-2592,-357.514,197.818,-394.597
190538808205200,71630255481072,241,rotation-trial,-5184,1088,-1568,-325.514,-282.182,629.403
190538809203300,71630256481030,242,rotation-trial,-5344,1760,-2880,-485.514,389.818,-682.597
190538810212700,71630257480905,243,rotation-trial,-5088,1408,-2304,-229.514,37.8182,-106.597
190538811218400,71630258480572,244,rotation-trial,-4480,1696,-1792,378.486,325.818,405.403
190538812201300,71630259480947,245,rotation-trial,-5088,1440,-2336,-229.514,69.8182,-138.597
190538813209000,71630260480947,246,rotation-trial,-4480,896,-2016,378.486,-474.182,181.403
190538814201500,71630261480989,247,rotation-trial,-4896,1344,-2112,-37.5145,-26.1818,85.4026
190538815207500,71630262483030,248,rotation-trial,-4608,1696,-1952,250.486,325.818,245.403
190538816210100,71630263482655,249,rotation-trial,-5184,1472,-2208,-325.514,101.818,-10.5974
190538817209600,71630264482072,250,rotation-trial,-4928,1312,-1984,-69.5145,-58.1818,213.403
190538818209400,71630265481030,251,rotation-trial,-4832,1696,-2720,26.4855,325.818,-522.597
190538819207500,71630266481072,252,rotation-trial,-4768,1152,-1536,90.4855,-218.182,661.403
190538820209600,71630267481072,253,rotation-trial,-5280,1888,-2528,-421.514,517.818,-330.597
190538821208000,71630268480989,254,rotation-trial,-4928,1056,-2368,-69.5145,-314.182,-170.597
190538822209500,71630269481072,255,rotation-trial,-4800,1344,-2048,58.4855,-26.1818,149.403
190538823205500,71630270480947,0,rotation-trial,-5024,1248,-2240,-165.514,-122.182,-42.5974
190538824205300,71630271480989,1,rotation-trial,-5440,1408,-2272,-581.514,37.8182,-74.5974
190538825205500,71630272480864,2,rotation-trial,-4768,1248,-1792,90.4855,-122.182,405.403
190538826201800,71630273480947,3,rotation-trial,-5120,1248,-2080,-261.514,-122.182,117.403
190538827205000,71630274480780,4,rotation-trial,-4640,1248,-2080,218.486,-122.182,117.403
190538828219000,71630275480822,5,rotation-trial,-5088,1312,-2368,-229.514,-58.1818,-170.597
190538829208900,71630276480822,6,rotation-trial,-4640,1536,-2656,218.486,165.818,-458.597
190538830207900,71630277481114,7,rotation-trial,-5088,1632,-2208,-229.514,261.818,-10.5974
190538831209900,71630278481114,8,rotation-trial,-5344,1216,-2048,-485.514,-154.182,149.403
190538832209600,71630279481530,9,rotation-trial,-4640,1312,-1888,218.486,-58.1818,309.403
190538833209700,71630280481155,10,rotation-trial,-4704,1504,-2336,154.486,133.818,-138.597
190538834209600,71630281481197,11,rotation-trial,-4320,1600,-1920,538.486,229.818,277.403
190538835207500,71630282481030,12,rotation-trial,-4928,1376,-2624,-69.5145,5.81818,-426.597
190538836209800,71630283481030,13,rotation-trial,-4704,1024,-2080,154.486,-346.182,117.403
190538837209700,71630284481114,14,rotation-trial,-4800,1184,-1664,58.4855,-186.182,533.403
190538838209300,71630285480864,15,rotation-trial,-4832,1280,-2144,26.4855,-90.1818,53.4026
190538839205600,71630286481072,16,rotation-trial,-4416,1664,-1824,442.486,293.818,373.403
190538840205000,71630287480905,17,rotation-trial,-5184,1504,-2496,-325.514,133.818,-298.597
190538841205300,71630288480822,18,rotation-trial,-5280,512,-2752,-421.514,-858.182,-554.597
190538842217700,71630289480864,19,rotation-trial,-5088,1600,-2752,-229.514,229.818,-554.597
190538843203900,71630290481239,20,rotation-trial,-4992,1152,-2080,-133.514,-218.182,117.403
190538844211300,71630291481614,21,rotation-trial,-4640,1120,-1632,218.486,-250.182,565.403
190538845208400,71630292480947,22,rotation-trial,-4512,960,-1728,346.486,-410.182,469.403
190538846209700,71630293481030,23,rotation-trial,-4928,1984,-2336,-69.5145,613.818,-138.597
190538847210000,71630294482530,24,rotation-trial,-3872,1312,-2080,986.486,-58.1818,117.403
190538848207700,71630295481072,25,rotation-trial,-4960,1344,-2304,-101.514,-26.1818,-106.597
190538849208200,71630296481030,26,rotation-trial,-5184,1664,-1984,-325.514,293.818,213.403
190538850210000,71630297481072,27,rotation-trial,-4608,1248,-1568,250.486,-122.182,629.403
190538851209800,71630298481030,28,rotation-trial,-4384,1120,-1664,474.486,-250.182,533.403
190538852209400,71630299480822,29,rotation-trial,-5088,1408,-3072,-229.514,37.8182,-874.597
190538853209700,71630300480947,30,rotation-trial,-5216,1472,-2560,-357.514,101.818,-362.597
190538854209400,71630301480947,31,rotation-trial,-5504,1280,-2400,-645.514,-90.1818,-202.597
190538855205500,71630302480864,32,rotation-trial,-4992,1568,-2048,-133.514,197.818,149.403
190538856205500,71630303481239,33,rotation-trial,-5152,928,-2272,-293.514,-442.182,-74.5974
190538857204500,71630304481280,34,rotation-trial,-5216,1280,-2752,-357.514,-90.1818,-554.597
190538858222200,71630305481114,35,rotation-trial,-4608,1792,-2144,250.486,421.818,53.4026
190538859208500,71630306481155,36,rotation-trial,-4128,1440,-1888,730.486,69.8182,309.403
190538860221600,71630307480905,37,rotation-trial,-4960,1280,-2560,-101.514,-90.1818,-362.597
190538861211800,71630308481114,38,rotation-trial,-5280,1632,-2400,-421.514,261.818,-202.597
190538862212600,71630309482405,39,rotation-trial,-4672,1728,-2304,186.486,357.818,-106.597
190538863211200,71630310481155,40,rotation-trial,-3936,1312,-1952,922.486,-58.1818,245.403
190538864211300,71630311480947,41,rotation-trial,-4128,1376,-1696,730.486,5.81818,501.403
190538865207500,71630312481864,42,rotation-trial,-4992,1696,-2112,-133.514,325.818,85.4026
190538866207600,71630313480864,43,rotation-trial,-5248,1568,-2016,-389.514,197.818,181.403
190538867209700,71630314480947,44,rotation-trial,-5056,1152,-2048,-197.514,-218.182,149.403
190538868208400,71630315483114,45,rotation-trial,-4992,1312,-2272,-133.514,-58.1818,-74.5974
190538869209600,71630316481114,46,rotation-trial,-4960,1824,-2528,-101.514,453.818,-330.597
190538870209600,71630317481030,47,rotation-trial,-4704,1120,-1184,154.486,-250.182,1013.4
190538871245100,71630318481322,48,rotation-trial,-5024,1056,-2240,-165.514,-314.182,-42.5974
190538872199800,71630319481114,49,rotation-trial,-5120,1408,-2720,-261.514,37.8182,-522.597
190538873205600,71630320481364,50,rotation-trial,-5216,1280,-2304,-357.514,-90.1818,-106.597
190538874197800,71630321481114,51,rotation-trial,-4768,1376,-2272,90.4855,5.81818,-74.5974
190538875210000,71630322481114,52,rotation-trial,-4576,1312,-1632,282.486,-58.1818,565.403
190538876222400,71630323481114,53,rotation-trial,-5504,1504,-2656,-645.514,133.818,-458.597
190538877208600,71630324480905,54,rotation-trial,-4384,1280,-1824,474.486,-90.1818,373.403
190538878240100,71630325481030,55,rotation-trial,-4736,1760,-1856,122.486,389.818,341.403
190538879212400,71630326480905,56,rotation-trial,-5120,1504,-2432,-261.514,133.818,-234.597
190538880215000,71630327481030,57,rotation-trial,-4672,1344,-2688,186.486,-26.1818,-490.597
190538881204300,71630328480905,58,rotation-trial,-4672,1056,-2560,186.486,-314.182,-362.597
190538882210000,71630329480905,59,rotation-trial,-4672,1152,-1504,186.486,-218.182,693.403
190538883209400,71630330481447,60,rotation-trial,-5376,992,-2240,-517.514,-378.182,-42.5974
190538884209400,71630331482489,61,rotation-trial,-4672,1472,-1920,186.486,101.818,277.403
190538885209000,71630332481072,62,rotation-trial,-4672,1504,-2336,186.486,133.818,-138.597
190538886204300,71630333481197,63,rotation-trial,-5120,1152,-2048,-261.514,-218.182,149.403
190538887206200,71630334481072,64,rotation-trial,-4992,1504,-2656,-133.514,133.818,-458.597
190538888205100,71630335481572,65,rotation-trial,-5216,1536,-2272,-357.514,165.818,-74.5974
190538889205100,71630336480989,66,rotation-trial,-4512,1248,-1760,346.486,-122.182,437.403
190538890207300,71630337484530,67,rotation-trial,-5056,1440,-2720,-197.514,69.8182,-522.597
190538891296800,71630338480989,68,rotation-trial,-4640,1216,-2368,218.486,-154.182,-170.597
190538892205600,71630339480905,69,rotation-trial,-4992,1376,-2240,-133.514,5.81818,-42.5974
190538893213200,71630340481030,70,rotation-trial,-5152,1408,-1856,-293.514,37.8182,341.403
190538894211900,71630341480905,71,rotation-trial,-5120,1248,-1728,-261.514,-122.182,469.403
190538895211500,71630342480864,72,rotation-trial,-4800,1440,-2272,58.4855,69.8182,-74.5974
190538896207500,71630343481072,73,rotation-trial,-4544,1568,-2144,314.486,197.818,53.4026
190538897208300,71630344482155,74,rotation-trial,-4736,1248,-3104,122.486,-122.182,-906.597
190538898505800,71630345481155,75,rotation-trial,-4768,1024,-2720,90.4855,-346.182,-522.597
190538899204300,71630346481030,76,rotation-trial,-4352,1312,-1856,506.486,-58.1818,341.403
190538900200300,71630347481197,77,rotation-trial,-5280,1280,-2144,-421.514,-90.1818,53.4026
190538901588500,71630348481072,78,rotation-trial,-4416,1408,-1760,442.486,37.8182,437.403
190538902206700,71630349481030,79,rotation-trial,-4640,992,-1824,218.486,-378.182,373.403
190538903206000,71630350481280,80,rotation-trial,-4928,1120,-2976,-69.5145,-250.182,-778.597
190538904221300,71630351481947,81,rotation-trial,-4608,1440,-1952,250.486,69.8182,245.403
190538905217100,71630352480947,82,rotation-trial,-4800,1504,-2496,58.4855,133.818,-298.597
190538906198800,71630353480864,83,rotation-trial,-5120,1312,-2912,-261.514,-58.1818,-714.597
190538907213400,71630354481197,84,rotation-trial,-5344,1536,-1792,-485.514,165.818,405.403
190538908199400,71630355480989,85,rotation-trial,-4768,1440,-1536,90.4855,69.8182,661.403
190538909196900,71630356481322,86,rotation-trial,-5216,1408,-2336,-357.514,37.8182,-138.597
190538910406900,71630357481239,87,rotation-trial,-5024,1120,-2464,-165.514,-250.182,-266.597
190538911217900,71630358481197,88,rotation-trial,-4704,1376,-2784,154.486,5.81818,-586.597
190538912260000,71630359481197,89,rotation-trial,-4864,1728,-2080,-5.51449,357.818,117.403
190538913218100,71630360481280,90,rotation-trial,-4928,1504,-2432,-69.5145,133.818,-234.597
190538914206900,71630361481072,91,rotation-trial,-5024,1248,-2048,-165.514,-122.182,149.403
190538915199300,71630362481072,92,rotation-trial,-4768,1856,-2112,90.4855,485.818,85.4026
190538916195500,71630363481072,93,rotation-trial,-4992,1472,-1984,-133.514,101.818,213.403
190538917197700,71630364480989,94,rotation-trial,-5056,1600,-2560,-197.514,229.818,-362.597
190538918197000,71630365480947,95,rotation-trial,-4352,1664,-2304,506.486,293.818,-106.597
190538919197800,71630366482197,96,rotation-trial,-4576,1600,-1984,282.486,229.818,213.403
190538920201600,71630367480989,97,rotation-trial,-4960,1184,-2048,-101.514,-186.182,149.403
190538921208200,71630368482322,98,rotation-trial,-5440,1728,-2688,-581.514,357.818,-490.597
190538922215500,71630369480905,99,rotation-trial,-5152,1376,-2464,-293.514,5.81818,-266.597
190538923224900,71630370481197,100,rotation-trial,-4352,832,-1536,506.486,-538.182,661.403
190538924207700,71630371481072,101,rotation-trial,-4896,1024,-2176,-37.5145,-346.182,21.4026
190538925204600,71630372481239,102,rotation-trial,-5792,1696,-2848,-933.514,325.818,-650.597
190538926204600,71630373481030,103,rotation-trial,-4736,1120,-1920,122.486,-250.182,277.403
190538927203500,71630374481697,104,rotation-trial,-4672,1504,-1792,186.486,133.818,405.403
190538928203900,71630375480905,105,rotation-trial,-4672,1408,-2656,186.486,37.8182,-458.597
190538929202000,71630376481489,106,rotation-trial,-5600,1664,-2944,-741.514,293.818,-746.597
190538930209100,71630377480989,107,rotation-trial,-5152,1600,-2304,-293.514,229.818,-106.597
190538931205400,71630378482072,108,rotation-trial,-5408,1344,-2208,-549.514,-26.1818,-10.5974
190538932211000,71630379480864,109,rotation-trial,-5568,1376,-2752,-709.514,5.81818,-554.597
190538933201800,71630380484072,110,rotation-trial,-4704,928,-2112,154.486,-442.182,85.4026
190538934212600,71630381480447,111,rotation-trial,-4864,1504,-1888,-5.51449,133.818,309.403
190538935198600,71630382481030,112,rotation-trial,-4832,1344,-1536,26.4855,-26.1818,661.403
190538936202300,71630383481072,113,rotation-trial,-4928,1216,-2560,-69.5145,-154.182,-362.597
190538937212000,71630384481155,114,rotation-trial,-5056,1696,-2144,-197.514,325.818,53.4026
190538938210100,71630385481030,115,rotation-trial,-5216,1536,-2144,-357.514,165.818,53.4026
190538939208700,71630386481239,116,rotation-trial,-5216,1472,-2528,-357.514,101.818,-330.597
190538940210300,71630387481072,117,rotation-trial,-4512,1184,-1888,346.486,-186.182,309.403
190538941210300,71630388482489,118,rotation-trial,-4672,1216,-2304,186.486,-154.182,-106.597
190538942209500,71630389480989,119,rotation-trial,-4608,1248,-2432,250.486,-122.182,-234.597
190538943209500,71630390492155,120,rotation-trial,-4800,1088,-2240,58.4855,-282.182,-42.5974
190538944209300,71630391480989,121,rotation-trial,-4800,1248,-1760,58.4855,-122.182,437.403
190538945209100,71630392482030,122,rotation-trial,-5184,1504,-2624,-325.514,133.818,-426.597
190538946209500,71630393480822,123,rotation-trial,-5088,960,-1984,-229.514,-410.182,213.403
190538947209200,71630394480905,124,rotation-trial,-5088,1344,-2624,-229.514,-26.1818,-426.597
190538948209800,71630395480905,125,rotation-trial,-4832,736,-2496,26.4855,-634.182,-298.597
190538949209300,71630396481155,126,rotation-trial,-5024,1376,-1920,-165.514,5.81818,277.403
190538950207400,71630397486530,127,rotation-trial,-4704,1408,-2048,154.486,37.8182,149.403
190538951205300,71630398482489,128,rotation-trial,-5056,1440,-2240,-197.514,69.8182,-42.5974
190538952205200,71630399481030,129,rotation-trial,-5536,1696,-2336,-677.514,325.818,-138.597
190538953211700,71630400481072,130,rotation-trial,-4672,1760,-2272,186.486,389.818,-74.5974
190538954211900,71630401481072,131,rotation-trial,-4800,928,-2112,58.4855,-442.182,85.4026
190538955211800,71630402481030,132,rotation-trial,-4416,1408,-2336,442.486,37.8182,-138.597
190538956211000,71630403480947,133,rotation-trial,-5248,1440,-1920,-389.514,69.8182,277.403
190538957210600,71630404480989,134,rotation-trial,-5056,1312,-1856,-197.514,-58.1818,341.403
190538958210100,71630405480864,135,rotation-trial,-4864,1568,-2464,-5.51449,197.818,-266.597
190538959210100,71630406480947,136,rotation-trial,-4896,1376,-2784,-37.5145,5.81818,-586.597
190538960210200,71630407480947,137,rotation-trial,-4448,832,-1216,410.486,-538.182,981.403
190538961207900,71630408480864,138,rotation-trial,-4704,1536,-1696,154.486,165.818,501.403
190538962209900,71630409481280,139,rotation-trial,-5536,1120,-3040,-677.514,-250.182,-842.597
190538963209900,71630410484072,140,rotation-trial,-4736,1056,-1920,122.486,-314.182,277.403
190538964209800,71630411481155,141,rotation-trial,-5600,1728,-3552,-741.514,357.818,-1354.6
190538965210000,71630412480989,142,rotation-trial,-4384,1376,-1984,474.486,5.81818,213.403
190538966207700,71630413483947,143,rotation-trial,-5152,992,-2208,-293.514,-378.182,-10.5974
190538967205700,71630414481030,144,rotation-trial,-4608,1536,-2560,250.486,165.818,-362.597
190538968205500,71630415481072,145,rotation-trial,-4640,1408,-1824,218.486,37.8182,373.403
190538969204900,71630416481780,146,rotation-trial,-5184,1120,-2368,-325.514,-250.182,-170.597
190538970214500,71630417480947,147,rotation-trial,-5344,1216,-2304,-485.514,-154.182,-106.597
190538971209700,71630418480572,148,rotation-trial,-4800,1280,-2272,58.4855,-90.1818,-74.5974
190538972208300,71630419480989,149,rotation-trial,-5600,1536,-2400,-741.514,165.818,-202.597
190538973209700,71630420491989,150,rotation-trial,-4928,544,-2240,-69.5145,-826.182,-42.5974
190538974209600,71630421480905,151,rotation-trial,-5152,1248,-2528,-293.514,-122.182,-330.597
190538975209400,71630422480780,152,rotation-trial,-4928,1824,-2016,-69.5145,453.818,181.403
190538976209500,71630423481114,153,rotation-trial,-4928,1472,-2592,-69.5145,101.818,-394.597
190538977207500,71630424481072,154,rotation-trial,-5120,1280,-2432,-261.514,-90.1818,-234.597
190538978209300,71630425481030,155,rotation-trial,-5056,1728,-2048,-197.514,357.818,149.403
190538979209400,71630426481114,156,rotation-trial,-4992,1824,-2400,-133.514,453.818,-202.597
190538980209100,71630427484072,157,rotation-trial,-5120,1568,-1920,-261.514,197.818,277.403
190538981209200,71630428480989,158,rotation-trial,-4224,1184,-2496,634.486,-186.182,-298.597
190538982209100,71630429480989,159,rotation-trial,-4800,1632,-2176,58.4855,261.818,21.4026
190538983205500,71630430482405,160,rotation-trial,-5088,1376,-2368,-229.514,5.81818,-170.597
190538984203200,71630431481030,161,rotation-trial,-5184,1024,-2688,-325.514,-346.182,-490.597
190538985207800,71630432480864,162,rotation-trial,-5344,1536,-2752,-485.514,165.818,-554.597
190538986207100,71630433480739,163,rotation-trial,-4512,1568,-2016,346.486,197.818,181.403
190538987210700,71630434480947,164,rotation-trial,-5760,1504,-2656,-901.514,133.818,-458.597
190538988210300,71630435480822,165,rotation-trial,-5120,1952,-2752,-261.514,581.818,-554.597
190538989208200,71630436481239,166,rotation-trial,-5312,1632,-2752,-453.514,261.818,-554.597
190538990208900,71630437481072,167,rotation-trial,-4704,1632,-1728,154.486,261.818,469.403
190538991209700,71630438481280,168,rotation-trial,-4768,1152,-2208,90.4855,-218.182,-10.5974
190538992209400,71630439481072,169,rotation-trial,-4960,1344,-2592,-101.514,-26.1818,-394.597
190538993210100,71630440481072,170,rotation-trial,-4640,864,-1728,218.486,-506.182,469.403
190538994209800,71630441482447,171,rotation-trial,-4672,832,-1664,186.486,-538.182,533.403
190538995207600,71630442480947,172,rotation-trial,-4960,1792,-2656,-101.514,421.818,-458.597
190538996209700,71630443481072,173,rotation-trial,-5120,1280,-2688,-261.514,-90.1818,-490.597
190538997207500,71630444480905,174,rotation-trial,-4544,1312,-2112,314.486,-58.1818,85.4026
190538998209800,71630445483197,175,rotation-trial,-4896,1504,-2112,-37.5145,133.818,85.4026
190538999197100,71630446480947,176,rotation-trial,-4864,1184,-2688,-5.51449,-186.182,-490.597
190539000199200,71630447481572,177,rotation-trial,-5376,1248,-1952,-517.514,-122.182,245.403
190539001213700,71630448480947,178,rotation-trial,-4992,1152,-2368,-133.514,-218.182,-170.597
190539002203400,71630449482239,179,rotation-trial,-4896,1408,-1952,-37.5145,37.8182,245.403
190539003205100,71630450481280,180,rotation-trial,-5120,1088,-2016,-261.514,-282.182,181.403
190539004205200,71630451481114,181,rotation-trial,-5408,1184,-2240,-549.514,-186.182,-42.5974
190539005199800,71630452481072,182,rotation-trial,-4512,1248,-1696,346.486,-122.182,501.403
190539006198200,71630453481114,183,rotation-trial,-4672,1440,-2816,186.486,69.8182,-618.597
190539007200400,71630454480989,184,rotation-trial,-5792,1440,-2432,-933.514,69.8182,-234.597
190539008196300,71630455481072,185,rotation-trial,-4672,1088,-1600,186.486,-282.182,597.403
190539009198400,71630456481197,186,rotation-trial,-5312,1696,-2176,-453.514,325.818,21.4026
190539010198100,71630457482239,187,rotation-trial,-4864,1280,-2624,-5.51449,-90.1818,-426.597
190539011197700,71630458480989,188,rotation-trial,-4800,1344,-2016,58.4855,-26.1818,181.403
190539012196100,71630459480864,189,rotation-trial,-4672,1312,-1344,186.486,-58.1818,853.403
190539013198500,71630460480905,190,rotation-trial,-5504,1472,-2304,-645.514,101.818,-106.597
190539014198400,71630461480947,191,rotation-trial,-4608,1088,-1952,250.486,-282.182,245.403
190539015193700,71630462481280,192,rotation-trial,-4736,1248,-2496,122.486,-122.182,-298.597
190539016194900,71630463481030,193,rotation-trial,-5088,1472,-2464,-229.514,101.818,-266.597
190539017203200,71630464481155,194,rotation-trial,-4544,1152,-2208,314.486,-218.182,-10.5974
190539018217100,71630465481155,195,rotation-trial,-4736,1408,-1920,122.486,37.8182,277.403
190539019200200,71630466481072,196,rotation-trial,-5376,1344,-2016,-517.514,-26.1818,181.403
190539020198300,71630467480989,197,rotation-trial,-4256,1152,-1952,602.486,-218.182,245.403
190539021198600,71630468481280,198,rotation-trial,-4864,1472,-2432,-5.51449,101.818,-234.597
190539022196600,71630469482489,199,rotation-trial,-5120,1088,-2080,-261.514,-282.182,117.403
190539023195600,71630470481114,200,rotation-trial,-4832,1248,-2848,26.4855,-122.182,-650.597
190539024196500,71630471480989,201,rotation-trial,-5024,1248,-1280,-165.514,-122.182,917.403
190539025197300,71630472480989,202,rotation-trial,-4640,1280,-2208,218.486,-90.1818,-10.5974
190539026197400,71630473480864,203,rotation-trial,-4608,1504,-1984,250.486,133.818,213.403
190539027197200,71630474480947,204,rotation-trial,-4544,1056,-1888,314.486,-314.182,309.403
190539028196800,71630475480905,205,rotation-trial,-5312,1184,-1792,-453.514,-186.182,405.403
190539029197300,71630476481072,206,rotation-trial,-4864,576,-1984,-5.51449,-794.182,213.403
190539030196400,71630477481072,207,rotation-trial,-4928,1600,-2656,-69.5145,229.818,-458.597
190539031194300,71630478481114,208,rotation-trial,-4992,1344,-2368,-133.514,-26.1818,-170.597
190539032193800,71630479480947,209,rotation-trial,-4704,1056,-1920,154.486,-314.182,277.403
190539033213800,71630480482030,210,rotation-trial,-4736,1472,-1920,122.486,101.818,277.403
190539034222000,71630481485447,211,rotation-trial,-5344,1664,-2304,-485.514,293.818,-106.597
190539035212200,71630482481072,212,rotation-trial,-5152,1472,-1984,-293.514,101.818,213.403
190539036221100,71630483482530,213,rotation-trial,-4416,1504,-2240,442.486,133.818,-42.5974
190539037240500,71630484480947,214,rotation-trial,-4896,1248,-2848,-37.5145,-122.182,-650.597
190539038220100,71630485480989,215,rotation-trial,-5184,1408,-2432,-325.514,37.8182,-234.597
190539039207300,71630486481114,216,rotation-trial,-4416,1344,-1984,442.486,-26.1818,213.403
190539040209300,71630487482947,217,rotation-trial,-4480,928,-2592,378.486,-442.182,-394.597
190539041223800,71630488480947,218,rotation-trial,-5184,1536,-2496,-325.514,165.818,-298.597
190539042225200,71630489480864,219,rotation-trial,-4608,1792,-2112,250.486,421.818,85.4026
190539043213200,71630490483989,220,rotation-trial,-4832,1024,-2016,26.4855,-346.182,181.403
190539044211000,71630491482072,221,rotation-trial,-5216,1216,-2624,-357.514,-154.182,-426.597
190539045209700,71630492481072,222,rotation-trial,-5504,1184,-1600,-645.514,-186.182,597.403
190539046210800,71630493481030,223,rotation-trial,-4384,1184,-1312,474.486,-186.182,885.403
190539047205200,71630494480947,224,rotation-trial,-5088,1216,-2208,-229.514,-154.182,-10.5974
190539048206700,71630495480989,225,rotation-trial,-4832,1728,-2112,26.4855,357.818,85.4026
190539049201300,71630496481655,226,rotation-trial,-4928,1472,-2336,-69.5145,101.818,-138.597
190539050206600,71630497482072,227,rotation-trial,-4416,1696,-1728,442.486,325.818,469.403
190539051201400,71630498481614,228,rotation-trial,-4832,1024,-2560,26.4855,-346.182,-362.597
190539052199600,71630499481947,229,rotation-trial,-4960,1184,-1888,-101.514,-186.182,309.403
190539053197200,71630500481072,230,rotation-trial,-4704,1472,-2272,154.486,101.818,-74.5974
190539054199100,71630501480822,231,rotation-trial,-5856,1664,-2560,-997.514,293.818,-362.597
190539055199400,71630502480864,232,rotation-trial,-5344,1312,-2592,-485.514,-58.1818,-394.597
190539056207800,71630503481989,233,rotation-trial,-4704,1024,-2496,154.486,-346.182,-298.597
190539057212200,71630504481280,234,rotation-trial,-4800,1344,-2496,58.4855,-26.1818,-298.597
190539058211300,71630505481739,235,rotation-trial,-4704,992,-1856,154.486,-378.182,341.403
190539059439600,71630506481114,236,rotation-trial,-5056,1408,-2368,-197.514,37.8182,-170.597
190539060207800,71630507481155,237,rotation-trial,-4672,1632,-2208,186.486,261.818,-10.5974
190539061202200,71630508481030,238,rotation-trial,-4096,1248,-2112,762.486,-122.182,85.4026
190539062201600,71630509480947,239,rotation-trial,-4768,1120,-2144,90.4855,-250.182,53.4026
190539063191900,71630510481114,240,rotation-trial,-4864,1472,-1920,-5.51449,101.818,277.403
190539064198400,71630511480989,241,rotation-trial,-4704,1440,-1632,154.486,69.8182,565.403
190539065230000,71630512480989,242,rotation-trial,-4896,1216,-2016,-37.5145,-154.182,181.403
190539066212900,71630513480822,243,rotation-trial,-4960,1248,-2112,-101.514,-122.182,85.4026
190539067202500,71630514480905,244,rotation-trial,-4832,1472,-2208,26.4855,101.818,-10.5974
190539068197400,71630515480864,245,rotation-trial,-5056,1888,-2624,-197.514,517.818,-426.597
190539069197500,71630516480989,246,rotation-trial,-4736,1280,-2688,122.486,-90.1818,-490.597
190539070235900,71630517482697,247,rotation-trial,-5088,1504,-2048,-229.514,133.818,149.403
190539071202900,71630518481072,248,rotation-trial,-4704,960,-1952,154.486,-410.182,245.403
190539072211900,71630519481030,249,rotation-trial,-4800,1856,-1920,58.4855,485.818,277.403
190539073195300,71630520482030,250,rotation-trial,-4800,1344,-1888,58.4855,-26.1818,309.403
190539074201100,71630521480947,251,rotation-trial,-5056,1568,-2112,-197.514,197.818,85.4026
190539075211300,71630522482114,252,rotation-trial,-5088,1664,-2144,-229.514,293.818,53.4026
190539076211300,71630523480864,253,rotation-trial,-4832,1312,-2048,26.4855,-58.1818,149.403
190539077200700,71630524480905,254,rotation-trial,-4704,1536,-2272,154.486,165.818,-74.5974
190539078209300,71630525480864,255,rotation-trial,-5344,1344,-2272,-485.514,-26.1818,-74.5974
190539079206900,71630526480864,0,rotation-trial,-4800,1472,-2400,58.4855,101.818,-202.597
190539080206500,71630527481114,1,rotation-trial,-4672,1728,-1952,186.486,357.818,245.403
190539081213300,71630528480947,2,rotation-trial,-5344,1856,-2752,-485.514,485.818,-554.597
190539082213400,71630529481114,3,rotation-trial,-4544,1600,-2624,314.486,229.818,-426.597
190539083212700,71630530482739,4,rotation-trial,-4384,1600,-2336,474.486,229.818,-138.597
190539084212900,71630531481114,5,rotation-trial,-4256,1216,-2368,602.486,-154.182,-170.597
190539085211800,71630532481114,6,rotation-trial,-4736,1408,-2240,122.486,37.8182,-42.5974
190539086211100,71630533481072,7,rotation-trial,-4960,1344,-2464,-101.514,-26.1818,-266.597
190539087211200,71630534481614,8,rotation-trial,-4768,1088,-1440,90.4855,-282.182,757.403
190539088210900,71630535480989,9,rotation-trial,-4800,736,-1920,58.4855,-634.182,277.403
190539089209600,71630536481280,10,rotation-trial,-4960,1984,-1920,-101.514,613.818,277.403
190539090208800,71630537480989,11,rotation-trial,-4320,1824,-2240,538.486,453.818,-42.5974
190539091210900,71630538480905,12,rotation-trial,-5760,1344,-2080,-901.514,-26.1818,117.403
190539092210500,71630539480989,13,rotation-trial,-4128,1344,-2208,730.486,-26.1818,-10.5974
190539093210600,71630540480864,14,rotation-trial,-4992,1312,-2592,-133.514,-58.1818,-394.597
190539094210700,71630541481364,15,rotation-trial,-5344,1344,-2464,-485.514,-26.1818,-266.597
190539095208600,71630542481155,16,rotation-trial,-4768,1312,-2784,90.4855,-58.1818,-586.597
190539096206500,71630543481114,17,rotation-trial,-5280,1472,-2752,-421.514,101.818,-554.597
190539097216800,71630544481114,18,rotation-trial,-4608,2144,-2336,250.486,773.818,-138.597
190539098209600,71630545481030,19,rotation-trial,-4928,1312,-2368,-69.5145,-58.1818,-170.597
190539099204400,71630546480947,20,rotation-trial,-4992,1088,-2272,-133.514,-282.182,-74.5974
190539100202800,71630547482030,21,rotation-trial,-4928,1536,-3136,-69.5145,165.818,-938.597
190539101212100,71630548480947,22,rotation-trial,-4192,1120,-1728,666.486,-250.182,469.403
190539102209900,71630549480905,23,rotation-trial,-4768,1472,-2624,90.4855,101.818,-426.597
190539103212100,71630550480822,24,rotation-trial,-4768,1536,-2336,90.4855,165.818,-138.597
190539104212200,71630551481155,25,rotation-trial,-4928,1984,-2976,-69.5145,613.818,-778.597
190539105211600,71630552481447,26,rotation-trial,-4960,1472,-1984,-101.514,101.818,213.403
190539106211600,71630553480822,27,rotation-trial,-4704,1408,-2016,154.486,37.8182,181.403
190539107211400,71630554480905,28,rotation-trial,-5216,1472,-1920,-357.514,101.818,277.403
190539108211400,71630555480739,29,rotation-trial,-4864,1280,-2144,-5.51449,-90.1818,53.4026
190539109233900,71630556481114,30,rotation-trial,-4768,1408,-1696,90.4855,37.8182,501.403
190539110211400,71630557481739,31,rotation-trial,-4576,1408,-2624,282.486,37.8182,-426.597
190539111207200,71630558481280,32,rotation-trial,-4896,1728,-2144,-37.5145,357.818,53.4026
190539112193500,71630559481030,33,rotation-trial,-4864,1856,-1984,-5.51449,485.818,213.403
190539113205200,71630560481072,34,rotation-trial,-5024,1056,-1920,-165.514,-314.182,277.403
190539114204500,71630561481030,35,rotation-trial,-4864,1312,-2304,-5.51449,-58.1818,-106.597
190539115288000,71630562480989,36,rotation-trial,-5216,1536,-2272,-357.514,165.818,-74.5974
190539116268100,71630563480572,37,rotation-trial,-4576,1696,-1568,282.486,325.818,629.403
190539117305000,71630564484656,38,rotation-trial,-4800,1408,-2240,58.4855,37.8182,-42.5974
190539118261200,71630565480864,39,rotation-trial,-4896,1376,-2176,-37.5145,5.81818,21.4026
190539119280800,71630566480947,40,rotation-trial,-4992,1248,-2272,-133.514,-122.182,-74.5974
190539120371300,71630567480822,41,rotation-trial,-4544,768,-2400,314.486,-602.182,-202.597
190539121278700,71630568480697,42,rotation-trial,-5056,992,-2112,-197.514,-378.182,85.4026
190539122227200,71630569481239,43,rotation-trial,-4672,1664,-2688,186.486,293.818,-490.597
190539123212700,71630570482572,44,rotation-trial,-4896,1280,-2560,-37.5145,-90.1818,-362.597
190539124211500,71630571481114,45,rotation-trial,-5184,1312,-2304,-325.514,-58.1818,-106.597
190539125199700,71630572480947,46,rotation-trial,-4672,864,-1664,186.486,-506.182,533.403
190539126227000,71630573480822,47,rotation-trial,-5280,1216,-2656,-421.514,-154.182,-458.597
190539127205700,71630574480989,48,rotation-trial,-5312,1440,-2912,-453.514,69.8182,-714.597
190539128210800,71630575481281,49,rotation-trial,-5728,1248,-2208,-869.514,-122.182,-10.5974
190539129375400,71630576480989,50,rotation-trial,-4832,1120,-2336,26.4855,-250.182,-138.597
190539130214100,71630577480906,51,rotation-trial,-5056,1408,-2336,-197.514,37.8182,-138.597
190539131203600,71630578480947,52,rotation-trial,-4960,1440,-2112,-101.514,69.8182,85.4026
190539132211900,71630579480947,53,rotation-trial,-4736,1472,-2144,122.486,101.818,53.4026
190539133204900,71630580480906,54,rotation-trial,-4896,1600,-1920,-37.5145,229.818,277.403
190539134211000,71630581480947,55,rotation-trial,-4928,1408,-2400,-69.5145,37.8182,-202.597
190539135210300,71630582480906,56,rotation-trial,-4992,1312,-2112,-133.514,-58.1818,85.4026
190539136200400,71630583481614,57,rotation-trial,-5088,1280,-2560,-229.514,-90.1818,-362.597
190539137208400,71630584481114,58,rotation-trial,-4544,1280,-2432,314.486,-90.1818,-234.597
190539138210400,71630585481031,59,rotation-trial,-4352,1120,-1792,506.486,-250.182,405.403
190539139210000,71630586481031,60,rotation-trial,-5088,1760,-1888,-229.514,389.818,309.403
190539140211200,71630587480989,61,rotation-trial,-5216,1216,-2528,-357.514,-154.182,-330.597
190539141201900,71630588482531,62,rotation-trial,-5472,1440,-2592,-613.514,69.8182,-394.597
190539142201500,71630589480947,63,rotation-trial,-4192,1344,-3136,666.486,-26.1818,-938.597
190539143276700,71630590480989,64,rotation-trial,-4608,1344,-1888,250.486,-26.1818,309.403
190539144206200,71630591480989,65,rotation-trial,-4928,1344,-2464,-69.5145,-26.1818,-266.597
190539145215200,71630592481031,66,rotation-trial,-4448,1120,-2112,410.486,-250.182,85.4026
190539146203900,71630593482531,67,rotation-trial,-5152,1472,-2016,-293.514,101.818,181.403
190539147200600,71630594480822,68,rotation-trial,-4576,1216,-1504,282.486,-154.182,693.403
190539148200300,71630595480739,69,rotation-trial,-4864,992,-1984,-5.51449,-378.182,213.403
190539149205100,71630596481114,70,rotation-trial,-4672,1536,-2848,186.486,165.818,-650.597
190539150204100,71630597481114,71,rotation-trial,-5312,1504,-1920,-453.514,133.818,277.403
190539151203300,71630598481697,72,rotation-trial,-4864,1536,-1760,-5.51449,165.818,437.403
190539152204500,71630599480947,73,rotation-trial,-5088,992,-2432,-229.514,-378.182,-234.597
190539153203900,71630600482822,74,rotation-trial,-5024,992,-2752,-165.514,-378.182,-554.597
190539154209900,71630601480989,75,rotation-trial,-4544,1408,-1856,314.486,37.8182,341.403
190539155209700,71630602481906,76,rotation-trial,-4896,1408,-2624,-37.5145,37.8182,-426.597
190539156201100,71630603480906,77,rotation-trial,-4960,1376,-1760,-101.514,5.81818,437.403
190539157210600,71630604480864,78,rotation-trial,-4800,1312,-2304,58.4855,-58.1818,-106.597
190539158207400,71630605481072,79,rotation-trial,-5536,1376,-2432,-677.514,5.81818,-234.597
190539159206900,71630606480947,80,rotation-trial,-5152,1056,-2528,-293.514,-314.182,-330.597
190539160204700,71630607480864,81,rotation-trial,-5504,1408,-1952,-645.514,37.8182,245.403
190539161211000,71630608480864,82,rotation-trial,-5056,1120,-1440,-197.514,-250.182,757.403
190539162228500,71630609481031,83,rotation-trial,-4384,896,-1760,474.486,-474.182,437.403
190539163206100,71630610481697,84,rotation-trial,-5120,1248,-2208,-261.514,-122.182,-10.5974
190539164204100,71630611481114,85,rotation-trial,-5344,1824,-2240,-485.514,453.818,-42.5974
190539165203900,71630612480989,86,rotation-trial,-4736,1568,-2208,122.486,197.818,-10.5974
190539166201000,71630613480989,87,rotation-trial,-4832,1472,-2400,26.4855,101.818,-202.597
190539167207900,71630614480989,88,rotation-trial,-5056,1440,-2944,-197.514,69.8182,-746.597
190539168209800,71630615480572,89,rotation-trial,-5088,1504,-2368,-229.514,133.818,-170.597
190539169213000,71630616481072,90,rotation-trial,-4544,1632,-1568,314.486,261.818,629.403
190539170203300,71630617480906,91,rotation-trial,-5216,1408,-2016,-357.514,37.8182,181.403
190539171196400,71630618480864,92,rotation-trial,-4480,1344,-2560,378.486,-26.1818,-362.597
190539172237800,71630619480781,93,rotation-trial,-4704,1312,-2016,154.486,-58.1818,181.403
190539173226900,71630620481947,94,rotation-trial,-5088,992,-2368,-229.514,-378.182,-170.597
190539174261700,71630621480906,95,rotation-trial,-5280,1728,-2976,-421.514,357.818,-778.597
190539175196500,71630622480947,96,rotation-trial,-4960,1504,-2496,-101.514,133.818,-298.597
190539176207100,71630623482572,97,rotation-trial,-4704,1376,-2528,154.486,5.81818,-330.597
190539177228600,71630624481072,98,rotation-trial,-4640,928,-2048,218.486,-442.182,149.403
190539178204700,71630625481031,99,rotation-trial,-4544,1088,-2176,314.486,-282.182,21.4026
190539179203800,71630626481072,100,rotation-trial,-4736,1312,-2272,122.486,-58.1818,-74.5974
190539180198800,71630627480989,101,rotation-trial,-5088,1504,-1888,-229.514,133.818,309.403
190539181217500,71630628481531,102,rotation-trial,-4832,1184,-2272,26.4855,-186.182,-74.5974
190539183140700,71630629480906,103,rotation-trial,-4672,1600,-2528,186.486,229.818,-330.597
190539183229800,71630630481156,104,rotation-trial,-4672,1536,-2112,186.486,165.818,85.4026
190539184217000,71630631480947,105,rotation-trial,-4736,1088,-2304,122.486,-282.182,-106.597
190539185205100,71630632480864,106,rotation-trial,-5536,1600,-2368,-677.514,229.818,-170.597
190539186213000,71630633480864,107,rotation-trial,-5024,1568,-2592,-165.514,197.818,-394.597
190539187209100,71630634480822,108,rotation-trial,-4416,1568,-2400,442.486,197.818,-202.597
190539188207400,71630635480864,109,rotation-trial,-4992,1248,-2176,-133.514,-122.182,21.4026
190539189210800,71630636481156,110,rotation-trial,-5216,1216,-1792,-357.514,-154.182,405.403
190539190209300,71630637481072,111,rotation-trial,-4768,1440,-2144,90.4855,69.8182,53.4026
190539191207900,71630638481072,112,rotation-trial,-4832,1056,-2080,26.4855,-314.182,117.403
190539192208800,71630639481031,113,rotation-trial,-4800,1024,-2112,58.4855,-346.182,85.4026
190539193471600,71630640481114,114,rotation-trial,-5280,1600,-2496,-421.514,229.818,-298.597
190539194213600,71630641480989,115,rotation-trial,-4256,1536,-2016,602.486,165.818,181.403
190539195199300,71630642480781,116,rotation-trial,-4640,1472,-2368,218.486,101.818,-170.597
190539196210400,71630643480947,117,rotation-trial,-4288,1184,-1824,570.486,-186.182,373.403
190539197210300,71630644480822,118,rotation-trial,-4768,1376,-1696,90.4855,5.81818,501.403
190539198210300,71630645480822,119,rotation-trial,-4288,992,-2208,570.486,-378.182,-10.5974
190539199206200,71630646480906,120,rotation-trial,-4448,1760,-2144,410.486,389.818,53.4026
190539200207500,71630647482406,121,rotation-trial,-4800,1600,-2336,58.4855,229.818,-138.597
190539201208100,71630648480989,122,rotation-trial,-4992,864,-2272,-133.514,-506.182,-74.5974
190539202209200,71630649481031,123,rotation-trial,-4704,1312,-2016,154.486,-58.1818,181.403
190539203211200,71630650481114,124,rotation-trial,-4480,1120,-1824,378.486,-250.182,373.403
190539204211200,71630651480989,125,rotation-trial,-5440,1408,-1952,-581.514,37.8182,245.403
190539205201300,71630652481572,126,rotation-trial,-4544,1664,-2240,314.486,293.818,-42.5974
190539206192800,71630653481031,127,rotation-trial,-5472,1120,-1952,-613.514,-250.182,245.403
190539207215100,71630654480989,128,rotation-trial,-4864,1632,-1664,-5.51449,261.818,533.403
190539208197100,71630655480989,129,rotation-trial,-5536,1696,-2720,-677.514,325.818,-522.597
190539209213000,71630656480906,130,rotation-trial,-4896,1312,-2304,-37.5145,-58.1818,-106.597
190539210621200,71630657481697,131,rotation-trial,-5344,1216,-2336,-485.514,-154.182,-138.597
190539211213000,71630658480989,132,rotation-trial,-5504,1472,-2304,-645.514,101.818,-106.597
190539212457600,71630659480864,133,rotation-trial,-4672,1312,-1504,186.486,-58.1818,693.403
190539213210600,71630660480906,134,rotation-trial,-5152,1184,-2560,-293.514,-186.182,-362.597
190539214209100,71630661480822,135,rotation-trial,-4576,768,-1824,282.486,-602.182,373.403
190539215207900,71630662481197,136,rotation-trial,-5472,1792,-3072,-613.514,421.818,-874.597
190539216208400,71630663481281,137,rotation-trial,-4992,1824,-2336,-133.514,453.818,-138.597
190539217210800,71630664481614,138,rotation-trial,-4544,1472,-1888,314.486,101.818,309.403
190539218210100,71630665481156,139,rotation-trial,-4544,1472,-2144,314.486,101.818,53.4026
190539219210200,71630666480989,140,rotation-trial,-5184,1280,-1792,-325.514,-90.1818,405.403
190539220195400,71630667480656,141,rotation-trial,-4832,1440,-2048,26.4855,69.8182,149.403
190539221204300,71630668481072,142,rotation-trial,-5056,1216,-2016,-197.514,-154.182,181.403
190539222202400,71630669480822,143,rotation-trial,-4928,1504,-2208,-69.5145,133.818,-10.5974
190539223199500,71630670482322,144,rotation-trial,-4576,1760,-2496,282.486,389.818,-298.597
190539224200100,71630671480864,145,rotation-trial,-4672,1472,-2560,186.486,101.818,-362.597
190539225300300,71630672482739,146,rotation-trial,-5088,1216,-2464,-229.514,-154.182,-266.597
190539226620100,71630673480947,147,rotation-trial,-4896,1088,-2016,-37.5145,-282.182,181.403
190539227249100,71630674480864,148,rotation-trial,-4864,1280,-1984,-5.51449,-90.1818,213.403
190539228285800,71630675481031,149,rotation-trial,-4896,1120,-2048,-37.5145,-250.182,149.403
190539229205400,71630676481156,150,rotation-trial,-5568,1696,-1760,-709.514,325.818,437.403
190539230198800,71630677481031,151,rotation-trial,-5120,1664,-1888,-261.514,293.818,309.403
190539231214300,71630678481031,152,rotation-trial,-4800,1248,-2688,58.4855,-122.182,-490.597
190539232200500,71630679480947,153,rotation-trial,-4800,1696,-2304,58.4855,325.818,-106.597
190539233198300,71630680481114,154,rotation-trial,-4736,1376,-1984,122.486,5.81818,213.403
190539234197100,71630681481031,155,rotation-trial,-5088,1216,-2208,-229.514,-154.182,-10.5974
190539235195300,71630682481656,156,rotation-trial,-4960,1376,-2336,-101.514,5.81818,-138.597
190539236211300,71630683481072,157,rotation-trial,-4608,1344,-2560,250.486,-26.1818,-362.597
190539237218100,71630684480947,158,rotation-trial,-4768,1760,-2528,90.4855,389.818,-330.597
190539238198100,71630685480906,159,rotation-trial,-4192,864,-2048,666.486,-506.182,149.403
190539239196100,71630686481072,160,rotation-trial,-5024,1472,-1888,-165.514,101.818,309.403
190539240261400,71630687481322,161,rotation-trial,-4128,1536,-1760,730.486,165.818,437.403
190539241528700,71630688485239,162,rotation-trial,-4512,1504,-2208,346.486,133.818,-10.5974
190539242199500,71630689481072,163,rotation-trial,-4704,1536,-1888,154.486,165.818,309.403
190539243206600,71630690481156,164,rotation-trial,-5312,1408,-2560,-453.514,37.8182,-362.597
190539244195800,71630691481031,165,rotation-trial,-5024,1408,-2080,-165.514,37.8182,117.403
190539245201400,71630692481072,166,rotation-trial,-5024,1312,-2240,-165.514,-58.1818,-42.5974
190539246193900,71630693481031,167,rotation-trial,-5408,1376,-2464,-549.514,5.81818,-266.597
190539247208900,71630694480906,168,rotation-trial,-4800,1504,-1792,58.4855,133.818,405.403
190539248206500,71630695480989,169,rotation-trial,-4800,1536,-1440,58.4855,165.818,757.403
190539249207900,71630696480864,170,rotation-trial,-4768,1120,-2272,90.4855,-250.182,-74.5974
190539250208900,71630697482156,171,rotation-trial,-5120,1152,-2368,-261.514,-218.182,-170.597
190539251207600,71630698480906,172,rotation-trial,-4768,960,-2048,90.4855,-410.182,149.403
190539252229700,71630699480822,173,rotation-trial,-4896,1184,-1920,-37.5145,-186.182,277.403
190539253203000,71630700481114,174,rotation-trial,-4096,1376,-2208,762.486,5.81818,-10.5974
190539254221900,71630701480822,175,rotation-trial,-4928,1824,-2496,-69.5145,453.818,-298.597
190539255222200,71630702481197,176,rotation-trial,-5152,1344,-2176,-293.514,-26.1818,21.4026
190539256210200,71630703481031,177,rotation-trial,-4768,1728,-2336,90.4855,357.818,-138.597
190539257208600,71630704482572,178,rotation-trial,-4736,1280,-2944,122.486,-90.1818,-746.597
190539258209700,71630705481114,179,rotation-trial,-4736,1824,-1888,122.486,453.818,309.403
190539259206900,71630706481031,180,rotation-trial,-5184,1472,-2624,-325.514,101.818,-426.597
190539260313600,71630707481114,181,rotation-trial,-4512,1184,-2560,346.486,-186.182,-362.597
190539261307300,71630708480864,182,rotation-trial,-4992,1600,-2752,-133.514,229.818,-554.597
190539262308800,71630709481447,183,rotation-trial,-4192,1472,-2272,666.486,101.818,-74.5974
190539263221800,71630710480947,184,rotation-trial,-5888,1632,-2528,-1029.51,261.818,-330.597
190539264499800,71630711480822,185,rotation-trial,-4448,992,-1696,410.486,-378.182,501.403
190539265314000,71630712480906,186,rotation-trial,-4800,1504,-2016,58.4855,133.818,181.403
190539266305900,71630713480822,187,rotation-trial,-4800,1472,-2208,58.4855,101.818,-10.5974
190539267204800,71630714480989,188,rotation-trial,-4736,1312,-1856,122.486,-58.1818,341.403
190539268209900,71630715481031,189,rotation-trial,-4384,1120,-2336,474.486,-250.182,-138.597
190539269219900,71630716480989,190,rotation-trial,-4672,1088,-2336,186.486,-282.182,-138.597
190539270224700,71630717480989,191,rotation-trial,-5344,1728,-2528,-485.514,357.818,-330.597
190539271218200,71630718480989,192,rotation-trial,-4672,1152,-2240,186.486,-218.182,-42.5974
190539272309600,71630719481031,193,rotation-trial,-5120,1152,-2048,-261.514,-218.182,149.403
190539273291100,71630720491406,194,rotation-trial,-4768,1536,-2304,90.4855,165.818,-106.597
190539274284100,71630721480989,195,rotation-trial,-4896,1344,-3008,-37.5145,-26.1818,-810.597
190539275308400,71630722480989,196,rotation-trial,-4640,1696,-2400,218.486,325.818,-202.597
190539276284800,71630723481906,197,rotation-trial,-4896,1120,-2464,-37.5145,-250.182,-266.597
190539277283600,71630724484239,198,rotation-trial,-5056,1024,-2272,-197.514,-346.182,-74.5974
190539278284600,71630725482281,199,rotation-trial,-4768,1152,-1920,90.4855,-218.182,277.403
190539279294700,71630726480781,200,rotation-trial,-5120,1664,-2496,-261.514,293.818,-298.597
190539280291900,71630727480864,201,rotation-trial,-4608,1184,-1984,250.486,-186.182,213.403
190539281287900,71630728480822,202,rotation-trial,-4864,1152,-1984,-5.51449,-218.182,213.403
190539282343100,71630729481072,203,rotation-trial,-4992,1280,-1600,-133.514,-90.1818,597.403
190539283368800,71630730481072,204,rotation-trial,-5344,1440,-2336,-485.514,69.8182,-138.597
190539284256400,71630731480947,205,rotation-trial,-4288,1312,-2272,570.486,-58.1818,-74.5974
190539285388600,71630732481114,206,rotation-trial,-4640,1472,-1888,218.486,101.818,309.403
190539286369400,71630733480864,207,rotation-trial,-5184,1632,-2368,-325.514,261.818,-170.597
190539287371700,71630734480906,208,rotation-trial,-4864,1664,-2528,-5.51449,293.818,-330.597
190539288306100,71630735481114,209,rotation-trial,-5280,1152,-2592,-421.514,-218.182,-394.597
190539289307700,71630736484697,210,rotation-trial,-4608,1728,-1632,250.486,357.818,565.403
190539290297100,71630737487239,211,rotation-trial,-5184,1152,-1824,-325.514,-218.182,373.403
190539291296200,71630738483197,212,rotation-trial,-4576,1088,-1792,282.486,-282.182,405.403
190539292343300,71630739488864,213,rotation-trial,-4832,1088,-2240,26.4855,-282.182,-42.5974
190539293455400,71630740496822,214,rotation-trial,-4576,1344,-2112,282.486,-26.1818,85.4026
190539294375400,71630741483697,215,rotation-trial,-4704,1344,-2560,154.486,-26.1818,-362.597
190539295494700,71630742489864,216,rotation-trial,-5152,1120,-2400,-293.514,-250.182,-202.597
190539296489600,71630743492156,217,rotation-trial,-5024,1216,-2560,-165.514,-154.182,-362.597
190539297215700,71630744489322,218,rotation-trial,-4544,1184,-1856,314.486,-186.182,341.403
190539298412200,71630745491906,219,rotation-trial,-4736,1568,-2560,122.486,197.818,-362.597
190539299335900,71630746491906,220,rotation-trial,-4640,1632,-1888,218.486,261.818,309.403
190539300280600,71630747486697,221,rotation-trial,-5056,1600,-2272,-197.514,229.818,-74.5974
190539301227600,71630748484822,222,rotation-trial,-5408,1312,-2432,-549.514,-58.1818,-234.597
190539302205400,71630749484656,223,rotation-trial,-5536,1504,-2976,-677.514,133.818,-778.597
190539303213600,71630750488239,224,rotation-trial,-5184,1120,-2016,-325.514,-250.182,181.403
190539304205500,71630751485489,225,rotation-trial,-4992,1280,-2496,-133.514,-90.1818,-298.597
190539305206300,71630752484989,226,rotation-trial,-5440,1824,-2560,-581.514,453.818,-362.597
190539306215300,71630753484489,227,rotation-trial,-4576,1632,-2016,282.486,261.818,181.403
190539307203500,71630754483156,228,rotation-trial,-5728,1440,-2496,-869.514,69.8182,-298.597
190539308219000,71630755484239,229,rotation-trial,-5184,1440,-1760,-325.514,69.8182,437.403
190539309209500,71630756486156,230,rotation-trial,-5088,1280,-1952,-229.514,-90.1818,245.403
190539310205900,71630757483614,231,rotation-trial,-4768,1152,-2176,90.4855,-218.182,21.4026
190539311221300,71630758483489,232,rotation-trial,-5088,1216,-2528,-229.514,-154.182,-330.597
190539312210600,71630759487447,233,rotation-trial,-4288,1152,-1728,570.486,-218.182,469.403
190539313207300,71630760482572,234,rotation-trial,-4768,1184,-2240,90.4855,-186.182,-42.5974
190539314214300,71630761482739,235,rotation-trial,-5184,1568,-2304,-325.514,197.818,-106.597
190539315197700,71630762483822,236,rotation-trial,-4672,1440,-2144,186.486,69.8182,53.4026
190539316209500,71630763485489,237,rotation-trial,-4992,1472,-2304,-133.514,101.818,-106.597
190539317220200,71630764484739,238,rotation-trial,-4192,1728,-2048,666.486,357.818,149.403
190539318205600,71630765484906,239,rotation-trial,-5344,928,-1888,-485.514,-442.182,309.403
190539319208300,71630766483114,240,rotation-trial,-5088,1536,-2240,-229.514,165.818,-42.5974
190539320205300,71630767482031,241,rotation-trial,-4576,1376,-1728,282.486,5.81818,469.403
190539321209700,71630768487322,242,rotation-trial,-5056,2208,-2464,-197.514,837.818,-266.597
190539322205400,71630769488447,243,rotation-trial,-4992,1472,-2624,-133.514,101.818,-426.597
190539323318100,71630770486697,244,rotation-trial,-4416,1120,-1600,442.486,-250.182,597.403
190539324208800,71630771489656,245,rotation-trial,-5216,1632,-2688,-357.514,261.818,-490.597
190539325207700,71630772486156,246,rotation-trial,-5312,1152,-1888,-453.514,-218.182,309.403
190539326210700,71630773483864,247,rotation-trial,-4704,1568,-1856,154.486,197.818,341.403
190539327215200,71630774487656,248,rotation-trial,-4672,1632,-2560,186.486,261.818,-362.597
190539328204600,71630775483614,249,rotation-trial,-4544,1344,-2016,314.486,-26.1818,181.403
190539329205600,71630776484489,250,rotation-trial,-5152,928,-2336,-293.514,-442.182,-138.597
190539330207000,71630777487781,251,rotation-trial,-5152,1344,-2144,-293.514,-26.1818,53.4026
190539331222500,71630778488239,252,rotation-trial,-5024,1600,-2272,-165.514,229.818,-74.5974
190539332213900,71630779484572,253,rotation-trial,-4800,1536,-2048,58.4855,165.818,149.403
190539333284400,71630780484781,254,rotation-trial,-5088,1280,-1760,-229.514,-90.1818,437.403
190539334290600,71630781486406,255,rotation-trial,-4928,1280,-2432,-69.5145,-90.1818,-234.597
190539335234800,71630782484322,0,rotation-trial,-4992,1728,-2304,-133.514,357.818,-106.597
190539336375800,71630783485239,1,rotation-trial,-4768,1664,-1440,90.4855,293.818,757.403
190539337379300,71630784484864,2,rotation-trial,-4960,960,-1472,-101.514,-410.182,725.403
190539338369300,71630785486739,3,rotation-trial,-4800,1312,-1984,58.4855,-58.1818,213.403
190539339406300,71630786483281,4,rotation-trial,-5632,1536,-2880,-773.514,165.818,-682.597
190539340367700,71630787484822,5,rotation-trial,-4736,1120,-2464,122.486,-250.182,-266.597
190539341300400,71630788485156,6,rotation-trial,-5312,1344,-1856,-453.514,-26.1818,341.403
190539342508300,71630789487197,7,rotation-trial,-4384,864,-1792,474.486,-506.182,405.403
190539343378400,71630790487156,8,rotation-trial,-5152,1472,-2560,-293.514,101.818,-362.597
190539344373300,71630791484156,9,rotation-trial,-5248,1088,-2304,-389.514,-282.182,-106.597
190539345317100,71630792483114,10,rotation-trial,-5152,1664,-2688,-293.514,293.818,-490.597
190539346278800,71630793483989,11,rotation-trial,-4736,1472,-2688,122.486,101.818,-490.597
190539347304600,71630794487156,12,rotation-trial,-5248,1408,-2080,-389.514,37.8182,117.403
190539348293700,71630795482447,13,rotation-trial,-4096,1248,-2016,762.486,-122.182,181.403
190539349249200,71630796483572,14,rotation-trial,-4736,1632,-2336,122.486,261.818,-138.597
190539350348600,71630797482197,15,rotation-trial,-4704,1728,-2432,154.486,357.818,-234.597
190539351205200,71630798482072,16,rotation-trial,-5024,1664,-2496,-165.514,293.818,-298.597
190539352264700,71630799480989,17,rotation-trial,-4384,1216,-1920,474.486,-154.182,277.403
190539353360000,71630800480947,18,rotation-trial,-4064,1312,-2112,794.486,-58.1818,85.4026
190539354851800,71630801480906,19,rotation-trial,-5152,1120,-2400,-293.514,-250.182,-202.597
190539355220200,71630802480947,20,rotation-trial,-4640,1696,-2560,218.486,325.818,-362.597
190539356460700,71630803480906,21,rotation-trial,-4352,1440,-1952,506.486,69.8182,245.403
190539357448400,71630804480947,22,rotation-trial,-5344,1184,-2272,-485.514,-186.182,-74.5974
190539358598300,71630805480781,23,rotation-trial,-4640,1696,-1504,218.486,325.818,693.403
190539359678700,71630806480906,24,rotation-trial,-4928,1216,-2336,-69.5145,-154.182,-138.597
190539360387700,71630807480739,25,rotation-trial,-4640,1536,-1824,218.486,165.818,373.403
190539361220700,71630808481072,26,rotation-trial,-4448,1184,-2112,410.486,-186.182,85.4026
190539362407900,71630809480906,27,rotation-trial,-5024,1632,-1984,-165.514,261.818,213.403
190539363220300,71630810481489,28,rotation-trial,-4704,1216,-2368,154.486,-154.182,-170.597
190539364201200,71630811483531,29,rotation-trial,-5280,1280,-1760,-421.514,-90.1818,437.403
190539365402900,71630812480906,30,rotation-trial,-5056,992,-2592,-197.514,-378.182,-394.597
190539366277400,71630813481947,31,rotation-trial,-5440,1408,-2336,-581.514,37.8182,-138.597
190539367581300,71630814480864,32,rotation-trial,-5472,1568,-2272,-613.514,197.818,-74.5974
190539368330100,71630815481989,33,rotation-trial,-5504,1024,-2688,-645.514,-346.182,-490.597
190539369417900,71630816480822,34,rotation-trial,-4960,1440,-2464,-101.514,69.8182,-266.597
190539370225000,71630817480822,35,rotation-trial,-4928,992,-2144,-69.5145,-378.182,53.4026
190539371218600,71630818480822,36,rotation-trial,-4832,1376,-2240,26.4855,5.81818,-42.5974
190539372413800,71630819480781,37,rotation-trial,-4928,1376,-2368,-69.5145,5.81818,-170.597
190539373205300,71630820480822,38,rotation-trial,-5184,1376,-2048,-325.514,5.81818,149.403
190539374227900,71630821480864,39,rotation-trial,-5152,1408,-2240,-293.514,37.8182,-42.5974
190539375213500,71630822481156,40,rotation-trial,-4960,1216,-1888,-101.514,-154.182,309.403
190539376213900,71630823481031,41,rotation-trial,-4352,1120,-1696,506.486,-250.182,501.403
190539377212800,71630824480822,42,rotation-trial,-4736,1440,-2528,122.486,69.8182,-330.597
190539378234500,71630825480947,43,rotation-trial,-4320,1088,-2240,538.486,-282.182,-42.5974
190539379212600,71630826480947,44,rotation-trial,-4512,1216,-1248,346.486,-154.182,949.403
190539380219000,71630827480822,45,rotation-trial,-5120,1248,-2304,-261.514,-122.182,-106.597
190539381229000,71630828480864,46,rotation-trial,-4576,1536,-2048,282.486,165.818,149.403
190539382275800,71630829480864,47,rotation-trial,-4736,1664,-2400,122.486,293.818,-202.597
190539383275200,71630830480947,48,rotation-trial,-4800,1184,-2208,58.4855,-186.182,-10.5974
190539384229900,71630831480781,49,rotation-trial,-5376,1408,-2592,-517.514,37.8182,-394.597
190539385298200,71630832480822,50,rotation-trial,-4544,992,-2144,314.486,-378.182,53.4026
190539386279800,71630833480947,51,rotation-trial,-5376,1760,-2432,-517.514,389.818,-234.597
190539387270600,71630834480739,52,rotation-trial,-4704,1696,-2208,154.486,325.818,-10.5974
190539388204000,71630835481031,53,rotation-trial,-4672,1568,-2048,186.486,197.818,149.403
190539389202500,71630836481031,54,rotation-trial,-4864,1504,-2272,-5.51449,133.818,-74.5974
190539390275200,71630837480822,55,rotation-trial,-5120,1376,-2208,-261.514,5.81818,-10.5974
190539391218900,71630838481364,56,rotation-trial,-4480,1248,-2144,378.486,-122.182,53.4026
190539392217500,71630839481489,57,rotation-trial,-5024,1312,-2080,-165.514,-58.1818,117.403
190539393202800,71630840481697,58,rotation-trial,-4576,1056,-2144,282.486,-314.182,53.4026
190539394224500,71630841482989,59,rotation-trial,-5024,1440,-2048,-165.514,69.8182,149.403
190539395212300,71630842482239,60,rotation-trial,-5600,1472,-2432,-741.514,101.818,-234.597
190539396211900,71630843480822,61,rotation-trial,-4544,1472,-1824,314.486,101.818,373.403
190539397221300,71630844480906,62,rotation-trial,-4608,800,-1568,250.486,-570.182,629.403
190539398213000,71630845480781,63,rotation-trial,-5472,1120,-2144,-613.514,-250.182,53.4026
190539399211000,71630846481572,64,rotation-trial,-5120,1696,-2656,-261.514,325.818,-458.597
190539400226700,71630847482739,65,rotation-trial,-4896,1440,-2464,-37.5145,69.8182,-266.597
190539401210100,71630848481197,66,rotation-trial,-4672,1152,-1792,186.486,-218.182,405.403
190539402211400,71630849481072,67,rotation-trial,-4768,1376,-2336,90.4855,5.81818,-138.597
190539403211200,71630850481072,68,rotation-trial,-5088,1216,-2112,-229.514,-154.182,85.4026
190539404216500,71630851480989,69,rotation-trial,-4960,1472,-2112,-101.514,101.818,85.4026
190539405213100,71630852485114,70,rotation-trial,-4448,960,-1632,410.486,-410.182,565.403
190539406204700,71630853481031,71,rotation-trial,-5280,1472,-2080,-421.514,101.818,117.403
190539407217100,71630854480822,72,rotation-trial,-5408,1472,-2144,-549.514,101.818,53.4026
190539408222100,71630855480947,73,rotation-trial,-4672,1664,-2624,186.486,293.818,-426.597
190539409202500,71630856480947,74,rotation-trial,-5152,832,-2080,-293.514,-538.182,117.403
190539410209800,71630857480489,75,rotation-trial,-4352,1728,-2496,506.486,357.818,-298.597
190539411213900,71630858481656,76,rotation-trial,-4896,1632,-2528,-37.5145,261.818,-330.597
190539412212000,71630859480781,77,rotation-trial,-4512,800,-1856,346.486,-570.182,341.403
190539413216400,71630860480822,78,rotation-trial,-4800,928,-2080,58.4855,-442.182,117.403
190539414215000,71630861480781,79,rotation-trial,-5280,1760,-1952,-421.514,389.818,245.403
190539415208900,71630862480697,80,rotation-trial,-4864,1760,-2432,-5.51449,389.818,-234.597
190539416210400,71630863481364,81,rotation-trial,-4448,1344,-2336,410.486,-26.1818,-138.597
190539417214600,71630864480989,82,rotation-trial,-4960,1568,-1920,-101.514,197.818,277.403
190539418210700,71630865481031,83,rotation-trial,-4928,1408,-2592,-69.5145,37.8182,-394.597
190539419215100,71630866480864,84,rotation-trial,-4160,1664,-2240,698.486,293.818,-42.5974
190539420260600,71630867480864,85,rotation-trial,-4672,1376,-2048,186.486,5.81818,149.403
190539421216800,71630868480947,86,rotation-trial,-4928,1440,-1984,-69.5145,69.8182,213.403
190539422237100,71630869480864,87,rotation-trial,-4896,1344,-1952,-37.5145,-26.1818,245.403
190539423220700,71630870480864,88,rotation-trial,-5472,1440,-2368,-613.514,69.8182,-170.597
190539424214000,71630871480822,89,rotation-trial,-5536,1376,-2624,-677.514,5.81818,-426.597
190539425234900,71630872480947,90,rotation-trial,-5344,1888,-2528,-485.514,517.818,-330.597
190539426223400,71630873480822,91,rotation-trial,-4896,1472,-2048,-37.5145,101.818,149.403
190539427286100,71630874480697,92,rotation-trial,-4448,1376,-1952,410.486,5.81818,245.403
190539428214900,71630875481114,93,rotation-trial,-4608,1024,-2496,250.486,-346.182,-298.597
190539429214600,71630876480906,94,rotation-trial,-5408,1376,-2080,-549.514,5.81818,117.403
190539430217100,71630877480989,95,rotation-trial,-4544,1088,-2016,314.486,-282.182,181.403
190539431217100,71630878482114,96,rotation-trial,-4832,1408,-2080,26.4855,37.8182,117.403
190539432230400,71630879480906,97,rotation-trial,-4800,1280,-1888,58.4855,-90.1818,309.403
190539433209700,71630880480906,98,rotation-trial,-5600,1664,-2144,-741.514,293.818,53.4026
190539434224900,71630881481072,99,rotation-trial,-4608,1376,-2112,250.486,5.81818,85.4026
190539435205900,71630882480947,100,rotation-trial,-4608,1504,-2528,250.486,133.818,-330.597
190539436204000,71630883480822,101,rotation-trial,-4640,1120,-2848,218.486,-250.182,-650.597
190539437226700,71630884480822,102,rotation-trial,-4800,1280,-2560,58.4855,-90.1818,-362.597
190539438228900,71630885480906,103,rotation-trial,-4768,1472,-2304,90.4855,101.818,-106.597
190539439208700,71630886480739,104,rotation-trial,-4992,1376,-2752,-133.514,5.81818,-554.597
190539440201500,71630887480447,105,rotation-trial,-5184,1344,-2272,-325.514,-26.1818,-74.5974
190539441214700,71630888480947,106,rotation-trial,-4480,1216,-2336,378.486,-154.182,-138.597
190539442218500,71630889480989,107,rotation-trial,-5088,1280,-2080,-229.514,-90.1818,117.403
190539443213600,71630890481072,108,rotation-trial,-5440,1760,-2176,-581.514,389.818,21.4026
190539444218500,71630891480947,109,rotation-trial,-5216,1536,-2336,-357.514,165.818,-138.597
190539445227200,71630892482239,110,rotation-trial,-4736,1280,-1984,122.486,-90.1818,213.403
190539446217400,71630893481406,111,rotation-trial,-5216,1376,-2272,-357.514,5.81818,-74.5974
190539447219800,71630894480822,112,rotation-trial,-4928,1216,-2016,-69.5145,-154.182,181.403
190539448218000,71630895482364,113,rotation-trial,-4992,1440,-2112,-133.514,69.8182,85.4026
190539449214000,71630896480864,114,rotation-trial,-4672,1280,-2240,186.486,-90.1818,-42.5974
190539450211200,71630897480864,115,rotation-trial,-5184,1280,-2496,-325.514,-90.1818,-298.597
190539451215800,71630898481031,116,rotation-trial,-5024,1568,-2432,-165.514,197.818,-234.597
190539452218600,71630899483114,117,rotation-trial,-4736,1088,-1760,122.486,-282.182,437.403
190539453212500,71630900492197,118,rotation-trial,-4960,1536,-1888,-101.514,165.818,309.403
190539454210300,71630901481072,119,rotation-trial,-4736,1792,-2176,122.486,421.818,21.4026
190539455204400,71630902481114,120,rotation-trial,-5440,1216,-1632,-581.514,-154.182,565.403
190539456206600,71630903480947,121,rotation-trial,-5216,1344,-2464,-357.514,-26.1818,-266.597
190539457212900,71630904480614,122,rotation-trial,-4768,1216,-1120,90.4855,-154.182,1077.4
190539458237400,71630905481531,123,rotation-trial,-4832,1696,-2016,26.4855,325.818,181.403
190539459236300,71630906480906,124,rotation-trial,-4736,1600,-2336,122.486,229.818,-138.597
190539460215300,71630907480989,125,rotation-trial,-5280,1632,-2432,-421.514,261.818,-234.597
190539461215900,71630908480906,126,rotation-trial,-4512,1344,-1952,346.486,-26.1818,245.403
190539462225700,71630909480947,127,rotation-trial,-5120,1152,-2048,-261.514,-218.182,149.403
190539463219500,71630910480989,128,rotation-trial,-4768,1536,-2656,90.4855,165.818,-458.597
190539464210100,71630911480864,129,rotation-trial,-4928,1152,-1792,-69.5145,-218.182,405.403
190539465214100,71630912480906,130,rotation-trial,-5152,1472,-2400,-293.514,101.818,-202.597
190539466203100,71630913480739,131,rotation-trial,-4672,1120,-2048,186.486,-250.182,149.403
190539467202200,71630914480822,132,rotation-trial,-4992,992,-2016,-133.514,-378.182,181.403
190539468201500,71630915480989,133,rotation-trial,-5024,1504,-2336,-165.514,133.818,-138.597
190539469201500,71630916481239,134,rotation-trial,-5344,1344,-2112,-485.514,-26.1818,85.4026
190539470218700,71630917481031,135,rotation-trial,-5440,1632,-2592,-581.514,261.818,-394.597
190539471208700,71630918481031,136,rotation-trial,-4480,864,-1984,378.486,-506.182,213.403
190539472242500,71630919481739,137,rotation-trial,-5024,1312,-2752,-165.514,-58.1818,-554.597
190539473212800,71630920480822,138,rotation-trial,-4736,1568,-1824,122.486,197.818,373.403
190539474209700,71630921480864,139,rotation-trial,-4960,1568,-2464,-101.514,197.818,-266.597
190539475203100,71630922480989,140,rotation-trial,-4832,1376,-1792,26.4855,5.81818,405.403
190539476202200,71630923482322,141,rotation-trial,-4672,1216,-2208,186.486,-154.182,-10.5974
190539477209100,71630924482239,142,rotation-trial,-5504,1600,-2080,-645.514,229.818,117.403
190539478225000,71630925480864,143,rotation-trial,-4352,1568,-2528,506.486,197.818,-330.597
190539479210100,71630926480989,144,rotation-trial,-4672,1152,-2016,186.486,-218.182,181.403
190539480208400,71630927480864,145,rotation-trial,-4320,1216,-2176,538.486,-154.182,21.4026
190539481224600,71630928481114,146,rotation-trial,-4672,1696,-2720,186.486,325.818,-522.597
190539482215700,71630929481072,147,rotation-trial,-4704,1568,-2688,154.486,197.818,-490.597
190539483215800,71630930480947,148,rotation-trial,-4864,1248,-1728,-5.51449,-122.182,469.403
190539484208800,71630931480906,149,rotation-trial,-4608,1632,-2464,250.486,261.818,-266.597
190539485207700,71630932480989,150,rotation-trial,-5056,1664,-2368,-197.514,293.818,-170.597
190539486216600,71630933481989,151,rotation-trial,-4896,1280,-2848,-37.5145,-90.1818,-650.597
190539487213100,71630934481072,152,rotation-trial,-4384,928,-1440,474.486,-442.182,757.403
190539488228500,71630935480781,153,rotation-trial,-4608,1024,-1824,250.486,-346.182,373.403
190539489223800,71630936480864,154,rotation-trial,-5248,1216,-2208,-389.514,-154.182,-10.5974
190539490223000,71630937480781,155,rotation-trial,-4800,1056,-2496,58.4855,-314.182,-298.597
190539491225800,71630938480822,156,rotation-trial,-4352,1280,-1632,506.486,-90.1818,565.403
190539492221600,71630939480947,157,rotation-trial,-4768,1472,-2400,90.4855,101.818,-202.597
190539493210900,71630940480989,158,rotation-trial,-4960,1440,-2304,-101.514,69.8182,-106.597
190539494204700,71630941481239,159,rotation-trial,-5408,1056,-2496,-549.514,-314.182,-298.597
190539495208500,71630942482156,160,rotation-trial,-4992,1344,-2592,-133.514,-26.1818,-394.597
190539496239100,71630943480989,161,rotation-trial,-4800,1408,-1664,58.4855,37.8182,533.403
190539497218700,71630944481031,162,rotation-trial,-4320,1088,-1952,538.486,-282.182,245.403
190539498215100,71630945481031,163,rotation-trial,-4576,1152,-1984,282.486,-218.182,213.403
190539499218600,71630946480656,164,rotation-trial,-5024,1024,-2208,-165.514,-346.182,-10.5974
190539500222400,71630947480989,165,rotation-trial,-4768,1536,-2240,90.4855,165.818,-42.5974
190539501213200,71630948480947,166,rotation-trial,-5376,1312,-2016,-517.514,-58.1818,181.403
190539502211700,71630949486322,167,rotation-trial,-4416,1440,-1344,442.486,69.8182,853.403
190539503218900,71630950481072,168,rotation-trial,-5184,2048,-2752,-325.514,677.818,-554.597
190539504208400,71630951481864,169,rotation-trial,-4960,1440,-2144,-101.514,69.8182,53.4026
190539505218100,71630952480906,170,rotation-trial,-5376,1088,-1952,-517.514,-282.182,245.403
190539506210900,71630953481281,171,rotation-trial,-5152,1280,-1696,-293.514,-90.1818,501.403
190539507207500,71630954482322,172,rotation-trial,-5184,1472,-2112,-325.514,101.818,85.4026
190539508225800,71630955481031,173,rotation-trial,-4832,1504,-2272,26.4855,133.818,-74.5974
190539509222800,71630956481156,174,rotation-trial,-5344,1440,-1792,-485.514,69.8182,405.403
190539510226300,71630957480864,175,rotation-trial,-5248,1728,-2016,-389.514,357.818,181.403
190539511205700,71630958481031,176,rotation-trial,-5376,1504,-2400,-517.514,133.818,-202.597
190539512213000,71630959481947,177,rotation-trial,-4768,1344,-2080,90.4855,-26.1818,117.403
190539513222000,71630960480947,178,rotation-trial,-4672,1440,-1952,186.486,69.8182,245.403
190539514214700,71630961481031,179,rotation-trial,-4896,1600,-2176,-37.5145,229.818,21.4026
190539515227800,71630962480906,180,rotation-trial,-5088,1376,-2144,-229.514,5.81818,53.4026
190539516238600,71630963482364,181,rotation-trial,-4064,1600,-1952,794.486,229.818,245.403
190539517210000,71630964480947,182,rotation-trial,-5024,1728,-2272,-165.514,357.818,-74.5974
190539518222800,71630965482239,183,rotation-trial,-4864,992,-2080,-5.51449,-378.182,117.403
190539519221500,71630966480822,184,rotation-trial,-4544,1472,-1984,314.486,101.818,213.403
190539520208700,71630967480739,185,rotation-trial,-4480,1632,-1344,378.486,261.818,853.403
190539521209300,71630968481781,186,rotation-trial,-5216,1536,-2592,-357.514,165.818,-394.597
190539522222200,71630969481031,187,rotation-trial,-4768,1696,-1792,90.4855,325.818,405.403
190539523208400,71630970481447,188,rotation-trial,-4896,1568,-2240,-37.5145,197.818,-42.5974
190539524202600,71630971484406,189,rotation-trial,-4448,928,-1632,410.486,-442.182,565.403
190539525202800,71630972480947,190,rotation-trial,-4768,1152,-2080,90.4855,-218.182,117.403
190539526216000,71630973480489,191,rotation-trial,-4896,992,-2592,-37.5145,-378.182,-394.597
190539527212100,71630974481031,192,rotation-trial,-4544,1248,-1824,314.486,-122.182,373.403
190539528208000,71630975480822,193,rotation-trial,-5088,1248,-2048,-229.514,-122.182,149.403
190539529223500,71630976481031,194,rotation-trial,-4384,1376,-2464,474.486,5.81818,-266.597
190539530215700,71630977480781,195,rotation-trial,-4768,1760,-2592,90.4855,389.818,-394.597
190539531218700,71630978480781,196,rotation-trial,-4736,1152,-1824,122.486,-218.182,373.403
190539532222900,71630979480822,197,rotation-trial,-4928,1888,-2080,-69.5145,517.818,117.403
190539533224200,71630980480781,198,rotation-trial,-4832,1376,-2432,26.4855,5.81818,-234.597
190539534211100,71630981481072,199,rotation-trial,-4864,1568,-2048,-5.51449,197.818,149.403
190539535226700,71630982481281,200,rotation-trial,-4768,1248,-2240,90.4855,-122.182,-42.5974
190539536272900,71630983481031,201,rotation-trial,-5120,1664,-2336,-261.514,293.818,-138.597
190539537221100,71630984481156,202,rotation-trial,-5120,1632,-1888,-261.514,261.818,309.403
190539538213500,71630985480864,203,rotation-trial,-4544,1536,-2080,314.486,165.818,117.403
190539539205800,71630986480864,204,rotation-trial,-5184,992,-2080,-325.514,-378.182,117.403
190539540203700,71630987480739,205,rotation-trial,-4928,1568,-2880,-69.5145,197.818,-682.597
190539541215800,71630988483739,206,rotation-trial,-5248,1824,-2816,-389.514,453.818,-618.597
190539542207100,71630989480781,207,rotation-trial,-4672,1280,-1632,186.486,-90.1818,565.403
190539543204100,71630990481406,208,rotation-trial,-4896,1472,-2016,-37.5145,101.818,181.403
190539544201000,71630991480864,209,rotation-trial,-4832,1536,-2464,26.4855,165.818,-266.597
190539545202600,71630992480822,210,rotation-trial,-4512,1984,-2336,346.486,613.818,-138.597
190539546214400,71630993480781,211,rotation-trial,-4896,1472,-2016,-37.5145,101.818,181.403
190539547205300,71630994482364,212,rotation-trial,-5248,1312,-2080,-389.514,-58.1818,117.403
190539548201600,71630995480864,213,rotation-trial,-4672,1600,-2144,186.486,229.818,53.4026
190539549199100,71630996481072,214,rotation-trial,-5408,1600,-2432,-549.514,229.818,-234.597
190539550199000,71630997480989,215,rotation-trial,-4096,1472,-1856,762.486,101.818,341.403
190539551199000,71630998483364,216,rotation-trial,-5248,928,-2528,-389.514,-442.182,-330.597
190539552223800,71630999481114,217,rotation-trial,-5120,1440,-2432,-261.514,69.8182,-234.597
190539553211000,71631000481822,218,rotation-trial,-4672,1152,-2080,186.486,-218.182,117.403
190539554222500,71631001481322,219,rotation-trial,-4896,1216,-2432,-37.5145,-154.182,-234.597
190539555216400,71631002480864,220,rotation-trial,-4960,1312,-1472,-101.514,-58.1818,725.403
190539556214400,71631003481697,221,rotation-trial,-4864,1344,-1984,-5.51449,-26.1818,213.403
190539557209300,71631004480864,222,rotation-trial,-4608,1664,-2240,250.486,293.818,-42.5974
190539558208800,71631005481572,223,rotation-trial,-5152,1568,-2048,-293.514,197.818,149.403
190539559207600,71631006481531,224,rotation-trial,-4640,1312,-1856,218.486,-58.1818,341.403
190539560209200,71631007482447,225,rotation-trial,-4800,1568,-2528,58.4855,197.818,-330.597
190539561209600,71631008482114,226,rotation-trial,-4416,1216,-2144,442.486,-154.182,53.4026
190539562201900,71631009480989,227,rotation-trial,-5152,1120,-2112,-293.514,-250.182,85.4026
190539563204400,71631010480989,228,rotation-trial,-4992,1344,-2720,-133.514,-26.1818,-522.597
190539564209500,71631011481072,229,rotation-trial,-4672,896,-2400,186.486,-474.182,-202.597
190539565205600,71631012480947,230,rotation-trial,-5216,960,-2048,-357.514,-410.182,149.403
190539566212000,71631013480822,231,rotation-trial,-5184,1440,-2272,-325.514,69.8182,-74.5974
190539567208600,71631014480822,232,rotation-trial,-4896,1472,-2304,-37.5145,101.818,-106.597
190539568209900,71631015480989,233,rotation-trial,-4896,1472,-1728,-37.5145,101.818,469.403
190539569200400,71631016480947,234,rotation-trial,-4864,1568,-2336,-5.51449,197.818,-138.597
190539570223900,71631017480697,235,rotation-trial,-5216,1568,-2464,-357.514,197.818,-266.597
190539571229000,71631018480906,236,rotation-trial,-4512,1056,-1952,346.486,-314.182,245.403
190539572233400,71631019480739,237,rotation-trial,-4896,1600,-2304,-37.5145,229.818,-106.597
190539573212500,71631020481364,238,rotation-trial,-5472,1632,-2688,-613.514,261.818,-490.597
190539574209700,71631021481156,239,rotation-trial,-5184,1536,-2752,-325.514,165.818,-554.597
190539575224700,71631022480947,240,rotation-trial,-5120,1344,-2336,-261.514,-26.1818,-138.597
190539576222500,71631023480989,241,rotation-trial,-3872,1312,-2144,986.486,-58.1818,53.4026
190539577218400,71631024482406,242,rotation-trial,-4480,704,-1664,378.486,-666.182,533.403
190539578214800,71631025482447,243,rotation-trial,-4160,1408,-2208,698.486,37.8182,-10.5974
190539579211500,71631026480947,244,rotation-trial,-3424,512,-2048,1434.49,-858.182,149.403
190539580210800,71631027480864,245,rotation-trial,-2368,448,-1952,2490.49,-922.182,245.403
190539581207200,71631028480906,246,rotation-trial,-1632,-736,-1344,3226.49,-2106.18,853.403
190539582206900,71631029480989,247,rotation-trial,-576,-1312,-800,4282.49,-2682.18,1397.4
190539583217900,71631030482406,248,rotation-trial,-96,-2112,-608,4762.49,-3482.18,1589.4
190539584223400,71631031480822,249,rotation-trial,960,-2400,-384,5818.49,-3770.18,1813.4
