host_timestamp_ns,device_timestamp,sequence,phase,gyro_raw_x,gyro_raw_y,gyro_raw_z,gyro_corrected_x,gyro_corrected_y,gyro_corrected_z
190524423853900,71615868483565,190,bias-calibration,-5856,-3840,192,,,
190524423864200,71615869483482,191,bias-calibration,-5696,-3968,96,,,
190524423871500,71615870483357,192,bias-calibration,-6464,-3680,-576,,,
190524424470500,71615871486982,193,bias-calibration,-5984,-3680,608,,,
190524425476300,71615872486190,194,bias-calibration,-6688,-4128,-352,,,
190524426461300,71615873484940,195,bias-calibration,-7712,-3520,-704,,,
190524427468600,71615874483398,196,bias-calibration,-7392,-3552,-512,,,
190524428471800,71615875483523,197,bias-calibration,-7328,-3360,-832,,,
190524429464600,71615876483565,198,bias-calibration,-7392,-3008,-1152,,,
190524430459500,71615877483732,199,bias-calibration,-7680,-2528,-1152,,,
190524431458300,71615878484440,200,bias-calibration,-7680,-2240,-1664,,,
190524432478000,71615879483607,201,bias-calibration,-7840,-1536,-1312,,,
190524433462300,71615880483523,202,bias-calibration,-8000,-1760,-1344,,,
190524434457300,71615881483482,203,bias-calibration,-8384,-608,-2112,,,
190524435471800,71615882483398,204,bias-calibration,-6944,-704,-1696,,,
190524436463700,71615883484898,205,bias-calibration,-8096,-224,-2400,,,
190524437464100,71615884483315,206,bias-calibration,-7680,224,-1952,,,
190524438460700,71615885483315,207,bias-calibration,-6912,160,-2112,,,
190524439453300,71615886483399,208,bias-calibration,-7200,1440,-2848,,,
190524440453300,71615887483649,209,bias-calibration,-6464,1152,-2112,,,
190524441454800,71615888483649,210,bias-calibration,-6368,1600,-2976,,,
190524442455600,71615889483607,211,bias-calibration,-6176,2112,-3008,,,
190524443453700,71615890485024,212,bias-calibration,-5760,2688,-3232,,,
190524444577900,71615891484982,213,bias-calibration,-6048,2624,-2400,,,
190524445466400,71615892483482,214,bias-calibration,-4480,3520,-3264,,,
190524446484800,71615893483024,215,bias-calibration,-4896,3552,-3584,,,
190524447456600,71615894483482,216,bias-calibration,-4096,3712,-2752,,,
190524448468400,71615895485940,217,bias-calibration,-4256,4032,-3200,,,
190524449486700,71615896483399,218,bias-calibration,-4384,4032,-3744,,,
190524450567500,71615897483357,219,bias-calibration,-2688,4288,-3744,,,
190524451470000,71615898483857,220,bias-calibration,-3072,4096,-2880,,,
190524452460400,71615899483649,221,bias-calibration,-2368,4256,-3264,,,
190524453462400,71615900483482,222,bias-calibration,-2592,4992,-3072,,,
190524454462500,71615901484649,223,bias-calibration,-1984,4704,-3168,,,
190524455459700,71615902483482,224,bias-calibration,-1472,4672,-3008,,,
190524456472800,71615903484357,225,bias-calibration,-992,4544,-2880,,,
190524457466500,71615904483399,226,bias-calibration,-1632,4512,-3648,,,
190524458463500,71615905483440,227,bias-calibration,-640,4992,-2368,,,
190524459455200,71615906483690,228,bias-calibration,-1408,4672,-3296,,,
190524460473000,71615907483982,229,bias-calibration,-1184,4192,-2784,,,
190524461480200,71615908485065,230,bias-calibration,-1184,4512,-3072,,,
190524462472600,71615909483565,231,bias-calibration,-1664,4032,-2720,,,
190524463466500,71615910483524,232,bias-calibration,-1600,3616,-2496,,,
190524464492200,71615911483565,233,bias-calibration,-1696,4064,-2592,,,
190524465474300,71615912485065,234,bias-calibration,-1952,3456,-2176,,,
190524466477100,71615913483774,235,bias-calibration,-2272,3296,-2400,,,
190524467484700,71615914483440,236,bias-calibration,-2112,2784,-2432,,,
190524468465700,71615915483357,237,bias-calibration,-2496,2976,-1888,,,
190524469475000,71615916483482,238,bias-calibration,-3584,2208,-1952,,,
190524470461400,71615917483399,239,bias-calibration,-3552,2496,-2368,,,
190524471462400,71615918485149,240,bias-calibration,-3520,1696,-1920,,,
190524472461600,71615919485065,241,bias-calibration,-4800,1696,-2464,,,
190524473461600,71615920487440,242,bias-calibration,-4928,1408,-2464,,,
190524474585500,71615921487774,243,bias-calibration,-5280,1056,-2016,,,
190524475575300,71615922491107,244,bias-calibration,-5216,1024,-2432,,,
190524476594500,71615923494399,245,bias-calibration,-5280,864,-2080,,,
190524477606800,71615924494524,246,bias-calibration,-5472,-1312,-1664,,,
190524478467100,71615925487607,247,bias-calibration,-6240,-2016,-2464,,,
190524479608600,71615926488065,248,bias-calibration,-7296,-3232,-2688,,,
190524480605200,71615927485065,249,bias-calibration,-6624,-3520,-1920,,,
190524481585300,71615928489774,250,bias-calibration,-7040,-4384,-1728,,,
190524482586800,71615929491190,251,bias-calibration,-6944,-4128,-2496,,,
190524483594300,71615930485482,252,bias-calibration,-7328,-4896,-1504,,,
190524484455300,71615931487149,253,bias-calibration,-7104,-4896,-1088,,,
190524485597900,71615932486107,254,bias-calibration,-6240,-4864,-288,,,
190524486680500,71615933486899,255,bias-calibration,-8000,-5024,-480,,,
190524487576700,71615934489899,0,bias-calibration,-9184,-5056,-288,,,
190524488469600,71615935486315,1,bias-calibration,-8992,-6048,480,,,
190524489586900,71615936488774,2,bias-calibration,-9376,-6208,64,,,
190524490461400,71615937488815,3,bias-calibration,-9696,-6400,-192,,,
190524491470300,71615938485982,4,bias-calibration,-9568,-6592,-128,,,
190524492459400,71615939486232,5,bias-calibration,-10240,-6720,-96,,,
190524493503400,71615940484815,6,bias-calibration,-9472,-6560,-800,,,
190524494468600,71615941485774,7,bias-calibration,-9760,-5952,-128,,,
190524495455400,71615942489732,8,bias-calibration,-9120,-5856,-192,,,
190524496463000,71615943485107,9,bias-calibration,-9344,-5248,-448,,,
190524497462900,71615944485649,10,bias-calibration,-8096,-4896,-128,,,
190524498462300,71615945483565,11,bias-calibration,-8064,-4512,64,,,
190524499580600,71615946487524,12,bias-calibration,-6912,-3872,576,,,
190524500459500,71615947489107,13,bias-calibration,-7584,-3072,608,,,
190524501462800,71615948487940,14,bias-calibration,-6944,-2624,-64,,,
190524502587800,71615949487190,15,bias-calibration,-6976,-2208,352,,,
190524503656900,71615950489440,16,bias-calibration,-6560,-1856,-576,,,
190524504459700,71615951487357,17,bias-calibration,-6112,-1728,-320,,,
190524505460900,71615952490440,18,bias-calibration,-5664,-992,-1312,,,
190524506455300,71615953485815,19,bias-calibration,-5248,-832,-1664,,,
190524508113200,71615954487857,20,bias-calibration,-4864,544,-2432,,,
190524508454000,71615955488149,21,bias-calibration,-4160,736,-1472,,,
190524509884800,71615956490274,22,bias-calibration,-4064,1152,-3104,,,
190524510453900,71615957485815,23,bias-calibration,-2560,2080,-2208,,,
190524511456500,71615958489940,24,bias-calibration,-2880,2400,-2432,,,
190524512589100,71615959491357,25,bias-calibration,-2144,3040,-3232,,,
190524513579600,71615960490440,26,bias-calibration,-1984,3744,-3328,,,
190524514863100,71615961491065,27,bias-calibration,-1696,3904,-3296,,,
190524515575000,71615962493607,28,bias-calibration,-2080,4672,-4128,,,
190524516471700,71615963485607,29,bias-calibration,-2176,5312,-4096,,,
190524517449000,71615964486357,30,bias-calibration,-2464,5472,-4128,,,
190524518457800,71615965485607,31,bias-calibration,-2208,5856,-5216,,,
190524519666700,71615966488357,32,bias-calibration,-2496,5952,-4352,,,
190524520583800,71615967494649,33,bias-calibration,-2816,6720,-4960,,,
190524521584600,71615968492732,34,bias-calibration,-2144,7072,-4480,,,
190524522466200,71615969488399,35,bias-calibration,-2464,6912,-4032,,,
190524523462300,71615970486357,36,bias-calibration,-2176,7200,-4896,,,
190524524465200,71615971488815,37,bias-calibration,-1888,7584,-5088,,,
190524525585700,71615972489565,38,bias-calibration,-2112,7104,-4640,,,
190524526588600,71615973487440,39,bias-calibration,-1920,7424,-4928,,,
190524527582500,71615974492899,40,bias-calibration,-2496,7584,-4320,,,
190524528460000,71615975488690,41,bias-calibration,-1920,7456,-5088,,,
190524529458900,71615976483774,42,bias-calibration,-2368,6400,-4128,,,
190524530461900,71615977483940,43,bias-calibration,-2656,6336,-4960,,,
190524531463600,71615978483607,44,bias-calibration,-2848,6464,-4896,,,
190524532486000,71615979483690,45,bias-calibration,-2496,5984,-3872,,,
190524533457900,71615980484982,46,bias-calibration,-3072,5696,-3616,,,
190524534458000,71615981484065,47,bias-calibration,-2592,5440,-4000,,,
190524535699500,71615982483732,48,bias-calibration,-2304,5184,-2624,,,
190524536458800,71615983483357,49,bias-calibration,-2592,5120,-2944,,,
190524537458800,71615984484190,50,bias-calibration,-2432,4544,-3232,,,
190524538469900,71615985483482,51,bias-calibration,-2048,4256,-2688,,,
190524539559200,71615986483440,52,bias-calibration,-1984,4320,-2656,,,
190524540551200,71615987484232,53,bias-calibration,-1408,3552,-2048,,,
190524541562800,71615988483482,54,bias-calibration,-1472,3232,-2336,,,
190524542525200,71615989483274,55,bias-calibration,-1376,3360,-2688,,,
190524543571500,71615990483732,56,bias-calibration,-800,3232,-2144,,,
190524544564700,71615991483607,57,bias-calibration,-576,2528,-2016,,,
190524545559000,71615992483649,58,bias-calibration,-544,2816,-2144,,,
190524546576200,71615993483524,59,bias-calibration,224,2848,-1888,,,
190524547551300,71615994483649,60,bias-calibration,512,2496,-1792,,,
190524548584000,71615995483440,61,bias-calibration,576,2240,-2272,,,
190524549456700,71615996483482,62,bias-calibration,864,2656,-1536,,,
190524550583700,71615997483524,63,bias-calibration,1568,2688,-1504,,,
190524551457000,71615998483399,64,bias-calibration,2304,2624,-1760,,,
190524552461100,71615999483357,65,bias-calibration,1824,3072,-2272,,,
190524553460800,71616000483440,66,bias-calibration,2304,3168,-1920,,,
190524554464200,71616001483065,67,bias-calibration,2816,3360,-2048,,,
190524555460300,71616002483649,68,bias-calibration,3840,3392,-1600,,,
190524556460300,71616003483524,69,bias-calibration,3584,3424,-1952,,,
190524557458400,71616004483565,70,bias-calibration,3328,4416,-2816,,,
190524558460300,71616005483524,71,bias-calibration,4352,4224,-2432,,,
190524559458300,71616006483315,72,bias-calibration,4416,4608,-2528,,,
190524560460200,71616007483524,73,bias-calibration,4288,4832,-3072,,,
190524561460200,71616008483440,74,bias-calibration,6944,-128,-1856,,,
190524562460200,71616009483524,75,bias-calibration,5760,1504,-1344,,,
190524563565600,71616010483399,76,bias-calibration,5760,4608,-1312,,,
190524564460400,71616011483399,77,bias-calibration,5472,7264,-864,,,
190524565459000,71616012485149,78,bias-calibration,5632,8256,-1280,,,
190524566548900,71616013483232,79,bias-calibration,5664,8064,-2208,,,
190524567458300,71616014483440,80,bias-calibration,6048,7744,-2528,,,
190524568461100,71616015483482,81,bias-calibration,6176,8000,-4544,,,
190524569460200,71616016483565,82,bias-calibration,5952,8640,-3872,,,
190524570606300,71616017483565,83,bias-calibration,6400,8928,-5312,,,
190524571531000,71616018483482,84,bias-calibration,5728,8896,-5088,,,
190524572533600,71616019483399,85,bias-calibration,5728,8672,-5280,,,
190524573529700,71616020484940,86,bias-calibration,4960,8256,-5504,,,
190524574562200,71616021483315,87,bias-calibration,4896,8320,-5024,,,
190524575476800,71616022483440,88,bias-calibration,4672,8704,-4960,,,
190524576465300,71616023483440,89,bias-calibration,3392,8896,-5344,,,
190524577461600,71616024483357,90,bias-calibration,3328,9600,-4992,,,
190524578471100,71616025485065,91,bias-calibration,3136,9760,-5088,,,
190524579466900,71616026483565,92,bias-calibration,3296,9984,-5504,,,
190524580462000,71616027483524,93,bias-calibration,2720,10016,-5760,,,
190524581461400,71616028483482,94,bias-calibration,2368,10240,-5952,,,
190524582461500,71616029483399,95,bias-calibration,1664,10240,-5696,,,
190524583461300,71616030484399,96,bias-calibration,1344,10144,-4960,,,
190524584461300,71616031484899,97,bias-calibration,1376,9952,-4672,,,
190524585461400,71616032483357,98,bias-calibration,928,9888,-3872,,,
190524586476700,71616033483357,99,bias-calibration,192,9056,-4320,,,
190524587467600,71616034483440,100,bias-calibration,0,8928,-5248,,,
190524588460600,71616035483315,101,bias-calibration,-192,8960,-4800,,,
190524589461900,71616036484399,102,bias-calibration,-896,9088,-5344,,,
190524590461200,71616037483607,103,bias-calibration,-992,9056,-6080,,,
190524591461600,71616038483524,104,bias-calibration,-1952,8128,-6016,,,
190524592457300,71616039483565,105,bias-calibration,-2336,7552,-6304,,,
190524593461600,71616040483482,106,bias-calibration,-2144,7328,-4800,,,
190524594461400,71616041485190,107,bias-calibration,-2848,7520,-4736,,,
190524595461400,71616042483440,108,bias-calibration,-3776,7264,-4288,,,
190524596461200,71616043483357,109,bias-calibration,-4000,6976,-3552,,,
190524597461300,71616044483482,110,bias-calibration,-5696,6752,-3232,,,
190524598461900,71616045483315,111,bias-calibration,-6304,6880,-2912,,,
190524599460500,71616046483607,112,bias-calibration,-6432,6560,-3008,,,
190524600459400,71616047483232,113,bias-calibration,-7520,6368,-3136,,,
190524601461000,71616048483232,114,bias-calibration,-8000,6016,-3392,,,
190524602460000,71616049483899,115,bias-calibration,-8256,5312,-2784,,,
190524603559800,71616050483524,116,bias-calibration,-9216,5248,-3584,,,
190524604559500,71616051483524,117,bias-calibration,-9280,4704,-3136,,,
190524605619400,71616052483440,118,bias-calibration,-10400,4288,-3968,,,
190524606579900,71616053483899,119,bias-calibration,-9664,3776,-2976,,,
190524607594800,71616054483565,120,bias-calibration,-10688,3872,-3008,,,
190524608549600,71616055483399,121,bias-calibration,-10816,3584,-2912,,,
190524609592000,71616056483440,122,bias-calibration,-10688,3424,-2880,,,
190524610548900,71616057483315,123,bias-calibration,-10912,2688,-2656,,,
190524611562600,71616058483399,124,bias-calibration,-10656,2464,-2944,,,
190524612551900,71616059483649,125,bias-calibration,-11424,2080,-2848,,,
190524613598000,71616060484274,126,bias-calibration,-11168,2016,-2784,,,
190524614550400,71616061483524,127,bias-calibration,-11584,1888,-2688,,,
190524615606200,71616062483399,128,bias-calibration,-11424,1376,-2688,,,
190524616558800,71616063483399,129,bias-calibration,-12000,1376,-3264,,,
190524617587100,71616064483482,130,bias-calibration,-11744,1440,-2912,,,
190524618458700,71616065483524,131,bias-calibration,-12320,1280,-2464,,,
190524619563900,71616066484815,132,bias-calibration,-12064,736,-2464,,,
190524620457800,71616067483357,133,bias-calibration,-11776,192,-2304,,,
190524621459700,71616068484732,134,bias-calibration,-12096,-128,-2080,,,
190524622460600,71616069483399,135,bias-calibration,-12160,64,-2368,,,
190524623460600,71616070483315,136,bias-calibration,-12224,-256,-2272,,,
190524624460700,71616071483732,137,bias-calibration,-13632,-800,-2592,,,
190524625460900,71616072484107,138,bias-calibration,-13024,-1568,-2016,,,
190524626461000,71616073483565,139,bias-calibration,-13248,-1600,-1984,,,
190524627460600,71616074483565,140,bias-calibration,-13216,-1856,-2048,,,
190524628458600,71616075483440,141,bias-calibration,-14144,-1824,-1728,,,
190524629460800,71616076483440,142,bias-calibration,-14016,-2464,-1120,,,
190524630460600,71616077483899,143,bias-calibration,-14816,-2400,-1472,,,
190524631458800,71616078484857,144,bias-calibration,-14976,-2368,-1248,,,
190524632460700,71616079483357,145,bias-calibration,-14528,-2848,-928,,,
190524633460800,71616080483899,146,bias-calibration,-14560,-3424,-288,,,
190524634458700,71616081483440,147,bias-calibration,-14848,-3520,-416,,,
190524635465200,71616082483357,148,bias-calibration,-14624,-3872,-224,,,
190524636463500,71616083483524,149,bias-calibration,-14432,-4064,-1120,,,
190524637459800,71616084483482,150,bias-calibration,-13152,-4480,-192,,,
190524638461200,71616085483065,151,bias-calibration,-13920,-4192,-704,,,
190524639459000,71616086483482,152,bias-calibration,-13248,-5120,-64,,,
190524640461300,71616087483524,153,bias-calibration,-13056,-4960,-992,,,
190524641461000,71616088483357,154,bias-calibration,-12064,-5536,480,,,
190524642461000,71616089483440,155,bias-calibration,-12064,-5696,-32,,,
190524643461000,71616090483607,156,bias-calibration,-12224,-5664,-416,,,
190524644461000,71616091483440,157,bias-calibration,-11744,-5760,-128,,,
190524645458900,71616092483274,158,bias-calibration,-10688,-6176,128,,,
190524646461000,71616093483315,159,bias-calibration,-9920,-6304,544,,,
190524647459200,71616094484649,160,bias-calibration,-9536,-6016,-256,,,
190524648460900,71616095483524,161,bias-calibration,-9536,-5568,-32,,,
190524649461000,71616096483524,162,bias-calibration,-8096,-5760,480,,,
190524650465600,71616097483440,163,bias-calibration,-7552,-5952,672,,,
190524651464200,71616098483524,164,bias-calibration,-7424,-5856,-64,,,
190524652462000,71616099483565,165,bias-calibration,-6816,-5408,0,,,
190524653461100,71616100483690,166,bias-calibration,-6624,-5600,480,,,
190524654461400,71616101483649,167,bias-calibration,-6112,-5120,64,,,
190524655461000,71616102483399,168,bias-calibration,-5888,-5024,-160,,,
190524656458900,71616103483357,169,bias-calibration,-5184,-4320,384,,,
190524657459200,71616104483274,170,bias-calibration,-5184,-4160,-672,,,
190524658460900,71616105483565,171,bias-calibration,-4928,-3392,-320,,,
190524659461000,71616106483524,172,bias-calibration,-4608,-2880,-352,,,
190524660460700,71616107483482,173,bias-calibration,-4224,-2560,-352,,,
190524661460900,71616108483482,174,bias-calibration,-4128,-2400,-640,,,
190524662461100,71616109483440,175,bias-calibration,-3488,-1440,-576,,,
190524663461100,71616110483607,176,bias-calibration,-2816,-768,-896,,,
190524664460800,71616111483357,177,bias-calibration,-2656,-192,-1472,,,
190524665460900,71616112483357,178,bias-calibration,-3200,352,-1792,,,
190524666464600,71616113485315,179,bias-calibration,-3392,832,-1696,,,
190524667463500,71616114483440,180,bias-calibration,-2848,1536,-1504,,,
190524668456500,71616115483440,181,bias-calibration,-3008,2048,-1504,,,
190524669456500,71616116483274,182,bias-calibration,-2176,2688,-1824,,,
190524670463500,71616117483482,183,bias-calibration,-2976,2912,-2496,,,
190524671467500,71616118483524,184,bias-calibration,-2944,3232,-2336,,,
190524672472300,71616119483440,185,bias-calibration,-3040,3296,-3392,,,
190524673464000,71616120485649,186,bias-calibration,-3072,4352,-3296,,,
190524674461800,71616121483440,187,bias-calibration,-3296,4192,-3840,,,
190524675463400,71616122483440,188,bias-calibration,-3584,4672,-4256,,,
190524676463300,71616123483482,189,bias-calibration,-3904,5184,-3712,,,
190524677464000,71616124483440,190,bias-calibration,-3168,5536,-4032,,,
190524678466100,71616125483607,191,bias-calibration,-3840,5600,-4864,,,
190524679466300,71616126483399,192,bias-calibration,-3200,5344,-4384,,,
190524680463500,71616127483232,193,bias-calibration,-4032,6112,-4352,,,
190524681464900,71616128483315,194,bias-calibration,-3744,6240,-4320,,,
190524682464700,71616129483482,195,bias-calibration,-3520,6176,-4512,,,
190524683463600,71616130484607,196,bias-calibration,-3424,6048,-4992,,,
190524684460600,71616131484107,197,bias-calibration,-3392,6208,-4352,,,
190524685460500,71616132483399,198,bias-calibration,-3584,5920,-4576,,,
190524686460800,71616133483440,199,bias-calibration,-3904,5600,-4416,,,
190524687462200,71616134483399,200,bias-calibration,-3424,5792,-4320,,,
190524688464400,71616135483440,201,bias-calibration,-2912,5248,-4160,,,
190524689465800,71616136483399,202,bias-calibration,-2752,4928,-3872,,,
190524690464200,71616137483315,203,bias-calibration,-2464,4256,-3456,,,
190524691465500,71616138484107,204,bias-calibration,-2112,4416,-3776,,,
190524692463800,71616139483274,205,bias-calibration,-2272,3392,-3776,,,
190524693465900,71616140482899,206,bias-calibration,-1440,3264,-3168,,,
190524694466400,71616141483524,207,bias-calibration,-1568,2816,-2432,,,
190524695466100,71616142483399,208,bias-calibration,-1696,2368,-2816,,,
190524696465900,71616143483565,209,bias-calibration,-384,1536,-2144,,,
190524697465700,71616144483482,210,bias-calibration,96,1088,-1216,,,
190524698469100,71616145484232,211,bias-calibration,-512,32,-1568,,,
190524699454300,71616146483482,212,bias-calibration,64,-256,-640,,,
190524700462000,71616147483357,213,bias-calibration,576,-640,-448,,,
190524701461300,71616148484065,214,bias-calibration,800,-1632,128,,,
190524702461100,71616149483440,215,bias-calibration,416,-1664,-1024,,,
190524703461400,71616150483440,216,bias-calibration,832,-2336,448,,,
190524704461200,71616151483357,217,bias-calibration,1536,-3104,-160,,,
190524705461000,71616152483482,218,bias-calibration,1568,-3712,288,,,
190524706460800,71616153483607,219,bias-calibration,1472,-3712,768,,,
190524707460900,71616154483440,220,bias-calibration,992,-3872,928,,,
190524708461000,71616155483482,221,bias-calibration,1280,-4448,1216,,,
190524709460900,71616156483482,222,bias-calibration,1248,-4480,896,,,
190524710459900,71616157484607,223,bias-calibration,480,-4832,1600,,,
190524711460700,71616158483440,224,bias-calibration,704,-4992,896,,,
190524712459100,71616159483357,225,bias-calibration,-352,-4736,1312,,,
190524713461000,71616160483524,226,bias-calibration,-672,-5312,1216,,,
190524714452600,71616161485232,227,bias-calibration,-992,-4608,576,,,
190524715455500,71616162483274,228,bias-calibration,-1600,-4960,704,,,
190524716461000,71616163484190,229,bias-calibration,-2432,-4512,704,,,
190524717462000,71616164483440,230,bias-calibration,-3296,-4032,608,,,
190524718461200,71616165483565,231,bias-calibration,-3552,-3584,512,,,
190524719461200,71616166483690,232,bias-calibration,-5152,-3232,32,,,
190524720461000,71616167484982,233,bias-calibration,-5248,-3040,-320,,,
190524721459300,71616168483440,234,bias-calibration,-6176,-2368,-864,,,
190524722459000,71616169483315,235,bias-calibration,-7040,-1600,-480,,,
190524723458900,71616170483399,236,bias-calibration,-7232,-608,-1376,,,
190524724460700,71616171483399,237,bias-calibration,-8288,-320,-1856,,,
190524725460900,71616172483357,238,bias-calibration,-9344,416,-1920,,,
190524726461000,71616173483399,239,bias-calibration,-10080,640,-2080,,,
190524727460900,71616174483232,240,bias-calibration,-10784,832,-3104,,,
190524728461100,71616175483524,241,bias-calibration,-9472,-448,-2272,,,
190524729460800,71616176483524,242,bias-calibration,-10464,896,-1824,,,
190524730452000,71616177484607,243,bias-calibration,-11296,2592,-1824,,,
190524731456400,71616178483440,244,bias-calibration,-12000,4160,-2272,,,
190524732450700,71616179483357,245,bias-calibration,-13248,5792,-3488,,,
190524733451700,71616180483524,246,bias-calibration,-12960,5792,-3424,,,
190524734450100,71616181483315,247,bias-calibration,-12832,5920,-4032,,,
190524735449400,71616182484524,248,bias-calibration,-12800,6624,-5216,,,
190524736452000,71616183483399,249,bias-calibration,-12896,7136,-5280,,,
190524737456600,71616184483357,250,bias-calibration,-12928,7008,-5568,,,
190524738451000,71616185486232,251,bias-calibration,-12544,7328,-6528,,,
190524739450800,71616186483482,252,bias-calibration,-12128,7008,-5632,,,
190524740447100,71616187483482,253,bias-calibration,-11648,6336,-5568,,,
190524741450100,71616188483399,254,bias-calibration,-11264,6816,-5824,,,
190524742451300,71616189486024,255,bias-calibration,-10432,6272,-6080,,,
190524743449200,71616190483649,0,bias-calibration,-9888,6048,-5376,,,
190524744461300,71616191483482,1,bias-calibration,-8896,5600,-5184,,,
190524745465600,71616192483357,2,bias-calibration,-7872,5792,-4896,,,
190524746465600,71616193483274,3,bias-calibration,-6752,5216,-4832,,,
190524747462600,71616194482982,4,bias-calibration,-6496,5152,-3840,,,
190524748461800,71616195483399,5,bias-calibration,-5312,4096,-4096,,,
190524749461600,71616196483232,6,bias-calibration,-4160,3456,-3008,,,
190524750465300,71616197483357,7,bias-calibration,-3488,2048,-2112,,,
190524751466200,71616198483607,8,bias-calibration,-1984,1120,-864,,,
190524752466200,71616199483107,9,bias-calibration,-1152,-320,-832,,,
190524753465900,71616200483607,10,bias-calibration,448,-1664,416,,,
190524754464700,71616201483357,11,bias-calibration,1344,-3456,512,,,
190524755465800,71616202483732,12,bias-calibration,2752,-4736,768,,,
190524756465800,71616203483440,13,bias-calibration,3584,-6624,1120,,,
190524757463700,71616204485815,14,bias-calibration,3744,-7776,1888,,,
190524758471100,71616205483399,15,bias-calibration,3936,-9760,2784,,,
190524759462300,71616206483274,16,bias-calibration,4128,-10624,2688,,,
190524760462400,71616207484315,17,bias-calibration,4992,-12352,3968,,,
190524761464400,71616208483190,18,bias-calibration,4480,-13472,5056,,,
190524762462200,71616209483232,19,bias-calibration,4672,-14880,6368,,,
190524763463000,71616210483482,20,bias-calibration,4800,-16032,6688,,,
190524764461600,71616211483440,21,bias-calibration,3168,-17792,7872,,,
190524765460500,71616212483524,22,bias-calibration,3648,-18912,8256,,,
190524766462200,71616213483357,23,bias-calibration,2336,-19616,8416,,,
190524767610200,71616214485774,24,bias-calibration,2016,-20928,9024,,,
190524768460300,71616215483357,25,bias-calibration,1344,-22560,9920,,,
190524769462200,71616216483482,26,bias-calibration,448,-23456,9600,,,
190524770462700,71616217483315,27,bias-calibration,-480,-25056,10080,,,
190524771464500,71616218483315,28,bias-calibration,-1568,-25952,10496,,,
190524772463800,71616219484940,29,bias-calibration,-2848,-26432,9728,,,
190524773463500,71616220483315,30,bias-calibration,-4096,-27584,10240,,,
190524774465200,71616221483440,31,bias-calibration,-4832,-28096,9792,,,
190524775465300,71616222483607,32,bias-calibration,-6336,-28224,10496,,,
190524776465200,71616223483482,33,bias-calibration,-4416,-26528,10368,,,
190524777468500,71616224483482,34,bias-calibration,-2976,-24544,10368,,,
190524778457700,71616225484024,35,bias-calibration,-8992,-25088,10816,,,
190524779459900,71616226485899,36,bias-calibration,-9792,-26816,12672,,,
190524780459800,71616227483399,37,bias-calibration,-12032,-28576,12960,,,
190524781461100,71616228483399,38,bias-calibration,-13504,-27776,12960,,,
190524782459600,71616229483274,39,bias-calibration,-12224,-26304,13312,,,
190524783461000,71616230493607,40,bias-calibration,-12928,-24928,12736,,,
190524784460700,71616231484274,41,bias-calibration,-14208,-24768,12544,,,
190524785461800,71616232483315,42,bias-calibration,-14272,-24704,13152,,,
190524786460800,71616233483440,43,bias-calibration,-14240,-24192,13088,,,
190524787460800,71616234483482,44,bias-calibration,-15584,-23648,13184,,,
190524788458800,71616235483607,45,bias-calibration,-15200,-22144,13920,,,
190524789458600,71616236484065,46,bias-calibration,-15968,-21856,13952,,,
190524790460800,71616237483524,47,bias-calibration,-16512,-21056,13856,,,
190524791460900,71616238483607,48,bias-calibration,-16192,-20256,13984,,,
190524792460900,71616239483440,49,bias-calibration,-15968,-18880,13216,,,
190524793455300,71616240483315,50,bias-calibration,-16192,-17440,13792,,,
190524794454900,71616241483065,51,bias-calibration,-15712,-16704,14016,,,
190524795464200,71616242483524,52,bias-calibration,-16000,-15008,14016,,,
190524796462400,71616243483315,53,bias-calibration,-15040,-15136,15136,,,
190524797461300,71616244485024,54,bias-calibration,-14528,-13920,15456,,,
190524798461000,71616245484065,55,bias-calibration,-13888,-13536,15360,,,
190524799460900,71616246485690,56,bias-calibration,-13120,-12448,16320,,,
190524800460900,71616247483524,57,bias-calibration,-9856,-11488,16032,,,
190524801461000,71616248483482,58,bias-calibration,-10880,-10656,17440,,,
190524802458900,71616249483607,59,bias-calibration,-9376,-9920,17312,,,
190524803469400,71616250483524,60,bias-calibration,-8192,-9504,17856,,,
190524804460900,71616251483399,61,bias-calibration,-9152,-8960,18304,,,
190524805460700,71616252483357,62,bias-calibration,-8352,-7904,18208,,,
190524806460800,71616253483190,63,bias-calibration,-9472,-6464,17504,,,
190524807460600,71616254483357,64,bias-calibration,-4960,-5472,17888,,,
190524808460800,71616255483232,65,bias-calibration,-6848,-5568,18336,,,
190524809455400,71616256484607,66,bias-calibration,-5952,-4704,17696,,,
190524810460400,71616257483440,67,bias-calibration,-4288,-4384,18144,,,
190524811462800,71616258483399,68,bias-calibration,-4576,-3360,17568,,,
190524812461000,71616259483482,69,bias-calibration,-4000,-3296,18528,,,
190524813459000,71616260483399,70,bias-calibration,-4576,-3104,18240,,,
190524814460600,71616261483399,71,bias-calibration,-4512,-2464,17952,,,
190524815460700,71616262483399,72,bias-calibration,-5824,-2816,17792,,,
190524816458800,71616263483357,73,bias-calibration,-5760,-2304,17536,,,
190524817458800,71616264483399,74,bias-calibration,-6080,-2144,17152,,,
190524818460800,71616265483440,75,bias-calibration,-6688,-1312,17472,,,
190524819459000,71616266483440,76,bias-calibration,-7040,-1312,16928,,,
190524820460800,71616267484232,77,bias-calibration,-9088,-992,17728,,,
190524821459600,71616268483565,78,bias-calibration,-9440,-1152,17824,,,
190524822460500,71616269483565,79,bias-calibration,-9760,-1728,17536,,,
190524823458500,71616270483440,80,bias-calibration,-10272,-1600,17856,,,
190524824458700,71616271483399,81,bias-calibration,-12288,-1504,17984,,,
190524825794500,71616272483440,82,bias-calibration,-70816,-5024,23424,,,
190524827838200,71616273486940,83,bias-calibration,-56896,-6816,28416,,,
190524827857500,71616274483399,84,bias-calibration,-14240,-9472,33696,,,
190524829567500,71616275483274,85,bias-calibration,-55520,-9856,39744,,,
190524829578600,71616276483274,86,bias-calibration,-83456,-14272,46336,,,
190524830467100,71616277483274,87,bias-calibration,-46912,-13504,52576,,,
190524831458500,71616278483274,88,bias-calibration,-49344,-14816,59360,,,
190524832455300,71616279483524,89,bias-calibration,-88160,-16832,68320,,,
190524833461600,71616280484857,90,bias-calibration,-87456,-19776,75456,,,
190524834469900,71616281484940,91,bias-calibration,-70048,-26336,82080,,,
190524835459800,71616282483440,92,bias-calibration,-84288,-34560,89472,,,
190524836459200,71616283483482,93,bias-calibration,-102784,-43232,95584,,,
190524837462300,71616284483565,94,bias-calibration,-90400,-50752,102656,,,
190524838462600,71616285484690,95,bias-calibration,-83456,-56544,108704,,,
190524839466000,71616286483565,96,bias-calibration,-98176,-62752,115680,,,
190524840457300,71616287483357,97,bias-calibration,-100928,-69120,121792,,,
190524841465100,71616288483107,98,bias-calibration,-89504,-75776,127840,,,
190524842466100,71616289483315,99,bias-calibration,-87968,-82720,133824,,,
190524843461400,71616290483524,100,bias-calibration,-98560,-89760,141856,,,
190524844462800,71616291485232,101,bias-calibration,-94336,-96224,148000,,,
190524845462000,71616292483482,102,bias-calibration,-84096,-99872,154432,,,
190524846463300,71616293483524,103,bias-calibration,-91680,-105280,162112,,,
190524847465400,71616294483315,104,bias-calibration,-95776,-111456,169408,,,
190524848464800,71616295483232,105,bias-calibration,-85120,-118048,175744,,,
190524849466100,71616296483482,106,bias-calibration,-85952,-125248,183296,,,
190524850465500,71616297484315,107,bias-calibration,-89152,-132416,189888,,,
190524851463700,71616298483149,108,bias-calibration,-78880,-138528,196736,,,
190524852465100,71616299483357,109,bias-calibration,-79008,-144320,204608,,,
190524853465700,71616300483315,110,bias-calibration,-82752,-150720,211328,,,
190524854464700,71616301483274,111,bias-calibration,-78112,-157600,217472,,,
190524855465900,71616302483524,112,bias-calibration,-72512,-164992,223200,,,
190524856465600,71616303483440,113,bias-calibration,-74752,-171776,229536,,,
190524857465100,71616304484857,114,bias-calibration,-69888,-177440,234688,,,
190524858464000,71616305483440,115,bias-calibration,-65248,-181632,240192,,,
190524859462800,71616306483524,116,bias-calibration,-69792,-186592,244832,,,
190524860462400,71616307483357,117,bias-calibration,-68928,-190880,248736,,,
190524861581400,71616308482982,118,bias-calibration,-64512,-195296,252384,,,
190524862458200,71616309483357,119,bias-calibration,-70208,-200448,256160,,,
190524863462700,71616310492940,120,bias-calibration,-68416,-204448,259296,,,
190524864464700,71616311483357,121,bias-calibration,-66112,-207648,262016,,,
190524865465600,71616312483232,122,bias-calibration,-72160,-211200,265568,,,
190524866465900,71616313483524,123,bias-calibration,-78240,-215040,268096,,,
190524867602700,71616314483524,124,bias-calibration,-78304,-219008,271968,,,
190524868457200,71616315483482,125,bias-calibration,-76992,-223168,275008,,,
190524869453600,71616316483482,126,bias-calibration,-83872,-227392,278592,,,
190524870463200,71616317483399,127,bias-calibration,-91776,-231264,282720,,,
190524871465600,71616318483482,128,bias-calibration,-95552,-234432,286304,,,
190524872462800,71616319483399,129,bias-calibration,-100800,-236992,291008,,,
190524873458100,71616320483649,130,bias-calibration,-104928,-239040,295264,,,
190524874467700,71616321483315,131,bias-calibration,-110528,-240352,299072,,,
190524875462200,71616322483274,132,bias-calibration,-112704,-243040,303456,,,
190524876461000,71616323483440,133,bias-calibration,-114528,-245728,308384,,,
190524877459600,71616324483274,134,bias-calibration,-119392,-247392,312096,,,
190524878462100,71616325483315,135,bias-calibration,-123808,-249216,316416,,,
190524879461000,71616326483524,136,bias-calibration,-126080,-251680,321504,,,
190524880460900,71616327483399,137,bias-calibration,-132352,-254656,324160,,,
190524881460700,71616328483357,138,bias-calibration,-136000,-257984,328192,,,
190524882460800,71616329483399,139,bias-calibration,-135936,-261216,330880,,,
190524883460800,71616330484357,140,bias-calibration,-138976,-264672,333664,,,
190524884460900,71616331483357,141,bias-calibration,-141632,-267392,337056,,,
190524885461100,71616332483315,142,bias-calibration,-139872,-270048,338336,,,
190524886460900,71616333483399,143,bias-calibration,-140480,-271776,341184,,,
190524887459800,71616334484024,144,bias-calibration,-142944,-274208,343808,,,
190524888458900,71616335483107,145,bias-calibration,-142656,-277024,345984,,,
190524889454500,71616336483565,146,bias-calibration,-141760,-280192,348000,,,
190524890451400,71616337483524,147,bias-calibration,-143008,-283072,351104,,,
190524891461600,71616338483565,148,bias-calibration,-144256,-286432,353792,,,
190524892460500,71616339483399,149,bias-calibration,-144224,-288096,355872,,,
190524893459300,71616340483399,150,bias-calibration,-145600,-290592,359936,,,
190524894460700,71616341483315,151,bias-calibration,-146496,-292288,362272,,,
190524895460900,71616342483315,152,bias-calibration,-143200,-294848,365664,,,
190524896460900,71616343483440,153,bias-calibration,-141248,-296704,368128,,,
190524897460900,71616344483399,154,bias-calibration,-142368,-298272,370400,,,
190524898459700,71616345483815,155,bias-calibration,-144608,-300480,374240,,,
190524899461000,71616346483524,156,bias-calibration,-144768,-301856,377760,,,
190524900458800,71616347483315,157,bias-calibration,-143808,-304064,380928,,,
190524901458700,71616348483524,158,bias-calibration,-144032,-305728,383520,,,
190524902460800,71616349483482,159,bias-calibration,-146560,-308096,387488,,,
190524903460800,71616350484690,160,bias-calibration,-142976,-309248,389856,,,
190524904458700,71616351483399,161,bias-calibration,-138944,-310528,392064,,,
190524905453800,71616352483482,162,bias-calibration,-141344,-312000,395520,,,
190524906546400,71616353483440,163,bias-calibration,-140768,-313088,397440,,,
190524907454200,71616354483440,164,bias-calibration,-136992,-315072,399360,,,
190524908466200,71616355483440,165,bias-calibration,-138496,-316800,401536,,,
190524909460600,71616356483899,166,bias-calibration,-137536,-318432,403776,,,
190524910460900,71616357484107,167,bias-calibration,-135232,-320320,405568,,,
190524912517100,71616358483315,168,bias-calibration,-135712,-321408,407840,,,
190524912539200,71616359483524,169,bias-calibration,-135936,-321856,409760,,,
190524913455800,71616360483565,170,bias-calibration,-132960,-322624,412800,,,
190524914454300,71616361483607,171,bias-calibration,-133216,-324096,415488,,,
190524915453900,71616362483482,172,bias-calibration,-135840,-324736,417888,,,
190524916454800,71616363483399,173,bias-calibration,-135488,-325088,420416,,,
190524917454300,71616364483357,174,bias-calibration,-131744,-325472,423904,,,
190524923729700,71616365483482,175,bias-calibration,-136192,-326080,426368,,,
190524923751100,71616366483274,176,bias-calibration,-138720,-324704,429344,,,
190524923755200,71616367483399,177,bias-calibration,-136544,-325120,433184,,,
190524923760200,71616368484899,178,bias-calibration,-137056,-324992,435584,,,
190524923764100,71616369483232,179,bias-calibration,-142688,-325408,439200,,,
190524923768100,71616370483357,180,bias-calibration,-141504,-324512,441568,,,
190524924569300,71616371483440,181,bias-calibration,-138336,-323712,444992,,,
190524925812000,71616372483482,182,bias-calibration,-146496,-323008,447520,,,
190524926545200,71616373483482,183,bias-calibration,-150400,-321920,450400,,,
190524927462700,71616374483357,184,bias-calibration,-144288,-321216,453696,,,
190524928461500,71616375483440,185,bias-calibration,-145312,-320320,457696,,,
190524929460200,71616376483357,186,bias-calibration,-152640,-319872,460928,,,
190524930460600,71616377485524,187,bias-calibration,-147840,-318272,463456,,,
190524931460500,71616378483357,188,bias-calibration,-143584,-317984,468320,,,
190524932467600,71616379483399,189,bias-calibration,-146368,-317216,471552,,,
190524933456100,71616380486315,190,bias-calibration,-147456,-316832,474976,,,
190524934461400,71616381483232,191,bias-calibration,-144256,-316800,478720,,,
190524935460500,71616382483607,192,bias-calibration,-143008,-317696,482880,,,
190524936460500,71616383483524,193,bias-calibration,-143616,-318304,486432,,,
190524937456600,71616384483565,194,bias-calibration,-145600,-318336,491136,,,
190524938464800,71616385483565,195,bias-calibration,-139808,-318400,495328,,,
190524939462100,71616386483399,196,bias-calibration,-136032,-317952,498784,,,
190524940462900,71616387483399,197,bias-calibration,-143168,-317408,502912,,,
190524941460800,71616388483274,198,bias-calibration,-139552,-316352,506560,,,
190524942462600,71616389483274,199,bias-calibration,-129248,-314784,510720,,,
190524943462400,71616390483857,200,bias-calibration,-142336,-314272,514400,,,
190524944463800,71616391485274,201,bias-calibration,-141152,-313472,519680,,,
190524945465000,71616392483315,202,bias-calibration,-129184,-312096,521120,,,
190524946465900,71616393483315,203,bias-calibration,-140896,-311872,525120,,,
190524947464700,71616394483565,204,bias-calibration,-147232,-310688,529152,,,
190524948462300,71616395483399,205,bias-calibration,-135488,-309824,532448,,,
190524949459200,71616396483357,206,bias-calibration,-137696,-308928,536288,,,
190524950464600,71616397484190,207,bias-calibration,-149792,-307936,539648,,,
190524951465600,71616398484815,208,bias-calibration,-143264,-306848,544320,,,
190524952465800,71616399484857,209,bias-calibration,-136128,-306336,548480,,,
190524953464100,71616400483357,210,bias-calibration,-139904,-306432,553248,,,
190524954462200,71616401483315,211,bias-calibration,-146848,-307072,557760,,,
190524955462300,71616402483315,212,bias-calibration,-133888,-307584,561056,,,
190524956464000,71616403483815,213,bias-calibration,-139200,-308896,566528,,,
190524957465900,71616404483940,214,bias-calibration,-141728,-309152,569504,,,
190524958465700,71616405483274,215,bias-calibration,-138976,-310752,573408,,,
190524959466000,71616406483274,216,bias-calibration,-129760,-311584,577344,,,
190524960466000,71616407483399,217,bias-calibration,-138016,-311904,579872,,,
190524961463000,71616408483357,218,bias-calibration,-138560,-313280,583456,,,
190524962463000,71616409484815,219,bias-calibration,-132320,-315264,587040,,,
190524963462300,71616410494440,220,bias-calibration,-131968,-316096,590048,,,
190524964462500,71616411483315,221,bias-calibration,-134400,-317952,593120,,,
190524965463600,71616412483524,222,bias-calibration,-139616,-320192,596480,,,
190524966464200,71616413483399,223,bias-calibration,-134400,-322144,599296,,,
190524967591800,71616414483357,224,bias-calibration,-133408,-323872,603072,,,
190524968453500,71616415485774,225,bias-calibration,-139488,-325984,604960,,,
190524969470800,71616416483649,226,bias-calibration,-137024,-327808,608192,,,
190524970456200,71616417483649,227,bias-calibration,-134944,-330144,611232,,,
190524971455300,71616418483440,228,bias-calibration,-140928,-333184,614464,,,
190524972456000,71616419483440,229,bias-calibration,-140096,-337152,617152,,,
190524973529000,71616420483524,230,bias-calibration,-137952,-340032,620256,,,
190524974465500,71616421485940,231,bias-calibration,-140384,-343936,623360,,,
190524975456800,71616422483440,232,bias-calibration,-140864,-347776,625824,,,
190524976453500,71616423483232,233,bias-calibration,-140544,-351552,628384,,,
190524977459300,71616424483399,234,bias-calibration,-142080,-355104,630464,,,
190524978461100,71616425483274,235,bias-calibration,-141440,-358624,632800,,,
190524979461200,71616426482899,236,bias-calibration,-142688,-362016,633568,,,
190524980461100,71616427484065,237,bias-calibration,-144128,-365408,634528,,,
190524981460900,71616428483482,238,bias-calibration,-140896,-369312,636128,,,
190524982456100,71616429483482,239,bias-calibration,-141728,-371872,636992,,,
190524983462600,71616430483399,240,bias-calibration,-144512,-375904,638176,,,
190524984459500,71616431485815,241,bias-calibration,-143392,-379680,638880,,,
190524985459300,71616432483690,242,bias-calibration,-139872,-383072,639072,,,
190524986466100,71616433483357,243,bias-calibration,-141856,-386752,639808,,,
190524987461500,71616434483315,244,bias-calibration,-144416,-391136,640800,,,
190524988462200,71616435483190,245,bias-calibration,-141984,-395200,640896,,,
190524989463100,71616436483232,246,bias-calibration,-141696,-398816,640608,,,
190524990462300,71616437483315,247,bias-calibration,-141888,-402496,640832,,,
190524991462200,71616438483440,248,bias-calibration,-141280,-405408,640352,,,
190524992462600,71616439483315,249,bias-calibration,-138944,-408736,641120,,,
190524993461700,71616440483482,250,bias-calibration,-137728,-411328,639840,,,
190524994466200,71616441483482,251,bias-calibration,-135616,-414688,639520,,,
190524995466100,71616442484565,252,bias-calibration,-134912,-418592,638240,,,
190524996465400,71616443483357,253,bias-calibration,-136768,-421184,637664,,,
190524997465800,71616444484774,254,bias-calibration,-138528,-424352,635520,,,
190524998464700,71616445483399,255,bias-calibration,-136064,-425760,634048,,,
190524999466200,71616446483482,0,bias-calibration,-137920,-427104,632832,,,
190525000465500,71616447483274,1,bias-calibration,-137056,-428608,630208,,,
190525001457300,71616448483774,2,bias-calibration,-136928,-429152,627680,,,
190525002470000,71616449483315,3,bias-calibration,-134496,-429664,625504,,,
190525003478900,71616450485024,4,bias-calibration,-137696,-429824,622400,,,
190525004463400,71616451483565,5,bias-calibration,-131968,-428960,620000,,,
190525005462600,71616452483399,6,bias-calibration,-135552,-428000,616960,,,
190525006462900,71616453483315,7,bias-calibration,-132864,-425600,613984,,,
190525007462500,71616454483607,8,bias-calibration,-128608,-423616,610016,,,
190525008461800,71616455483357,9,bias-calibration,-140416,-420896,606432,,,
190525009464500,71616456483399,10,bias-calibration,-132640,-417088,601728,,,
190525010465700,71616457484482,11,bias-calibration,-128800,-412896,597952,,,
190525011465500,71616458483274,12,bias-calibration,-135392,-408960,593504,,,
190525012465400,71616459483607,13,bias-calibration,-133472,-404928,590048,,,
190525013466000,71616460483274,14,bias-calibration,-129920,-399936,585888,,,
190525014466100,71616461483274,15,bias-calibration,-122528,-395488,582784,,,
190525015465700,71616462483607,16,bias-calibration,-119488,-391296,577600,,,
190525016455900,71616463483190,17,bias-calibration,-134624,-386112,575296,,,
190525017460400,71616464483565,18,bias-calibration,-119040,-380864,571968,,,
190525018463600,71616465483357,19,bias-calibration,-97312,-375232,567392,,,
190525019461800,71616466483357,20,bias-calibration,-126560,-368992,564544,,,
190525020460700,71616467483357,21,bias-calibration,-118464,-362464,559584,,,
190525021472100,71616468485857,22,bias-calibration,-92928,-355328,555008,,,
190525022461100,71616469483357,23,bias-calibration,-104256,-348256,550752,,,
190525023460900,71616470483315,24,bias-calibration,-119936,-342176,546880,,,
190525024460900,71616471483274,25,bias-calibration,-96704,-335328,542624,,,
190525025461000,71616472483190,26,bias-calibration,-92160,-328448,538752,,,
190525026460800,71616473483399,27,bias-calibration,-112544,-322688,534944,,,
190525027458900,71616474483524,28,bias-calibration,-105536,-315552,531040,,,
190525028461000,71616475483690,29,bias-calibration,-87680,-311104,528512,,,
190525029460900,71616476483440,30,bias-calibration,-87392,-305280,525024,,,
190525030461200,71616477483357,31,bias-calibration,-106432,-299488,522464,,,
190525031459000,71616478483440,32,bias-calibration,-92032,-292928,518464,,,
190525032462300,71616479483440,33,bias-calibration,-82048,-285568,514752,,,
190525033456300,71616480484482,34,bias-calibration,-99616,-280096,513248,,,
190525034462600,71616481483357,35,bias-calibration,-96608,-275584,511104,,,
190525035462100,71616482483315,36,bias-calibration,-74656,-270208,507232,,,
190525036461900,71616483483274,37,bias-calibration,-88192,-265472,505280,,,
190525037461700,71616484483232,38,bias-calibration,-105152,-262304,503456,,,
190525038461800,71616485483440,39,bias-calibration,-84032,-258720,502304,,,
190525039461900,71616486484315,40,bias-calibration,-73216,-255360,501888,,,
190525040461600,71616487483440,41,bias-calibration,-90848,-254240,500608,,,
190525041461800,71616488483440,42,bias-calibration,-93536,-253568,501184,,,
190525042460800,71616489483357,43,bias-calibration,-68512,-252320,500704,,,
190525043489400,71616490483440,44,bias-calibration,-76096,-250784,501088,,,
190525044567500,71616491483565,45,bias-calibration,-92704,-250496,502272,,,
190525045464200,71616492483274,46,bias-calibration,-74368,-249248,503328,,,
190525046456600,71616493483315,47,bias-calibration,-64832,-250240,504320,,,
190525047466400,71616494483315,48,bias-calibration,-84480,-252192,506016,,,
190525048564600,71616495483274,49,bias-calibration,-82848,-253632,507872,,,
190525049462200,71616496483399,50,bias-calibration,-63520,-254848,509408,,,
190525050464600,71616497483399,51,bias-calibration,-71872,-255392,510944,,,
190525051462100,71616498483524,52,bias-calibration,-85056,-256768,514912,,,
190525052463200,71616499483440,53,bias-calibration,-77088,-257312,517280,,,
190525053462000,71616500483649,54,bias-calibration,-71936,-258912,519968,,,
190525054461700,71616501483565,55,bias-calibration,-81440,-259776,521920,,,
190525055461900,71616502483440,56,bias-calibration,-84000,-262080,525856,,,
190525056461900,71616503483357,57,bias-calibration,-77248,-263168,528736,,,
190525057462100,71616504485190,58,bias-calibration,-79104,-264032,531872,,,
190525058460000,71616505483440,59,bias-calibration,-85216,-264896,535648,,,
190525059461900,71616506483440,60,bias-calibration,-83264,-267584,540320,,,
190525060461900,71616507483232,61,bias-calibration,-80928,-269024,542912,,,
190525061460200,71616508483482,62,bias-calibration,-83904,-271680,547136,,,
190525062458100,71616509483357,63,bias-calibration,-84928,-273952,551328,,,
190525063457800,71616510484565,64,bias-calibration,-82368,-274752,555296,,,
190525064452700,71616511484899,65,bias-calibration,-80704,-275680,560224,,,
190525065460700,71616512483440,66,bias-calibration,-82240,-277024,564096,,,
190525066462200,71616513483357,67,bias-calibration,-81344,-278912,568544,,,
190525067586300,71616514483315,68,bias-calibration,-81536,-280640,573056,,,
190525068543100,71616515483357,69,bias-calibration,-80320,-281440,576096,,,
190525069455500,71616516483774,70,bias-calibration,-79040,-283040,580672,,,
190525070462300,71616517483232,71,bias-calibration,-81472,-283520,584640,,,
190525071461900,71616518483232,72,bias-calibration,-81184,-283744,589632,,,
190525072461900,71616519483190,73,bias-calibration,-76800,-284480,593824,,,
190525073462000,71616520483482,74,bias-calibration,-76768,-285824,598880,,,
190525074461900,71616521483649,75,bias-calibration,-77952,-288032,603712,,,
190525075460200,71616522483357,76,bias-calibration,-76672,-289248,608128,,,
190525076461800,71616523483399,77,bias-calibration,-76320,-290656,613376,,,
190525077462000,71616524483399,78,bias-calibration,-76832,-290848,618048,,,
190525078458300,71616525483024,79,bias-calibration,-74464,-291136,623616,,,
190525079457700,71616526484482,80,bias-calibration,-70592,-292064,627712,,,
190525080455000,71616527483232,81,bias-calibration,-69472,-294816,632384,,,
190525081459600,71616528483482,82,bias-calibration,-71200,-295840,637440,,,
190525082463600,71616529483274,83,bias-calibration,-68448,-296064,640288,,,
190525083460400,71616530483274,84,bias-calibration,-62464,-296192,645376,,,
190525084459900,71616531483440,85,bias-calibration,-65984,-296480,648448,,,
190525085461900,71616532483440,86,bias-calibration,-66016,-297152,651136,,,
190525086461900,71616533483440,87,bias-calibration,-59296,-297600,655392,,,
190525087462000,71616534483399,88,bias-calibration,-58144,-297056,657504,,,
190525088462000,71616535484190,89,bias-calibration,-55904,-296672,660576,,,
190525089449300,71616536483315,90,bias-calibration,-51616,-295232,663456,,,
190525090459000,71616537483357,91,bias-calibration,-48320,-294592,665920,,,
190525091462300,71616538483399,92,bias-calibration,-45344,-292768,668288,,,
190525092462200,71616539483524,93,bias-calibration,-46112,-292544,670112,,,
190525093461600,71616540483274,94,bias-calibration,-44384,-291680,672608,,,
190525094458300,71616541483190,95,bias-calibration,-40416,-290336,675488,,,
190525095457800,71616542484565,96,bias-calibration,-39040,-288320,676480,,,
190525096449100,71616543483565,97,bias-calibration,-38336,-286272,678816,,,
190525097459700,71616544483565,98,bias-calibration,-36800,-285088,681248,,,
190525098463300,71616545483399,99,bias-calibration,-36832,-282752,682208,,,
190525099462600,71616546483399,100,bias-calibration,-36544,-280352,683680,,,
190525100462500,71616547484857,101,bias-calibration,-33472,-278560,685728,,,
190525101462300,71616548484190,102,bias-calibration,-32928,-275680,685280,,,
190525102462100,71616549483315,103,bias-calibration,-34240,-273472,686080,,,
190525103452700,71616550484190,104,bias-calibration,-33920,-271360,685024,,,
190525104454600,71616551483232,105,bias-calibration,-33920,-269248,684512,,,
190525105461900,71616552483274,106,bias-calibration,-37408,-266016,683296,,,
190525106462100,71616553483190,107,bias-calibration,-37888,-264416,681696,,,
190525107460100,71616554483232,108,bias-calibration,-35392,-262848,679648,,,
190525108460200,71616555483357,109,bias-calibration,-39552,-260896,677504,,,
190525109461000,71616556483482,110,bias-calibration,-42624,-258560,674848,,,
190525110458100,71616557485774,111,bias-calibration,-37216,-255008,672256,,,
190525111457900,71616558483440,112,bias-calibration,-37152,-253408,669824,,,
190525112449200,71616559483315,113,bias-calibration,-41760,-251648,666784,,,
190525113459500,71616560483399,114,bias-calibration,-39776,-249536,664448,,,
190525114454100,71616561483232,115,bias-calibration,-37952,-248736,660992,,,
190525115459300,71616562483357,116,bias-calibration,-42176,-247488,657696,,,
190525116451100,71616563483774,117,bias-calibration,-45856,-245920,654688,,,
190525117451300,71616564484649,118,bias-calibration,-42688,-244352,651552,,,
190525118450900,71616565483190,119,bias-calibration,-38592,-242016,647744,,,
190525119451300,71616566483399,120,bias-calibration,-39680,-240768,644960,,,
190525120449100,71616567483440,121,bias-calibration,-42112,-239712,641216,,,
190525121456900,71616568483399,122,bias-calibration,-40000,-237728,638016,,,
190525122455900,71616569483982,123,bias-calibration,-38752,-236736,635680,,,
190525123459800,71616570484815,124,bias-calibration,-43104,-233920,632928,,,
190525124461700,71616571483315,125,bias-calibration,-42464,-231104,630016,,,
190525125461800,71616572484107,126,bias-calibration,-36160,-228672,627584,,,
190525126457900,71616573483232,127,bias-calibration,-36512,-226080,624608,,,
190525127455700,71616574483190,128,bias-calibration,-38880,-223552,622016,,,
190525128449700,71616575483232,129,bias-calibration,-37024,-221344,619520,,,
190525129462100,71616576483315,130,bias-calibration,-34400,-218272,616608,,,
190525130460600,71616577483482,131,bias-calibration,-38080,-215616,615552,,,
190525131462100,71616578483399,132,bias-calibration,-39776,-213184,613824,,,
190525132453100,71616579483315,133,bias-calibration,-34880,-210880,611456,,,
190525133462400,71616580483815,134,bias-calibration,-34272,-209152,611072,,,
190525134462000,71616581483440,135,bias-calibration,-39712,-206528,609728,,,
190525135462100,71616582483315,136,bias-calibration,-37056,-202560,608768,,,
190525136462200,71616583483274,137,bias-calibration,-32320,-198944,608416,,,
190525137462100,71616584486149,138,bias-calibration,-36608,-194368,608032,,,
190525138462000,71616585483316,139,bias-calibration,-37696,-190528,607712,,,
190525139462100,71616586483399,140,bias-calibration,-31680,-186880,606144,,,
190525140459700,71616587483274,141,bias-calibration,-29952,-184448,605600,,,
190525141459700,71616588483274,142,bias-calibration,-36000,-181312,605888,,,
190525142455200,71616589483191,143,bias-calibration,-36736,-177856,605440,,,
190525143456300,71616590483607,144,bias-calibration,-33728,-173888,606400,,,
190525144541400,71616591483399,145,bias-calibration,-38656,-171200,607456,,,
190525145457900,71616592483524,146,bias-calibration,-43008,-168032,608064,,,
190525146459900,71616593483357,147,bias-calibration,-41152,-165120,610176,,,
190525147460300,71616594483316,148,bias-calibration,-42400,-160832,611264,,,
190525148459900,71616595483316,149,bias-calibration,-42176,-155616,614176,,,
190525149459900,71616596483274,150,bias-calibration,-39680,-150784,616096,,,
190525150459700,71616597483399,151,bias-calibration,-39424,-145600,618432,,,
190525151459800,71616598483274,152,bias-calibration,-42560,-141344,620672,,,
190525152459700,71616599485607,153,bias-calibration,-42816,-138112,624288,,,
190525153459000,71616600483524,154,bias-calibration,-40704,-135584,626464,,,
190525154460000,71616601483482,155,bias-calibration,-42272,-132288,627808,,,
190525155459800,71616602483482,156,bias-calibration,-46176,-129440,632224,,,
190525156457700,71616603483316,157,bias-calibration,-47936,-126304,635680,,,
190525157459900,71616604483399,158,bias-calibration,-43008,-122496,639936,,,
190525158456300,71616605483316,159,bias-calibration,-39136,-119040,644160,,,
190525159455800,71616606483274,160,bias-calibration,-39616,-116768,648032,,,
190525160463600,71616607483399,161,bias-calibration,-40224,-113888,653280,,,
190525161464300,71616608483316,162,bias-calibration,-35808,-110432,657344,,,
190525162462200,71616609483274,163,bias-calibration,-32736,-106656,661696,,,
190525163459800,71616610484691,164,bias-calibration,-36000,-103360,666368,,,
190525164457800,71616611484024,165,bias-calibration,-34752,-100256,670144,,,
190525165459700,71616612484232,166,bias-calibration,-28192,-97696,675232,,,
190525166459600,71616613483399,167,bias-calibration,-26848,-96736,679616,,,
190525167451000,71616614483066,168,bias-calibration,-30944,-94944,684768,,,
190525168536300,71616615483482,169,bias-calibration,-30496,-93824,689088,,,
190525169453500,71616616483232,170,bias-calibration,-27840,-91040,694688,,,
190525170459700,71616617484857,171,bias-calibration,-29184,-88384,698656,,,
190525171457600,71616618483316,172,bias-calibration,-28128,-85440,703104,,,
190525172459500,71616619484899,173,bias-calibration,-26816,-84256,708512,,,
190525173457600,71616620492566,174,bias-calibration,-28064,-82144,712576,,,
190525174456100,71616621483191,175,bias-calibration,-28000,-79104,716704,,,
190525175453500,71616622483274,176,bias-calibration,-29120,-75392,721472,,,
190525176455100,71616623483357,177,bias-calibration,-30240,-72736,725632,,,
190525177453700,71616624483482,178,bias-calibration,-30496,-69024,729824,,,
190525178454000,71616625483357,179,bias-calibration,-26624,-67680,731936,,,
190525179449000,71616626483316,180,bias-calibration,-23232,-67008,735360,,,
190525180451400,71616627483524,181,bias-calibration,-25984,-67040,737632,,,
190525181454800,71616628483941,182,bias-calibration,-25824,-67392,740864,,,
190525182453700,71616629483357,183,bias-calibration,-21664,-67008,742272,,,
190525183452600,71616630483274,184,bias-calibration,-20320,-67040,743904,,,
190525184452300,71616631483816,185,bias-calibration,-19744,-68320,745216,,,
190525185453300,71616632483357,186,bias-calibration,-14656,-68800,745728,,,
190525186451900,71616633483441,187,bias-calibration,-5984,-70240,745792,,,
190525187453300,71616634484941,188,bias-calibration,-576,-71264,745568,,,
190525188459200,71616635483441,189,bias-calibration,4224,-72032,745376,,,
190525189452200,71616636483482,190,bias-calibration,11648,-73824,744992,,,
190525190451700,71616637483441,191,bias-calibration,13984,-76384,744320,,,
190525191452500,71616638483357,192,bias-calibration,11872,-80000,742624,,,
190525192729900,71616639483441,193,bias-calibration,15360,-82592,741920,,,
190525193448300,71616640483316,194,bias-calibration,19104,-85184,741536,,,
190525194527600,71616641483357,195,bias-calibration,18432,-85984,739584,,,
190525195474200,71616642483274,196,bias-calibration,23456,-86048,737696,,,
190525196605200,71616643483191,197,bias-calibration,32576,-86400,736384,,,
190525197562300,71616644483316,198,bias-calibration,32928,-86304,734336,,,
190525198576700,71616645483149,199,bias-calibration,30560,-88128,732192,,,
190525199556100,71616646483566,200,bias-calibration,31808,-89152,729472,,,
190525200455600,71616647483441,201,bias-calibration,34016,-88896,725824,,,
190525201459900,71616648483316,202,bias-calibration,35936,-88736,722336,,,
190525202457700,71616649483524,203,bias-calibration,35040,-88640,718336,,,
190525203457600,71616650483357,204,bias-calibration,37472,-89312,714816,,,
190525204457400,71616651483482,205,bias-calibration,40960,-90496,710752,,,
190525205457500,71616652483357,206,bias-calibration,35872,-92000,708288,,,
190525206457300,71616653486732,207,bias-calibration,32832,-90944,704736,,,
190525207457400,71616654483274,208,bias-calibration,36800,-89056,701728,,,
190525208473800,71616655483191,209,bias-calibration,36800,-86592,699552,,,
190525209476000,71616656483316,210,bias-calibration,30880,-86304,698144,,,
190525210468800,71616657483399,211,bias-calibration,28576,-85056,696480,,,
190525211453900,71616658483524,212,bias-calibration,24864,-83296,694912,,,
190525212457600,71616659483482,213,bias-calibration,15296,-80096,694272,,,
190525213465400,71616660483399,214,bias-calibration,5408,-75232,692032,,,
190525214479800,71616661483316,215,bias-calibration,-1888,-68064,688160,,,
190525215466100,71616662483399,216,bias-calibration,1024,-61120,684704,,,
190525216462900,71616663483441,217,bias-calibration,4064,-54304,680032,,,
190525217454500,71616664486649,218,bias-calibration,544,-49632,675904,,,
190525218461600,71616665483232,219,bias-calibration,9408,-44544,670688,,,
190525219461700,71616666483274,220,bias-calibration,17856,-43008,667648,,,
190525220461500,71616667483232,221,bias-calibration,7904,-42304,665888,,,
190525221461000,71616668483149,222,bias-calibration,3232,-44352,664288,,,
190525222452300,71616669485066,223,bias-calibration,9056,-47680,664896,,,
190525223461400,71616670483566,224,bias-calibration,3744,-50528,665728,,,
190525224460900,71616671484316,225,bias-calibration,-96,-52832,668320,,,
190525225464200,71616672483316,226,bias-calibration,15456,-51200,669088,,,
190525226459500,71616673483482,227,bias-calibration,28064,-48576,671424,,,
190525227459200,71616674484482,228,bias-calibration,26432,-45568,673696,,,
190525228459000,71616675483316,229,bias-calibration,34272,-40320,675744,,,
190525229460900,71616676483232,230,bias-calibration,50464,-38432,675936,,,
190525230460800,71616677483191,231,bias-calibration,53696,-36608,678048,,,
190525231453100,71616678483232,232,bias-calibration,48128,-36448,678016,,,
190525232460900,71616679483191,233,bias-calibration,53824,-39264,678816,,,
190525233461200,71616680483107,234,bias-calibration,57600,-38912,677888,,,
190525234461100,71616681483524,235,bias-calibration,49408,-40160,679264,,,
190525235459100,71616682483399,236,bias-calibration,45152,-39136,680224,,,
190525236458700,71616683483482,237,bias-calibration,48480,-35872,680480,,,
190525237459000,71616684483357,238,bias-calibration,51488,-31904,681376,,,
190525238458500,71616685483732,239,bias-calibration,51648,-25376,682336,,,
190525239458600,71616686483357,240,bias-calibration,54048,-20256,683008,,,
190525240473200,71616687483357,241,bias-calibration,59936,-13312,683744,,,
190525241467000,71616688484482,242,bias-calibration,61888,-8064,683456,,,
190525242461200,71616689484524,243,bias-calibration,61792,-5184,682656,,,
190525243461900,71616690483274,244,bias-calibration,62816,-4416,683328,,,
190525244460700,71616691483441,245,bias-calibration,64512,-4768,681376,,,
190525245451700,71616692483357,246,bias-calibration,70048,-6752,680288,,,
190525246454800,71616693484524,247,bias-calibration,72128,-9696,679328,,,
190525247458500,71616694483316,248,bias-calibration,77184,-14400,678400,,,
190525248460100,71616695483399,249,bias-calibration,81376,-17056,678080,,,
190525249460200,71616696483357,250,bias-calibration,81760,-19264,678784,,,
190525250459900,71616697483232,251,bias-calibration,83744,-20992,679712,,,
190525251457700,71616698483941,252,bias-calibration,82944,-20416,680704,,,
190525252457800,71616699483149,253,bias-calibration,81568,-17536,682112,,,
190525253457800,71616700483232,254,bias-calibration,86752,-13152,683456,,,
190525254457900,71616701484066,255,bias-calibration,93344,-8704,684992,,,
190525255459400,71616702483107,0,bias-calibration,93760,-4384,685984,,,
190525256463300,71616703483607,1,bias-calibration,90752,-2592,686528,,,
190525257457300,71616704483357,2,bias-calibration,92032,-800,686592,,,
190525258457700,71616705483399,3,bias-calibration,90368,-1952,685952,,,
190525259460300,71616706483399,4,bias-calibration,87136,-5184,685184,,,
190525260459100,71616707483274,5,bias-calibration,84032,-8448,683712,,,
190525261459300,71616708483274,6,bias-calibration,85280,-13440,682080,,,
190525262458500,71616709483316,7,bias-calibration,89856,-17856,680064,,,
190525263458900,71616710482857,8,bias-calibration,87296,-22656,677984,,,
190525264456600,71616711483274,9,bias-calibration,85056,-25472,676544,,,
190525265458700,71616712483274,10,bias-calibration,88256,-26272,674592,,,
190525266458500,71616713483316,11,bias-calibration,88064,-27296,674720,,,
190525267458200,71616714483524,12,bias-calibration,87584,-25792,673888,,,
190525268451100,71616715483482,13,bias-calibration,89504,-25952,674400,,,
190525269453700,71616716483607,14,bias-calibration,92288,-24704,675296,,,
190525270459500,71616717483316,15,bias-calibration,90304,-25856,676032,,,
190525271459500,71616718483399,16,bias-calibration,87872,-26496,677568,,,
190525272457600,71616719483316,17,bias-calibration,77760,-28640,678720,,,
190525273449600,71616720483316,18,bias-calibration,73376,-29216,677760,,,
190525274458200,71616721483274,19,bias-calibration,72864,-30912,676800,,,
190525275458200,71616722483357,20,bias-calibration,67584,-31328,674080,,,
190525276459200,71616723483899,21,bias-calibration,71008,-31264,670304,,,
190525277458600,71616724483107,22,bias-calibration,79392,-32736,666208,,,
190525278456700,71616725483149,23,bias-calibration,77152,-33664,662368,,,
190525279458600,71616726483399,24,bias-calibration,72896,-36192,659360,,,
190525280456700,71616727483024,25,bias-calibration,73152,-38784,657312,,,
190525281459000,71616728484566,26,bias-calibration,67488,-40960,656096,,,
190525282456800,71616729484774,27,bias-calibration,59392,-43808,656192,,,
190525283458600,71616730483524,28,bias-calibration,61440,-45440,657312,,,
190525284458600,71616731483357,29,bias-calibration,65568,-47360,659488,,,
190525285458300,71616732483232,30,bias-calibration,61408,-49376,662272,,,
190525286457700,71616733484149,31,bias-calibration,59392,-50528,666560,,,
190525287458400,71616734483232,32,bias-calibration,58176,-52288,669888,,,
190525288755200,71616735484774,33,bias-calibration,50208,-53056,673088,,,
190525289467200,71616736483149,34,bias-calibration,41824,-53440,675232,,,
190525290472700,71616737483649,35,bias-calibration,38944,-53696,675968,,,
190525291464200,71616738483441,36,bias-calibration,38528,-54080,676832,,,
190525292460100,71616739483399,37,bias-calibration,32672,-53344,676800,,,
190525293459300,71616740483482,38,bias-calibration,32352,-52160,674880,,,
190525294458500,71616741483357,39,bias-calibration,37760,-51296,673856,,,
190525295459100,71616742483357,40,bias-calibration,32288,-50016,673792,,,
190525296460700,71616743483357,41,bias-calibration,27232,-49760,672672,,,
190525297457200,71616744483149,42,bias-calibration,34208,-51584,673056,,,
190525298473100,71616745483274,43,bias-calibration,36704,-53504,675136,,,
190525299458500,71616746483399,44,bias-calibration,30336,-56512,677088,,,
190525300458700,71616747483482,45,bias-calibration,36032,-59424,680160,,,
190525301456900,71616748483149,46,bias-calibration,40256,-63232,684064,,,
190525302458600,71616749483441,47,bias-calibration,35680,-65696,689984,,,
190525303458900,71616750484857,48,bias-calibration,34752,-68704,694880,,,
190525304524100,71616751483357,49,bias-calibration,38528,-70304,700896,,,
190525305462800,71616752483941,50,bias-calibration,41792,-71168,708800,,,
190525306454900,71616753484774,51,bias-calibration,42080,-72864,714848,,,
190525307452100,71616754483191,52,bias-calibration,41408,-72448,721568,,,
190525308449100,71616755483357,53,bias-calibration,44000,-72416,727424,,,
190525309447400,71616756483149,54,bias-calibration,42304,-73792,734560,,,
190525310469700,71616757482857,55,bias-calibration,34624,-73600,739936,,,
190525311455300,71616758483899,56,bias-calibration,30272,-72192,744832,,,
190525312460900,71616759483107,57,bias-calibration,32832,-71008,750208,,,
190525313460300,71616760484524,58,bias-calibration,30624,-69376,754816,,,
190525314459500,71616761483357,59,bias-calibration,26112,-67104,759584,,,
190525315459600,71616762483399,60,bias-calibration,29024,-63936,762784,,,
190525316459500,71616763483649,61,bias-calibration,33312,-62656,767456,,,
190525317459600,71616764483274,62,bias-calibration,30432,-61696,772736,,,
190525318459700,71616765484149,63,bias-calibration,27456,-62528,777120,,,
190525319458200,71616766483357,64,bias-calibration,30464,-64128,782528,,,
190525320468800,71616767483399,65,bias-calibration,33024,-66912,788992,,,
190525321469700,71616768483316,66,bias-calibration,28256,-69856,795040,,,
190525322464300,71616769483107,67,bias-calibration,28416,-72864,801504,,,
190525323457500,71616770484691,68,bias-calibration,32352,-75168,808096,,,
190525324458600,71616771483607,69,bias-calibration,29504,-77120,815520,,,
190525325458700,71616772483399,70,bias-calibration,23488,-79040,822816,,,
190525326458600,71616773483399,71,bias-calibration,22208,-78592,829408,,,
190525327456700,71616774483357,72,bias-calibration,20544,-77152,836096,,,
190525328458900,71616775483316,73,bias-calibration,21760,-73984,842272,,,
190525329458400,71616776485399,74,bias-calibration,18976,-72352,847360,,,
190525330457600,71616777483357,75,bias-calibration,11648,-69856,852448,,,
190525331458900,71616778483274,76,bias-calibration,11968,-66400,857440,,,
190525332458400,71616779483191,77,bias-calibration,14624,-65472,862592,,,
190525333458400,71616780483399,78,bias-calibration,6624,-64128,866048,,,
190525334458000,71616781483191,79,bias-calibration,3520,-65760,870688,,,
190525335458200,71616782483857,80,bias-calibration,8224,-67584,875744,,,
190525336472800,71616783484899,81,bias-calibration,4896,-71168,881088,,,
190525337470300,71616784483357,82,bias-calibration,-2176,-74880,885312,,,
190525338463200,71616785483482,83,bias-calibration,1440,-77984,890880,,,
190525339460000,71616786483357,84,bias-calibration,4576,-81088,896288,,,
190525340459700,71616787483607,85,bias-calibration,1056,-84416,901152,,,
190525341459000,71616788483316,86,bias-calibration,1696,-86208,905344,,,
190525342458800,71616789483274,87,bias-calibration,9760,-88768,908992,,,
190525343458700,71616790483441,88,bias-calibration,13664,-89536,912960,,,
190525344458900,71616791483232,89,bias-calibration,8960,-91552,915648,,,
190525345458600,71616792483357,90,bias-calibration,13888,-93216,917600,,,
190525346456600,71616793483232,91,bias-calibration,19136,-94688,919552,,,
190525347458900,71616794483482,92,bias-calibration,12544,-97696,921376,,,
190525348458700,71616795483399,93,bias-calibration,8960,-100256,921568,,,
190525349460100,71616796483524,94,bias-calibration,13248,-103520,922304,,,
190525350458900,71616797483357,95,bias-calibration,10784,-105248,923008,,,
190525351459100,71616798483316,96,bias-calibration,5536,-106624,922400,,,
190525352463600,71616799483232,97,bias-calibration,9024,-108576,922848,,,
190525353469600,71616800483399,98,bias-calibration,7168,-108768,923360,,,
190525354462200,71616801483857,99,bias-calibration,-160,-110464,923712,,,
190525355460000,71616802483316,100,bias-calibration,2208,-109792,924256,,,
190525356459300,71616803483107,101,bias-calibration,3744,-111648,925792,,,
190525357459200,71616804482816,102,bias-calibration,-1472,-113440,927936,,,
190525358459100,71616805483232,103,bias-calibration,-2432,-114528,929792,,,
190525359457300,71616806483399,104,bias-calibration,-2368,-118880,931520,,,
190525360458700,71616807483399,105,bias-calibration,-5792,-120192,933024,,,
190525361457200,71616808483274,106,bias-calibration,-7776,-123968,934176,,,
190525362458900,71616809483316,107,bias-calibration,-5504,-127136,935456,,,
190525363458900,71616810483482,108,bias-calibration,-5664,-129984,936384,,,
190525364459000,71616811483607,109,bias-calibration,-9280,-133632,936224,,,
190525365458900,71616812483316,110,bias-calibration,-9152,-135872,936160,,,
190525366459400,71616813483107,111,bias-calibration,-8736,-138208,935744,,,
190525367458600,71616814484107,112,bias-calibration,-12832,-139584,934464,,,
190525369218900,71616815483232,113,bias-calibration,-13504,-140096,932576,,,
190525369467500,71616816483149,114,bias-calibration,-10016,-141152,932224,,,
190525370473600,71616817483607,115,bias-calibration,-12832,-141216,931584,,,
190525371460600,71616818483357,116,bias-calibration,-12000,-142208,931040,,,
190525372457000,71616819483441,117,bias-calibration,-6816,-143392,929856,,,
190525373455900,71616820493107,118,bias-calibration,-5984,-145312,928704,,,
190525374458000,71616821483357,119,bias-calibration,-11232,-148608,928608,,,
190525375458200,71616822483357,120,bias-calibration,-12928,-151552,928480,,,
190525376457900,71616823483357,121,bias-calibration,-8896,-155456,928704,,,
190525377458100,71616824483274,122,bias-calibration,-14624,-158368,928032,,,
190525378457900,71616825483191,123,bias-calibration,-20224,-161312,928768,,,
190525379458000,71616826483149,124,bias-calibration,-18560,-163040,929664,,,
190525380456000,71616827483232,125,bias-calibration,-16928,-163392,930432,,,
190525381458900,71616828483482,126,bias-calibration,-20416,-163264,931776,,,
190525382457600,71616829485399,127,bias-calibration,-23712,-161952,932224,,,
190525383457900,71616830483441,128,bias-calibration,-17696,-161312,933536,,,
190525384899800,71616831483357,129,bias-calibration,-18464,-158816,934080,,,
190525385781500,71616832483441,130,bias-calibration,-24288,-159808,935424,,,
190525386613900,71616833483274,131,bias-calibration,-22784,-160000,936672,,,
190525387452500,71616834483399,132,bias-calibration,-22080,-160704,938048,,,
190525388452000,71616835484441,133,bias-calibration,-25184,-161664,939392,,,
190525389780400,71616836483191,134,bias-calibration,-26496,-163616,941376,,,
190525390527800,71616837483607,135,bias-calibration,-26528,-164160,942240,,,
190525391459100,71616838483149,136,bias-calibration,-21312,-166080,944448,,,
190525392460400,71616839483232,137,bias-calibration,-21120,-166592,946656,,,
190525393459200,71616840484191,138,bias-calibration,-22496,-167296,948544,,,
190525394458700,71616841484774,139,bias-calibration,-12544,-167040,952128,,,
190525395458200,71616842483524,140,bias-calibration,-8288,-166688,955680,,,
190525396459100,71616843483316,141,bias-calibration,-11072,-167200,959232,,,
190525397457500,71616844484899,142,bias-calibration,-6528,-167008,964032,,,
190525398458400,71616845483316,143,bias-calibration,-576,-167424,968256,,,
190525399458300,71616846483149,144,bias-calibration,-1760,-167904,973568,,,
190525400478300,71616847483357,145,bias-calibration,-1344,-168000,978496,,,
190525401466100,71616848484566,146,bias-calibration,4000,-167584,982912,,,
190525402462200,71616849483274,147,bias-calibration,5632,-168096,987456,,,
190525403462800,71616850483482,148,bias-calibration,5344,-168384,993120,,,
190525404460400,71616851485607,149,bias-calibration,5984,-168480,998240,,,
190525405460100,71616852483357,150,bias-calibration,5216,-169280,1003968,,,
190525406460000,71616853483316,151,bias-calibration,6656,-167840,1009824,,,
190525407460000,71616854483399,152,bias-calibration,5696,-166912,1016160,,,
190525408458100,71616855483357,153,bias-calibration,3392,-166240,1023072,,,
190525409459700,71616856484649,154,bias-calibration,6752,-164896,1030336,,,
190525410460200,71616857483274,155,bias-calibration,5248,-164864,1038144,,,
190525411459900,71616858483816,156,bias-calibration,2496,-164128,1045760,,,
190525412459900,71616859483232,157,bias-calibration,3200,-163712,1053472,,,
190525413456100,71616860483191,158,bias-calibration,2656,-164256,1062208,,,
190525414456000,71616861483149,159,bias-calibration,448,-163488,1070016,,,
190525415455700,71616862483149,160,bias-calibration,-2528,-165408,1078240,,,
190525416468700,71616863483316,161,bias-calibration,-2208,-166144,1086016,,,
190525417461700,71616864483399,162,bias-calibration,-96,-166976,1093728,,,
190525418460800,71616865483357,163,bias-calibration,-2656,-168608,1101408,,,
190525419464200,71616866484357,164,bias-calibration,-1920,-168480,1109440,,,
190525420463300,71616867483274,165,bias-calibration,192,-171040,1117408,,,
190525421466000,71616868483274,166,bias-calibration,-1152,-171840,1125024,,,
190525422465500,71616869483357,167,bias-calibration,-352,-173664,1132864,,,
190525423461300,71616870483357,168,bias-calibration,2944,-175424,1140480,,,
190525424462300,71616871484774,169,bias-calibration,1984,-176640,1148000,,,
190525425458200,71616872483316,170,bias-calibration,4128,-178656,1155808,,,
190525426461700,71616873483107,171,bias-calibration,8992,-179936,1162016,,,
190525427494800,71616874483399,172,bias-calibration,6816,-182080,1169504,,,
190525428465900,71616875483399,173,bias-calibration,5088,-184672,1176768,,,
190525429469500,71616876484316,174,bias-calibration,10528,-186624,1183264,,,
190525430469000,71616877483232,175,bias-calibration,12448,-189664,1188256,,,
190525431465700,71616878483316,176,bias-calibration,9152,-192512,1193920,,,
190525432465400,71616879483357,177,bias-calibration,10336,-195616,1198944,,,
190525433453900,71616880483316,178,bias-calibration,15648,-199072,1204096,,,
190525434447600,71616881483232,179,bias-calibration,11648,-202752,1208576,,,
190525435452900,71616882484732,180,bias-calibration,10976,-204864,1213376,,,
190525436482800,71616883485066,181,bias-calibration,15488,-208480,1216640,,,
190525437479600,71616884483232,182,bias-calibration,16320,-212000,1218912,,,
190525438475700,71616885483316,183,bias-calibration,15360,-214272,1221280,,,
190525439489800,71616886483316,184,bias-calibration,14880,-218464,1223168,,,
190525440482100,71616887483524,185,bias-calibration,18112,-221152,1224416,,,
190525441469500,71616888483357,186,bias-calibration,17792,-225568,1224800,,,
190525442461600,71616889484816,187,bias-calibration,15264,-228672,1224064,,,
190525443466200,71616890483357,188,bias-calibration,18848,-232608,1224000,,,
190525444461200,71616891483316,189,bias-calibration,20128,-237312,1222560,,,
190525445453500,71616892483191,190,bias-calibration,17152,-241184,1221504,,,
190525446463000,71616893483191,191,bias-calibration,19136,-247200,1220448,,,
190525447473900,71616894483274,192,bias-calibration,19232,-251904,1218592,,,
190525448467800,71616895483191,193,bias-calibration,16480,-257120,1217088,,,
190525449462900,71616896483482,194,bias-calibration,15872,-261920,1215200,,,
190525450459800,71616897483274,195,bias-calibration,17984,-266912,1212864,,,
190525451461700,71616898483316,196,bias-calibration,19360,-271680,1211232,,,
190525452455100,71616899483232,197,bias-calibration,18880,-276864,1207968,,,
190525453453600,71616900483399,198,bias-calibration,13952,-282848,1204864,,,
190525454456400,71616901484857,199,bias-calibration,10368,-288704,1202016,,,
190525455467100,71616902483232,200,bias-calibration,7456,-293824,1199328,,,
190525456586600,71616903483191,201,bias-calibration,1888,-297824,1196224,,,
190525457546500,71616904483191,202,bias-calibration,-160,-300480,1192288,,,
190525458482600,71616905482857,203,bias-calibration,1568,-303072,1188736,,,
190525459455900,71616906483399,204,bias-calibration,-224,-307680,1184256,,,
190525460472500,71616907483191,205,bias-calibration,-6048,-311392,1179616,,,
190525461461700,71616908483399,206,bias-calibration,-11200,-315392,1175200,,,
190525462476900,71616909483399,207,bias-calibration,-14976,-317600,1170656,,,
190525463477700,71616910483482,208,bias-calibration,-23296,-320256,1165344,,,
190525464472100,71616911483441,209,bias-calibration,-27872,-321888,1159360,,,
190525465469800,71616912483316,210,bias-calibration,-24640,-323296,1153280,,,
190525466536700,71616913483482,211,bias-calibration,-24640,-326464,1147680,,,
190525467465700,71616914483274,212,bias-calibration,-26144,-328800,1141856,,,
190525468522700,71616915483274,213,bias-calibration,-25120,-331488,1136864,,,
190525469442800,71616916483191,214,bias-calibration,-25472,-333920,1132576,,,
190525470447200,71616917483107,215,bias-calibration,-27968,-336704,1127776,,,
190525471447300,71616918483191,216,bias-calibration,-32480,-340640,1123328,,,
190525472446900,71616919483024,217,bias-calibration,-29184,-344096,1119392,,,
190525473468200,71616920483732,218,bias-calibration,-26720,-348256,1116256,,,
190525474462200,71616921483399,219,bias-calibration,-28064,-351008,1112224,,,
190525475471900,71616922483316,220,bias-calibration,-27200,-352320,1108672,,,
190525476459900,71616923483399,221,bias-calibration,-24480,-353376,1105792,,,
190525477449400,71616924484816,222,bias-calibration,-28000,-354112,1102944,,,
190525478459700,71616925484732,223,bias-calibration,-33536,-354816,1100864,,,
190525479573200,71616926483274,224,bias-calibration,-30592,-354112,1098336,,,
190525480481800,71616927483232,225,bias-calibration,-29504,-353088,1095328,,,
190525481553200,71616928483274,226,bias-calibration,-27808,-347872,1091904,,,
190525482495900,71616929483232,227,bias-calibration,-18496,-344032,1089344,,,
190525483456500,71616930486149,228,bias-calibration,-9856,-341280,1086272,,,
190525484461400,71616931483482,229,bias-calibration,-6560,-338688,1084192,,,
190525485454400,71616932483357,230,bias-calibration,-288,-338432,1081600,,,
190525486455600,71616933483274,231,bias-calibration,11968,-340608,1080640,,,
190525487468200,71616934483274,232,bias-calibration,33568,-344032,1080576,,,
190525488479200,71616935483274,233,bias-calibration,35680,-345120,1076960,,,
190525489471700,71616936483274,234,bias-calibration,27360,-368544,1077856,,,
190525490471900,71616937483149,235,bias-calibration,104256,-387968,1076608,,,
190525491484100,71616938483316,236,bias-calibration,183392,-381600,1078752,,,
190525492473900,71616939483274,237,bias-calibration,145952,-367872,1083104,,,
190525493551000,71616940483274,238,bias-calibration,126272,-350912,1086528,,,
190525494476800,71616941484732,239,bias-calibration,180288,-343680,1085216,,,
190525495485700,71616942483482,240,bias-calibration,193536,-330304,1079904,,,
190525496457600,71616943483399,241,bias-calibration,140576,-326720,1070112,,,
190525497472600,71616944483482,242,bias-calibration,142432,-319680,1054208,,,
190525498472300,71616945483399,243,bias-calibration,169440,-329952,1037760,,,
190525499481100,71616946483524,244,bias-calibration,200352,-338176,1021440,,,
190525500479400,71616947483899,245,bias-calibration,216864,-329600,1010176,,,
190525501476100,71616948484774,246,bias-calibration,186496,-312896,1003200,,,
190525502478900,71616949483232,247,bias-calibration,152512,-307616,1000352,,,
190525503477100,71616950483316,248,bias-calibration,187456,-313216,998784,,,
190525504472200,71616951483191,249,bias-calibration,228768,-302880,996256,,,
190525505492000,71616952482857,250,bias-calibration,181024,-297600,994080,,,
190525506485200,71616953483316,251,bias-calibration,184320,-296320,989440,,,
190525507474700,71616954483357,252,bias-calibration,248896,-281792,979712,,,
190525508475300,71616955483441,253,bias-calibration,225568,-282272,969664,,,
190525509472800,71616956483316,254,bias-calibration,218304,-280800,958432,,,
190525510479000,71616957483399,255,bias-calibration,270688,-269184,946656,,,
190525511473300,71616958483357,0,bias-calibration,273440,-251808,934592,,,
190525512471000,71616959483316,1,bias-calibration,211200,-238208,923968,,,
190525513480300,71616960485399,2,bias-calibration,192480,-233504,911488,,,
190525514468100,71616961483191,3,bias-calibration,226784,-220896,896416,,,
190525515474300,71616962483149,4,bias-calibration,182880,-218464,882432,,,
190525516462100,71616963483191,5,bias-calibration,149824,-233888,870272,,,
190525517456700,71616964483149,6,bias-calibration,230688,-231264,858464,,,
190525518474500,71616965483524,7,bias-calibration,254560,-220160,851360,,,
190525519477600,71616966483399,8,bias-calibration,190208,-209248,848416,,,
190525520486100,71616967483316,9,bias-calibration,190944,-197024,846656,,,
190525521459900,71616968483441,10,bias-calibration,219104,-195136,843648,,,
190525522478100,71616969483232,11,bias-calibration,201856,-198336,839584,,,
190525523474300,71616970483357,12,bias-calibration,199296,-200608,834112,,,
190525524457500,71616971484524,13,bias-calibration,226688,-193824,825440,,,
190525525463500,71616972483232,14,bias-calibration,206944,-181632,816832,,,
190525526559300,71616973483232,15,bias-calibration,169760,-176864,807616,,,
190525527487500,71616974483066,16,bias-calibration,176512,-171456,797664,,,
190525528471700,71616975483274,17,bias-calibration,167872,-174208,786432,,,
190525529456400,71616976484649,18,bias-calibration,159136,-176704,777824,,,
190525530452800,71616977484149,19,bias-calibration,181280,-172512,771232,,,
190525531608700,71616978492857,20,bias-calibration,187456,-164256,768672,,,
190525532600700,71616979491649,21,bias-calibration,171392,-154112,768000,,,
190525533596700,71616980489566,22,bias-calibration,174720,-147840,769568,,,
190525534604400,71616981494816,23,bias-calibration,177440,-143936,769920,,,
190525535602300,71616982492816,24,bias-calibration,165248,-147264,769536,,,
190525536487300,71616983486024,25,bias-calibration,179712,-146240,767104,,,
190525537461300,71616984488649,26,bias-calibration,197824,-141312,764736,,,
190525538481600,71616985487899,27,bias-calibration,185568,-136320,761024,,,
190525539611800,71616986493191,28,bias-calibration,179392,-128864,757024,,,
190525540466800,71616987487691,29,bias-calibration,181632,-124320,751872,,,
190525541602000,71616988491732,30,bias-calibration,176320,-123168,747424,,,
190525542489200,71616989487399,31,bias-calibration,173952,-123744,743168,,,
190525543483000,71616990488607,32,bias-calibration,183488,-120736,739008,,,
190525544484200,71616991486232,33,bias-calibration,183776,-115040,735872,,,
190525545462900,71616992487941,34,bias-calibration,183200,-108032,733472,,,
190525546457000,71616993491607,35,bias-calibration,189216,-99616,731392,,,
190525547453900,71616994487066,36,bias-calibration,183200,-94528,727424,,,
190525548584500,71616995492941,37,bias-calibration,179040,-90336,722016,,,
190525549454900,71616996485316,38,bias-calibration,184032,-84448,715328,,,
190525550454200,71616997484691,39,bias-calibration,183168,-77024,706688,,,
190525551455300,71616998486191,40,bias-calibration,178528,-68672,697088,,,
190525552455100,71616999488191,41,bias-calibration,177536,-59392,687392,,,
190525553453200,71617000496232,42,bias-calibration,169312,-52448,678496,,,
190525554454100,71617001488357,43,bias-calibration,158848,-47904,669664,,,
190525555472800,71617002485982,44,bias-calibration,159328,-42592,660672,,,
190525556461300,71617003484399,45,bias-calibration,160096,-37120,654880,,,
190525557559500,71617004488566,46,bias-calibration,159040,-30624,648320,,,
190525558628900,71617005486024,47,bias-calibration,163840,-22944,642848,,,
190525559569800,71617006485941,48,bias-calibration,162784,-14592,637344,,,
190525560525300,71617007487732,49,bias-calibration,158208,-7648,630752,,,
190525561637800,71617008486316,50,bias-calibration,161088,-1120,622368,,,
190525562531600,71617009486649,51,bias-calibration,164000,6272,611328,,,
190525563530900,71617010487649,52,bias-calibration,163232,12672,599360,,,
190525564464000,71617011488066,53,bias-calibration,163424,20864,586144,,,
190525565463900,71617012488066,54,bias-calibration,161248,28512,571840,,,
190525566577500,71617013488357,55,bias-calibration,154272,35296,557856,,,
190525567464100,71617014489024,56,bias-calibration,152928,42176,543808,,,
190525568462500,71617015484274,57,bias-calibration,151488,48736,530688,,,
190525569466500,71617016488566,58,bias-calibration,150080,56032,518208,,,
190525570560900,71617017489899,59,bias-calibration,152192,63968,505472,,,
190525571594100,71617018487441,60,bias-calibration,153152,72000,491328,,,
190525572578600,71617019496566,61,bias-calibration,149696,79936,477632,,,
190525573546600,71617020485899,62,bias-calibration,147008,88192,462240,,,
190525574464500,71617021488066,63,bias-calibration,145600,96768,444320,,,
190525575455500,71617022484524,64,bias-calibration,140352,104928,425536,,,
190525576558400,71617023487691,65,bias-calibration,136384,113248,404896,,,
190525577471600,71617024488649,66,bias-calibration,135104,122880,383552,,,
190525578472000,71617025486774,67,bias-calibration,132544,131936,361664,,,
190525579659200,71617026491524,68,bias-calibration,129184,140768,339136,,,
190525580468600,71617027492149,69,bias-calibration,127392,148960,316896,,,
190525581469900,71617028486232,70,bias-calibration,124000,156992,294976,,,
190525582462600,71617029486566,71,bias-calibration,118496,163552,273952,,,
190525583575900,71617030486316,72,bias-calibration,114720,170464,252992,,,
190525584461000,71617031489732,73,bias-calibration,113888,177408,231104,,,
190525585468900,71617032487274,74,bias-calibration,112768,184416,210528,,,
190525586454200,71617033486524,75,bias-calibration,110848,190688,188384,,,
190525587474200,71617034484524,76,bias-calibration,107104,196512,166176,,,
190525588466000,71617035485941,77,bias-calibration,101152,202592,143808,,,
190525589500300,71617036484149,78,bias-calibration,97024,208288,122176,,,
190525590489600,71617037483566,79,bias-calibration,95520,213888,100832,,,
190525591464400,71617038483149,80,bias-calibration,92992,217664,80096,,,
190525592479800,71617039483274,81,bias-calibration,90400,221056,60832,,,
190525593469900,71617040483191,82,bias-calibration,87936,223648,42016,,,
190525594472800,71617041484316,83,bias-calibration,86976,224736,25792,,,
190525595466500,71617042483066,84,bias-calibration,85600,226080,9056,,,
190525596464000,71617043483107,85,bias-calibration,85024,227072,-6240,,,
190525597474300,71617044483232,86,bias-calibration,85920,227680,-20192,,,
190525598473800,71617045483399,87,bias-calibration,85792,228768,-35936,,,
190525599465000,71617046483607,88,bias-calibration,86176,229280,-49728,,,
190525600463800,71617047483316,89,bias-calibration,85152,230048,-62752,,,
190525601466400,71617048483566,90,bias-calibration,85408,229952,-76416,,,
190525602473600,71617049483357,91,bias-calibration,86048,231072,-88736,,,
190525603474200,71617050483316,92,bias-calibration,86368,230784,-100512,,,
190525604478700,71617051483566,93,bias-calibration,83776,229824,-110176,,,
190525605483400,71617052483232,94,bias-calibration,81536,227584,-118816,,,
190525606473300,71617053482941,95,bias-calibration,79456,225664,-126336,,,
190525607467800,71617054483857,96,bias-calibration,77376,223200,-131360,,,
190525608467400,71617055483149,97,bias-calibration,76064,221728,-135936,,,
190525609458000,71617056483107,98,bias-calibration,73888,219136,-140512,,,
190525610455200,71617057483274,99,bias-calibration,72160,217024,-143040,,,
190525611468700,71617058485149,100,bias-calibration,68864,214304,-145472,,,
190525612462900,71617059484732,101,bias-calibration,66912,211552,-148576,,,
190525613458200,71617060483316,102,bias-calibration,67360,208288,-150016,,,
190525614452800,71617061483316,103,bias-calibration,64864,205216,-152448,,,
190525615451100,71617062483191,104,bias-calibration,61344,200768,-152576,,,
190525616466800,71617063484857,105,bias-calibration,60192,196064,-152128,,,
190525617465000,71617064484899,106,bias-calibration,59104,191872,-151392,,,
190525618453700,71617065483107,107,bias-calibration,58880,186208,-149024,,,
190525619477800,71617066483191,108,bias-calibration,59264,181440,-146048,,,
190525620470700,71617067484482,109,bias-calibration,62304,176416,-142208,,,
190525621462200,71617068483691,110,bias-calibration,64000,170560,-138080,,,
190525622476100,71617069483316,111,bias-calibration,63680,164160,-133120,,,
190525623476600,71617070483524,112,bias-calibration,63872,157792,-128832,,,
190525624479700,71617071483941,113,bias-calibration,63328,152000,-124640,,,
190525625469900,71617072483274,114,bias-calibration,61760,145280,-119616,,,
190525626478900,71617073483357,115,bias-calibration,62336,138752,-115168,,,
190525627461600,71617074483357,116,bias-calibration,62528,132128,-110688,,,
190525628467700,71617075483274,117,bias-calibration,59040,125664,-106432,,,
190525629465700,71617076483191,118,bias-calibration,58048,118816,-100832,,,
190525630462900,71617077483191,119,bias-calibration,57120,111968,-93760,,,
190525631458600,71617078484024,120,bias-calibration,54688,104896,-87104,,,
190525632465300,71617079483232,121,bias-calibration,50880,97184,-79872,,,
190525633459600,71617080483482,122,bias-calibration,47104,88960,-72256,,,
190525634455600,71617081483399,123,bias-calibration,43328,80544,-63456,,,
190525635452700,71617082483441,124,bias-calibration,38080,72352,-55360,,,
190525636454200,71617083484732,125,bias-calibration,32256,64544,-46752,,,
190525637458100,71617084483357,126,bias-calibration,28512,57312,-37216,,,
190525638471500,71617085483357,127,bias-calibration,22016,49920,-27840,,,
190525639474300,71617086483316,128,bias-calibration,17536,43072,-17984,,,
190525640467700,71617087483232,129,bias-calibration,11872,36096,-7904,,,
190525641461900,71617088483399,130,bias-calibration,7616,29056,2592,,,
190525642475400,71617089483232,131,bias-calibration,2368,20864,14592,,,
190525643471600,71617090483941,132,bias-calibration,-3744,13152,27648,,,
190525644461400,71617091483357,133,bias-calibration,-8896,4640,40448,,,
190525645476800,71617092483316,134,bias-calibration,-14752,-3296,53536,,,
190525646463800,71617093483441,135,bias-calibration,-19584,-12064,67616,,,
190525647475000,71617094483316,136,bias-calibration,-23008,-20640,82272,,,
190525648459600,71617095483357,137,bias-calibration,-26016,-28992,97248,,,
190525649460100,71617096483816,138,bias-calibration,-29984,-38240,112096,,,
190525650459100,71617097483232,139,bias-calibration,-34400,-46720,126848,,,
190525651461400,71617098485816,140,bias-calibration,-36896,-55040,141888,,,
190525652451000,71617099483232,141,bias-calibration,-39680,-64288,157504,,,
190525653464300,71617100484816,142,bias-calibration,-43904,-73056,173216,,,
190525654451900,71617101483316,143,bias-calibration,-47648,-83136,188128,,,
190525655458800,71617102483066,144,bias-calibration,-50272,-92064,203360,,,
190525656454200,71617103483399,145,bias-calibration,-52352,-102176,219200,,,
190525657454500,71617104483399,146,bias-calibration,-54176,-111200,234592,,,
190525658468200,71617105482857,147,bias-calibration,-55616,-119744,250048,,,
190525659467900,71617106483399,148,bias-calibration,-56544,-129376,265920,,,
190525660458000,71617107483274,149,bias-calibration,-58880,-138464,280160,,,
190525661458000,71617108483357,150,bias-calibration,-60256,-147488,294624,,,
190525662469700,71617109483274,151,bias-calibration,-62176,-156480,308128,,,
190525663474800,71617110484691,152,bias-calibration,-64352,-165600,322464,,,
190525664470700,71617111483191,153,bias-calibration,-67616,-173536,334624,,,
190525665473200,71617112483149,154,bias-calibration,-70112,-181824,348352,,,
190525666468000,71617113483191,155,bias-calibration,-70432,-189024,360832,,,
190525667465500,71617114483482,156,bias-calibration,-71456,-196960,373472,,,
190525668472700,71617115483316,157,bias-calibration,-71968,-204288,386944,,,
190525669458400,71617116483399,158,bias-calibration,-72256,-211520,399136,,,
190525670454300,71617117483316,159,bias-calibration,-72000,-219296,412000,,,
190525671454100,71617118483441,160,bias-calibration,-72384,-226720,424768,,,
190525672453900,71617119484566,161,bias-calibration,-72160,-233824,436800,,,
190525673461500,71617120485399,162,bias-calibration,-70560,-241728,448992,,,
190525674467500,71617121483274,163,bias-calibration,-68896,-249952,460640,,,
190525675472200,71617122483191,164,bias-calibration,-66912,-258016,471616,,,
190525676459100,71617123483774,165,bias-calibration,-64352,-265856,483232,,,
190525677461200,71617124484149,166,bias-calibration,-62720,-273312,493152,,,
190525678463500,71617125483399,167,bias-calibration,-60224,-280544,503584,,,
190525679460800,71617126483399,168,bias-calibration,-56256,-287232,513216,,,
190525680459900,71617127483274,169,bias-calibration,-51712,-293920,522528,,,
190525681458000,71617128483357,170,bias-calibration,-46656,-300576,531136,,,
190525682460000,71617129483399,171,bias-calibration,-40480,-307520,539712,,,
190525683460000,71617130484774,172,bias-calibration,-34208,-314432,547104,,,
190525684467900,71617131483274,173,bias-calibration,-30272,-320832,554912,,,
190525685457200,71617132483191,174,bias-calibration,-26976,-327168,560640,,,
190525686457000,71617133483274,175,bias-calibration,-23456,-333376,568192,,,
190525687460700,71617134483107,176,bias-calibration,-20160,-339008,572864,,,
190525688458900,71617135483566,177,bias-calibration,-16576,-343968,577632,,,
190525689459200,71617136485191,178,bias-calibration,-11616,-348544,583360,,,
190525690459100,71617137483232,179,bias-calibration,-7456,-351616,588192,,,
190525691455000,71617138483482,180,bias-calibration,-4704,-354496,592928,,,
190525692451900,71617139483316,181,bias-calibration,-2624,-356928,598432,,,
190525693460700,71617140483232,182,bias-calibration,-1120,-358112,603168,,,
190525694460300,71617141483232,183,bias-calibration,-704,-360000,608384,,,
190525695458300,71617142483149,184,bias-calibration,-1088,-361280,612704,,,
190525696459200,71617143483441,185,bias-calibration,-384,-362560,617216,,,
190525697460500,71617144483316,186,bias-calibration,-672,-363104,620800,,,
190525698460200,71617145483274,187,bias-calibration,-544,-362880,625120,,,
190525699460200,71617146483441,188,bias-calibration,-416,-362496,628288,,,
190525700466300,71617147483524,189,bias-calibration,0,-361504,631744,,,
190525701464600,71617148483232,190,bias-calibration,0,-360896,634016,,,
190525702455300,71617149483399,191,bias-calibration,1632,-360000,637120,,,
190525703453000,71617150483274,192,bias-calibration,3232,-359712,638688,,,
190525704460000,71617151483232,193,bias-calibration,5664,-358848,641024,,,
190525705458100,71617152483274,194,bias-calibration,8640,-358848,643424,,,
190525706460000,71617153483191,195,bias-calibration,12704,-358144,646080,,,
190525707459100,71617154484774,196,bias-calibration,17056,-359008,647264,,,
190525708459900,71617155483191,197,bias-calibration,21600,-359104,648992,,,
190525709459600,71617156483107,198,bias-calibration,27776,-359488,650656,,,
190525710459900,71617157484274,199,bias-calibration,35168,-360544,651968,,,
190525711459700,71617158483149,200,bias-calibration,41568,-361696,653504,,,
190525712459600,71617159483107,201,bias-calibration,47328,-362816,653216,,,
190525713459100,71617160484316,202,bias-calibration,53952,-364288,654144,,,
190525714458400,71617161483274,203,bias-calibration,61600,-365888,653504,,,
190525715459800,71617162483232,204,bias-calibration,69888,-367200,652896,,,
190525716563500,71617163483274,205,bias-calibration,79008,-368288,653408,,,
190525717562800,71617164483274,206,bias-calibration,87552,-370112,652768,,,
190525718787600,71617165485816,207,bias-calibration,96320,-371136,651712,,,
190525719553500,71617166483732,208,bias-calibration,105376,-372480,650400,,,
190525720559400,71617167483691,209,bias-calibration,114112,-373792,648896,,,
190525721527900,71617168483066,210,bias-calibration,120960,-374944,646304,,,
190525722557500,71617169482982,211,bias-calibration,128544,-376320,644064,,,
190525723563400,71617170483441,212,bias-calibration,133184,-378176,641248,,,
190525724584300,71617171483357,213,bias-calibration,140032,-378944,639040,,,
190525725571900,71617172483441,214,bias-calibration,146240,-380160,636384,,,
190525726599400,71617173483274,215,bias-calibration,151136,-380736,633344,,,
190525727591900,71617174482774,216,bias-calibration,156896,-381120,630656,,,
190525728537100,71617175483566,217,bias-calibration,161408,-380544,628064,,,
190525729560700,71617176483232,218,bias-calibration,165952,-381120,625568,,,
190525730565800,71617177483191,219,bias-calibration,167904,-379840,622400,,,
190525731698800,71617178484691,220,bias-calibration,171456,-379232,619904,,,
190525732547700,71617179483941,221,bias-calibration,174048,-378880,617344,,,
190525733534000,71617180483107,222,bias-calibration,174976,-377792,614176,,,
190525734463500,71617181483107,223,bias-calibration,176832,-375776,611072,,,
190525735460200,71617182483691,224,bias-calibration,179744,-373792,609024,,,
190525736459700,71617183483357,225,bias-calibration,182848,-372448,606912,,,
190525737456800,71617184483191,226,bias-calibration,184960,-371200,603488,,,
190525738459400,71617185483399,227,bias-calibration,187968,-369984,602560,,,
190525739458100,71617186483232,228,bias-calibration,193024,-369632,600000,,,
190525740455500,71617187483274,229,bias-calibration,192352,-368992,599136,,,
190525741455000,71617188483149,230,bias-calibration,192384,-368544,597440,,,
190525742456800,71617189483274,231,bias-calibration,197600,-368128,597824,,,
190525743455600,71617190483274,232,bias-calibration,199584,-367168,598464,,,
190525744459400,71617191483107,233,bias-calibration,201984,-366272,598144,,,
190525745458500,71617192483066,234,bias-calibration,210784,-365312,599616,,,
190525746454300,71617193483149,235,bias-calibration,217376,-364896,601120,,,
190525747468500,71617194483357,236,bias-calibration,218688,-364800,602080,,,
190525748460000,71617195483274,237,bias-calibration,221632,-364832,603648,,,
190525749451800,71617196483149,238,bias-calibration,227008,-365600,605536,,,
190525750454300,71617197483399,239,bias-calibration,230464,-365856,606880,,,
190525751456700,71617198483149,240,bias-calibration,233216,-367072,608384,,,
190525752458200,71617199483274,241,bias-calibration,237504,-368480,609120,,,
190525753456800,71617200483274,242,bias-calibration,240544,-369152,610304,,,
190525754454100,71617201482774,243,bias-calibration,244320,-369984,612000,,,
190525755565700,71617202483232,244,bias-calibration,247616,-368352,613152,,,
190525756554300,71617203483232,245,bias-calibration,249312,-368512,614208,,,
190525757459300,71617204483191,246,bias-calibration,249888,-368224,615616,,,
190525758582700,71617205483274,247,bias-calibration,247328,-367328,617248,,,
190525759593300,71617206482899,248,bias-calibration,249408,-366304,617952,,,
190525760569800,71617207484774,249,bias-calibration,253568,-364448,619392,,,
190525761573800,71617208483107,250,bias-calibration,253792,-363296,621664,,,
190525762456500,71617209483232,251,bias-calibration,248800,-362048,622912,,,
190525763596400,71617210483316,252,bias-calibration,249920,-361184,624768,,,
190525764457600,71617211483149,253,bias-calibration,254176,-360192,626048,,,
190525765458600,71617212483274,254,bias-calibration,249280,-361216,629120,,,
190525766462900,71617213483191,255,bias-calibration,241760,-361024,630912,,,
190525767459900,71617214483232,0,bias-calibration,242080,-359776,633504,,,
190525768463400,71617215483066,1,bias-calibration,246656,-357760,635264,,,
190525769460100,71617216484732,2,bias-calibration,247840,-355552,637792,,,
190525770453300,71617217483316,3,bias-calibration,243840,-353536,640160,,,
190525771460700,71617218483357,4,bias-calibration,242752,-352640,642688,,,
190525772464100,71617219483399,5,bias-calibration,245120,-350784,644960,,,
190525773463000,71617220494066,6,bias-calibration,243296,-349568,646816,,,
190525774463100,71617221483149,7,bias-calibration,236576,-347296,648224,,,
190525775464000,71617222483316,8,bias-calibration,231360,-346528,649504,,,
190525776463100,71617223483107,9,bias-calibration,232160,-344128,650720,,,
190525777464200,71617224483816,10,bias-calibration,231552,-343168,650784,,,
190525778462500,71617225483191,11,bias-calibration,227296,-341568,651488,,,
190525779619500,71617226483149,12,bias-calibration,223008,-340448,652000,,,
190525780460300,71617227483107,13,bias-calibration,222336,-337984,652352,,,
190525781458700,71617228483232,14,bias-calibration,218688,-334688,651648,,,
190525782461600,71617229483316,15,bias-calibration,215040,-332800,650624,,,
190525783463300,71617230483274,16,bias-calibration,211488,-329088,649216,,,
190525784462900,71617231486816,17,bias-calibration,207776,-326336,647232,,,
190525785463100,71617232483316,18,bias-calibration,209408,-322592,644672,,,
190525786463500,71617233483107,19,bias-calibration,210528,-319680,642592,,,
190525787462700,71617234483232,20,bias-calibration,204352,-315872,639712,,,
190525788462500,71617235483107,21,bias-calibration,200000,-311936,636256,,,
190525789460400,71617236483191,22,bias-calibration,201632,-308544,634368,,,
190525790462400,71617237483066,23,bias-calibration,198112,-304704,631104,,,
190525791463100,71617238483066,24,bias-calibration,193280,-301280,628800,,,
190525792462800,71617239483316,25,bias-calibration,193632,-296064,624832,,,
190525793462400,71617240483357,26,bias-calibration,192800,-291360,622240,,,
190525794462400,71617241484316,27,bias-calibration,190624,-285152,618464,,,
190525795473000,71617242483274,28,bias-calibration,190848,-278464,614880,,,
190525796557800,71617243483149,29,bias-calibration,189888,-271840,611072,,,
190525797580500,71617244483316,30,bias-calibration,186880,-265344,605696,,,
190525798562800,71617245483316,31,bias-calibration,184192,-258080,600832,,,
190525799575700,71617246483357,32,bias-calibration,182496,-251104,595360,,,
190525800564200,71617247483191,33,bias-calibration,181472,-243104,590112,,,
190525801560600,71617248484357,34,bias-calibration,180960,-235904,584000,,,
190525802567500,71617249486107,35,bias-calibration,177472,-228960,577120,,,
190525803521700,71617250483274,36,bias-calibration,176448,-221632,570976,,,
190525804571000,71617251483357,37,bias-calibration,176224,-214304,564576,,,
190525805541100,71617252483232,38,bias-calibration,175520,-207744,558912,,,
190525806598300,71617253483316,39,bias-calibration,174304,-199168,553216,,,
190525807523000,71617254486482,40,bias-calibration,174976,-192800,548192,,,
190525808589500,71617255483191,41,bias-calibration,173376,-184384,540768,,,
190525809531600,71617256483232,42,bias-calibration,174176,-177728,536128,,,
190525810564300,71617257483149,43,bias-calibration,173280,-170944,530912,,,
190525811540300,71617258484482,44,bias-calibration,170816,-164128,525632,,,
190525812571200,71617259483232,45,bias-calibration,170720,-157504,520928,,,
190525813536900,71617260483066,46,bias-calibration,171648,-150144,516064,,,
190525814541200,71617261483232,47,bias-calibration,170400,-143488,510144,,,
190525815590900,71617262483357,48,bias-calibration,168256,-136544,504768,,,
190525816551800,71617263483357,49,bias-calibration,168928,-130432,499456,,,
190525817568800,71617264483316,50,bias-calibration,169088,-123712,493856,,,
190525818521600,71617265483274,51,bias-calibration,166496,-117728,488544,,,
190525819578600,71617266483316,52,bias-calibration,162880,-111360,483808,,,
190525820458100,71617267483274,53,bias-calibration,162272,-105792,480160,,,
190525821459600,71617268483191,54,bias-calibration,162816,-98624,474592,,,
190525822460600,71617269483274,55,bias-calibration,161952,-93120,470752,,,
190525823460500,71617270483024,56,bias-calibration,160256,-87584,466496,,,
190525824461800,71617271483107,57,bias-calibration,161024,-82208,462240,,,
190525825460700,71617272483066,58,bias-calibration,161472,-77760,458880,,,
190525826460500,71617273483691,59,bias-calibration,154848,-74304,456768,,,
190525827467200,71617274483232,60,bias-calibration,149856,-70592,453696,,,
190525828463000,71617275483274,61,bias-calibration,148896,-66304,451904,,,
190525829460900,71617276483316,62,bias-calibration,146592,-63008,450368,,,
190525830461600,71617277483982,63,bias-calibration,145280,-58912,447616,,,
190525831458900,71617278484066,64,bias-calibration,148544,-55456,446240,,,
190525832461200,71617279483191,65,bias-calibration,149088,-52672,445248,,,
190525833460700,71617280483149,66,bias-calibration,145344,-50400,443168,,,
190525834458600,71617281483441,67,bias-calibration,145792,-48800,440768,,,
190525835461400,71617282483066,68,bias-calibration,143552,-48864,439520,,,
190525836460600,71617283483233,69,bias-calibration,138688,-49312,437984,,,
190525837460800,71617284483191,70,bias-calibration,136736,-50080,436416,,,
190525838460300,71617285483024,71,bias-calibration,136864,-51136,434816,,,
190525839459500,71617286483358,72,bias-calibration,136896,-51712,433344,,,
190525840458800,71617287483316,73,bias-calibration,137920,-51328,432416,,,
190525841459400,71617288483316,74,bias-calibration,138880,-50720,431712,,,
190525842459700,71617289483233,75,bias-calibration,140736,-50752,430976,,,
190525843457800,71617290483566,76,bias-calibration,141376,-51360,429728,,,
190525844466900,71617291483191,77,bias-calibration,143008,-53504,428832,,,
190525845461200,71617292483024,78,bias-calibration,146368,-56384,428160,,,
190525846459100,71617293483233,79,bias-calibration,148576,-59616,426816,,,
190525847461900,71617294483149,80,bias-calibration,149344,-63424,424960,,,
190525848459000,71617295485274,81,bias-calibration,149120,-68000,422976,,,
190525849459900,71617296483608,82,bias-calibration,150720,-72448,420736,,,
190525850459700,71617297483274,83,bias-calibration,152000,-76160,417568,,,
190525851458800,71617298483233,84,bias-calibration,152512,-80192,413728,,,
190525852460700,71617299483233,85,bias-calibration,154112,-83712,410528,,,
190525853459800,71617300483566,86,bias-calibration,153376,-87616,407264,,,
190525854457900,71617301483983,87,bias-calibration,152256,-90528,403520,,,
190525855459800,71617302483191,88,bias-calibration,150592,-93600,401120,,,
190525856460500,71617303483316,89,bias-calibration,148800,-95872,398304,,,
190525857459800,71617304483191,90,bias-calibration,145632,-98720,394688,,,
190525858457000,71617305483233,91,bias-calibration,144928,-102304,391584,,,
190525859463700,71617306483233,92,bias-calibration,144832,-106720,387936,,,
190525860462500,71617307483149,93,bias-calibration,143200,-111520,384352,,,
190525861460900,71617308483316,94,bias-calibration,139776,-115776,380800,,,
190525862459900,71617309483233,95,bias-calibration,137408,-120928,376672,,,
190525863460000,71617310483316,96,bias-calibration,136064,-125696,372704,,,
190525864459900,71617311483316,97,bias-calibration,136096,-130368,368576,,,
190525865459800,71617312483191,98,bias-calibration,136384,-135648,364448,,,
190525866460000,71617313484024,99,bias-calibration,138464,-141408,361056,,,
190525867460600,71617314484316,100,bias-calibration,142336,-145760,357152,,,
190525868461000,71617315483774,101,bias-calibration,144000,-150304,353952,,,
190525869485400,71617316483191,102,bias-calibration,146688,-155392,351520,,,
190525870575200,71617317483066,103,bias-calibration,147904,-160160,348352,,,
190525871457100,71617318483816,104,bias-calibration,149504,-164736,346368,,,
190525872462000,71617319485733,105,bias-calibration,150208,-169792,343776,,,
190525873459600,71617320483358,106,bias-calibration,151008,-174976,342336,,,
190525874459600,71617321483441,107,bias-calibration,152096,-179200,339552,,,
190525875464600,71617322483149,108,bias-calibration,151968,-183168,337824,,,
190525876463200,71617323483233,109,bias-calibration,151712,-186240,336352,,,
190525877461000,71617324483191,110,bias-calibration,152128,-189984,335488,,,
190525878461100,71617325484649,111,bias-calibration,150592,-193184,333056,,,
190525879460200,71617326483233,112,bias-calibration,150048,-196000,332736,,,
190525880460700,71617327483108,113,bias-calibration,148288,-199520,332000,,,
190525881459800,71617328483108,114,bias-calibration,145984,-202720,330464,,,
190525882459400,71617329483066,115,bias-calibration,143808,-206432,329888,,,
190525883460600,71617330484566,116,bias-calibration,140416,-208992,329120,,,
190525884458700,71617331483358,117,bias-calibration,139328,-212672,327040,,,
190525885459800,71617332483316,118,bias-calibration,137728,-214848,326144,,,
190525886460500,71617333484733,119,bias-calibration,136000,-218400,324640,,,
190525887457900,71617334483233,120,bias-calibration,134752,-221440,322528,,,
190525888460400,71617335483399,121,bias-calibration,133888,-225408,321696,,,
190525889459700,71617336483191,122,bias-calibration,131200,-228384,319616,,,
190525890459900,71617337485191,123,bias-calibration,129184,-231872,318304,,,
190525891460100,71617338483233,124,bias-calibration,128128,-235520,317088,,,
190525892463600,71617339483149,125,bias-calibration,126560,-238304,316256,,,
190525893460800,71617340485358,126,bias-calibration,124800,-242016,315200,,,
190525894461200,71617341483108,127,bias-calibration,122720,-244192,314496,,,
190525895458900,71617342483316,128,bias-calibration,122752,-246048,313024,,,
190525896458100,71617343484483,129,bias-calibration,119680,-248672,312896,,,
190525897460100,71617344483399,130,bias-calibration,115904,-249984,311584,,,
190525898460200,71617345483316,131,bias-calibration,112064,-250944,310496,,,
190525899460000,71617346483316,132,bias-calibration,109440,-252800,309248,,,
190525900460500,71617347483149,133,bias-calibration,106208,-253376,307296,,,
190525901459900,71617348484316,134,bias-calibration,103040,-254816,306464,,,
190525902460200,71617349484524,135,bias-calibration,98816,-255456,304352,,,
190525903460800,71617350483316,136,bias-calibration,94368,-256288,302912,,,
190525904460300,71617351483108,137,bias-calibration,90560,-257248,301280,,,
190525905459700,71617352482691,138,bias-calibration,86400,-257792,300064,,,
190525906460700,71617353483233,139,bias-calibration,82016,-258016,297920,,,
190525907455200,71617354483316,140,bias-calibration,78464,-258848,297344,,,
190525908463800,71617355484774,141,bias-calibration,76064,-259616,296128,,,
190525909463300,71617356483608,142,bias-calibration,72928,-258912,295328,,,
190525910460300,71617357485066,143,bias-calibration,70016,-258816,295040,,,
190525911460700,71617358483274,144,bias-calibration,66848,-258752,294784,,,
190525912460300,71617359483274,145,bias-calibration,64064,-257952,293760,,,
190525913458400,71617360484399,146,bias-calibration,60992,-257344,293248,,,
190525914460400,71617361483149,147,bias-calibration,58048,-256928,293536,,,
190525915460100,71617362483191,148,bias-calibration,55712,-256736,293024,,,
190525916460800,71617363483024,149,bias-calibration,53120,-256192,292992,,,
190525917459800,71617364483108,150,bias-calibration,49760,-255584,293600,,,
190525918459800,71617365483316,151,bias-calibration,47168,-254432,293472,,,
190525919460100,71617366483233,152,bias-calibration,44928,-252960,293792,,,
190525920460600,71617367483358,153,bias-calibration,41504,-251520,294432,,,
190525921460000,71617368483191,154,bias-calibration,39360,-249312,294688,,,
190525922458100,71617369483233,155,bias-calibration,38752,-246336,295392,,,
190525923458700,71617370483316,156,bias-calibration,35584,-243680,295648,,,
190525924462300,71617371483233,157,bias-calibration,31904,-241472,296320,,,
190525925460000,71617372483149,158,bias-calibration,30432,-238688,297888,,,
190525926460500,71617373483941,159,bias-calibration,27840,-236000,299136,,,
190525927460000,71617374483358,160,bias-calibration,23808,-233152,300416,,,
190525928460000,71617375483108,161,bias-calibration,21696,-231104,301536,,,
190525929459900,71617376483358,162,bias-calibration,20416,-228288,303136,,,
190525930460200,71617377483399,163,bias-calibration,18400,-225408,304832,,,
190525931458200,71617378486774,164,bias-calibration,16480,-222240,306304,,,
190525932460700,71617379483233,165,bias-calibration,15328,-219520,307776,,,
190525933459500,71617380484691,166,bias-calibration,15008,-216288,310080,,,
190525934459900,71617381483149,167,bias-calibration,13472,-213600,311584,,,
190525935460000,71617382483191,168,bias-calibration,12832,-210688,313312,,,
190525936460500,71617383483191,169,bias-calibration,12704,-208000,315072,,,
190525937459900,71617384483108,170,bias-calibration,13472,-204672,317280,,,
190525938460100,71617385484649,171,bias-calibration,12800,-202080,319424,,,
190525939463400,71617386483024,172,bias-calibration,13664,-199360,321024,,,
190525940463200,71617387483066,173,bias-calibration,14752,-197312,323456,,,
190525941460600,71617388483316,174,bias-calibration,15200,-195104,325024,,,
190525942460700,71617389483399,175,bias-calibration,16256,-192928,327456,,,
190525943459700,71617390484108,176,bias-calibration,17632,-191968,330464,,,
190525944460000,71617391483149,177,bias-calibration,18464,-189888,332800,,,
190525945459800,71617392483191,178,bias-calibration,20064,-188960,335008,,,
190525946460900,71617393483108,179,bias-calibration,21568,-188608,337824,,,
190525947460100,71617394483191,180,bias-calibration,22752,-188096,339936,,,
190525948460300,71617395483191,181,bias-calibration,24224,-188160,342784,,,
190525949459800,71617396483233,182,bias-calibration,27008,-188032,344608,,,
190525950459900,71617397483149,183,bias-calibration,28096,-187872,346208,,,
190525951458900,71617398483066,184,bias-calibration,29728,-187936,348384,,,
190525952460500,71617399483774,185,bias-calibration,31456,-189024,351104,,,
190525953460400,71617400484858,186,bias-calibration,32704,-189984,352192,,,
190525954459800,71617401483316,187,bias-calibration,34816,-191520,354112,,,
190525955456000,71617402484316,188,bias-calibration,35392,-192064,355136,,,
190525956464400,71617403483274,189,bias-calibration,37600,-193856,356576,,,
190525957461200,71617404483274,190,bias-calibration,39616,-195904,357408,,,
190525958459600,71617405483149,191,bias-calibration,38976,-197280,358208,,,
190525959460200,71617406483108,192,bias-calibration,38016,-198976,358752,,,
190525960459400,71617407483149,193,bias-calibration,38464,-201056,358880,,,
190525961459500,71617408483191,194,bias-calibration,38080,-202656,358912,,,
190525962458600,71617409483149,195,bias-calibration,37888,-204480,358272,,,
190525963459900,71617410483483,196,bias-calibration,37344,-206688,357856,,,
190525964457800,71617411483399,197,bias-calibration,37312,-208704,356448,,,
190525965460500,71617412483358,198,bias-calibration,37280,-210944,355520,,,
190525966457600,71617413483233,199,bias-calibration,36512,-212672,354560,,,
190525967459600,71617414486649,200,bias-calibration,35904,-216288,353376,,,
190525968460000,71617415483358,201,bias-calibration,36000,-218720,351168,,,
190525969685400,71617416483191,202,bias-calibration,36096,-222208,350144,,,
190525970820000,71617417483316,203,bias-calibration,36512,-226176,348032,,,
190525971459400,71617418483108,204,bias-calibration,37696,-229728,345952,,,
190525973162400,71617419483233,205,bias-calibration,38400,-233280,343552,,,
190525973457100,71617420484649,206,bias-calibration,38848,-236288,341280,,,
190525974461800,71617421483149,207,bias-calibration,40384,-240832,339616,,,
190525975526000,71617422484816,208,bias-calibration,43168,-244832,337792,,,
190525976466700,71617423483274,209,bias-calibration,44512,-248960,335776,,,
190525977462300,71617424483316,210,bias-calibration,46368,-252768,333792,,,
190525978460800,71617425483358,211,bias-calibration,50080,-257184,331712,,,
190525979462200,71617426484191,212,bias-calibration,52288,-261216,331520,,,
190525980459800,71617427483233,213,bias-calibration,54208,-265632,329600,,,
190525981460200,71617428483066,214,bias-calibration,55616,-269632,328384,,,
190525982460700,71617429483191,215,bias-calibration,57152,-273600,326976,,,
190525983460000,71617430483149,216,bias-calibration,58816,-277248,325664,,,
190525984459300,71617431482899,217,bias-calibration,59328,-280544,323520,,,
190525985460000,71617432483191,218,bias-calibration,61120,-283904,323456,,,
190525986460000,71617433483316,219,bias-calibration,61376,-286816,321472,,,
190525987454800,71617434483358,220,bias-calibration,61696,-289600,321408,,,
190525988456500,71617435483233,221,bias-calibration,61440,-291904,320544,,,
190525989456600,71617436482816,222,bias-calibration,61888,-293888,320288,,,
190525990455700,71617437483191,223,bias-calibration,62112,-295808,318496,,,
190525991457400,71617438483233,224,bias-calibration,62304,-296992,318720,,,
190525992470300,71617439484608,225,bias-calibration,62944,-299040,318016,,,
190525993462000,71617440483233,226,bias-calibration,63072,-300576,317952,,,
190525994460000,71617441483441,227,bias-calibration,63168,-301440,316704,,,
190525995458600,71617442483441,228,bias-calibration,64800,-302848,316224,,,
190525996459600,71617443483524,229,bias-calibration,65152,-303904,315104,,,
190525997459300,71617444483441,230,bias-calibration,65824,-304544,314496,,,
190525998845900,71617445483274,231,bias-calibration,66528,-305376,313728,,,
190525999456600,71617446484358,232,bias-calibration,68128,-306176,313600,,,
190526000459900,71617447483316,233,bias-calibration,70656,-306304,313824,,,
190526001460200,71617448483149,234,bias-calibration,72448,-306560,314016,,,
190526002457400,71617449483233,235,bias-calibration,72192,-306432,313856,,,
190526003457200,71617450493899,236,bias-calibration,74016,-305856,315712,,,
190526004457800,71617451483233,237,bias-calibration,76672,-305024,316224,,,
190526005456000,71617452483233,238,bias-calibration,76448,-303392,317440,,,
190526006451700,71617453484149,239,bias-calibration,76320,-300640,318272,,,
190526007450900,71617454483149,240,bias-calibration,78912,-298240,319328,,,
190526008450400,71617455483108,241,bias-calibration,79104,-295424,320256,,,
190526009453000,71617456486066,242,bias-calibration,79520,-291744,321280,,,
190526010456100,71617457483191,243,bias-calibration,81536,-288544,322976,,,
190526011826700,71617458483149,244,bias-calibration,81216,-284448,324224,,,
190526012450600,71617459483108,245,bias-calibration,82944,-280704,325856,,,
190526013456200,71617460483233,246,bias-calibration,84032,-276800,327040,,,
190526014457700,71617461484358,247,bias-calibration,85088,-272000,328416,,,
190526018913400,71617462483233,248,bias-calibration,86720,-267392,329632,,,
190526018939700,71617463483066,249,bias-calibration,90912,-261632,330848,,,
190526018947100,71617464483191,250,bias-calibration,95168,-256352,331904,,,
190526018952600,71617465483066,251,bias-calibration,98944,-251232,332992,,,
190526019455800,71617466483233,252,bias-calibration,102528,-246080,334816,,,
190526020456500,71617467484608,253,bias-calibration,107584,-240352,335168,,,
190526021452400,71617468483191,254,bias-calibration,110176,-235360,336064,,,
190526022452800,71617469483191,255,bias-calibration,112416,-230560,338208,,,
190526023452000,71617470483233,0,bias-calibration,115072,-225664,340480,,,
190526024457800,71617471483191,1,bias-calibration,118304,-219328,341472,,,
190526025454800,71617472483108,2,bias-calibration,121376,-213376,342528,,,
190526026459200,71617473483066,3,bias-calibration,124992,-206976,345344,,,
190526027458900,71617474483108,4,bias-calibration,129792,-199360,347104,,,
190526028474900,71617475483108,5,bias-calibration,134880,-191904,348000,,,
190526029463900,71617476483191,6,bias-calibration,137728,-184960,349632,,,
190526030462100,71617477483149,7,bias-calibration,140800,-178304,351264,,,
190526031467800,71617478483149,8,bias-calibration,143264,-172288,353280,,,
190526032482300,71617479484733,9,bias-calibration,144864,-166080,354368,,,
190526033463900,71617480483316,10,bias-calibration,145792,-160768,355584,,,
190526034483300,71617481483191,11,bias-calibration,147552,-155520,356320,,,
190526035529700,71617482483191,12,bias-calibration,151616,-150112,357376,,,
190526036592400,71617483483108,13,bias-calibration,153696,-143968,358880,,,
190526037522800,71617484483233,14,bias-calibration,156544,-138240,359936,,,
190526038566400,71617485483149,15,bias-calibration,162272,-131808,361344,,,
190526039454400,71617486483233,16,bias-calibration,165696,-126624,362304,,,
190526040459800,71617487483024,17,bias-calibration,168704,-122048,364064,,,
190526041465300,71617488482899,18,bias-calibration,173408,-116928,365120,,,
190526042461200,71617489483066,19,bias-calibration,176544,-112992,366944,,,
190526043459000,71617490483274,20,bias-calibration,177344,-109344,367904,,,
190526044458700,71617491483566,21,bias-calibration,180992,-104992,369152,,,
190526045458700,71617492483149,22,bias-calibration,184608,-102144,370720,,,
190526046458500,71617493483274,23,bias-calibration,187712,-98336,370400,,,
190526047458700,71617494484108,24,bias-calibration,189024,-95936,371616,,,
190526048458600,71617495483191,25,bias-calibration,191680,-93248,373120,,,
190526049452500,71617496482983,26,bias-calibration,192672,-90432,374912,,,
190526050469400,71617497483108,27,bias-calibration,194656,-87328,376288,,,
190526051464300,71617498483024,28,bias-calibration,197568,-84224,378464,,,
190526052460300,71617499483108,29,bias-calibration,201376,-81472,381792,,,
190526053459800,71617500483149,30,bias-calibration,203008,-78848,384000,,,
190526054459700,71617501483358,31,bias-calibration,206240,-77120,386048,,,
190526055467100,71617502483233,32,bias-calibration,209952,-75584,389280,,,
190526056455000,71617503484608,33,bias-calibration,212960,-75680,391488,,,
190526057460200,71617504483274,34,bias-calibration,212512,-75808,394432,,,
190526058459900,71617505483108,35,bias-calibration,212416,-76704,395520,,,
190526059459600,71617506483274,36,bias-calibration,212928,-78880,398336,,,
190526060459600,71617507483191,37,bias-calibration,214208,-80800,401376,,,
190526061459700,71617508484233,38,bias-calibration,214208,-82336,404032,,,
190526062459800,71617509484774,39,bias-calibration,218272,-83808,406400,,,
190526063459700,71617510483066,40,bias-calibration,222624,-85952,409536,,,
190526064457500,71617511483149,41,bias-calibration,221120,-88352,412288,,,
190526065459200,71617512483108,42,bias-calibration,221984,-91552,415424,,,
190526066468400,71617513483399,43,bias-calibration,224608,-94432,417824,,,
190526067468600,71617514483358,44,bias-calibration,224448,-98400,420992,,,
190526068459300,71617515483191,45,bias-calibration,221056,-102528,423264,,,
190526069521700,71617516483233,46,bias-calibration,222240,-108448,426400,,,
190526070583700,71617517483149,47,bias-calibration,222912,-113760,428128,,,
190526071461100,71617518483899,48,bias-calibration,220544,-120544,431712,,,
190526072467400,71617519484733,49,bias-calibration,217792,-127776,433600,,,
190526073460600,71617520483233,50,bias-calibration,219872,-134016,435200,,,
190526074460000,71617521485774,51,bias-calibration,219264,-141088,436768,,,
190526075459700,71617522483066,52,bias-calibration,215744,-147904,439168,,,
190526076459500,71617523482983,53,bias-calibration,215296,-156192,441248,,,
190526077459300,71617524483191,54,bias-calibration,215296,-163520,442080,,,
190526078459800,71617525483274,55,bias-calibration,213248,-170752,444512,,,
190526079457500,71617526484608,56,bias-calibration,212096,-178208,446432,,,
190526080459400,71617527483233,57,bias-calibration,212896,-185504,447840,,,
190526081459400,71617528483233,58,bias-calibration,211680,-193664,449568,,,
190526082455500,71617529483108,59,bias-calibration,208896,-201504,451360,,,
190526083464200,71617530482816,60,bias-calibration,207104,-209760,452832,,,
190526084460900,71617531483274,61,bias-calibration,205792,-218016,454048,,,
190526085459200,71617532483024,62,bias-calibration,202464,-225824,454592,,,
190526086459100,71617533483024,63,bias-calibration,198816,-234272,456672,,,
190526087458800,71617534483066,64,bias-calibration,198304,-241728,457888,,,
190526088458400,71617535482941,65,bias-calibration,196736,-248672,458272,,,
190526089458400,71617536483358,66,bias-calibration,194784,-256160,459776,,,
190526090458600,71617537484024,67,bias-calibration,193792,-263168,460448,,,
190526091458500,71617538484816,68,bias-calibration,192992,-269984,460544,,,
190526092456500,71617539483191,69,bias-calibration,189728,-276928,461568,,,
190526093458300,71617540483191,70,bias-calibration,186688,-283360,462624,,,
190526094458400,71617541483149,71,bias-calibration,184416,-289824,463744,,,
190526095457500,71617542483108,72,bias-calibration,181216,-295008,463776,,,
190526096458000,71617543483233,73,bias-calibration,178784,-300800,464352,,,
190526097458000,71617544483149,74,bias-calibration,177248,-307008,464544,,,
190526098478000,71617545484441,75,bias-calibration,175264,-312800,464960,,,
190526099465800,71617546483108,76,bias-calibration,171872,-317792,464896,,,
190526100464700,71617547483274,77,bias-calibration,168352,-322976,466272,,,
190526101460100,71617548483274,78,bias-calibration,164704,-326496,466176,,,
190526102458900,71617549483149,79,bias-calibration,163616,-330752,467744,,,
190526103458800,71617550483233,80,bias-calibration,160832,-333920,468064,,,
190526104458700,71617551483024,81,bias-calibration,158720,-336992,468096,,,
190526105458800,71617552483149,82,bias-calibration,156768,-340256,469376,,,
190526106457900,71617553483149,83,bias-calibration,154144,-341920,468800,,,
190526107458700,71617554483066,84,bias-calibration,151648,-344064,469088,,,
190526108458500,71617555483108,85,bias-calibration,148608,-344512,468640,,,
190526109458800,71617556483024,86,bias-calibration,146688,-345152,467712,,,
190526110458600,71617557483024,87,bias-calibration,143872,-345632,466304,,,
190526111456600,71617558483566,88,bias-calibration,142432,-346656,465760,,,
190526112458500,71617559483358,89,bias-calibration,141984,-346560,465056,,,
190526113458400,71617560483316,90,bias-calibration,139424,-346496,463968,,,
190526114463200,71617561483233,91,bias-calibration,136608,-345152,462368,,,
190526115463300,71617562484733,92,bias-calibration,133856,-343040,461408,,,
190526116461000,71617563483108,93,bias-calibration,133408,-340512,461056,,,
190526117457800,71617564483108,94,bias-calibration,134816,-337568,459200,,,
190526118458800,71617565483066,95,bias-calibration,136672,-334176,458080,,,
190526119457500,71617566483108,96,bias-calibration,138656,-330464,456352,,,
190526120458300,71617567485524,97,bias-calibration,139904,-326624,454304,,,
190526121456400,71617568485983,98,bias-calibration,140032,-322272,452064,,,
190526122456500,71617569484441,99,bias-calibration,138976,-318272,449632,,,
190526123458000,71617570484608,100,bias-calibration,138272,-313856,446624,,,
190526124458300,71617571483191,101,bias-calibration,138048,-309312,443968,,,
190526125453300,71617572483316,102,bias-calibration,138112,-303488,441216,,,
190526126457900,71617573483441,103,bias-calibration,140704,-297376,437792,,,
190526127456100,71617574484691,104,bias-calibration,141792,-290528,434080,,,
190526128456800,71617575483274,105,bias-calibration,140416,-283104,431200,,,
190526129457800,71617576483149,106,bias-calibration,141536,-274592,427904,,,
190526130534000,71617577483191,107,bias-calibration,143776,-266784,425632,,,
190526135724900,71617578483066,108,bias-calibration,141536,-257888,421152,,,
190526135745200,71617579482983,109,bias-calibration,141408,-249184,418048,,,
190526135754500,71617580487483,110,bias-calibration,143168,-240704,415456,,,
190526135760900,71617581487233,111,bias-calibration,141184,-231680,412320,,,
190526135766900,71617582483566,112,bias-calibration,140800,-222400,408288,,,
190526136563700,71617583483358,113,bias-calibration,142304,-213728,405536,,,
190526137550000,71617584483233,114,bias-calibration,141312,-204576,401632,,,
190526138575600,71617585483274,115,bias-calibration,141792,-196032,398240,,,
190526139545100,71617586483149,116,bias-calibration,143808,-187264,395232,,,
190526140553900,71617587483233,117,bias-calibration,146592,-177664,391008,,,
190526141597200,71617588483066,118,bias-calibration,149632,-169504,388576,,,
190526142534700,71617589482983,119,bias-calibration,153088,-160512,385632,,,
190526143551500,71617590483233,120,bias-calibration,156288,-152128,382592,,,
190526144593900,71617591483066,121,bias-calibration,163040,-143904,379456,,,
190526145528100,71617592483108,122,bias-calibration,169216,-136800,376480,,,
190526146691600,71617593483274,123,bias-calibration,170624,-129440,373472,,,
190526147570000,71617594483191,124,bias-calibration,172992,-123392,371936,,,
190526148531100,71617595483274,125,bias-calibration,177152,-116448,368544,,,
190526149543100,71617596483274,126,bias-calibration,179808,-109344,366304,,,
190526150586100,71617597483858,127,bias-calibration,184672,-102336,364800,,,
190526151596700,71617598483816,128,bias-calibration,189920,-94624,363584,,,
190526152528800,71617599483983,129,bias-calibration,195392,-87776,361760,,,
190526153466000,71617600484191,130,bias-calibration,201152,-81120,361504,,,
190526154465400,71617601483066,131,bias-calibration,205952,-73824,360320,,,
190526155460500,71617602483024,132,bias-calibration,209440,-67840,359328,,,
190526156461000,71617603483399,133,bias-calibration,212928,-61152,358816,,,
190526157460400,71617604484399,134,bias-calibration,215296,-55520,357920,,,
190526158460200,71617605483191,135,bias-calibration,218784,-50240,356672,,,
190526159460700,71617606483149,136,bias-calibration,223008,-45760,356544,,,
190526160460100,71617607483274,137,bias-calibration,226144,-41504,355776,,,
190526161458200,71617608483108,138,bias-calibration,229664,-36288,354944,,,
190526162458400,71617609483274,139,bias-calibration,234016,-32032,355264,,,
190526163462900,71617610491316,140,bias-calibration,238336,-28096,354816,,,
190526164467600,71617611483149,141,bias-calibration,240896,-25440,354848,,,
190526165463600,71617612483108,142,bias-calibration,242304,-22464,355776,,,
190526166460600,71617613483899,143,bias-calibration,245568,-20672,356032,,,
190526167461300,71617614483066,144,bias-calibration,250624,-18816,357120,,,
190526168460200,71617615483399,145,bias-calibration,255200,-17952,358560,,,
190526169460200,71617616487483,146,bias-calibration,258560,-18240,359648,,,
190526171082600,71617617483233,147,bias-calibration,260448,-18592,361312,,,
190526171455200,71617618483066,148,bias-calibration,263392,-20096,362304,,,
190526172459800,71617619483108,149,bias-calibration,264608,-21600,363136,,,
190526173462300,71617620483149,150,bias-calibration,266176,-22336,364288,,,
190526174459200,71617621485941,151,bias-calibration,270368,-23872,365536,,,
190526175460200,71617622483233,152,bias-calibration,272064,-25696,367648,,,
190526176461500,71617623483024,153,bias-calibration,274080,-27616,368832,,,
190526177459900,71617624483024,154,bias-calibration,278976,-30176,370912,,,
190526178461400,71617625483941,155,bias-calibration,278848,-33024,373856,,,
190526179477800,71617626482774,156,bias-calibration,278880,-36544,375744,,,
190526180456800,71617627484899,157,bias-calibration,279776,-39584,379584,,,
190526181461700,71617628483233,158,bias-calibration,279904,-43680,382976,,,
190526182457900,71617629483274,159,bias-calibration,280064,-48832,386432,,,
190526183530000,71617630484899,160,bias-calibration,279584,-54016,390176,,,
190526184456200,71617631483191,161,bias-calibration,278272,-59584,395392,,,
190526185458100,71617632483483,162,bias-calibration,276832,-64544,398848,,,
190526186472600,71617633483149,163,bias-calibration,278752,-70048,404224,,,
190526187467400,71617634483233,164,bias-calibration,278592,-76128,408768,,,
190526188462600,71617635483108,165,bias-calibration,276224,-83136,413472,,,
190526189460400,71617636483066,166,bias-calibration,275712,-89952,417984,,,
190526190454300,71617637482983,167,bias-calibration,275200,-97472,423584,,,
190526191459900,71617638483274,168,bias-calibration,271488,-105664,428256,,,
190526192457800,71617639483941,169,bias-calibration,268768,-112192,433472,,,
190526193460100,71617640483066,170,bias-calibration,269120,-118944,438144,,,
190526195212700,71617641484316,171,bias-calibration,269376,-126464,442048,,,
190526195453100,71617642483066,172,bias-calibration,267296,-134112,446688,,,
190526196461000,71617643483066,173,bias-calibration,261760,-141696,451072,,,
190526197791100,71617644483316,174,bias-calibration,261024,-149600,454976,,,
190526198455200,71617645483149,175,bias-calibration,260032,-157248,458976,,,
190526199455200,71617646483233,176,bias-calibration,251424,-165344,462688,,,
190526200461200,71617647483024,177,bias-calibration,244544,-173152,467040,,,
190526201454900,71617648482733,178,bias-calibration,242240,-181504,471488,,,
190526202457600,71617649483316,179,bias-calibration,237216,-188512,475136,,,
190526203460400,71617650483316,180,bias-calibration,231968,-195328,478880,,,
190526204470900,71617651483233,181,bias-calibration,230112,-200864,481792,,,
190526205458100,71617652483233,182,bias-calibration,227936,-206848,484768,,,
190526206460500,71617653484108,183,bias-calibration,221280,-212832,488576,,,
190526207460100,71617654483191,184,bias-calibration,214656,-218496,490944,,,
190526208457900,71617655483108,185,bias-calibration,212704,-224064,493408,,,
190526209459700,71617656483191,186,bias-calibration,207744,-229920,496960,,,
190526210456600,71617657485399,187,bias-calibration,198784,-235648,498240,,,
190526211941300,71617658484733,188,bias-calibration,195296,-240928,500352,,,
190526212454400,71617659483149,189,bias-calibration,192640,-245504,502304,,,
190526213453600,71617660483066,190,bias-calibration,188320,-249952,504288,,,
190526214673100,71617661483316,191,bias-calibration,181088,-254560,505952,,,
190526215466300,71617662484358,192,bias-calibration,178368,-258112,508032,,,
190526216462300,71617663483233,193,bias-calibration,176480,-261632,509408,,,
190526217460200,71617664484316,194,bias-calibration,172576,-264544,510944,,,
190526218457900,71617665483233,195,bias-calibration,166656,-267904,512160,,,
190526219460500,71617666483149,196,bias-calibration,163872,-271712,512224,,,
190526220459900,71617667483191,197,bias-calibration,159680,-273792,513376,,,
190526221460300,71617668483108,198,bias-calibration,155648,-276192,514048,,,
190526222457200,71617669483233,199,bias-calibration,153568,-276704,513600,,,
190526223460000,71617670483149,200,bias-calibration,151296,-277600,513824,,,
190526224460000,71617671483108,201,bias-calibration,149760,-277792,514240,,,
190526225460300,71617672483274,202,bias-calibration,148576,-276864,513024,,,
190526226479000,71617673483274,203,bias-calibration,146400,-276448,512864,,,
190526227462800,71617674483274,204,bias-calibration,144768,-274208,511808,,,
190526228594800,71617675483149,205,bias-calibration,143616,-271776,510816,,,
190526229558500,71617676483191,206,bias-calibration,144096,-269152,509568,,,
190526230570200,71617677483191,207,bias-calibration,140928,-266176,506848,,,
190526231537500,71617678483191,208,bias-calibration,140160,-263040,506176,,,
190526232474500,71617679483066,209,bias-calibration,142080,-259424,503424,,,
190526233463300,71617680483066,210,bias-calibration,141664,-254560,501472,,,
190526234458600,71617681486774,211,bias-calibration,140448,-250496,499584,,,
190526235456000,71617682483108,212,bias-calibration,140832,-245600,497600,,,
190526236458700,71617683483358,213,bias-calibration,140448,-239744,496256,,,
190526237458200,71617684483316,214,bias-calibration,139680,-234368,494144,,,
190526238458100,71617685484774,215,bias-calibration,139648,-227392,491296,,,
190526239456700,71617686483274,216,bias-calibration,141312,-220480,488960,,,
190526240466400,71617687484524,217,bias-calibration,141440,-213888,485856,,,
190526241471000,71617688483233,218,bias-calibration,140672,-207104,483520,,,
190526242472100,71617689483108,219,bias-calibration,138528,-200608,479968,,,
190526243462600,71617690484066,220,bias-calibration,141984,-192960,477728,,,
190526244459500,71617691483066,221,bias-calibration,144544,-185728,473664,,,
190526245459500,71617692483108,222,bias-calibration,144992,-179680,470176,,,
190526246459300,71617693483066,223,bias-calibration,147008,-173952,467040,,,
190526247459300,71617694483024,224,bias-calibration,149152,-168768,463456,,,
190526248459200,71617695484149,225,bias-calibration,148928,-163200,460800,,,
190526249459300,71617696483483,226,bias-calibration,152224,-157472,457536,,,
190526250458100,71617697483358,227,bias-calibration,159488,-152128,454848,,,
190526251457700,71617698485983,228,bias-calibration,163040,-148416,452448,,,
190526252456800,71617699483066,229,bias-calibration,162976,-144608,448960,,,
190526253457200,71617700483149,230,bias-calibration,167392,-141376,447296,,,
190526254452400,71617701484608,231,bias-calibration,171808,-138336,445632,,,
190526255456600,71617702483066,232,bias-calibration,173184,-134720,443232,,,
190526256459100,71617703483108,233,bias-calibration,176416,-130880,440544,,,
190526257453500,71617704483024,234,bias-calibration,180448,-127232,439328,,,
190526258492900,71617705484358,235,bias-calibration,182656,-123872,436992,,,
190526259466800,71617706483316,236,bias-calibration,185760,-120608,435104,,,
190526260461700,71617707483274,237,bias-calibration,189824,-116224,433248,,,
190526261460200,71617708483358,238,bias-calibration,193920,-111424,431968,,,
190526262460600,71617709483191,239,bias-calibration,196512,-106816,429728,,,
190526263458100,71617710483233,240,bias-calibration,200384,-102272,428576,,,
190526264460100,71617711485691,241,bias-calibration,203584,-97440,426368,,,
190526265460200,71617712484566,242,bias-calibration,209248,-93376,424160,,,
190526266460700,71617713483024,243,bias-calibration,213088,-89216,422720,,,
190526267457900,71617714483066,244,bias-calibration,214784,-85920,421728,,,
190526268454600,71617715484274,245,bias-calibration,219200,-82112,420288,,,
190526269455100,71617716483566,246,bias-calibration,224256,-78208,418848,,,
190526270538100,71617717483024,247,bias-calibration,225952,-75712,418720,,,
190526271457800,71617718483483,248,bias-calibration,227488,-73056,417568,,,
190526272458500,71617719483191,249,bias-calibration,232064,-71456,417376,,,
190526273457700,71617720483233,250,bias-calibration,237184,-68704,416512,,,
190526275851600,71617721483191,251,bias-calibration,239296,-67968,417184,,,
190526275870800,71617722483149,252,bias-calibration,240864,-65280,416512,,,
190526278322700,71617723483233,253,bias-calibration,245248,-63968,417248,,,
190526278338100,71617724482983,254,bias-calibration,246368,-62432,417408,,,
190526278599400,71617725483108,255,bias-calibration,247808,-60032,416768,,,
190526279458900,71617726483024,0,bias-calibration,253376,-59840,416736,,,
190526280461000,71617727483316,1,bias-calibration,257088,-58848,417024,,,
190526281460300,71617728483108,2,bias-calibration,255360,-58464,416768,,,
190526282458300,71617729483233,3,bias-calibration,254432,-57472,417088,,,
190526283459200,71617730483233,4,bias-calibration,260192,-57280,417888,,,
190526284459600,71617731483316,5,bias-calibration,261024,-57536,419296,,,
190526285459600,71617732483233,6,bias-calibration,254496,-57760,419360,,,
190526286459300,71617733483274,7,bias-calibration,256896,-58272,421408,,,
190526287459300,71617734483108,8,bias-calibration,263968,-59808,422848,,,
190526288459400,71617735483191,9,bias-calibration,261440,-60928,425248,,,
190526289457800,71617736483066,10,bias-calibration,252672,-63296,427296,,,
190526290454100,71617737485774,11,bias-calibration,253504,-65216,430368,,,
190526291549800,71617738483066,12,bias-calibration,255680,-66592,431936,,,
190526292466300,71617739483024,13,bias-calibration,248640,-68672,435744,,,
190526293460000,71617740484274,14,bias-calibration,244768,-70624,438048,,,
190526294458900,71617741484649,15,bias-calibration,249728,-72960,440960,,,
190526295498500,71617742483233,16,bias-calibration,248352,-75872,444160,,,
190526296455400,71617743483274,17,bias-calibration,241088,-78816,446848,,,
190526297459700,71617744483191,18,bias-calibration,236832,-81824,449088,,,
190526298459600,71617745483191,19,bias-calibration,236352,-84256,451648,,,
190526299459300,71617746484441,20,bias-calibration,233184,-87360,454176,,,
190526300457600,71617747483233,21,bias-calibration,227008,-91744,456000,,,
190526301459500,71617748483108,22,bias-calibration,223200,-95296,459040,,,
190526302459000,71617749483024,23,bias-calibration,222176,-99328,460128,,,
190526303459200,71617750483191,24,bias-calibration,217824,-102848,462240,,,
190526304457300,71617751483024,25,bias-calibration,212256,-106592,463904,,,
190526305457400,71617752483316,26,bias-calibration,208128,-110496,465536,,,
190526306801000,71617753483274,27,bias-calibration,205024,-114592,467104,,,
190526307482400,71617754483191,28,bias-calibration,199360,-119648,468224,,,
190526308465400,71617755483274,29,bias-calibration,195552,-124672,468704,,,
190526309460300,71617756483233,30,bias-calibration,191680,-129952,468864,,,
190526310458000,71617757484274,31,bias-calibration,187104,-134656,469312,,,
190526311460500,71617758484316,32,bias-calibration,177952,-139424,468832,,,
190526312452600,71617759483108,33,bias-calibration,171712,-144192,468160,,,
190526313453400,71617760484941,34,bias-calibration,166688,-147744,467552,,,
190526314813100,71617761483024,35,bias-calibration,162784,-151456,467456,,,
190526315454300,71617762482983,36,bias-calibration,158592,-154400,465664,,,
190526316453900,71617763483441,37,bias-calibration,153696,-157696,464224,,,
190526317453900,71617764485774,38,bias-calibration,147488,-160192,463360,,,
190526318453800,71617765483316,39,bias-calibration,142080,-163072,461408,,,
190526319454200,71617766483108,40,bias-calibration,136160,-165920,458752,,,
190526320826400,71617767483233,41,bias-calibration,128608,-169280,455520,,,
190526321722000,71617768483191,42,bias-calibration,122400,-173088,453568,,,
190526322601700,71617769483191,43,bias-calibration,116128,-175776,449984,,,
190526323462000,71617770483274,44,bias-calibration,109440,-178400,446944,,,
190526324463100,71617771483191,45,bias-calibration,103072,-180160,444576,,,
190526325453500,71617772483108,46,bias-calibration,97664,-180576,441728,,,
190526326822400,71617773483191,47,bias-calibration,92832,-181600,439072,,,
190526327816100,71617774482899,48,bias-calibration,88544,-182208,435808,,,
190526328454500,71617775483233,49,bias-calibration,85152,-182592,432736,,,
190526329453500,71617776483191,50,bias-calibration,80608,-183136,429280,,,
190526330907400,71617777483316,51,bias-calibration,74144,-184896,425344,,,
190526331524400,71617778483108,52,bias-calibration,67136,-184736,421472,,,
190526332694300,71617779483233,53,bias-calibration,62272,-185728,417984,,,
190526333505500,71617780484691,54,bias-calibration,56256,-186304,414176,,,
190526334453700,71617781485024,55,bias-calibration,50848,-186624,409696,,,
190526335453600,71617782484691,56,bias-calibration,46944,-186304,405568,,,
190526336453500,71617783483108,57,bias-calibration,45056,-185664,402144,,,
190526337464600,71617784483024,58,bias-calibration,42688,-184096,397024,,,
190526338471500,71617785482983,59,bias-calibration,38336,-183136,393216,,,
190526339464200,71617786483233,60,bias-calibration,33728,-181728,389312,,,
190526340460400,71617787483274,61,bias-calibration,28992,-180160,385504,,,
190526341460200,71617788483108,62,bias-calibration,22720,-178816,381088,,,
190526342457600,71617789483316,63,bias-calibration,19904,-177824,377184,,,
190526343459800,71617790483149,64,bias-calibration,15328,-175104,374144,,,
190526344459600,71617791483066,65,bias-calibration,11360,-172960,370656,,,
190526345459700,71617792483108,66,bias-calibration,9088,-169888,367904,,,
190526346459100,71617793483066,67,bias-calibration,6656,-166464,364512,,,
190526347777200,71617794483066,68,bias-calibration,5760,-163424,360608,,,
190526348452300,71617795483024,69,bias-calibration,4032,-159904,357600,,,
190526349452200,71617796484149,70,bias-calibration,3744,-156800,354624,,,
190526350454600,71617797483191,71,bias-calibration,4512,-153728,350528,,,
190526351472700,71617798483191,72,bias-calibration,5248,-151872,347392,,,
190526352452800,71617799483274,73,bias-calibration,5184,-150176,344320,,,
190526353602100,71617800483274,74,bias-calibration,2720,-148256,340096,,,
190526354477100,71617801483024,75,bias-calibration,2272,-145920,336768,,,
190526355457500,71617802483316,76,bias-calibration,4640,-143872,333984,,,
190526356554300,71617803483149,77,bias-calibration,4896,-140736,330400,,,
190526357799900,71617804483149,78,bias-calibration,5920,-137344,327936,,,
190526358822300,71617805483649,79,bias-calibration,9376,-133536,324736,,,
190526359450500,71617806483649,80,bias-calibration,13216,-129312,322016,,,
190526360452600,71617807483108,81,bias-calibration,15072,-125536,318816,,,
190526361819400,71617808483024,82,bias-calibration,15264,-121728,315744,,,
190526362452800,71617809483024,83,bias-calibration,18816,-117728,312960,,,
190526363452400,71617810483441,84,bias-calibration,21024,-115104,310144,,,
190526364452300,71617811484233,85,bias-calibration,20800,-111712,306368,,,
190526365837800,71617812483274,86,bias-calibration,23424,-109184,303552,,,
190526366548100,71617813483066,87,bias-calibration,26208,-107136,300288,,,
190526367453600,71617814483233,88,bias-calibration,27808,-104320,296672,,,
190526368457600,71617815483108,89,bias-calibration,28512,-101024,293184,,,
190526369721100,71617816483191,90,bias-calibration,32256,-97728,289504,,,
190526370472400,71617817483941,91,bias-calibration,36224,-94720,286912,,,
190526371655200,71617818484399,92,bias-calibration,39936,-90624,284896,,,
190526372456700,71617819483149,93,bias-calibration,42816,-87168,282016,,,
190526373453200,71617820493941,94,bias-calibration,47168,-83680,280608,,,
190526374458900,71617821483608,95,bias-calibration,49824,-80384,279040,,,
190526375458900,71617822483316,96,bias-calibration,52800,-77568,277536,,,
190526376458700,71617823483149,97,bias-calibration,55424,-75936,277632,,,
190526377458800,71617824483316,98,bias-calibration,56864,-73696,275968,,,
190526378456500,71617825483066,99,bias-calibration,60096,-73120,275552,,,
190526379458300,71617826482858,100,bias-calibration,61248,-72864,274816,,,
190526380458500,71617827483358,101,bias-calibration,62720,-71648,275456,,,
190526381458600,71617828483066,102,bias-calibration,64768,-71040,275488,,,
190526382458400,71617829483024,103,bias-calibration,66848,-69536,275616,,,
190526383459000,71617830482983,104,bias-calibration,69600,-68992,275392,,,
190526384456600,71617831482941,105,bias-calibration,72288,-67744,276640,,,
190526385462700,71617832483358,106,bias-calibration,75648,-65664,277280,,,
190526386470800,71617833483191,107,bias-calibration,79040,-65024,277824,,,
190526387463800,71617834483316,108,bias-calibration,77248,-64608,278784,,,
190526388460200,71617835483108,109,bias-calibration,76832,-65088,280064,,,
190526389459100,71617836483066,110,bias-calibration,78816,-64960,281440,,,
190526390458700,71617837483066,111,bias-calibration,77152,-65920,283392,,,
190526391466900,71617838483024,112,bias-calibration,72768,-66752,284992,,,
190526392458800,71617839483108,113,bias-calibration,74976,-68224,287904,,,
190526393458600,71617840483649,114,bias-calibration,75712,-69376,289856,,,
190526394457700,71617841483149,115,bias-calibration,75040,-70240,292096,,,
190526395458500,71617842483108,116,bias-calibration,75040,-70752,294496,,,
190526396458500,71617843483191,117,bias-calibration,75808,-72128,297312,,,
190526397458200,71617844483274,118,bias-calibration,77280,-73376,300000,,,
190526398456500,71617845483191,119,bias-calibration,77248,-75680,302272,,,
190526399458100,71617846483983,120,bias-calibration,76704,-79424,305632,,,
190526400456500,71617847483233,121,bias-calibration,76224,-81696,308928,,,
190526401464700,71617848483149,122,bias-calibration,77536,-85472,311104,,,
190526402463400,71617849483233,123,bias-calibration,76800,-89824,315296,,,
190526405317500,71617850483899,124,bias-calibration,74816,-93280,317920,,,
190526405326900,71617851483191,125,bias-calibration,73440,-98400,321024,,,
190526405452800,71617852484649,126,bias-calibration,72608,-102656,324096,,,
190526406900900,71617853483399,127,bias-calibration,70912,-106880,327968,,,
190526407498400,71617854483024,128,bias-calibration,69664,-111456,330240,,,
190526408540500,71617855483274,129,bias-calibration,68352,-115776,334272,,,
190526409447000,71617856483233,130,bias-calibration,66368,-120128,336992,,,
190526410462200,71617857483233,131,bias-calibration,61344,-125344,339648,,,
190526411460100,71617858485941,132,bias-calibration,56768,-129792,342496,,,
190526412466300,71617859483941,133,bias-calibration,52800,-133920,344192,,,
190526413466500,71617860483108,134,bias-calibration,48288,-137696,346528,,,
190526414459100,71617861483191,135,bias-calibration,43648,-141728,349568,,,
190526415458900,71617862483108,136,bias-calibration,39424,-145760,350912,,,
190526416458400,71617863484066,137,bias-calibration,37856,-149472,351840,,,
190526417480900,71617864483274,138,bias-calibration,32640,-153984,352608,,,
190526418472400,71617865482983,139,bias-calibration,24864,-157888,353376,,,
190526419464000,71617866483358,140,bias-calibration,21216,-162752,353344,,,
190526420453500,71617867483191,141,bias-calibration,17920,-165984,353376,,,
190526421459200,71617868484358,142,bias-calibration,11424,-170560,353408,,,
190526422458700,71617869483191,143,bias-calibration,7584,-174496,353216,,,
190526423456600,71617870483149,144,bias-calibration,5824,-178944,352512,,,
190526424458500,71617871483274,145,bias-calibration,2592,-182592,351328,,,
190526425458700,71617872483108,146,bias-calibration,768,-186848,350880,,,
190526426458700,71617873483108,147,bias-calibration,-1312,-190080,349760,,,
190526427457600,71617874483108,148,bias-calibration,-3872,-194592,348480,,,
190526428458400,71617875482941,149,bias-calibration,-7424,-198816,346944,,,
190526429458900,71617876484524,150,bias-calibration,-8352,-203136,345760,,,
190526430458300,71617877483024,151,bias-calibration,-11808,-207456,344224,,,
190526431459300,71617878483108,152,bias-calibration,-14240,-211040,342080,,,
190526432458800,71617879483233,153,bias-calibration,-16192,-215232,340192,,,
190526434066900,71617880483274,154,bias-calibration,-18656,-218176,338912,,,
190526434460600,71617881483608,155,bias-calibration,-21600,-221024,336928,,,
190526435473100,71617882483149,156,bias-calibration,-22848,-223040,334272,,,
190526436465600,71617883483733,157,bias-calibration,-22912,-225216,331936,,,
190526437460500,71617884483149,158,bias-calibration,-24928,-226432,329920,,,
190526438458700,71617885483024,159,bias-calibration,-26976,-227648,327040,,,
190526439459300,71617886483108,160,bias-calibration,-27776,-228416,324256,,,
190526440459200,71617887483483,161,bias-calibration,-28640,-229184,320352,,,
190526441459400,71617888483024,162,bias-calibration,-29984,-229888,317568,,,
190526442459000,71617889483274,163,bias-calibration,-32224,-230016,313024,,,
190526443458900,71617890483191,164,bias-calibration,-31776,-230912,309984,,,
190526444457100,71617891483191,165,bias-calibration,-31456,-230752,305792,,,
190526445459200,71617892483149,166,bias-calibration,-33600,-230656,301344,,,
190526446459000,71617893484316,167,bias-calibration,-33728,-229600,297728,,,
190526447457000,71617894483149,168,bias-calibration,-32256,-228992,293120,,,
190526448459000,71617895483066,169,bias-calibration,-31488,-227904,289312,,,
190526449462800,71617896483941,170,bias-calibration,-31264,-226272,285120,,,
190526450479400,71617897483108,171,bias-calibration,-28960,-224416,281632,,,
190526451462100,71617898483066,172,bias-calibration,-27296,-222944,276448,,,
190526452460000,71617899482983,173,bias-calibration,-25536,-221056,273856,,,
190526453459200,71617900484149,174,bias-calibration,-22368,-219200,269856,,,
190526454458800,71617901483191,175,bias-calibration,-20224,-217472,265856,,,
190526455854900,71617902483274,176,bias-calibration,-18112,-215808,262048,,,
190526456454300,71617903483233,177,bias-calibration,-15584,-213952,258528,,,
190526457459000,71617904483149,178,bias-calibration,-12832,-212384,254976,,,
190526458458700,71617905483899,179,bias-calibration,-12288,-210240,251616,,,
190526459459100,71617906483149,180,bias-calibration,-9824,-207616,249344,,,
190526460457600,71617907483108,181,bias-calibration,-3904,-204576,247232,,,
190526461458900,71617908483191,182,bias-calibration,-192,-200480,245376,,,
190526462458300,71617909482941,183,bias-calibration,2176,-196800,243648,,,
190526463458600,71617910490399,184,bias-calibration,5952,-193024,243328,,,
190526464458300,71617911483149,185,bias-calibration,12160,-188928,242176,,,
190526465572300,71617912483149,186,bias-calibration,14624,-185088,240768,,,
190526466473000,71617913483274,187,bias-calibration,16608,-180960,239968,,,
190526467464200,71617914483274,188,bias-calibration,20064,-176160,240160,,,
190526468460600,71617915483774,189,bias-calibration,24256,-171936,239328,,,
190526469459900,71617916483524,190,bias-calibration,28384,-166560,238496,,,
190526470459200,71617917483066,191,bias-calibration,35360,-161760,239520,,,
190526471930400,71617918483108,192,bias-calibration,40800,-156384,240000,,,
190526472455800,71617919483024,193,bias-calibration,47424,-151360,240768,,,
190526473459400,71617920482691,194,bias-calibration,53216,-145440,241248,,,
190526474457000,71617921483066,195,bias-calibration,58752,-141312,243616,,,
190526475458900,71617922483024,196,bias-calibration,63552,-136000,244736,,,
190526476459200,71617923483483,197,bias-calibration,67680,-131616,245856,,,
190526477458500,71617924483233,198,bias-calibration,73408,-126720,249024,,,
190526478458500,71617925483191,199,bias-calibration,78272,-121920,250560,,,
190526479458500,71617926483274,200,bias-calibration,83296,-117408,253056,,,
190526480458600,71617927483108,201,bias-calibration,87424,-111808,255104,,,
190526481465700,71617928483191,202,bias-calibration,92256,-106656,258592,,,
190526482473000,71617929483441,203,bias-calibration,97824,-102336,261920,,,
190526483464100,71617930483149,204,bias-calibration,101152,-98464,265024,,,
190526484460400,71617931483233,205,bias-calibration,101984,-93472,267648,,,
190526485458100,71617932482941,206,bias-calibration,107040,-90016,272000,,,
190526486459300,71617933483024,207,bias-calibration,109792,-86976,276544,,,
190526487457200,71617934482983,208,bias-calibration,112160,-83680,280608,,,
190526488458600,71617935483233,209,bias-calibration,115328,-80928,285088,,,
190526489458700,71617936483274,210,bias-calibration,117728,-78496,289472,,,
190526490460000,71617937483108,211,bias-calibration,120320,-76512,294112,,,
190526491459500,71617938483233,212,bias-calibration,121952,-74208,298464,,,
190526492458600,71617939483066,213,bias-calibration,124352,-71392,302304,,,
190526493459000,71617940483941,214,bias-calibration,128000,-69536,308000,,,
190526494458600,71617941483024,215,bias-calibration,130848,-68448,312352,,,
190526495458700,71617942483066,216,bias-calibration,132384,-67200,316768,,,
190526496458800,71617943483108,217,bias-calibration,136224,-65984,321696,,,
190526497466000,71617944483108,218,bias-calibration,140608,-65888,327648,,,
190526498471000,71617945483608,219,bias-calibration,141152,-64832,332576,,,
190526499463000,71617946484358,220,bias-calibration,144128,-65408,337760,,,
190526500459200,71617947483108,221,bias-calibration,147040,-66944,342816,,,
190526501458900,71617948483233,222,bias-calibration,146176,-68224,347456,,,
190526502458600,71617949483108,223,bias-calibration,146720,-69856,352864,,,
190526503458700,71617950483691,224,bias-calibration,150784,-71872,357856,,,
190526504458700,71617951483233,225,bias-calibration,151488,-73536,362816,,,
190526505458600,71617952483024,226,bias-calibration,152160,-75520,368096,,,
190526506459000,71617953486649,227,bias-calibration,153984,-78080,373216,,,
190526507458600,71617954482941,228,bias-calibration,154176,-80416,378240,,,
190526508458600,71617955483108,229,bias-calibration,153472,-83456,383648,,,
190526509459100,71617956482983,230,bias-calibration,152480,-86272,389824,,,
190526510451100,71617957483524,231,bias-calibration,150368,-88864,394304,,,
190526511458800,71617958483399,232,bias-calibration,149280,-92544,400672,,,
190526512458600,71617959485066,233,bias-calibration,147808,-94528,405472,,,
190526513464400,71617960483233,234,bias-calibration,145056,-98976,410784,,,
190526514467300,71617961483149,235,bias-calibration,143296,-101792,415264,,,
190526515465300,71617962483149,236,bias-calibration,140576,-104736,419968,,,
190526516473900,71617963483066,237,bias-calibration,139264,-108544,424416,,,
190526517468500,71617964483066,238,bias-calibration,136096,-112288,428064,,,
190526518475100,71617965482941,239,bias-calibration,131424,-116768,431424,,,
190526519465200,71617966483108,240,bias-calibration,128704,-120960,434464,,,
190526520471000,71617967483941,241,bias-calibration,126336,-124896,436992,,,
190526521461100,71617968483066,242,bias-calibration,122528,-128704,438848,,,
190526522459100,71617969483233,243,bias-calibration,120448,-132864,440768,,,
190526523459100,71617970483399,244,bias-calibration,119840,-136864,442176,,,
190526524453600,71617971483108,245,bias-calibration,118112,-140640,443488,,,
190526525458800,71617972483899,246,bias-calibration,115136,-145376,444288,,,
190526526458800,71617973483066,247,bias-calibration,113824,-149120,444448,,,
190526527458100,71617974483066,248,bias-calibration,113504,-154048,444544,,,
190526528458400,71617975483149,249,bias-calibration,109664,-157536,443488,,,
190526529717500,71617976483108,250,bias-calibration,106368,-161504,442912,,,
190526530470200,71617977485858,251,bias-calibration,104416,-165536,442880,,,
190526531469100,71617978482983,252,bias-calibration,101568,-168640,442528,,,
190526532467600,71617979482941,253,bias-calibration,97920,-171776,441984,,,
190526533990600,71617980483316,254,bias-calibration,95552,-174560,440032,,,
190526534470000,71617981483150,255,bias-calibration,92832,-176352,439712,,,
190526535470800,71617982483316,0,bias-calibration,89024,-177696,438464,,,
190526536471900,71617983483191,1,bias-calibration,87200,-178176,437120,,,
190526537470400,71617984483066,2,bias-calibration,85664,-178944,437248,,,
190526538467500,71617985483108,3,bias-calibration,82048,-180480,436256,,,
190526539472100,71617986483108,4,bias-calibration,78016,-181248,435776,,,
190526540470700,71617987483108,5,bias-calibration,75360,-181728,434944,,,
190526541467500,71617988483108,6,bias-calibration,71520,-183168,434816,,,
190526542473400,71617989483108,7,bias-calibration,67616,-184224,433536,,,
190526543470500,71617990483066,8,bias-calibration,64160,-184096,432800,,,
190526544471100,71617991483025,9,bias-calibration,61664,-183744,431424,,,
190526546026900,71617992483275,10,bias-calibration,60480,-184000,430368,,,
190526546469400,71617993483233,11,bias-calibration,59936,-183680,428736,,,
190526547470900,71617994483400,12,bias-calibration,58592,-182432,427232,,,
190526548472700,71617995485233,13,bias-calibration,56832,-180480,425248,,,
190526549474200,71617996483441,14,bias-calibration,56448,-178624,423712,,,
190526550469500,71617997483066,15,bias-calibration,57152,-176128,421600,,,
190526551470700,71617998483025,16,bias-calibration,59392,-173600,419520,,,
190526552469500,71617999483025,17,bias-calibration,61088,-170592,416512,,,
190526553466900,71618000483066,18,bias-calibration,61792,-167872,414208,,,
190526554467800,71618001485066,19,bias-calibration,62880,-164992,410688,,,
190526555467200,71618002483066,20,bias-calibration,64448,-162304,407968,,,
190526556471300,71618003482983,21,bias-calibration,66880,-158784,405760,,,
190526557476000,71618004483400,22,bias-calibration,67456,-155328,403520,,,
190526558461600,71618005483191,23,bias-calibration,68544,-152160,400608,,,
190526559459500,71618006484691,24,bias-calibration,74240,-148288,398208,,,
190526560457700,71618007485358,25,bias-calibration,77984,-144128,395872,,,
190526561550700,71618008483108,26,bias-calibration,80512,-139296,393696,,,
190526562563300,71618009483066,27,bias-calibration,85952,-135040,391520,,,
190526563565900,71618010483150,28,bias-calibration,89536,-130176,389600,,,
190526564537500,71618011483566,29,bias-calibration,92832,-125824,387232,,,
190526565533800,71618012484566,30,bias-calibration,97632,-122080,385088,,,
190526566587100,71618013482816,31,bias-calibration,101344,-118976,383392,,,
190526567466800,71618014483025,32,bias-calibration,103328,-115552,380544,,,
190526568528000,71618015483108,33,bias-calibration,104960,-111744,379424,,,
190526569542400,71618016483191,34,bias-calibration,110624,-105728,374400,,,
190526570543200,71618017483316,35,bias-calibration,114400,-100320,372608,,,
190526571516400,71618018483233,36,bias-calibration,118464,-94880,369856,,,
190526572494100,71618019483066,37,bias-calibration,125024,-89216,366144,,,
190526573534700,71618020483025,38,bias-calibration,131584,-83776,363168,,,
190526574462200,71618021483066,39,bias-calibration,135648,-78464,360384,,,
190526575725700,71618022483150,40,bias-calibration,140448,-73056,356416,,,
190526576516700,71618023482983,41,bias-calibration,146272,-68448,353024,,,
190526577534100,71618024484400,42,bias-calibration,150304,-64704,348928,,,
190526578464000,71618025482941,43,bias-calibration,155584,-61792,346688,,,
190526579461100,71618026483233,44,bias-calibration,160288,-60096,343008,,,
190526580459900,71618027483275,45,bias-calibration,163520,-56800,338528,,,
190526581453400,71618028483150,46,bias-calibration,167872,-53824,336160,,,
190526582484200,71618029483233,47,bias-calibration,174368,-50464,332960,,,
190526583461200,71618030483816,48,bias-calibration,178336,-46560,331136,,,
190526584459800,71618031483150,49,bias-calibration,181760,-43552,329856,,,
190526585459200,71618032483108,50,bias-calibration,186464,-38720,327584,,,
190526586458500,71618033485733,51,bias-calibration,189536,-34144,326848,,,
190526587459000,71618034488900,52,bias-calibration,192128,-30816,326432,,,
190526588456900,71618035492650,53,bias-calibration,192064,-25888,324416,,,
190526589458900,71618036488858,54,bias-calibration,193696,-22464,323936,,,
190526590457000,71618037485983,55,bias-calibration,196096,-19136,323392,,,
190526591581800,71618038498150,56,bias-calibration,194144,-15072,321536,,,
190526592642500,71618039492608,57,bias-calibration,194112,-12576,320288,,,
190526593478200,71618040488733,58,bias-calibration,198272,-9056,319136,,,
190526594466000,71618041488650,59,bias-calibration,195904,-5440,317152,,,
190526595457700,71618042489316,60,bias-calibration,196320,-2528,316608,,,
190526596459300,71618043489941,61,bias-calibration,199136,800,315584,,,
190526597462200,71618044488941,62,bias-calibration,201568,3296,315072,,,
190526598462000,71618045491316,63,bias-calibration,203424,5696,315200,,,
190526599457500,71618046486275,64,bias-calibration,208128,7104,314560,,,
190526600461900,71618047486566,65,bias-calibration,209632,8224,314848,,,
190526601462100,71618048486608,66,bias-calibration,210112,8864,316320,,,
190526602461600,71618049484525,67,bias-calibration,210656,8096,317952,,,
190526603461700,71618050489108,68,bias-calibration,211744,7264,318240,,,
190526604460700,71618051486191,69,bias-calibration,211296,4992,319424,,,
190526605461600,71618052493400,70,bias-calibration,207840,2496,319744,,,
190526606461100,71618053487275,71,bias-calibration,207808,384,320896,,,
190526607459400,71618054487525,72,bias-calibration,208000,-864,321088,,,
190526608459600,71618055485400,73,bias-calibration,205440,-2528,321600,,,
190526609489400,71618056485900,74,bias-calibration,201920,-4480,323328,,,
190526610463200,71618057489775,75,bias-calibration,200224,-6784,324384,,,
190526611550800,71618058486191,76,bias-calibration,199136,-8416,325632,,,
190526612548800,71618059484566,77,bias-calibration,196576,-11200,326336,,,
190526613547300,71618060487233,78,bias-calibration,193120,-13888,328608,,,
190526614473000,71618061487733,79,bias-calibration,189568,-17600,329472,,,
190526615478800,71618062484316,80,bias-calibration,185472,-20864,330112,,,
190526616460400,71618063484816,81,bias-calibration,180672,-25344,330976,,,
190526617462500,71618064487650,82,bias-calibration,175712,-29408,331680,,,
190526618461100,71618065485941,83,bias-calibration,169760,-33504,331616,,,
190526619461000,71618066488150,84,bias-calibration,167264,-37568,331488,,,
190526620459500,71618067486525,85,bias-calibration,163520,-42560,331872,,,
190526621459100,71618068485150,86,bias-calibration,157408,-47552,331456,,,
190526622461100,71618069488483,87,bias-calibration,151808,-51392,331264,,,
190526623461100,71618070490316,88,bias-calibration,148544,-56480,331680,,,
190526624460900,71618071486650,89,bias-calibration,142880,-60480,330784,,,
190526625544100,71618072488858,90,bias-calibration,136992,-65600,329920,,,
190526626474600,71618073486775,91,bias-calibration,131520,-69920,328192,,,
190526627481000,71618074485400,92,bias-calibration,127840,-74784,327936,,,
190526628466700,71618075489400,93,bias-calibration,122592,-80128,325856,,,
190526629460400,71618076492025,94,bias-calibration,117088,-84704,323712,,,
190526630459500,71618077488108,95,bias-calibration,111712,-90048,320416,,,
190526631459500,71618078489358,96,bias-calibration,106272,-95232,317792,,,
190526632473100,71618079487816,97,bias-calibration,100096,-100960,313600,,,
190526633456700,71618080484150,98,bias-calibration,96000,-106144,309984,,,
190526634459400,71618081486983,99,bias-calibration,91136,-111232,306048,,,
190526635458600,71618082487275,100,bias-calibration,86752,-115776,301376,,,
190526636458700,71618083487608,101,bias-calibration,82784,-120832,297376,,,
190526637458800,71618084487650,102,bias-calibration,77280,-125568,292704,,,
190526638458600,71618085491358,103,bias-calibration,71744,-130304,288864,,,
190526639458600,71618086488066,104,bias-calibration,67520,-133824,283712,,,
190526640458600,71618087487650,105,bias-calibration,61696,-136992,277952,,,
190526641473200,71618088489400,106,bias-calibration,54016,-140096,273216,,,
190526642465800,71618089491941,107,bias-calibration,49248,-143072,268416,,,
190526643584700,71618090490566,108,bias-calibration,44608,-146368,263296,,,
190526644454900,71618091488941,109,bias-calibration,37152,-148864,258752,,,
190526645459600,71618092483733,110,bias-calibration,30656,-150624,253696,,,
190526646459400,71618093483775,111,bias-calibration,25792,-153152,249184,,,
190526647459600,71618094482900,112,bias-calibration,18368,-155168,244512,,,
190526648459200,71618095483275,113,bias-calibration,12032,-157856,240992,,,
190526649459100,71618096484108,114,bias-calibration,8672,-159648,236224,,,
190526650458900,71618097484150,115,bias-calibration,3232,-160928,232096,,,
190526651459100,71618098483191,116,bias-calibration,-544,-161856,227232,,,
190526652459200,71618099483066,117,bias-calibration,-2528,-162528,222464,,,
190526653459000,71618100485983,118,bias-calibration,-2944,-163104,218240,,,
190526654454500,71618101484483,119,bias-calibration,-4128,-163552,213280,,,
190526655459700,71618102482983,120,bias-calibration,-5472,-163712,207776,,,
190526656459700,71618103483025,121,bias-calibration,-4832,-164256,202880,,,
190526657566400,71618104482900,122,bias-calibration,-5024,-164032,197248,,,
190526658465800,71618105482983,123,bias-calibration,-5056,-164512,192256,,,
190526659473500,71618106484275,124,bias-calibration,-4480,-163936,187232,,,
190526660461400,71618107487650,125,bias-calibration,-3712,-164000,181792,,,
190526661458300,71618108483233,126,bias-calibration,-4448,-163904,177120,,,
190526662459200,71618109483025,127,bias-calibration,-2624,-163552,172992,,,
190526663457300,71618110484608,128,bias-calibration,-1280,-161568,166976,,,
190526664458800,71618111483150,129,bias-calibration,-928,-160480,163360,,,
190526665456800,71618112483066,130,bias-calibration,32,-158688,158208,,,
190526666458600,71618113483025,131,bias-calibration,1024,-156544,153568,,,
190526667458500,71618114482941,132,bias-calibration,2176,-153984,149024,,,
190526668458600,71618115483066,133,bias-calibration,2944,-151776,144192,,,
190526669456800,71618116482900,134,bias-calibration,4544,-149344,140256,,,
190526670456500,71618117483191,135,bias-calibration,5728,-146560,135488,,,
190526672497900,71618118483233,136,bias-calibration,7328,-144416,131264,,,
190526672508700,71618119483066,137,bias-calibration,8640,-141568,127392,,,
190526673475300,71618120483233,138,bias-calibration,11584,-139488,123744,,,
190526674459400,71618121483025,139,bias-calibration,15424,-137216,120064,,,
190526675459200,71618122483858,140,bias-calibration,17344,-135360,116704,,,
190526676459600,71618123484608,141,bias-calibration,20256,-132864,113120,,,
190526677470500,71618124483025,142,bias-calibration,23648,-129696,109952,,,
190526678454800,71618125483066,143,bias-calibration,26240,-128000,106688,,,
190526679450700,71618126482941,144,bias-calibration,30048,-125248,104320,,,
190526680460100,71618127483025,145,bias-calibration,34912,-122656,101536,,,
190526681460800,71618128483483,146,bias-calibration,39424,-120480,98016,,,
190526682457100,71618129484608,147,bias-calibration,41536,-118848,95776,,,
190526683458600,71618130484608,148,bias-calibration,45440,-117312,92352,,,
190526684458300,71618131483108,149,bias-calibration,48864,-115104,90752,,,
190526685458800,71618132483150,150,bias-calibration,51456,-113088,87776,,,
190526686459200,71618133483066,151,bias-calibration,53152,-111008,85632,,,
190526687456600,71618134483066,152,bias-calibration,56768,-109344,83744,,,
190526688458900,71618135483066,153,bias-calibration,61824,-107296,81312,,,
190526689474300,71618136482983,154,bias-calibration,64768,-105888,79712,,,
190526690465300,71618137482983,155,bias-calibration,65376,-105536,79168,,,
190526691456800,71618138482941,156,bias-calibration,67616,-104160,77120,,,
190526692460300,71618139482858,157,bias-calibration,70496,-102880,76096,,,
190526693458900,71618140483316,158,bias-calibration,70496,-102144,75648,,,
190526694459800,71618141483691,159,bias-calibration,71584,-101344,74816,,,
190526695461600,71618142484275,160,bias-calibration,72672,-100800,74240,,,
190526696457700,71618143483150,161,bias-calibration,74240,-100160,73504,,,
190526697459700,71618144482566,162,bias-calibration,75264,-99328,73312,,,
190526698459600,71618145483191,163,bias-calibration,77952,-98432,73984,,,
190526699459600,71618146483983,164,bias-calibration,80768,-97792,73792,,,
190526700459900,71618147483150,165,bias-calibration,82240,-97216,74752,,,
190526701459800,71618148483025,166,bias-calibration,83616,-97472,75424,,,
190526702459300,71618149482566,167,bias-calibration,86816,-98496,75904,,,
190526703459600,71618150483233,168,bias-calibration,87968,-99200,76512,,,
190526704458500,71618151482900,169,bias-calibration,88032,-100608,77088,,,
190526705473500,71618152483275,170,bias-calibration,89664,-101632,78048,,,
190526706465300,71618153485150,171,bias-calibration,91616,-102592,78720,,,
190526707455300,71618154483066,172,bias-calibration,94528,-104576,79232,,,
190526708460400,71618155483066,173,bias-calibration,94624,-105888,80928,,,
190526709523600,71618156483066,174,bias-calibration,96000,-107712,82336,,,
190526710463400,71618157483025,175,bias-calibration,97984,-109152,83200,,,
190526711460200,71618158482941,176,bias-calibration,98816,-110176,84768,,,
190526712459500,71618159482691,177,bias-calibration,97792,-111840,86464,,,
190526713459200,71618160483150,178,bias-calibration,98400,-113312,88768,,,
190526714457200,71618161482983,179,bias-calibration,96864,-114784,90400,,,
190526715457900,71618162482983,180,bias-calibration,94848,-115808,91456,,,
190526716459900,71618163483150,181,bias-calibration,93856,-117600,94048,,,
190526717459100,71618164485608,182,bias-calibration,91936,-117856,95200,,,
190526718459400,71618165483316,183,bias-calibration,89344,-119104,96992,,,
190526719472100,71618166483108,184,bias-calibration,86144,-119712,98464,,,
190526720456900,71618167483066,185,bias-calibration,83872,-120480,99136,,,
190526721475300,71618168483150,186,bias-calibration,82848,-121216,101376,,,
190526722476500,71618169483066,187,bias-calibration,80640,-122368,102624,,,
190526723459400,71618170483066,188,bias-calibration,78208,-123392,105760,,,
190526724468600,71618171482941,189,bias-calibration,76320,-124672,107200,,,
190526725466200,71618172483108,190,bias-calibration,74368,-125824,109984,,,
190526726454400,71618173482900,191,bias-calibration,72448,-127328,112096,,,
190526727454800,71618174483400,192,bias-calibration,69856,-128576,113856,,,
190526728454600,71618175484650,193,bias-calibration,68096,-130432,116928,,,
190526729454200,71618176483316,194,bias-calibration,66432,-131168,119264,,,
190526730454700,71618177483150,195,bias-calibration,65824,-132096,120704,,,
190526731551800,71618178483108,196,bias-calibration,66272,-133120,122944,,,
190526732544100,71618179483108,197,bias-calibration,64864,-133696,125152,,,
190526733522300,71618180483066,198,bias-calibration,61792,-134528,126880,,,
190526734549500,71618181483025,199,bias-calibration,60544,-134944,128384,,,
190526735522400,71618182483025,200,bias-calibration,59328,-135104,129952,,,
190526736554500,71618183482983,201,bias-calibration,57792,-135232,131488,,,
190526737491900,71618184482983,202,bias-calibration,55840,-135040,132320,,,
190526738525800,71618185482900,203,bias-calibration,55520,-134048,133856,,,
190526739472000,71618186483400,204,bias-calibration,54336,-133664,134880,,,
190526740456700,71618187483191,205,bias-calibration,53120,-132544,136384,,,
190526741455900,71618188485233,206,bias-calibration,52032,-131872,136320,,,
190526742465400,71618189483816,207,bias-calibration,51488,-130144,137536,,,
190526743457100,71618190483025,208,bias-calibration,50720,-128736,137728,,,
190526744455200,71618191482691,209,bias-calibration,49952,-127168,138272,,,
190526745463600,71618192483191,210,bias-calibration,49504,-125376,138848,,,
190526746466500,71618193483191,211,bias-calibration,49952,-123360,139200,,,
190526747465600,71618194483066,212,bias-calibration,50048,-120704,139616,,,
190526748455400,71618195482941,213,bias-calibration,51584,-119008,139744,,,
190526749456800,71618196483483,214,bias-calibration,52672,-115840,139776,,,
190526750454600,71618197483025,215,bias-calibration,54592,-113088,140320,,,
190526751502000,71618198483108,216,bias-calibration,56960,-110208,140864,,,
190526752456100,71618199483275,217,bias-calibration,59872,-107168,140160,,,
190526753477700,71618200483691,218,bias-calibration,62688,-104320,141312,,,
190526754464600,71618201485441,219,bias-calibration,66016,-101440,141248,,,
190526755457200,71618202485191,220,bias-calibration,69984,-98400,141792,,,
190526756458800,71618203483108,221,bias-calibration,73184,-95840,140864,,,
190526757458300,71618204483066,222,bias-calibration,76864,-92608,141088,,,
190526758456300,71618205483108,223,bias-calibration,82144,-90080,140800,,,
190526759457800,71618206483316,224,bias-calibration,87680,-87392,142496,,,
190526760456600,71618207484483,225,bias-calibration,92224,-84096,142048,,,
190526761456900,71618208483025,226,bias-calibration,98688,-82208,142720,,,
190526762455700,71618209483275,227,bias-calibration,105728,-79520,144672,,,
190526763455700,71618210483191,228,bias-calibration,112768,-77056,144160,,,
190526764457500,71618211483066,229,bias-calibration,119936,-75168,145856,,,
190526765457300,71618212483400,230,bias-calibration,127296,-73216,147040,,,
190526766453500,71618213483108,231,bias-calibration,133440,-71488,147936,,,
190526767459900,71618214483066,232,bias-calibration,140672,-69984,148960,,,
190526768458000,71618215483066,233,bias-calibration,148000,-68608,149760,,,
190526769472900,71618216483066,234,bias-calibration,153504,-67520,150400,,,
190526770459000,71618217482900,235,bias-calibration,160672,-66912,150784,,,
190526771456600,71618218482941,236,bias-calibration,167200,-66304,152128,,,
190526772452200,71618219483066,237,bias-calibration,172544,-65792,151968,,,
190526773456700,71618220483233,238,bias-calibration,177408,-65216,153600,,,
190526774455800,71618221483108,239,bias-calibration,183008,-64704,155008,,,
190526775455400,71618222487066,240,bias-calibration,186656,-64256,156416,,,
190526776457600,71618223483150,241,bias-calibration,179968,-63840,159424,,,
190526777455000,71618224483233,242,bias-calibration,177920,-62496,163776,,,
190526778454400,71618225483066,243,bias-calibration,199328,-60384,167200,,,
190526779454700,71618226483066,244,bias-calibration,207392,-58176,169568,,,
190526780456100,71618227483025,245,bias-calibration,195712,-57792,174912,,,
190526781455100,71618228482983,246,bias-calibration,200864,-58208,178336,,,
190526782456300,71618229483066,247,bias-calibration,210784,-58272,182464,,,
190526783456700,71618230482983,248,bias-calibration,203936,-58208,185824,,,
190526786376400,71618231482941,249,bias-calibration,199200,-59584,190912,,,
190526786396600,71618232483233,250,bias-calibration,202912,-60256,194848,,,
190526788906900,71618233483191,251,bias-calibration,204960,-61216,199200,,,
190526788918800,71618234483233,252,bias-calibration,207200,-61920,203552,,,
190526789098000,71618235483108,253,bias-calibration,209888,-62752,208512,,,
190526789454300,71618236483108,254,bias-calibration,215904,-63808,213152,,,
190526790459800,71618237483066,255,bias-calibration,220736,-65696,218336,,,
190526791457200,71618238483400,0,bias-calibration,221664,-67520,222176,,,
190526792460700,71618239483066,1,bias-calibration,221824,-70528,227424,,,
190526793459000,71618240494441,2,bias-calibration,224320,-73792,230272,,,
190526794458800,71618241483066,3,bias-calibration,225280,-77664,234144,,,
190526795456400,71618242482983,4,bias-calibration,222816,-82368,237376,,,
190526796458400,71618243482775,5,bias-calibration,224608,-85120,239200,,,
190526797458600,71618244483233,6,bias-calibration,222912,-88224,241440,,,
190526798455200,71618245483066,7,bias-calibration,218528,-89856,244256,,,
190526799456600,71618246483441,8,bias-calibration,218336,-90496,245952,,,
190526800537200,71618247483650,9,bias-calibration,220096,-91552,248576,,,
190526801471300,71618248485108,10,bias-calibration,220448,-92000,250016,,,
190526802465400,71618249483150,11,bias-calibration,221952,-93280,252096,,,
190526803461100,71618250483025,12,bias-calibration,222144,-95488,254080,,,
190526804458800,71618251483066,13,bias-calibration,215488,-97920,255776,,,
190526805457300,71618252482941,14,bias-calibration,209952,-101024,257280,,,
190526806460200,71618253485775,15,bias-calibration,207936,-102848,257472,,,
190526807457500,71618254484191,16,bias-calibration,206464,-104800,257920,,,
190526808459400,71618255483233,17,bias-calibration,203072,-108256,257856,,,
190526809459000,71618256483108,18,bias-calibration,201152,-110624,257824,,,
190526810459400,71618257483191,19,bias-calibration,200736,-111936,257152,,,
190526811459400,71618258482650,20,bias-calibration,199264,-112992,257152,,,
190526812457300,71618259483150,21,bias-calibration,199168,-114112,256576,,,
190526813459300,71618260483108,22,bias-calibration,197280,-114848,256000,,,
190526814459100,71618261483108,23,bias-calibration,194784,-116416,256480,,,
190526815457300,71618262482983,24,bias-calibration,196512,-117408,254464,,,
190526816914300,71618263483733,25,bias-calibration,196864,-118368,253664,,,
190526817463100,71618264483025,26,bias-calibration,192256,-118752,251968,,,
190526818576500,71618265482900,27,bias-calibration,191168,-119584,249344,,,
190526819463700,71618266483108,28,bias-calibration,190464,-119808,246752,,,
190526820470800,71618267483066,29,bias-calibration,188384,-119872,242304,,,
190526821458200,71618268483150,30,bias-calibration,183744,-119680,239040,,,
190526822460000,71618269483066,31,bias-calibration,181504,-119584,235040,,,
190526823457000,71618270483108,32,bias-calibration,180544,-120000,231264,,,
190526824458600,71618271483108,33,bias-calibration,177344,-118976,226112,,,
190526825650100,71618272484441,34,bias-calibration,174400,-117088,222048,,,
190526826453000,71618273483025,35,bias-calibration,172928,-114944,217088,,,
190526827459200,71618274482941,36,bias-calibration,169024,-113056,212800,,,
190526828459100,71618275483191,37,bias-calibration,165664,-111264,207360,,,
190526829458800,71618276482983,38,bias-calibration,164320,-108864,201600,,,
190526830458900,71618277483066,39,bias-calibration,162016,-106336,195104,,,
190526831458300,71618278483191,40,bias-calibration,158208,-103040,188544,,,
190526832463900,71618279483066,41,bias-calibration,154304,-100480,182016,,,
190526833482400,71618280486316,42,bias-calibration,150048,-98336,174464,,,
190526834464900,71618281483191,43,bias-calibration,145408,-96160,166240,,,
190526835458000,71618282483025,44,bias-calibration,142976,-93920,158272,,,
190526836459900,71618283483108,45,bias-calibration,139808,-91232,151744,,,
190526837457100,71618284483066,46,bias-calibration,135520,-87808,144224,,,
190526838459500,71618285484566,47,bias-calibration,131904,-83488,137216,,,
190526839456900,71618286483108,48,bias-calibration,130144,-79264,129792,,,
190526840460500,71618287482900,49,bias-calibration,127520,-75136,122784,,,
190526841458600,71618288483233,50,bias-calibration,124000,-71360,115488,,,
190526842459200,71618289484566,51,bias-calibration,120928,-66432,107744,,,
190526843468000,71618290483941,52,bias-calibration,118848,-61376,99424,,,
190526844459200,71618291483191,53,bias-calibration,113760,-56544,91360,,,
190526845456700,71618292483066,54,bias-calibration,108576,-51552,82080,,,
190526846459000,71618293483108,55,bias-calibration,106592,-46944,74080,,,
190526847458600,71618294483691,56,bias-calibration,102528,-41920,64768,,,
190526848463900,71618295483108,57,bias-calibration,97440,-36608,56096,,,
190526849471500,71618296483400,58,bias-calibration,94720,-31008,47136,,,
190526850463500,71618297482941,59,bias-calibration,91936,-25600,37664,,,
190526851460900,71618298483025,60,bias-calibration,88032,-19712,29152,,,
190526852459200,71618299482941,61,bias-calibration,83936,-13792,20256,,,
190526853459100,71618300483358,62,bias-calibration,81888,-8608,12160,,,
190526854458900,71618301484733,63,bias-calibration,77568,-2720,2464,,,
190526855458600,71618302483025,64,bias-calibration,73984,2400,-6016,,,
190526856458900,71618303483233,65,bias-calibration,71168,8224,-13888,,,
190526857458800,71618304483191,66,bias-calibration,68160,13152,-23104,,,
190526858469900,71618305483233,67,bias-calibration,65408,18720,-30464,,,
190526859457700,71618306483400,68,bias-calibration,62176,23200,-38432,,,
190526860456400,71618307483025,69,bias-calibration,59232,28128,-46624,,,
190526861458400,71618308483025,70,bias-calibration,56576,32256,-54400,,,
190526862458200,71618309483025,71,bias-calibration,52384,36000,-62272,,,
190526863458300,71618310482566,72,bias-calibration,51264,39808,-68832,,,
190526864471900,71618311484025,73,bias-calibration,49024,43520,-75616,,,
190526865474300,71618312483191,74,bias-calibration,46144,46528,-81888,,,
190526866465200,71618313486150,75,bias-calibration,43008,50816,-88992,,,
190526867459800,71618314483191,76,bias-calibration,41088,53888,-95680,,,
190526868459800,71618315487316,77,bias-calibration,38272,58368,-102176,,,
190526869458900,71618316483150,78,bias-calibration,25440,62240,-108544,,,
190526870457700,71618317482941,79,bias-calibration,25056,67552,-113184,,,
190526871458500,71618318484191,80,bias-calibration,37152,72512,-118336,,,
190526872989900,71618319482983,81,bias-calibration,27360,76640,-123744,,,
190526873456700,71618320482733,82,bias-calibration,16832,81088,-128704,,,
190526874456600,71618321483150,83,bias-calibration,20864,84640,-133024,,,
190526875458800,71618322482900,84,bias-calibration,16608,87744,-138112,,,
190526876458400,71618323483191,85,bias-calibration,6560,90816,-141984,,,
190526877458300,71618324483233,86,bias-calibration,5472,94336,-146176,,,
190526878458500,71618325483733,87,bias-calibration,5728,96704,-150400,,,
190526879456100,71618326483150,88,bias-calibration,1152,98560,-153824,,,
190526880466000,71618327483108,89,bias-calibration,-4704,100576,-158304,,,
190526881466400,71618328483108,90,bias-calibration,-3648,102560,-162464,,,
190526882467200,71618329482983,91,bias-calibration,-3968,105376,-167776,,,
190526883460300,71618330482900,92,bias-calibration,-9888,107904,-171200,,,
190526884459400,71618331484525,93,bias-calibration,-10400,110144,-174624,,,
190526885458500,71618332482900,94,bias-calibration,-7904,112448,-178752,,,
190526886458500,71618333483025,95,bias-calibration,-7616,114176,-181760,,,
190526887458500,71618334483483,96,bias-calibration,-7712,116384,-185440,,,
190526888458500,71618335483233,97,bias-calibration,-5280,117312,-187808,,,
190526889458100,71618336484566,98,bias-calibration,-3232,118912,-191168,,,
190526890458200,71618337483025,99,bias-calibration,-2176,120352,-194304,,,
190526891458100,71618338483150,100,bias-calibration,-1856,121376,-197184,,,
190526892457600,71618339483025,101,bias-calibration,-1568,121760,-200192,,,
190526893456200,71618340483108,102,bias-calibration,1344,122368,-202848,,,
190526894458300,71618341482983,103,bias-calibration,2880,123200,-207456,,,
190526895460000,71618342482858,104,bias-calibration,2752,124480,-211136,,,
190526896463300,71618343483108,105,bias-calibration,4512,126784,-214304,,,
190526897474600,71618344482983,106,bias-calibration,5728,129408,-218624,,,
190526898459600,71618345482900,107,bias-calibration,4800,132000,-223264,,,
190526899460100,71618346483358,108,bias-calibration,5024,135424,-227808,,,
190526900459400,71618347483233,109,bias-calibration,6784,138144,-232064,,,
190526901459100,71618348483275,110,bias-calibration,6304,142048,-237056,,,
190526902459300,71618349483108,111,bias-calibration,4640,144960,-243328,,,
190526903457300,71618350483191,112,bias-calibration,2784,148928,-248960,,,
190526904459100,71618351483108,113,bias-calibration,-192,151648,-255008,,,
190526905456900,71618352482983,114,bias-calibration,-2112,155904,-261408,,,
190526906457500,71618353482983,115,bias-calibration,-3520,159360,-268384,,,
190526907456600,71618354482983,116,bias-calibration,-6432,163552,-274400,,,
190526908458800,71618355483108,117,bias-calibration,-4352,168032,-281440,,,
190526909459000,71618356482900,118,bias-calibration,-5472,172448,-288352,,,
190526910459100,71618357483150,119,bias-calibration,-10048,177184,-294208,,,
190526911457300,71618358483316,120,bias-calibration,-9728,182752,-301408,,,
190526912464300,71618359483108,121,bias-calibration,-8320,187104,-308480,,,
190526913666800,71618360483150,122,bias-calibration,-13152,191936,-315200,,,
190526914655300,71618361483108,123,bias-calibration,-16320,197216,-321440,,,
190526915458200,71618362483150,124,bias-calibration,-13728,201600,-328448,,,
190526916459700,71618363482983,125,bias-calibration,-16544,206368,-335360,,,
190526917459600,71618364483025,126,bias-calibration,-18752,211040,-342016,,,
190526918459200,71618365483066,127,bias-calibration,-18432,215616,-349088,,,
190526919458800,71618366483025,128,bias-calibration,-23680,220000,-355808,,,
190526920458700,71618367483025,129,bias-calibration,-27328,224864,-362784,,,
190526921456800,71618368483150,130,bias-calibration,-26528,229056,-370112,,,
190526922457500,71618369483150,131,bias-calibration,-28864,232096,-377600,,,
190526923458000,71618370483191,132,bias-calibration,-35200,235136,-385184,,,
190526924444900,71618371483650,133,bias-calibration,-37984,238400,-393312,,,
190526925469300,71618372484566,134,bias-calibration,-38528,241280,-399648,,,
190526926458600,71618373483108,135,bias-calibration,-42176,243872,-407456,,,
190526927458600,71618374482983,136,bias-calibration,-47424,246720,-415232,,,
190526928464000,71618375483191,137,bias-calibration,-48192,249376,-422720,,,
190526929547300,71618376482941,138,bias-calibration,-49536,251552,-430016,,,
190526930461500,71618377482691,139,bias-calibration,-54528,253024,-437984,,,
190526931459600,71618378483108,140,bias-calibration,-56000,255072,-444640,,,
190526932459200,71618379482900,141,bias-calibration,-56448,256672,-452000,,,
190526933457100,71618380483233,142,bias-calibration,-59552,257408,-458912,,,
190526934458800,71618381483108,143,bias-calibration,-63712,258464,-465344,,,
190526935458500,71618382483316,144,bias-calibration,-65088,258816,-471456,,,
190526936458700,71618383483108,145,bias-calibration,-65440,258784,-477856,,,
190526937456500,71618384484233,146,bias-calibration,-69344,259584,-483232,,,
190526938458800,71618385483108,147,bias-calibration,-73888,259104,-488320,,,
190526939458800,71618386482983,148,bias-calibration,-73600,259264,-492672,,,
190526940456600,71618387484525,149,bias-calibration,-76672,259296,-497344,,,
190526941458900,71618388483025,150,bias-calibration,-81504,258304,-501088,,,
190526942456500,71618389482941,151,bias-calibration,-84928,258048,-504704,,,
190526943458300,71618390482983,152,bias-calibration,-86272,257152,-507488,,,
190526944475100,71618391482900,153,bias-calibration,-92608,256480,-509728,,,
190526945470700,71618392483233,154,bias-calibration,-97472,255744,-511584,,,
190526946460100,71618393483066,155,bias-calibration,-99232,255392,-513152,,,
190526947461100,71618394482983,156,bias-calibration,-102816,254208,-514464,,,
190526948458600,71618395483191,157,bias-calibration,-106688,253088,-514464,,,
190526949456900,71618396483066,158,bias-calibration,-109376,250400,-514400,,,
190526950458800,71618397483316,159,bias-calibration,-114336,248352,-514304,,,
190526951458700,71618398483608,160,bias-calibration,-119584,245056,-512992,,,
190526952456900,71618399482941,161,bias-calibration,-124576,241600,-511776,,,
190526953458700,71618400483733,162,bias-calibration,-130464,239520,-511264,,,
190526954458800,71618401482858,163,bias-calibration,-134944,236160,-510208,,,
190526955458700,71618402482941,164,bias-calibration,-139360,233696,-509344,,,
190526956459000,71618403483191,165,bias-calibration,-142400,229696,-507008,,,
190526957458500,71618404485066,166,bias-calibration,-145888,227936,-505728,,,
190526958459200,71618405483066,167,bias-calibration,-148128,225504,-503808,,,
190526959457500,71618406490275,168,bias-calibration,-152096,222080,-500704,,,
190526960467700,71618407483733,169,bias-calibration,-157280,218016,-498848,,,
190526961476100,71618408484400,170,bias-calibration,-160960,213344,-495904,,,
190526962461400,71618409482650,171,bias-calibration,-165216,208320,-494176,,,
190526963460500,71618410483150,172,bias-calibration,-172352,203264,-492800,,,
190526964459600,71618411482900,173,bias-calibration,-177632,197888,-490656,,,
190526965459200,71618412482983,174,bias-calibration,-177664,193184,-488480,,,
190526966458900,71618413483691,175,bias-calibration,-181824,188032,-487680,,,
190526967458400,71618414484108,176,bias-calibration,-188288,182656,-485984,,,
190526968458800,71618415483233,177,bias-calibration,-189600,177120,-484320,,,
190526969457100,71618416483108,178,bias-calibration,-193056,172448,-482528,,,
190526970457400,71618417483108,179,bias-calibration,-198304,167008,-480896,,,
190526971457300,71618418483816,180,bias-calibration,-201664,161280,-479488,,,
190526972453600,71618419483191,181,bias-calibration,-203648,155904,-477024,,,
190526973458700,71618420495775,182,bias-calibration,-208000,150528,-475648,,,
190526974459000,71618421482900,183,bias-calibration,-209792,145184,-473728,,,
190526975458600,71618422483108,184,bias-calibration,-212864,138848,-472576,,,
190526976470800,71618423482900,185,bias-calibration,-216832,132704,-471040,,,
190526978504000,71618424483233,186,bias-calibration,-220672,126752,-469376,,,
190526978521700,71618425484275,187,bias-calibration,-223264,120896,-468192,,,
190526979489400,71618426483025,188,bias-calibration,-223904,114528,-466848,,,
190526980488500,71618427483191,189,bias-calibration,-227616,108480,-465984,,,
190526981460900,71618428483108,190,bias-calibration,-229952,101856,-465568,,,
190526982472200,71618429483066,191,bias-calibration,-230880,94880,-464000,,,
190526983456400,71618430483858,192,bias-calibration,-235392,88256,-463072,,,
190526984459800,71618431482941,193,bias-calibration,-239072,83168,-462720,,,
190526985456700,71618432484733,194,bias-calibration,-238656,77632,-461952,,,
190526986459500,71618433483025,195,bias-calibration,-239488,72096,-461088,,,
190526987458400,71618434483066,196,bias-calibration,-240736,66304,-460672,,,
190526988458300,71618435482900,197,bias-calibration,-243456,60128,-461280,,,
190526989458300,71618436482941,198,bias-calibration,-246368,54336,-461248,,,
190526990457900,71618437483233,199,bias-calibration,-247072,49280,-461376,,,
190526991456200,71618438483150,200,bias-calibration,-247840,44384,-461952,,,
190526992465100,71618439483108,201,bias-calibration,-251264,38976,-461408,,,
190526993469200,71618440483150,202,bias-calibration,-254144,32864,-462592,,,
190526994473900,71618441482650,203,bias-calibration,-253728,26528,-463488,,,
190526995476800,71618442483191,204,bias-calibration,-257248,21248,-464000,,,
190526996463600,71618443485025,205,bias-calibration,-260064,16352,-464128,,,
190526997457100,71618444483066,206,bias-calibration,-260480,11968,-464416,,,
190526998458400,71618445482983,207,bias-calibration,-261920,7616,-465728,,,
190526999458400,71618446484900,208,bias-calibration,-263936,4672,-466656,,,
190527000460700,71618447483066,209,bias-calibration,-263648,128,-466752,,,
190527001458900,71618448483025,210,bias-calibration,-261376,-4096,-468128,,,
190527002458000,71618449486108,211,bias-calibration,-264800,-8416,-468544,,,
190527003457600,71618450494858,212,bias-calibration,-268096,-12096,-469120,,,
190527004458100,71618451482983,213,bias-calibration,-266240,-15936,-468992,,,
190527005456500,71618452483108,214,bias-calibration,-266880,-19488,-469408,,,
190527006456600,71618453483025,215,bias-calibration,-270176,-23840,-470208,,,
190527007458200,71618454484566,216,bias-calibration,-269728,-28288,-471808,,,
190527008470100,71618455483150,217,bias-calibration,-271104,-31904,-472128,,,
190527009465600,71618456485650,218,bias-calibration,-276320,-35168,-473248,,,
190527010468700,71618457483025,219,bias-calibration,-276320,-35840,-474080,,,
190527011464100,71618458482816,220,bias-calibration,-272192,-36160,-475328,,,
190527012455500,71618459483566,221,bias-calibration,-273536,-36704,-476864,,,
190527013451000,71618460483858,222,bias-calibration,-275840,-37792,-478144,,,
190527014449700,71618461483150,223,bias-calibration,-273344,-39520,-480128,,,
190527015464500,71618462483191,224,bias-calibration,-274560,-39968,-481056,,,
190527016451400,71618463482983,225,bias-calibration,-277760,-39488,-482528,,,
190527017449900,71618464483066,226,bias-calibration,-278176,-39104,-484800,,,
190527018450700,71618465483191,227,bias-calibration,-278400,-39392,-486496,,,
190527019450100,71618466486900,228,bias-calibration,-281472,-38976,-488384,,,
190527020451700,71618467482941,229,bias-calibration,-280864,-38592,-491072,,,
190527021451100,71618468482983,230,bias-calibration,-277344,-37536,-492608,,,
190527022451800,71618469482983,231,bias-calibration,-275616,-33920,-495808,,,
190527023449300,71618470483025,232,bias-calibration,-274400,-30720,-498304,,,
190527024457000,71618471483275,233,bias-calibration,-268160,-27808,-500608,,,
190527025461000,71618472484733,234,bias-calibration,-266560,-24448,-503552,,,
190527026468200,71618473482983,235,bias-calibration,-266496,-22336,-505408,,,
190527027479900,71618474483191,236,bias-calibration,-260864,-19744,-508704,,,
190527028465800,71618475483108,237,bias-calibration,-256992,-16352,-511520,,,
190527029459300,71618476483108,238,bias-calibration,-257184,-12416,-515552,,,
190527030458900,71618477483733,239,bias-calibration,-253344,-8768,-517312,,,
190527031458100,71618478483733,240,bias-calibration,-251328,-4384,-521760,,,
190527032458900,71618479486108,241,bias-calibration,-252768,192,-524096,,,
190527033458700,71618480482941,242,bias-calibration,-247232,5728,-527712,,,
190527034458300,71618481482983,243,bias-calibration,-237088,11712,-530592,,,
190527035458400,71618482482858,244,bias-calibration,-238208,17728,-533696,,,
190527036454500,71618483483275,245,bias-calibration,-239488,23456,-536640,,,
190527037458700,71618484485733,246,bias-calibration,-232768,29408,-538368,,,
190527038458800,71618485483025,247,bias-calibration,-229344,35712,-542464,,,
190527039458400,71618486483066,248,bias-calibration,-232320,41184,-544576,,,
190527040528500,71618487483066,249,bias-calibration,-231968,47456,-547520,,,
190527041462500,71618488482941,250,bias-calibration,-225792,53728,-550400,,,
190527042467500,71618489483233,251,bias-calibration,-223264,59200,-552704,,,
190527043464400,71618490483816,252,bias-calibration,-224704,65728,-555488,,,
190527044473500,71618491482983,253,bias-calibration,-220864,72544,-557536,,,
190527045482400,71618492483108,254,bias-calibration,-213568,79328,-560320,,,
190527046486800,71618493483566,255,bias-calibration,-212896,85376,-561888,,,
190527047482500,71618494482983,0,bias-calibration,-213056,91648,-563488,,,
190527048476600,71618495483191,1,bias-calibration,-206272,97728,-565504,,,
190527049461400,71618496484025,2,bias-calibration,-201056,103264,-566336,,,
190527050473300,71618497483025,3,bias-calibration,-203936,109408,-566816,,,
190527051476700,71618498483066,4,bias-calibration,-200128,116160,-568864,,,
190527052479800,71618499483108,5,bias-calibration,-189824,121952,-569024,,,
190527053457700,71618500482983,6,bias-calibration,-190176,127104,-569600,,,
190527054454100,71618501483150,7,bias-calibration,-191968,133760,-570208,,,
190527055464700,71618502482983,8,bias-calibration,-181856,139776,-570656,,,
190527056464600,71618503482983,9,bias-calibration,-174912,146272,-571520,,,
190527057461600,71618504483025,10,bias-calibration,-179296,151840,-571456,,,
190527058458700,71618505482858,11,bias-calibration,-175552,157984,-572256,,,
190527059458100,71618506483275,12,bias-calibration,-165408,164576,-573152,,,
190527060457800,71618507483275,13,bias-calibration,-163232,169440,-573152,,,
190527061456600,71618508487941,14,bias-calibration,-165984,174752,-573152,,,
190527062458200,71618509483816,15,bias-calibration,-159360,181024,-573760,,,
190527063456500,71618510482941,16,bias-calibration,-151040,187136,-574944,,,
190527064457500,71618511483191,17,bias-calibration,-148384,192256,-575008,,,
190527065457800,71618512482941,18,bias-calibration,-148672,196672,-575424,,,
190527066456000,71618513485816,19,bias-calibration,-142784,202080,-576416,,,
190527067457700,71618514484566,20,bias-calibration,-136736,207328,-576800,,,
190527068457600,71618515482941,21,bias-calibration,-131776,212224,-579168,,,
190527069458000,71618516483025,22,bias-calibration,-127968,216832,-578880,,,
190527070457700,71618517483191,23,bias-calibration,-124512,221152,-580864,,,
190527071457300,71618518483108,24,bias-calibration,-119360,225600,-582016,,,
190527072467800,71618519483025,25,bias-calibration,-114016,230752,-583136,,,
190527073460100,71618520483150,26,bias-calibration,-107424,234912,-585952,,,
190527074460500,71618521483150,27,bias-calibration,-104032,238976,-588096,,,
190527075459600,71618522483066,28,bias-calibration,-101632,243168,-590144,,,
190527076460000,71618523483608,29,bias-calibration,-95008,247936,-593280,,,
190527077459400,71618524483025,30,bias-calibration,-87296,252416,-596768,,,
190527078457500,71618525483066,31,bias-calibration,-84736,255712,-599008,,,
190527079459200,71618526484941,32,bias-calibration,-83712,259360,-602784,,,
190527080458800,71618527484400,33,bias-calibration,-78784,263296,-607040,,,
190527081458800,71618528483025,34,bias-calibration,-73408,267392,-610464,,,
190527082458700,71618529483108,35,bias-calibration,-71232,272320,-613952,,,
190527083458700,71618530483108,36,bias-calibration,-68224,276160,-617088,,,
190527084458700,71618531483858,37,bias-calibration,-65472,279552,-621280,,,
190527085459100,71618532483066,38,bias-calibration,-63680,284032,-624640,,,
190527086458800,71618533483775,39,bias-calibration,-59200,288192,-628192,,,
190527087474900,71618534483025,40,bias-calibration,-53728,293056,-632224,,,
190527088464100,71618535482983,41,bias-calibration,-52320,296768,-635584,,,
190527089462100,71618536483025,42,bias-calibration,-52288,300064,-638720,,,
190527090455700,71618537483066,43,bias-calibration,-49184,303424,-643520,,,
190527091479700,71618538482983,44,bias-calibration,-46016,306720,-646912,,,
190527092535300,71618539482900,45,bias-calibration,-46752,310560,-651104,,,
190527093473400,71618540483566,46,bias-calibration,-47200,312832,-655520,,,
190527094480800,71618541483233,47,bias-calibration,-46880,316288,-659328,,,
190527095465200,71618542483066,48,bias-calibration,-45696,319424,-663104,,,
190527096459600,71618543483066,49,bias-calibration,-44672,324448,-667776,,,
190527097459800,71618544483025,50,bias-calibration,-40672,328448,-671488,,,
190527098459200,71618545483191,51,bias-calibration,-38400,332160,-674560,,,
190527099459100,71618546483066,52,bias-calibration,-39616,335968,-678720,,,
190527100459100,71618547482941,53,bias-calibration,-40160,339808,-682176,,,
190527101458000,71618548483025,54,bias-calibration,-36864,343904,-684320,,,
190527102459100,71618549484108,55,bias-calibration,-36032,348032,-687264,,,
190527103474300,71618550485275,56,bias-calibration,-38304,350560,-689792,,,
190527104510800,71618551482983,57,bias-calibration,-39424,353824,-692000,,,
190527105461000,71618552483150,58,bias-calibration,-36736,357856,-694464,,,
190527106456700,71618553483108,59,bias-calibration,-35680,361632,-696192,,,
190527107468100,71618554483525,60,bias-calibration,-34432,365536,-697792,,,
190527108455400,71618555485775,61,bias-calibration,-33472,370048,-698560,,,
190527109454100,71618556483108,62,bias-calibration,-31360,374048,-700288,,,
190527110454000,71618557483025,63,bias-calibration,-29312,376864,-700064,,,
190527111454600,71618558482983,64,bias-calibration,-31008,380928,-700864,,,
190527112454800,71618559483066,65,bias-calibration,-30144,385056,-701344,,,
190527113454400,71618560483733,66,bias-calibration,-26240,389088,-701024,,,
190527114454700,71618561484150,67,bias-calibration,-24928,393056,-701024,,,
190527115481800,71618562484566,68,bias-calibration,-25952,395392,-700640,,,
190527116460100,71618563482816,69,bias-calibration,-25664,399072,-701376,,,
190527117454500,71618564483108,70,bias-calibration,-23168,403328,-700512,,,
190527118470800,71618565483066,71,bias-calibration,-21312,407680,-699552,,,
190527119481700,71618566483233,72,bias-calibration,-20096,412352,-699136,,,
190527120615700,71618567483150,73,bias-calibration,-17440,415680,-697760,,,
190527121484000,71618568483108,74,bias-calibration,-16640,419872,-697184,,,
190527122474500,71618569482941,75,bias-calibration,-15584,423904,-695616,,,
190527123462900,71618570486066,76,bias-calibration,-11680,428000,-695200,,,
190527124459000,71618571483025,77,bias-calibration,-8768,431616,-693280,,,
190527125936700,71618572482941,78,bias-calibration,-8288,434592,-692416,,,
190527126453600,71618573482941,79,bias-calibration,-7616,438048,-691488,,,
190527127458600,71618574482775,80,bias-calibration,-5600,441888,-691616,,,
190527128458500,71618575483525,81,bias-calibration,-1376,445120,-690784,,,
190527129458800,71618576483108,82,bias-calibration,96,448640,-692064,,,
190527130457000,71618577483066,83,bias-calibration,800,452064,-692640,,,
190527131458500,71618578482983,84,bias-calibration,2496,454368,-691680,,,
190527132508800,71618579483025,85,bias-calibration,4800,458016,-691520,,,
190527133458400,71618580483025,86,bias-calibration,6592,461728,-692800,,,
190527134458400,71618581483066,87,bias-calibration,9024,465312,-693376,,,
190527135541400,71618582482858,88,bias-calibration,9504,468000,-693664,,,
190527136463300,71618583482900,89,bias-calibration,11104,470528,-693248,,,
190527137463200,71618584484525,90,bias-calibration,14400,474240,-694208,,,
190527138460900,71618585484650,91,bias-calibration,17408,477344,-694720,,,
190527139460000,71618586483150,92,bias-calibration,18496,479840,-694336,,,
190527140458200,71618587483108,93,bias-calibration,19168,481664,-696160,,,
190527141460000,71618588483066,94,bias-calibration,20672,482592,-697632,,,
190527142460100,71618589483066,95,bias-calibration,20320,485376,-698368,,,
190527143459100,71618590483316,96,bias-calibration,19872,486240,-699456,,,
190527144457300,71618591485816,97,bias-calibration,21440,488864,-702208,,,
190527145459300,71618592483025,98,bias-calibration,23008,490336,-704000,,,
190527146459200,71618593482983,99,bias-calibration,23072,491648,-705472,,,
190527147458100,71618594482941,100,bias-calibration,22272,493760,-708352,,,
190527148458900,71618595482816,101,bias-calibration,24128,496064,-710304,,,
190527149454800,71618596482816,102,bias-calibration,24832,498112,-712384,,,
190527150455300,71618597485691,103,bias-calibration,24192,500256,-714688,,,
190527151470100,71618598484775,104,bias-calibration,26400,502592,-717120,,,
190527152465000,71618599482983,105,bias-calibration,26112,503520,-720256,,,
190527153462200,71618600483691,106,bias-calibration,23424,504224,-722176,,,
190527154461300,71618601483066,107,bias-calibration,20608,505472,-724128,,,
190527155460300,71618602483691,108,bias-calibration,21472,506144,-727200,,,
190527156457900,71618603483066,109,bias-calibration,22240,506528,-729824,,,
190527157461700,71618604483608,110,bias-calibration,15936,506720,-732608,,,
190527158458600,71618605483025,111,bias-calibration,9344,506880,-734304,,,
190527159459800,71618606483025,112,bias-calibration,13280,508416,-736320,,,
190527160459200,71618607482900,113,bias-calibration,19712,510112,-739488,,,
190527161459200,71618608483025,114,bias-calibration,15200,511040,-741184,,,
190527162459200,71618609484483,115,bias-calibration,10016,511072,-743840,,,
190527163457300,71618610483191,116,bias-calibration,14080,511520,-745664,,,
190527164459000,71618611483025,117,bias-calibration,14688,512128,-748320,,,
190527165459400,71618612483066,118,bias-calibration,8800,512544,-751072,,,
190527166456000,71618613483025,119,bias-calibration,9248,512704,-754784,,,
190527167473500,71618614482983,120,bias-calibration,10752,511776,-759104,,,
190527168458800,71618615483108,121,bias-calibration,6176,510016,-762944,,,
190527169472900,71618616483066,122,bias-calibration,-352,509856,-767520,,,
190527170462500,71618617482858,123,bias-calibration,1984,510368,-772064,,,
190527171477100,71618618482900,124,bias-calibration,6336,511520,-775648,,,
190527172459300,71618619482983,125,bias-calibration,3520,511136,-778944,,,
190527173839400,71618620483108,126,bias-calibration,704,510944,-783392,,,
190527174456900,71618621483150,127,bias-calibration,4352,509824,-786912,,,
190527175457100,71618622483150,128,bias-calibration,1856,510112,-791296,,,
190527176458700,71618623483108,129,bias-calibration,-1632,510304,-796032,,,
190527177458600,71618624483025,130,bias-calibration,-32,510208,-802112,,,
190527178458400,71618625482983,131,bias-calibration,576,509088,-807264,,,
190527179458100,71618626482983,132,bias-calibration,-5024,507872,-813568,,,
190527180458400,71618627482941,133,bias-calibration,-7040,506016,-820352,,,
190527181458700,71618628482983,134,bias-calibration,-4352,505472,-827872,,,
190527182465800,71618629482983,135,bias-calibration,-5504,505984,-836288,,,
190527183468400,71618630482900,136,bias-calibration,-7136,505504,-843584,,,
190527184468400,71618631483066,137,bias-calibration,-5568,504192,-851392,,,
190527185463900,71618632486191,138,bias-calibration,-6080,502752,-859744,,,
190527186469100,71618633483066,139,bias-calibration,-10208,501888,-867872,,,
190527187467000,71618634483066,140,bias-calibration,-8224,501248,-876448,,,
190527188465100,71618635483108,141,bias-calibration,-5344,500896,-885120,,,
190527189465000,71618636483066,142,bias-calibration,-6656,500544,-895168,,,
190527190462500,71618637483358,143,bias-calibration,-7072,499488,-905024,,,
190527191463900,71618638485150,144,bias-calibration,-5632,497408,-915168,,,
190527192463000,71618639484400,145,bias-calibration,-6592,495872,-925984,,,
190527193465500,71618640482983,146,bias-calibration,-9664,494624,-937344,,,
190527194464400,71618641482858,147,bias-calibration,-10048,492704,-948160,,,
190527195463600,71618642482816,148,bias-calibration,-9056,491584,-958944,,,
190527196462700,71618643482900,149,bias-calibration,-8128,490432,-970144,,,
190527197464100,71618644484441,150,bias-calibration,-8224,488768,-982144,,,
190527198463100,71618645483108,151,bias-calibration,-7584,486848,-993216,,,
190527199472300,71618646483150,152,bias-calibration,-5280,484448,-1003936,,,
190527200462600,71618647482858,153,bias-calibration,-3072,482816,-1016128,,,
190527201463800,71618648482983,154,bias-calibration,-3712,480352,-1028192,,,
190527202535200,71618649482941,155,bias-calibration,-4320,478176,-1040352,,,
190527203459100,71618650484608,156,bias-calibration,-2656,475872,-1053248,,,
190527204454600,71618651482900,157,bias-calibration,-2656,472736,-1064960,,,
190527205459400,71618652482983,158,bias-calibration,-3456,470272,-1076672,,,
190527206460500,71618653482983,159,bias-calibration,-1888,468800,-1089248,,,
190527207449900,71618654483025,160,bias-calibration,2944,468224,-1101504,,,
190527208444000,71618655483233,161,bias-calibration,5184,467072,-1112384,,,
190527209459300,71618656484525,162,bias-calibration,4448,465408,-1123104,,,
190527210481900,71618657483066,163,bias-calibration,4288,463424,-1134048,,,
190527211473000,71618658483108,164,bias-calibration,8800,462304,-1143968,,,
190527212472000,71618659484525,165,bias-calibration,10880,460960,-1154496,,,
190527213454800,71618660483191,166,bias-calibration,8352,459040,-1163680,,,
190527214466800,71618661483108,167,bias-calibration,7520,457856,-1174144,,,
190527215458500,71618662483775,168,bias-calibration,10624,456576,-1183936,,,
190527216472700,71618663484316,169,bias-calibration,11136,455584,-1193696,,,
190527217459900,71618664483108,170,bias-calibration,11008,454496,-1202752,,,
190527218471300,71618665482941,171,bias-calibration,12768,453568,-1211904,,,
190527219470600,71618666482816,172,bias-calibration,12704,452576,-1220576,,,
190527220458600,71618667483233,173,bias-calibration,10720,452160,-1230208,,,
190527221481800,71618668482983,174,bias-calibration,11712,451840,-1237120,,,
190527222479600,71618669483150,175,bias-calibration,14688,451616,-1244640,,,
190527223465100,71618670482983,176,bias-calibration,16416,451616,-1252032,,,
190527224460200,71618671484066,177,bias-calibration,17408,450144,-1258464,,,
190527225458700,71618672483150,178,bias-calibration,17184,449216,-1263936,,,
190527226458700,71618673482983,179,bias-calibration,14880,448192,-1269216,,,
190527227458100,71618674482941,180,bias-calibration,14976,448640,-1275040,,,
190527228458900,71618675483858,181,bias-calibration,17600,449088,-1279616,,,
190527229458100,71618676482858,182,bias-calibration,17728,448384,-1284544,,,
190527230470000,71618677482900,183,bias-calibration,16224,446432,-1288768,,,
190527231474800,71618678483108,184,bias-calibration,15680,444480,-1292288,,,
190527232461900,71618679484150,185,bias-calibration,14976,442208,-1296384,,,
190527233459300,71618680483067,186,bias-calibration,9792,441888,-1299424,,,
190527234457100,71618681483358,187,bias-calibration,1376,441728,-1301632,,,
190527235455600,71618682483108,188,bias-calibration,2464,442496,-1304416,,,
190527236457800,71618683482942,189,bias-calibration,6208,443104,-1305568,,,
190527237458500,71618684483025,190,bias-calibration,2848,443328,-1306816,,,
190527238458600,71618685483775,191,bias-calibration,-544,443680,-1307840,,,
190527239458100,71618686483025,192,bias-calibration,2272,444160,-1308064,,,
190527240458600,71618687482900,193,bias-calibration,-160,444736,-1308288,,,
190527241459300,71618688482983,194,bias-calibration,-6816,445376,-1308352,,,
190527242458400,71618689482900,195,bias-calibration,-9440,444256,-1307648,,,
190527243458900,71618690483150,196,bias-calibration,-11552,443456,-1308512,,,
190527244458300,71618691485567,197,bias-calibration,-15808,442048,-1307904,,,
190527245458500,71618692484483,198,bias-calibration,-17984,441760,-1306784,,,
190527246523000,71618693483025,199,bias-calibration,-15520,441664,-1305472,,,
190527247464700,71618694483067,200,bias-calibration,-12960,442336,-1303840,,,
190527248462900,71618695482900,201,bias-calibration,-16416,442176,-1302816,,,
190527249455100,71618696484025,202,bias-calibration,-20768,441440,-1300768,,,
190527250459700,71618697483650,203,bias-calibration,-21664,441376,-1298336,,,
190527251458700,71618698482775,204,bias-calibration,-21184,441408,-1298112,,,
190527252457100,71618699482858,205,bias-calibration,-21984,441920,-1296608,,,
190527253458700,71618700482858,206,bias-calibration,-21824,442560,-1294848,,,
190527254458700,71618701483858,207,bias-calibration,-21472,443264,-1292928,,,
190527255458400,71618702483067,208,bias-calibration,-21440,443968,-1292864,,,
190527256458900,71618703483108,209,bias-calibration,-19488,442848,-1291456,,,
190527257458800,71618704483358,210,bias-calibration,-20960,441984,-1290144,,,
190527258549900,71618705482983,211,bias-calibration,-22816,440544,-1288352,,,
190527259515100,71618706483025,212,bias-calibration,-23712,438752,-1288416,,,
190527260455800,71618707482900,213,bias-calibration,-25312,437728,-1286528,,,
190527261460200,71618708482817,214,bias-calibration,-28832,435712,-1285984,,,
190527262461400,71618709484983,215,bias-calibration,-33984,434144,-1284288,,,
190527263456800,71618710482983,216,bias-calibration,-34048,434752,-1283680,,,
190527264458800,71618711482983,217,bias-calibration,-29184,435520,-1282880,,,
190527265458100,71618712482900,218,bias-calibration,-29888,436864,-1281664,,,
190527266458100,71618713484317,219,bias-calibration,-34112,437120,-1280864,,,
190527267457800,71618714483317,220,bias-calibration,-35808,437472,-1280160,,,
190527268458100,71618715483067,221,bias-calibration,-39808,437696,-1279104,,,
190527269457800,71618716483108,222,bias-calibration,-43584,437312,-1278208,,,
190527270458000,71618717483025,223,bias-calibration,-42880,437952,-1277568,,,
190527271458900,71618718483942,224,bias-calibration,-44416,436224,-1276672,,,
190527272458000,71618719482983,225,bias-calibration,-48128,434240,-1275744,,,
190527273564000,71618720483025,226,bias-calibration,-51840,432224,-1275232,,,
190527274454900,71618721482900,227,bias-calibration,-54464,430912,-1274208,,,
190527275458500,71618722482942,228,bias-calibration,-59328,430080,-1273632,,,
190527276458300,71618723483983,229,bias-calibration,-62016,430048,-1272448,,,
190527277458100,71618724483108,230,bias-calibration,-63072,429664,-1270720,,,
190527278475400,71618725483108,231,bias-calibration,-63968,429376,-1270176,,,
190527279466100,71618726483108,232,bias-calibration,-66656,429248,-1269184,,,
190527280460600,71618727484400,233,bias-calibration,-69152,429120,-1268224,,,
190527281458400,71618728483983,234,bias-calibration,-71872,429760,-1266592,,,
190527282460200,71618729483150,235,bias-calibration,-75008,429952,-1265504,,,
190527283459500,71618730482983,236,bias-calibration,-77984,430016,-1263712,,,
190527284457600,71618731483067,237,bias-calibration,-80032,429504,-1262656,,,
190527285459600,71618732482942,238,bias-calibration,-82400,428160,-1261696,,,
190527286460900,71618733482942,239,bias-calibration,-84512,426592,-1260608,,,
190527287459900,71618734482817,240,bias-calibration,-86208,425120,-1259552,,,
190527288459400,71618735482775,241,bias-calibration,-86912,423648,-1258400,,,
190527289459600,71618736483150,242,bias-calibration,-90304,422304,-1257312,,,
190527290457600,71618737483025,243,bias-calibration,-93184,420864,-1256768,,,
190527291458700,71618738482692,244,bias-calibration,-93504,419040,-1255616,,,
190527292459700,71618739482983,245,bias-calibration,-95168,416640,-1255264,,,
190527293459500,71618740495233,246,bias-calibration,-96160,415072,-1253728,,,
190527294460000,71618741483025,247,bias-calibration,-96416,413376,-1253408,,,
190527295460500,71618742482942,248,bias-calibration,-97632,413248,-1252480,,,
190527296459800,71618743483025,249,bias-calibration,-99840,412064,-1251552,,,
190527297459200,71618744482900,250,bias-calibration,-100000,411872,-1250464,,,
190527298459100,71618745482775,251,bias-calibration,-100320,410496,-1250656,,,
190527299457100,71618746482942,252,bias-calibration,-99680,408320,-1249056,,,
190527300458800,71618747483108,253,bias-calibration,-99264,407488,-1248800,,,
190527301459300,71618748483067,254,bias-calibration,-99712,405568,-1248864,,,
190527302457900,71618749482900,255,bias-calibration,-98592,404768,-1248192,,,
190527303458700,71618750483025,0,bias-calibration,-98208,402656,-1246400,,,
190527304458900,71618751482983,1,bias-calibration,-98624,400352,-1246400,,,
190527305458500,71618752482900,2,bias-calibration,-98272,398240,-1246016,,,
190527306463900,71618753482942,3,bias-calibration,-95808,396704,-1244352,,,
190527307459600,71618754482942,4,bias-calibration,-93888,395072,-1242560,,,
190527308456900,71618755482733,5,bias-calibration,-93632,393440,-1241984,,,
190527309458600,71618756482983,6,bias-calibration,-93120,392096,-1240064,,,
190527310466700,71618757482858,7,bias-calibration,-92064,390752,-1238144,,,
190527311464700,71618758483067,8,bias-calibration,-89824,389760,-1235520,,,
190527312462800,71618759483025,9,bias-calibration,-89824,387488,-1234144,,,
190527313459600,71618760485442,10,bias-calibration,-89984,386080,-1231200,,,
190527314457700,71618761483108,11,bias-calibration,-88672,384064,-1228736,,,
190527315459500,71618762483483,12,bias-calibration,-86784,383712,-1225888,,,
190527316460700,71618763483025,13,bias-calibration,-86432,382144,-1222944,,,
190527317461100,71618764482942,14,bias-calibration,-85728,380512,-1219872,,,
190527318459900,71618765483025,15,bias-calibration,-84864,378944,-1216736,,,
190527319459700,71618766482858,16,bias-calibration,-84000,377504,-1213856,,,
190527320455400,71618767482775,17,bias-calibration,-83392,376096,-1211104,,,
190527321459500,71618768482858,18,bias-calibration,-82528,374688,-1207872,,,
190527322459600,71618769482900,19,bias-calibration,-80704,373728,-1205312,,,
190527323457400,71618770483025,20,bias-calibration,-79328,372832,-1203360,,,
190527324457500,71618771483067,21,bias-calibration,-78560,371360,-1199904,,,
190527325459500,71618772482983,22,bias-calibration,-77728,369952,-1197856,,,
190527327284800,71618773482900,23,bias-calibration,-75648,368672,-1196384,,,
190527327669500,71618774482900,24,bias-calibration,-72704,367776,-1194112,,,
190527328471500,71618775482942,25,bias-calibration,-71936,366336,-1192864,,,
190527329466400,71618776482858,26,bias-calibration,-71360,364448,-1190784,,,
190527330474200,71618777482983,27,bias-calibration,-69760,363744,-1190560,,,
190527331460900,71618778482900,28,bias-calibration,-67072,362208,-1189184,,,
190527332459800,71618779482817,29,bias-calibration,-63584,361344,-1188512,,,
190527333460200,71618780484400,30,bias-calibration,-61056,360160,-1187680,,,
190527334454600,71618781484442,31,bias-calibration,-58208,359328,-1188544,,,
190527335459800,71618782483025,32,bias-calibration,-55296,358272,-1187808,,,
190527336459200,71618783483192,33,bias-calibration,-52352,357376,-1188704,,,
190527337459400,71618784483025,34,bias-calibration,-48384,356448,-1189344,,,
190527338459200,71618785483067,35,bias-calibration,-44064,355936,-1190464,,,
190527339459400,71618786484317,36,bias-calibration,-39008,354592,-1191584,,,
190527340457300,71618787483192,37,bias-calibration,-34560,353408,-1192384,,,
190527341459100,71618788482942,38,bias-calibration,-28960,352768,-1194432,,,
190527342556000,71618789482900,39,bias-calibration,-22400,352160,-1196000,,,
190527343482300,71618790482900,40,bias-calibration,-15808,350336,-1196832,,,
190527344456400,71618791482733,41,bias-calibration,-9312,348384,-1198752,,,
190527345459900,71618792484275,42,bias-calibration,-5024,346848,-1201312,,,
190527346459600,71618793483150,43,bias-calibration,4160,345408,-1203392,,,
190527347458800,71618794483025,44,bias-calibration,11776,343840,-1204992,,,
190527348451700,71618795483025,45,bias-calibration,18016,341728,-1207296,,,
190527349453800,71618796482942,46,bias-calibration,23904,339808,-1209856,,,
190527350459000,71618797485067,47,bias-calibration,31744,337824,-1212288,,,
190527351459100,71618798483108,48,bias-calibration,39680,336288,-1215488,,,
190527352458800,71618799482900,49,bias-calibration,46080,334496,-1217728,,,
190527353456800,71618800482942,50,bias-calibration,51232,333312,-1220480,,,
190527354458700,71618801482900,51,bias-calibration,59040,331808,-1223488,,,
190527355458700,71618802482817,52,bias-calibration,65408,330208,-1225696,,,
190527356458700,71618803483400,53,bias-calibration,69504,329248,-1228832,,,
190527357457000,71618804484442,54,bias-calibration,76416,327808,-1231712,,,
190527358519700,71618805484483,55,bias-calibration,82368,327136,-1235424,,,
190527359467400,71618806482983,56,bias-calibration,86304,325312,-1237376,,,
190527360463100,71618807484858,57,bias-calibration,91456,324064,-1240736,,,
190527361463800,71618808484233,58,bias-calibration,99808,322528,-1243648,,,
190527362460600,71618809482775,59,bias-calibration,103296,320160,-1247072,,,
190527363460300,71618810484442,60,bias-calibration,104128,318176,-1250752,,,
190527364459900,71618811482942,61,bias-calibration,106560,316608,-1253536,,,
190527365459800,71618812482900,62,bias-calibration,112768,315808,-1257568,,,
190527366459600,71618813482775,63,bias-calibration,117536,315456,-1260448,,,
190527367459800,71618814483483,64,bias-calibration,124544,314656,-1263648,,,
190527368459500,71618815482983,65,bias-calibration,130688,313120,-1267840,,,
190527369458500,71618816484483,66,bias-calibration,133088,310624,-1271104,,,
190527370461000,71618817483067,67,bias-calibration,133280,308384,-1274752,,,
190527371459700,71618818482900,68,bias-calibration,132160,306208,-1276672,,,
190527372457400,71618819483067,69,bias-calibration,132832,305056,-1280352,,,
190527373452700,71618820483067,70,bias-calibration,133600,304256,-1284224,,,
190527374457700,71618821483192,71,bias-calibration,133344,302368,-1287072,,,
190527375463500,71618822482942,72,bias-calibration,132160,300640,-1289760,,,
190527376461000,71618823482858,73,bias-calibration,132704,299648,-1292608,,,
190527377459000,71618824482692,74,bias-calibration,132192,300384,-1294688,,,
190527378457000,71618825482858,75,bias-calibration,128576,300352,-1296160,,,
190527379459100,71618826482858,76,bias-calibration,127072,300960,-1298112,,,
190527380457500,71618827483400,77,bias-calibration,126496,300704,-1299584,,,
190527381458600,71618828483108,78,bias-calibration,123360,298688,-1300576,,,
190527382458400,71618829482900,79,bias-calibration,119040,297824,-1302240,,,
190527383456800,71618830494025,80,bias-calibration,117920,296192,-1302656,,,
190527384458600,71618831482942,81,bias-calibration,117152,295840,-1303904,,,
190527385459400,71618832483067,82,bias-calibration,113952,294368,-1304064,,,
190527386456700,71618833482900,83,bias-calibration,109152,292352,-1304800,,,
190527387458900,71618834482983,84,bias-calibration,108352,290368,-1305472,,,
190527388458900,71618835482858,85,bias-calibration,108800,288160,-1305920,,,
190527389457300,71618836482900,86,bias-calibration,107040,286080,-1306112,,,
190527390471800,71618837482942,87,bias-calibration,105728,283936,-1305632,,,
190527391467600,71618838483108,88,bias-calibration,105632,282240,-1305536,,,
190527392461800,71618839483358,89,bias-calibration,105024,281248,-1305056,,,
190527393461000,71618840483067,90,bias-calibration,102656,279104,-1304192,,,
190527394460600,71618841483025,91,bias-calibration,99936,277024,-1303680,,,
190527395460800,71618842483067,92,bias-calibration,97792,275552,-1302304,,,
190527396460200,71618843482983,93,bias-calibration,95840,274368,-1301344,,,
190527397460200,71618844482983,94,bias-calibration,94080,273120,-1300000,,,
190527398460100,71618845484317,95,bias-calibration,89920,272480,-1299008,,,
190527399459600,71618846484192,96,bias-calibration,86656,271616,-1297952,,,
190527400459800,71618847482983,97,bias-calibration,83360,269888,-1295200,,,
190527401460100,71618848482858,98,bias-calibration,80160,269152,-1292928,,,
190527402458800,71618849482817,99,bias-calibration,76320,268608,-1291424,,,
190527403459600,71618850483233,100,bias-calibration,73760,268352,-1288256,,,
190527404459800,71618851483025,101,bias-calibration,71552,268032,-1284928,,,
190527405459800,71618852484692,102,bias-calibration,69152,267968,-1281760,,,
190527406463900,71618853482942,103,bias-calibration,67840,267520,-1278272,,,
190527407470300,71618854482942,104,bias-calibration,65536,266016,-1273664,,,
190527408460300,71618855482900,105,bias-calibration,63200,265152,-1270048,,,
190527409459600,71618856482900,106,bias-calibration,59264,263968,-1265568,,,
190527410457200,71618857482942,107,bias-calibration,57184,263200,-1261792,,,
190527411458600,71618858482900,108,bias-calibration,57024,262560,-1257024,,,
190527412458400,71618859482858,109,bias-calibration,57088,261888,-1252448,,,
190527413458000,71618860494067,110,bias-calibration,56640,260544,-1247648,,,
190527414458700,71618861484025,111,bias-calibration,55520,260096,-1243712,,,
190527415458300,71618862483192,112,bias-calibration,55904,258848,-1238592,,,
190527416458100,71618863482858,113,bias-calibration,54592,258656,-1233888,,,
190527417458400,71618864484608,114,bias-calibration,52128,259040,-1229376,,,
190527418456000,71618865482942,115,bias-calibration,53312,259008,-1224736,,,
190527419456200,71618866483025,116,bias-calibration,54688,258784,-1219488,,,
190527420458000,71618867484275,117,bias-calibration,53376,257536,-1215616,,,
190527421458700,71618868482942,118,bias-calibration,54144,256800,-1211360,,,
190527422459700,71618869482983,119,bias-calibration,53472,256992,-1207424,,,
190527423689900,71618870482900,120,bias-calibration,53600,256960,-1202368,,,
190527424545300,71618871482858,121,bias-calibration,53312,256992,-1199584,,,
190527425520800,71618872482775,122,bias-calibration,54944,257408,-1195840,,,
190527426453400,71618873483108,123,bias-calibration,55808,257024,-1191904,,,
190527427533500,71618874483192,124,bias-calibration,57472,255712,-1188608,,,
190527428487300,71618875482942,125,bias-calibration,56928,256000,-1186304,,,
190527429461700,71618876483233,126,bias-calibration,56736,256320,-1183328,,,
190527430457900,71618877482900,127,bias-calibration,59168,257152,-1179392,,,
190527431458900,71618878482817,128,bias-calibration,58880,257664,-1177856,,,
190527432458600,71618879483025,129,bias-calibration,58240,257632,-1176160,,,
190527433458800,71618880483525,130,bias-calibration,58240,257440,-1173792,,,
190527434458800,71618881486108,131,bias-calibration,58048,257056,-1170752,,,
190527435457500,71618882482858,132,bias-calibration,57312,258080,-1168288,,,
190527436459300,71618883482775,133,bias-calibration,55936,258592,-1166528,,,
190527437458700,71618884483317,134,bias-calibration,54496,259072,-1164256,,,
190527438464800,71618885482983,135,bias-calibration,52160,259456,-1161440,,,
