host_timestamp_ns,device_timestamp,sequence,phase,gyro_raw_x,gyro_raw_y,gyro_raw_z,gyro_corrected_x,gyro_corrected_y,gyro_corrected_z
191023041964600,390987501102,164,bias-calibration,-6848,-384,-14112,,,
191023041977900,390988501186,165,bias-calibration,-6528,-736,-13728,,,
191023041983900,390989500936,166,bias-calibration,-6944,-288,-13984,,,
191023041993800,390990502311,167,bias-calibration,-6208,-288,-13632,,,
191023042300100,390991507102,168,bias-calibration,-5408,-1216,-12768,,,
191023043285000,390992502686,169,bias-calibration,-5440,-704,-13792,,,
191023044305500,390993500602,170,bias-calibration,-4576,-1152,-14240,,,
191023045285000,390994502019,171,bias-calibration,-4224,-1568,-13120,,,
191023046282100,390995501186,172,bias-calibration,-3840,-1376,-13920,,,
191023047298600,390996503852,173,bias-calibration,-2816,-2080,-12448,,,
191023048278300,390997501769,174,bias-calibration,-3168,-2816,-13184,,,
191023049353600,390998501019,175,bias-calibration,-2912,-2304,-13120,,,
191023050298500,390999500936,176,bias-calibration,-2432,-2208,-12608,,,
191023051294600,391000501227,177,bias-calibration,-2400,-2432,-13280,,,
191023052288600,391001501227,178,bias-calibration,-2368,-1984,-13376,,,
191023053280300,391002501144,179,bias-calibration,-1920,-2144,-13376,,,
191023054272600,391003501061,180,bias-calibration,-1760,-1824,-13824,,,
191023055292900,391004501102,181,bias-calibration,-2240,-1408,-14496,,,
191023056275200,391005500811,182,bias-calibration,-1408,-1056,-13984,,,
191023057290300,391006501144,183,bias-calibration,-2304,-480,-14560,,,
191023058269900,391007500977,184,bias-calibration,-2464,-992,-14208,,,
191023059288500,391008501561,185,bias-calibration,-3232,-640,-15232,,,
191023060349300,391009502436,186,bias-calibration,-3136,-320,-15328,,,
191023061283600,391010500978,187,bias-calibration,-3008,96,-15840,,,
191023062290000,391011501186,188,bias-calibration,-3360,128,-16224,,,
191023063365000,391012500978,189,bias-calibration,-4480,352,-17184,,,
191023064323700,391013501019,190,bias-calibration,-4064,416,-17472,,,
191023065284400,391014501019,191,bias-calibration,-4768,448,-17088,,,
191023066280500,391015501853,192,bias-calibration,-4992,224,-17728,,,
191023067282400,391016501269,193,bias-calibration,-5216,-128,-17632,,,
191023068288500,391017501019,194,bias-calibration,-4960,-160,-17632,,,
191023069284300,391018501144,195,bias-calibration,-5792,-480,-18688,,,
191023070379100,391019501103,196,bias-calibration,-5376,-864,-18080,,,
191023071275600,391020501436,197,bias-calibration,-6176,-1280,-18752,,,
191023072285500,391021501228,198,bias-calibration,-5184,-2336,-18272,,,
191023073275800,391022500978,199,bias-calibration,-5920,-2048,-18656,,,
191023074281100,391023501019,200,bias-calibration,-5664,-3136,-18880,,,
191023075277000,391024501269,201,bias-calibration,-5760,-3296,-18304,,,
191023076280800,391025503894,202,bias-calibration,-4512,-3456,-17824,,,
191023077274800,391026501311,203,bias-calibration,-4896,-3936,-17920,,,
191023078280300,391027500853,204,bias-calibration,-4576,-3872,-18240,,,
191023079274500,391028500894,205,bias-calibration,-4480,-3968,-18656,,,
191023080271800,391029501103,206,bias-calibration,-3264,-4544,-18528,,,
191023081271800,391030503603,207,bias-calibration,-3200,-4832,-19104,,,
191023082271800,391031501186,208,bias-calibration,-2336,-4992,-18592,,,
191023083275600,391032500894,209,bias-calibration,-1824,-5728,-18592,,,
191023084279600,391033500936,210,bias-calibration,-1504,-6272,-17984,,,
191023085392900,391034501228,211,bias-calibration,-1056,-6048,-18592,,,
191023086406800,391035501019,212,bias-calibration,-1216,-6240,-18560,,,
191023087287900,391036501019,213,bias-calibration,-1120,-6592,-18560,,,
191023088289100,391037501311,214,bias-calibration,-832,-6592,-18528,,,
191023089274100,391038501561,215,bias-calibration,-480,-6304,-19488,,,
191023090269800,391039501103,216,bias-calibration,-1024,-6240,-19680,,,
191023091280700,391040501019,217,bias-calibration,-768,-5952,-19552,,,
191023092272200,391041501144,218,bias-calibration,-1120,-5568,-20192,,,
191023093280400,391042500894,219,bias-calibration,-2208,-5440,-20320,,,
191023094282200,391043501269,220,bias-calibration,-2240,-4608,-21312,,,
191023095278800,391044501061,221,bias-calibration,-2752,-4320,-20832,,,
191023096276400,391045501936,222,bias-calibration,-3200,-3904,-22048,,,
191023097339600,391046500936,223,bias-calibration,-3488,-3008,-22752,,,
191023098330300,391047500978,224,bias-calibration,-3552,-2912,-23616,,,
191023099292800,391048501061,225,bias-calibration,-4000,-2816,-23936,,,
191023100365400,391049501186,226,bias-calibration,-4256,-2976,-24384,,,
191023101368900,391050501186,227,bias-calibration,-4800,-3008,-25056,,,
191023102370900,391051501061,228,bias-calibration,-4256,-3040,-24800,,,
191023103287800,391052504603,229,bias-calibration,-5280,-2912,-25216,,,
191023104275400,391053501228,230,bias-calibration,-5664,-2784,-26080,,,
191023105273800,391054501061,231,bias-calibration,-5952,-2816,-26144,,,
191023106278600,391055501311,232,bias-calibration,-5504,-2688,-26496,,,
191023107272200,391056501978,233,bias-calibration,-6656,-1600,-27104,,,
191023108311300,391057502644,234,bias-calibration,-6688,-2208,-27360,,,
191023109288500,391058501186,235,bias-calibration,-5440,-2432,-27264,,,
191023110274100,391059501019,236,bias-calibration,-5056,-2368,-27360,,,
191023111276600,391060501186,237,bias-calibration,-6176,-3008,-28544,,,
191023112287000,391061501019,238,bias-calibration,-4256,-3456,-27264,,,
191023113279900,391062501019,239,bias-calibration,-4224,-3744,-28160,,,
191023114286000,391063501061,240,bias-calibration,-3680,-4256,-28288,,,
191023115279600,391064500978,241,bias-calibration,-3584,-5024,-27680,,,
191023116286500,391065501186,242,bias-calibration,-2688,-5312,-27936,,,
191023117284700,391066501603,243,bias-calibration,-2880,-5536,-27264,,,
191023118277600,391067503019,244,bias-calibration,-2400,-5760,-27776,,,
191023119280400,391068501936,245,bias-calibration,-2144,-6016,-27232,,,
191023120288200,391069501353,246,bias-calibration,-1184,-7008,-26752,,,
191023121285800,391070501103,247,bias-calibration,-672,-7168,-26272,,,
191023122297200,391071501936,248,bias-calibration,-1120,-7488,-27072,,,
191023123278700,391072500936,249,bias-calibration,-128,-7840,-26432,,,
191023124284400,391073501144,250,bias-calibration,128,-8480,-27136,,,
191023125288600,391074501019,251,bias-calibration,736,-8832,-26432,,,
191023126270700,391075501103,252,bias-calibration,1696,-8576,-27456,,,
191023127278400,391076501019,253,bias-calibration,2112,-8576,-27392,,,
191023128286700,391077500978,254,bias-calibration,1568,-8000,-27808,,,
191023129285500,391078501103,255,bias-calibration,1952,-7840,-27360,,,
191023130295100,391079501103,0,bias-calibration,1440,-7776,-28160,,,
191023131290800,391080503728,1,bias-calibration,2368,-8448,-28320,,,
191023132276000,391081500978,2,bias-calibration,2208,-8352,-29216,,,
191023133270500,391082500978,3,bias-calibration,2304,-8512,-28864,,,
191023134272100,391083501811,4,bias-calibration,2400,-8160,-29056,,,
191023135294900,391084500603,5,bias-calibration,1472,-8896,-29504,,,
191023136278400,391085501144,6,bias-calibration,2368,-8672,-29792,,,
191023137287100,391086500936,7,bias-calibration,928,-8256,-30304,,,
191023138281600,391087501103,8,bias-calibration,1152,-8384,-30432,,,
191023139272500,391088501144,9,bias-calibration,800,-7776,-31936,,,
191023140302100,391089500769,10,bias-calibration,736,-7392,-31552,,,
191023141278600,391090501603,11,bias-calibration,160,-7552,-32416,,,
191023142282800,391091502394,12,bias-calibration,32,-7616,-32704,,,
191023143276300,391092500978,13,bias-calibration,32,-6656,-33248,,,
191023144272600,391093501103,14,bias-calibration,-1632,-6656,-34432,,,
191023145279900,391094501144,15,bias-calibration,-1600,-5920,-34784,,,
191023146287000,391095501144,16,bias-calibration,-1632,-6272,-35712,,,
191023147278900,391096501311,17,bias-calibration,-2144,-6560,-36096,,,
191023148290500,391097501103,18,bias-calibration,-3008,-6144,-36640,,,
191023149282900,391098501103,19,bias-calibration,-2976,-6336,-36672,,,
191023150300600,391099503561,20,bias-calibration,-3072,-6400,-37248,,,
191023151291100,391100501103,21,bias-calibration,-2880,-6912,-36992,,,
191023152282200,391101500894,22,bias-calibration,-3840,-7168,-37152,,,
191023153274900,391102501311,23,bias-calibration,-3328,-7168,-37216,,,
191023154294400,391103500978,24,bias-calibration,-2752,-7648,-37568,,,
191023155278000,391104501228,25,bias-calibration,-2976,-7584,-37664,,,
191023156273900,391105501019,26,bias-calibration,-2208,-7584,-37568,,,
191023157273200,391106500853,27,bias-calibration,-3040,-8224,-37952,,,
191023158272300,391107501186,28,bias-calibration,-2496,-7744,-38208,,,
191023159271500,391108501144,29,bias-calibration,-1504,-8256,-37536,,,
191023160270700,391109500728,30,bias-calibration,-960,-8416,-38240,,,
191023161266400,391110510644,31,bias-calibration,-96,-9280,-37856,,,
191023162287300,391111500894,32,bias-calibration,-320,-9216,-38368,,,
191023163275600,391112501144,33,bias-calibration,-64,-9824,-38048,,,
191023164277000,391113501061,34,bias-calibration,960,-10464,-38336,,,
191023165273100,391114501103,35,bias-calibration,1344,-10304,-38816,,,
191023166272900,391115500978,36,bias-calibration,2336,-10688,-38944,,,
191023167273500,391116500853,37,bias-calibration,2560,-11008,-38912,,,
191023168272900,391117501228,38,bias-calibration,3680,-10400,-38656,,,
191023169272600,391118501061,39,bias-calibration,4128,-10240,-38976,,,
191023170272100,391119501186,40,bias-calibration,4544,-10400,-38976,,,
191023171274300,391120501478,41,bias-calibration,5120,-10208,-38944,,,
191023172270100,391121500394,42,bias-calibration,4864,-9792,-39776,,,
191023173270000,391122501228,43,bias-calibration,5632,-10432,-39328,,,
191023174269800,391123500936,44,bias-calibration,5568,-9920,-40288,,,
191023175269900,391124501103,45,bias-calibration,5728,-9824,-40224,,,
191023176269700,391125500936,46,bias-calibration,5728,-9472,-40800,,,
191023177269700,391126501311,47,bias-calibration,4992,-9248,-40864,,,
191023178277300,391127501144,48,bias-calibration,6112,-8640,-41568,,,
191023179283700,391128501019,49,bias-calibration,5280,-8928,-42528,,,
191023180279500,391129500936,50,bias-calibration,5184,-8576,-42944,,,
191023181279000,391130500978,51,bias-calibration,5152,-8000,-42912,,,
191023182285100,391131500811,52,bias-calibration,4512,-8288,-43648,,,
191023183273400,391132501019,53,bias-calibration,4544,-8672,-43872,,,
191023184270200,391133501061,54,bias-calibration,3872,-8160,-44352,,,
191023185289800,391134501061,55,bias-calibration,2720,-8256,-44544,,,
191023186275200,391135500936,56,bias-calibration,2752,-9152,-45280,,,
191023187286400,391136502894,57,bias-calibration,2880,-8640,-45696,,,
191023188290600,391137501186,58,bias-calibration,2528,-9216,-45600,,,
191023189302400,391138501019,59,bias-calibration,2400,-9760,-45504,,,
191023190293500,391139500978,60,bias-calibration,2080,-10080,-46016,,,
191023191293600,391140500978,61,bias-calibration,1824,-10432,-46656,,,
191023192288300,391141500978,62,bias-calibration,1312,-10816,-46656,,,
191023193278300,391142501061,63,bias-calibration,1024,-10976,-47264,,,
191023194279400,391143500978,64,bias-calibration,1120,-11296,-47328,,,
191023195271600,391144502353,65,bias-calibration,1344,-11872,-47232,,,
191023196276700,391145500936,66,bias-calibration,1760,-12224,-47264,,,
191023197276900,391146502353,67,bias-calibration,1216,-11968,-48192,,,
191023198277100,391147501061,68,bias-calibration,1408,-12384,-48064,,,
191023199276400,391148501019,69,bias-calibration,1152,-12448,-48352,,,
191023200276500,391149500978,70,bias-calibration,2112,-12800,-48352,,,
191023201276600,391150500894,71,bias-calibration,1760,-12480,-48736,,,
191023202276400,391151501103,72,bias-calibration,2432,-12640,-48576,,,
191023203274700,391152501103,73,bias-calibration,3168,-12992,-48544,,,
191023204277100,391153500978,74,bias-calibration,2656,-12000,-49088,,,
191023205276700,391154500978,75,bias-calibration,4768,-12256,-49120,,,
191023206276500,391155501811,76,bias-calibration,3968,-11520,-49664,,,
191023207276500,391156500853,77,bias-calibration,4448,-11552,-49760,,,
191023208276700,391157501061,78,bias-calibration,4832,-12128,-50048,,,
191023209363300,391158500936,79,bias-calibration,5184,-12032,-50144,,,
191023210294700,391159501061,80,bias-calibration,5792,-11776,-50592,,,
191023211283400,391160500936,81,bias-calibration,5568,-11136,-50176,,,
191023212284100,391161500853,82,bias-calibration,6080,-10496,-51456,,,
191023213284700,391162501144,83,bias-calibration,6656,-10496,-51008,,,
191023214278200,391163500936,84,bias-calibration,7008,-10400,-51904,,,
191023215352700,391164501019,85,bias-calibration,6496,-10304,-52000,,,
191023216357100,391165501561,86,bias-calibration,7296,-9472,-52512,,,
191023217278500,391166501061,87,bias-calibration,7744,-9696,-52160,,,
191023218274400,391167502019,88,bias-calibration,7552,-9888,-53312,,,
191023219456700,391168500978,89,bias-calibration,8192,-9632,-53664,,,
191023220279900,391169501061,90,bias-calibration,7520,-9344,-53920,,,
191023221390100,391170501186,91,bias-calibration,7104,-10144,-53728,,,
191023222281900,391171501228,92,bias-calibration,7680,-10112,-54112,,,
191023223273500,391172500978,93,bias-calibration,7968,-9984,-54912,,,
191023224322200,391173500603,94,bias-calibration,7040,-11168,-54784,,,
191023225301100,391174500978,95,bias-calibration,6912,-11136,-55712,,,
191023226274200,391175501186,96,bias-calibration,7520,-11424,-55168,,,
191023227274000,391176501019,97,bias-calibration,7072,-11840,-55392,,,
191023228273600,391177501019,98,bias-calibration,7040,-11744,-56000,,,
191023229271000,391178501894,99,bias-calibration,7328,-12512,-55616,,,
191023230271200,391179502019,100,bias-calibration,6304,-12928,-55840,,,
191023231277000,391180501061,101,bias-calibration,5920,-12000,-56672,,,
191023232276800,391181501019,102,bias-calibration,6240,-12544,-56896,,,
191023233276500,391182500978,103,bias-calibration,6048,-12704,-57632,,,
191023234276500,391183500436,104,bias-calibration,5024,-12768,-57760,,,
191023235277400,391184501019,105,bias-calibration,4640,-12960,-57600,,,
191023236303800,391185501353,106,bias-calibration,5056,-12992,-57920,,,
191023237274700,391186501019,107,bias-calibration,4512,-13184,-58656,,,
191023238276600,391187501144,108,bias-calibration,4672,-13760,-58304,,,
191023239275400,391188500686,109,bias-calibration,4480,-13696,-58272,,,
191023240276500,391189501019,110,bias-calibration,4384,-13536,-58880,,,
191023241292900,391190501186,111,bias-calibration,4416,-13856,-58592,,,
191023242286100,391191501228,112,bias-calibration,4544,-13632,-59040,,,
191023243280000,391192501103,113,bias-calibration,4608,-13536,-59904,,,
191023244277500,391193503436,114,bias-calibration,4704,-13536,-58656,,,
191023245277000,391194501311,115,bias-calibration,5600,-13664,-59488,,,
191023246276800,391195501061,116,bias-calibration,5344,-13952,-60192,,,
191023247276500,391196500978,117,bias-calibration,6080,-13504,-60192,,,
191023248276600,391197501061,118,bias-calibration,5696,-13184,-60672,,,
191023249276600,391198501353,119,bias-calibration,5504,-13696,-61472,,,
191023250275800,391199501186,120,bias-calibration,6016,-13600,-61280,,,
191023251276300,391200501144,121,bias-calibration,6752,-13632,-61696,,,
191023252276600,391201502603,122,bias-calibration,6144,-13408,-61472,,,
191023253276400,391202500978,123,bias-calibration,6496,-13088,-61952,,,
191023254276400,391203500978,124,bias-calibration,7168,-12992,-61536,,,
191023255276600,391204501144,125,bias-calibration,7200,-12672,-62400,,,
191023256276700,391205501061,126,bias-calibration,7424,-12896,-62464,,,
191023257353200,391206501061,127,bias-calibration,8000,-12864,-63008,,,
191023258281200,391207500978,128,bias-calibration,8416,-13184,-62656,,,
191023259284700,391208501019,129,bias-calibration,8640,-13024,-62976,,,
191023260284700,391209503936,130,bias-calibration,9088,-13312,-63200,,,
191023261269600,391210501019,131,bias-calibration,9376,-13056,-63648,,,
191023262266000,391211501144,132,bias-calibration,9184,-13344,-64224,,,
191023263265600,391212500978,133,bias-calibration,9312,-13344,-64000,,,
191023264264000,391213500853,134,bias-calibration,8896,-13344,-64288,,,
191023265260500,391214501186,135,bias-calibration,8480,-13632,-64000,,,
191023266260800,391215500769,136,bias-calibration,8736,-14080,-64224,,,
191023267261100,391216501478,137,bias-calibration,8800,-13856,-65056,,,
191023268260600,391217501019,138,bias-calibration,7584,-13792,-64960,,,
191023269269700,391218500894,139,bias-calibration,8032,-14560,-65376,,,
191023270265400,391219501061,140,bias-calibration,7936,-14496,-65504,,,
191023271261600,391220501103,141,bias-calibration,7296,-14592,-65664,,,
191023272272600,391221502478,142,bias-calibration,7040,-14592,-65312,,,
191023273397300,391222500936,143,bias-calibration,6912,-15104,-66112,,,
191023274333300,391223500853,144,bias-calibration,6656,-15264,-66560,,,
191023275358500,391224501144,145,bias-calibration,6208,-15200,-66432,,,
191023276330200,391225500686,146,bias-calibration,6496,-15424,-66880,,,
191023277362600,391226501811,147,bias-calibration,6208,-15168,-67360,,,
191023278339800,391227500894,148,bias-calibration,5376,-15968,-68320,,,
191023279330200,391228500936,149,bias-calibration,5696,-15264,-68224,,,
191023280330000,391229501144,150,bias-calibration,5344,-15520,-67904,,,
191023281330600,391230502144,151,bias-calibration,5152,-15328,-68544,,,
191023282333100,391231500978,152,bias-calibration,5248,-15648,-68480,,,
191023283331000,391232500894,153,bias-calibration,5152,-15712,-69120,,,
191023284345200,391233501269,154,bias-calibration,4704,-16000,-69344,,,
191023285384900,391234501269,155,bias-calibration,5344,-15808,-69696,,,
191023286352000,391235500978,156,bias-calibration,5472,-15808,-69312,,,
191023287348500,391236501061,157,bias-calibration,5184,-15168,-70048,,,
191023288323200,391237500853,158,bias-calibration,5696,-15584,-70496,,,
191023289276100,391238501103,159,bias-calibration,6016,-15424,-70080,,,
191023290344900,391239502436,160,bias-calibration,5568,-15552,-70624,,,
191023291366200,391240503186,161,bias-calibration,6272,-15424,-70336,,,
191023292273800,391241501019,162,bias-calibration,6368,-15296,-70432,,,
191023293303300,391242500853,163,bias-calibration,6816,-15648,-70880,,,
191023294366800,391243501186,164,bias-calibration,6560,-15168,-70688,,,
191023295334100,391244501103,165,bias-calibration,6752,-15232,-71392,,,
191023296334500,391245500728,166,bias-calibration,7456,-15488,-70944,,,
191023297333500,391246501019,167,bias-calibration,7968,-14784,-71264,,,
191023298352700,391247500853,168,bias-calibration,7616,-15584,-71584,,,
191023299343700,391248501144,169,bias-calibration,7456,-15328,-71872,,,
191023300337200,391249501186,170,bias-calibration,8992,-15520,-71200,,,
191023301363200,391250501894,171,bias-calibration,8768,-15552,-71488,,,
191023302338100,391251500894,172,bias-calibration,8928,-15552,-71904,,,
191023303287400,391252500769,173,bias-calibration,8896,-16096,-71456,,,
191023304285500,391253501144,174,bias-calibration,8896,-15968,-71744,,,
191023305305600,391254501019,175,bias-calibration,9024,-16096,-72544,,,
191023306284000,391255500978,176,bias-calibration,9536,-16256,-71776,,,
191023307270200,391256500853,177,bias-calibration,9440,-16128,-72704,,,
191023308274700,391257500853,178,bias-calibration,9056,-16192,-72576,,,
191023309274800,391258501186,179,bias-calibration,9856,-16896,-72576,,,
191023310275700,391259501061,180,bias-calibration,9184,-17088,-72928,,,
191023311276600,391260501061,181,bias-calibration,9216,-17056,-73600,,,
191023312276500,391261501019,182,bias-calibration,9440,-17056,-72576,,,
191023313276700,391262501061,183,bias-calibration,9600,-17216,-72640,,,
191023314274900,391263501144,184,bias-calibration,9248,-17664,-72896,,,
191023315277500,391264501061,185,bias-calibration,8992,-17248,-73856,,,
191023316273600,391265501061,186,bias-calibration,8192,-17376,-74368,,,
191023317275900,391266500936,187,bias-calibration,7968,-17472,-74240,,,
191023318274800,391267501269,188,bias-calibration,7456,-17344,-74656,,,
191023319276000,391268501061,189,bias-calibration,8320,-17952,-74432,,,
191023320280200,391269501019,190,bias-calibration,7776,-17248,-74208,,,
191023321265600,391270500936,191,bias-calibration,7232,-17600,-75776,,,
191023322852300,391271500894,192,bias-calibration,7200,-17824,-75904,,,
191023323260200,391272501978,193,bias-calibration,6656,-17536,-75520,,,
191023324266300,391273501103,194,bias-calibration,6432,-17600,-76448,,,
191023325254800,391274501061,195,bias-calibration,7072,-17888,-75776,,,
191023326267000,391275501061,196,bias-calibration,5920,-17216,-77024,,,
191023327293800,391276500853,197,bias-calibration,6304,-17728,-77056,,,
191023328277000,391277500769,198,bias-calibration,6304,-17536,-77472,,,
191023329276200,391278501186,199,bias-calibration,6624,-17568,-76832,,,
191023330274000,391279501061,200,bias-calibration,6048,-17440,-77696,,,
191023331273700,391280503186,201,bias-calibration,6048,-17120,-77440,,,
191023332273200,391281500853,202,bias-calibration,6240,-17280,-78336,,,
191023333276400,391282501144,203,bias-calibration,6688,-17216,-77568,,,
191023334276400,391283501144,204,bias-calibration,6688,-17472,-77824,,,
191023335275100,391284500978,205,bias-calibration,6784,-17504,-78272,,,
191023336420700,391285501561,206,bias-calibration,6656,-17056,-78720,,,
191023337399200,391286503936,207,bias-calibration,7040,-17632,-78304,,,
191023338436800,391287504353,208,bias-calibration,7072,-18304,-78400,,,
191023339423400,391288501103,209,bias-calibration,7392,-18016,-78592,,,
191023340422900,391289501019,210,bias-calibration,7744,-18336,-78656,,,
191023341429900,391290501019,211,bias-calibration,7776,-18048,-78368,,,
191023342505900,391291500853,212,bias-calibration,8320,-18176,-78784,,,
191023343474000,391292501019,213,bias-calibration,8480,-18304,-78240,,,
191023344438300,391293501019,214,bias-calibration,8512,-18240,-79232,,,
191023345488700,391294501019,215,bias-calibration,9024,-18624,-78784,,,
191023346450300,391295500936,216,bias-calibration,8640,-18368,-78976,,,
191023347432000,391296500936,217,bias-calibration,9632,-19104,-79296,,,
191023348442800,391297501186,218,bias-calibration,9440,-18400,-79264,,,
191023349438600,391298501061,219,bias-calibration,9568,-18688,-79392,,,
191023350430300,391299501019,220,bias-calibration,9792,-18720,-79712,,,
191023351432300,391300501019,221,bias-calibration,9952,-18880,-79744,,,
191023352416100,391301501144,222,bias-calibration,10528,-19264,-79104,,,
191023353339000,391302501061,223,bias-calibration,9600,-18944,-79104,,,
191023354367900,391303501103,224,bias-calibration,9824,-19072,-80256,,,
191023355356100,391304500936,225,bias-calibration,9984,-18944,-79712,,,
191023356499000,391305501061,226,bias-calibration,10592,-19200,-80064,,,
191023357359100,391306501103,227,bias-calibration,9984,-19136,-80224,,,
191023358374600,391307501144,228,bias-calibration,9760,-19200,-81280,,,
191023359355100,391308501103,229,bias-calibration,9376,-18784,-80672,,,
191023360370100,391309502769,230,bias-calibration,9472,-18720,-81184,,,
191023361367900,391310501019,231,bias-calibration,9152,-18880,-81952,,,
191023362276300,391311500978,232,bias-calibration,8960,-18912,-81760,,,
191023363269200,391312501019,233,bias-calibration,8800,-18848,-81920,,,
191023364265600,391313500853,234,bias-calibration,8544,-18752,-82368,,,
191023365264300,391314500686,235,bias-calibration,8832,-18912,-82400,,,
191023366265000,391315503144,236,bias-calibration,8096,-18720,-83168,,,
191023367264700,391316501103,237,bias-calibration,8416,-18848,-82976,,,
191023368277500,391317501103,238,bias-calibration,7648,-18784,-83456,,,
191023369278900,391318500978,239,bias-calibration,7712,-19328,-83552,,,
191023370270100,391319501394,240,bias-calibration,8000,-19008,-84000,,,
191023371267600,391320500978,241,bias-calibration,7584,-18656,-83776,,,
191023372265900,391321502561,242,bias-calibration,7520,-19104,-83808,,,
191023373265200,391322501019,243,bias-calibration,7584,-19328,-84192,,,
191023374265300,391323500978,244,bias-calibration,7680,-19040,-84640,,,
191023375264500,391324501019,245,bias-calibration,7584,-19072,-84736,,,
191023376265400,391325500978,246,bias-calibration,7392,-19648,-85088,,,
191023377266100,391326501811,247,bias-calibration,7264,-19232,-84928,,,
191023378265600,391327502561,248,bias-calibration,7264,-19712,-85472,,,
191023379268300,391328500978,249,bias-calibration,7680,-19776,-84672,,,
191023380266600,391329501144,250,bias-calibration,7424,-20032,-85504,,,
191023381266900,391330501019,251,bias-calibration,8000,-19712,-85408,,,
191023382265000,391331501186,252,bias-calibration,8512,-19936,-84800,,,
191023383264100,391332501019,253,bias-calibration,8384,-19712,-85600,,,
191023384312800,391333501019,254,bias-calibration,8192,-19904,-86496,,,
191023385277300,391334501019,255,bias-calibration,9312,-20352,-85760,,,
191023386346700,391335500853,0,bias-calibration,8864,-19872,-86176,,,
191023387332800,391336500978,1,bias-calibration,9056,-19840,-86432,,,
191023388337700,391337500936,2,bias-calibration,9120,-19840,-86464,,,
191023389358400,391338500936,3,bias-calibration,9312,-20192,-86176,,,
191023390352200,391339502311,4,bias-calibration,9952,-20448,-86432,,,
191023391337100,391340501144,5,bias-calibration,9664,-20160,-86688,,,
191023392337300,391341501228,6,bias-calibration,9760,-20512,-87040,,,
191023393331400,391342501144,7,bias-calibration,9760,-20576,-86944,,,
191023394409500,391343500894,8,bias-calibration,10208,-20864,-87008,,,
191023395333800,391344502644,9,bias-calibration,9952,-20416,-87392,,,
191023396383200,391345504061,10,bias-calibration,9760,-20352,-87104,,,
191023397333000,391346502061,11,bias-calibration,10752,-20160,-87936,,,
191023398332200,391347501228,12,bias-calibration,10048,-20576,-86880,,,
191023399331000,391348501019,13,bias-calibration,10944,-20416,-87680,,,
191023400356700,391349501019,14,bias-calibration,10848,-20064,-88384,,,
191023401415900,391350501311,15,bias-calibration,9856,-20096,-88512,,,
191023402366500,391351503978,16,bias-calibration,10080,-20128,-88064,,,
191023403407400,391352501644,17,bias-calibration,10464,-20544,-88576,,,
191023404406100,391353501019,18,bias-calibration,10240,-20096,-88736,,,
191023405403200,391354500894,19,bias-calibration,10368,-20032,-88928,,,
191023406415100,391355501061,20,bias-calibration,10336,-20128,-89248,,,
191023407438800,391356503144,21,bias-calibration,9792,-20352,-89568,,,
191023408417900,391357501478,22,bias-calibration,10464,-20416,-89792,,,
191023409453600,391358500978,23,bias-calibration,9664,-20544,-89440,,,
191023410443900,391359500894,24,bias-calibration,9920,-20544,-90272,,,
191023411466700,391360501186,25,bias-calibration,10112,-20544,-90112,,,
191023412443200,391361502228,26,bias-calibration,9824,-20608,-90688,,,
191023413443000,391362501103,27,bias-calibration,9536,-20544,-91104,,,
191023414447800,391363500978,28,bias-calibration,9632,-20832,-90752,,,
191023415444000,391364500936,29,bias-calibration,9664,-20768,-91104,,,
191023416282400,391365501186,30,bias-calibration,9344,-20736,-90720,,,
191023417446800,391366501103,31,bias-calibration,9728,-20768,-91200,,,
191023418438900,391367501103,32,bias-calibration,9568,-20928,-91456,,,
191023419477800,391368502769,33,bias-calibration,9504,-21088,-91616,,,
191023420457700,391369501269,34,bias-calibration,8928,-21440,-91648,,,
191023421477200,391370501144,35,bias-calibration,8352,-21216,-91904,,,
191023422278000,391371501394,36,bias-calibration,9440,-21312,-92608,,,
191023423274500,391372502061,37,bias-calibration,9536,-21312,-91872,,,
191023424273300,391373501144,38,bias-calibration,9312,-20960,-92608,,,
191023425272800,391374502603,39,bias-calibration,9664,-21664,-92576,,,
191023426273400,391375501061,40,bias-calibration,9344,-21184,-92480,,,
191023427271700,391376502353,41,bias-calibration,9568,-20992,-92832,,,
191023428273200,391377501019,42,bias-calibration,9696,-21216,-93088,,,
191023429272100,391378500769,43,bias-calibration,9728,-21472,-92576,,,
191023430273100,391379501269,44,bias-calibration,10720,-21216,-93472,,,
191023431273100,391380501853,45,bias-calibration,10016,-21440,-93472,,,
191023432282200,391381500853,46,bias-calibration,10528,-21792,-93120,,,
191023433273300,391382500894,47,bias-calibration,10368,-21088,-93568,,,
191023434272200,391383500769,48,bias-calibration,11072,-21664,-93120,,,
191023435268500,391384501186,49,bias-calibration,11040,-21344,-93824,,,
191023436269600,391385501019,50,bias-calibration,11232,-20800,-94112,,,
191023437267100,391386500686,51,bias-calibration,11296,-21120,-94208,,,
191023438267200,391387500936,52,bias-calibration,11968,-20896,-94400,,,
191023439265200,391388500811,53,bias-calibration,11936,-20992,-93984,,,
191023440266200,391389501061,54,bias-calibration,11968,-21440,-94528,,,
191023441283500,391390501061,55,bias-calibration,11904,-20832,-94464,,,
191023442271400,391391500978,56,bias-calibration,12064,-21184,-94944,,,
191023443266800,391392500853,57,bias-calibration,12256,-21056,-94400,,,
191023444267300,391393500686,58,bias-calibration,12320,-21568,-94752,,,
191023445267000,391394502519,59,bias-calibration,12320,-21152,-95072,,,
191023446266700,391395501019,60,bias-calibration,11776,-21024,-94912,,,
191023447266400,391396501811,61,bias-calibration,11840,-20736,-95840,,,
191023448272700,391397500936,62,bias-calibration,12896,-20736,-96032,,,
191023449267300,391398503769,63,bias-calibration,12224,-21280,-95968,,,
191023450269300,391399501019,64,bias-calibration,11712,-21568,-95552,,,
191023451265600,391400501103,65,bias-calibration,11584,-21312,-95712,,,
191023452357700,391401501019,66,bias-calibration,11872,-21440,-96288,,,
191023453336600,391402500853,67,bias-calibration,12000,-21888,-95872,,,
191023454351600,391403501311,68,bias-calibration,12000,-21440,-96032,,,
191023455387700,391404501103,69,bias-calibration,12032,-21792,-96384,,,
191023456353300,391405501061,70,bias-calibration,11840,-22208,-96672,,,
191023457393000,391406501019,71,bias-calibration,11904,-21696,-96288,,,
191023458362600,391407500936,72,bias-calibration,11328,-22112,-96608,,,
191023459352200,391408500978,73,bias-calibration,11520,-21984,-97088,,,
191023460340000,391409501353,74,bias-calibration,11360,-22048,-97152,,,
191023461268800,391410501061,75,bias-calibration,11904,-22752,-97120,,,
191023462351800,391411501019,76,bias-calibration,11232,-22144,-97920,,,
191023463273500,391412500978,77,bias-calibration,11616,-22944,-97728,,,
191023464285900,391413502853,78,bias-calibration,11616,-22272,-97856,,,
191023465298600,391414501103,79,bias-calibration,11136,-22432,-97472,,,
191023466293000,391415500936,80,bias-calibration,11392,-22528,-97856,,,
191023467345300,391416501061,81,bias-calibration,11584,-22720,-97888,,,
191023468286000,391417501019,82,bias-calibration,11648,-22688,-98080,,,
191023469290300,391418501186,83,bias-calibration,11264,-22592,-98144,,,
191023470275600,391419501061,84,bias-calibration,11904,-22752,-98368,,,
191023471265000,391420501103,85,bias-calibration,11680,-22624,-97984,,,
191023472273500,391421501478,86,bias-calibration,11680,-22368,-98688,,,
191023473273100,391422500811,87,bias-calibration,12704,-22528,-98336,,,
191023474265500,391423501061,88,bias-calibration,11872,-22144,-99264,,,
191023475273000,391424501019,89,bias-calibration,12736,-22272,-99264,,,
191023476283300,391425500936,90,bias-calibration,12320,-21760,-99456,,,
191023477282800,391426501019,91,bias-calibration,12704,-22528,-98848,,,
191023478266800,391427502269,92,bias-calibration,12800,-21888,-100064,,,
191023479268500,391428501144,93,bias-calibration,12928,-22304,-99488,,,
191023480330600,391429501103,94,bias-calibration,13120,-22080,-99008,,,
191023481277200,391430501769,95,bias-calibration,12928,-22016,-99296,,,
191023482266600,391431500936,96,bias-calibration,13216,-21920,-100096,,,
191023483265800,391432500853,97,bias-calibration,13888,-22080,-99424,,,
191023484263900,391433501811,98,bias-calibration,13920,-22112,-99328,,,
191023485274500,391434501103,99,bias-calibration,13728,-22464,-99584,,,
191023486270100,391435500978,100,bias-calibration,13504,-22304,-100320,,,
191023487333500,391436500936,101,bias-calibration,14272,-22368,-100096,,,
191023488270600,391437501144,102,bias-calibration,13728,-22432,-100288,,,
191023489273300,391438501019,103,bias-calibration,14016,-22432,-100224,,,
191023490265500,391439500978,104,bias-calibration,13600,-22688,-100928,,,
191023491287400,391440501269,105,bias-calibration,13600,-22496,-99904,,,
191023492276700,391441500978,106,bias-calibration,13184,-23008,-100608,,,
191023493387800,391442501186,107,bias-calibration,13056,-22784,-100512,,,
191023494295200,391443501144,108,bias-calibration,13728,-22816,-100544,,,
191023495287300,391444501061,109,bias-calibration,13856,-23456,-101504,,,
191023496274200,391445501269,110,bias-calibration,13696,-23680,-100640,,,
191023497274100,391446501019,111,bias-calibration,13728,-23360,-100608,,,
191023498272300,391447501061,112,bias-calibration,13504,-23072,-100384,,,
191023499274700,391448500978,113,bias-calibration,13152,-23744,-100960,,,
191023500280200,391449500978,114,bias-calibration,13216,-23072,-101120,,,
191023501366400,391450500519,115,bias-calibration,12896,-23200,-101088,,,
191023502349100,391451501019,116,bias-calibration,12896,-23520,-101888,,,
191023503271800,391452501228,117,bias-calibration,12608,-23232,-100864,,,
191023504272300,391453502478,118,bias-calibration,12320,-23168,-101088,,,
191023505273500,391454500978,119,bias-calibration,12480,-23232,-101504,,,
191023506273200,391455500936,120,bias-calibration,13024,-23680,-101568,,,
191023507346800,391456501061,121,bias-calibration,12672,-23456,-102080,,,
191023508356400,391457501103,122,bias-calibration,12640,-23168,-101760,,,
191023509303200,391458501019,123,bias-calibration,12288,-23296,-102144,,,
191023510355500,391459501061,124,bias-calibration,12672,-23232,-102080,,,
191023511276500,391460501561,125,bias-calibration,12576,-23776,-102464,,,
191023512270900,391461500936,126,bias-calibration,13184,-22912,-103040,,,
191023513273500,391462501269,127,bias-calibration,12704,-23232,-102112,,,
191023514265100,391463501019,128,bias-calibration,13184,-23040,-103072,,,
191023515283900,391464506353,129,bias-calibration,12832,-23488,-102016,,,
191023516282000,391465500519,130,bias-calibration,13312,-23360,-101696,,,
191023517283300,391466500978,131,bias-calibration,12928,-23328,-102560,,,
191023518270700,391467501103,132,bias-calibration,13504,-23488,-103232,,,
191023519263800,391468501103,133,bias-calibration,13632,-23456,-102464,,,
191023520264500,391469500978,134,bias-calibration,13696,-23392,-102624,,,
191023521265800,391470500936,135,bias-calibration,13376,-23680,-102528,,,
191023522321500,391471501144,136,bias-calibration,13888,-23648,-102880,,,
191023523354000,391472501061,137,bias-calibration,13568,-23904,-103072,,,
191023524342900,391473501144,138,bias-calibration,14368,-23712,-102720,,,
191023525390200,391474501103,139,bias-calibration,13984,-23968,-102240,,,
191023526299500,391475500978,140,bias-calibration,13984,-23936,-102240,,,
191023527295200,391476501144,141,bias-calibration,13856,-24192,-102976,,,
191023528283900,391477501103,142,bias-calibration,14112,-24416,-102016,,,
191023529281400,391478500936,143,bias-calibration,14048,-24192,-102496,,,
191023530277400,391479500894,144,bias-calibration,13824,-24416,-102368,,,
191023531276500,391480500894,145,bias-calibration,14208,-24096,-102432,,,
191023532276300,391481501436,146,bias-calibration,14496,-24384,-101824,,,
191023533276400,391482501061,147,bias-calibration,14528,-24672,-102336,,,
191023534276600,391483501103,148,bias-calibration,14880,-24768,-101664,,,
191023535276100,391484500853,149,bias-calibration,14240,-24128,-101728,,,
191023536276400,391485501061,150,bias-calibration,14112,-24160,-102336,,,
191023537276000,391486501144,151,bias-calibration,14464,-24448,-102912,,,
191023538277100,391487500853,152,bias-calibration,14176,-24672,-102048,,,
191023539276200,391488502061,153,bias-calibration,14112,-24480,-102752,,,
191023540276400,391489501019,154,bias-calibration,14144,-24448,-102240,,,
191023541276200,391490500894,155,bias-calibration,13440,-24288,-102304,,,
191023542359200,391491502353,156,bias-calibration,14144,-24672,-102624,,,
191023543376400,391492500811,157,bias-calibration,14240,-24800,-102336,,,
191023544284900,391493501144,158,bias-calibration,13760,-24032,-102336,,,
191023545277200,391494500936,159,bias-calibration,13056,-24352,-102784,,,
191023546276000,391495500894,160,bias-calibration,13376,-24064,-103008,,,
191023547278300,391496501019,161,bias-calibration,13952,-24256,-102560,,,
191023548282200,391497501311,162,bias-calibration,13152,-24640,-102656,,,
191023549278100,391498500978,163,bias-calibration,13248,-24256,-103072,,,
191023550277900,391499500769,164,bias-calibration,13184,-24032,-102784,,,
191023551277600,391500500811,165,bias-calibration,13088,-24640,-102912,,,
191023552277400,391501501019,166,bias-calibration,12256,-23776,-103616,,,
191023553277500,391502500894,167,bias-calibration,12928,-24576,-103072,,,
191023554277400,391503501019,168,bias-calibration,13856,-24224,-103232,,,
191023555277400,391504500811,169,bias-calibration,13664,-24480,-103808,,,
191023556277300,391505502269,170,bias-calibration,13472,-24864,-103200,,,
191023557277200,391506501061,171,bias-calibration,13344,-24672,-103392,,,
191023558283300,391507500936,172,bias-calibration,13344,-24512,-103360,,,
191023559285600,391508501103,173,bias-calibration,13888,-24640,-103488,,,
191023560280300,391509500894,174,bias-calibration,13824,-24736,-103040,,,
191023561274300,391510501686,175,bias-calibration,13856,-24544,-102752,,,
191023562274400,391511501853,176,bias-calibration,13632,-24960,-102496,,,
191023563274300,391512500978,177,bias-calibration,14176,-24768,-102464,,,
191023564277600,391513501019,178,bias-calibration,14048,-24864,-102912,,,
191023565277500,391514500894,179,bias-calibration,13920,-25216,-102624,,,
191023566277100,391515501186,180,bias-calibration,14080,-25344,-102784,,,
191023567277300,391516500936,181,bias-calibration,13984,-25504,-102272,,,
191023568277200,391517500978,182,bias-calibration,14336,-25600,-102464,,,
191023569277100,391518500936,183,bias-calibration,14080,-24960,-102912,,,
191023570276900,391519500769,184,bias-calibration,14208,-25344,-102400,,,
191023571270300,391520501186,185,bias-calibration,13728,-24960,-102784,,,
191023572277000,391521501061,186,bias-calibration,14240,-25312,-102848,,,
191023573277300,391522500936,187,bias-calibration,14112,-25408,-102816,,,
191023574314900,391523500853,188,bias-calibration,14784,-25472,-102656,,,
191023575376000,391524500769,189,bias-calibration,14144,-25248,-102944,,,
191023576268200,391525501103,190,bias-calibration,14752,-25504,-102080,,,
191023577271400,391526501061,191,bias-calibration,13888,-25344,-102720,,,
191023578275100,391527501186,192,bias-calibration,14272,-25440,-102912,,,
191023579277700,391528500894,193,bias-calibration,13664,-25376,-103040,,,
191023580278200,391529500769,194,bias-calibration,14144,-25280,-102944,,,
191023581278400,391530501228,195,bias-calibration,14464,-25216,-103264,,,
191023582277800,391531501103,196,bias-calibration,13216,-24576,-103392,,,
191023583276800,391532501019,197,bias-calibration,13792,-24800,-103136,,,
191023584278200,391533501061,198,bias-calibration,13792,-25344,-102848,,,
191023585277900,391534500769,199,bias-calibration,13472,-25376,-102944,,,
191023586278400,391535501186,200,bias-calibration,14080,-25344,-102688,,,
191023587277400,391536501019,201,bias-calibration,13824,-25280,-103360,,,
191023588279400,391537503019,202,bias-calibration,14048,-25280,-103072,,,
191023589277700,391538500894,203,bias-calibration,13280,-24960,-103616,,,
191023590284000,391539501019,204,bias-calibration,13408,-25408,-103040,,,
191023591265400,391540501061,205,bias-calibration,13728,-25728,-102464,,,
191023592277600,391541500936,206,bias-calibration,13568,-25312,-103040,,,
191023593274700,391542501019,207,bias-calibration,13472,-24928,-103744,,,
191023594274500,391543500811,208,bias-calibration,12640,-24992,-103968,,,
191023595276200,391544501394,209,bias-calibration,13472,-24736,-103744,,,
191023596277700,391545501103,210,bias-calibration,13344,-25120,-103520,,,
191023597278300,391546501061,211,bias-calibration,12640,-25120,-103840,,,
191023598277700,391547500978,212,bias-calibration,12960,-24768,-103648,,,
191023599277800,391548502311,213,bias-calibration,13120,-25888,-104000,,,
191023600278200,391549502061,214,bias-calibration,12864,-25504,-103136,,,
191023601278100,391550501894,215,bias-calibration,12960,-25280,-103968,,,
191023602278600,391551502061,216,bias-calibration,12864,-25408,-103968,,,
191023603277900,391552501019,217,bias-calibration,12832,-25536,-103552,,,
191023604277100,391553500811,218,bias-calibration,13184,-25248,-103872,,,
191023605277700,391554501019,219,bias-calibration,13152,-25824,-103808,,,
191023606281700,391555501186,220,bias-calibration,12928,-25376,-103744,,,
191023607293200,391556500894,221,bias-calibration,13920,-25184,-103872,,,
191023608296200,391557501019,222,bias-calibration,13088,-25568,-103552,,,
191023609288900,391558500978,223,bias-calibration,13920,-25888,-103520,,,
191023610291000,391559502644,224,bias-calibration,12832,-25600,-103616,,,
191023611277300,391560501144,225,bias-calibration,12992,-25536,-103552,,,
191023612289600,391561501019,226,bias-calibration,13216,-25792,-103488,,,
191023613279600,391562500936,227,bias-calibration,13216,-25632,-104224,,,
191023614276600,391563500894,228,bias-calibration,13088,-25600,-103968,,,
191023615276800,391564500894,229,bias-calibration,13408,-25760,-103584,,,
191023616276400,391565501019,230,bias-calibration,13216,-25472,-104352,,,
191023617276500,391566501019,231,bias-calibration,13472,-25664,-103616,,,
191023618276400,391567500978,232,bias-calibration,13184,-25824,-103552,,,
191023619278400,391568501103,233,bias-calibration,13440,-25600,-104416,,,
191023620272200,391569502103,234,bias-calibration,13184,-25312,-104096,,,
191023621272400,391570501103,235,bias-calibration,13408,-25792,-103968,,,
191023622269900,391571500853,236,bias-calibration,13248,-25760,-103776,,,
191023623692200,391572500769,237,bias-calibration,13152,-25248,-104320,,,
191023624328600,391573500769,238,bias-calibration,13408,-25504,-105280,,,
191023625421700,391574501269,239,bias-calibration,13536,-25504,-104256,,,
191023626268600,391575501644,240,bias-calibration,12896,-25472,-104576,,,
191023627320700,391576500853,241,bias-calibration,13344,-24800,-105088,,,
191023628281500,391577500978,242,bias-calibration,13216,-24928,-104320,,,
191023629790300,391578500769,243,bias-calibration,13504,-25344,-104704,,,
191023630613300,391579501519,244,bias-calibration,13344,-25376,-104832,,,
191023631278900,391580501769,245,bias-calibration,13376,-25344,-104320,,,
191023632277800,391581500894,246,bias-calibration,13312,-24928,-104800,,,
191023633275800,391582500811,247,bias-calibration,13088,-24768,-104960,,,
191023634275300,391583501061,248,bias-calibration,12992,-24928,-105376,,,
191023635275000,391584501144,249,bias-calibration,12544,-24768,-105376,,,
191023636277000,391585501019,250,bias-calibration,13344,-24896,-105408,,,
191023637276100,391586500936,251,bias-calibration,12992,-25120,-105248,,,
191023638333900,391587501103,252,bias-calibration,12832,-24800,-105504,,,
191023639288800,391588501103,253,bias-calibration,12928,-24576,-105568,,,
191023640283400,391589500853,254,bias-calibration,12384,-24896,-105248,,,
191023641278700,391590501019,255,bias-calibration,12480,-24640,-105600,,,
191023642277900,391591500853,0,bias-calibration,11968,-25024,-105600,,,
191023643277500,391592500978,1,bias-calibration,12224,-24672,-105792,,,
191023644277500,391593501103,2,bias-calibration,12320,-25376,-105440,,,
191023645277200,391594501228,3,bias-calibration,12672,-25216,-105600,,,
191023646277100,391595500978,4,bias-calibration,13280,-24576,-105472,,,
191023647277100,391596500811,5,bias-calibration,12512,-25152,-105632,,,
191023648277300,391597500853,6,bias-calibration,12672,-25440,-105504,,,
191023649277100,391598501061,7,bias-calibration,12096,-25120,-106592,,,
191023650277000,391599502644,8,bias-calibration,11840,-25216,-105920,,,
191023651277400,391600502519,9,bias-calibration,12768,-25344,-105792,,,
191023652277100,391601500894,10,bias-calibration,12192,-25184,-106240,,,
191023653277100,391602500936,11,bias-calibration,12192,-24928,-105856,,,
191023654333800,391603501019,12,bias-calibration,12416,-25280,-106176,,,
191023655287500,391604502436,13,bias-calibration,12096,-25312,-106144,,,
191023656280400,391605500936,14,bias-calibration,12192,-25408,-106080,,,
191023657278800,391606502353,15,bias-calibration,12192,-25184,-106080,,,
191023658277400,391607501144,16,bias-calibration,12800,-25728,-107264,,,
191023659277200,391608501061,17,bias-calibration,12512,-25440,-106496,,,
191023660276000,391609500894,18,bias-calibration,12416,-25536,-106624,,,
191023661276900,391610504936,19,bias-calibration,12608,-25344,-107040,,,
191023662277900,391611501228,20,bias-calibration,12128,-25248,-106784,,,
191023663272900,391612501103,21,bias-calibration,12384,-25248,-106624,,,
191023664277400,391613501061,22,bias-calibration,12224,-25152,-106720,,,
191023665276900,391614501019,23,bias-calibration,12192,-25120,-106464,,,
191023666277100,391615502019,24,bias-calibration,13088,-24736,-107584,,,
191023667276200,391616500644,25,bias-calibration,12256,-24800,-107360,,,
191023668276300,391617502644,26,bias-calibration,12352,-24736,-107552,,,
191023669276300,391618500978,27,bias-calibration,12512,-24448,-107392,,,
191023670283400,391619500978,28,bias-calibration,13376,-24480,-107104,,,
191023671400500,391620511811,29,bias-calibration,12576,-24576,-107360,,,
191023672277900,391621502978,30,bias-calibration,12096,-24384,-107552,,,
191023673274800,391622503769,31,bias-calibration,13056,-24864,-107328,,,
191023674275400,391623501019,32,bias-calibration,12320,-24320,-107296,,,
191023675275000,391624500978,33,bias-calibration,12544,-24320,-107616,,,
191023676278200,391625500894,34,bias-calibration,12832,-24768,-106816,,,
191023677278200,391626500853,35,bias-calibration,13056,-24064,-107424,,,
191023678277800,391627501019,36,bias-calibration,12672,-24320,-107904,,,
191023679276600,391628502228,37,bias-calibration,12896,-24640,-107808,,,
191023680320600,391629500978,38,bias-calibration,12448,-23520,-107968,,,
191023681274200,391630501019,39,bias-calibration,12864,-24864,-107008,,,
191023682273000,391631500936,40,bias-calibration,12672,-24672,-107456,,,
191023683277300,391632501103,41,bias-calibration,12672,-24864,-107744,,,
191023684277800,391633501019,42,bias-calibration,12896,-24864,-107264,,,
191023685278000,391634500978,43,bias-calibration,12768,-24864,-108160,,,
191023686297600,391635501019,44,bias-calibration,12608,-25248,-107872,,,
191023687289100,391636500936,45,bias-calibration,12768,-24992,-107840,,,
191023688286200,391637501103,46,bias-calibration,12448,-25408,-107744,,,
191023689275600,391638500978,47,bias-calibration,12096,-25312,-108768,,,
191023690272800,391639501228,48,bias-calibration,12288,-25408,-108672,,,
191023691268900,391640500853,49,bias-calibration,12256,-25056,-108416,,,
191023692262500,391641502269,50,bias-calibration,12480,-25152,-108320,,,
191023693272800,391642501019,51,bias-calibration,12320,-25184,-108768,,,
191023694274500,391643501186,52,bias-calibration,12512,-24832,-108032,,,
191023695276000,391644500978,53,bias-calibration,12224,-25056,-108960,,,
191023696271800,391645501061,54,bias-calibration,12160,-24928,-108864,,,
191023697275000,391646501019,55,bias-calibration,11552,-25376,-108512,,,
191023698276400,391647500978,56,bias-calibration,12128,-25056,-108384,,,
191023699273600,391648500728,57,bias-calibration,12192,-24832,-108608,,,
191023700352100,391649500853,58,bias-calibration,12544,-25120,-108064,,,
191023701268300,391650500853,59,bias-calibration,12352,-24960,-108864,,,
191023702366800,391651502644,60,bias-calibration,13024,-24928,-108800,,,
191023703300800,391652501019,61,bias-calibration,12352,-24576,-108864,,,
191023704278700,391653502311,62,bias-calibration,12576,-24800,-109184,,,
191023705276900,391654500853,63,bias-calibration,12352,-24768,-109120,,,
191023706273600,391655500811,64,bias-calibration,12512,-24704,-109568,,,
191023707277300,391656501144,65,bias-calibration,12928,-24576,-109280,,,
191023708276100,391657501144,66,bias-calibration,12832,-24544,-109472,,,
191023709270800,391658501103,67,bias-calibration,12416,-24160,-109440,,,
191023710275900,391659501519,68,bias-calibration,12832,-24384,-108832,,,
191023711276700,391660500894,69,bias-calibration,12800,-24672,-110176,,,
191023712275800,391661500936,70,bias-calibration,12864,-24256,-109152,,,
191023713276000,391662501103,71,bias-calibration,12736,-24384,-109856,,,
191023714275900,391663500978,72,bias-calibration,13024,-24032,-109056,,,
191023715275000,391664500894,73,bias-calibration,12448,-24160,-110368,,,
191023716270300,391665500811,74,bias-calibration,12256,-24832,-109920,,,
191023717271700,391666501103,75,bias-calibration,13152,-24416,-109984,,,
191023718272300,391667501061,76,bias-calibration,13120,-23776,-109696,,,
191023719283700,391668501311,77,bias-calibration,13696,-24448,-109600,,,
191023720275600,391669500894,78,bias-calibration,12960,-24544,-109952,,,
191023721277900,391670500728,79,bias-calibration,13504,-24384,-109632,,,
191023722277000,391671502519,80,bias-calibration,12832,-24800,-110176,,,
191023723276300,391672500894,81,bias-calibration,13056,-24992,-109696,,,
191023724276000,391673500894,82,bias-calibration,12640,-24800,-110624,,,
191023725275800,391674501103,83,bias-calibration,13248,-24992,-110240,,,
191023726275500,391675504561,84,bias-calibration,12864,-24576,-109824,,,
191023727275800,391676502728,85,bias-calibration,13120,-25312,-109760,,,
191023728276100,391677500978,86,bias-calibration,12608,-25088,-110240,,,
191023729275700,391678500936,87,bias-calibration,12448,-24864,-110304,,,
191023730275900,391679500811,88,bias-calibration,12608,-25088,-111072,,,
191023731276000,391680502853,89,bias-calibration,13280,-25152,-110176,,,
191023732275800,391681501019,90,bias-calibration,12768,-25056,-110752,,,
191023733275500,391682500978,91,bias-calibration,12448,-25248,-110144,,,
191023734271600,391683501353,92,bias-calibration,12864,-25472,-110784,,,
191023735285900,391684500853,93,bias-calibration,12704,-25728,-111232,,,
191023736277800,391685500978,94,bias-calibration,12544,-25248,-111136,,,
191023737278800,391686501019,95,bias-calibration,13056,-25792,-110592,,,
191023738277700,391687500811,96,bias-calibration,13024,-25664,-111008,,,
191023739277100,391688500978,97,bias-calibration,12160,-25600,-111040,,,
191023740277200,391689500769,98,bias-calibration,12960,-25408,-111264,,,
191023741276600,391690500561,99,bias-calibration,12544,-25440,-111008,,,
191023742276700,391691501103,100,bias-calibration,13216,-25248,-111040,,,
191023743276800,391692501436,101,bias-calibration,12992,-25696,-111616,,,
191023744276600,391693500853,102,bias-calibration,12928,-25472,-111424,,,
191023745276500,391694500811,103,bias-calibration,13408,-25664,-111520,,,
191023746276600,391695501936,104,bias-calibration,12736,-25728,-111744,,,
191023747276500,391696500894,105,bias-calibration,12544,-25248,-111360,,,
191023748272700,391697500894,106,bias-calibration,13280,-25792,-111776,,,
191023749272600,391698500978,107,bias-calibration,12832,-25664,-111264,,,
191023750280700,391699503769,108,bias-calibration,13120,-25600,-111168,,,
191023751289700,391700501019,109,bias-calibration,13312,-25728,-111808,,,
191023752294600,391701501019,110,bias-calibration,13888,-25696,-111296,,,
191023753275300,391702500853,111,bias-calibration,12800,-25216,-111776,,,
191023754289800,391703500936,112,bias-calibration,13280,-25600,-111488,,,
191023755275800,391704500894,113,bias-calibration,12896,-25056,-112480,,,
191023756289800,391705502519,114,bias-calibration,13248,-25120,-112000,,,
191023757278900,391706501061,115,bias-calibration,13088,-25632,-112256,,,
191023758276500,391707502394,116,bias-calibration,13088,-25472,-112768,,,
191023759276300,391708500978,117,bias-calibration,13600,-25568,-112032,,,
191023760276300,391709500853,118,bias-calibration,13216,-25600,-111744,,,
191023761276200,391710501103,119,bias-calibration,13536,-25440,-112320,,,
191023762269200,391711500895,120,bias-calibration,13472,-25568,-112544,,,
191023763270700,391712502145,121,bias-calibration,13152,-25472,-112352,,,
191023764272300,391713500978,122,bias-calibration,13152,-25344,-112256,,,
191023765271900,391714500728,123,bias-calibration,13440,-25216,-112832,,,
191023766836500,391715501061,124,bias-calibration,13248,-25376,-112448,,,
191023767294400,391716501728,125,bias-calibration,13696,-26080,-112384,,,
191023768275500,391717500520,126,bias-calibration,14080,-26272,-112128,,,
191023769496500,391718500936,127,bias-calibration,13568,-25568,-112640,,,
191023770265500,391719501061,128,bias-calibration,13344,-25824,-113408,,,
191023771268000,391720501061,129,bias-calibration,13472,-25664,-112288,,,
191023772280200,391721501020,130,bias-calibration,13248,-25536,-113408,,,
191023773269400,391722502395,131,bias-calibration,12992,-26016,-113152,,,
191023774266900,391723500895,132,bias-calibration,13344,-25824,-113120,,,
191023775273000,391724501061,133,bias-calibration,13824,-25888,-112704,,,
191023776275900,391725500978,134,bias-calibration,13408,-26208,-112960,,,
191023777277900,391726500853,135,bias-calibration,13120,-25664,-113088,,,
191023778277100,391727500895,136,bias-calibration,12960,-25984,-113536,,,
191023779277200,391728500811,137,bias-calibration,13056,-26176,-113216,,,
191023780273100,391729501020,138,bias-calibration,13440,-26240,-113472,,,
191023781273000,391730500978,139,bias-calibration,13152,-26624,-113504,,,
191023782280300,391731500936,140,bias-calibration,12640,-26208,-113760,,,
191023783288000,391732500895,141,bias-calibration,13312,-26112,-113696,,,
191023784280300,391733501061,142,bias-calibration,13120,-26592,-113312,,,
191023785277500,391734501811,143,bias-calibration,11904,-26080,-114080,,,
191023786272900,391735500978,144,bias-calibration,13184,-26560,-113248,,,
191023787281000,391736500895,145,bias-calibration,12992,-25696,-113568,,,
191023788277300,391737500936,146,bias-calibration,13024,-26304,-113696,,,
191023789276900,391738500895,147,bias-calibration,12864,-26368,-113568,,,
191023790276800,391739501020,148,bias-calibration,12896,-26592,-113248,,,
191023791276800,391740503145,149,bias-calibration,12992,-26656,-113312,,,
191023792276900,391741500978,150,bias-calibration,12960,-26240,-113920,,,
191023793276800,391742502103,151,bias-calibration,12864,-26208,-113056,,,
191023794276700,391743500853,152,bias-calibration,12800,-26784,-113568,,,
191023795276600,391744501020,153,bias-calibration,13184,-26816,-114272,,,
191023796272600,391745501103,154,bias-calibration,13056,-26080,-113632,,,
191023797272800,391746504728,155,bias-calibration,13696,-26336,-113152,,,
191023798280700,391747502186,156,bias-calibration,13280,-26208,-113280,,,
191023799282500,391748500853,157,bias-calibration,13440,-26688,-113600,,,
191023800279200,391749501020,158,bias-calibration,13824,-26080,-113824,,,
191023801277700,391750501228,159,bias-calibration,14304,-26528,-112832,,,
191023802277100,391751501020,160,bias-calibration,13728,-26336,-113184,,,
191023803274400,391752502478,161,bias-calibration,14688,-26464,-113696,,,
191023804276500,391753501103,162,bias-calibration,14208,-26176,-113568,,,
191023805276700,391754501061,163,bias-calibration,14304,-26624,-113152,,,
191023806276600,391755500978,164,bias-calibration,14176,-26176,-112992,,,
191023807276600,391756500853,165,bias-calibration,14752,-26080,-113312,,,
191023808276600,391757502020,166,bias-calibration,14400,-26240,-113408,,,
191023809276400,391758500895,167,bias-calibration,14656,-26176,-112928,,,
191023810276600,391759500978,168,bias-calibration,15136,-26080,-112896,,,
191023811276500,391760502561,169,bias-calibration,14240,-25632,-113440,,,
191023812272700,391761500895,170,bias-calibration,14976,-25760,-112832,,,
191023813272500,391762500811,171,bias-calibration,15104,-26304,-113056,,,
191023814292200,391763501020,172,bias-calibration,14976,-25952,-112608,,,
191023815285800,391764500978,173,bias-calibration,15040,-26080,-112576,,,
191023816287100,391765501020,174,bias-calibration,14624,-26016,-112928,,,
191023817278800,391766500978,175,bias-calibration,15456,-26240,-112448,,,
191023818277800,391767500811,176,bias-calibration,15200,-26240,-112256,,,
191023819484600,391768501020,177,bias-calibration,14784,-26240,-113632,,,
191023820272900,391769501853,178,bias-calibration,14976,-26304,-111776,,,
191023821276900,391770501103,179,bias-calibration,15424,-26304,-112032,,,
191023822276300,391771500895,180,bias-calibration,15488,-26048,-112160,,,
191023823276400,391772501936,181,bias-calibration,15328,-26464,-112128,,,
191023824276300,391773500978,182,bias-calibration,15360,-26688,-112352,,,
191023825276300,391774500895,183,bias-calibration,15616,-26464,-111680,,,
191023826275500,391775501020,184,bias-calibration,16160,-26944,-111904,,,
191023827276300,391776500853,185,bias-calibration,15488,-26048,-111904,,,
191023828272900,391777500811,186,bias-calibration,15808,-26656,-111904,,,
191023829272200,391778501103,187,bias-calibration,15296,-26528,-111872,,,
191023830272700,391779501728,188,bias-calibration,15200,-26720,-111808,,,
191023831285100,391780500978,189,bias-calibration,15232,-26688,-111936,,,
191023832280300,391781500895,190,bias-calibration,14688,-27040,-111968,,,
191023833278200,391782500811,191,bias-calibration,15296,-26784,-111520,,,
191023834277300,391783500936,192,bias-calibration,15584,-26784,-111520,,,
191023835277100,391784500520,193,bias-calibration,14976,-26976,-110784,,,
191023836273300,391785500978,194,bias-calibration,14816,-26816,-111584,,,
191023837280000,391786500936,195,bias-calibration,15072,-27008,-111616,,,
191023838277400,391787500936,196,bias-calibration,15168,-27040,-111552,,,
191023839277400,391788501020,197,bias-calibration,15392,-26784,-111648,,,
191023840277100,391789501186,198,bias-calibration,14880,-26848,-111968,,,
191023841276900,391790500895,199,bias-calibration,15232,-26624,-111328,,,
191023842277000,391791501770,200,bias-calibration,15392,-26688,-111072,,,
191023843277000,391792503186,201,bias-calibration,15232,-26624,-111808,,,
191023844273300,391793501061,202,bias-calibration,16160,-26912,-111392,,,
191023845272800,391794508936,203,bias-calibration,15104,-26496,-111872,,,
191023846270700,391795510395,204,bias-calibration,15424,-26144,-111072,,,
191023847410700,391796518895,205,bias-calibration,15296,-26752,-111104,,,
191023848271900,391797507520,206,bias-calibration,15392,-26400,-111488,,,
191023849277500,391798507145,207,bias-calibration,15840,-26624,-111040,,,
191023850277100,391799501395,208,bias-calibration,15808,-26272,-110816,,,
191023851277300,391800503145,209,bias-calibration,15232,-26112,-111392,,,
191023852277100,391801503270,210,bias-calibration,16224,-26400,-110624,,,
191023853273000,391802508228,211,bias-calibration,15424,-25888,-111072,,,
191023854277300,391803508061,212,bias-calibration,16224,-26304,-110848,,,
191023855277200,391804507728,213,bias-calibration,16064,-25952,-111392,,,
191023856276700,391805507645,214,bias-calibration,16064,-26432,-111296,,,
191023857276600,391806504103,215,bias-calibration,16320,-26848,-109824,,,
191023858276800,391807503520,216,bias-calibration,16448,-26336,-111616,,,
191023859275700,391808505478,217,bias-calibration,16512,-26368,-111200,,,
191023860273000,391809506978,218,bias-calibration,16160,-26560,-111008,,,
191023861272600,391810505520,219,bias-calibration,16448,-26304,-110624,,,
191023862279300,391811507895,220,bias-calibration,16384,-26432,-110624,,,
191023863266600,391812503936,221,bias-calibration,16320,-26208,-111008,,,
191023864275300,391813502436,222,bias-calibration,16352,-26432,-109888,,,
191023865277500,391814505478,223,bias-calibration,16416,-26624,-110656,,,
191023866277100,391815507020,224,bias-calibration,15776,-26592,-111008,,,
191023867276900,391816503311,225,bias-calibration,16256,-26912,-110816,,,
191023868276800,391817503020,226,bias-calibration,16544,-27168,-111200,,,
191023869276700,391818501645,227,bias-calibration,16000,-26688,-111072,,,
191023870275600,391819503811,228,bias-calibration,16096,-26848,-110784,,,
191023871276500,391820504770,229,bias-calibration,15616,-26752,-111040,,,
191023872276300,391821504811,230,bias-calibration,16096,-27104,-111008,,,
191023873276600,391822504311,231,bias-calibration,15360,-27328,-110624,,,
191023874276400,391823503270,232,bias-calibration,15296,-27136,-111072,,,
191023875276600,391824501436,233,bias-calibration,15520,-27072,-111392,,,
191023876272600,391825502478,234,bias-calibration,14944,-27104,-110976,,,
191023877272100,391826509145,235,bias-calibration,15200,-26592,-111424,,,
191023878278600,391827504103,236,bias-calibration,14880,-27008,-111264,,,
191023879289800,391828504686,237,bias-calibration,15040,-27072,-111008,,,
191023880282100,391829506520,238,bias-calibration,15072,-27360,-110368,,,
191023881277300,391830505395,239,bias-calibration,14784,-27488,-111296,,,
191023882277100,391831504561,240,bias-calibration,14816,-26944,-111488,,,
191023883276600,391832505978,241,bias-calibration,14848,-27232,-110944,,,
191023884276500,391833506145,242,bias-calibration,15392,-27712,-110400,,,
191023885276500,391834507770,243,bias-calibration,14624,-26816,-111808,,,
191023886276400,391835507186,244,bias-calibration,14048,-26976,-111712,,,
191023887276600,391836503978,245,bias-calibration,14848,-27264,-111488,,,
191023888276500,391837502645,246,bias-calibration,14880,-26656,-111040,,,
191023889276300,391838504186,247,bias-calibration,15072,-26976,-111872,,,
191023890276500,391839508645,248,bias-calibration,14496,-27328,-110976,,,
191023891276800,391840506895,249,bias-calibration,14976,-27680,-110656,,,
191023892272600,391841505228,250,bias-calibration,15360,-27296,-111072,,,
191023893272300,391842507686,251,bias-calibration,15104,-27104,-110944,,,
191023894337600,391843503978,252,bias-calibration,14592,-27040,-111296,,,
191023895289600,391844506103,253,bias-calibration,15168,-27168,-111008,,,
191023896297800,391845503728,254,bias-calibration,15040,-27232,-111488,,,
191023897288500,391846503436,255,bias-calibration,15168,-26976,-111616,,,
191023898277000,391847505561,0,bias-calibration,15264,-26656,-111488,,,
191023899289100,391848504603,1,bias-calibration,15680,-27136,-110912,,,
191023900278600,391849501311,2,bias-calibration,15744,-26528,-111008,,,
191023901276700,391850502770,3,bias-calibration,15808,-27136,-111232,,,
191023902276000,391851502103,4,bias-calibration,15840,-27232,-110880,,,
191023903276000,391852500936,5,bias-calibration,15456,-26624,-111552,,,
191023904275600,391853500811,6,bias-calibration,15488,-26592,-111072,,,
191023905275600,391854501811,7,bias-calibration,16000,-26496,-111648,,,
191023906276100,391855501311,8,bias-calibration,15616,-26976,-111104,,,
191023907275600,391856501061,9,bias-calibration,15488,-26816,-111200,,,
191023908272000,391857500895,10,bias-calibration,15776,-26240,-111200,,,
191023909271000,391858501811,11,bias-calibration,15488,-27008,-111456,,,
191023910266100,391859500728,12,bias-calibration,15968,-27008,-110624,,,
191023911277600,391860502311,13,bias-calibration,15488,-26592,-111168,,,
191023912281400,391861500978,14,bias-calibration,15520,-26656,-111520,,,
191023913276800,391862500811,15,bias-calibration,15680,-27008,-110816,,,
191023914276400,391863500770,16,bias-calibration,15104,-27040,-111520,,,
191023915276200,391864500811,17,bias-calibration,15328,-26784,-110784,,,
191023916276300,391865500895,18,bias-calibration,14784,-27232,-111392,,,
191023917276000,391866500895,19,bias-calibration,14464,-27008,-111776,,,
191023918275900,391867500811,20,bias-calibration,14912,-27424,-111872,,,
191023919275900,391868501645,21,bias-calibration,15168,-27232,-111648,,,
191023920276400,391869502103,22,bias-calibration,14080,-26752,-112128,,,
191023921276000,391870502228,23,bias-calibration,14624,-27392,-112096,,,
191023922276100,391871501186,24,bias-calibration,14016,-26816,-112576,,,
191023923276100,391872500978,25,bias-calibration,14112,-27008,-112000,,,
191023924272200,391873500853,26,bias-calibration,13952,-27808,-111296,,,
191023925271900,391874501311,27,bias-calibration,14464,-27360,-112288,,,
191023926281500,391875502103,28,bias-calibration,14048,-27232,-112224,,,
191023927281100,391876500978,29,bias-calibration,13792,-27712,-111712,,,
191023928277700,391877501020,30,bias-calibration,14144,-27520,-112224,,,
191023929276800,391878500853,31,bias-calibration,13632,-26976,-112416,,,
191023930142000,391879500811,32,bias-calibration,13376,-27264,-112320,,,
191023931276800,391880502395,33,bias-calibration,13152,-26784,-112384,,,
191023932276500,391881500936,34,bias-calibration,12960,-27008,-112960,,,
191023933276400,391882500770,35,bias-calibration,13376,-27008,-112064,,,
191023934276600,391883500853,36,bias-calibration,13248,-27072,-112480,,,
191023935276000,391884500811,37,bias-calibration,13952,-27008,-112832,,,
191023936315300,391885501145,38,bias-calibration,13632,-27008,-112544,,,
191023937286600,391886502353,39,bias-calibration,12800,-26336,-112928,,,
191023938286800,391887500853,40,bias-calibration,13696,-26944,-112768,,,
191023939286100,391888500895,41,bias-calibration,14560,-27040,-112640,,,
191023940274600,391889502061,42,bias-calibration,14080,-27296,-112832,,,
191023941273000,391890500603,43,bias-calibration,13568,-26688,-112512,,,
191023943729600,391891501061,44,bias-calibration,13568,-27296,-112576,,,
191023943747200,391892503436,45,bias-calibration,13280,-27136,-112736,,,
191023944267200,391893500811,46,bias-calibration,13888,-27328,-112800,,,
191023945153900,391894501020,47,bias-calibration,14528,-27360,-112864,,,
191023946279700,391895500895,48,bias-calibration,14720,-27232,-112448,,,
191023947277800,391896501020,49,bias-calibration,14304,-27424,-112256,,,
191023948276700,391897501936,50,bias-calibration,14048,-27296,-112480,,,
191023949277500,391898500811,51,bias-calibration,14368,-27712,-112320,,,
191023950277300,391899501728,52,bias-calibration,14272,-27168,-112320,,,
191023951277200,391900501145,53,bias-calibration,14176,-27360,-112800,,,
191023952267300,391901500895,54,bias-calibration,14496,-27040,-113248,,,
191023953277600,391902500895,55,bias-calibration,13952,-27200,-113152,,,
191023954275900,391903500853,56,bias-calibration,14368,-27584,-113056,,,
191023955140100,391904500895,57,bias-calibration,14560,-27296,-112960,,,
191023956272800,391905501061,58,bias-calibration,14880,-27424,-112768,,,
191023957272400,391906500936,59,bias-calibration,14496,-28032,-112640,,,
191023958182800,391907500853,60,bias-calibration,14464,-27264,-112704,,,
191023959280100,391908502270,61,bias-calibration,14528,-27136,-113312,,,
191023960280800,391909501020,62,bias-calibration,14976,-27648,-112576,,,
191023961277600,391910501978,63,bias-calibration,14016,-27456,-112640,,,
191023962272200,391911500936,64,bias-calibration,14080,-26944,-113344,,,
191023963269900,391912500853,65,bias-calibration,13056,-26752,-113600,,,
191023964142600,391913500936,66,bias-calibration,13952,-27296,-113824,,,
191023965277600,391914500978,67,bias-calibration,14176,-27264,-113440,,,
191023966277100,391915501978,68,bias-calibration,13600,-27072,-113376,,,
191023967277200,391916502228,69,bias-calibration,13248,-27136,-113504,,,
191023968277100,391917500770,70,bias-calibration,13568,-27232,-113312,,,
191023969277100,391918500895,71,bias-calibration,13632,-27520,-113440,,,
191023970276100,391919501020,72,bias-calibration,13280,-27008,-113824,,,
191023971273000,391920501020,73,bias-calibration,13120,-27360,-113984,,,
191023972272800,391921500978,74,bias-calibration,13088,-27648,-113280,,,
191023973272600,391922500853,75,bias-calibration,12896,-27328,-114240,,,
191023974157500,391923501186,76,bias-calibration,12896,-27008,-114496,,,
191023975158400,391924500978,77,bias-calibration,12672,-27008,-114240,,,
191023976278500,391925501686,78,bias-calibration,12576,-27424,-114336,,,
191023977277400,391926501978,79,bias-calibration,13056,-27584,-113792,,,
191023978277200,391927500520,80,bias-calibration,12544,-27040,-114144,,,
191023979277200,391928501145,81,bias-calibration,12928,-27168,-114304,,,
191023980144700,391929501103,82,bias-calibration,13024,-27648,-114400,,,
191023981276100,391930502353,83,bias-calibration,13408,-27872,-113728,,,
191023982142400,391931500853,84,bias-calibration,12736,-27456,-114784,,,
191023983277400,391932502103,85,bias-calibration,13280,-27520,-113696,,,
191023984277000,391933501103,86,bias-calibration,12896,-27456,-114368,,,
191023985142500,391934500895,87,bias-calibration,13344,-27488,-113984,,,
191023986151400,391935500978,88,bias-calibration,12736,-27616,-115040,,,
191023987147100,391936500811,89,bias-calibration,13376,-27264,-114176,,,
191023988270600,391937502853,90,bias-calibration,13248,-27296,-114496,,,
191023989141300,391938500978,91,bias-calibration,13984,-27584,-114848,,,
191023990286400,391939502270,92,bias-calibration,13600,-27168,-115168,,,
191023991282700,391940500811,93,bias-calibration,13440,-27968,-113984,,,
191023992285200,391941500811,94,bias-calibration,13696,-27328,-115168,,,
191023993275300,391942500770,95,bias-calibration,13216,-27424,-114432,,,
191023994274300,391943501020,96,bias-calibration,13920,-27552,-114976,,,
191023995273800,391944500895,97,bias-calibration,14144,-27008,-114688,,,
191023996273900,391945501436,98,bias-calibration,14496,-27168,-114528,,,
191023997274100,391946500770,99,bias-calibration,13920,-27072,-115488,,,
191023998274100,391947500853,100,bias-calibration,14240,-26848,-115072,,,
191023999143500,391948500978,101,bias-calibration,14176,-26272,-115840,,,
191024000148000,391949500895,102,bias-calibration,14464,-27040,-115616,,,
191024001274200,391950501061,103,bias-calibration,14176,-27296,-115040,,,
191024002274100,391951500770,104,bias-calibration,13984,-26688,-115520,,,
191024003269400,391952500728,105,bias-calibration,13760,-27296,-115424,,,
191024004269900,391953500978,106,bias-calibration,13632,-27392,-115808,,,
191024005138700,391954500895,107,bias-calibration,13472,-27296,-115872,,,
191024006280400,391955500895,108,bias-calibration,13856,-27424,-115392,,,
191024007289000,391956500770,109,bias-calibration,13664,-27296,-115456,,,
191024008285200,391957501020,110,bias-calibration,13408,-27456,-116352,,,
191024009285400,391958500978,111,bias-calibration,13440,-27296,-115872,,,
191024010277000,391959500853,112,bias-calibration,12928,-28032,-116064,,,
191024011274600,391960501103,113,bias-calibration,13824,-27392,-116160,,,
191024012274000,391961500770,114,bias-calibration,13280,-27744,-116448,,,
191024013274100,391962501770,115,bias-calibration,13568,-27648,-116416,,,
191024014273100,391963500978,116,bias-calibration,12896,-27712,-116704,,,
191024015273900,391964501186,117,bias-calibration,12832,-27872,-116320,,,
191024016276100,391965500978,118,bias-calibration,12544,-27584,-117120,,,
191024017141500,391966500853,119,bias-calibration,12640,-27936,-116384,,,
191024018274000,391967501103,120,bias-calibration,13056,-28192,-116416,,,
191024019270000,391968502186,121,bias-calibration,12896,-28256,-116224,,,
191024020270200,391969500853,122,bias-calibration,12800,-28192,-116480,,,
191024021269900,391970500853,123,bias-calibration,12640,-28032,-117344,,,
191024022166000,391971500811,124,bias-calibration,13184,-27840,-117472,,,
191024023282700,391972501853,125,bias-calibration,12800,-28512,-116768,,,
191024024276100,391973501395,126,bias-calibration,13056,-27904,-117856,,,
191024025274100,391974500353,127,bias-calibration,13152,-28224,-117056,,,
191024026275200,391975502436,128,bias-calibration,13472,-28000,-117184,,,
191024027275000,391976500811,129,bias-calibration,13632,-27616,-117536,,,
191024028146100,391977501145,130,bias-calibration,13568,-28096,-117248,,,
191024029148800,391978500895,131,bias-calibration,13760,-27808,-117216,,,
191024030274900,391979501436,132,bias-calibration,14048,-28000,-117216,,,
191024031274700,391980501186,133,bias-calibration,14016,-27392,-118112,,,
191024032141500,391981501395,134,bias-calibration,14624,-27648,-117472,,,
191024033274500,391982501645,135,bias-calibration,13760,-27360,-117632,,,
191024034142300,391983501811,136,bias-calibration,13952,-27456,-118688,,,
191024035143200,391984500895,137,bias-calibration,14144,-27616,-117920,,,
191024036270500,391985500770,138,bias-calibration,14720,-27200,-117600,,,
191024037354800,391986500645,139,bias-calibration,14880,-27520,-118144,,,
191024038275100,391987500936,140,bias-calibration,15328,-27680,-118656,,,
191024039143200,391988500895,141,bias-calibration,15648,-27936,-118304,,,
191024040272000,391989500561,142,bias-calibration,14752,-27200,-118016,,,
191024041277100,391990500978,143,bias-calibration,15264,-27392,-118208,,,
191024042144800,391991500978,144,bias-calibration,14656,-27296,-118752,,,
191024043268600,391992502603,145,bias-calibration,14784,-27456,-118976,,,
191024044272100,391993500895,146,bias-calibration,15008,-27552,-117984,,,
191024045145300,391994500853,147,bias-calibration,15168,-28160,-118752,,,
191024046148200,391995500811,148,bias-calibration,15136,-28352,-118176,,,
191024047159400,391996500770,149,bias-calibration,15072,-27520,-119040,,,
191024048274600,391997502145,150,bias-calibration,14720,-28064,-118560,,,
191024049266900,391998500853,151,bias-calibration,15264,-27904,-119168,,,
191024050280900,391999500853,152,bias-calibration,14976,-28192,-119008,,,
191024051271700,392000500978,153,bias-calibration,14304,-28128,-119360,,,
191024052138200,392001501020,154,bias-calibration,13792,-28000,-119424,,,
191024053273400,392002500895,155,bias-calibration,14112,-27840,-119488,,,
191024054271900,392003500811,156,bias-calibration,14368,-28224,-119424,,,
191024055290700,392004500978,157,bias-calibration,14496,-28352,-119936,,,
191024056315200,392005500728,158,bias-calibration,13312,-27776,-120128,,,
191024057149700,392006500853,159,bias-calibration,13472,-28352,-120320,,,
191024058273300,392007502311,160,bias-calibration,14112,-28608,-120352,,,
191024059148200,392008500853,161,bias-calibration,13472,-28224,-120416,,,
191024060272000,392009501061,162,bias-calibration,13312,-28448,-120576,,,
191024061285400,392010500895,163,bias-calibration,13088,-28352,-120928,,,
191024062335100,392011500978,164,bias-calibration,13152,-28640,-120704,,,
191024063143000,392012501728,165,bias-calibration,13088,-28320,-120832,,,
191024064146300,392013500853,166,bias-calibration,13312,-28448,-121696,,,
191024065162600,392014500853,167,bias-calibration,13024,-28000,-121568,,,
191024066280200,392015500936,168,bias-calibration,13824,-28288,-120800,,,
191024067272700,392016500561,169,bias-calibration,13728,-28192,-121696,,,
191024068272100,392017500895,170,bias-calibration,12960,-27680,-121920,,,
191024069146100,392018500853,171,bias-calibration,13824,-28192,-121536,,,
191024070153000,392019500811,172,bias-calibration,13312,-27456,-121440,,,
191024071154900,392020500853,173,bias-calibration,14016,-27840,-121408,,,
191024072276900,392021502061,174,bias-calibration,13344,-28032,-121888,,,
191024073141900,392022500895,175,bias-calibration,14720,-27712,-121120,,,
191024074275900,392023500895,176,bias-calibration,13952,-27936,-121728,,,
191024075141400,392024500853,177,bias-calibration,13952,-27424,-122304,,,
191024076148000,392025500811,178,bias-calibration,15584,-27936,-121184,,,
191024077273700,392026500520,179,bias-calibration,14592,-27392,-121888,,,
191024078273500,392027502311,180,bias-calibration,15648,-27584,-122368,,,
191024079141500,392028500895,181,bias-calibration,14656,-27552,-122400,,,
191024080273300,392029500811,182,bias-calibration,15232,-27328,-122048,,,
191024081273300,392030501061,183,bias-calibration,14720,-28096,-121792,,,
191024082225600,392031501020,184,bias-calibration,15296,-28320,-121312,,,
191024083273800,392032500936,185,bias-calibration,15552,-27904,-122304,,,
191024084273000,392033500853,186,bias-calibration,15328,-27968,-121824,,,
191024085140700,392034502353,187,bias-calibration,15616,-27904,-122016,,,
191024086154300,392035501853,188,bias-calibration,16128,-28288,-122144,,,
191024087278300,392036501936,189,bias-calibration,16032,-28416,-121568,,,
191024088275700,392037501020,190,bias-calibration,15744,-27936,-122080,,,
191024089142600,392038500770,191,bias-calibration,15776,-27968,-121664,,,
191024090275000,392039500853,192,bias-calibration,15552,-27872,-122560,,,
191024091274800,392040511311,193,bias-calibration,15616,-28032,-122720,,,
191024092141600,392041500978,194,bias-calibration,15776,-28384,-122496,,,
191024093146600,392042501061,195,bias-calibration,15488,-28224,-121824,,,
191024094148800,392043500853,196,bias-calibration,15424,-27776,-122656,,,
191024095146700,392044500811,197,bias-calibration,15616,-28032,-122240,,,
191024096274600,392045502353,198,bias-calibration,15712,-28032,-122528,,,
191024097274600,392046500936,199,bias-calibration,15456,-28384,-122816,,,
191024098142100,392047500811,200,bias-calibration,15168,-27584,-123456,,,
191024099148300,392048500811,201,bias-calibration,15168,-27776,-123840,,,
191024100146400,392049500770,202,bias-calibration,15200,-28256,-122432,,,
191024101283300,392050501103,203,bias-calibration,15232,-28000,-122592,,,
191024102280200,392051500978,204,bias-calibration,15392,-28128,-123232,,,
191024103142800,392052500895,205,bias-calibration,14976,-28160,-123072,,,
191024104275900,392053502145,206,bias-calibration,15616,-28576,-123200,,,
191024105144900,392054501020,207,bias-calibration,15200,-28224,-123104,,,
191024106149200,392055500978,208,bias-calibration,15936,-27904,-123136,,,
191024107275200,392056501103,209,bias-calibration,15232,-27968,-123328,,,
191024108142800,392057500895,210,bias-calibration,15296,-28256,-123456,,,
191024109147200,392058500728,211,bias-calibration,15744,-28160,-123040,,,
191024110275100,392059500770,212,bias-calibration,16448,-28864,-122784,,,
191024111275000,392060500936,213,bias-calibration,15744,-28416,-123424,,,
191024112275000,392061501853,214,bias-calibration,15776,-28128,-123424,,,
191024113274900,392062500811,215,bias-calibration,15936,-28608,-123968,,,
191024114143300,392063500770,216,bias-calibration,15776,-28096,-123328,,,
191024115148700,392064501103,217,bias-calibration,15808,-28064,-123040,,,
191024116149300,392065500853,218,bias-calibration,16128,-28032,-123168,,,
191024117283400,392066500853,219,bias-calibration,16128,-28032,-123168,,,
191024118148100,392067500728,220,bias-calibration,16128,-28352,-123232,,,
191024119270400,392068501020,221,bias-calibration,16064,-28320,-122976,,,
191024120269600,392069502520,222,bias-calibration,16160,-27840,-123584,,,
191024121269400,392070500936,223,bias-calibration,16736,-28000,-123456,,,
191024122143900,392071500811,224,bias-calibration,16512,-27520,-124096,,,
191024123143500,392072500853,225,bias-calibration,16960,-27584,-122848,,,
191024124143800,392073500686,226,bias-calibration,16832,-27680,-123712,,,
191024125269000,392074500978,227,bias-calibration,16512,-27904,-123840,,,
191024126142400,392075500811,228,bias-calibration,17152,-28128,-123616,,,
191024127142700,392076500811,229,bias-calibration,17408,-27776,-123968,,,
191024128141800,392077500728,230,bias-calibration,17536,-27488,-123520,,,
191024129142600,392078500936,231,bias-calibration,17472,-27264,-124352,,,
191024130274400,392079501645,232,bias-calibration,16800,-27776,-123488,,,
191024131279500,392080501811,233,bias-calibration,17312,-27456,-123680,,,
191024132276500,392081502395,234,bias-calibration,17472,-27008,-124256,,,
191024133159300,392082501561,235,bias-calibration,16832,-27360,-123872,,,
191024134264300,392083500853,236,bias-calibration,17792,-27392,-123616,,,
191024135153600,392084500978,237,bias-calibration,17184,-27008,-123488,,,
191024136274000,392085500936,238,bias-calibration,17952,-27584,-124352,,,
191024137274400,392086500936,239,bias-calibration,17408,-28320,-123872,,,
191024138273600,392087500728,240,bias-calibration,16928,-27232,-124288,,,
191024139275500,392088500603,241,bias-calibration,17024,-27584,-124320,,,
191024140149200,392089500978,242,bias-calibration,17184,-27616,-124320,,,
191024141277800,392090500936,243,bias-calibration,16832,-27872,-123552,,,
191024142151600,392091501020,244,bias-calibration,16768,-28192,-123680,,,
191024143277900,392092500895,245,bias-calibration,16640,-28256,-124160,,,
191024144277500,392093500770,246,bias-calibration,16704,-28256,-124640,,,
191024145151000,392094501103,247,bias-calibration,16544,-28448,-124320,,,
191024146277500,392095500853,248,bias-calibration,16576,-28320,-124512,,,
191024147150500,392096500978,249,bias-calibration,16832,-28736,-124608,,,
191024148149700,392097500770,250,bias-calibration,17152,-28736,-123744,,,
191024149275700,392098500978,251,bias-calibration,16480,-28704,-124224,,,
191024150274400,392099501603,252,bias-calibration,16864,-28672,-124256,,,
191024151276000,392100500811,253,bias-calibration,16704,-28480,-124512,,,
191024152277100,392101500895,254,bias-calibration,16032,-28736,-124256,,,
191024153151600,392102500728,255,bias-calibration,16128,-28928,-124704,,,
191024154150000,392103500853,0,bias-calibration,16768,-28928,-123936,,,
191024155151300,392104500895,1,bias-calibration,16992,-28672,-124416,,,
191024156151900,392105500853,2,bias-calibration,17056,-28160,-124800,,,
191024157152000,392106500936,3,bias-calibration,16768,-28704,-125440,,,
191024158151700,392107500811,4,bias-calibration,16704,-28672,-124608,,,
191024159149200,392108500936,5,bias-calibration,17696,-28128,-125216,,,
191024160277500,392109500978,6,bias-calibration,17312,-28768,-124512,,,
191024161277800,392110500895,7,bias-calibration,17856,-28512,-124704,,,
191024162151000,392111500853,8,bias-calibration,17632,-28064,-124992,,,
191024163255800,392112500728,9,bias-calibration,17440,-28512,-124640,,,
191024164148900,392113501020,10,bias-calibration,17824,-27968,-125504,,,
191024165286500,392114500895,11,bias-calibration,17664,-27648,-125728,,,
191024166280400,392115500645,12,bias-calibration,18016,-27616,-124800,,,
191024167279500,392116502561,13,bias-calibration,17824,-28160,-125472,,,
191024168278200,392117500811,14,bias-calibration,17696,-27904,-124896,,,
191024169143700,392118501020,15,bias-calibration,18016,-27840,-125408,,,
191024170149000,392119500978,16,bias-calibration,18272,-27936,-125408,,,
191024171150900,392120500478,17,bias-calibration,17792,-27936,-125248,,,
191024172277700,392121501020,18,bias-calibration,17792,-28096,-125408,,,
191024173143500,392122500770,19,bias-calibration,18272,-28576,-125088,,,
191024174277100,392123501811,20,bias-calibration,17856,-27968,-125376,,,
191024175142100,392124500978,21,bias-calibration,17792,-28608,-125344,,,
191024176151100,392125500811,22,bias-calibration,17248,-28384,-124992,,,
191024177150900,392126500811,23,bias-calibration,18176,-28864,-125248,,,
191024178273300,392127501228,24,bias-calibration,16576,-28384,-125440,,,
191024179272900,392128500978,25,bias-calibration,17024,-28928,-125536,,,
191024180137300,392129500936,26,bias-calibration,16640,-29088,-125888,,,
191024181340200,392130500853,27,bias-calibration,17312,-29056,-125472,,,
191024182138400,392131500853,28,bias-calibration,16480,-28896,-125856,,,
191024183144100,392132501020,29,bias-calibration,17120,-29632,-125472,,,
191024184272600,392133501686,30,bias-calibration,16672,-29120,-125920,,,
191024185140000,392134500895,31,bias-calibration,16832,-29568,-125952,,,
191024186453500,392135502936,32,bias-calibration,16704,-29952,-125280,,,
191024187137600,392136500853,33,bias-calibration,16832,-29792,-125408,,,
191024188137000,392137501020,34,bias-calibration,16704,-29440,-126656,,,
191024189267600,392138501020,35,bias-calibration,16224,-29504,-126080,,,
191024190268300,392139502853,36,bias-calibration,16928,-29920,-126528,,,
191024191268400,392140501436,37,bias-calibration,16576,-29888,-126400,,,
191024192143800,392141500853,38,bias-calibration,16576,-29888,-126656,,,
191024193142200,392142500936,39,bias-calibration,16352,-29472,-126656,,,
191024194144900,392143500853,40,bias-calibration,16192,-29536,-126720,,,
191024195140100,392144500853,41,bias-calibration,16736,-29888,-127200,,,
191024196414500,392145500895,42,bias-calibration,16640,-29344,-127136,,,
191024197139200,392146500728,43,bias-calibration,16928,-29440,-126368,,,
191024198275700,392147500895,44,bias-calibration,17056,-29344,-127104,,,
191024199161900,392148501103,45,bias-calibration,16736,-29408,-127040,,,
191024200291700,392149500728,46,bias-calibration,17152,-29632,-126496,,,
191024201276700,392150502353,47,bias-calibration,16448,-29280,-127904,,,
191024202280200,392151500853,48,bias-calibration,17056,-29152,-127200,,,
191024203150500,392152500728,49,bias-calibration,17856,-29568,-127040,,,
191024204279400,392153500936,50,bias-calibration,17280,-29472,-127648,,,
191024205147100,392154500811,51,bias-calibration,16736,-28992,-127264,,,
191024206164400,392155500770,52,bias-calibration,16832,-29152,-127712,,,
191024207166500,392156500728,53,bias-calibration,17344,-29344,-127552,,,
191024208183300,392157501520,54,bias-calibration,16992,-29376,-127264,,,
191024209271900,392158500895,55,bias-calibration,16608,-29408,-127584,,,
191024210141700,392159500770,56,bias-calibration,16800,-29376,-128032,,,
191024211145100,392160500811,57,bias-calibration,16608,-29664,-127008,,,
191024212145400,392161500811,58,bias-calibration,17056,-29536,-127840,,,
191024213271700,392162502061,59,bias-calibration,17024,-29888,-128352,,,
191024214272200,392163502395,60,bias-calibration,16832,-29984,-127936,,,
191024215145000,392164500853,61,bias-calibration,16864,-30208,-128320,,,
191024216311300,392165500770,62,bias-calibration,16480,-30016,-128416,,,
191024217159300,392166501145,63,bias-calibration,16480,-30176,-127904,,,
191024218279200,392167501020,64,bias-calibration,16096,-30240,-128928,,,
191024219457200,392168501395,65,bias-calibration,16544,-30208,-127968,,,
191024220151400,392169500770,66,bias-calibration,16416,-30336,-128608,,,
191024221171200,392170500811,67,bias-calibration,16800,-30592,-128768,,,
191024222160700,392171500936,68,bias-calibration,15840,-30912,-128576,,,
191024223162800,392172501186,69,bias-calibration,16448,-30848,-128960,,,
191024224154100,392173500853,70,bias-calibration,16224,-30656,-129312,,,
191024225279700,392174501520,71,bias-calibration,16224,-30816,-129248,,,
191024226153400,392175502270,72,bias-calibration,16096,-30880,-129152,,,
191024227164700,392176500978,73,bias-calibration,15200,-30752,-129408,,,
191024228152600,392177500853,74,bias-calibration,15296,-31008,-129760,,,
191024229295900,392178500895,75,bias-calibration,15488,-30848,-130016,,,
191024230170600,392179500686,76,bias-calibration,15392,-30784,-129408,,,
191024231282200,392180500770,77,bias-calibration,15488,-30848,-130080,,,
191024232293200,392181500895,78,bias-calibration,15008,-30656,-129728,,,
191024233294600,392182501770,79,bias-calibration,15264,-30880,-130432,,,
191024234165000,392183500978,80,bias-calibration,15104,-30656,-129664,,,
191024235167300,392184500770,81,bias-calibration,14656,-30752,-130176,,,
191024236268800,392185500686,82,bias-calibration,15520,-30560,-130912,,,
191024237281100,392186500978,83,bias-calibration,14816,-30560,-129888,,,
191024238284000,392187502311,84,bias-calibration,14848,-30624,-129888,,,
191024239162700,392188500936,85,bias-calibration,14656,-30176,-130720,,,
191024240148500,392189500686,86,bias-calibration,14720,-30144,-130400,,,
191024241147600,392190500811,87,bias-calibration,15200,-30912,-129952,,,
191024242152200,392191500936,88,bias-calibration,14368,-30784,-129472,,,
191024243281100,392192501436,89,bias-calibration,15136,-30528,-130592,,,
191024244275900,392193500770,90,bias-calibration,14432,-30272,-130464,,,
191024245277100,392194501103,91,bias-calibration,14784,-30336,-129984,,,
191024246154500,392195500728,92,bias-calibration,14880,-30656,-130464,,,
191024247152200,392196500853,93,bias-calibration,14912,-30528,-130784,,,
191024248371800,392197500895,94,bias-calibration,14816,-30304,-131232,,,
191024249380000,392198500895,95,bias-calibration,14944,-31104,-130304,,,
191024250355200,392199501895,96,bias-calibration,15040,-31072,-130784,,,
191024251230000,392200501061,97,bias-calibration,15776,-31584,-130368,,,
191024252228200,392201500936,98,bias-calibration,15360,-31136,-130304,,,
191024253156000,392202502520,99,bias-calibration,15808,-31040,-130240,,,
191024254246800,392203500770,100,bias-calibration,15520,-31328,-130496,,,
191024255350500,392204500811,101,bias-calibration,15968,-31584,-129952,,,
191024256164100,392205501020,102,bias-calibration,15776,-31232,-130368,,,
191024257235700,392206500853,103,bias-calibration,16096,-31808,-129536,,,
191024258279500,392207500811,104,bias-calibration,15520,-31744,-130176,,,
191024259150800,392208500728,105,bias-calibration,16320,-31424,-130336,,,
191024260151900,392209500353,106,bias-calibration,16384,-32000,-130208,,,
191024261283400,392210501103,107,bias-calibration,16384,-31232,-130208,,,
191024262289800,392211501811,108,bias-calibration,16288,-31456,-130208,,,
191024263280700,392212500978,109,bias-calibration,16960,-32128,-130144,,,
191024264291200,392213500770,110,bias-calibration,16416,-31328,-129760,,,
191024265154800,392214500770,111,bias-calibration,15872,-31296,-130624,,,
191024266159200,392215501103,112,bias-calibration,15840,-31520,-130656,,,
191024267150000,392216500936,113,bias-calibration,16512,-31648,-130368,,,
191024268144700,392217502353,114,bias-calibration,16256,-31648,-130336,,,
191024269152200,392218500770,115,bias-calibration,16480,-31520,-129824,,,
191024270148600,392219502520,116,bias-calibration,16544,-31296,-131424,,,
191024271140800,392220501103,117,bias-calibration,16384,-31040,-130144,,,
191024272282400,392221501020,118,bias-calibration,16448,-31584,-130720,,,
191024273145600,392222500936,119,bias-calibration,15840,-31232,-130528,,,
191024274151300,392223500770,120,bias-calibration,15904,-31360,-130912,,,
191024275143000,392224500436,121,bias-calibration,16128,-31360,-130720,,,
191024276223900,392225501020,122,bias-calibration,16096,-31232,-130400,,,
191024277223200,392226500853,123,bias-calibration,16000,-31168,-131200,,,
191024278221100,392227500936,124,bias-calibration,16064,-31744,-130720,,,
191024279244000,392228502228,125,bias-calibration,15648,-31552,-130752,,,
191024280351000,392229500728,126,bias-calibration,15136,-31552,-131552,,,
191024281152900,392230500978,127,bias-calibration,15648,-31296,-130976,,,
191024282212400,392231501853,128,bias-calibration,15168,-30784,-131296,,,
191024283154800,392232500895,129,bias-calibration,15456,-31776,-130496,,,
191024284154100,392233500811,130,bias-calibration,15872,-30624,-131232,,,
191024285280300,392234501520,131,bias-calibration,15904,-31936,-130560,,,
191024286181000,392235500936,132,bias-calibration,15968,-31008,-131072,,,
191024287154400,392236500811,133,bias-calibration,16064,-31840,-130432,,,
191024288152400,392237500895,134,bias-calibration,15232,-31072,-131680,,,
191024289225500,392238500686,135,bias-calibration,16032,-31200,-130944,,,
191024290368900,392239501020,136,bias-calibration,15584,-31680,-131200,,,
191024291283800,392240501478,137,bias-calibration,15872,-31328,-130720,,,
191024292289000,392241500770,138,bias-calibration,16256,-31808,-131264,,,
191024293152900,392242500853,139,bias-calibration,16288,-31904,-131072,,,
191024294195700,392243500728,140,bias-calibration,16032,-32288,-130848,,,
191024295252800,392244501061,141,bias-calibration,16640,-31712,-130592,,,
191024296356700,392245500895,142,bias-calibration,16448,-31392,-131104,,,
191024297212900,392246500645,143,bias-calibration,17152,-31392,-130784,,,
191024298233200,392247500770,144,bias-calibration,17056,-31936,-130400,,,
191024299248300,392248500811,145,bias-calibration,17184,-31456,-130240,,,
191024300164000,392249500936,146,bias-calibration,16480,-31936,-131104,,,
191024301289100,392250500853,147,bias-calibration,16768,-31840,-130560,,,
191024302273800,392251501228,148,bias-calibration,16576,-31488,-131584,,,
191024303278400,392252502436,149,bias-calibration,17408,-31904,-130528,,,
191024304235800,392253500603,150,bias-calibration,17760,-31840,-130688,,,
191024305223200,392254500936,151,bias-calibration,17536,-31968,-130464,,,
191024306225700,392255500895,152,bias-calibration,17792,-31744,-130656,,,
191024307156100,392256500395,153,bias-calibration,17568,-31680,-131136,,,
191024308285600,392257500853,154,bias-calibration,18016,-31776,-130464,,,
191024309150500,392258500770,155,bias-calibration,18080,-31616,-131104,,,
191024310152200,392259501020,156,bias-calibration,17280,-31424,-131744,,,
191024311279600,392260510520,157,bias-calibration,18016,-31584,-130912,,,
191024312142800,392261500728,158,bias-calibration,17504,-31328,-131040,,,
191024313145000,392262501020,159,bias-calibration,17920,-31168,-131456,,,
191024314282300,392263501811,160,bias-calibration,18336,-31456,-131040,,,
191024315158600,392264500978,161,bias-calibration,17568,-31136,-131360,,,
191024316261600,392265500936,162,bias-calibration,17760,-31424,-131136,,,
191024317163600,392266501770,163,bias-calibration,17216,-31168,-132032,,,
191024318243300,392267500853,164,bias-calibration,17952,-31744,-131168,,,
191024319237300,392268500978,165,bias-calibration,17216,-31680,-131584,,,
191024320170200,392269502311,166,bias-calibration,17728,-31520,-131424,,,
191024321179200,392270500895,167,bias-calibration,17536,-31648,-131040,,,
191024322165000,392271500478,168,bias-calibration,17408,-31648,-132288,,,
191024323150700,392272500895,169,bias-calibration,17632,-31904,-131392,,,
191024324176600,392273500978,170,bias-calibration,17536,-31648,-132320,,,
191024325280100,392274500978,171,bias-calibration,16800,-31424,-131808,,,
191024326147000,392275501186,172,bias-calibration,17600,-32160,-131968,,,
191024327159300,392276500478,173,bias-calibration,17120,-32160,-131680,,,
191024328277500,392277501645,174,bias-calibration,17280,-32032,-131072,,,
191024329180200,392278500895,175,bias-calibration,17408,-32320,-131264,,,
191024330147600,392279500853,176,bias-calibration,17376,-32032,-131200,,,
191024331269100,392280500895,177,bias-calibration,17504,-32096,-130976,,,
191024332142600,392281502061,178,bias-calibration,16544,-32320,-131808,,,
191024333166500,392282500686,179,bias-calibration,17568,-32416,-131840,,,
191024334165300,392283500853,180,bias-calibration,17056,-32288,-131520,,,
191024335151100,392284500853,181,bias-calibration,17408,-32448,-131136,,,
191024336148600,392285500728,182,bias-calibration,17760,-32192,-131776,,,
191024337269700,392286501645,183,bias-calibration,17312,-32384,-131808,,,
191024338150300,392287500853,184,bias-calibration,17792,-32480,-131232,,,
191024339165000,392288500895,185,bias-calibration,17024,-32416,-131328,,,
191024340169200,392289500853,186,bias-calibration,17728,-31936,-132192,,,
191024341150300,392290500811,187,bias-calibration,18048,-31968,-131840,,,
191024342153300,392291500770,188,bias-calibration,18336,-32192,-131264,,,
191024343274800,392292500853,189,bias-calibration,17696,-32128,-132224,,,
191024344283700,392293500770,190,bias-calibration,18592,-32128,-131424,,,
191024345148000,392294500936,191,bias-calibration,19008,-31648,-131968,,,
191024346282900,392295500811,192,bias-calibration,18048,-31232,-132032,,,
191024347151300,392296500811,193,bias-calibration,19008,-31520,-131616,,,
191024348164900,392297500603,194,bias-calibration,19296,-31648,-131552,,,
191024349154500,392298500811,195,bias-calibration,19616,-30976,-132192,,,
191024350157000,392299500811,196,bias-calibration,19616,-31264,-131424,,,
191024351151300,392300500686,197,bias-calibration,19296,-30944,-132032,,,
191024352142900,392301501895,198,bias-calibration,19648,-31168,-131776,,,
191024353147000,392302500603,199,bias-calibration,19520,-31072,-131360,,,
191024354276700,392303500978,200,bias-calibration,20512,-30944,-131936,,,
191024355283100,392304501061,201,bias-calibration,20416,-30976,-131744,,,
191024356145000,392305502228,202,bias-calibration,19936,-30848,-132256,,,
191024357145700,392306501728,203,bias-calibration,19648,-31040,-132256,,,
191024358140000,392307500936,204,bias-calibration,20000,-30560,-132064,,,
191024359145000,392308501478,205,bias-calibration,19872,-30848,-131776,,,
191024360271500,392309500936,206,bias-calibration,19872,-30624,-131616,,,
191024361154300,392310500811,207,bias-calibration,19456,-31040,-131424,,,
191024362142600,392311502270,208,bias-calibration,18688,-31488,-132256,,,
191024363145100,392312500853,209,bias-calibration,19168,-31616,-131776,,,
191024364143700,392313503228,210,bias-calibration,19456,-31808,-132288,,,
191024365143500,392314500895,211,bias-calibration,18784,-32128,-132160,,,
191024366141200,392315500686,212,bias-calibration,18912,-31936,-132128,,,
191024367289100,392316501020,213,bias-calibration,18464,-32000,-132480,,,
191024368163900,392317500936,214,bias-calibration,18240,-31744,-132864,,,
191024369148800,392318500478,215,bias-calibration,18304,-32064,-132384,,,
191024370148800,392319500978,216,bias-calibration,18688,-32320,-132800,,,
191024371165000,392320500770,217,bias-calibration,18784,-32352,-132128,,,
191024372156900,392321500645,218,bias-calibration,18528,-32704,-131776,,,
191024373272400,392322501145,219,bias-calibration,18144,-32608,-132000,,,
191024374149500,392323501478,220,bias-calibration,18432,-32448,-132384,,,
191024375159100,392324500936,221,bias-calibration,17920,-32320,-132896,,,
191024376275000,392325500686,222,bias-calibration,18624,-32704,-132032,,,
191024377161600,392326500770,223,bias-calibration,17760,-32768,-132000,,,
191024378281900,392327500895,224,bias-calibration,18240,-32288,-133056,,,
191024379169500,392328500853,225,bias-calibration,18880,-32544,-131776,,,
191024380274700,392329500853,226,bias-calibration,18656,-31744,-132832,,,
191024381160300,392330500811,227,bias-calibration,18752,-31968,-132800,,,
191024382147400,392331500811,228,bias-calibration,18400,-31808,-133440,,,
191024383163700,392332501728,229,bias-calibration,18784,-31744,-132224,,,
191024384160800,392333500895,230,bias-calibration,18528,-30976,-132992,,,
191024385155200,392334501311,231,bias-calibration,18816,-31744,-133184,,,
191024386146500,392335500686,232,bias-calibration,18624,-31360,-132576,,,
191024387164700,392336500686,233,bias-calibration,19328,-31520,-133312,,,
191024388161900,392337500895,234,bias-calibration,19008,-30976,-132544,,,
191024389157800,392338500811,235,bias-calibration,19712,-31008,-133440,,,
191024390153600,392339500728,236,bias-calibration,19616,-31072,-133600,,,
191024391152300,392340500603,237,bias-calibration,19520,-31264,-133408,,,
191024392278700,392341501728,238,bias-calibration,19552,-31424,-133312,,,
191024393142900,392342500853,239,bias-calibration,19904,-31296,-133248,,,
191024394152800,392343500811,240,bias-calibration,19360,-31360,-132992,,,
191024395150600,392344500770,241,bias-calibration,19808,-31456,-133216,,,
191024396278800,392345500311,242,bias-calibration,19424,-31264,-133504,,,
191024397144200,392346501020,243,bias-calibration,19872,-30816,-133408,,,
191024398152700,392347500853,244,bias-calibration,20416,-31616,-133440,,,
191024399150600,392348500895,245,bias-calibration,19616,-31808,-133280,,,
191024400152700,392349501520,246,bias-calibration,18944,-31136,-133504,,,
191024401152800,392350500811,247,bias-calibration,19072,-31936,-133984,,,
191024402236800,392351502436,248,bias-calibration,19520,-31712,-133280,,,
191024403146200,392352500853,249,bias-calibration,19392,-31808,-133664,,,
191024404156700,392353500811,250,bias-calibration,18880,-32320,-133056,,,
191024405148600,392354500770,251,bias-calibration,19168,-32672,-133632,,,
191024406270700,392355500728,252,bias-calibration,18688,-32640,-133376,,,
191024407145000,392356501145,253,bias-calibration,18592,-32704,-133248,,,
191024408278900,392357500811,254,bias-calibration,18592,-32416,-134240,,,
191024409144100,392358500853,255,bias-calibration,18304,-32704,-133280,,,
191024410152500,392359500728,0,bias-calibration,18144,-32416,-133120,,,
191024411278500,392360501603,1,bias-calibration,18176,-32512,-133312,,,
191024412144400,392361500895,2,bias-calibration,17408,-32448,-134304,,,
191024413151300,392362500811,3,bias-calibration,18336,-32576,-133568,,,
191024414150500,392363500895,4,bias-calibration,17792,-32192,-134496,,,
191024415278600,392364502270,5,bias-calibration,17344,-32256,-134560,,,
191024416144100,392365500686,6,bias-calibration,17472,-32352,-133376,,,
191024417152200,392366501561,7,bias-calibration,17888,-32448,-134432,,,
191024418145700,392367500728,8,bias-calibration,18272,-32320,-134272,,,
191024419150500,392368502561,9,bias-calibration,17024,-31968,-134144,,,
191024420155000,392369500728,10,bias-calibration,17632,-32704,-134368,,,
191024421151000,392370500978,11,bias-calibration,16672,-31680,-134080,,,
191024422152800,392371500853,12,bias-calibration,17568,-31904,-134656,,,
191024423152500,392372500895,13,bias-calibration,17472,-31936,-133952,,,
191024424277400,392373500853,14,bias-calibration,17440,-32000,-134624,,,
191024425278500,392374500645,15,bias-calibration,17280,-32032,-134464,,,
191024426278500,392375500978,16,bias-calibration,17344,-32256,-134848,,,
191024427142800,392376500811,17,bias-calibration,18016,-31872,-134624,,,
191024428278500,392377500895,18,bias-calibration,17632,-31968,-134080,,,
191024429140900,392378500853,19,bias-calibration,17536,-32192,-134656,,,
191024430150700,392379500645,20,bias-calibration,17696,-32256,-134464,,,
191024431278700,392380500978,21,bias-calibration,18496,-32256,-134176,,,
191024432140500,392381502353,22,bias-calibration,18272,-32128,-133408,,,
191024433152500,392382500936,23,bias-calibration,18240,-31648,-135072,,,
191024434160500,392383500895,24,bias-calibration,18592,-32352,-133984,,,
191024435156300,392384500728,25,bias-calibration,18496,-32160,-133632,,,
191024436285300,392385500936,26,bias-calibration,18464,-32192,-134016,,,
191024437276300,392386500853,27,bias-calibration,18560,-32224,-133536,,,
191024438240000,392387500770,28,bias-calibration,18688,-32448,-133344,,,
191024439268900,392388500686,29,bias-calibration,19040,-32288,-134144,,,
191024440438300,392389500686,30,bias-calibration,18048,-32224,-133760,,,
191024441358800,392390502270,31,bias-calibration,18976,-32192,-133824,,,
191024442246300,392391500895,32,bias-calibration,18912,-32448,-134400,,,
191024443290100,392392500811,33,bias-calibration,18528,-32480,-133664,,,
191024444247000,392393500895,34,bias-calibration,18080,-32352,-134272,,,
191024445250500,392394500603,35,bias-calibration,17952,-32256,-134400,,,
191024446241000,392395501895,36,bias-calibration,18240,-32000,-133824,,,
191024447258200,392396500853,37,bias-calibration,18208,-32096,-134016,,,
191024448252200,392397500395,38,bias-calibration,18784,-32128,-134560,,,
191024449253400,392398500853,39,bias-calibration,17952,-32000,-134176,,,
191024450156400,392399500645,40,bias-calibration,18240,-31936,-134496,,,
191024451240100,392400500978,41,bias-calibration,17600,-32160,-134656,,,
191024452255700,392401500895,42,bias-calibration,17344,-31808,-134272,,,
191024453246300,392402501436,43,bias-calibration,17312,-31872,-134240,,,
191024454289200,392403500811,44,bias-calibration,17376,-32256,-134400,,,
191024455229500,392404500936,45,bias-calibration,17568,-32000,-133952,,,
191024456376500,392405500978,46,bias-calibration,17600,-32224,-133952,,,
191024457232800,392406500895,47,bias-calibration,17920,-32032,-134208,,,
191024458248800,392407503103,48,bias-calibration,17312,-32224,-133920,,,
191024459260200,392408500770,49,bias-calibration,17728,-32160,-133984,,,
191024460146300,392409501645,50,bias-calibration,17088,-32192,-133792,,,
191024461152400,392410501062,51,bias-calibration,17376,-32224,-133824,,,
191024462152300,392411500812,52,bias-calibration,16736,-31808,-134016,,,
191024463263200,392412500937,53,bias-calibration,17472,-31968,-133984,,,
191024464142000,392413500728,54,bias-calibration,16864,-32160,-133664,,,
191024465140500,392414500937,55,bias-calibration,17088,-32352,-133344,,,
191024466156400,392415500937,56,bias-calibration,17376,-32096,-133728,,,
191024467167000,392416502187,57,bias-calibration,17184,-32480,-134272,,,
191024468169100,392417501270,58,bias-calibration,17792,-32032,-133440,,,
191024469170400,392418500812,59,bias-calibration,17920,-32384,-133216,,,
191024470148500,392419500978,60,bias-calibration,17952,-32352,-134048,,,
191024471158600,392420500978,61,bias-calibration,18080,-32448,-133472,,,
191024472287000,392421500770,62,bias-calibration,17824,-32640,-133696,,,
191024473145100,392422501270,63,bias-calibration,18144,-32128,-133248,,,
191024474152000,392423502145,64,bias-calibration,18176,-32128,-133376,,,
191024475151700,392424500895,65,bias-calibration,17568,-32320,-133184,,,
191024476151400,392425500937,66,bias-calibration,18688,-32704,-132704,,,
191024477149300,392426500812,67,bias-calibration,18400,-32640,-133184,,,
191024478151800,392427500812,68,bias-calibration,17760,-32576,-132640,,,
191024479277200,392428500728,69,bias-calibration,18208,-32768,-132832,,,
191024480141000,392429501020,70,bias-calibration,18976,-32576,-132928,,,
191024481273000,392430507937,71,bias-calibration,18880,-32256,-133056,,,
191024482145900,392431500812,72,bias-calibration,18016,-32480,-132384,,,
191024483157100,392432500770,73,bias-calibration,19456,-32384,-132448,,,
191024484155200,392433500728,74,bias-calibration,19136,-32224,-133056,,,
191024485152000,392434501103,75,bias-calibration,18464,-32256,-132896,,,
191024486277100,392435502353,76,bias-calibration,18336,-32096,-133248,,,
191024487143700,392436500812,77,bias-calibration,18880,-32448,-132640,,,
191024488277300,392437500770,78,bias-calibration,18528,-31872,-132672,,,
191024489143200,392438500978,79,bias-calibration,18304,-31904,-132512,,,
191024490149800,392439501020,80,bias-calibration,18432,-31904,-132544,,,
191024491146800,392440501562,81,bias-calibration,18272,-31840,-132960,,,
191024492151100,392441500728,82,bias-calibration,17568,-32192,-132640,,,
191024493150800,392442500603,83,bias-calibration,17952,-32064,-132512,,,
191024494148500,392443500812,84,bias-calibration,17984,-31840,-132960,,,
191024495150100,392444500770,85,bias-calibration,17408,-32096,-133536,,,
191024496146200,392445500728,86,bias-calibration,17536,-32032,-132480,,,
191024497272300,392446502187,87,bias-calibration,16512,-31584,-132832,,,
191024498221600,392447500728,88,bias-calibration,17792,-31936,-133056,,,
191024499158200,392448500937,89,bias-calibration,17344,-31872,-132576,,,
191024500281700,392449500520,90,bias-calibration,17312,-31840,-133184,,,
191024501144100,392450500978,91,bias-calibration,17248,-32064,-132448,,,
191024502149200,392451500728,92,bias-calibration,16768,-32256,-132352,,,
191024503150900,392452502228,93,bias-calibration,17152,-32480,-132384,,,
191024504276900,392453500937,94,bias-calibration,16864,-32800,-132416,,,
191024505143700,392454500478,95,bias-calibration,16704,-32512,-132960,,,
191024506148900,392455501020,96,bias-calibration,16800,-32256,-132096,,,
191024507148800,392456500770,97,bias-calibration,16672,-32576,-133056,,,
191024508276900,392457500770,98,bias-calibration,16768,-32352,-131744,,,
191024509143400,392458501645,99,bias-calibration,17280,-32576,-132448,,,
191024510150700,392459500895,100,bias-calibration,16416,-32064,-132480,,,
191024511276800,392460509812,101,bias-calibration,16768,-32896,-132096,,,
191024512140400,392461500770,102,bias-calibration,16384,-32064,-132832,,,
191024513145400,392462500770,103,bias-calibration,17472,-32352,-132352,,,
191024514146300,392463502312,104,bias-calibration,17376,-32416,-131712,,,
191024515286600,392464500770,105,bias-calibration,16960,-32416,-132160,,,
191024516155400,392465501562,106,bias-calibration,16992,-32384,-132640,,,
191024517164900,392466501770,107,bias-calibration,17600,-32256,-132160,,,
191024518296000,392467500687,108,bias-calibration,17408,-32288,-132832,,,
191024519165300,392468500937,109,bias-calibration,17408,-32096,-131744,,,
191024520297000,392469502187,110,bias-calibration,18336,-31968,-131968,,,
191024521157200,392470501937,111,bias-calibration,17664,-31936,-131872,,,
191024522151800,392471500645,112,bias-calibration,17632,-32032,-131808,,,
191024523140600,392472501020,113,bias-calibration,17248,-31488,-132288,,,
191024524152300,392473500895,114,bias-calibration,17376,-31616,-132096,,,
191024525165000,392474500978,115,bias-calibration,18080,-31872,-131168,,,
191024526150100,392475500895,116,bias-calibration,18016,-31712,-131840,,,
191024527291200,392476500770,117,bias-calibration,17568,-31904,-132416,,,
191024528161500,392477500895,118,bias-calibration,17632,-32256,-131456,,,
191024529159700,392478500853,119,bias-calibration,18400,-32416,-131264,,,
191024530210500,392479501812,120,bias-calibration,17344,-31840,-131968,,,
191024531147200,392480500812,121,bias-calibration,16832,-31744,-132128,,,
191024532160000,392481500312,122,bias-calibration,17600,-31744,-131680,,,
191024533168600,392482500937,123,bias-calibration,17312,-32448,-132000,,,
191024534171900,392483500770,124,bias-calibration,17440,-32224,-131360,,,
191024535146100,392484500853,125,bias-calibration,17920,-32032,-131584,,,
191024536293700,392485500687,126,bias-calibration,17728,-32096,-131680,,,
191024537145000,392486500728,127,bias-calibration,17376,-31904,-131936,,,
191024538277500,392487501728,128,bias-calibration,17632,-31904,-132192,,,
191024539142800,392488500645,129,bias-calibration,17056,-31872,-131584,,,
191024540150000,392489500812,130,bias-calibration,18048,-31904,-131680,,,
191024541149900,392490500812,131,bias-calibration,17792,-32288,-132128,,,
191024542149700,392491500728,132,bias-calibration,17824,-31936,-132160,,,
191024543275900,392492500937,133,bias-calibration,17184,-32256,-131712,,,
191024544139200,392493500937,134,bias-calibration,17440,-32160,-132128,,,
191024545145600,392494500895,135,bias-calibration,16992,-32160,-131584,,,
191024546158900,392495500687,136,bias-calibration,17760,-32544,-131872,,,
191024547158900,392496500770,137,bias-calibration,17824,-32256,-131744,,,
191024548152700,392497500812,138,bias-calibration,17568,-32512,-132032,,,
191024549151500,392498500853,139,bias-calibration,17312,-32448,-131840,,,
191024550151100,392499500770,140,bias-calibration,17504,-32544,-131680,,,
191024551151200,392500500770,141,bias-calibration,17568,-32352,-131296,,,
191024552277300,392501500895,142,bias-calibration,16928,-32608,-131680,,,
191024553142000,392502500812,143,bias-calibration,17472,-32160,-131744,,,
191024554150700,392503500812,144,bias-calibration,17248,-32352,-131552,,,
191024555150700,392504500895,145,bias-calibration,16864,-31968,-131584,,,
191024556148900,392505500645,146,bias-calibration,17120,-31968,-131808,,,
191024557149800,392506500937,147,bias-calibration,17088,-31808,-131840,,,
191024558148400,392507500853,148,bias-calibration,16160,-32000,-132544,,,
191024559150600,392508500812,149,bias-calibration,16896,-32352,-132256,,,
191024560146400,392509500645,150,bias-calibration,16768,-32000,-132320,,,
191024561146700,392510501978,151,bias-calibration,17120,-32224,-131936,,,
191024562163500,392511500978,152,bias-calibration,17472,-32032,-131968,,,
191024563177300,392512500853,153,bias-calibration,17248,-32704,-131968,,,
191024564700600,392513500937,154,bias-calibration,16352,-31680,-132480,,,
191024565146900,392514500812,155,bias-calibration,16768,-31968,-131840,,,
191024566148600,392515500687,156,bias-calibration,17376,-32512,-131872,,,
191024567281100,392516500937,157,bias-calibration,16768,-32224,-131808,,,
191024568278700,392517500853,158,bias-calibration,16480,-31840,-131904,,,
191024569143400,392518500895,159,bias-calibration,16640,-32256,-131968,,,
191024570150800,392519500728,160,bias-calibration,16992,-31936,-131488,,,
191024571150800,392520506062,161,bias-calibration,17216,-32224,-131424,,,
191024572150900,392521501020,162,bias-calibration,16832,-32544,-132096,,,
191024573150700,392522500895,163,bias-calibration,17440,-32000,-132064,,,
191024574151100,392523500812,164,bias-calibration,17472,-32544,-131776,,,
191024575149000,392524500812,165,bias-calibration,17856,-32320,-132128,,,
191024576146600,392525501978,166,bias-calibration,17024,-32320,-131968,,,
191024577146300,392526500937,167,bias-calibration,17216,-32192,-131520,,,
191024578153900,392527500812,168,bias-calibration,17760,-32032,-131616,,,
191024579151100,392528502312,169,bias-calibration,17536,-32256,-131680,,,
191024580153500,392529500728,170,bias-calibration,17440,-32288,-131680,,,
191024581151600,392530500728,171,bias-calibration,17728,-32288,-131360,,,
191024582151300,392531501020,172,bias-calibration,17248,-31808,-131840,,,
191024583149500,392532500770,173,bias-calibration,18912,-32896,-131840,,,
191024584151200,392533500812,174,bias-calibration,17504,-31936,-131712,,,
191024585151000,392534500687,175,bias-calibration,17728,-31712,-131232,,,
191024586151100,392535503687,176,bias-calibration,17920,-31840,-132416,,,
191024587151000,392536500937,177,bias-calibration,17824,-31648,-131872,,,
191024588149000,392537500895,178,bias-calibration,17856,-32064,-131552,,,
191024589150800,392538500853,179,bias-calibration,18240,-32160,-131264,,,
191024590150700,392539500728,180,bias-calibration,17888,-32032,-131936,,,
191024591277000,392540501437,181,bias-calibration,17760,-31904,-131840,,,
191024592138300,392541501937,182,bias-calibration,18144,-32128,-131232,,,
191024593146700,392542500812,183,bias-calibration,18208,-32224,-132000,,,
191024594141400,392543500812,184,bias-calibration,17952,-32096,-131264,,,
191024595152500,392544500728,185,bias-calibration,18176,-31968,-131680,,,
191024596154700,392545500478,186,bias-calibration,17568,-31872,-131456,,,
191024597149100,392546500853,187,bias-calibration,17568,-32352,-131488,,,
191024598152900,392547500687,188,bias-calibration,17504,-32128,-132384,,,
191024599150900,392548500853,189,bias-calibration,17472,-32384,-131424,,,
191024600150900,392549500645,190,bias-calibration,18208,-32160,-131776,,,
191024601151100,392550500937,191,bias-calibration,17536,-32064,-132000,,,
191024602150900,392551500937,192,bias-calibration,17344,-32096,-131552,,,
191024603148700,392552500770,193,bias-calibration,17696,-32160,-131136,,,
191024604150800,392553500812,194,bias-calibration,17952,-32416,-131552,,,
191024605150900,392554500728,195,bias-calibration,17312,-32000,-131872,,,
191024606150600,392555500895,196,bias-calibration,17568,-32064,-132000,,,
191024607150900,392556500728,197,bias-calibration,17248,-31872,-131872,,,
191024608146700,392557500812,198,bias-calibration,17664,-32064,-131680,,,
191024609146400,392558502312,199,bias-calibration,17024,-32160,-131776,,,
191024610144800,392559500687,200,bias-calibration,16928,-31744,-132064,,,
191024611140100,392560500895,201,bias-calibration,17184,-31936,-131136,,,
191024612142900,392561500853,202,bias-calibration,17568,-31200,-131520,,,
191024613145500,392562500437,203,bias-calibration,17664,-31680,-131456,,,
191024614141000,392563500728,204,bias-calibration,17888,-31904,-131456,,,
191024615137800,392564500645,205,bias-calibration,17760,-32224,-131328,,,
191024616265900,392565500812,206,bias-calibration,18080,-31840,-131616,,,
191024617142700,392566500937,207,bias-calibration,17664,-31808,-131712,,,
191024618143900,392567501187,208,bias-calibration,18528,-32192,-130528,,,
191024619143900,392568500812,209,bias-calibration,18048,-31808,-131008,,,
191024620284000,392569500937,210,bias-calibration,17216,-31904,-131776,,,
191024621149700,392570500853,211,bias-calibration,17568,-31936,-131872,,,
191024622153800,392571500812,212,bias-calibration,18080,-31776,-131232,,,
191024623151100,392572500895,213,bias-calibration,18240,-32288,-131456,,,
191024624147100,392573500853,214,bias-calibration,18048,-31872,-131488,,,
191024625146700,392574500853,215,bias-calibration,17728,-32224,-131456,,,
191024626162100,392575500895,216,bias-calibration,17888,-32256,-130976,,,
191024627158600,392576500853,217,bias-calibration,18240,-32256,-131264,,,
191024629244000,392577500728,218,bias-calibration,18272,-32032,-131424,,,
191024629256100,392578500853,219,bias-calibration,18048,-32576,-131136,,,
191024630160600,392579500853,220,bias-calibration,18240,-32256,-130848,,,
191024631347800,392580501270,221,bias-calibration,17728,-32064,-131648,,,
191024632280500,392581500812,222,bias-calibration,17792,-32256,-131840,,,
191024633138700,392582500728,223,bias-calibration,17952,-32192,-131424,,,
191024634137900,392583500728,224,bias-calibration,18176,-31744,-131424,,,
191024635135700,392584500853,225,bias-calibration,17568,-32128,-131328,,,
191024636145300,392585500853,226,bias-calibration,18240,-32000,-131392,,,
191024637143800,392586500978,227,bias-calibration,18464,-32416,-131360,,,
191024638143200,392587500770,228,bias-calibration,17728,-31904,-131104,,,
191024639142500,392588500687,229,bias-calibration,17952,-31808,-132160,,,
191024640141200,392589500895,230,bias-calibration,17760,-32000,-131680,,,
191024641144400,392590500978,231,bias-calibration,17824,-31616,-131872,,,
191024642158100,392591500770,232,bias-calibration,17984,-31744,-131360,,,
191024643208900,392592500812,233,bias-calibration,18112,-31424,-131648,,,
191024644223100,392593500645,234,bias-calibration,18272,-31680,-131904,,,
191024645269600,392594500895,235,bias-calibration,18496,-32160,-131296,,,
191024646142900,392595500853,236,bias-calibration,18272,-32192,-131488,,,
191024647177200,392596500728,237,bias-calibration,18560,-32192,-131648,,,
191024648218700,392597500728,238,bias-calibration,18112,-31968,-131712,,,
191024649237200,392598500687,239,bias-calibration,18048,-32000,-131968,,,
191024650143700,392599500978,240,bias-calibration,18016,-31936,-131616,,,
191024651150800,392600500895,241,bias-calibration,18336,-32256,-131488,,,
191024652148300,392601500853,242,bias-calibration,18432,-31936,-131616,,,
191024653150100,392602500645,243,bias-calibration,18784,-31904,-131744,,,
191024654148200,392603500603,244,bias-calibration,18240,-32160,-131328,,,
191024655146600,392604502228,245,bias-calibration,18496,-32256,-131936,,,
191024656145900,392605500937,246,bias-calibration,18784,-31968,-131520,,,
191024657145600,392606500687,247,bias-calibration,17568,-32032,-132320,,,
191024658155300,392607501437,248,bias-calibration,18944,-32256,-131744,,,
191024659159900,392608500645,249,bias-calibration,18048,-32000,-132288,,,
191024660153400,392609500895,250,bias-calibration,18720,-32032,-132096,,,
191024661151800,392610500937,251,bias-calibration,18016,-31840,-132512,,,
191024662150600,392611500728,252,bias-calibration,18208,-32320,-131968,,,
191024663150200,392612500812,253,bias-calibration,17952,-32032,-132224,,,
191024664140500,392613500978,254,bias-calibration,19040,-32064,-131904,,,
191024665140000,392614500937,255,bias-calibration,18240,-32128,-132288,,,
191024666151600,392615500853,0,bias-calibration,18240,-31840,-131968,,,
191024667150400,392616501437,1,bias-calibration,18336,-32480,-132608,,,
191024668149200,392617501770,2,bias-calibration,19008,-32480,-132576,,,
191024669150200,392618500895,3,bias-calibration,18240,-32096,-132512,,,
191024670150000,392619502853,4,bias-calibration,18048,-32064,-132576,,,
191024671146200,392620500853,5,bias-calibration,18496,-32480,-133056,,,
191024672145900,392621500687,6,bias-calibration,18208,-32000,-132320,,,
191024673276000,392622500978,7,bias-calibration,18464,-32192,-132704,,,
191024674166500,392623500937,8,bias-calibration,18560,-32128,-131968,,,
191024675156900,392624500937,9,bias-calibration,19616,-32160,-132704,,,
191024676149500,392625500728,10,bias-calibration,18048,-31968,-133216,,,
191024677149000,392626500770,11,bias-calibration,18752,-31936,-132800,,,
191024678151000,392627500770,12,bias-calibration,18816,-32128,-132768,,,
191024679152200,392628500853,13,bias-calibration,18080,-32128,-133152,,,
191024680150100,392629500895,14,bias-calibration,18496,-31584,-133408,,,
191024681151500,392630500853,15,bias-calibration,18880,-31872,-133408,,,
191024682152500,392631500812,16,bias-calibration,18368,-31808,-133792,,,
191024683151700,392632502020,17,bias-calibration,18240,-32128,-133376,,,
191024684152000,392633500895,18,bias-calibration,18336,-32192,-133888,,,
191024685149400,392634500812,19,bias-calibration,17952,-32096,-132832,,,
191024686152200,392635500812,20,bias-calibration,18432,-32352,-133696,,,
191024687152500,392636500812,21,bias-calibration,18432,-32064,-133792,,,
191024688152000,392637500645,22,bias-calibration,18208,-31840,-133568,,,
191024689151600,392638500853,23,bias-calibration,18400,-31904,-134080,,,
191024690150600,392639501020,24,bias-calibration,18464,-32544,-133568,,,
191024691146400,392640502437,25,bias-calibration,18208,-32320,-134240,,,
191024692149700,392641503020,26,bias-calibration,17856,-32224,-134592,,,
191024693151000,392642500687,27,bias-calibration,18304,-32576,-134592,,,
191024694152100,392643500812,28,bias-calibration,18400,-32416,-133984,,,
191024695152300,392644500978,29,bias-calibration,17696,-32192,-134560,,,
191024696152200,392645500728,30,bias-calibration,17920,-32640,-134688,,,
191024697151900,392646500645,31,bias-calibration,18112,-32192,-134368,,,
191024698151400,392647500937,32,bias-calibration,18272,-32416,-134688,,,
191024699151800,392648502312,33,bias-calibration,18144,-32832,-134336,,,
191024700151400,392649500770,34,bias-calibration,18208,-32832,-134880,,,
191024701150800,392650500770,35,bias-calibration,18144,-32256,-134592,,,
191024702152100,392651500770,36,bias-calibration,18400,-32800,-134880,,,
191024703150900,392652502145,37,bias-calibration,18112,-32544,-135360,,,
191024704148200,392653502228,38,bias-calibration,18272,-32352,-135328,,,
191024705149000,392654500895,39,bias-calibration,17664,-32896,-134720,,,
191024706173800,392655500770,40,bias-calibration,17952,-32416,-135744,,,
191024707159200,392656500812,41,bias-calibration,18464,-32576,-136160,,,
191024708137900,392657500978,42,bias-calibration,17856,-33088,-135616,,,
191024709153500,392658500853,43,bias-calibration,18080,-32704,-135488,,,
191024710144400,392659500728,44,bias-calibration,17472,-32320,-136192,,,
191024711150600,392660500728,45,bias-calibration,17760,-32736,-136128,,,
191024712149000,392661500770,46,bias-calibration,17920,-33056,-135968,,,
191024713149800,392662500895,47,bias-calibration,17888,-32704,-136160,,,
191024714149800,392663501395,48,bias-calibration,17312,-32352,-136512,,,
191024715150000,392664501687,49,bias-calibration,18112,-32800,-136480,,,
191024716276000,392665501687,50,bias-calibration,17376,-32736,-136640,,,
191024717147100,392666500687,51,bias-calibration,17728,-32256,-136992,,,
191024718149900,392667500770,52,bias-calibration,17664,-32864,-136992,,,
191024719146200,392668500937,53,bias-calibration,17760,-32800,-136640,,,
191024720148300,392669500853,54,bias-calibration,17216,-32544,-137184,,,
191024721146100,392670500770,55,bias-calibration,17120,-33216,-137280,,,
191024722159800,392671500853,56,bias-calibration,17024,-32832,-137120,,,
191024723154300,392672500853,57,bias-calibration,17408,-33056,-137440,,,
191024724151500,392673500853,58,bias-calibration,17344,-33408,-137376,,,
191024725150900,392674500687,59,bias-calibration,17376,-33088,-138400,,,
191024726276400,392675502020,60,bias-calibration,17376,-33248,-137984,,,
191024727144400,392676500895,61,bias-calibration,17440,-33088,-137728,,,
191024728276600,392677500895,62,bias-calibration,17312,-33472,-137472,,,
191024729145100,392678500895,63,bias-calibration,17568,-33536,-137760,,,
191024730150500,392679500770,64,bias-calibration,17024,-33184,-137888,,,
191024731150200,392680500770,65,bias-calibration,16672,-33568,-138592,,,
191024732276300,392681501187,66,bias-calibration,17184,-33792,-137856,,,
191024733143100,392682500812,67,bias-calibration,16576,-33280,-138880,,,
191024734148300,392683502270,68,bias-calibration,17824,-33792,-138272,,,
191024735144700,392684500687,69,bias-calibration,17728,-33824,-138656,,,
191024736145900,392685500520,70,bias-calibration,17664,-34048,-138176,,,
191024737141700,392686500937,71,bias-calibration,17824,-33696,-138272,,,
191024738162000,392687502187,72,bias-calibration,17792,-33856,-138496,,,
191024739156400,392688500853,73,bias-calibration,17056,-33824,-139104,,,
191024740149900,392689500687,74,bias-calibration,17504,-33536,-138880,,,
191024741151200,392690502270,75,bias-calibration,17504,-33888,-138848,,,
191024742150900,392691501020,76,bias-calibration,17184,-33504,-139360,,,
191024743148800,392692501145,77,bias-calibration,17120,-33440,-140352,,,
191024744276700,392693500853,78,bias-calibration,17504,-33568,-139328,,,
191024745143100,392694500687,79,bias-calibration,17440,-33920,-140000,,,
191024746150500,392695500645,80,bias-calibration,17952,-33568,-139232,,,
191024747148400,392696500770,81,bias-calibration,17728,-33440,-140160,,,
191024748148300,392697500728,82,bias-calibration,17600,-33216,-140512,,,
191024749150500,392698500770,83,bias-calibration,17280,-33568,-140800,,,
191024750150400,392699501187,84,bias-calibration,17184,-33312,-140032,,,
191024751272400,392700501437,85,bias-calibration,17568,-33792,-140640,,,
191024752138600,392701502145,86,bias-calibration,17248,-33376,-141120,,,
191024753141100,392702500728,87,bias-calibration,17344,-33792,-140800,,,
191024754164000,392703500812,88,bias-calibration,17536,-33600,-140992,,,
191024755178200,392704500603,89,bias-calibration,17824,-33952,-141408,,,
191024756160800,392705501728,90,bias-calibration,17408,-33920,-141952,,,
191024757147600,392706500937,91,bias-calibration,17248,-34368,-141472,,,
191024758159000,392707500853,92,bias-calibration,16832,-33920,-141344,,,
191024759150600,392708500895,93,bias-calibration,17888,-33952,-142400,,,
191024760148500,392709500770,94,bias-calibration,17728,-34208,-141344,,,
191024761149800,392710501437,95,bias-calibration,17216,-34752,-141952,,,
191024762150000,392711501937,96,bias-calibration,16960,-34912,-141440,,,
191024763149800,392712503062,97,bias-calibration,17472,-34720,-141152,,,
191024764142300,392713500812,98,bias-calibration,17568,-34752,-141760,,,
191024765133800,392714501228,99,bias-calibration,17120,-34752,-142176,,,
191024766143100,392715501020,100,bias-calibration,17248,-34816,-141536,,,
191024767146500,392716501312,101,bias-calibration,16992,-34400,-142976,,,
191024768145500,392717500728,102,bias-calibration,17184,-35168,-142336,,,
191024769145500,392718500812,103,bias-calibration,16736,-35008,-141920,,,
191024770155100,392719500603,104,bias-calibration,17248,-35424,-143168,,,
191024771154700,392720500853,105,bias-calibration,17344,-34880,-143168,,,
191024772149100,392721500687,106,bias-calibration,17664,-34752,-142464,,,
191024773141000,392722500770,107,bias-calibration,16736,-34720,-143072,,,
191024774158700,392723502145,108,bias-calibration,16896,-34720,-143680,,,
191024775161000,392724500687,109,bias-calibration,16800,-34560,-143168,,,
191024776152700,392725500895,110,bias-calibration,17216,-34528,-143296,,,
191024777151300,392726500687,111,bias-calibration,16832,-34752,-144000,,,
191024778151000,392727500728,112,bias-calibration,17024,-34080,-144736,,,
191024779148800,392728500728,113,bias-calibration,17216,-34336,-144448,,,
191024780150700,392729500562,114,bias-calibration,17536,-34240,-144480,,,
191024781151100,392730500853,115,bias-calibration,17440,-34272,-145056,,,
191024782151400,392731500853,116,bias-calibration,17376,-34112,-144768,,,
191024783147200,392732500687,117,bias-calibration,17472,-33856,-145184,,,
191024784146600,392733500687,118,bias-calibration,17152,-34336,-144768,,,
191024785146800,392734500603,119,bias-calibration,17728,-34240,-145536,,,
191024786165700,392735500978,120,bias-calibration,18176,-34496,-144448,,,
191024787485700,392736500812,121,bias-calibration,17536,-34656,-145504,,,
191024788162400,392737500770,122,bias-calibration,18048,-34880,-145408,,,
191024789153500,392738500812,123,bias-calibration,18368,-34368,-144704,,,
191024790157200,392739501353,124,bias-calibration,18528,-34752,-144512,,,
191024791153100,392740502437,125,bias-calibration,17568,-34176,-145920,,,
191024792149900,392741500812,126,bias-calibration,18816,-35008,-145472,,,
191024793150100,392742500853,127,bias-calibration,18624,-35168,-145408,,,
191024794150000,392743500687,128,bias-calibration,18528,-34720,-145888,,,
191024795147600,392744500812,129,bias-calibration,18432,-35008,-145792,,,
191024796140700,392745500853,130,bias-calibration,18688,-35072,-145632,,,
191024797150300,392746500728,131,bias-calibration,19072,-35520,-145824,,,
191024798149900,392747500728,132,bias-calibration,18400,-35296,-145888,,,
191024799145900,392748500645,133,bias-calibration,18464,-35360,-146464,,,
191024800143700,392749502312,134,bias-calibration,19264,-35136,-146112,,,
191024801143100,392750500937,135,bias-calibration,18656,-35424,-146016,,,
191024802654000,392751500978,136,bias-calibration,19168,-35264,-146400,,,
191024803144200,392752501520,137,bias-calibration,19488,-35200,-147136,,,
191024804161600,392753500687,138,bias-calibration,19200,-34912,-147040,,,
191024805152100,392754502020,139,bias-calibration,18944,-34944,-147424,,,
191024806150100,392755500937,140,bias-calibration,18976,-35104,-146944,,,
191024807150900,392756500770,141,bias-calibration,18976,-34880,-146912,,,
191024808149800,392757500937,142,bias-calibration,18688,-34560,-147904,,,
191024809150000,392758501687,143,bias-calibration,19456,-34848,-146400,,,
191024810149700,392759503728,144,bias-calibration,19296,-34720,-147744,,,
191024811150000,392760500770,145,bias-calibration,18752,-35136,-147328,,,
191024812149000,392761500770,146,bias-calibration,19008,-34912,-147744,,,
191024813150000,392762500728,147,bias-calibration,19296,-34848,-147552,,,
191024814149600,392763500687,148,bias-calibration,18752,-34784,-148320,,,
191024815145800,392764501645,149,bias-calibration,18912,-34464,-148352,,,
191024816145600,392765500770,150,bias-calibration,19840,-35360,-148000,,,
191024817140200,392766502937,151,bias-calibration,19104,-34624,-148448,,,
191024818149100,392767501312,152,bias-calibration,19328,-34720,-147712,,,
191024819142700,392768500603,153,bias-calibration,19296,-34848,-149536,,,
191024820159800,392769501437,154,bias-calibration,19168,-34816,-149344,,,
191024821153200,392770500812,155,bias-calibration,19296,-34880,-148832,,,
191024822151000,392771500645,156,bias-calibration,19264,-35232,-148256,,,
191024823149700,392772501728,157,bias-calibration,19392,-35008,-149280,,,
191024824148400,392773500687,158,bias-calibration,19424,-35072,-148512,,,
191024825150500,392774500937,159,bias-calibration,20160,-35232,-148736,,,
191024826150300,392775500937,160,bias-calibration,19904,-35296,-148704,,,
191024827150200,392776500687,161,bias-calibration,20256,-35040,-149280,,,
191024828150300,392777500770,162,bias-calibration,20000,-35392,-149760,,,
191024829276200,392778500978,163,bias-calibration,19776,-35136,-149280,,,
191024830140800,392779500770,164,bias-calibration,19744,-35488,-148960,,,
191024831144300,392780500770,165,bias-calibration,20096,-35680,-149408,,,
191024832146000,392781500770,166,bias-calibration,20128,-35520,-149216,,,
191024833146000,392782500770,167,bias-calibration,19968,-35168,-149664,,,
191024834159400,392783500853,168,bias-calibration,20352,-35520,-149984,,,
191024835155100,392784500812,169,bias-calibration,20800,-35936,-149312,,,
191024836156700,392785500812,170,bias-calibration,20704,-35776,-150112,,,
191024837150800,392786500770,171,bias-calibration,20576,-36032,-149792,,,
191024838149700,392787500728,172,bias-calibration,20672,-35296,-151104,,,
191024839150600,392788500937,173,bias-calibration,20992,-35680,-150048,,,
191024840148400,392789501645,174,bias-calibration,20032,-35520,-150016,,,
191024841150400,392790500728,175,bias-calibration,20928,-35776,-150624,,,
191024842150300,392791502187,176,bias-calibration,20352,-35200,-151136,,,
191024843150700,392792500770,177,bias-calibration,20960,-35488,-150624,,,
191024844141800,392793502353,178,bias-calibration,20672,-35104,-151264,,,
191024845148500,392794500853,179,bias-calibration,20480,-35328,-151136,,,
191024846150200,392795500770,180,bias-calibration,20960,-35488,-150720,,,
191024847146100,392796500645,181,bias-calibration,20160,-34912,-151040,,,
191024848145900,392797500687,182,bias-calibration,20576,-35328,-151392,,,
191024849144300,392798500812,183,bias-calibration,21312,-35104,-152128,,,
191024850166200,392799502228,184,bias-calibration,20384,-34816,-152096,,,
191024851155600,392800500728,185,bias-calibration,21280,-34976,-151264,,,
191024852150000,392801500728,186,bias-calibration,20096,-34880,-152704,,,
191024853148500,392802500645,187,bias-calibration,20640,-35008,-153088,,,
191024854151300,392803500812,188,bias-calibration,20544,-35072,-151840,,,
191024855150700,392804500937,189,bias-calibration,20992,-35488,-152192,,,
191024856148400,392805500728,190,bias-calibration,20576,-34880,-153024,,,
191024857150700,392806500520,191,bias-calibration,20736,-35008,-152896,,,
191024858148400,392807500603,192,bias-calibration,20672,-35328,-152224,,,
191024859150300,392808500728,193,bias-calibration,20352,-35296,-152864,,,
191024860148800,392809500853,194,bias-calibration,20896,-35264,-152736,,,
191024861150500,392810500812,195,bias-calibration,21248,-35232,-152832,,,
191024862148400,392811500728,196,bias-calibration,21120,-35072,-153248,,,
191024863146500,392812500603,197,bias-calibration,20352,-35584,-153344,,,
191024864142000,392813500353,198,bias-calibration,20832,-35936,-153408,,,
191024865138200,392814500895,199,bias-calibration,20896,-36096,-153056,,,
191024866155100,392815500645,200,bias-calibration,20896,-36480,-152640,,,
191024867156100,392816500687,201,bias-calibration,21248,-36448,-153184,,,
191024868151900,392817502312,202,bias-calibration,21312,-36384,-153664,,,
191024869151100,392818500728,203,bias-calibration,21440,-36384,-153824,,,
191024870144200,392819500770,204,bias-calibration,21568,-36064,-153472,,,
191024871150900,392820500645,205,bias-calibration,21184,-36608,-153952,,,
191024872150500,392821501353,206,bias-calibration,21056,-36544,-153664,,,
191024873148400,392822500895,207,bias-calibration,21984,-36512,-153792,,,
191024874150500,392823500478,208,bias-calibration,21792,-36224,-154016,,,
191024875150600,392824500853,209,bias-calibration,21888,-36256,-154272,,,
191024876150300,392825500770,210,bias-calibration,21952,-36416,-153792,,,
191024877148300,392826500645,211,bias-calibration,21888,-36544,-153952,,,
191024878150100,392827500895,212,bias-calibration,21664,-36576,-154464,,,
191024879146200,392828500812,213,bias-calibration,22336,-36416,-154112,,,
191024880144100,392829500770,214,bias-calibration,21952,-36352,-154336,,,
191024881146000,392830500853,215,bias-calibration,21728,-36192,-154336,,,
191024882155500,392831500687,216,bias-calibration,22144,-35744,-154688,,,
191024883156800,392832500812,217,bias-calibration,21888,-36224,-155264,,,
191024884152100,392833500895,218,bias-calibration,21728,-36256,-154912,,,
191024885151200,392834500728,219,bias-calibration,21440,-36064,-156096,,,
191024886144300,392835500562,220,bias-calibration,22144,-35840,-155296,,,
191024887144400,392836500687,221,bias-calibration,21696,-36096,-155424,,,
191024888151000,392837500728,222,bias-calibration,22368,-36608,-154784,,,
191024889141700,392838500728,223,bias-calibration,22240,-36000,-155456,,,
191024890150800,392839500645,224,bias-calibration,22496,-36032,-155392,,,
191024891143500,392840500645,225,bias-calibration,22272,-36224,-155200,,,
191024892150800,392841500645,226,bias-calibration,21856,-36224,-156032,,,
191024893150500,392842500728,227,bias-calibration,21792,-36160,-156032,,,
191024894150500,392843500770,228,bias-calibration,21536,-36160,-156160,,,
191024895144900,392844500770,229,bias-calibration,21440,-36288,-156160,,,
191024896146400,392845500603,230,bias-calibration,21664,-36224,-156512,,,
191024897146100,392846501645,231,bias-calibration,22016,-36320,-156192,,,
191024898152700,392847500937,232,bias-calibration,21888,-36384,-155488,,,
191024899295900,392848504645,233,bias-calibration,21024,-36480,-156512,,,
191024900296200,392849503562,234,bias-calibration,21696,-36192,-156704,,,
191024901277100,392850506770,235,bias-calibration,21632,-36352,-156832,,,
191024902284500,392851512312,236,bias-calibration,21536,-36576,-156736,,,
191024903274000,392852503062,237,bias-calibration,21888,-36288,-156960,,,
191024904276600,392853508353,238,bias-calibration,22400,-36768,-156736,,,
191024905275700,392854511812,239,bias-calibration,22112,-36992,-156704,,,
191024906276400,392855507687,240,bias-calibration,22112,-36704,-157216,,,
191024907275800,392856506020,241,bias-calibration,22688,-36640,-156960,,,
191024908275400,392857506437,242,bias-calibration,22048,-36864,-157056,,,
191024909275400,392858503520,243,bias-calibration,22688,-37280,-156608,,,
191024910275600,392859505728,244,bias-calibration,22176,-37536,-156896,,,
191024911271600,392860505520,245,bias-calibration,22112,-37216,-156800,,,
191024912271200,392861506687,246,bias-calibration,22720,-37472,-157216,,,
191024913271700,392862504728,247,bias-calibration,22880,-37824,-157024,,,
191024914282800,392863507645,248,bias-calibration,22560,-37568,-156960,,,
191024915281600,392864505437,249,bias-calibration,22784,-37600,-157472,,,
191024916143500,392865503603,250,bias-calibration,22816,-37504,-156768,,,
191024917277100,392866505020,251,bias-calibration,22368,-37696,-157632,,,
191024918276600,392867506770,252,bias-calibration,22720,-37248,-158016,,,
191024919277000,392868503353,253,bias-calibration,22400,-37728,-157184,,,
191024920276800,392869505145,254,bias-calibration,22752,-37376,-157088,,,
191024921276500,392870503020,255,bias-calibration,22272,-37792,-156928,,,
191024922268000,392871502353,0,bias-calibration,22304,-37920,-157696,,,
191024923269900,392872504353,1,bias-calibration,22624,-37728,-157728,,,
191024924279000,392873505645,2,bias-calibration,23264,-37536,-157600,,,
191024925276700,392874508853,3,bias-calibration,22400,-37504,-158112,,,
191024926276900,392875507687,4,bias-calibration,22400,-37792,-157376,,,
191024927272200,392876504395,5,bias-calibration,22528,-38080,-158208,,,
191024928272200,392877503353,6,bias-calibration,22368,-37824,-157888,,,
191024929271900,392878505353,7,bias-calibration,22304,-37536,-157696,,,
191024930295000,392879506395,8,bias-calibration,21920,-37632,-158048,,,
191024931284600,392880506478,9,bias-calibration,21984,-37440,-158336,,,
191024932276800,392881508978,10,bias-calibration,22432,-37504,-158112,,,
191024933285600,392882502728,11,bias-calibration,22848,-37696,-158272,,,
191024934276600,392883502978,12,bias-calibration,22688,-37824,-158784,,,
191024935274500,392884503353,13,bias-calibration,22560,-37728,-157632,,,
191024936273900,392885503895,14,bias-calibration,22560,-37984,-158592,,,
191024937272300,392886505937,15,bias-calibration,23040,-38400,-157984,,,
191024938284400,392887507687,16,bias-calibration,22752,-37952,-158688,,,
191024939275200,392888506937,17,bias-calibration,23200,-38176,-157664,,,
191024940287300,392889504353,18,bias-calibration,23200,-38400,-158016,,,
191024941287900,392890502270,19,bias-calibration,22720,-38336,-158240,,,
191024942302000,392891508478,20,bias-calibration,23104,-38688,-158496,,,
191024943292000,392892506645,21,bias-calibration,23040,-38880,-158784,,,
191024944275800,392893502603,22,bias-calibration,23232,-38720,-157984,,,
191024945282000,392894506687,23,bias-calibration,23072,-38560,-158624,,,
191024946286800,392895506853,24,bias-calibration,22976,-38752,-158592,,,
191024947152400,392896501395,25,bias-calibration,23360,-38944,-159104,,,
191024948273100,392897500770,26,bias-calibration,22880,-38496,-158176,,,
191024949270900,392898508603,27,bias-calibration,23200,-39072,-158624,,,
191024950278400,392899503395,28,bias-calibration,23680,-39328,-158880,,,
191024951273300,392900506437,29,bias-calibration,23488,-39424,-158752,,,
191024952360500,392901505103,30,bias-calibration,23168,-40000,-158240,,,
191024953279500,392902509437,31,bias-calibration,23072,-39456,-159232,,,
191024954143700,392903500728,32,bias-calibration,23424,-39776,-158784,,,
191024955276100,392904506645,33,bias-calibration,23520,-39616,-158400,,,
191024956274800,392905505978,34,bias-calibration,23008,-39808,-158880,,,
191024957141100,392906500812,35,bias-calibration,23776,-39488,-158880,,,
191024958147900,392907500728,36,bias-calibration,22848,-39776,-158944,,,
191024959144100,392908500687,37,bias-calibration,23456,-40320,-159040,,,
191024960166100,392909501395,38,bias-calibration,23360,-40064,-158880,,,
191024961294500,392910500978,39,bias-calibration,22656,-40128,-159008,,,
191024962157200,392911500895,40,bias-calibration,23104,-40000,-158944,,,
191024963163900,392912500812,41,bias-calibration,22944,-40448,-159520,,,
191024964251600,392913500645,42,bias-calibration,22496,-39840,-159808,,,
191024965151600,392914501395,43,bias-calibration,22464,-40192,-159712,,,
191024966145800,392915501145,44,bias-calibration,22240,-40000,-160192,,,
191024967150700,392916500812,45,bias-calibration,22912,-40288,-159648,,,
191024968276400,392917500728,46,bias-calibration,22400,-39936,-160672,,,
191024969141800,392918500770,47,bias-calibration,22112,-40096,-160384,,,
191024970150800,392919500812,48,bias-calibration,22592,-39872,-160000,,,
191024971150100,392920500853,49,bias-calibration,22464,-39808,-160544,,,
191024972148200,392921500687,50,bias-calibration,22848,-39488,-160864,,,
191024973150400,392922500687,51,bias-calibration,22208,-40256,-161120,,,
191024974150000,392923500603,52,bias-calibration,22720,-39776,-160736,,,
191024975146300,392924500812,53,bias-calibration,22496,-39968,-161152,,,
191024976144100,392925500770,54,bias-calibration,22240,-40032,-160896,,,
191024977147100,392926500687,55,bias-calibration,23008,-40256,-160896,,,
191024978156600,392927502145,56,bias-calibration,22240,-40256,-160992,,,
191024979155000,392928500645,57,bias-calibration,22624,-40672,-160992,,,
191024980151400,392929500812,58,bias-calibration,21984,-40576,-161664,,,
191024981159900,392930500895,59,bias-calibration,22336,-40768,-160992,,,
191024982151100,392931500645,60,bias-calibration,22752,-40896,-161024,,,
191024983150400,392932500853,61,bias-calibration,22272,-40576,-161984,,,
191024984150500,392933503645,62,bias-calibration,22272,-40928,-161824,,,
191024985150600,392934502312,63,bias-calibration,22816,-41152,-160480,,,
191024986148500,392935501812,64,bias-calibration,22464,-40896,-161440,,,
191024987150500,392936500395,65,bias-calibration,22560,-41376,-161696,,,
191024988151200,392937500812,66,bias-calibration,22880,-41280,-161568,,,
191024989149500,392938501395,67,bias-calibration,23616,-41504,-159872,,,
191024990145900,392939503645,68,bias-calibration,23104,-41888,-161248,,,
191024991270100,392940504270,69,bias-calibration,23200,-41632,-161504,,,
191024992141400,392941500812,70,bias-calibration,23104,-41600,-161792,,,
191024993161000,392942500645,71,bias-calibration,22656,-42112,-161760,,,
191024994156700,392943500645,72,bias-calibration,23968,-41984,-161248,,,
191024995152200,392944501020,73,bias-calibration,23200,-41728,-161920,,,
191024996151500,392945501728,74,bias-calibration,23744,-41760,-161056,,,
191024997151300,392946500770,75,bias-calibration,22784,-41856,-161504,,,
191024998149100,392947500728,76,bias-calibration,23072,-41920,-161440,,,
191024999151000,392948500645,77,bias-calibration,23552,-41088,-162176,,,
191025000150000,392949500812,78,bias-calibration,23712,-41760,-161376,,,
191025001150900,392950501687,79,bias-calibration,22880,-41312,-161760,,,
191025002150600,392951504270,80,bias-calibration,23232,-41472,-161920,,,
191025003150700,392952500687,81,bias-calibration,23392,-41088,-162240,,,
191025004150600,392953500812,82,bias-calibration,23488,-41152,-162016,,,
191025005150600,392954500812,83,bias-calibration,23104,-41504,-162176,,,
191025006146500,392955500728,84,bias-calibration,23168,-41312,-162208,,,
191025007146400,392956501103,85,bias-calibration,23936,-41344,-161952,,,
191025008144200,392957501603,86,bias-calibration,23840,-41664,-161920,,,
191025009141300,392958500770,87,bias-calibration,23232,-41536,-162720,,,
191025010144300,392959500853,88,bias-calibration,23392,-40896,-162400,,,
191025011140900,392960500770,89,bias-calibration,23584,-41408,-162752,,,
191025012134400,392961500812,90,bias-calibration,23840,-41568,-161984,,,
191025013134700,392962500687,91,bias-calibration,23776,-41920,-162912,,,
191025014136500,392963500770,92,bias-calibration,23680,-41440,-162688,,,
191025015136100,392964500853,93,bias-calibration,23904,-41920,-162240,,,
191025016136700,392965500770,94,bias-calibration,23872,-41568,-162592,,,
191025017136800,392966500728,95,bias-calibration,23552,-41600,-162144,,,
191025018136800,392967500645,96,bias-calibration,23584,-41952,-162112,,,
191025019136600,392968503895,97,bias-calibration,23296,-42016,-161952,,,
191025020136200,392969500728,98,bias-calibration,23712,-42016,-162400,,,
191025021136800,392970500770,99,bias-calibration,23584,-42080,-162656,,,
191025022135900,392971500687,100,bias-calibration,23008,-41856,-162720,,,
191025023134200,392972500603,101,bias-calibration,23648,-41952,-161888,,,
191025024141600,392973500562,102,bias-calibration,23584,-42240,-162240,,,
191025025151300,392974500812,103,bias-calibration,23040,-42080,-162400,,,
191025026191800,392975500645,104,bias-calibration,23168,-41920,-162592,,,
191025027168700,392976500603,105,bias-calibration,24000,-41920,-162784,,,
191025028180400,392977500520,106,bias-calibration,22432,-42016,-163040,,,
191025029153900,392978500812,107,bias-calibration,23360,-41984,-163680,,,
191025030148800,392979500728,108,bias-calibration,23520,-41984,-162400,,,
191025031149900,392980502062,109,bias-calibration,23200,-42336,-162368,,,
191025032274900,392981502062,110,bias-calibration,22752,-41632,-162304,,,
191025033140800,392982500687,111,bias-calibration,23040,-42336,-162336,,,
191025034148400,392983500812,112,bias-calibration,23008,-41984,-162688,,,
191025035148200,392984500728,113,bias-calibration,23104,-42176,-162528,,,
191025036148600,392985501062,114,bias-calibration,23008,-41792,-161984,,,
191025037148500,392986500687,115,bias-calibration,22784,-41856,-162720,,,
191025038146500,392987500937,116,bias-calibration,23296,-41376,-162304,,,
191025039148100,392988500812,117,bias-calibration,22432,-40768,-162720,,,
191025040140000,392989500603,118,bias-calibration,23328,-40576,-162496,,,
191025041150100,392990500603,119,bias-calibration,23488,-40576,-162624,,,
191025042149600,392991501228,120,bias-calibration,23424,-40480,-162528,,,
191025043158700,392992500853,121,bias-calibration,23328,-39936,-162240,,,
191025044162800,392993502228,122,bias-calibration,24000,-39776,-162432,,,
191025045158800,392994500728,123,bias-calibration,24480,-40352,-162208,,,
191025046151900,392995502770,124,bias-calibration,24448,-39552,-162720,,,
191025047148600,392996500728,125,bias-calibration,24832,-39936,-162368,,,
191025048150300,392997500978,126,bias-calibration,24736,-39776,-162240,,,
191025049149900,392998501270,127,bias-calibration,24960,-39808,-162240,,,
191025050149700,392999500603,128,bias-calibration,25888,-39776,-161376,,,
191025051149800,393000500395,129,bias-calibration,25568,-40160,-161664,,,
191025052148700,393001501312,130,bias-calibration,25600,-40256,-161440,,,
191025053149900,393002502103,131,bias-calibration,25632,-40064,-161344,,,
191025054149600,393003500853,132,bias-calibration,26720,-40000,-161216,,,
191025055149600,393004501770,133,bias-calibration,26944,-40576,-161536,,,
191025056149700,393005501062,134,bias-calibration,26528,-40704,-160992,,,
191025057158700,393006500687,135,bias-calibration,26400,-40832,-161376,,,
191025058155500,393007500895,136,bias-calibration,26272,-40768,-160512,,,
191025059153900,393008500895,137,bias-calibration,26688,-40928,-161280,,,
191025060169100,393009500687,138,bias-calibration,26656,-40512,-160192,,,
191025061205800,393010501520,139,bias-calibration,27232,-41152,-160672,,,
191025062159600,393011500562,140,bias-calibration,26336,-41376,-160736,,,
191025063156600,393012500853,141,bias-calibration,26752,-41408,-160192,,,
191025064155500,393013500812,142,bias-calibration,26656,-41120,-160128,,,
191025065148300,393014500645,143,bias-calibration,26464,-41216,-160416,,,
191025066149900,393015500603,144,bias-calibration,26816,-41152,-159168,,,
191025067170600,393016501770,145,bias-calibration,26464,-40928,-160448,,,
191025068161300,393017500687,146,bias-calibration,25888,-41312,-160288,,,
191025069157800,393018500812,147,bias-calibration,26240,-41248,-159296,,,
191025070154000,393019500728,148,bias-calibration,26336,-40736,-159744,,,
191025071149700,393020501437,149,bias-calibration,25280,-40800,-160000,,,
191025072151700,393021501478,150,bias-calibration,25472,-39744,-159488,,,
191025073154900,393022500812,151,bias-calibration,25824,-40512,-159904,,,
191025074151400,393023500895,152,bias-calibration,24576,-39872,-160800,,,
191025075150600,393024500562,153,bias-calibration,25248,-40448,-160448,,,
191025076150600,393025500687,154,bias-calibration,24576,-39744,-160768,,,
191025077149400,393026500937,155,bias-calibration,24704,-39744,-160416,,,
191025078147900,393027503728,156,bias-calibration,24672,-39328,-160288,,,
191025079147000,393028500728,157,bias-calibration,24448,-39200,-160128,,,
191025080155200,393029500687,158,bias-calibration,24416,-38880,-160576,,,
191025081148700,393030500728,159,bias-calibration,24192,-38208,-160512,,,
191025082148800,393031500770,160,bias-calibration,24448,-38528,-160544,,,
191025083148800,393032500812,161,bias-calibration,24864,-37824,-160736,,,
191025084148800,393033501312,162,bias-calibration,25088,-38016,-160192,,,
191025085149000,393034500562,163,bias-calibration,24960,-38080,-160320,,,
191025086148800,393035501978,164,bias-calibration,25248,-37728,-160320,,,
191025087148000,393036500812,165,bias-calibration,25184,-37984,-159872,,,
191025088168400,393037500728,166,bias-calibration,25216,-37792,-160256,,,
191025089142900,393038500853,167,bias-calibration,24992,-38208,-160256,,,
191025090149300,393039502645,168,bias-calibration,25696,-38112,-159904,,,
191025091147400,393040500728,169,bias-calibration,25664,-38272,-159904,,,
191025092148900,393041500770,170,bias-calibration,25952,-38304,-160128,,,
191025093148700,393042500895,171,bias-calibration,26240,-38240,-159200,,,
191025094148800,393043500770,172,bias-calibration,25760,-38208,-159680,,,
191025095148700,393044500562,173,bias-calibration,26848,-38528,-159424,,,
191025096148800,393045500687,174,bias-calibration,27008,-38816,-158912,,,
191025097148500,393046500687,175,bias-calibration,27072,-38624,-157760,,,
191025098148600,393047500853,176,bias-calibration,26496,-38720,-159072,,,
191025099155300,393048500645,177,bias-calibration,26944,-39008,-158368,,,
191025100146100,393049500478,178,bias-calibration,27712,-38944,-157888,,,
191025101146500,393050502187,179,bias-calibration,26848,-39104,-158464,,,
191025102146500,393051501312,180,bias-calibration,27392,-39136,-158336,,,
191025103144600,393052502228,181,bias-calibration,27072,-39296,-158272,,,
191025104159200,393053500645,182,bias-calibration,28320,-39456,-157408,,,
191025105145000,393054500437,183,bias-calibration,27680,-39712,-157824,,,
191025106149300,393055500978,184,bias-calibration,27328,-39904,-158528,,,
191025107146200,393056500770,185,bias-calibration,27936,-39616,-157664,,,
191025108148100,393057501353,186,bias-calibration,27232,-40000,-158112,,,
191025109146000,393058500728,187,bias-calibration,26880,-39520,-157984,,,
191025110145900,393059500728,188,bias-calibration,27200,-39232,-158368,,,
191025111146700,393060500853,189,bias-calibration,26816,-38976,-157984,,,
191025112145500,393061500728,190,bias-calibration,26624,-39072,-158016,,,
191025113148000,393062500853,191,bias-calibration,25760,-39296,-158592,,,
191025114147700,393063502103,192,bias-calibration,26176,-38656,-158624,,,
191025115147600,393064501853,193,bias-calibration,26112,-38656,-158496,,,
191025116147600,393065500853,194,bias-calibration,25632,-38656,-158272,,,
191025117147700,393066500895,195,bias-calibration,25184,-38432,-159200,,,
191025118147500,393067500770,196,bias-calibration,24800,-38272,-158880,,,
191025119147400,393068500770,197,bias-calibration,25216,-37856,-158624,,,
191025120144300,393069501645,198,bias-calibration,24192,-37888,-158624,,,
191025121161600,393070500895,199,bias-calibration,24064,-38432,-159104,,,
191025122151700,393071500770,200,bias-calibration,24064,-37984,-159424,,,
191025123149500,393072500770,201,bias-calibration,24384,-37984,-158112,,,
191025124148900,393073500687,202,bias-calibration,23520,-37440,-159712,,,
191025125150300,393074500645,203,bias-calibration,24128,-37696,-159104,,,
191025126148700,393075500812,204,bias-calibration,23968,-37600,-159008,,,
191025127148100,393076500645,205,bias-calibration,23232,-37472,-159456,,,
191025128148200,393077500812,206,bias-calibration,24032,-37952,-158528,,,
191025129148300,393078500687,207,bias-calibration,23808,-37568,-158368,,,
191025130148100,393079500603,208,bias-calibration,23904,-37760,-159072,,,
191025131148200,393080500770,209,bias-calibration,23712,-37664,-159104,,,
191025132148300,393081504603,210,bias-calibration,23872,-37792,-158912,,,
191025133147300,393082500937,211,bias-calibration,23904,-38048,-158464,,,
191025134148300,393083500603,212,bias-calibration,24416,-38240,-158496,,,
191025135148400,393084500562,213,bias-calibration,24416,-37888,-158528,,,
191025136160900,393085500770,214,bias-calibration,24288,-38048,-157952,,,
191025137150000,393086501228,215,bias-calibration,24576,-37920,-157920,,,
191025138144400,393087502270,216,bias-calibration,24864,-38016,-157888,,,
191025139142700,393088500645,217,bias-calibration,25184,-38304,-157856,,,
191025140140200,393089500812,218,bias-calibration,24832,-38528,-157376,,,
191025141141200,393090501812,219,bias-calibration,25376,-38336,-157792,,,
191025142142000,393091501978,220,bias-calibration,25120,-38464,-156832,,,
191025143142700,393092501062,221,bias-calibration,25760,-38720,-157184,,,
191025144139400,393093500645,222,bias-calibration,25440,-38464,-157824,,,
191025145140000,393094500853,223,bias-calibration,25824,-38656,-156704,,,
191025146142300,393095500770,224,bias-calibration,25536,-38304,-157344,,,
191025147138000,393096500728,225,bias-calibration,25280,-38592,-156928,,,
191025148137900,393097500603,226,bias-calibration,26304,-38368,-157984,,,
191025149139000,393098500562,227,bias-calibration,25664,-37568,-157280,,,
191025150140800,393099500728,228,bias-calibration,25920,-38656,-156096,,,
191025151141700,393100500812,229,bias-calibration,25216,-37984,-156896,,,
191025152166600,393101500353,230,bias-calibration,25280,-37728,-157632,,,
191025153150800,393102500770,231,bias-calibration,25280,-37600,-156672,,,
191025154159400,393103500478,232,bias-calibration,24640,-37920,-156512,,,
191025155152000,393104500853,233,bias-calibration,24672,-37728,-157248,,,
191025156148600,393105500687,234,bias-calibration,24224,-37536,-157088,,,
191025157151100,393106501187,235,bias-calibration,24608,-37760,-156992,,,
191025158150400,393107500770,236,bias-calibration,24384,-38080,-156704,,,
191025159150100,393108500520,237,bias-calibration,24608,-37728,-156416,,,
191025160150400,393109500770,238,bias-calibration,23904,-37568,-156480,,,
191025161148000,393110501020,239,bias-calibration,23424,-37440,-156576,,,
191025162149800,393111502812,240,bias-calibration,23552,-37152,-157056,,,
191025163150200,393112500604,241,bias-calibration,23968,-37408,-156256,,,
191025164150100,393113500395,242,bias-calibration,23616,-37184,-156224,,,
191025165202400,393114500895,243,bias-calibration,23776,-37600,-156256,,,
191025166141600,393115500687,244,bias-calibration,22912,-37568,-156416,,,
191025167144700,393116501812,245,bias-calibration,22688,-37536,-156416,,,
191025168165300,393117500520,246,bias-calibration,23040,-37632,-156320,,,
191025169171700,393118500645,247,bias-calibration,22752,-37760,-156864,,,
191025170157600,393119500854,248,bias-calibration,23040,-38336,-155520,,,
191025171151400,393120500645,249,bias-calibration,23424,-37728,-156320,,,
191025172151200,393121500729,250,bias-calibration,22400,-37888,-156288,,,
191025173150200,393122501937,251,bias-calibration,22976,-38400,-155840,,,
191025174151100,393123503979,252,bias-calibration,23168,-38496,-155008,,,
191025175150600,393124500979,253,bias-calibration,23424,-37888,-154976,,,
191025176150900,393125500687,254,bias-calibration,22912,-37920,-155744,,,
191025177152100,393126500687,255,bias-calibration,23104,-38240,-154976,,,
191025178150600,393127501145,0,bias-calibration,22944,-37952,-155520,,,
191025179150500,393128500937,1,bias-calibration,22848,-37952,-154848,,,
191025180148400,393129500729,2,bias-calibration,22912,-37760,-155328,,,
191025181151300,393130500645,3,bias-calibration,23328,-38080,-154688,,,
191025182150700,393131500562,4,bias-calibration,23040,-37824,-155296,,,
191025183150400,393132500520,5,bias-calibration,23136,-37536,-154176,,,
191025184147500,393133500562,6,bias-calibration,22944,-37920,-154432,,,
191025185215400,393134501604,7,bias-calibration,22976,-37472,-154176,,,
191025186167800,393135500770,8,bias-calibration,23488,-37600,-153856,,,
191025187218400,393136500645,9,bias-calibration,23488,-37088,-153696,,,
191025188163100,393137500645,10,bias-calibration,23264,-37280,-153696,,,
191025189167500,393138502687,11,bias-calibration,22976,-37216,-153824,,,
191025190153200,393139500645,12,bias-calibration,23136,-36864,-153568,,,
191025191276400,393140501687,13,bias-calibration,23520,-36768,-153504,,,
191025192142800,393141501062,14,bias-calibration,22944,-36800,-154816,,,
191025193149100,393142500520,15,bias-calibration,23520,-36800,-152896,,,
191025194149300,393143500812,16,bias-calibration,22656,-36768,-153760,,,
191025195149000,393144500687,17,bias-calibration,22368,-36320,-153952,,,
191025196147900,393145500645,18,bias-calibration,22976,-36512,-153248,,,
191025197147100,393146500645,19,bias-calibration,23296,-36800,-153216,,,
191025198149000,393147500604,20,bias-calibration,22688,-36672,-152768,,,
191025199148700,393148500770,21,bias-calibration,22432,-36448,-153184,,,
191025200297400,393149500562,22,bias-calibration,22784,-36608,-153376,,,
191025201206000,393150500604,23,bias-calibration,22528,-36768,-152768,,,
191025202331400,393151500729,24,bias-calibration,22944,-36576,-152960,,,
191025203207000,393152500562,25,bias-calibration,23104,-36384,-152576,,,
191025204207200,393153500770,26,bias-calibration,22240,-36448,-152448,,,
191025205204000,393154500687,27,bias-calibration,22496,-36672,-152384,,,
191025206244500,393155500229,28,bias-calibration,22496,-36608,-151904,,,
191025207154300,393156500729,29,bias-calibration,22656,-37248,-151680,,,
191025208152600,393157500562,30,bias-calibration,22176,-37248,-152384,,,
191025209150900,393158500812,31,bias-calibration,22592,-37120,-151200,,,
191025210150200,393159500687,32,bias-calibration,21760,-37120,-151648,,,
191025211150000,393160501729,33,bias-calibration,22112,-37152,-151072,,,
191025212150300,393161500604,34,bias-calibration,21920,-37664,-150816,,,
191025213150500,393162500895,35,bias-calibration,21344,-38016,-150656,,,
191025214148200,393163500812,36,bias-calibration,21088,-37312,-150336,,,
191025215148100,393164500687,37,bias-calibration,20544,-37760,-150848,,,
191025216141300,393165500645,38,bias-calibration,20224,-37664,-150656,,,
191025217149500,393166500520,39,bias-calibration,19648,-37792,-150144,,,
191025218166500,393167500645,40,bias-calibration,19424,-38048,-149632,,,
191025219160300,393168503645,41,bias-calibration,19936,-37888,-150368,,,
191025220149400,393169501145,42,bias-calibration,19488,-37888,-149312,,,
191025221343900,393170501812,43,bias-calibration,19616,-37536,-149504,,,
191025222220900,393171500729,44,bias-calibration,18784,-37312,-150528,,,
191025223160700,393172500854,45,bias-calibration,19456,-37376,-149536,,,
191025224157400,393173501770,46,bias-calibration,19616,-37056,-149696,,,
191025225151300,393174500604,47,bias-calibration,19712,-36928,-148928,,,
191025226149400,393175501645,48,bias-calibration,20544,-36672,-149248,,,
191025227150100,393176500604,49,bias-calibration,20064,-36576,-148960,,,
191025228150300,393177500770,50,bias-calibration,20416,-36416,-149344,,,
191025229152200,393178500770,51,bias-calibration,21152,-36864,-149312,,,
191025230148300,393179500562,52,bias-calibration,21120,-36128,-148992,,,
191025231147500,393180500645,53,bias-calibration,21120,-35744,-148512,,,
191025232145600,393181500562,54,bias-calibration,21504,-35648,-149024,,,
191025233156800,393182500687,55,bias-calibration,22304,-35840,-148928,,,
191025234163100,393183500854,56,bias-calibration,21952,-35424,-148576,,,
191025235177400,393184500687,57,bias-calibration,21888,-35328,-148256,,,
191025236149300,393185500604,58,bias-calibration,21632,-34880,-148096,,,
191025237142800,393186500770,59,bias-calibration,22848,-35424,-147776,,,
191025238142000,393187501937,60,bias-calibration,22976,-34880,-146976,,,
191025239143800,393188500854,61,bias-calibration,22752,-35456,-147200,,,
191025240141700,393189500687,62,bias-calibration,23264,-34560,-147104,,,
191025241143600,393190500645,63,bias-calibration,22528,-34688,-146400,,,
191025242149700,393191500604,64,bias-calibration,22560,-35008,-146176,,,
191025243149700,393192500729,65,bias-calibration,22368,-34944,-145792,,,
191025244148800,393193500812,66,bias-calibration,21952,-35712,-145632,,,
191025245147500,393194500645,67,bias-calibration,21888,-35520,-145248,,,
191025246149400,393195500645,68,bias-calibration,22080,-35808,-145536,,,
191025247150000,393196500812,69,bias-calibration,22048,-36480,-144640,,,
191025248154300,393197500645,70,bias-calibration,21664,-36544,-145024,,,
191025249162900,393198500812,71,bias-calibration,21248,-36672,-144480,,,
191025250154400,393199500562,72,bias-calibration,20736,-36448,-145056,,,
191025251278300,393200503479,73,bias-calibration,21312,-36640,-144032,,,
191025252144000,393201500687,74,bias-calibration,20672,-36544,-144224,,,
191025253145500,393202500812,75,bias-calibration,20448,-36672,-144224,,,
191025254150700,393203500687,76,bias-calibration,19776,-36224,-144096,,,
191025255149800,393204500604,77,bias-calibration,19648,-36544,-143680,,,
191025256151300,393205500645,78,bias-calibration,19264,-36320,-143552,,,
191025257150700,393206500687,79,bias-calibration,19136,-36672,-143520,,,
191025258150800,393207500687,80,bias-calibration,18560,-36512,-143648,,,
191025259150500,393208500604,81,bias-calibration,18848,-35840,-143936,,,
191025260150400,393209500562,82,bias-calibration,18240,-36064,-144480,,,
191025261150000,393210502437,83,bias-calibration,19072,-35872,-143616,,,
191025262150300,393211500729,84,bias-calibration,18464,-35840,-143808,,,
191025263148200,393212500895,85,bias-calibration,18016,-35008,-143424,,,
191025264162800,393213500687,86,bias-calibration,18304,-35168,-144160,,,
191025265148800,393214500479,87,bias-calibration,18560,-34592,-143104,,,
191025266206300,393215500645,88,bias-calibration,18368,-34144,-143072,,,
191025267146200,393216501687,89,bias-calibration,18432,-34016,-142592,,,
191025268151700,393217500645,90,bias-calibration,18624,-33664,-143072,,,
191025269150600,393218500687,91,bias-calibration,19136,-34144,-142336,,,
191025270148100,393219500520,92,bias-calibration,18976,-33632,-142336,,,
191025271150900,393220500979,93,bias-calibration,19328,-33504,-141920,,,
191025272150100,393221500687,94,bias-calibration,19872,-33696,-141472,,,
191025273150200,393222501479,95,bias-calibration,19968,-33792,-141312,,,
191025274150400,393223502104,96,bias-calibration,19808,-33920,-140896,,,
191025275150100,393224500604,97,bias-calibration,20032,-33824,-140832,,,
191025276150000,393225500895,98,bias-calibration,20416,-33632,-140512,,,
191025277149400,393226500687,99,bias-calibration,20128,-33728,-139808,,,
191025278150200,393227500729,100,bias-calibration,20480,-33728,-139584,,,
191025279149500,393228500604,101,bias-calibration,20864,-33568,-139264,,,
191025280165000,393229500520,102,bias-calibration,21280,-33504,-138592,,,
191025281154900,393230500812,103,bias-calibration,20640,-33472,-138976,,,
191025282153800,393231500729,104,bias-calibration,20352,-34112,-138304,,,
191025283150900,393232500770,105,bias-calibration,21056,-34112,-138528,,,
191025284150300,393233500645,106,bias-calibration,20512,-34304,-137600,,,
191025285150300,393234502145,107,bias-calibration,20960,-34080,-137952,,,
191025286150700,393235500854,108,bias-calibration,21216,-34528,-137600,,,
191025287149900,393236500729,109,bias-calibration,20608,-34720,-137344,,,
191025288149000,393237500729,110,bias-calibration,19776,-34880,-137120,,,
191025289150100,393238500562,111,bias-calibration,20032,-34592,-137024,,,
191025290149900,393239502479,112,bias-calibration,19584,-34752,-136640,,,
191025291147800,393240502354,113,bias-calibration,20032,-34944,-136864,,,
191025292149700,393241501770,114,bias-calibration,20160,-34560,-135552,,,
191025293149900,393242500770,115,bias-calibration,19008,-34496,-136544,,,
191025294147900,393243500645,116,bias-calibration,18816,-34432,-135776,,,
191025295149800,393244500770,117,bias-calibration,18432,-33856,-136160,,,
191025296156000,393245500937,118,bias-calibration,18496,-34208,-136096,,,
191025297157700,393246500645,119,bias-calibration,19104,-33760,-135488,,,
191025298158300,393247500729,120,bias-calibration,17824,-33344,-136032,,,
191025299165300,393248500562,121,bias-calibration,18016,-33600,-135680,,,
191025300153300,393249500145,122,bias-calibration,17760,-33344,-135296,,,
191025301151600,393250500937,123,bias-calibration,17792,-32864,-135488,,,
191025302147200,393251500645,124,bias-calibration,17472,-32928,-135200,,,
191025303149500,393252500729,125,bias-calibration,16704,-32288,-135040,,,
191025305320200,393253500604,126,bias-calibration,16160,-32672,-135008,,,
191025305343000,393254500645,127,bias-calibration,16608,-32032,-134592,,,
191025306165400,393255500687,128,bias-calibration,17056,-32224,-133696,,,
191025307153700,393256500645,129,bias-calibration,15744,-32000,-134176,,,
191025308149700,393257500770,130,bias-calibration,16896,-32320,-133824,,,
191025309149000,393258501437,131,bias-calibration,16352,-31776,-134240,,,
191025310147900,393259501062,132,bias-calibration,16416,-31840,-133152,,,
191025311149200,393260500812,133,bias-calibration,16224,-31712,-133280,,,
191025312155000,393261502354,134,bias-calibration,17216,-32032,-132960,,,
191025313151800,393262501479,135,bias-calibration,16608,-31776,-132320,,,
191025314152200,393263503020,136,bias-calibration,16576,-32224,-131840,,,
191025315150300,393264500854,137,bias-calibration,16896,-32640,-131392,,,
191025316150200,393265500687,138,bias-calibration,17408,-32192,-131488,,,
191025317349600,393266500354,139,bias-calibration,17280,-32704,-130624,,,
191025318160200,393267500687,140,bias-calibration,17280,-32544,-130656,,,
191025319154600,393268500687,141,bias-calibration,18016,-32192,-129952,,,
191025320270500,393269502187,142,bias-calibration,17824,-32064,-130112,,,
191025321143400,393270500812,143,bias-calibration,18048,-32352,-129280,,,
191025322150400,393271500770,144,bias-calibration,18080,-32128,-128896,,,
191025323150100,393272500687,145,bias-calibration,17952,-32288,-128800,,,
191025324148000,393273500562,146,bias-calibration,19072,-32032,-128480,,,
191025325144700,393274500979,147,bias-calibration,18496,-31264,-128448,,,
191025326150100,393275501104,148,bias-calibration,19072,-31840,-127552,,,
191025327157400,393276500854,149,bias-calibration,18496,-30976,-127808,,,
191025328155900,393277500687,150,bias-calibration,18560,-30912,-127136,,,
191025329160100,393278500520,151,bias-calibration,18304,-30656,-127136,,,
191025330156600,393279500770,152,bias-calibration,18176,-30464,-127424,,,
191025331162200,393280500729,153,bias-calibration,18784,-30016,-126880,,,
191025332169900,393281502645,154,bias-calibration,18752,-29856,-127008,,,
191025336292400,393282504479,155,bias-calibration,18688,-29504,-126624,,,
191025336316100,393283500562,156,bias-calibration,17632,-29632,-126688,,,
191025336322900,393284500854,157,bias-calibration,18144,-29792,-125984,,,
191025336329100,393285500729,158,bias-calibration,17984,-29664,-125600,,,
191025337162400,393286500687,159,bias-calibration,17280,-29568,-126400,,,
191025338168100,393287500645,160,bias-calibration,17440,-29504,-125888,,,
191025339157400,393288502395,161,bias-calibration,17280,-29504,-125536,,,
191025340152900,393289500854,162,bias-calibration,17664,-29280,-124704,,,
191025341172200,393290500770,163,bias-calibration,16896,-29120,-125344,,,
191025342170300,393291500729,164,bias-calibration,16704,-29824,-124480,,,
191025343156000,393292501645,165,bias-calibration,15872,-29344,-124448,,,
191025344153100,393293500979,166,bias-calibration,16608,-29024,-124800,,,
191025345170700,393294501562,167,bias-calibration,16320,-29184,-124160,,,
191025346154500,393295500645,168,bias-calibration,15968,-29056,-123968,,,
191025347149100,393296500604,169,bias-calibration,15456,-29792,-123136,,,
191025348148900,393297500604,170,bias-calibration,15456,-29280,-123392,,,
191025349146700,393298500770,171,bias-calibration,15264,-29376,-123168,,,
191025350144300,393299500770,172,bias-calibration,15296,-29600,-122336,,,
191025351149100,393300500687,173,bias-calibration,15680,-29280,-122624,,,
191025352148700,393301501354,174,bias-calibration,14976,-28960,-121376,,,
191025353143000,393302501979,175,bias-calibration,15008,-29120,-121888,,,
191025354148900,393303500687,176,bias-calibration,14784,-29184,-121376,,,
191025355147900,393304501270,177,bias-calibration,15200,-29376,-121152,,,
191025356148700,393305500604,178,bias-calibration,15168,-28960,-121472,,,
191025357148300,393306500729,179,bias-calibration,15200,-28672,-121280,,,
191025358148600,393307500604,180,bias-calibration,14880,-28768,-120352,,,
191025359160300,393308501270,181,bias-calibration,15520,-28992,-120160,,,
191025360166200,393309500645,182,bias-calibration,15360,-28512,-119872,,,
191025361166700,393310500645,183,bias-calibration,15744,-28192,-119616,,,
191025362156100,393311500770,184,bias-calibration,15904,-27936,-119424,,,
191025363150600,393312500520,185,bias-calibration,15840,-28032,-118752,,,
191025364150000,393313500770,186,bias-calibration,16576,-27456,-118272,,,
191025365149700,393314500770,187,bias-calibration,16160,-27552,-118592,,,
191025366230100,393315502479,188,bias-calibration,15776,-27680,-118080,,,
191025367144700,393316500729,189,bias-calibration,16192,-26944,-118112,,,
191025368150100,393317500479,190,bias-calibration,16416,-26816,-117088,,,
191025369149100,393318500812,191,bias-calibration,16256,-26592,-118304,,,
191025370154200,393319500604,192,bias-calibration,16320,-26560,-116992,,,
191025371156000,393320501812,193,bias-calibration,16320,-26496,-116800,,,
191025372149500,393321500645,194,bias-calibration,16192,-26560,-116320,,,
191025373147300,393322500479,195,bias-calibration,15776,-26400,-115712,,,
191025374147100,393323502270,196,bias-calibration,16192,-26368,-115520,,,
191025375158100,393324500729,197,bias-calibration,15552,-26336,-115456,,,
191025376152800,393325500354,198,bias-calibration,15872,-25824,-115296,,,
191025377152200,393326500562,199,bias-calibration,16032,-25888,-115296,,,
191025378151800,393327500770,200,bias-calibration,16032,-26048,-114560,,,
191025379151200,393328501312,201,bias-calibration,15680,-25632,-114432,,,
191025380151000,393329500645,202,bias-calibration,15520,-25920,-113952,,,
191025381150800,393330503520,203,bias-calibration,15648,-25472,-113376,,,
191025382150900,393331500645,204,bias-calibration,15264,-25952,-113472,,,
191025383150900,393332500770,205,bias-calibration,15168,-25600,-112992,,,
191025384150900,393333500729,206,bias-calibration,15264,-25184,-113280,,,
191025385148500,393334500812,207,bias-calibration,14592,-25440,-112928,,,
191025386143400,393335500604,208,bias-calibration,14976,-25024,-112160,,,
191025387151500,393336500604,209,bias-calibration,14656,-25600,-112384,,,
191025388150300,393337500687,210,bias-calibration,15424,-25568,-110848,,,
191025389150400,393338500812,211,bias-calibration,14912,-25280,-111776,,,
191025390148200,393339500687,212,bias-calibration,15040,-25344,-111552,,,
191025391147500,393340500812,213,bias-calibration,15232,-25376,-110368,,,
191025392161500,393341500604,214,bias-calibration,14944,-25504,-110080,,,
191025393146000,393342500770,215,bias-calibration,14720,-25344,-110400,,,
191025394139400,393343500729,216,bias-calibration,14464,-25056,-109536,,,
191025395158300,393344500687,217,bias-calibration,13952,-25472,-109536,,,
191025396148000,393345500145,218,bias-calibration,13824,-25344,-109056,,,
191025397142100,393346501104,219,bias-calibration,14304,-24832,-109344,,,
191025398153400,393347500770,220,bias-calibration,13696,-24736,-108416,,,
191025399161300,393348500729,221,bias-calibration,14080,-24768,-108800,,,
191025400141700,393349500604,222,bias-calibration,13984,-24512,-107488,,,
191025401153700,393350501562,223,bias-calibration,14304,-24608,-107840,,,
191025402162000,393351500937,224,bias-calibration,13760,-24032,-107552,,,
191025403165500,393352502104,225,bias-calibration,13312,-23424,-107552,,,
191025404157800,393353500812,226,bias-calibration,13920,-23520,-106528,,,
191025405152000,393354500604,227,bias-calibration,13088,-23616,-107008,,,
191025406159800,393355500687,228,bias-calibration,13248,-23968,-106016,,,
191025407162100,393356500729,229,bias-calibration,13856,-23936,-105184,,,
191025408140700,393357500770,230,bias-calibration,13056,-23360,-105824,,,
191025409169200,393358500687,231,bias-calibration,13120,-23328,-104544,,,
191025410163500,393359500562,232,bias-calibration,12416,-23104,-104192,,,
191025411164700,393360500562,233,bias-calibration,12864,-22880,-104256,,,
191025412152400,393361500729,234,bias-calibration,12928,-22528,-104160,,,
191025413150500,393362502312,235,bias-calibration,12672,-22624,-103360,,,
191025414144700,393363501687,236,bias-calibration,12960,-22880,-103296,,,
191025415146100,393364500604,237,bias-calibration,12384,-22432,-102208,,,
191025416148600,393365500520,238,bias-calibration,13248,-22336,-102112,,,
191025417151300,393366500687,239,bias-calibration,12832,-22528,-101760,,,
191025418147400,393367500354,240,bias-calibration,13152,-22368,-100992,,,
191025419153900,393368500770,241,bias-calibration,13056,-22944,-100768,,,
191025420149100,393369500687,242,bias-calibration,12832,-22528,-100928,,,
191025421280500,393370504187,243,bias-calibration,13216,-22464,-99552,,,
191025422341100,393371501562,244,bias-calibration,12928,-22688,-99072,,,
191025423198600,393372500770,245,bias-calibration,12384,-21600,-99168,,,
191025424162400,393373500812,246,bias-calibration,13728,-21920,-98208,,,
191025425144400,393374500520,247,bias-calibration,13760,-21888,-97728,,,
191025426162900,393375500645,248,bias-calibration,13504,-21952,-97408,,,
191025427254700,393376500854,249,bias-calibration,13792,-21664,-97088,,,
191025428226900,393377500645,250,bias-calibration,13888,-21600,-96864,,,
191025429167100,393378500729,251,bias-calibration,14656,-21536,-96256,,,
191025430211400,393379500520,252,bias-calibration,14080,-21568,-95552,,,
191025431213600,393380500562,253,bias-calibration,14784,-21440,-95264,,,
191025432614600,393381502270,254,bias-calibration,14528,-21248,-95136,,,
191025433163100,393382501312,255,bias-calibration,14880,-21216,-94048,,,
191025434150000,393383502937,0,bias-calibration,14496,-20512,-93504,,,
191025435301900,393384500520,1,bias-calibration,15072,-20928,-93600,,,
191025436146100,393385500604,2,bias-calibration,14976,-20960,-92448,,,
191025437162000,393386501895,3,bias-calibration,14784,-20864,-91968,,,
191025438147500,393387503562,4,bias-calibration,14880,-20352,-92256,,,
191025439157400,393388502145,5,bias-calibration,15136,-20448,-91712,,,
191025440145200,393389500604,6,bias-calibration,15104,-20736,-91424,,,
191025441166600,393390501062,7,bias-calibration,14720,-20768,-91008,,,
191025442165000,393391500729,8,bias-calibration,15264,-20800,-90336,,,
191025443147800,393392501145,9,bias-calibration,15392,-20512,-90368,,,
191025444140000,393393500729,10,bias-calibration,14560,-20320,-89568,,,
191025445182000,393394500604,11,bias-calibration,14784,-20160,-89280,,,
191025446240600,393395500937,12,bias-calibration,14816,-20288,-88896,,,
191025447158400,393396500729,13,bias-calibration,14368,-20512,-88416,,,
191025448155400,393397500687,14,bias-calibration,14336,-20288,-88224,,,
191025449172400,393398500645,15,bias-calibration,14112,-19968,-87648,,,
191025450170400,393399502229,16,bias-calibration,14176,-20288,-87680,,,
191025451164100,393400500895,17,bias-calibration,13984,-19968,-87104,,,
191025452231400,393401501062,18,bias-calibration,13600,-20256,-86656,,,
191025453150500,393402500687,19,bias-calibration,13184,-19936,-86688,,,
191025454144100,393403500604,20,bias-calibration,13120,-19872,-86784,,,
191025455149400,393404501479,21,bias-calibration,12832,-19392,-85696,,,
191025456147500,393405500812,22,bias-calibration,12576,-19872,-86272,,,
191025457237300,393406500645,23,bias-calibration,12096,-18944,-86304,,,
191025458173900,393407500645,24,bias-calibration,11840,-18912,-85632,,,
191025459167800,393408500520,25,bias-calibration,12288,-19232,-85248,,,
191025460152800,393409500104,26,bias-calibration,12256,-18336,-84704,,,
191025461146400,393410500895,27,bias-calibration,11712,-18656,-84416,,,
191025462168900,393411500645,28,bias-calibration,11616,-18496,-83936,,,
191025463151800,393412500687,29,bias-calibration,11712,-18400,-83360,,,
191025464167200,393413500520,30,bias-calibration,11168,-18496,-83520,,,
191025465151400,393414500645,31,bias-calibration,11840,-18016,-82752,,,
191025466150200,393415500687,32,bias-calibration,11232,-18112,-82464,,,
191025467247500,393416500604,33,bias-calibration,11200,-18176,-82400,,,
191025468161900,393417502187,34,bias-calibration,11840,-17728,-82304,,,
191025469142500,393418500604,35,bias-calibration,11136,-17504,-82400,,,
191025470237500,393419500520,36,bias-calibration,12096,-18112,-80512,,,
191025471150800,393420500812,37,bias-calibration,11424,-17632,-80704,,,
191025472162700,393421500479,38,bias-calibration,11072,-17184,-80448,,,
191025473165300,393422500687,39,bias-calibration,11104,-17792,-80128,,,
191025474161600,393423500687,40,bias-calibration,11648,-18112,-79232,,,
191025475169400,393424500812,41,bias-calibration,12160,-17664,-78976,,,
191025476153900,393425500520,42,bias-calibration,11584,-17536,-79072,,,
191025477154600,393426500520,43,bias-calibration,11584,-17376,-78336,,,
191025478156400,393427500729,44,bias-calibration,12544,-17536,-77472,,,
191025479161900,393428501395,45,bias-calibration,11712,-17216,-77600,,,
191025480145600,393429502187,46,bias-calibration,11456,-17344,-77024,,,
191025481160800,393430500854,47,bias-calibration,11968,-17664,-75680,,,
191025482159700,393431500437,48,bias-calibration,11296,-17728,-76704,,,
191025483162500,393432502395,49,bias-calibration,11936,-17696,-75584,,,
191025484163900,393433500437,50,bias-calibration,12256,-17632,-75008,,,
191025485153500,393434501437,51,bias-calibration,12320,-17856,-75168,,,
191025486240600,393435500687,52,bias-calibration,11008,-16960,-75040,,,
191025487234800,393436500645,53,bias-calibration,11424,-17824,-74176,,,
191025488245800,393437500645,54,bias-calibration,11648,-16928,-74720,,,
191025489150400,393438500520,55,bias-calibration,11360,-16928,-73664,,,
191025490160300,393439500854,56,bias-calibration,10880,-16832,-73568,,,
191025491153400,393440500645,57,bias-calibration,10656,-16704,-73664,,,
191025492161100,393441500187,58,bias-calibration,11072,-17056,-72672,,,
191025493145400,393442500687,59,bias-calibration,10656,-16672,-72128,,,
191025494173900,393443500645,60,bias-calibration,10176,-16160,-72416,,,
191025495165600,393444500854,61,bias-calibration,10304,-16096,-71776,,,
191025496168500,393445500729,62,bias-calibration,9664,-16384,-71104,,,
191025497156400,393446500729,63,bias-calibration,9056,-15872,-71520,,,
191025498143800,393447502062,64,bias-calibration,9280,-16096,-71072,,,
191025499146600,393448500562,65,bias-calibration,8704,-16192,-70880,,,
191025500167200,393449500770,66,bias-calibration,8192,-16032,-70528,,,
191025501153500,393450500687,67,bias-calibration,8064,-16096,-70240,,,
191025502158200,393451501729,68,bias-calibration,8192,-16224,-69856,,,
191025503165400,393452500645,69,bias-calibration,7456,-15712,-70176,,,
191025504166300,393453501520,70,bias-calibration,7616,-15616,-68864,,,
191025505163000,393454500812,71,bias-calibration,6656,-15456,-68736,,,
191025506249900,393455500729,72,bias-calibration,7296,-15392,-68736,,,
191025507150400,393456501645,73,bias-calibration,7520,-15424,-68416,,,
191025508169000,393457500479,74,bias-calibration,6848,-15712,-68000,,,
191025509251100,393458502104,75,bias-calibration,6176,-15072,-67968,,,
191025510204800,393459500812,76,bias-calibration,6272,-15072,-68000,,,
191025511320300,393460509562,77,bias-calibration,6592,-14848,-66496,,,
191025512152400,393461500687,78,bias-calibration,5696,-15424,-65760,,,
191025513261700,393462500562,79,bias-calibration,6560,-14944,-65696,,,
191025514221400,393463500354,80,bias-calibration,7072,-15744,-64704,,,
191025515316200,393464500812,81,bias-calibration,6592,-15232,-64800,,,
191025516260800,393465500604,82,bias-calibration,6272,-14720,-64704,,,
191025517161000,393466500729,83,bias-calibration,6432,-14176,-64960,,,
191025518364200,393467500604,84,bias-calibration,6240,-14592,-64288,,,
191025519158000,393468500979,85,bias-calibration,6784,-14784,-63232,,,
191025520164100,393469501104,86,bias-calibration,6432,-13984,-63616,,,
191025521159400,393470501479,87,bias-calibration,7232,-14112,-63136,,,
191025522155900,393471503062,88,bias-calibration,6336,-13952,-63008,,,
191025523157000,393472500479,89,bias-calibration,7456,-13920,-61920,,,
191025524151600,393473500770,90,bias-calibration,6624,-13216,-62080,,,
191025525152500,393474500812,91,bias-calibration,7648,-13696,-60672,,,
191025526147200,393475500812,92,bias-calibration,6816,-13216,-61504,,,
191025527145800,393476500645,93,bias-calibration,7264,-13056,-60064,,,
191025528157100,393477500562,94,bias-calibration,7200,-13280,-59456,,,
191025529244000,393478500854,95,bias-calibration,7168,-13216,-59328,,,
191025530218800,393479500770,96,bias-calibration,6752,-13056,-58688,,,
191025531246100,393480500812,97,bias-calibration,7168,-13216,-58560,,,
191025532143800,393481500604,98,bias-calibration,6304,-12928,-58720,,,
191025533166900,393482501145,99,bias-calibration,6720,-13440,-57248,,,
191025534168600,393483500729,100,bias-calibration,6496,-13056,-57312,,,
191025535160400,393484500729,101,bias-calibration,6592,-13088,-56768,,,
191025536145300,393485500562,102,bias-calibration,7008,-12896,-56992,,,
191025537164400,393486500604,103,bias-calibration,6304,-12992,-56736,,,
191025538158800,393487500645,104,bias-calibration,6080,-12736,-55808,,,
191025539161200,393488500854,105,bias-calibration,5664,-12736,-56512,,,
191025540162600,393489500687,106,bias-calibration,5024,-12704,-55264,,,
191025541151500,393490500562,107,bias-calibration,5120,-12448,-54912,,,
191025542152200,393491500520,108,bias-calibration,4864,-12480,-55136,,,
191025543151200,393492500729,109,bias-calibration,4480,-12448,-54592,,,
191025544165200,393493500770,110,bias-calibration,3904,-12864,-54464,,,
191025545163900,393494500562,111,bias-calibration,3520,-12128,-53120,,,
191025546158600,393495500520,112,bias-calibration,3264,-11936,-53888,,,
191025547161400,393496500562,113,bias-calibration,3552,-11968,-53088,,,
191025548151800,393497500729,114,bias-calibration,2432,-12032,-53312,,,
191025549141100,393498501812,115,bias-calibration,2272,-11840,-52672,,,
191025550155500,393499501854,116,bias-calibration,2144,-11424,-52640,,,
191025551156400,393500502354,117,bias-calibration,1952,-11296,-51744,,,
191025552147700,393501500562,118,bias-calibration,1824,-11040,-51712,,,
191025553144500,393502500687,119,bias-calibration,1184,-10848,-51872,,,
191025554154100,393503500645,120,bias-calibration,1312,-10464,-51488,,,
191025555146000,393504500729,121,bias-calibration,864,-10080,-51040,,,
191025556145700,393505500395,122,bias-calibration,864,-10144,-50784,,,
191025557155500,393506501395,123,bias-calibration,512,-9568,-50496,,,
191025558149300,393507500687,124,bias-calibration,448,-9728,-49696,,,
191025559141400,393508501604,125,bias-calibration,416,-9696,-49664,,,
191025560142000,393509500687,126,bias-calibration,672,-9696,-48928,,,
191025561141900,393510500604,127,bias-calibration,-64,-9280,-49152,,,
191025562141900,393511501229,128,bias-calibration,544,-9472,-48224,,,
191025563152100,393512500687,129,bias-calibration,1248,-9440,-46752,,,
191025564155600,393513500729,130,bias-calibration,1056,-9408,-47200,,,
191025565163200,393514500812,131,bias-calibration,736,-9696,-46624,,,
191025566149100,393515501645,132,bias-calibration,1312,-9632,-45696,,,
191025567140200,393516501645,133,bias-calibration,1024,-9312,-44832,,,
191025568152200,393517502104,134,bias-calibration,1472,-9504,-44384,,,
191025569149400,393518502229,135,bias-calibration,1056,-9408,-44896,,,
191025570149300,393519500562,136,bias-calibration,1280,-8736,-44032,,,
191025571150200,393520500979,137,bias-calibration,1792,-9472,-43520,,,
191025572150300,393521500604,138,bias-calibration,1408,-9536,-42784,,,
191025573145700,393522500687,139,bias-calibration,1376,-9376,-41888,,,
191025574150100,393523500729,140,bias-calibration,1792,-9408,-41536,,,
191025575141000,393524500604,141,bias-calibration,1056,-9376,-41536,,,
191025576146500,393525500604,142,bias-calibration,1728,-9344,-40928,,,
191025577144600,393526500895,143,bias-calibration,1440,-9536,-40064,,,
191025578149700,393527500729,144,bias-calibration,1536,-8640,-40704,,,
191025579147100,393528500687,145,bias-calibration,1824,-9216,-39712,,,
191025580164300,393529500645,146,bias-calibration,1280,-9152,-39552,,,
191025581147000,393530500520,147,bias-calibration,1536,-8672,-38944,,,
191025582161400,393531500812,148,bias-calibration,1568,-8320,-38048,,,
191025583177400,393532500770,149,bias-calibration,896,-8800,-37696,,,
191025584165800,393533500770,150,bias-calibration,672,-8320,-38112,,,
191025585165700,393534501770,151,bias-calibration,864,-8256,-37824,,,
191025586145100,393535500854,152,bias-calibration,384,-7840,-37248,,,
191025587149000,393536502062,153,bias-calibration,192,-7808,-36640,,,
191025588148200,393537500729,154,bias-calibration,-288,-7616,-36928,,,
191025589147600,393538500645,155,bias-calibration,-416,-7392,-36864,,,
191025590148000,393539500562,156,bias-calibration,-160,-7584,-36096,,,
191025591148100,393540500562,157,bias-calibration,-1152,-6944,-36384,,,
191025592146300,393541500729,158,bias-calibration,-1056,-7200,-35808,,,
191025593148400,393542500562,159,bias-calibration,-1472,-6784,-35232,,,
191025594148900,393543500729,160,bias-calibration,-1152,-6176,-35296,,,
191025595147700,393544500437,161,bias-calibration,-1632,-6784,-34336,,,
191025596157900,393545500520,162,bias-calibration,-1984,-6880,-34048,,,
191025597159700,393546500729,163,bias-calibration,-2112,-6112,-33504,,,
191025598153500,393547501312,164,bias-calibration,-2464,-6336,-33792,,,
191025599147600,393548500770,165,bias-calibration,-2816,-6240,-32768,,,
191025600148800,393549500562,166,bias-calibration,-1792,-6144,-32512,,,
191025601148400,393550500562,167,bias-calibration,-3168,-5984,-32224,,,
191025602148500,393551500770,168,bias-calibration,-2496,-6080,-31776,,,
191025603148700,393552502187,169,bias-calibration,-2784,-6400,-31872,,,
191025604146500,393553501395,170,bias-calibration,-2432,-5920,-30624,,,
191025605146800,393554500479,171,bias-calibration,-2944,-5568,-31072,,,
191025606148400,393555500479,172,bias-calibration,-2880,-5280,-30048,,,
191025607146300,393556500729,173,bias-calibration,-2624,-5760,-29888,,,
191025608148600,393557500562,174,bias-calibration,-2880,-5376,-29504,,,
191025609145800,393558501687,175,bias-calibration,-2784,-4864,-28736,,,
191025610147300,393559500604,176,bias-calibration,-2464,-5600,-29280,,,
191025611146800,393560500854,177,bias-calibration,-2208,-5600,-27872,,,
191025612144800,393561500687,178,bias-calibration,-3328,-4736,-28352,,,
191025613165300,393562500604,179,bias-calibration,-2464,-5280,-27808,,,
191025614250100,393563500604,180,bias-calibration,-2464,-5184,-27136,,,
191025615162200,393564502270,181,bias-calibration,-2304,-4800,-26880,,,
191025616152800,393565500770,182,bias-calibration,-2912,-4672,-26464,,,
191025617164000,393566500729,183,bias-calibration,-2144,-4960,-25856,,,
191025618147700,393567500770,184,bias-calibration,-2400,-4672,-25376,,,
191025619147800,393568500520,185,bias-calibration,-2272,-4704,-25184,,,
191025620146700,393569501229,186,bias-calibration,-2048,-4992,-24544,,,
191025621146700,393570501895,187,bias-calibration,-2336,-4832,-25120,,,
191025622146800,393571501895,188,bias-calibration,-2048,-4768,-24224,,,
191025623146700,393572500437,189,bias-calibration,-2560,-4384,-23680,,,
191025624148500,393573500562,190,bias-calibration,-2944,-4448,-23776,,,
191025625147100,393574500395,191,bias-calibration,-2496,-4608,-22720,,,
191025626144700,393575500854,192,bias-calibration,-2848,-4256,-23424,,,
191025627146600,393576500729,193,bias-calibration,-2464,-4480,-22208,,,
191025628163900,393577500895,194,bias-calibration,-3456,-4192,-22816,,,
191025629164200,393578500520,195,bias-calibration,-3360,-4352,-21952,,,
191025630142200,393579500437,196,bias-calibration,-2720,-3488,-22208,,,
191025631146500,393580500979,197,bias-calibration,-3776,-3840,-21376,,,
191025632199600,393581500687,198,bias-calibration,-3232,-3712,-20960,,,
191025633161500,393582500479,199,bias-calibration,-3744,-3904,-21024,,,
191025634145600,393583501062,200,bias-calibration,-3616,-3776,-20160,,,
191025635144200,393584501979,201,bias-calibration,-3648,-4064,-20320,,,
191025636144700,393585500770,202,bias-calibration,-4448,-4064,-20896,,,
191025637144600,393586500562,203,bias-calibration,-4288,-3712,-20608,,,
191025638144500,393587500645,204,bias-calibration,-3744,-3744,-19616,,,
191025639144500,393588502020,205,bias-calibration,-4768,-3520,-19232,,,
191025640144200,393589500479,206,bias-calibration,-5056,-3552,-19264,,,
191025641152700,393590502104,207,bias-calibration,-4384,-3200,-18144,,,
191025642149900,393591500604,208,bias-calibration,-4672,-3520,-18144,,,
191025643146200,393592500562,209,bias-calibration,-5856,-3008,-18016,,,
191025644158900,393593500520,210,bias-calibration,-5664,-3904,-17920,,,
191025645158400,393594502187,211,bias-calibration,-4992,-3296,-17248,,,
191025646149700,393595500729,212,bias-calibration,-5856,-3552,-17952,,,
191025647148100,393596500604,213,bias-calibration,-5888,-3328,-17024,,,
191025648146000,393597500645,214,bias-calibration,-5632,-2816,-16992,,,
191025649147500,393598500479,215,bias-calibration,-5888,-3200,-16768,,,
191025650147300,393599501770,216,bias-calibration,-6400,-2912,-16384,,,
191025651147500,393600500895,217,bias-calibration,-6240,-3072,-16928,,,
191025652147500,393601500604,218,bias-calibration,-6048,-2656,-16096,,,
191025653147500,393602500604,219,bias-calibration,-6752,-2720,-16032,,,
191025654146400,393603500437,220,bias-calibration,-6336,-2784,-14592,,,
191025655147200,393604500770,221,bias-calibration,-6528,-2816,-16032,,,
191025656147200,393605500645,222,bias-calibration,-6240,-2784,-14688,,,
191025657147200,393606500604,223,bias-calibration,-6400,-2560,-15136,,,
191025658147400,393607500687,224,bias-calibration,-6528,-2432,-14080,,,
191025659147200,393608500604,225,bias-calibration,-6656,-1984,-14848,,,
191025660266600,393609500812,226,bias-calibration,-6944,-2560,-14016,,,
191025661423100,393610500812,227,bias-calibration,-6656,-2400,-14240,,,
191025662166000,393611502770,228,bias-calibration,-6560,-2144,-13088,,,
191025663145300,393612501770,229,bias-calibration,-6592,-1888,-13024,,,
191025664475600,393613500479,230,bias-calibration,-6528,-1984,-13376,,,
191025665234400,393614500729,231,bias-calibration,-5824,-1312,-12928,,,
191025666140800,393615500729,232,bias-calibration,-5728,-1632,-12224,,,
191025667142000,393616500895,233,bias-calibration,-5952,-1600,-12416,,,
191025668141800,393617500604,234,bias-calibration,-6368,-1696,-11744,,,
191025669141100,393618500520,235,bias-calibration,-6112,-1600,-12256,,,
191025670147700,393619500770,236,bias-calibration,-6048,-960,-12480,,,
191025671151800,393620500770,237,bias-calibration,-6336,-1248,-10976,,,
191025672152100,393621500562,238,bias-calibration,-6112,-1408,-11584,,,
191025673151600,393622500479,239,bias-calibration,-6144,-1248,-10528,,,
191025674149000,393623500645,240,bias-calibration,-6240,-1152,-10848,,,
191025675151100,393624500687,241,bias-calibration,-5984,-1088,-10496,,,
191025676153200,393625500687,242,bias-calibration,-6656,-1600,-9728,,,
191025677148700,393626500520,243,bias-calibration,-5760,-1440,-9824,,,
191025678145900,393627500562,244,bias-calibration,-6496,-1472,-9664,,,
191025679150600,393628500520,245,bias-calibration,-6240,-1472,-9536,,,
191025680149400,393629500645,246,bias-calibration,-7776,-1472,-9056,,,
191025681151600,393630500645,247,bias-calibration,-6048,-1536,-8896,,,
191025682149500,393631500520,248,bias-calibration,-6432,-1216,-9088,,,
191025683150000,393632500395,249,bias-calibration,-6528,-1920,-8448,,,
191025684151400,393633500687,250,bias-calibration,-7168,-1568,-8320,,,
191025685149100,393634500854,251,bias-calibration,-6464,-1376,-7680,,,
191025686147900,393635501895,252,bias-calibration,-6912,-1344,-8704,,,
191025687147000,393636500687,253,bias-calibration,-7168,-1472,-7936,,,
191025688150900,393637500645,254,bias-calibration,-7136,-1664,-7136,,,
191025689149500,393638500770,255,bias-calibration,-7008,-1664,-7168,,,
191025690151200,393639500645,0,bias-calibration,-7456,-1792,-7488,,,
191025691151400,393640500812,1,bias-calibration,-6976,-1792,-6560,,,
191025692176200,393641500645,2,bias-calibration,-7840,-928,-7520,,,
191025693152500,393642500437,3,bias-calibration,-7584,-1536,-7264,,,
191025694148700,393643500770,4,bias-calibration,-7360,-1184,-6784,,,
191025695147900,393644500645,5,bias-calibration,-7776,-1376,-5888,,,
191025696147800,393645500604,6,bias-calibration,-7776,-1248,-7008,,,
191025697148100,393646500729,7,bias-calibration,-8704,-1024,-5856,,,
191025698146500,393647500395,8,bias-calibration,-7840,-768,-6112,,,
191025699147100,393648500604,9,bias-calibration,-8000,-896,-5664,,,
191025700147300,393649500562,10,bias-calibration,-8032,-576,-5824,,,
191025701147300,393650500604,11,bias-calibration,-8096,-576,-5664,,,
191025702147300,393651500604,12,bias-calibration,-8416,-640,-5472,,,
191025703147400,393652500437,13,bias-calibration,-7840,-224,-5440,,,
191025704147400,393653501520,14,bias-calibration,-8320,-320,-5376,,,
191025705147100,393654500645,15,bias-calibration,-7840,-64,-5184,,,
191025706145300,393655500437,16,bias-calibration,-8384,-64,-4512,,,
191025707147200,393656500687,17,bias-calibration,-8096,480,-5184,,,
191025708147700,393657500812,18,bias-calibration,-8064,-32,-3776,,,
191025709162100,393658500687,19,bias-calibration,-7424,-288,-3808,,,
191025710150200,393659500562,20,bias-calibration,-7712,32,-3712,,,
191025711148100,393660500520,21,bias-calibration,-8064,32,-4384,,,
191025712147300,393661500520,22,bias-calibration,-7360,576,-4128,,,
191025713147200,393662500687,23,bias-calibration,-7360,288,-2944,,,
191025714147400,393663500770,24,bias-calibration,-7360,64,-3456,,,
191025715147000,393664500562,25,bias-calibration,-7808,224,-2784,,,
191025716147100,393665500562,26,bias-calibration,-7168,384,-2720,,,
191025717145100,393666500604,27,bias-calibration,-7360,32,-2016,,,
191025718147100,393667500687,28,bias-calibration,-7264,-160,-2336,,,
191025719147200,393668500729,29,bias-calibration,-7712,64,-2272,,,
191025720147000,393669500729,30,bias-calibration,-7968,32,-1600,,,
191025721147000,393670500770,31,bias-calibration,-7808,96,-2048,,,
191025722144900,393671502104,32,bias-calibration,-7936,512,-1792,,,
191025723145100,393672502145,33,bias-calibration,-8000,-96,-1600,,,
191025724383200,393673500729,34,bias-calibration,-8256,256,-1824,,,
191025725239100,393674500604,35,bias-calibration,-8192,192,-1856,,,
191025726150700,393675500520,36,bias-calibration,-8288,-224,-1472,,,
191025727147800,393676501145,37,bias-calibration,-8672,512,-1184,,,
191025728150600,393677500812,38,bias-calibration,-8640,576,-1024,,,
191025729151600,393678500645,39,bias-calibration,-8320,-32,-704,,,
191025730151800,393679500687,40,bias-calibration,-8832,192,-1440,,,
191025731152100,393680504062,41,bias-calibration,-8352,192,-320,,,
191025732151800,393681500604,42,bias-calibration,-9472,320,-1536,,,
191025733149600,393682503312,43,bias-calibration,-8800,-320,288,,,
191025734150800,393683500729,44,bias-calibration,-8832,512,-384,,,
191025735151500,393684500604,45,bias-calibration,-9152,736,-832,,,
191025736190300,393685500104,46,bias-calibration,-9856,608,-384,,,
191025737147800,393686500604,47,bias-calibration,-9216,576,320,,,
191025738147700,393687500812,48,bias-calibration,-9760,608,-576,,,
191025739143300,393688500729,49,bias-calibration,-8864,320,160,,,
191025740144500,393689500520,50,bias-calibration,-9184,576,-224,,,
191025741142700,393690500395,51,bias-calibration,-8992,864,-160,,,
191025742142100,393691500854,52,bias-calibration,-8672,928,32,,,
191025743141000,393692500687,53,bias-calibration,-8992,992,608,,,
191025744143400,393693500604,54,bias-calibration,-9152,1312,288,,,
191025745143300,393694500562,55,bias-calibration,-8832,1088,416,,,
191025746143700,393695500729,56,bias-calibration,-8672,1600,320,,,
191025747142900,393696500812,57,bias-calibration,-8864,1312,896,,,
191025748142800,393697500687,58,bias-calibration,-8352,1120,1120,,,
191025749144100,393698500645,59,bias-calibration,-7904,1504,1376,,,
191025750144800,393699500562,60,bias-calibration,-8032,1408,1088,,,
191025751142800,393700502979,61,bias-calibration,-8352,1472,1088,,,
191025752143100,393701500770,62,bias-calibration,-8576,1792,1184,,,
191025753156300,393702500520,63,bias-calibration,-7936,1440,992,,,
191025754139800,393703500687,64,bias-calibration,-7776,1728,1728,,,
191025755173700,393704500520,65,bias-calibration,-8096,1504,2016,,,
191025756158800,393705500437,66,bias-calibration,-7936,1408,1728,,,
191025757143400,393706500770,67,bias-calibration,-7488,2240,1824,,,
191025758150500,393707500562,68,bias-calibration,-8256,1440,2560,,,
191025759175300,393708502020,69,bias-calibration,-8160,1344,1888,,,
191025760160200,393709500562,70,bias-calibration,-7616,1472,2240,,,
191025761161100,393710502020,71,bias-calibration,-7712,1440,1824,,,
191025762149800,393711500645,72,bias-calibration,-7648,1792,3040,,,
191025763145000,393712500604,73,bias-calibration,-8512,2368,2400,,,
191025764146500,393713500604,74,bias-calibration,-8416,2112,2368,,,
191025765146600,393714501562,75,bias-calibration,-8544,1600,2592,,,
191025766161300,393715500479,76,bias-calibration,-8288,1792,1472,,,
191025767143200,393716500562,77,bias-calibration,-8704,2144,2560,,,
191025768143600,393717501187,78,bias-calibration,-8224,2400,1952,,,
191025769147000,393718500645,79,bias-calibration,-8160,2016,2144,,,
191025770145100,393719501895,80,bias-calibration,-8032,2208,2240,,,
191025771154700,393720500770,81,bias-calibration,-7936,1824,2368,,,
191025772151700,393721500687,82,bias-calibration,-8512,1952,2432,,,
191025773149800,393722505062,83,bias-calibration,-8384,1728,2688,,,
191025774147300,393723500770,84,bias-calibration,-8096,1504,2784,,,
191025775143900,393724502479,85,bias-calibration,-8736,2368,2016,,,
191025776157700,393725500562,86,bias-calibration,-8960,1664,2688,,,
191025777156600,393726500729,87,bias-calibration,-8960,1664,1824,,,
191025778150800,393727500937,88,bias-calibration,-8608,1472,2016,,,
191025779146000,393728500687,89,bias-calibration,-8672,1600,2272,,,
191025780145600,393729500479,90,bias-calibration,-8672,2144,1984,,,
191025781145400,393730500812,91,bias-calibration,-9248,1984,1664,,,
191025782147900,393731500770,92,bias-calibration,-8384,2304,2176,,,
191025783147700,393732506354,93,bias-calibration,-9120,2304,2016,,,
191025784147500,393733501520,94,bias-calibration,-8224,2272,2048,,,
191025785147600,393734500437,95,bias-calibration,-8832,2624,2272,,,
191025786164300,393735500729,96,bias-calibration,-9120,2336,2464,,,
191025787154600,393736500562,97,bias-calibration,-8512,1888,2912,,,
191025788151500,393737500604,98,bias-calibration,-8448,1888,2144,,,
191025789150600,393738500645,99,bias-calibration,-9120,2240,1888,,,
191025790148300,393739501854,100,bias-calibration,-9568,2112,2080,,,
191025791148100,393740500645,101,bias-calibration,-9600,2240,1632,,,
191025792147600,393741500562,102,bias-calibration,-9568,2592,1600,,,
191025793147700,393742500604,103,bias-calibration,-9408,2304,1824,,,
191025794148000,393743500562,104,bias-calibration,-8576,3520,1472,,,
191025795145600,393744500479,105,bias-calibration,-8640,2784,1696,,,
191025796145500,393745500687,106,bias-calibration,-8480,3008,1888,,,
191025797147700,393746500729,107,bias-calibration,-8960,2240,2016,,,
191025798146800,393747500520,108,bias-calibration,-8032,2912,1312,,,
191025799147600,393748500604,109,bias-calibration,-8224,3168,1952,,,
191025800147400,393749500395,110,bias-calibration,-8832,2912,992,,,
191025801147500,393750500729,111,bias-calibration,-7616,2720,1568,,,
191025802145300,393751500604,112,bias-calibration,-8224,2784,736,,,
191025803146600,393752500729,113,bias-calibration,-7776,2752,1504,,,
191025804144800,393753501979,114,bias-calibration,-8064,2880,1248,,,
191025805159900,393754500729,115,bias-calibration,-7872,2272,1056,,,
191025806150400,393755500687,116,bias-calibration,-8096,2816,1792,,,
191025807145900,393756500562,117,bias-calibration,-8032,2400,1248,,,
191025808147600,393757500270,118,bias-calibration,-7776,2496,960,,,
191025809146300,393758500604,119,bias-calibration,-7392,2784,1248,,,
191025810145700,393759500687,120,bias-calibration,-8128,2496,1312,,,
191025811147100,393760500729,121,bias-calibration,-7488,2784,1088,,,
191025812147300,393761500687,122,bias-calibration,-7008,2496,1440,,,
191025813147600,393762500937,123,bias-calibration,-7328,2624,1344,,,
191025814147000,393763500437,124,bias-calibration,-7552,2720,1024,,,
191025815147000,393764501520,125,bias-calibration,-7488,2144,544,,,
191025816147100,393765502770,126,bias-calibration,-7136,2656,768,,,
191025817141100,393766500437,127,bias-calibration,-7136,2464,832,,,
191025818140200,393767500562,128,bias-calibration,-8320,2688,800,,,
191025819195400,393768500479,129,bias-calibration,-7680,2528,448,,,
191025820151100,393769500145,130,bias-calibration,-7744,2336,576,,,
191025821157200,393770500812,131,bias-calibration,-7744,2272,992,,,
191025822141500,393771501270,132,bias-calibration,-7712,2240,640,,,
191025823146200,393772500687,133,bias-calibration,-8576,2464,-480,,,
191025824154700,393773500562,134,bias-calibration,-8032,2208,128,,,
191025825145600,393774501770,135,bias-calibration,-8128,2240,-480,,,
191025826149400,393775500729,136,bias-calibration,-8064,2048,-224,,,
191025827147700,393776500520,137,bias-calibration,-8544,2496,-768,,,
191025828146000,393777501437,138,bias-calibration,-8416,2400,-64,,,
191025829147500,393778500437,139,bias-calibration,-8320,1952,-192,,,
191025830147300,393779500729,140,bias-calibration,-8256,1984,-992,,,
191025831146100,393780500770,141,bias-calibration,-8416,2336,-1312,,,
191025832147100,393781500520,142,bias-calibration,-8384,2368,-1568,,,
191025833146900,393782503312,143,bias-calibration,-8768,2144,-1568,,,
191025834145000,393783500479,144,bias-calibration,-8608,2560,-1760,,,
191025835149900,393784501395,145,bias-calibration,-9248,2336,-1984,,,
191025836162800,393785500729,146,bias-calibration,-8832,2304,-2208,,,
191025837149600,393786500520,147,bias-calibration,-8640,2016,-2080,,,
191025838147300,393787500562,148,bias-calibration,-8768,2144,-2240,,,
191025839145600,393788500479,149,bias-calibration,-8960,2656,-2432,,,
191025840147300,393789500687,150,bias-calibration,-8576,2496,-2336,,,
191025841147200,393790500687,151,bias-calibration,-8576,1952,-2432,,,
191025842144900,393791500520,152,bias-calibration,-8896,2432,-2688,,,
191025843149100,393792500479,153,bias-calibration,-8896,2784,-2304,,,
191025844147400,393793500604,154,bias-calibration,-8320,2624,-2720,,,
191025845147200,393794502145,155,bias-calibration,-8896,2624,-3264,,,
191025846143400,393795500729,156,bias-calibration,-8320,2752,-3136,,,
191025847147000,393796500437,157,bias-calibration,-9184,2624,-2720,,,
191025848147000,393797500604,158,bias-calibration,-9056,2784,-3264,,,
191025849147000,393798500562,159,bias-calibration,-8384,2848,-2912,,,
191025850147100,393799500854,160,bias-calibration,-8928,2816,-3488,,,
191025851150700,393800500604,161,bias-calibration,-8544,2624,-3584,,,
191025852160200,393801500854,162,bias-calibration,-8576,2080,-3392,,,
191025853144800,393802500562,163,bias-calibration,-8320,2176,-2464,,,
191025854144400,393803500770,164,bias-calibration,-8288,2144,-3360,,,
191025855143400,393804500645,165,bias-calibration,-7680,2272,-3136,,,
191025856143200,393805500645,166,bias-calibration,-8416,2176,-3360,,,
191025857143200,393806500187,167,bias-calibration,-8096,2272,-2880,,,
191025858143600,393807500604,168,bias-calibration,-8064,2336,-3136,,,
191025859143200,393808500646,169,bias-calibration,-8128,2208,-3904,,,
191025860143400,393809500604,170,bias-calibration,-7936,1728,-3200,,,
191025861143100,393810500646,171,bias-calibration,-8256,2208,-3168,,,
191025862143200,393811501062,172,bias-calibration,-7648,1824,-2912,,,
191025863143200,393812500521,173,bias-calibration,-8096,2592,-3872,,,
191025864143100,393813500729,174,bias-calibration,-7328,1952,-3680,,,
191025865143200,393814500646,175,bias-calibration,-7072,2368,-4064,,,
191025866143600,393815500729,176,bias-calibration,-6816,2144,-3552,,,
191025867132300,393816500437,177,bias-calibration,-7232,1952,-3168,,,
191025868162500,393817500437,178,bias-calibration,-6560,2400,-3648,,,
191025869148800,393818500729,179,bias-calibration,-6368,2176,-3104,,,
191025870152400,393819500604,180,bias-calibration,-6400,2336,-3808,,,
191025871147700,393820500521,181,bias-calibration,-6752,2464,-3808,,,
191025872148600,393821500479,182,bias-calibration,-7072,2016,-3552,,,
191025873154000,393822500437,183,bias-calibration,-6688,1856,-3392,,,
191025874150500,393823500604,184,bias-calibration,-5856,2272,-4064,,,
191025875154200,393824500604,185,bias-calibration,-6400,2368,-3744,,,
191025876145600,393825500479,186,bias-calibration,-5504,1888,-3488,,,
191025877156900,393826500521,187,bias-calibration,-6624,2176,-3584,,,
191025878140900,393827500646,188,bias-calibration,-5888,2176,-3808,,,
191025879145300,393828500646,189,bias-calibration,-5760,2688,-3936,,,
191025880147500,393829500646,190,bias-calibration,-5120,2016,-3744,,,
191025881162600,393830500479,191,bias-calibration,-5664,2080,-3360,,,
191025882156800,393831500354,192,bias-calibration,-5664,1984,-3968,,,
191025883178900,393832500729,193,bias-calibration,-5120,2144,-3776,,,
191025884253300,393833501479,194,bias-calibration,-5088,2080,-3712,,,
191025885173300,393834500687,195,bias-calibration,-5536,1920,-3616,,,
191025886173400,393835500646,196,bias-calibration,-4704,2016,-3008,,,
191025887156000,393836500604,197,bias-calibration,-5344,2144,-3392,,,
191025888155600,393837500729,198,bias-calibration,-5376,1728,-3040,,,
191025889177500,393838500562,199,bias-calibration,-5440,1792,-4000,,,
191025890145700,393839500604,200,bias-calibration,-5792,1856,-3904,,,
191025891145900,393840500479,201,bias-calibration,-4896,2208,-3968,,,
191025892162100,393841501979,202,bias-calibration,-5376,2208,-3168,,,
191025893165600,393842500646,203,bias-calibration,-5216,2016,-3680,,,
191025894162900,393843500604,204,bias-calibration,-5472,1824,-3200,,,
191025895149400,393844500562,205,bias-calibration,-4640,2336,-3232,,,
191025896166600,393845500479,206,bias-calibration,-5120,2656,-2784,,,
191025897151200,393846500521,207,bias-calibration,-5408,2560,-4320,,,
191025898143000,393847500687,208,bias-calibration,-5216,2688,-3616,,,
191025899150400,393848501146,209,bias-calibration,-4608,2144,-3616,,,
191025900173500,393849501854,210,bias-calibration,-5088,2400,-3936,,,
191025901159800,393850510187,211,bias-calibration,-3776,2304,-3520,,,
191025902251200,393851500562,212,bias-calibration,-5088,2752,-4480,,,
191025903162800,393852500687,213,bias-calibration,-3936,2272,-3712,,,
191025904148800,393853502146,214,bias-calibration,-4064,3008,-4000,,,
191025905220100,393854500521,215,bias-calibration,-3680,2592,-3712,,,
191025906246100,393855500146,216,bias-calibration,-3648,2560,-3264,,,
191025907237700,393856500562,217,bias-calibration,-3424,2176,-4000,,,
191025908267400,393857500521,218,bias-calibration,-3424,2240,-3680,,,
191025909148600,393858500812,219,bias-calibration,-3008,2528,-3712,,,
191025910144900,393859500479,220,bias-calibration,-2528,2496,-3232,,,
191025911146400,393860500437,221,bias-calibration,-2848,2816,-3488,,,
191025912153500,393861500771,222,bias-calibration,-3200,2432,-3296,,,
191025913173300,393862500604,223,bias-calibration,-2592,1888,-4064,,,
191025914214200,393863500521,224,bias-calibration,-2400,2560,-2592,,,
191025915171600,393864500562,225,bias-calibration,-2144,2656,-3424,,,
191025916303500,393865501562,226,bias-calibration,-2688,2400,-3360,,,
191025917248200,393866500646,227,bias-calibration,-2112,2624,-3456,,,
191025918158000,393867500646,228,bias-calibration,-1856,2944,-3680,,,
191025919155700,393868500604,229,bias-calibration,-1920,2336,-3136,,,
191025920154300,393869500437,230,bias-calibration,-2592,2592,-2752,,,
191025921149300,393870500437,231,bias-calibration,-2080,2880,-3008,,,
191025922146700,393871500771,232,bias-calibration,-2112,2304,-3360,,,
191025923144200,393872500521,233,bias-calibration,-2112,2432,-2432,,,
191025924143400,393873501062,234,bias-calibration,-2464,2624,-3168,,,
191025925162500,393874506521,235,bias-calibration,-2976,2368,-3552,,,
191025926157300,393875500729,236,bias-calibration,-3232,2752,-3520,,,
191025927152700,393876503437,237,bias-calibration,-3744,2176,-2784,,,
191025928149900,393877500521,238,bias-calibration,-3648,1952,-3520,,,
191025929149500,393878500562,239,bias-calibration,-3712,1856,-3232,,,
191025930149200,393879500312,240,bias-calibration,-4576,1984,-3392,,,
191025931144400,393880500479,241,bias-calibration,-4608,1760,-3072,,,
191025932145200,393881501104,242,bias-calibration,-4352,1664,-2656,,,
191025933169200,393882500812,243,bias-calibration,-4512,2112,-3104,,,
191025934151500,393883500646,244,bias-calibration,-4416,1664,-2912,,,
191025935150600,393884500437,245,bias-calibration,-4320,1728,-3072,,,
191025936152600,393885500771,246,bias-calibration,-4576,1472,-3168,,,
191025937147900,393886500687,247,bias-calibration,-4736,1568,-2368,,,
191025938142600,393887500687,248,bias-calibration,-4576,960,-2656,,,
191025939144400,393888500937,249,bias-calibration,-4768,1248,-2496,,,
191025940145600,393889500437,250,bias-calibration,-4096,1312,-2080,,,
191025941143500,393890500562,251,bias-calibration,-3840,800,-2048,,,
191025942157200,393891500604,252,bias-calibration,-3872,896,-1888,,,
191025943152800,393892500437,253,bias-calibration,-3104,1344,-1344,,,
191025944150000,393893500521,254,bias-calibration,-2848,1248,-1504,,,
191025945149600,393894500562,255,bias-calibration,-2816,1280,-1152,,,
191025946149800,393895501021,0,bias-calibration,-2112,1408,-1728,,,
191025947149600,393896500729,1,bias-calibration,-1984,1376,-1792,,,
191025948150000,393897500604,2,bias-calibration,-1728,1568,-736,,,
191025949147600,393898500479,3,bias-calibration,-704,1568,-896,,,
191025950149700,393899500437,4,bias-calibration,-96,1760,-832,,,
191025951149400,393900502312,5,bias-calibration,-544,2240,-608,,,
191025952149400,393901501396,6,bias-calibration,736,2368,416,,,
191025953145700,393902500437,7,bias-calibration,-192,2240,-736,,,
191025954149400,393903500562,8,bias-calibration,704,2560,-128,,,
191025955145900,393904500479,9,bias-calibration,1472,2464,32,,,
191025956143800,393905501229,10,bias-calibration,1440,3104,-224,,,
191025957182800,393906500812,11,bias-calibration,1760,2720,224,,,
191025958478400,393907507854,12,bias-calibration,1472,2496,192,,,
191025959479800,393908508812,13,bias-calibration,2112,2624,352,,,
191025960472700,393909507729,14,bias-calibration,1600,2816,352,,,
191025961470700,393910510812,15,bias-calibration,1408,2880,832,,,
191025962464200,393911508187,16,bias-calibration,2048,2720,1376,,,
191025963488000,393912501604,17,bias-calibration,1632,2432,1248,,,
191025964498400,393913508396,18,bias-calibration,2336,2272,1152,,,
191025965486700,393914510479,19,bias-calibration,1056,2400,672,,,
191025966689400,393915508812,20,bias-calibration,1216,1920,544,,,
191025967344500,393916504021,21,bias-calibration,192,1824,1312,,,
191025968464100,393917507521,22,bias-calibration,-32,1312,960,,,
191025969678800,393918503396,23,bias-calibration,-576,1760,1184,,,
191025970469200,393919504937,24,bias-calibration,-704,448,1120,,,
191025971498300,393920502021,25,bias-calibration,-1408,704,736,,,
191025972465200,393921508104,26,bias-calibration,-1664,1152,544,,,
191025973285000,393922505979,27,bias-calibration,-2208,576,768,,,
191025974594700,393923505354,28,bias-calibration,-2752,32,1024,,,
191025975246900,393924502271,29,bias-calibration,-3328,320,960,,,
191025976440400,393925503896,30,bias-calibration,-3552,256,288,,,
191025977349900,393926503854,31,bias-calibration,-3648,704,960,,,
191025978469500,393927505146,32,bias-calibration,-4064,800,480,,,
191025979274600,393928502979,33,bias-calibration,-3936,352,544,,,
191025980273700,393929509521,34,bias-calibration,-4032,512,832,,,
191025981143400,393930503687,35,bias-calibration,-3552,672,160,,,
191025982146600,393931501729,36,bias-calibration,-4288,800,1024,,,
191025983272400,393932501187,37,bias-calibration,-4704,896,416,,,
191025984272300,393933504062,38,bias-calibration,-3584,1376,544,,,
191025985271000,393934505729,39,bias-calibration,-3680,1088,832,,,
191025986418800,393935505812,40,bias-calibration,-3168,1504,928,,,
191025987271400,393936505354,41,bias-calibration,-3008,1280,800,,,
191025988159800,393937505812,42,bias-calibration,-2464,1664,1056,,,
191025989288900,393938506062,43,bias-calibration,-2080,2080,960,,,
191025990277400,393939504979,44,bias-calibration,-1824,1888,1312,,,
191025991271300,393940506104,45,bias-calibration,-928,2336,1184,,,
191025992275400,393941502937,46,bias-calibration,-1056,1920,992,,,
191025993273800,393942507437,47,bias-calibration,-96,1824,1824,,,
191025994273300,393943504729,48,bias-calibration,640,2208,1504,,,
191025995273100,393944503812,49,bias-calibration,512,2432,1728,,,
191025996273100,393945505021,50,bias-calibration,1152,2400,2528,,,
191025997272300,393946502396,51,bias-calibration,1152,1920,2656,,,
191025998273000,393947507604,52,bias-calibration,1504,1440,2592,,,
191025999273000,393948508021,53,bias-calibration,2016,1728,3104,,,
191026000273100,393949504687,54,bias-calibration,2784,1248,3296,,,
191026001142100,393950502604,55,bias-calibration,1952,1408,3008,,,
191026002273000,393951501854,56,bias-calibration,1792,1216,2848,,,
191026003273100,393952504187,57,bias-calibration,1984,960,3616,,,
191026004284100,393953502396,58,bias-calibration,2464,1088,3104,,,
191026005284700,393954503562,59,bias-calibration,1888,672,3744,,,
191026006292300,393955502937,60,bias-calibration,640,1024,2784,,,
191026007151500,393956502479,61,bias-calibration,576,1152,3616,,,
191026008279200,393957507729,62,bias-calibration,896,960,4000,,,
191026009274200,393958505271,63,bias-calibration,480,1600,2880,,,
191026010272900,393959506812,64,bias-calibration,-608,1248,2688,,,
191026011272900,393960506937,65,bias-calibration,-928,1056,2816,,,
191026012272800,393961505729,66,bias-calibration,-1056,1472,2880,,,
191026013142000,393962503562,67,bias-calibration,-1984,1504,2208,,,
191026014146900,393963501562,68,bias-calibration,-2048,1408,2560,,,
191026015146900,393964501187,69,bias-calibration,-2656,1888,2336,,,
191026016146900,393965501646,70,bias-calibration,-3232,1728,2752,,,
191026017147000,393966500479,71,bias-calibration,-3552,2304,1440,,,
191026018146500,393967500562,72,bias-calibration,-3744,2080,1440,,,
191026019144700,393968500604,73,bias-calibration,-3872,2080,1824,,,
191026020146600,393969500896,74,bias-calibration,-5120,2304,736,,,
191026021162100,393970500604,75,bias-calibration,-4736,1888,1312,,,
191026022152700,393971500771,76,bias-calibration,-4512,2560,800,,,
191026023148300,393972500479,77,bias-calibration,-5440,2080,800,,,
191026024148100,393973501562,78,bias-calibration,-5120,2208,1120,,,
191026025147600,393974501979,79,bias-calibration,-5120,1472,896,,,
191026026147500,393975500562,80,bias-calibration,-4448,1792,1568,,,
191026027147500,393976500521,81,bias-calibration,-4576,1248,1088,,,
191026028145500,393977500437,82,bias-calibration,-3872,928,1760,,,
191026029145400,393978501521,83,bias-calibration,-3776,576,1824,,,
191026030147400,393979502979,84,bias-calibration,-3808,896,2368,,,
191026031147100,393980501146,85,bias-calibration,-3424,-32,2528,,,
191026032147400,393981500937,86,bias-calibration,-2816,64,2432,,,
191026033147300,393982500771,87,bias-calibration,-2752,-64,2816,,,
191026034145300,393983500646,88,bias-calibration,-1696,-576,3168,,,
191026035145000,393984500729,89,bias-calibration,-1728,-800,3040,,,
191026036147100,393985500604,90,bias-calibration,-1888,32,3136,,,
191026037155900,393986500604,91,bias-calibration,-1376,320,3264,,,
191026038150300,393987500771,92,bias-calibration,-384,-288,4160,,,
191026039146100,393988500521,93,bias-calibration,-736,96,4320,,,
191026040145700,393989500562,94,bias-calibration,-672,480,3744,,,
191026041147300,393990501396,95,bias-calibration,-160,800,4160,,,
191026042145400,393991500854,96,bias-calibration,-544,1568,4064,,,
191026043147400,393992500854,97,bias-calibration,-32,1568,4224,,,
191026044147800,393993500604,98,bias-calibration,-448,2688,4032,,,
191026045147300,393994500604,99,bias-calibration,-640,3168,3520,,,
191026046145400,393995500521,100,bias-calibration,-384,3200,3392,,,
191026047147400,393996500396,101,bias-calibration,-864,3136,3552,,,
191026048147400,393997500854,102,bias-calibration,-640,3456,3456,,,
191026049147200,393998500562,103,bias-calibration,-992,4224,4000,,,
191026050147300,393999500479,104,bias-calibration,-1632,3968,3296,,,
191026051147200,394000500479,105,bias-calibration,-1440,4384,2720,,,
191026052147200,394001500521,106,bias-calibration,-1504,4736,2720,,,
