host_timestamp_ns,device_timestamp,sequence,phase,gyro_raw_x,gyro_raw_y,gyro_raw_z,gyro_corrected_x,gyro_corrected_y,gyro_corrected_z
190996699117100,364646506382,191,bias-calibration,-96,2048,-1600,,,
190996699143200,364647508882,192,bias-calibration,736,928,-1568,,,
190996700383700,364648515673,193,bias-calibration,-288,1440,-1952,,,
190996700778000,364649508465,194,bias-calibration,-1600,608,-1632,,,
190996701774600,364650507090,195,bias-calibration,-2240,448,-2240,,,
190996704523700,364651505507,196,bias-calibration,-2944,-800,-736,,,
190996704552600,364652505382,197,bias-calibration,-4032,-1088,-1376,,,
190996705406400,364653506923,198,bias-calibration,-4160,-928,-2528,,,
190996706463800,364654505548,199,bias-calibration,-4768,-1312,-1952,,,
190996706771700,364655505673,200,bias-calibration,-5440,-960,-3008,,,
190996707893800,364656505507,201,bias-calibration,-5824,-448,-2720,,,
190996708790400,364657505340,202,bias-calibration,-6112,96,-2528,,,
190996709783100,364658505548,203,bias-calibration,-6944,512,-2144,,,
190996710779800,364659506590,204,bias-calibration,-6336,128,-1280,,,
190996711781100,364660505715,205,bias-calibration,-7424,672,-2048,,,
190996712780800,364661505465,206,bias-calibration,-6944,416,-1632,,,
190996713781300,364662507465,207,bias-calibration,-7008,608,-2272,,,
190996714780800,364663505965,208,bias-calibration,-7616,320,-3104,,,
190996715780900,364664505590,209,bias-calibration,-8096,352,-3520,,,
190996716914100,364665506257,210,bias-calibration,-7840,192,-4064,,,
190996717799300,364666505507,211,bias-calibration,-7456,224,-4352,,,
190996718777100,364667505673,212,bias-calibration,-7424,256,-4928,,,
190996719797700,364668505548,213,bias-calibration,-8736,672,-4288,,,
190996720899300,364669505590,214,bias-calibration,-8128,608,-4192,,,
190996721786200,364670505757,215,bias-calibration,-7712,800,-2496,,,
190996722876300,364671505423,216,bias-calibration,-7872,1664,-2560,,,
190996723873100,364672505632,217,bias-calibration,-6464,1760,-2720,,,
190996724935200,364673506173,218,bias-calibration,-6272,1728,-2848,,,
190996725874200,364674505632,219,bias-calibration,-5664,2112,-1888,,,
190996726895700,364675505632,220,bias-calibration,-5120,2272,-2688,,,
190996727881700,364676505548,221,bias-calibration,-4352,2336,-2880,,,
190996728904400,364677505507,222,bias-calibration,-4640,1920,-2880,,,
190996729861700,364678505465,223,bias-calibration,-4544,2240,-2624,,,
190996730876200,364679505632,224,bias-calibration,-4896,2176,-2912,,,
190996731890800,364680505632,225,bias-calibration,-4352,1440,-2592,,,
190996732874600,364681505507,226,bias-calibration,-4160,1440,-2336,,,
190996733887900,364682505673,227,bias-calibration,-4032,1024,-2112,,,
190996734782100,364683505632,228,bias-calibration,-4288,928,-2048,,,
190996735859200,364684509090,229,bias-calibration,-4000,1408,-2688,,,
190996736869200,364685505632,230,bias-calibration,-3712,896,-1280,,,
190996737898000,364686505423,231,bias-calibration,-3072,960,-1120,,,
190996738778500,364687505423,232,bias-calibration,-3456,1632,-1120,,,
190996739777700,364688505590,233,bias-calibration,-3392,1792,-1504,,,
190996740778600,364689507923,234,bias-calibration,-3488,1856,-1152,,,
190996741778900,364690505673,235,bias-calibration,-3520,1696,-1472,,,
190996742778900,364691505507,236,bias-calibration,-3328,1440,-1984,,,
190996743779200,364692505548,237,bias-calibration,-3968,1952,-2592,,,
190996744779500,364693505340,238,bias-calibration,-3936,960,-2368,,,
190996745778700,364694506173,239,bias-calibration,-4672,1472,-3264,,,
190996746779100,364695505632,240,bias-calibration,-3904,1056,-2368,,,
190996747776300,364696505423,241,bias-calibration,-5120,1280,-2336,,,
190996748778900,364697505507,242,bias-calibration,-4384,2112,-2336,,,
190996749778700,364698505673,243,bias-calibration,-4736,1664,-2304,,,
190996750797900,364699505882,244,bias-calibration,-5792,2464,-2400,,,
190996751785400,364700505632,245,bias-calibration,-5152,2112,-1952,,,
190996752778300,364701505507,246,bias-calibration,-5984,1760,-1984,,,
190996753781400,364702505507,247,bias-calibration,-5312,1280,-2688,,,
190996754777800,364703505423,248,bias-calibration,-6144,2144,-2752,,,
190996755777500,364704505548,249,bias-calibration,-6368,1408,-3552,,,
190996756778000,364705505590,250,bias-calibration,-6016,1248,-2976,,,
190996757779300,364706505548,251,bias-calibration,-6688,896,-3392,,,
190996758773700,364707505465,252,bias-calibration,-6944,608,-2976,,,
190996759780100,364708505715,253,bias-calibration,-6304,256,-2432,,,
190996760779600,364709506465,254,bias-calibration,-7232,288,-2880,,,
190996761779200,364710505673,255,bias-calibration,-7136,960,-3104,,,
190996762778700,364711506715,0,bias-calibration,-6976,1312,-3008,,,
190996763779800,364712506798,1,bias-calibration,-6816,992,-2528,,,
190996764779000,364713506798,2,bias-calibration,-5888,992,-2464,,,
190996765778900,364714505548,3,bias-calibration,-6272,1568,-2016,,,
190996766781800,364715506173,4,bias-calibration,-6432,1600,-1760,,,
190996767781200,364716505465,5,bias-calibration,-5856,1632,-1376,,,
190996768780100,364717505590,6,bias-calibration,-5440,1024,-2048,,,
190996769780100,364718505632,7,bias-calibration,-6080,1504,-2304,,,
190996770780000,364719505632,8,bias-calibration,-5504,1056,-2592,,,
190996771778800,364720505590,9,bias-calibration,-5280,1536,-2784,,,
190996772779900,364721505382,10,bias-calibration,-5056,960,-2592,,,
190996773778100,364722505590,11,bias-calibration,-5024,1504,-2272,,,
190996774779000,364723505757,12,bias-calibration,-4800,1888,-2304,,,
190996775777400,364724505507,13,bias-calibration,-4448,1792,-2112,,,
190996776779100,364725507173,14,bias-calibration,-5056,1984,-1888,,,
190996777779300,364726506298,15,bias-calibration,-4768,2272,-1568,,,
190996778778900,364727505382,16,bias-calibration,-3904,2432,-1376,,,
190996779779500,364728505673,17,bias-calibration,-5248,2016,-2560,,,
190996780779100,364729505590,18,bias-calibration,-4224,2176,-1952,,,
190996781779200,364730505632,19,bias-calibration,-4960,1792,-1952,,,
190996782778600,364731505548,20,bias-calibration,-4512,1440,-1568,,,
190996783809800,364732505382,21,bias-calibration,-3904,1504,-1856,,,
190996784787300,364733505632,22,bias-calibration,-4192,1632,-1696,,,
190996785779400,364734505548,23,bias-calibration,-3552,1056,-544,,,
190996786786600,364735505548,24,bias-calibration,-4352,1408,-1408,,,
190996787789900,364736507048,25,bias-calibration,-4608,896,-1984,,,
190996788791000,364737505507,26,bias-calibration,-3680,352,-1376,,,
190996789780300,364738505632,27,bias-calibration,-4928,672,-1184,,,
190996790777900,364739505507,28,bias-calibration,-4192,1440,-1472,,,
190996791778000,364740515590,29,bias-calibration,-4352,1408,-1824,,,
190996792777000,364741506965,30,bias-calibration,-4128,1664,-1216,,,
190996793779400,364742505465,31,bias-calibration,-4256,1568,-1408,,,
190996794778800,364743505590,32,bias-calibration,-4768,1888,-1792,,,
190996795778200,364744505548,33,bias-calibration,-4512,1600,-1696,,,
190996796779000,364745505715,34,bias-calibration,-5312,1184,-1696,,,
190996797779500,364746505548,35,bias-calibration,-4768,1408,-2272,,,
190996798784600,364747505382,36,bias-calibration,-5120,1472,-1664,,,
190996799775800,364748505632,37,bias-calibration,-4928,1344,-1952,,,
190996800777800,364749505632,38,bias-calibration,-4832,960,-928,,,
190996801779400,364750507132,39,bias-calibration,-5088,832,-1984,,,
190996802776400,364751505465,40,bias-calibration,-4544,1216,-1888,,,
190996803774400,364752505382,41,bias-calibration,-5152,992,-1504,,,
190996804777800,364753506007,42,bias-calibration,-4704,1408,-1184,,,
190996805782400,364754505673,43,bias-calibration,-4896,1568,-1632,,,
190996806773500,364755505590,44,bias-calibration,-4448,1632,-1376,,,
190996807778300,364756505465,45,bias-calibration,-4448,1696,-1536,,,
190996808778500,364757505548,46,bias-calibration,-4768,1728,-2080,,,
190996809777100,364758505673,47,bias-calibration,-5216,1568,-1888,,,
190996810779600,364759505673,48,bias-calibration,-4224,1600,-1664,,,
190996811779000,364760505632,49,bias-calibration,-4704,1952,-2784,,,
190996812779400,364761505507,50,bias-calibration,-5120,1600,-2720,,,
190996813779000,364762505423,51,bias-calibration,-4928,1824,-1568,,,
190996814787100,364763505590,52,bias-calibration,-5088,1280,-2304,,,
190996815782300,364764505548,53,bias-calibration,-5216,2016,-2144,,,
190996816801000,364765505507,54,bias-calibration,-4896,2144,-1792,,,
190996817779100,364766505465,55,bias-calibration,-5184,1920,-1568,,,
190996818777700,364767505382,56,bias-calibration,-6048,1664,-2688,,,
190996819774900,364768505757,57,bias-calibration,-5152,2240,-1952,,,
190996820777200,364769505632,58,bias-calibration,-5280,1696,-2080,,,
190996821779800,364770505590,59,bias-calibration,-5152,1920,-1792,,,
190996822777200,364771506965,60,bias-calibration,-4512,2080,-1952,,,
190996823779300,364772505423,61,bias-calibration,-4608,1504,-1600,,,
190996824777500,364773505632,62,bias-calibration,-5088,1856,-2208,,,
190996825777600,364774505548,63,bias-calibration,-5088,1856,-2848,,,
190996826779300,364775505465,64,bias-calibration,-4512,1824,-1856,,,
190996827778900,364776506173,65,bias-calibration,-5216,1696,-2080,,,
190996828779500,364777505507,66,bias-calibration,-4992,2272,-1952,,,
190996829779000,364778505590,67,bias-calibration,-4736,2176,-2656,,,
190996830773600,364779505590,68,bias-calibration,-3936,2112,-1856,,,
190996831787400,364780507173,69,bias-calibration,-4416,2560,-2432,,,
190996832781900,364781505590,70,bias-calibration,-4320,2080,-2176,,,
190996833780700,364782505382,71,bias-calibration,-4608,2560,-1824,,,
190996834781100,364783505673,72,bias-calibration,-4352,2208,-1696,,,
190996835780700,364784505548,73,bias-calibration,-4704,2016,-2112,,,
190996836781000,364785505048,74,bias-calibration,-4544,2464,-2208,,,
190996837780800,364786505548,75,bias-calibration,-4192,1664,-1760,,,
190996838779100,364787505298,76,bias-calibration,-4384,1728,-1792,,,
190996839778400,364788505632,77,bias-calibration,-3840,1824,-1888,,,
190996840780500,364789505590,78,bias-calibration,-4256,1920,-1600,,,
190996841780700,364790505632,79,bias-calibration,-3872,1536,-1632,,,
190996842780700,364791505507,80,bias-calibration,-4288,2112,-1632,,,
190996843776900,364792505507,81,bias-calibration,-4320,1408,-1536,,,
190996844771200,364793505673,82,bias-calibration,-4288,1664,-1152,,,
190996845776400,364794507132,83,bias-calibration,-4000,1024,-1824,,,
190996846774700,364795505423,84,bias-calibration,-4480,1824,-1504,,,
190996847772300,364796505507,85,bias-calibration,-4384,1696,-1600,,,
190996848771100,364797505465,86,bias-calibration,-3936,1568,-1440,,,
190996849788900,364798505590,87,bias-calibration,-4896,1984,-2048,,,
190996850781100,364799505590,88,bias-calibration,-4256,1600,-2016,,,
190996851779800,364800509173,89,bias-calibration,-3808,1120,-1984,,,
190996852779300,364801507798,90,bias-calibration,-4480,1216,-1856,,,
190996853779900,364802505423,91,bias-calibration,-4320,1472,-2304,,,
190996854780000,364803505632,92,bias-calibration,-4352,768,-2176,,,
190996855779600,364804505548,93,bias-calibration,-4928,1312,-1728,,,
190996856779400,364805505465,94,bias-calibration,-4384,1312,-1664,,,
190996857779900,364806505882,95,bias-calibration,-4672,1728,-2176,,,
190996858779400,364807505298,96,bias-calibration,-4032,992,-2272,,,
190996859776000,364808505673,97,bias-calibration,-4288,1536,-1824,,,
190996860775600,364809505423,98,bias-calibration,-4672,1056,-1696,,,
190996861775300,364810505507,99,bias-calibration,-5088,1376,-2336,,,
190996862884100,364811505382,100,bias-calibration,-4960,1568,-1856,,,
190996863833300,364812505382,101,bias-calibration,-4800,1184,-2304,,,
190996864781600,364813505757,102,bias-calibration,-5696,1856,-2976,,,
190996865775800,364814505632,103,bias-calibration,-5120,1760,-2080,,,
190996866780500,364815505590,104,bias-calibration,-5856,1536,-2400,,,
190996867777900,364816505465,105,bias-calibration,-5696,2048,-2400,,,
190996868777600,364817505382,106,bias-calibration,-5760,1408,-3040,,,
190996869777400,364818505673,107,bias-calibration,-5824,2144,-2784,,,
190996870812700,364819505590,108,bias-calibration,-4864,1728,-2624,,,
190996871782200,364820505465,109,bias-calibration,-5504,1888,-2656,,,
190996872779300,364821505507,110,bias-calibration,-5824,2112,-3040,,,
190996873778600,364822505215,111,bias-calibration,-5152,1792,-2464,,,
190996874779700,364823505673,112,bias-calibration,-5088,1856,-2592,,,
190996875776000,364824506132,113,bias-calibration,-5056,2176,-2496,,,
190996876775500,364825505965,114,bias-calibration,-5024,1824,-1920,,,
190996877773700,364826505423,115,bias-calibration,-4896,1728,-2400,,,
190996878781400,364827505382,116,bias-calibration,-4768,1760,-1984,,,
190996879781500,364828505590,117,bias-calibration,-5440,1056,-2304,,,
190996880780200,364829506632,118,bias-calibration,-4288,1664,-1632,,,
190996881780100,364830505548,119,bias-calibration,-4416,1184,-2304,,,
190996882797300,364831505465,120,bias-calibration,-4320,992,-2048,,,
190996883779600,364832505215,121,bias-calibration,-4352,1280,-2432,,,
190996884779200,364833505632,122,bias-calibration,-3968,1152,-2720,,,
190996885779900,364834505548,123,bias-calibration,-4032,1312,-1856,,,
190996886779500,364835505673,124,bias-calibration,-4928,1536,-2272,,,
190996887779800,364836505382,125,bias-calibration,-4864,1696,-2656,,,
190996888779700,364837505423,126,bias-calibration,-4320,1632,-2656,,,
190996889777900,364838505673,127,bias-calibration,-4448,1536,-1824,,,
190996890779500,364839505507,128,bias-calibration,-4480,1568,-2240,,,
190996891777600,364840505465,129,bias-calibration,-4896,1632,-2240,,,
190996892775800,364841505423,130,bias-calibration,-3968,1728,-1952,,,
190996893775800,364842505423,131,bias-calibration,-4192,1408,-1792,,,
190996894784500,364843505757,132,bias-calibration,-4736,1504,-2048,,,
190996895781200,364844505423,133,bias-calibration,-4672,1600,-2304,,,
190996896780500,364845505548,134,bias-calibration,-4352,1728,-3072,,,
190996897779400,364846505507,135,bias-calibration,-4640,1504,-2912,,,
190996898779400,364847505882,136,bias-calibration,-4000,1600,-2176,,,
190996899779800,364848505507,137,bias-calibration,-4352,1760,-1824,,,
190996900779700,364849505382,138,bias-calibration,-4256,1824,-2336,,,
190996901777300,364850505632,139,bias-calibration,-4736,1376,-2176,,,
190996902779600,364851505340,140,bias-calibration,-4448,1728,-2080,,,
190996903779100,364852505757,141,bias-calibration,-4576,1280,-2176,,,
190996904779800,364853505632,142,bias-calibration,-4768,1280,-2656,,,
190996905770900,364854505090,143,bias-calibration,-4992,864,-2400,,,
190996906842500,364855505590,144,bias-calibration,-4992,1216,-2112,,,
190996907774800,364856505507,145,bias-calibration,-5312,1312,-2688,,,
190996908778600,364857506715,146,bias-calibration,-4704,1344,-2528,,,
190996909776700,364858505632,147,bias-calibration,-4960,1440,-2336,,,
190996910774800,364859506257,148,bias-calibration,-4928,1024,-2560,,,
190996911784900,364860505507,149,bias-calibration,-4512,1024,-2336,,,
190996912781400,364861505465,150,bias-calibration,-5184,1024,-2592,,,
190996913779200,364862505673,151,bias-calibration,-4864,832,-2624,,,
190996914779900,364863505548,152,bias-calibration,-5056,1056,-2656,,,
190996915796300,364864505340,153,bias-calibration,-5056,1120,-2848,,,
190996916779300,364865505507,154,bias-calibration,-5152,992,-2720,,,
190996917778700,364866505423,155,bias-calibration,-5216,1088,-2592,,,
190996918779200,364867507132,156,bias-calibration,-5568,928,-2944,,,
190996919779400,364868505590,157,bias-calibration,-4832,416,-2784,,,
190996920779200,364869505590,158,bias-calibration,-5280,864,-2272,,,
190996921779300,364870514173,159,bias-calibration,-6304,768,-2496,,,
190996922779700,364871507007,160,bias-calibration,-5536,1248,-2816,,,
190996923776300,364872505632,161,bias-calibration,-5472,992,-2016,,,
190996924775300,364873505590,162,bias-calibration,-5792,1568,-2272,,,
190996925778300,364874505465,163,bias-calibration,-5664,1312,-2944,,,
190996926770800,364875505465,164,bias-calibration,-5184,1184,-2368,,,
190996927776200,364876505590,165,bias-calibration,-5120,1024,-2656,,,
190996928775700,364877507048,166,bias-calibration,-5440,832,-2656,,,
190996929773600,364878505548,167,bias-calibration,-5408,1184,-2400,,,
190996930773000,364879505673,168,bias-calibration,-5056,1472,-1984,,,
190996931776900,364880505507,169,bias-calibration,-4800,960,-2336,,,
190996932776100,364881505507,170,bias-calibration,-4416,1248,-2336,,,
190996933773400,364882505673,171,bias-calibration,-5056,1600,-2304,,,
190996934786800,364883507048,172,bias-calibration,-4992,1344,-2752,,,
190996935786300,364884505882,173,bias-calibration,-5088,1152,-2848,,,
190996936781600,364885505423,174,bias-calibration,-4800,1536,-2656,,,
190996937778400,364886505590,175,bias-calibration,-4448,1632,-2432,,,
190996938779700,364887505757,176,bias-calibration,-4640,1120,-2304,,,
190996939774700,364888505590,177,bias-calibration,-5024,1280,-2592,,,
190996940773400,364889505465,178,bias-calibration,-4608,1280,-2752,,,
190996941772700,364890505632,179,bias-calibration,-4096,1664,-1664,,,
190996942784600,364891505423,180,bias-calibration,-4448,1312,-2688,,,
190996943781200,364892507090,181,bias-calibration,-3840,1312,-2240,,,
190996944780500,364893505507,182,bias-calibration,-4896,1632,-2496,,,
190996945780000,364894505590,183,bias-calibration,-4032,1344,-2336,,,
190996946779300,364895505423,184,bias-calibration,-4192,1088,-1920,,,
190996947777700,364896505590,185,bias-calibration,-4416,1088,-2464,,,
190996948800000,364897505715,186,bias-calibration,-4448,896,-3168,,,
190996949779600,364898505548,187,bias-calibration,-4576,896,-2176,,,
190996950778600,364899505632,188,bias-calibration,-4576,896,-2624,,,
190996951779400,364900505507,189,bias-calibration,-4224,1216,-2880,,,
190996952779300,364901505423,190,bias-calibration,-4384,864,-2240,,,
190996953779600,364902505673,191,bias-calibration,-4672,1120,-2592,,,
190996954777800,364903505548,192,bias-calibration,-4768,960,-2304,,,
190996955775800,364904505507,193,bias-calibration,-4032,992,-2496,,,
190996956775300,364905505465,194,bias-calibration,-4384,960,-2528,,,
190996957773400,364906506965,195,bias-calibration,-4640,288,-2368,,,
190996958784900,364907505673,196,bias-calibration,-4544,672,-2624,,,
190996959782200,364908505548,197,bias-calibration,-4160,-128,-2176,,,
190996960780300,364909505507,198,bias-calibration,-5152,288,-2560,,,
190996961780100,364910505507,199,bias-calibration,-5056,480,-2336,,,
190996962777800,364911505548,200,bias-calibration,-5024,256,-2368,,,
190996963779800,364912508007,201,bias-calibration,-4736,96,-2624,,,
190996964777600,364913505548,202,bias-calibration,-5408,544,-2272,,,
190996965779400,364914505548,203,bias-calibration,-5120,288,-2752,,,
190996966779800,364915505382,204,bias-calibration,-5216,576,-2464,,,
190996967779500,364916505423,205,bias-calibration,-4544,-32,-2112,,,
190996968778100,364917506423,206,bias-calibration,-4704,320,-1984,,,
190996969779500,364918505132,207,bias-calibration,-5056,928,-2624,,,
190996970779500,364919505548,208,bias-calibration,-5120,992,-2912,,,
190996971776000,364920505465,209,bias-calibration,-5248,1024,-2368,,,
190996972775100,364921505507,210,bias-calibration,-4768,1120,-2368,,,
190996973774000,364922505465,211,bias-calibration,-5248,1312,-2336,,,
190996974782800,364923509215,212,bias-calibration,-5056,1152,-2720,,,
190996975782300,364924505673,213,bias-calibration,-5152,1024,-2752,,,
190996976780200,364925505423,214,bias-calibration,-4480,928,-2464,,,
190996977780000,364926505340,215,bias-calibration,-4992,1312,-1824,,,
190996978779600,364927505507,216,bias-calibration,-4992,1184,-2496,,,
190996979779800,364928505257,217,bias-calibration,-5184,1120,-2432,,,
190996981252400,364929505507,218,bias-calibration,-4672,1472,-2112,,,
190996981790800,364930505882,219,bias-calibration,-4960,1440,-3040,,,
190996982773500,364931505382,220,bias-calibration,-4736,1792,-2752,,,
190996983780200,364932506382,221,bias-calibration,-5216,1856,-2976,,,
190996984779600,364933507215,222,bias-calibration,-4832,1664,-2464,,,
190996985778100,364934505632,223,bias-calibration,-4864,1632,-3456,,,
190996986779800,364935505465,224,bias-calibration,-4960,1376,-2816,,,
190996987774000,364936505507,225,bias-calibration,-4992,1376,-2432,,,
190996988775800,364937505590,226,bias-calibration,-4416,1344,-2112,,,
190996989772900,364938505465,227,bias-calibration,-4832,1984,-2656,,,
190996990773000,364939505548,228,bias-calibration,-4640,1088,-2432,,,
190996991773900,364940505423,229,bias-calibration,-4928,1504,-2528,,,
190996992770700,364941505465,230,bias-calibration,-4352,1152,-2752,,,
190996993770300,364942505673,231,bias-calibration,-4896,1312,-3104,,,
190996994770500,364943505632,232,bias-calibration,-3808,416,-2112,,,
190996995785100,364944505548,233,bias-calibration,-4864,1696,-2944,,,
190996996779700,364945506173,234,bias-calibration,-4128,1056,-1984,,,
190996997779700,364946505382,235,bias-calibration,-4832,1024,-2560,,,
190996998779400,364947505632,236,bias-calibration,-4864,672,-2272,,,
190996999780000,364948505548,237,bias-calibration,-4320,480,-2304,,,
190997000780400,364949505465,238,bias-calibration,-4416,960,-2208,,,
190997001777400,364950505298,239,bias-calibration,-4384,896,-2496,,,
190997002779200,364951505465,240,bias-calibration,-4832,864,-2464,,,
190997003775700,364952505507,241,bias-calibration,-4416,832,-1760,,,
190997004773500,364953505590,242,bias-calibration,-4576,1088,-1824,,,
190997005963000,364954505465,243,bias-calibration,-4512,992,-2528,,,
190997007041200,364955506840,244,bias-calibration,-4768,1344,-2208,,,
190997007777500,364956505382,245,bias-calibration,-4736,992,-3040,,,
190997008773400,364957505548,246,bias-calibration,-4032,1024,-1792,,,
190997009773600,364958505507,247,bias-calibration,-4160,864,-1984,,,
190997010769700,364959505507,248,bias-calibration,-4992,1184,-2368,,,
190997011778000,364960505465,249,bias-calibration,-4160,704,-2048,,,
190997012783900,364961505465,250,bias-calibration,-4768,1056,-2720,,,
190997013785600,364962505548,251,bias-calibration,-4608,1312,-2272,,,
190997014797800,364963505590,252,bias-calibration,-5088,1216,-2752,,,
190997015779400,364964505548,253,bias-calibration,-4096,1184,-2912,,,
190997016778600,364965506757,254,bias-calibration,-4320,1216,-2208,,,
190997017781900,364966506798,255,bias-calibration,-4704,864,-2560,,,
190997018778600,364967505465,0,bias-calibration,-4832,1376,-2496,,,
190997019778500,364968505590,1,bias-calibration,-4192,928,-2208,,,
190997020778600,364969505507,2,bias-calibration,-4512,960,-1760,,,
190997021773000,364970506923,3,bias-calibration,-4832,1024,-1696,,,
190997022783100,364971505840,4,bias-calibration,-4192,1024,-2496,,,
190997023777600,364972506882,5,bias-calibration,-4096,1024,-2144,,,
190997024774000,364973505673,6,bias-calibration,-4384,1024,-2048,,,
190997025775800,364974505423,7,bias-calibration,-4704,960,-2496,,,
190997026775400,364975505465,8,bias-calibration,-4032,1280,-2688,,,
190997027776200,364976505423,9,bias-calibration,-4480,1408,-1856,,,
190997028774700,364977505465,10,bias-calibration,-3936,1024,-1920,,,
190997029776800,364978505715,11,bias-calibration,-4768,1280,-2880,,,
190997030778300,364979505465,12,bias-calibration,-4352,1216,-2432,,,
190997031778300,364980505465,13,bias-calibration,-5312,1248,-2464,,,
190997032779000,364981505382,14,bias-calibration,-4320,1440,-2048,,,
190997033775800,364982505548,15,bias-calibration,-4544,1152,-2720,,,
190997034778000,364983510257,16,bias-calibration,-4544,1536,-2080,,,
190997035778100,364984505465,17,bias-calibration,-4736,1664,-2400,,,
190997036777600,364985505423,18,bias-calibration,-4448,1248,-2432,,,
190997037773400,364986505340,19,bias-calibration,-4864,1280,-2944,,,
190997038781500,364987505132,20,bias-calibration,-4480,1504,-1856,,,
190997039778400,364988505548,21,bias-calibration,-4672,1952,-2720,,,
190997040778700,364989506840,22,bias-calibration,-4544,1856,-3136,,,
190997041778400,364990505507,23,bias-calibration,-4320,1440,-2848,,,
190997042777700,364991506465,24,bias-calibration,-4320,1440,-2176,,,
190997043776000,364992506632,25,bias-calibration,-4480,1504,-2400,,,
190997044778200,364993505548,26,bias-calibration,-4608,1440,-2080,,,
190997045778000,364994505298,27,bias-calibration,-4704,1952,-2688,,,
190997046778100,364995506840,28,bias-calibration,-4352,1088,-2912,,,
190997047778300,364996505340,29,bias-calibration,-5280,1632,-2816,,,
190997048778300,364997505590,30,bias-calibration,-5056,2176,-2400,,,
190997049775900,364998505507,31,bias-calibration,-4448,1408,-2208,,,
190997050777000,364999505507,32,bias-calibration,-4704,2080,-2400,,,
190997051777400,365000505465,33,bias-calibration,-5184,1472,-2816,,,
190997052777900,365001505298,34,bias-calibration,-4480,1568,-2912,,,
190997053785600,365002505465,35,bias-calibration,-4704,1248,-3040,,,
190997054794600,365003506840,36,bias-calibration,-4576,1952,-2144,,,
190997055781800,365004505423,37,bias-calibration,-4160,1120,-2784,,,
190997056778600,365005505382,38,bias-calibration,-4800,1376,-2528,,,
190997057778100,365006505382,39,bias-calibration,-4800,1504,-2848,,,
190997058777800,365007505590,40,bias-calibration,-4992,1696,-2528,,,
190997059777900,365008505507,41,bias-calibration,-4896,1472,-3008,,,
190997060778200,365009505423,42,bias-calibration,-4768,1568,-2816,,,
190997061776600,365010505465,43,bias-calibration,-5088,1024,-2272,,,
190997062778600,365011505423,44,bias-calibration,-4960,1504,-2720,,,
190997063777800,365012506173,45,bias-calibration,-4992,576,-2816,,,
190997064777900,365013505632,46,bias-calibration,-5216,1440,-3104,,,
190997065777900,365014505382,47,bias-calibration,-4480,1152,-2336,,,
190997066777900,365015505340,48,bias-calibration,-4704,1312,-2592,,,
190997067777600,365016505548,49,bias-calibration,-4576,1120,-2400,,,
190997068777900,365017505590,50,bias-calibration,-4864,1280,-2784,,,
190997069775900,365018505465,51,bias-calibration,-4576,1248,-2368,,,
190997070786900,365019505465,52,bias-calibration,-4960,1312,-2016,,,
190997071776100,365020505423,53,bias-calibration,-4032,1728,-2592,,,
190997072786900,365021505340,54,bias-calibration,-4832,928,-2464,,,
190997073777900,365022505548,55,bias-calibration,-4736,1312,-2656,,,
190997074783500,365023505798,56,bias-calibration,-4416,1600,-2432,,,
190997075778300,365024506840,57,bias-calibration,-4224,1760,-2944,,,
190997076778800,365025505423,58,bias-calibration,-4032,1344,-2816,,,
190997077777800,365026505507,59,bias-calibration,-4384,1664,-1952,,,
190997078776200,365027505632,60,bias-calibration,-4512,1536,-2496,,,
190997079777800,365028505507,61,bias-calibration,-4288,1760,-2304,,,
190997080777700,365029505423,62,bias-calibration,-4352,1248,-2432,,,
190997081777900,365030505507,63,bias-calibration,-4544,1632,-2272,,,
190997082777600,365031505632,64,bias-calibration,-3840,1728,-2240,,,
190997083775800,365032505590,65,bias-calibration,-4544,1312,-2624,,,
190997084777900,365033506257,66,bias-calibration,-3424,1088,-1536,,,
190997085777400,365034505548,67,bias-calibration,-4512,1728,-2464,,,
190997086780500,365035505465,68,bias-calibration,-4288,1664,-2464,,,
190997087788800,365036507132,69,bias-calibration,-4864,1568,-2336,,,
190997088770600,365037505632,70,bias-calibration,-4064,1536,-2400,,,
190997089769700,365038505423,71,bias-calibration,-5248,2048,-2848,,,
190997090771000,365039505465,72,bias-calibration,-4096,1504,-2144,,,
190997091778300,365040505215,73,bias-calibration,-4928,1440,-2688,,,
190997092778000,365041511257,74,bias-calibration,-4768,1728,-2432,,,
190997093776600,365042505590,75,bias-calibration,-4672,1792,-2400,,,
190997094777400,365043505548,76,bias-calibration,-4288,1824,-2432,,,
190997095777800,365044505382,77,bias-calibration,-4800,1440,-2720,,,
190997096777900,365045505382,78,bias-calibration,-5344,1984,-2208,,,
190997097776000,365046505507,79,bias-calibration,-4512,1568,-2816,,,
190997098777700,365047505715,80,bias-calibration,-4736,1888,-2400,,,
190997099777700,365048505590,81,bias-calibration,-4800,1632,-2272,,,
190997100778100,365049506882,82,bias-calibration,-4576,1632,-2816,,,
190997102106500,365050506882,83,bias-calibration,-4832,1024,-2304,,,
190997102778300,365051508048,84,bias-calibration,-4832,1216,-1664,,,
190997103833400,365052505590,85,bias-calibration,-4832,1312,-2080,,,
190997104774700,365053505465,86,bias-calibration,-5088,1472,-2816,,,
190997105775000,365054505423,87,bias-calibration,-4608,1440,-1536,,,
190997106776700,365055505298,88,bias-calibration,-5216,1184,-1536,,,
190997107772700,365056505548,89,bias-calibration,-5728,1664,-2880,,,
190997108773700,365057505507,90,bias-calibration,-5056,1408,-2624,,,
190997109778100,365058505465,91,bias-calibration,-4960,1024,-1696,,,
190997110777900,365059505465,92,bias-calibration,-5152,1728,-2016,,,
190997111777500,365060505465,93,bias-calibration,-5440,1536,-2208,,,
190997112777200,365061507423,94,bias-calibration,-5088,1280,-2848,,,
190997113910400,365062505507,95,bias-calibration,-4960,1504,-1792,,,
190997114777000,365063505340,96,bias-calibration,-5280,928,-2304,,,
190997115778500,365064505548,97,bias-calibration,-5248,1408,-2592,,,
190997116778200,365065505507,98,bias-calibration,-4896,1056,-2240,,,
190997118111600,365066507048,99,bias-calibration,-5376,1088,-2528,,,
190997118777900,365067505507,100,bias-calibration,-4832,1248,-1984,,,
190997119780800,365068505007,101,bias-calibration,-5088,1504,-2464,,,
190997120785900,365069505423,102,bias-calibration,-5344,1664,-2720,,,
190997121778400,365070516632,103,bias-calibration,-4704,1504,-2304,,,
190997122778100,365071505507,104,bias-calibration,-4832,1184,-2208,,,
190997123778400,365072505423,105,bias-calibration,-4864,1472,-1792,,,
190997124777500,365073505548,106,bias-calibration,-4736,1792,-2272,,,
190997125778100,365074505548,107,bias-calibration,-4416,1344,-2112,,,
190997126778400,365075505215,108,bias-calibration,-4800,1632,-2752,,,
190997127777800,365076505632,109,bias-calibration,-4704,1504,-1920,,,
190997128778100,365077506257,110,bias-calibration,-4352,1440,-2208,,,
190997129777800,365078504965,111,bias-calibration,-5088,1696,-2336,,,
190997130775700,365079505423,112,bias-calibration,-4416,1632,-2528,,,
190997131777900,365080505340,113,bias-calibration,-4704,1056,-2272,,,
190997132777600,365081505673,114,bias-calibration,-4256,1536,-2112,,,
190997133774600,365082505673,115,bias-calibration,-4512,1504,-3200,,,
190997134772400,365083508090,116,bias-calibration,-4992,1600,-2336,,,
190997135772900,365084505507,117,bias-calibration,-5024,1600,-1856,,,
190997136782300,365085505298,118,bias-calibration,-4832,1728,-2144,,,
190997137788500,365086505548,119,bias-calibration,-4384,1536,-1952,,,
190997138787100,365087505507,120,bias-calibration,-4640,1600,-1984,,,
190997139775400,365088505465,121,bias-calibration,-5408,1152,-2656,,,
190997140778700,365089505465,122,bias-calibration,-4320,1568,-1920,,,
190997141778200,365090506798,123,bias-calibration,-5088,1408,-2464,,,
190997142777800,365091505590,124,bias-calibration,-5408,1600,-2624,,,
190997143778300,365092505507,125,bias-calibration,-4416,1216,-1856,,,
190997144777600,365093505673,126,bias-calibration,-5024,1056,-2048,,,
190997145776400,365094505423,127,bias-calibration,-4736,1248,-1984,,,
190997146777800,365095505840,128,bias-calibration,-5408,1760,-2560,,,
190997147778100,365096505590,129,bias-calibration,-5504,960,-1792,,,
190997148777800,365097505548,130,bias-calibration,-5376,992,-1600,,,
190997149777200,365098505465,131,bias-calibration,-5664,1376,-2688,,,
190997150777000,365099505298,132,bias-calibration,-4416,1216,-1472,,,
190997151775900,365100505507,133,bias-calibration,-6112,1536,-2752,,,
190997153130200,365101508590,134,bias-calibration,-5280,1280,-2272,,,
190997153794800,365102505507,135,bias-calibration,-4960,1184,-2336,,,
190997154778300,365103505507,136,bias-calibration,-4864,1248,-2400,,,
190997155775900,365104505340,137,bias-calibration,-5632,1216,-1824,,,
190997156776200,365105505382,138,bias-calibration,-5376,1248,-2112,,,
190997157775800,365106505632,139,bias-calibration,-4864,960,-2496,,,
190997158777500,365107507048,140,bias-calibration,-5216,1344,-1664,,,
190997159778000,365108505507,141,bias-calibration,-5152,1632,-2528,,,
190997160778600,365109505340,142,bias-calibration,-5184,1088,-1568,,,
190997161776600,365110505423,143,bias-calibration,-5504,1504,-2528,,,
190997162777600,365111505673,144,bias-calibration,-4896,1344,-1408,,,
190997163775800,365112505757,145,bias-calibration,-5152,1632,-1792,,,
190997164775800,365113505507,146,bias-calibration,-5600,1856,-2432,,,
190997165825500,365114505507,147,bias-calibration,-5312,1440,-2432,,,
190997166769500,365115504882,148,bias-calibration,-4832,1408,-2144,,,
190997167783100,365116505673,149,bias-calibration,-5088,1696,-1632,,,
190997168777300,365117505590,150,bias-calibration,-4896,1088,-2208,,,
190997169777700,365118505548,151,bias-calibration,-4192,1696,-1280,,,
190997170778400,365119505423,152,bias-calibration,-4384,1344,-1856,,,
190997171778200,365120506882,153,bias-calibration,-4512,1792,-2208,,,
190997172776000,365121505590,154,bias-calibration,-4160,1664,-1760,,,
190997173778700,365122505548,155,bias-calibration,-4736,1184,-1856,,,
190997174775600,365123505465,156,bias-calibration,-4320,1728,-1952,,,
190997175778400,365124506007,157,bias-calibration,-4384,1312,-1696,,,
190997176778000,365125505215,158,bias-calibration,-4352,1056,-1824,,,
190997177778100,365126505590,159,bias-calibration,-4352,1536,-1984,,,
190997178776000,365127505465,160,bias-calibration,-4896,864,-1440,,,
190997179777900,365128505507,161,bias-calibration,-4768,1248,-2304,,,
190997180776200,365129505548,162,bias-calibration,-4160,800,-1440,,,
190997181786400,365130504923,163,bias-calibration,-4448,1056,-1792,,,
190997182790400,365131505632,164,bias-calibration,-4864,1632,-2240,,,
190997183776600,365132506548,165,bias-calibration,-4832,864,-1600,,,
190997184776400,365133505465,166,bias-calibration,-5024,2016,-1728,,,
190997185809700,365134505423,167,bias-calibration,-5248,1120,-2016,,,
190997186811400,365135508965,168,bias-calibration,-5056,1184,-2112,,,
190997187780800,365136505632,169,bias-calibration,-4992,1600,-2624,,,
190997188779600,365137505382,170,bias-calibration,-4672,1024,-896,,,
190997189779400,365138505340,171,bias-calibration,-5248,1280,-2144,,,
190997190779200,365139505298,172,bias-calibration,-5024,1376,-2240,,,
190997191779500,365140505340,173,bias-calibration,-4992,1376,-1824,,,
190997192779600,365141505548,174,bias-calibration,-5280,1632,-1984,,,
190997193779300,365142505590,175,bias-calibration,-5120,1760,-2560,,,
190997194778600,365143507007,176,bias-calibration,-5632,2208,-1856,,,
190997195778800,365144505507,177,bias-calibration,-5152,1408,-1760,,,
190997196779000,365145506257,178,bias-calibration,-5280,1504,-2656,,,
190997197777000,365146505674,179,bias-calibration,-5248,1472,-1696,,,
190997198895500,365147505382,180,bias-calibration,-5120,1888,-2432,,,
190997199781300,365148505632,181,bias-calibration,-5728,1792,-1888,,,
190997200779500,365149505340,182,bias-calibration,-5312,1600,-2368,,,
190997201777400,365150506965,183,bias-calibration,-5440,1536,-2528,,,
190997203107900,365151505590,184,bias-calibration,-4672,1952,-2272,,,
190997203779100,365152505465,185,bias-calibration,-5248,1344,-2144,,,
190997204949600,365153507215,186,bias-calibration,-5280,1408,-1952,,,
190997205779200,365154505382,187,bias-calibration,-4992,1376,-1824,,,
190997206776400,365155505382,188,bias-calibration,-5088,1920,-2944,,,
190997207775800,365156505507,189,bias-calibration,-5120,608,-2304,,,
190997208779500,365157505590,190,bias-calibration,-4864,1760,-1824,,,
190997209779500,365158505465,191,bias-calibration,-4992,1472,-2240,,,
190997210778600,365159505549,192,bias-calibration,-5280,1408,-2432,,,
190997211779200,365160506965,193,bias-calibration,-4448,1248,-2240,,,
190997212778600,365161505465,194,bias-calibration,-4544,1504,-2080,,,
190997213778100,365162507424,195,bias-calibration,-5152,1152,-2112,,,
190997214778700,365163505465,196,bias-calibration,-4384,1344,-1856,,,
190997215778500,365164505299,197,bias-calibration,-5312,1600,-2240,,,
190997216776400,365165505590,198,bias-calibration,-4448,1152,-2432,,,
190997217784000,365166508215,199,bias-calibration,-5216,1152,-2080,,,
190997218770600,365167506882,200,bias-calibration,-4608,1504,-2144,,,
190997219800000,365168505465,201,bias-calibration,-4832,1184,-2208,,,
190997220775600,365169505299,202,bias-calibration,-4800,1504,-2272,,,
190997221777600,365170505299,203,bias-calibration,-4512,1280,-1728,,,
190997222792700,365171505549,204,bias-calibration,-5120,1536,-2144,,,
190997223784200,365172505590,205,bias-calibration,-5280,1152,-2176,,,
190997224780100,365173505340,206,bias-calibration,-4864,1344,-1760,,,
190997225778400,365174505465,207,bias-calibration,-4896,1504,-2304,,,
190997226775500,365175505590,208,bias-calibration,-5024,1472,-2848,,,
190997227772900,365176505465,209,bias-calibration,-4480,1344,-2080,,,
190997228774400,365177505507,210,bias-calibration,-4960,1664,-2240,,,
190997229777300,365178505465,211,bias-calibration,-4512,992,-1056,,,
190997230779000,365179505340,212,bias-calibration,-4960,1600,-2208,,,
190997231776900,365180505715,213,bias-calibration,-4576,1856,-2336,,,
190997232782200,365181505549,214,bias-calibration,-4864,1408,-2176,,,
190997233778400,365182506882,215,bias-calibration,-4256,1152,-1504,,,
190997234786900,365183505424,216,bias-calibration,-4384,1408,-1920,,,
190997235780500,365184506507,217,bias-calibration,-4288,1312,-2560,,,
190997236778300,365185505674,218,bias-calibration,-4672,1568,-2112,,,
190997237779300,365186505549,219,bias-calibration,-4896,1824,-2240,,,
190997238777800,365187505507,220,bias-calibration,-5024,1568,-2592,,,
190997239779000,365188505382,221,bias-calibration,-4576,1600,-1536,,,
190997240778900,365189506757,222,bias-calibration,-5184,1632,-2912,,,
190997241779400,365190505632,223,bias-calibration,-4896,1216,-1728,,,
190997242779100,365191505507,224,bias-calibration,-4736,1408,-2112,,,
190997243778600,365192505590,225,bias-calibration,-5376,992,-2112,,,
190997244778900,365193505299,226,bias-calibration,-5248,1536,-1888,,,
190997245771500,365194505340,227,bias-calibration,-5472,1440,-2624,,,
190997246784500,365195505674,228,bias-calibration,-4672,1312,-2368,,,
190997247781600,365196505424,229,bias-calibration,-4928,1504,-2112,,,
190997248779600,365197505632,230,bias-calibration,-4672,1120,-2560,,,
190997249779500,365198505465,231,bias-calibration,-4576,1280,-1952,,,
190997250777500,365199505840,232,bias-calibration,-5184,1600,-3168,,,
190997251778900,365200505632,233,bias-calibration,-4864,1408,-2464,,,
190997252831700,365201505799,234,bias-calibration,-5472,1664,-2656,,,
190997253778600,365202505424,235,bias-calibration,-4416,1344,-1824,,,
190997254777500,365203505382,236,bias-calibration,-5344,1312,-2976,,,
190997255778900,365204505424,237,bias-calibration,-4896,1376,-2432,,,
190997256779400,365205505674,238,bias-calibration,-5024,1024,-2336,,,
190997257779600,365206505465,239,bias-calibration,-5056,1472,-2880,,,
190997258779000,365207505965,240,bias-calibration,-4736,1312,-2560,,,
190997259779100,365208506840,241,bias-calibration,-4896,1440,-2048,,,
190997260779200,365209505340,242,bias-calibration,-4992,1248,-2496,,,
190997261779200,365210505674,243,bias-calibration,-4704,1408,-1984,,,
190997262785300,365211505424,244,bias-calibration,-4224,1056,-2240,,,
190997263786700,365212505465,245,bias-calibration,-4864,1824,-2496,,,
190997264782300,365213505299,246,bias-calibration,-4576,1600,-2240,,,
190997265779900,365214505049,247,bias-calibration,-4448,1184,-2400,,,
190997266779700,365215505632,248,bias-calibration,-4512,1536,-2144,,,
190997267777200,365216505590,249,bias-calibration,-4160,896,-2112,,,
190997268779400,365217505549,250,bias-calibration,-4800,1664,-2240,,,
190997269778300,365218505424,251,bias-calibration,-4480,1664,-2208,,,
190997270780300,365219509215,252,bias-calibration,-4224,1248,-2624,,,
190997271769000,365220505715,253,bias-calibration,-4320,1504,-2048,,,
190997272779200,365221506840,254,bias-calibration,-4480,1440,-2496,,,
190997273779600,365222505424,255,bias-calibration,-3904,1120,-2496,,,
190997274779200,365223505299,0,bias-calibration,-4416,1760,-2080,,,
190997275777300,365224505799,1,bias-calibration,-4768,1504,-2048,,,
190997276779200,365225507424,2,bias-calibration,-4288,1824,-2368,,,
190997277970600,365226505465,3,bias-calibration,-4256,1664,-2688,,,
190997278800000,365227505465,4,bias-calibration,-4352,1312,-1984,,,
190997279805200,365228505424,5,bias-calibration,-4736,1472,-2432,,,
190997280792000,365229506382,6,bias-calibration,-4864,1600,-2944,,,
190997281781800,365230505590,7,bias-calibration,-4160,960,-2496,,,
190997282781400,365231506965,8,bias-calibration,-4544,1248,-2592,,,
190997283780700,365232505507,9,bias-calibration,-4832,1280,-2592,,,
190997284780800,365233505299,10,bias-calibration,-4480,1664,-2400,,,
190997285805600,365234505382,11,bias-calibration,-4832,1824,-2272,,,
190997286779200,365235506882,12,bias-calibration,-4128,1184,-2336,,,
190997287778400,365236505632,13,bias-calibration,-4480,1408,-2656,,,
190997288779900,365237505424,14,bias-calibration,-4864,1472,-2240,,,
190997289779900,365238505340,15,bias-calibration,-5088,1120,-2016,,,
190997290778900,365239505299,16,bias-calibration,-4320,1248,-2016,,,
190997291779900,365240505549,17,bias-calibration,-5024,1984,-2656,,,
190997292780200,365241506632,18,bias-calibration,-4864,1632,-2592,,,
190997293780100,365242505632,19,bias-calibration,-4288,1344,-2304,,,
190997294780700,365243505424,20,bias-calibration,-5280,1632,-2848,,,
190997295781800,365244505340,21,bias-calibration,-5056,1600,-2848,,,
190997296781000,365245505549,22,bias-calibration,-4512,1280,-2240,,,
190997297780800,365246505424,23,bias-calibration,-5216,1312,-2432,,,
190997298780400,365247505465,24,bias-calibration,-5216,1568,-2560,,,
190997299780000,365248506340,25,bias-calibration,-4736,1280,-2592,,,
190997300778000,365249507090,26,bias-calibration,-4512,1440,-2336,,,
190997301780300,365250505632,27,bias-calibration,-5216,1472,-2144,,,
190997302821400,365251505715,28,bias-calibration,-4992,1536,-2560,,,
190997303778900,365252505382,29,bias-calibration,-5056,1376,-3296,,,
190997304780800,365253505382,30,bias-calibration,-4288,1024,-1504,,,
190997305815400,365254505340,31,bias-calibration,-5024,1696,-2752,,,
190997307078100,365255506924,32,bias-calibration,-4608,1152,-2624,,,
190997307787300,365256505465,33,bias-calibration,-5152,1280,-2752,,,
190997308786500,365257505465,34,bias-calibration,-5472,1344,-3040,,,
190997309771900,365258505382,35,bias-calibration,-4864,1088,-2496,,,
190997310803100,365259505465,36,bias-calibration,-4096,1312,-2144,,,
190997311783600,365260505590,37,bias-calibration,-4896,1760,-2208,,,
190997312778700,365261505549,38,bias-calibration,-4672,1120,-2688,,,
190997313788400,365262505465,39,bias-calibration,-4736,1568,-2560,,,
190997314776700,365263505049,40,bias-calibration,-4608,1856,-2624,,,
190997315781000,365264505382,41,bias-calibration,-4096,1280,-2240,,,
190997316779300,365265505507,42,bias-calibration,-4192,1472,-2400,,,
190997317780600,365266505632,43,bias-calibration,-3776,1248,-2624,,,
190997318802500,365267506924,44,bias-calibration,-4064,1344,-2944,,,
190997319782100,365268505549,45,bias-calibration,-4416,1408,-2304,,,
190997320785400,365269505465,46,bias-calibration,-4448,1760,-2720,,,
190997321778800,365270505590,47,bias-calibration,-4480,1248,-2592,,,
190997322782700,365271505590,48,bias-calibration,-3936,1696,-2368,,,
190997323783900,365272505424,49,bias-calibration,-3936,1632,-2240,,,
190997324780900,365273506674,50,bias-calibration,-3776,1152,-2016,,,
190997325779200,365274505507,51,bias-calibration,-4416,1920,-2880,,,
190997326783800,365275505424,52,bias-calibration,-4416,1728,-2432,,,
190997327780200,365276505590,53,bias-calibration,-4640,1472,-2464,,,
190997328780400,365277505424,54,bias-calibration,-4256,1504,-2592,,,
190997329781000,365278505424,55,bias-calibration,-4256,1408,-2656,,,
190997330778300,365279506799,56,bias-calibration,-4224,1152,-2624,,,
190997331780200,365280505507,57,bias-calibration,-4800,1248,-2400,,,
190997332780100,365281505590,58,bias-calibration,-3936,1152,-2496,,,
190997333778700,365282505632,59,bias-calibration,-4512,1088,-2688,,,
190997334780200,365283505049,60,bias-calibration,-4288,1440,-2368,,,
190997335780100,365284506840,61,bias-calibration,-4160,1280,-2560,,,
190997336777600,365285506840,62,bias-calibration,-4704,1440,-2368,,,
190997337777900,365286505465,63,bias-calibration,-4352,1536,-2240,,,
190997338779500,365287505340,64,bias-calibration,-4960,992,-2368,,,
190997339779800,365288505424,65,bias-calibration,-4928,1248,-3104,,,
190997340780300,365289505507,66,bias-calibration,-5152,992,-2432,,,
190997341796900,365290507840,67,bias-calibration,-4480,768,-2208,,,
190997342785700,365291505549,68,bias-calibration,-4608,1312,-2720,,,
190997343782900,365292505382,69,bias-calibration,-5312,864,-2848,,,
190997344781600,365293505340,70,bias-calibration,-5088,1440,-2368,,,
190997345779500,365294505174,71,bias-calibration,-4544,1120,-1984,,,
190997346781300,365295505632,72,bias-calibration,-4960,1344,-2624,,,
190997347781300,365296505507,73,bias-calibration,-4992,1216,-2880,,,
190997348781200,365297505507,74,bias-calibration,-4960,800,-2592,,,
190997350130100,365298505340,75,bias-calibration,-4928,1248,-2272,,,
190997350775800,365299505299,76,bias-calibration,-4864,1088,-2240,,,
190997351803400,365300508799,77,bias-calibration,-5248,1696,-3008,,,
190997352781400,365301505590,78,bias-calibration,-4832,960,-2720,,,
190997353779400,365302506507,79,bias-calibration,-5024,1344,-2016,,,
190997354781200,365303505465,80,bias-calibration,-5024,896,-2304,,,
190997355777100,365304505299,81,bias-calibration,-4608,1344,-2240,,,
190997356776500,365305505132,82,bias-calibration,-4768,1280,-2112,,,
190997357776600,365306505632,83,bias-calibration,-5152,1792,-2368,,,
190997358795400,365307505507,84,bias-calibration,-4576,1344,-2240,,,
190997359776200,365308506340,85,bias-calibration,-4544,1184,-2016,,,
190997360775100,365309505424,86,bias-calibration,-4480,1280,-2944,,,
190997361778200,365310506549,87,bias-calibration,-4608,1184,-2592,,,
190997362775200,365311505507,88,bias-calibration,-4448,1632,-2496,,,
190997363770900,365312505424,89,bias-calibration,-4864,1664,-2432,,,
190997364776300,365313505549,90,bias-calibration,-4832,1536,-2720,,,
190997365775900,365314505882,91,bias-calibration,-4416,1088,-2080,,,
190997366776300,365315505465,92,bias-calibration,-4288,1824,-3264,,,
190997367791400,365316505590,93,bias-calibration,-4352,1120,-2240,,,
190997368788700,365317505465,94,bias-calibration,-4960,1152,-2336,,,
190997369782700,365318505382,95,bias-calibration,-4320,1120,-2336,,,
190997370782000,365319505465,96,bias-calibration,-4672,1248,-2176,,,
190997371776100,365320507424,97,bias-calibration,-4832,928,-1856,,,
190997372774800,365321505507,98,bias-calibration,-5248,1216,-2464,,,
190997374336200,365322505299,99,bias-calibration,-4992,1600,-2656,,,
190997374771800,365323505340,100,bias-calibration,-4256,1216,-2752,,,
190997376086700,365324505590,101,bias-calibration,-4576,1376,-2336,,,
190997376780300,365325505257,102,bias-calibration,-4960,768,-2592,,,
190997377782200,365326505465,103,bias-calibration,-4832,1184,-2624,,,
190997378781800,365327505340,104,bias-calibration,-4704,1056,-1696,,,
190997379934000,365328505340,105,bias-calibration,-4384,896,-2592,,,
190997380778400,365329505590,106,bias-calibration,-3936,1120,-2368,,,
190997381782000,365330507507,107,bias-calibration,-4704,1024,-2656,,,
190997382780600,365331505882,108,bias-calibration,-4800,896,-3040,,,
190997383806500,365332505424,109,bias-calibration,-4640,1408,-1984,,,
190997384781700,365333505465,110,bias-calibration,-5088,1152,-3200,,,
190997385781700,365334505549,111,bias-calibration,-5248,864,-2208,,,
190997386781400,365335505465,112,bias-calibration,-5024,1056,-2848,,,
190997387777600,365336505549,113,bias-calibration,-4832,960,-2976,,,
190997388775200,365337504965,114,bias-calibration,-4736,1056,-2976,,,
190997389773600,365338505340,115,bias-calibration,-4160,1120,-2080,,,
190997390784900,365339505465,116,bias-calibration,-4512,1152,-2048,,,
190997391785500,365340505507,117,bias-calibration,-4736,800,-2688,,,
190997392782300,365341505507,118,bias-calibration,-4512,1472,-2560,,,
190997393782000,365342507549,119,bias-calibration,-5024,1152,-2528,,,
190997394781800,365343506049,120,bias-calibration,-4992,800,-2496,,,
190997395782000,365344510257,121,bias-calibration,-5088,1024,-2464,,,
190997396781700,365345510382,122,bias-calibration,-4960,1344,-2560,,,
190997397906900,365346520507,123,bias-calibration,-4992,1024,-2464,,,
190997398905100,365347515840,124,bias-calibration,-4928,928,-2272,,,
190997399778300,365348515424,125,bias-calibration,-4288,1088,-2176,,,
190997400781900,365349507840,126,bias-calibration,-5280,768,-2432,,,
190997401781800,365350509799,127,bias-calibration,-4608,1344,-2112,,,
190997402781600,365351511549,128,bias-calibration,-5216,1408,-2368,,,
190997403776000,365352512174,129,bias-calibration,-5088,1472,-2336,,,
190997404777000,365353511840,130,bias-calibration,-4416,704,-2048,,,
190997405795200,365354512340,131,bias-calibration,-5024,1024,-2208,,,
190997407723300,365355509549,132,bias-calibration,-5216,1472,-2688,,,
190997407780200,365356506507,133,bias-calibration,-5120,1248,-2176,,,
190997408782200,365357509632,134,bias-calibration,-4800,960,-2368,,,
190997409785000,365358510507,135,bias-calibration,-5056,1280,-2176,,,
190997410779700,365359508757,136,bias-calibration,-5088,1824,-3008,,,
190997411781600,365360509674,137,bias-calibration,-4992,1472,-2560,,,
190997412781600,365361511715,138,bias-calibration,-5056,1152,-1920,,,
190997413781500,365362505424,139,bias-calibration,-5120,1504,-3040,,,
190997414781300,365363510632,140,bias-calibration,-4576,1408,-1856,,,
190997415781700,365364509174,141,bias-calibration,-5312,1664,-2848,,,
190997416798600,365365508465,142,bias-calibration,-5760,1440,-2880,,,
190997417779400,365366510132,143,bias-calibration,-4800,1376,-2400,,,
190997418779700,365367511757,144,bias-calibration,-4992,1504,-2368,,,
190997419777700,365368508590,145,bias-calibration,-4192,1632,-2816,,,
190997420777300,365369514132,146,bias-calibration,-4896,1568,-2176,,,
190997421771500,365370509965,147,bias-calibration,-5024,1504,-2656,,,
190997422775100,365371510174,148,bias-calibration,-5408,928,-2240,,,
190997423771200,365372510340,149,bias-calibration,-4512,1280,-2848,,,
190997424769400,365373517757,150,bias-calibration,-5120,1472,-2528,,,
190997425771100,365374508882,151,bias-calibration,-4992,1120,-2368,,,
190997426780300,365375512299,152,bias-calibration,-5248,1312,-2432,,,
190997427783000,365376511465,153,bias-calibration,-4768,1152,-2848,,,
190997428781600,365377510049,154,bias-calibration,-5248,1408,-2400,,,
190997429782000,365378509340,155,bias-calibration,-4928,1344,-2304,,,
190997430781000,365379511840,156,bias-calibration,-4544,1536,-2048,,,
190997431781300,365380509507,157,bias-calibration,-5184,1504,-2784,,,
190997432782100,365381507174,158,bias-calibration,-4576,1376,-1856,,,
190997433779500,365382507674,159,bias-calibration,-4576,1312,-2048,,,
190997434781100,365383512799,160,bias-calibration,-5088,1184,-2784,,,
190997435777500,365384513632,161,bias-calibration,-4320,1152,-2368,,,
190997436777200,365385515257,162,bias-calibration,-5280,1792,-2976,,,
190997438371800,365386507632,163,bias-calibration,-4512,1216,-2624,,,
190997438772100,365387507174,164,bias-calibration,-4608,1280,-2144,,,
190997439779700,365388506632,165,bias-calibration,-5280,832,-2912,,,
190997440778800,365389510840,166,bias-calibration,-4960,1024,-2432,,,
190997441778300,365390510132,167,bias-calibration,-4256,928,-1536,,,
190997442774100,365391508465,168,bias-calibration,-5024,1024,-1824,,,
190997443777000,365392509799,169,bias-calibration,-5152,1120,-2272,,,
190997444774600,365393511549,170,bias-calibration,-4544,896,-2112,,,
190997445772500,365394508132,171,bias-calibration,-5120,1440,-2528,,,
190997446775000,365395511299,172,bias-calibration,-4544,1248,-1760,,,
190997447779400,365396510882,173,bias-calibration,-4800,1376,-2816,,,
190997448781900,365397511424,174,bias-calibration,-4544,1408,-2336,,,
190997449797300,365398511715,175,bias-calibration,-4704,832,-2208,,,
190997450781200,365399508632,176,bias-calibration,-4864,1632,-2432,,,
190997451777400,365400507549,177,bias-calibration,-4992,1440,-2560,,,
190997452777200,365401505340,178,bias-calibration,-4608,1344,-2368,,,
190997453774900,365402506007,179,bias-calibration,-4928,1344,-2016,,,
190997454787500,365403505215,180,bias-calibration,-5056,2176,-2720,,,
190997455785700,365404505507,181,bias-calibration,-4768,1824,-2560,,,
190997456781800,365405505507,182,bias-calibration,-4640,1568,-2048,,,
190997457782000,365406505424,183,bias-calibration,-5024,992,-2016,,,
190997458779700,365407505424,184,bias-calibration,-4288,1120,-2752,,,
190997459781900,365408505257,185,bias-calibration,-4672,1216,-1856,,,
190997460780800,365409505549,186,bias-calibration,-4576,1728,-2208,,,
190997461779600,365410505465,187,bias-calibration,-4800,1088,-2112,,,
190997462781500,365411505299,188,bias-calibration,-5216,1504,-2208,,,
190997463781400,365412507090,189,bias-calibration,-4896,1280,-2560,,,
190997464782200,365413505299,190,bias-calibration,-4512,1536,-1984,,,
190997465779600,365414505590,191,bias-calibration,-4096,1120,-2176,,,
190997466779700,365415506215,192,bias-calibration,-4608,1184,-2176,,,
190997467777600,365416505424,193,bias-calibration,-4896,1824,-2656,,,
190997468777300,365417505340,194,bias-calibration,-4736,1568,-1920,,,
190997469777600,365418505299,195,bias-calibration,-4576,1824,-2816,,,
190997470773100,365419505465,196,bias-calibration,-4672,1472,-2912,,,
190997471785600,365420507507,197,bias-calibration,-4736,1536,-3392,,,
190997472781300,365421505007,198,bias-calibration,-4832,1440,-2080,,,
190997473779900,365422505507,199,bias-calibration,-5024,1600,-2688,,,
190997474781400,365423505382,200,bias-calibration,-4416,1088,-1696,,,
190997475779800,365424506965,201,bias-calibration,-5024,1568,-1920,,,
190997476781500,365425505424,202,bias-calibration,-4448,1184,-1536,,,
190997477781400,365426505090,203,bias-calibration,-4992,1632,-3040,,,
190997478781300,365427505382,204,bias-calibration,-5024,1344,-2144,,,
190997479781700,365428505299,205,bias-calibration,-4800,1728,-2624,,,
190997480921000,365429505465,206,bias-calibration,-4992,1792,-2176,,,
190997481781600,365430505674,207,bias-calibration,-4832,1440,-2304,,,
190997482799300,365431506007,208,bias-calibration,-5440,1504,-2976,,,
190997483777300,365432505340,209,bias-calibration,-4896,1312,-1696,,,
190997484776900,365433505257,210,bias-calibration,-4320,1408,-2048,,,
190997485790400,365434505882,211,bias-calibration,-5024,1760,-2752,,,
190997486789800,365435506799,212,bias-calibration,-4800,1088,-2304,,,
190997487778100,365436505632,213,bias-calibration,-4192,1216,-2560,,,
190997488778800,365437505465,214,bias-calibration,-5024,1600,-2784,,,
190997489783200,365438505299,215,bias-calibration,-5152,1504,-1504,,,
190997490773900,365439505549,216,bias-calibration,-4960,1760,-2336,,,
190997491772300,365440505424,217,bias-calibration,-4448,1152,-2336,,,
190997492777200,365441505382,218,bias-calibration,-4480,2048,-1824,,,
190997493781400,365442506799,219,bias-calibration,-4320,1472,-2144,,,
190997494781700,365443505299,220,bias-calibration,-4416,1856,-2432,,,
190997495782200,365444505549,221,bias-calibration,-4096,1408,-1952,,,
190997496779900,365445505465,222,bias-calibration,-4384,1248,-1632,,,
190997497781300,365446505382,223,bias-calibration,-4832,1760,-2208,,,
190997498781700,365447505424,224,bias-calibration,-4160,1120,-2272,,,
190997499777700,365448505174,225,bias-calibration,-5056,1472,-2624,,,
190997500776900,365449506382,226,bias-calibration,-4448,1056,-2624,,,
190997501776200,365450506174,227,bias-calibration,-3840,1312,-2400,,,
190997502892800,365451505465,228,bias-calibration,-4864,1376,-2176,,,
190997503780700,365452505382,229,bias-calibration,-4672,1184,-2240,,,
190997504776500,365453505257,230,bias-calibration,-4896,2208,-2528,,,
190997505778500,365454505424,231,bias-calibration,-4320,1024,-2464,,,
190997506786100,365455505549,232,bias-calibration,-4320,960,-1792,,,
190997507784100,365456505382,233,bias-calibration,-5088,1728,-2592,,,
190997508778400,365457505340,234,bias-calibration,-4576,1824,-2400,,,
190997509780200,365458505215,235,bias-calibration,-4640,1632,-2784,,,
190997510779500,365459505632,236,bias-calibration,-4640,1312,-1824,,,
190997511779000,365460506924,237,bias-calibration,-4736,1696,-1920,,,
190997512779400,365461506924,238,bias-calibration,-4896,1760,-2688,,,
190997513779200,365462505299,239,bias-calibration,-4928,1536,-2336,,,
190997514779800,365463508090,240,bias-calibration,-4384,1440,-1856,,,
190997515802800,365464505465,241,bias-calibration,-4864,1216,-2240,,,
190997516779600,365465505465,242,bias-calibration,-4896,1536,-2368,,,
190997517774000,365466505507,243,bias-calibration,-4800,1312,-1728,,,
190997518789000,365467505340,244,bias-calibration,-4384,1504,-1696,,,
190997519775300,365468506757,245,bias-calibration,-5056,2016,-2176,,,
190997520785300,365469505632,246,bias-calibration,-4960,1632,-2144,,,
190997521778500,365470505590,247,bias-calibration,-5440,2048,-1696,,,
190997522789500,365471505424,248,bias-calibration,-5184,1856,-2528,,,
190997523776400,365472505340,249,bias-calibration,-4832,1632,-2496,,,
190997524780300,365473505299,250,bias-calibration,-4736,1440,-1920,,,
190997525777900,365474506757,251,bias-calibration,-4352,1536,-2112,,,
190997526777800,365475505507,252,bias-calibration,-5408,1248,-2240,,,
190997527779000,365476505340,253,bias-calibration,-4608,2048,-2400,,,
190997528789100,365477505299,254,bias-calibration,-5152,1152,-2560,,,
190997529780000,365478506674,255,bias-calibration,-4544,1760,-2720,,,
190997530784400,365479505424,0,bias-calibration,-4960,1600,-2272,,,
190997531783100,365480505424,1,bias-calibration,-4640,1632,-2208,,,
190997532774100,365481505465,2,bias-calibration,-4800,1600,-2112,,,
190997533779100,365482505257,3,bias-calibration,-5024,1248,-2432,,,
190997534778400,365483506132,4,bias-calibration,-4352,1024,-2272,,,
190997535788600,365484507382,5,bias-calibration,-4992,1344,-1376,,,
190997536776500,365485505382,6,bias-calibration,-4800,1408,-2400,,,
190997537789500,365486505507,7,bias-calibration,-4544,1600,-2720,,,
190997538777500,365487505215,8,bias-calibration,-4544,1728,-2080,,,
190997539776400,365488505507,9,bias-calibration,-4512,1792,-1984,,,
190997540786700,365489505382,10,bias-calibration,-4416,1376,-2720,,,
190997541783000,365490506007,11,bias-calibration,-4480,1728,-2368,,,
190997542786900,365491505299,12,bias-calibration,-4544,1408,-2336,,,
190997543781500,365492505257,13,bias-calibration,-4640,1440,-2624,,,
190997544777100,365493505465,14,bias-calibration,-4832,1536,-1792,,,
190997545777100,365494505799,15,bias-calibration,-4512,1600,-2080,,,
190997546775300,365495505340,16,bias-calibration,-4288,1248,-2112,,,
190997547777200,365496505465,17,bias-calibration,-4800,1408,-2016,,,
190997548779800,365497505299,18,bias-calibration,-4640,1376,-1984,,,
190997549785300,365498505424,19,bias-calibration,-4768,1824,-2560,,,
190997550784300,365499505424,20,bias-calibration,-4576,1504,-2368,,,
190997551781600,365500506174,21,bias-calibration,-4736,1632,-2016,,,
190997552778400,365501505424,22,bias-calibration,-5152,1504,-2752,,,
190997553780300,365502505215,23,bias-calibration,-4320,1024,-2208,,,
190997554780300,365503505465,24,bias-calibration,-4480,1440,-2272,,,
190997555777700,365504505465,25,bias-calibration,-4576,1440,-2176,,,
190997556779800,365505505340,26,bias-calibration,-4576,1888,-2368,,,
190997557779600,365506505424,27,bias-calibration,-5120,1664,-2368,,,
190997558779800,365507505299,28,bias-calibration,-4928,1760,-2240,,,
190997559778200,365508505507,29,bias-calibration,-4576,1472,-2752,,,
190997560778300,365509505465,30,bias-calibration,-4416,1536,-1952,,,
190997561777200,365510506840,31,bias-calibration,-4256,1824,-2432,,,
190997562779600,365511505382,32,bias-calibration,-4544,1536,-2336,,,
190997563779400,365512505215,33,bias-calibration,-4960,1408,-2688,,,
190997564779300,365513505549,34,bias-calibration,-4448,1472,-2208,,,
190997565777100,365514505382,35,bias-calibration,-4544,1472,-1888,,,
190997566776900,365515507132,36,bias-calibration,-4800,1184,-1664,,,
190997567781000,365516505507,37,bias-calibration,-4416,1344,-2688,,,
190997568780400,365517505299,38,bias-calibration,-4448,1632,-2048,,,
190997569780000,365518505674,39,bias-calibration,-5280,1600,-2592,,,
190997570779200,365519505424,40,bias-calibration,-5696,1184,-2272,,,
190997571779800,365520508257,41,bias-calibration,-5024,1408,-2240,,,
190997572779500,365521505465,42,bias-calibration,-5152,960,-2880,,,
190997573779900,365522505299,43,bias-calibration,-5088,1440,-2400,,,
190997574777900,365523505715,44,bias-calibration,-4672,1472,-2336,,,
190997575780200,365524505465,45,bias-calibration,-4832,1472,-2048,,,
190997576777200,365525505507,46,bias-calibration,-4736,1536,-1760,,,
190997577779500,365526505382,47,bias-calibration,-4704,1088,-2400,,,
190997578779500,365527505674,48,bias-calibration,-5024,1344,-2464,,,
190997579800700,365528505590,49,bias-calibration,-5632,1856,-2624,,,
190997580780000,365529505507,50,bias-calibration,-4800,1376,-2080,,,
190997581782000,365530506549,51,bias-calibration,-5312,1248,-3040,,,
190997582781700,365531505340,52,bias-calibration,-5568,1024,-2528,,,
190997583780100,365532505132,53,bias-calibration,-4544,1408,-2048,,,
190997584779400,365533505632,54,bias-calibration,-4864,992,-1760,,,
190997585779400,365534505424,55,bias-calibration,-5312,928,-2048,,,
190997586779700,365535505424,56,bias-calibration,-5088,1312,-2240,,,
190997587779200,365536505965,57,bias-calibration,-5632,1376,-2496,,,
190997588779400,365537505424,58,bias-calibration,-5440,1376,-1856,,,
190997589779400,365538505590,59,bias-calibration,-5472,1536,-2368,,,
190997590779400,365539505549,60,bias-calibration,-5120,1376,-2912,,,
190997591777700,365540505465,61,bias-calibration,-4928,1248,-2496,,,
190997592779300,365541505340,62,bias-calibration,-4768,736,-2080,,,
190997593777500,365542506674,63,bias-calibration,-4576,1472,-2144,,,
190997594779500,365543506174,64,bias-calibration,-4768,1536,-2368,,,
190997595779500,365544506215,65,bias-calibration,-4896,1696,-2240,,,
190997596779700,365545506840,66,bias-calibration,-5408,1280,-1856,,,
190997597784900,365546505465,67,bias-calibration,-4928,1344,-2176,,,
190997598781800,365547505049,68,bias-calibration,-4736,1344,-1920,,,
190997599781000,365548505465,69,bias-calibration,-4672,1600,-1920,,,
190997600779700,365549505382,70,bias-calibration,-4928,1376,-2688,,,
190997601779600,365550505507,71,bias-calibration,-4320,1504,-2688,,,
190997602779700,365551505299,72,bias-calibration,-4352,1600,-1600,,,
190997603779400,365552505132,73,bias-calibration,-4896,1568,-2112,,,
190997604778800,365553505590,74,bias-calibration,-4416,1536,-2528,,,
190997605779700,365554506840,75,bias-calibration,-4736,1184,-2752,,,
190997606778900,365555505507,76,bias-calibration,-5120,928,-2048,,,
190997607781500,365556506549,77,bias-calibration,-4992,1024,-1632,,,
190997608777100,365557506840,78,bias-calibration,-4384,1504,-2112,,,
190997609777800,365558505507,79,bias-calibration,-4608,1408,-2592,,,
190997610779800,365559505465,80,bias-calibration,-4960,1504,-2336,,,
190997611783900,365560508382,81,bias-calibration,-4768,1216,-1600,,,
190997612811300,365561505382,82,bias-calibration,-4448,928,-2016,,,
190997613775700,365562505257,83,bias-calibration,-4864,1408,-2048,,,
190997614782700,365563505424,84,bias-calibration,-5408,1024,-2240,,,
190997615781200,365564505424,85,bias-calibration,-4288,992,-1632,,,
190997616781900,365565505424,86,bias-calibration,-5152,1216,-2208,,,
190997617781300,365566505215,87,bias-calibration,-5504,1312,-2592,,,
190997618781600,365567506132,88,bias-calibration,-4928,640,-1856,,,
190997619781300,365568505549,89,bias-calibration,-5152,1152,-2304,,,
190997620781400,365569505424,90,bias-calibration,-5056,1312,-2304,,,
190997621781500,365570505549,91,bias-calibration,-4608,1024,-2048,,,
190997622779100,365571505757,92,bias-calibration,-5088,1216,-2816,,,
190997623781300,365572504840,93,bias-calibration,-4576,1088,-2272,,,
190997624781100,365573505465,94,bias-calibration,-5280,1344,-2528,,,
190997625781600,365574505424,95,bias-calibration,-5088,1472,-1888,,,
190997626776000,365575505465,96,bias-calibration,-4832,1120,-2176,,,
190997627776600,365576505382,97,bias-calibration,-4768,1312,-1888,,,
190997628773300,365577505215,98,bias-calibration,-4800,1472,-2592,,,
190997629785600,365578506965,99,bias-calibration,-4832,832,-2048,,,
190997630783400,365579505382,100,bias-calibration,-4512,1792,-2144,,,
190997631780100,365580505507,101,bias-calibration,-5184,1216,-2560,,,
190997632786700,365581505340,102,bias-calibration,-4416,1024,-2400,,,
190997633788700,365582505299,103,bias-calibration,-5568,1536,-2304,,,
190997634779800,365583505507,104,bias-calibration,-4544,1120,-2240,,,
190997635781400,365584506007,105,bias-calibration,-5152,1632,-2720,,,
190997636781800,365585505382,106,bias-calibration,-5056,1248,-2208,,,
190997637780400,365586505257,107,bias-calibration,-4672,1152,-2592,,,
190997638781100,365587505299,108,bias-calibration,-5056,1728,-2880,,,
190997639781600,365588505465,109,bias-calibration,-4672,1312,-2688,,,
190997640781400,365589505049,110,bias-calibration,-4832,1312,-1280,,,
190997641781600,365590506799,111,bias-calibration,-5728,1664,-2336,,,
190997642777200,365591505340,112,bias-calibration,-4896,1536,-2240,,,
190997643775000,365592505257,113,bias-calibration,-4416,1088,-2624,,,
190997644777100,365593505465,114,bias-calibration,-4800,1376,-2016,,,
190997645792600,365594505340,115,bias-calibration,-5568,1280,-1696,,,
190997646776700,365595506590,116,bias-calibration,-5120,1056,-2336,,,
190997647779200,365596505299,117,bias-calibration,-4160,608,-2112,,,
190997648770400,365597506882,118,bias-calibration,-4544,1440,-1600,,,
190997649775600,365598506715,119,bias-calibration,-4672,1312,-2432,,,
190997650778500,365599505340,120,bias-calibration,-4672,1184,-1984,,,
190997651775800,365600505465,121,bias-calibration,-4512,832,-2176,,,
190997652786800,365601505174,122,bias-calibration,-5216,608,-2432,,,
190997653787200,365602505299,123,bias-calibration,-4672,960,-2880,,,
190997654782600,365603506840,124,bias-calibration,-4576,1568,-2752,,,
190997655780600,365604506215,125,bias-calibration,-4608,1344,-2336,,,
190997656781100,365605505382,126,bias-calibration,-5152,1536,-3104,,,
190997657780100,365606505299,127,bias-calibration,-5280,1280,-2656,,,
190997658776500,365607505340,128,bias-calibration,-4736,1248,-1248,,,
190997659775000,365608505465,129,bias-calibration,-4640,1280,-2208,,,
190997660777800,365609509382,130,bias-calibration,-4608,1472,-1408,,,
190997661791300,365610505549,131,bias-calibration,-4864,1056,-2464,,,
190997662782600,365611505382,132,bias-calibration,-4736,1184,-2368,,,
190997663781300,365612505424,133,bias-calibration,-4864,1120,-2112,,,
190997664780100,365613505507,134,bias-calibration,-4736,1024,-1888,,,
190997665778100,365614505590,135,bias-calibration,-4480,1152,-1920,,,
190997666779800,365615505340,136,bias-calibration,-4480,1568,-2624,,,
190997667780100,365616505257,137,bias-calibration,-4960,928,-2592,,,
190997668780100,365617505549,138,bias-calibration,-4352,928,-2208,,,
190997669780000,365618506465,139,bias-calibration,-5280,1344,-2496,,,
190997670779300,365619505424,140,bias-calibration,-4480,1504,-2272,,,
190997671780200,365620505340,141,bias-calibration,-4992,1472,-2624,,,
190997672780000,365621505299,142,bias-calibration,-4160,1184,-2528,,,
190997673780500,365622505215,143,bias-calibration,-4864,960,-2432,,,
190997674776100,365623505507,144,bias-calibration,-5184,1280,-1920,,,
190997675774100,365624505132,145,bias-calibration,-5024,1056,-2400,,,
190997676777700,365625505465,146,bias-calibration,-4672,1024,-3264,,,
190997677794000,365626505299,147,bias-calibration,-4864,1312,-2688,,,
190997678807000,365627505465,148,bias-calibration,-4480,1024,-1824,,,
190997679778800,365628505424,149,bias-calibration,-4992,1216,-2656,,,
190997680780700,365629505382,150,bias-calibration,-4544,1472,-2272,,,
190997681780100,365630505632,151,bias-calibration,-5312,1312,-2112,,,
190997682778200,365631505340,152,bias-calibration,-4128,1248,-1728,,,
190997683780000,365632505507,153,bias-calibration,-4864,1280,-2624,,,
190997684780400,365633505465,154,bias-calibration,-5184,1408,-2528,,,
190997685779900,365634505424,155,bias-calibration,-4480,960,-1056,,,
190997686779900,365635505299,156,bias-calibration,-5120,1408,-3040,,,
190997687780300,365636505465,157,bias-calibration,-4352,1632,-2240,,,
190997688777400,365637505674,158,bias-calibration,-3968,1408,-2272,,,
190997689780500,365638505465,159,bias-calibration,-4928,928,-2528,,,
190997690776600,365639505549,160,bias-calibration,-4960,1760,-2720,,,
190997691774500,365640513257,161,bias-calibration,-5024,1120,-2176,,,
190997692774700,365641504924,162,bias-calibration,-4960,1504,-2752,,,
190997693772200,365642506674,163,bias-calibration,-4704,960,-2720,,,
190997694774900,365643505382,164,bias-calibration,-4352,1408,-2944,,,
190997695775400,365644505340,165,bias-calibration,-4384,832,-2368,,,
190997696774100,365645505215,166,bias-calibration,-5088,1440,-2848,,,
190997697772600,365646505257,167,bias-calibration,-4800,992,-1952,,,
190997698773300,365647505757,168,bias-calibration,-4544,1408,-1536,,,
190997699773800,365648506465,169,bias-calibration,-4832,1216,-2400,,,
190997700773100,365649505424,170,bias-calibration,-4800,1248,-2592,,,
190997701774100,365650505382,171,bias-calibration,-4320,1568,-2368,,,
190997702776700,365651505507,172,bias-calibration,-4448,1344,-3072,,,
190997703778300,365652505715,173,bias-calibration,-4512,1120,-1760,,,
190997704777100,365653505424,174,bias-calibration,-5056,1024,-2272,,,
190997705773900,365654505424,175,bias-calibration,-4768,1504,-2528,,,
190997706776700,365655505257,176,bias-calibration,-4672,1216,-2560,,,
190997708397200,365656506174,177,bias-calibration,-3904,1632,-2496,,,
190997708772700,365657505549,178,bias-calibration,-4832,1248,-2304,,,
190997709774300,365658505424,179,bias-calibration,-3840,896,-2080,,,
190997710770700,365659505424,180,bias-calibration,-4800,1504,-2880,,,
190997711791600,365660506674,181,bias-calibration,-4608,1088,-2176,,,
190997712773100,365661506840,182,bias-calibration,-3552,1344,-1632,,,
190997713775800,365662505465,183,bias-calibration,-4544,1344,-2528,,,
190997714777000,365663505340,184,bias-calibration,-4096,1440,-2464,,,
190997715777700,365664505424,185,bias-calibration,-5216,1376,-2656,,,
190997716777100,365665505340,186,bias-calibration,-5088,768,-1856,,,
190997717776100,365666505299,187,bias-calibration,-4768,1056,-2496,,,
190997718777200,365667505465,188,bias-calibration,-4800,1408,-2208,,,
190997719773600,365668505340,189,bias-calibration,-4672,1504,-2720,,,
190997720791000,365669505465,190,bias-calibration,-4544,1312,-2656,,,
190997723787500,365670515007,191,bias-calibration,-4800,1664,-2560,,,
190997723804200,365671505382,192,bias-calibration,-4544,1536,-2912,,,
190997723813500,365672505549,193,bias-calibration,-4736,1344,-2176,,,
190997724774200,365673505382,194,bias-calibration,-5344,1504,-3392,,,
190997725769100,365674505340,195,bias-calibration,-4512,1760,-2592,,,
190997726768600,365675505382,196,bias-calibration,-4192,1664,-2208,,,
190997727771800,365676505632,197,bias-calibration,-4576,1120,-2496,,,
190997728773700,365677507132,198,bias-calibration,-3872,1184,-2912,,,
190997729770400,365678506799,199,bias-calibration,-4640,1472,-2624,,,
190997730772400,365679505507,200,bias-calibration,-4608,1600,-3008,,,
190997731785500,365680505299,201,bias-calibration,-4736,1600,-2240,,,
190997732777400,365681505299,202,bias-calibration,-4704,1472,-2560,,,
190997733775800,365682505382,203,bias-calibration,-4480,1024,-2848,,,
190997734774200,365683505257,204,bias-calibration,-4352,1632,-2496,,,
190997735776400,365684505549,205,bias-calibration,-4832,1280,-2400,,,
190997736776300,365685505632,206,bias-calibration,-4928,1536,-2816,,,
190997737774700,365686505257,207,bias-calibration,-4480,1376,-2528,,,
190997738777200,365687505382,208,bias-calibration,-5504,1696,-2336,,,
190997739779200,365688505549,209,bias-calibration,-4224,1472,-2912,,,
190997740783800,365689505590,210,bias-calibration,-5056,1184,-2944,,,
190997741781900,365690506924,211,bias-calibration,-4768,1472,-2624,,,
190997742780300,365691505174,212,bias-calibration,-4448,1344,-2176,,,
190997743782500,365692505340,213,bias-calibration,-4736,1376,-2624,,,
190997744800300,365693505215,214,bias-calibration,-5024,1600,-2016,,,
190997745785100,365694505382,215,bias-calibration,-4800,1088,-2112,,,
190997746786500,365695505299,216,bias-calibration,-5088,960,-2368,,,
190997747784400,365696505340,217,bias-calibration,-4928,1824,-3072,,,
190997748782900,365697505382,218,bias-calibration,-4320,1376,-1952,,,
190997749777400,365698505424,219,bias-calibration,-5056,960,-2336,,,
190997750784100,365699506299,220,bias-calibration,-4992,1504,-2304,,,
190997751783100,365700505257,221,bias-calibration,-4512,1472,-2144,,,
190997752783000,365701505340,222,bias-calibration,-5056,896,-2752,,,
190997753781900,365702505424,223,bias-calibration,-4704,1696,-2112,,,
190997754818100,365703505465,224,bias-calibration,-5152,1632,-2656,,,
190997756224000,365704505299,225,bias-calibration,-4320,1280,-2496,,,
190997756779800,365705505340,226,bias-calibration,-4704,1504,-1504,,,
190997757786000,365706505299,227,bias-calibration,-4672,1152,-2400,,,
190997758782200,365707505590,228,bias-calibration,-4832,1408,-1952,,,
190997759777500,365708505382,229,bias-calibration,-4448,1504,-2656,,,
190997760779700,365709505257,230,bias-calibration,-4736,1888,-3264,,,
190997761777700,365710505215,231,bias-calibration,-4608,1760,-2496,,,
190997762779800,365711505340,232,bias-calibration,-4160,1568,-2592,,,
190997763779800,365712505424,233,bias-calibration,-4896,1248,-2688,,,
190997764779200,365713505507,234,bias-calibration,-4800,1728,-2656,,,
190997765779500,365714505340,235,bias-calibration,-4640,1536,-3200,,,
190997766770400,365715505882,236,bias-calibration,-4608,1184,-2560,,,
190997767779000,365716505340,237,bias-calibration,-4512,1120,-2272,,,
190997768779400,365717505465,238,bias-calibration,-4672,1248,-2048,,,
190997769772900,365718505424,239,bias-calibration,-4640,1728,-2944,,,
190997770779700,365719505465,240,bias-calibration,-5152,1280,-2592,,,
190997771775300,365720506049,241,bias-calibration,-4736,992,-2208,,,
190997772779100,365721505340,242,bias-calibration,-4672,1216,-2656,,,
190997773784600,365722505465,243,bias-calibration,-5312,1856,-2432,,,
190997774781700,365723505424,244,bias-calibration,-4416,1856,-1568,,,
190997775777200,365724505299,245,bias-calibration,-4608,1344,-2112,,,
190997776776500,365725504799,246,bias-calibration,-5088,1824,-3200,,,
190997777806400,365726505465,247,bias-calibration,-4672,1504,-2528,,,
190997778779900,365727505299,248,bias-calibration,-4960,1696,-2464,,,
190997779778000,365728505340,249,bias-calibration,-4768,1056,-1888,,,
190997780780100,365729505299,250,bias-calibration,-5120,1376,-3296,,,
190997781778800,365730505840,251,bias-calibration,-4640,1184,-2432,,,
190997782779600,365731505340,252,bias-calibration,-4864,960,-2368,,,
190997783774900,365732506090,253,bias-calibration,-4512,1472,-2176,,,
190997784777900,365733505507,254,bias-calibration,-4640,1792,-2432,,,
190997785779200,365734505382,255,bias-calibration,-5024,1600,-2336,,,
190997786776300,365735510424,0,bias-calibration,-4256,1632,-2272,,,
190997787770300,365736505299,1,bias-calibration,-4640,1472,-2368,,,
190997788773800,365737505382,2,bias-calibration,-4320,1312,-2368,,,
190997789775800,365738505299,3,bias-calibration,-4704,1248,-1984,,,
190997790774100,365739505257,4,bias-calibration,-4864,1312,-2816,,,
190997791773800,365740504840,5,bias-calibration,-4928,1472,-2560,,,
190997792789700,365741505257,6,bias-calibration,-4320,1632,-2208,,,
190997793784800,365742505382,7,bias-calibration,-4224,1472,-2432,,,
190997794791300,365743505549,8,bias-calibration,-4576,1088,-2496,,,
190997795778100,365744505382,9,bias-calibration,-4832,1440,-2080,,,
190997796779600,365745505382,10,bias-calibration,-5376,1568,-2080,,,
190997797788200,365746505299,11,bias-calibration,-4800,1536,-2112,,,
190997798788800,365747505340,12,bias-calibration,-4576,1408,-2816,,,
190997799779500,365748505465,13,bias-calibration,-4576,1472,-2592,,,
190997800776100,365749505257,14,bias-calibration,-5760,1024,-2464,,,
190997801779700,365750506549,15,bias-calibration,-4864,1152,-2144,,,
190997803213200,365751505382,16,bias-calibration,-4864,1408,-2464,,,
190997803778700,365752505382,17,bias-calibration,-4608,1248,-2688,,,
190997804802200,365753505424,18,bias-calibration,-4704,1376,-2080,,,
190997805797800,365754505340,19,bias-calibration,-4800,1216,-2080,,,
190997806798400,365755506632,20,bias-calibration,-4416,1216,-2336,,,
190997807846300,365756505257,21,bias-calibration,-4288,1248,-1888,,,
190997808784900,365757505424,22,bias-calibration,-5248,1568,-2560,,,
190997809772700,365758505465,23,bias-calibration,-4736,1216,-2304,,,
190997810800200,365759505340,24,bias-calibration,-4928,960,-2304,,,
190997811774200,365760506090,25,bias-calibration,-4768,1856,-2400,,,
190997812773700,365761505674,26,bias-calibration,-4960,1248,-1728,,,
190997813773600,365762505424,27,bias-calibration,-4608,1472,-3008,,,
190997814775500,365763505424,28,bias-calibration,-5600,1120,-2624,,,
190997815777100,365764505382,29,bias-calibration,-4672,1120,-1920,,,
190997816774800,365765505007,30,bias-calibration,-5184,1376,-1984,,,
190997817774300,365766505882,31,bias-calibration,-5248,1760,-2400,,,
190997818776000,365767505465,32,bias-calibration,-4832,1440,-3136,,,
190997819773600,365768505382,33,bias-calibration,-5120,1568,-2624,,,
190997820772800,365769505257,34,bias-calibration,-5248,1408,-2624,,,
190997821827000,365770505715,35,bias-calibration,-5120,1664,-2592,,,
190997822867500,365771505340,36,bias-calibration,-4960,640,-1728,,,
190997823795800,365772505382,37,bias-calibration,-5216,992,-2176,,,
190997824873500,365773505465,38,bias-calibration,-5184,1856,-2848,,,
190997825792900,365774505340,39,bias-calibration,-4512,1280,-1888,,,
190997826777900,365775505382,40,bias-calibration,-5088,1056,-2144,,,
190997827864700,365776505549,41,bias-calibration,-4448,1024,-1664,,,
190997828861500,365777505382,42,bias-calibration,-4608,1184,-2464,,,
190997829857500,365778505549,43,bias-calibration,-4096,1088,-1472,,,
190997830802000,365779505299,44,bias-calibration,-4832,1344,-2592,,,
190997831781400,365780505257,45,bias-calibration,-4672,1728,-2816,,,
190997832775700,365781505465,46,bias-calibration,-4608,1184,-2208,,,
190997833786500,365782505424,47,bias-calibration,-4160,1344,-2400,,,
190997834784800,365783506465,48,bias-calibration,-4768,1184,-2112,,,
190997835782200,365784505299,49,bias-calibration,-4640,1088,-1952,,,
190997836783800,365785506632,50,bias-calibration,-4512,800,-2624,,,
190997837781100,365786506965,51,bias-calibration,-4192,1248,-2304,,,
190997838864500,365787505382,52,bias-calibration,-4480,1376,-1792,,,
190997839823600,365788505340,53,bias-calibration,-5344,1376,-2464,,,
190997840780000,365789505340,54,bias-calibration,-4832,1056,-2048,,,
190997841769400,365790508340,55,bias-calibration,-5152,1024,-2208,,,
190997842856500,365791505632,56,bias-calibration,-4736,1344,-1632,,,
190997843795800,365792505382,57,bias-calibration,-4992,1472,-2528,,,
190997844832800,365793505465,58,bias-calibration,-4480,1088,-2080,,,
190997845909400,365794505340,59,bias-calibration,-4896,1600,-2400,,,
190997846787800,365795505715,60,bias-calibration,-4640,1728,-2368,,,
190997847785200,365796505424,61,bias-calibration,-4896,1120,-2528,,,
190997848897000,365797505382,62,bias-calibration,-4608,1120,-2752,,,
190997849798200,365798505340,63,bias-calibration,-4896,1504,-2496,,,
190997850870300,365799505299,64,bias-calibration,-5664,1152,-2752,,,
190997851777600,365800507007,65,bias-calibration,-4512,1184,-2336,,,
190997852851800,365801505965,66,bias-calibration,-4832,1536,-2688,,,
190997853780400,365802505299,67,bias-calibration,-4704,1664,-2112,,,
190997854783300,365803505549,68,bias-calibration,-4992,1408,-2368,,,
190997855787500,365804505299,69,bias-calibration,-4448,1152,-2368,,,
190997856788500,365805505257,70,bias-calibration,-4832,1216,-1696,,,
190997857785000,365806505465,71,bias-calibration,-4672,1472,-2272,,,
190997858774200,365807509299,72,bias-calibration,-4576,1280,-2592,,,
190997859795800,365808506465,73,bias-calibration,-4480,1408,-2144,,,
190997860775400,365809505340,74,bias-calibration,-4480,928,-1504,,,
190997861773800,365810505257,75,bias-calibration,-4608,1120,-2560,,,
190997862771600,365811505507,76,bias-calibration,-4928,1568,-2464,,,
190997863773400,365812505465,77,bias-calibration,-4736,1408,-1792,,,
190997864770800,365813507215,78,bias-calibration,-4768,1696,-2624,,,
190997865798500,365814505174,79,bias-calibration,-4736,1120,-1984,,,
190997866780700,365815506049,80,bias-calibration,-5216,1440,-2272,,,
190997867943800,365816505382,81,bias-calibration,-4640,1504,-2720,,,
190997868782700,365817506924,82,bias-calibration,-4512,1056,-2208,,,
190997869802400,365818505840,83,bias-calibration,-5504,1216,-2304,,,
190997870773900,365819505257,84,bias-calibration,-4192,1152,-2112,,,
190997871776300,365820507799,85,bias-calibration,-4864,1568,-2464,,,
190997872772100,365821505424,86,bias-calibration,-5280,1376,-2304,,,
190997873772200,365822505507,87,bias-calibration,-5312,1376,-2496,,,
190997874791700,365823505340,88,bias-calibration,-4992,1376,-2208,,,
190997875791000,365824505257,89,bias-calibration,-4960,1344,-1824,,,
190997876775100,365825505257,90,bias-calibration,-4928,1472,-2240,,,
190997877792600,365826505465,91,bias-calibration,-5056,1664,-2368,,,
190997878775100,365827506840,92,bias-calibration,-5248,1856,-2016,,,
190997879789900,365828505340,93,bias-calibration,-4672,1472,-2560,,,
190997880776600,365829505424,94,bias-calibration,-4928,1152,-2304,,,
190997881800300,365830505340,95,bias-calibration,-4704,992,-2240,,,
190997882783000,365831505965,96,bias-calibration,-4928,1280,-1984,,,
190997883785300,365832505424,97,bias-calibration,-4384,1280,-2144,,,
190997884898800,365833505465,98,bias-calibration,-5056,1728,-2176,,,
190997885784100,365834505257,99,bias-calibration,-4160,1216,-1952,,,
190997886774600,365835505257,100,bias-calibration,-5024,1472,-2272,,,
190997888213500,365836505382,101,bias-calibration,-5760,1600,-2336,,,
190997888777300,365837505799,102,bias-calibration,-4928,1152,-1856,,,
190997889867900,365838505340,103,bias-calibration,-4960,1792,-2688,,,
190997890785600,365839505299,104,bias-calibration,-4608,1120,-1824,,,
190997891798100,365840505424,105,bias-calibration,-4832,1760,-2144,,,
190997892778100,365841505424,106,bias-calibration,-4960,1312,-2304,,,
190997893922000,365842505465,107,bias-calibration,-5504,1568,-2208,,,
190997894778100,365843506757,108,bias-calibration,-4928,1216,-1888,,,
190997895961200,365844504882,109,bias-calibration,-5184,1280,-2336,,,
190997896902500,365845505299,110,bias-calibration,-5248,1248,-2400,,,
190997897857500,365846505466,111,bias-calibration,-4896,1152,-2208,,,
190997898893400,365847505382,112,bias-calibration,-4768,1376,-1984,,,
190997900075400,365848505549,113,bias-calibration,-4640,1728,-2432,,,
190997900785400,365849505007,114,bias-calibration,-4608,1600,-2176,,,
190997901783500,365850505507,115,bias-calibration,-4832,1632,-2336,,,
190997902782900,365851505424,116,bias-calibration,-4576,1312,-2144,,,
190997903947300,365852506007,117,bias-calibration,-4640,1472,-1792,,,
190997904805700,365853505341,118,bias-calibration,-5088,1600,-2336,,,
190997905781100,365854505799,119,bias-calibration,-4768,1472,-1536,,,
190997906791400,365855505216,120,bias-calibration,-5312,1664,-2176,,,
190997907781200,365856505424,121,bias-calibration,-4768,1056,-2400,,,
190997908781800,365857505424,122,bias-calibration,-5088,1312,-1888,,,
190997909809400,365858505341,123,bias-calibration,-5088,1760,-2592,,,
190997910888300,365859505257,124,bias-calibration,-5024,1344,-2720,,,
190997911780200,365860505382,125,bias-calibration,-4416,1280,-2048,,,
190997912774900,365861505424,126,bias-calibration,-4736,1632,-2112,,,
190997913826900,365862505549,127,bias-calibration,-5376,1408,-2752,,,
190997914782200,365863505341,128,bias-calibration,-4384,1664,-2368,,,
190997915803500,365864505091,129,bias-calibration,-4672,1696,-2560,,,
190997916795500,365865505216,130,bias-calibration,-4032,1504,-2016,,,
190997917778900,365866505466,131,bias-calibration,-4416,1600,-2080,,,
190997918801900,365867509716,132,bias-calibration,-4864,1696,-2176,,,
190997919779800,365868505299,133,bias-calibration,-4800,1280,-2272,,,
190997920794500,365869505091,134,bias-calibration,-4704,1472,-2368,,,
190997921787800,365870505257,135,bias-calibration,-4736,1600,-2528,,,
190997922799700,365871505341,136,bias-calibration,-4384,1760,-2240,,,
190997923785700,365872507216,137,bias-calibration,-4480,1504,-2720,,,
190997924776700,365873507882,138,bias-calibration,-4640,1344,-2048,,,
190997925776500,365874505216,139,bias-calibration,-4992,1632,-1984,,,
190997926777100,365875505257,140,bias-calibration,-5088,1536,-2912,,,
190997927771700,365876505424,141,bias-calibration,-5440,1216,-2336,,,
190997928777600,365877505299,142,bias-calibration,-4832,1568,-2304,,,
190997929775400,365878505257,143,bias-calibration,-4480,1664,-2304,,,
190997930805900,365879507299,144,bias-calibration,-4992,1344,-1984,,,
190997931788200,365880505299,145,bias-calibration,-4704,1120,-2208,,,
190997932775200,365881505341,146,bias-calibration,-4768,1248,-1888,,,
190997933772600,365882505466,147,bias-calibration,-4768,1632,-2240,,,
190997934795200,365883505341,148,bias-calibration,-4448,2208,-2688,,,
190997935798700,365884505382,149,bias-calibration,-5056,1408,-2336,,,
190997936798400,365885505216,150,bias-calibration,-3936,1536,-1952,,,
190997937788000,365886505591,151,bias-calibration,-4800,1536,-2400,,,
190997938779600,365887505507,152,bias-calibration,-5216,1152,-2048,,,
190997939792000,365888505257,153,bias-calibration,-5216,1472,-2144,,,
190997940801000,365889505341,154,bias-calibration,-4800,1248,-1792,,,
190997941820300,365890505216,155,bias-calibration,-4480,1760,-2944,,,
190997942782700,365891505507,156,bias-calibration,-4960,1632,-2624,,,
190997943785000,365892505507,157,bias-calibration,-4640,1408,-2208,,,
190997944799200,365893505257,158,bias-calibration,-4864,1760,-2560,,,
190997945790900,365894505382,159,bias-calibration,-4608,1408,-2080,,,
190997946815200,365895505132,160,bias-calibration,-5408,2176,-2944,,,
190997947798900,365896505716,161,bias-calibration,-4672,1376,-2048,,,
190997948819200,365897506424,162,bias-calibration,-4288,1632,-2336,,,
190997949801900,365898505382,163,bias-calibration,-4672,1472,-2656,,,
190997950783100,365899505299,164,bias-calibration,-4512,1536,-2112,,,
190997951796600,365900505257,165,bias-calibration,-5120,1504,-2048,,,
190997952806300,365901508924,166,bias-calibration,-5184,1760,-2400,,,
190997953779800,365902505466,167,bias-calibration,-4768,1440,-2656,,,
190997954771700,365903506716,168,bias-calibration,-4768,1344,-2464,,,
190997955774100,365904505216,169,bias-calibration,-5024,1504,-2912,,,
190997956772800,365905505216,170,bias-calibration,-5184,1504,-2304,,,
190997957807900,365906505716,171,bias-calibration,-4960,1440,-2240,,,
190997958783600,365907505466,172,bias-calibration,-4800,1600,-1728,,,
190997959786300,365908505257,173,bias-calibration,-4320,1408,-2560,,,
190997960776000,365909506341,174,bias-calibration,-4768,1056,-2912,,,
190997961775700,365910505299,175,bias-calibration,-4608,1568,-2368,,,
190997962773000,365911507132,176,bias-calibration,-4480,1504,-2240,,,
190997963780900,365912505382,177,bias-calibration,-5024,1504,-2656,,,
190997964775400,365913505466,178,bias-calibration,-4864,1600,-2496,,,
190997965780600,365914505299,179,bias-calibration,-4640,1536,-1600,,,
190997966784100,365915505132,180,bias-calibration,-4608,1440,-2272,,,
190997967782100,365916507882,181,bias-calibration,-3872,1344,-2048,,,
190997968777200,365917505674,182,bias-calibration,-4832,1568,-2464,,,
190997969807800,365918505257,183,bias-calibration,-4512,1408,-2240,,,
190997970778300,365919505507,184,bias-calibration,-4288,1408,-2176,,,
190997971773600,365920505507,185,bias-calibration,-5120,1632,-2336,,,
190997972774900,365921505507,186,bias-calibration,-4096,1184,-2624,,,
190997973774300,365922506091,187,bias-calibration,-4768,1344,-1568,,,
190997974776700,365923505257,188,bias-calibration,-5632,1920,-3072,,,
190997975776000,365924505299,189,bias-calibration,-5152,1792,-2752,,,
190997976782100,365925505466,190,bias-calibration,-4160,1568,-2560,,,
190997977807800,365926505257,191,bias-calibration,-4832,992,-2272,,,
190997978782400,365927505341,192,bias-calibration,-4736,1664,-2688,,,
190997979773800,365928505257,193,bias-calibration,-4928,1600,-2592,,,
190997980806100,365929505257,194,bias-calibration,-5152,1120,-1440,,,
190997981779400,365930505549,195,bias-calibration,-4704,1024,-2432,,,
190997982803700,365931504966,196,bias-calibration,-4384,1120,-2528,,,
190997983783600,365932505341,197,bias-calibration,-4480,1344,-2592,,,
190997984785400,365933505257,198,bias-calibration,-4576,1120,-2112,,,
190997985791900,365934505257,199,bias-calibration,-4800,1504,-2144,,,
190997986786800,365935506341,200,bias-calibration,-4864,1024,-2464,,,
190997987782100,365936504924,201,bias-calibration,-4352,1408,-2496,,,
190997988779000,365937505466,202,bias-calibration,-5184,1376,-2080,,,
190997989779900,365938505257,203,bias-calibration,-4320,1248,-2048,,,
190997990779700,365939505257,204,bias-calibration,-5472,1408,-2496,,,
190997991779500,365940506924,205,bias-calibration,-4960,1696,-2656,,,
190997992779300,365941505466,206,bias-calibration,-4256,1280,-1920,,,
190997993774800,365942505299,207,bias-calibration,-5248,896,-2464,,,
190997994784800,365943505216,208,bias-calibration,-5152,1184,-2240,,,
190997995787100,365944505799,209,bias-calibration,-4832,1024,-1632,,,
190997996786000,365945505341,210,bias-calibration,-4416,1248,-2336,,,
190997998351000,365946505382,211,bias-calibration,-4768,1280,-2432,,,
190997998788800,365947505341,212,bias-calibration,-4128,1760,-2272,,,
190997999771500,365948505341,213,bias-calibration,-5248,1472,-2752,,,
190998000780800,365949505716,214,bias-calibration,-4800,1504,-2272,,,
190998001774900,365950506341,215,bias-calibration,-4864,1632,-2240,,,
190998002780400,365951507382,216,bias-calibration,-4960,1280,-2560,,,
190998003772800,365952506716,217,bias-calibration,-4704,1056,-2464,,,
190998004779100,365953507257,218,bias-calibration,-5248,1920,-2848,,,
190998005773300,365954505216,219,bias-calibration,-4544,1600,-2144,,,
190998006798900,365955505299,220,bias-calibration,-4960,1376,-2560,,,
190998007780600,365956505382,221,bias-calibration,-5056,832,-1568,,,
190998008781700,365957506466,222,bias-calibration,-4800,1344,-1984,,,
190998009777300,365958505299,223,bias-calibration,-4960,1408,-1888,,,
190998010784200,365959505299,224,bias-calibration,-4416,960,-2208,,,
190998011791700,365960506216,225,bias-calibration,-4960,1408,-1984,,,
190998012793900,365961505424,226,bias-calibration,-4544,1248,-2528,,,
190998013793100,365962505299,227,bias-calibration,-4800,1600,-2304,,,
190998014825500,365963507299,228,bias-calibration,-4800,928,-2336,,,
190998015782700,365964505341,229,bias-calibration,-5536,1664,-2560,,,
190998016781300,365965505424,230,bias-calibration,-4832,1312,-2912,,,
190998017780200,365966505424,231,bias-calibration,-4672,1632,-2784,,,
190998018780600,365967505341,232,bias-calibration,-4704,1408,-2400,,,
190998019778900,365968505299,233,bias-calibration,-4608,1536,-2496,,,
190998020778200,365969505257,234,bias-calibration,-4288,1248,-2176,,,
190998021780300,365970505549,235,bias-calibration,-4512,1536,-2432,,,
190998022780000,365971505466,236,bias-calibration,-4992,1152,-2240,,,
190998023780100,365972505632,237,bias-calibration,-4704,1728,-2816,,,
190998024778000,365973505341,238,bias-calibration,-4416,1024,-2080,,,
190998025777300,365974505216,239,bias-calibration,-5120,1088,-2240,,,
190998026787300,365975505382,240,bias-calibration,-4544,896,-2240,,,
190998027783900,365976505299,241,bias-calibration,-4384,1312,-2656,,,
190998028779900,365977505382,242,bias-calibration,-5440,1216,-2016,,,
190998029780400,365978506966,243,bias-calibration,-5120,1024,-2688,,,
190998030781200,365979506632,244,bias-calibration,-4896,1024,-2944,,,
190998031778700,365980513799,245,bias-calibration,-4128,1152,-1728,,,
190998032780500,365981505507,246,bias-calibration,-5120,1120,-2336,,,
190998033855500,365982506007,247,bias-calibration,-4992,1280,-2464,,,
190998034866100,365983505257,248,bias-calibration,-5216,1312,-2912,,,
190998035880000,365984506132,249,bias-calibration,-5056,1344,-2176,,,
190998036873600,365985505132,250,bias-calibration,-4576,1312,-2304,,,
190998037869500,365986505382,251,bias-calibration,-5024,1216,-2016,,,
190998038779400,365987505382,252,bias-calibration,-4672,960,-2368,,,
190998039778700,365988505216,253,bias-calibration,-5056,1248,-2688,,,
190998040779300,365989505174,254,bias-calibration,-4416,1280,-1760,,,
190998041776100,365990506841,255,bias-calibration,-4608,1856,-2368,,,
190998042797200,365991507674,0,bias-calibration,-3968,1408,-2048,,,
190998043792500,365992505341,1,bias-calibration,-5024,1536,-1824,,,
190998044779800,365993505299,2,bias-calibration,-5184,1344,-2400,,,
190998045777000,365994505174,3,bias-calibration,-4928,1248,-2400,,,
190998046776900,365995505341,4,bias-calibration,-4864,1184,-2688,,,
190998047775700,365996505466,5,bias-calibration,-4448,1312,-2272,,,
190998048774700,365997506757,6,bias-calibration,-4544,1024,-1600,,,
190998049774400,365998505966,7,bias-calibration,-4704,1216,-2816,,,
190998050779800,365999505257,8,bias-calibration,-4928,1216,-2304,,,
190998051780600,366000505507,9,bias-calibration,-4544,992,-2016,,,
190998052781200,366001505466,10,bias-calibration,-5120,1536,-2816,,,
190998053780400,366002505299,11,bias-calibration,-5184,1344,-2880,,,
190998054781200,366003505299,12,bias-calibration,-4672,640,-2112,,,
190998055780500,366004505132,13,bias-calibration,-5120,1024,-2080,,,
190998056781100,366005505549,14,bias-calibration,-4864,1408,-2016,,,
190998057897200,366006505424,15,bias-calibration,-4736,1184,-2720,,,
190998058786500,366007505299,16,bias-calibration,-4448,1376,-2624,,,
190998059784200,366008506174,17,bias-calibration,-4704,1376,-1888,,,
190998060780900,366009505174,18,bias-calibration,-4736,1120,-2432,,,
190998061782000,366010505466,19,bias-calibration,-5376,1568,-3104,,,
190998062781100,366011505424,20,bias-calibration,-4864,992,-2048,,,
190998063780800,366012505216,21,bias-calibration,-4160,1088,-2880,,,
190998064781800,366013505216,22,bias-calibration,-4672,1280,-2560,,,
190998065780500,366014507299,23,bias-calibration,-4928,1536,-3104,,,
190998066782700,366015506174,24,bias-calibration,-4576,960,-1856,,,
190998067780300,366016505424,25,bias-calibration,-4544,960,-2464,,,
190998068780400,366017505341,26,bias-calibration,-5472,1536,-2624,,,
190998069779500,366018505341,27,bias-calibration,-4928,1312,-1824,,,
190998070780200,366019505257,28,bias-calibration,-4832,1504,-1888,,,
190998071780600,366020509549,29,bias-calibration,-4512,1312,-2208,,,
190998072801100,366021505341,30,bias-calibration,-4960,928,-2656,,,
190998073874500,366022505216,31,bias-calibration,-4736,896,-2528,,,
190998074937800,366023505299,32,bias-calibration,-4864,992,-2176,,,
190998075768400,366024505132,33,bias-calibration,-4512,1280,-2720,,,
190998076764300,366025505466,34,bias-calibration,-5120,1184,-2560,,,
190998077766900,366026505382,35,bias-calibration,-4544,768,-2080,,,
190998078767200,366027505632,36,bias-calibration,-5088,1024,-2720,,,
190998079769000,366028505216,37,bias-calibration,-4256,1056,-1984,,,
190998080766600,366029505174,38,bias-calibration,-4960,1120,-2368,,,
190998081768000,366030505507,39,bias-calibration,-5056,1088,-1856,,,
190998082767500,366031505382,40,bias-calibration,-4800,1248,-2624,,,
190998083766900,366032505007,41,bias-calibration,-4896,1024,-2112,,,
190998084770100,366033506716,42,bias-calibration,-5312,896,-2976,,,
190998085767400,366034505091,43,bias-calibration,-4768,1248,-2432,,,
190998086767400,366035505382,44,bias-calibration,-5248,992,-2368,,,
190998087767400,366036505382,45,bias-calibration,-5056,1088,-1696,,,
190998088765700,366037508632,46,bias-calibration,-4512,928,-2720,,,
190998089769900,366038507882,47,bias-calibration,-4480,1568,-1984,,,
190998090781700,366039505341,48,bias-calibration,-4800,1344,-2112,,,
190998091771100,366040505507,49,bias-calibration,-4544,1472,-2240,,,
190998092771500,366041505341,50,bias-calibration,-4672,1408,-2368,,,
190998093792100,366042505257,51,bias-calibration,-4736,1120,-2752,,,
190998094769700,366043505424,52,bias-calibration,-4576,1600,-2400,,,
190998095767300,366044507716,53,bias-calibration,-4704,1536,-1984,,,
190998096768000,366045506091,54,bias-calibration,-4864,1216,-1920,,,
190998097898900,366046505257,55,bias-calibration,-4608,1856,-2560,,,
190998098893800,366047505132,56,bias-calibration,-4544,1120,-2368,,,
190998099772200,366048505382,57,bias-calibration,-5312,1408,-2752,,,
190998100767400,366049505216,58,bias-calibration,-4928,1024,-1984,,,
190998101917500,366050505424,59,bias-calibration,-5248,896,-2400,,,
190998102900200,366051505299,60,bias-calibration,-4480,1120,-2112,,,
190998103769100,366052506007,61,bias-calibration,-4608,928,-2048,,,
190998104765400,366053505341,62,bias-calibration,-5120,1568,-2240,,,
190998105809500,366054505257,63,bias-calibration,-5504,1248,-2624,,,
190998106784900,366055506466,64,bias-calibration,-5056,960,-2144,,,
190998107779200,366056505424,65,bias-calibration,-4672,1056,-2176,,,
190998108772100,366057505257,66,bias-calibration,-4832,1120,-2496,,,
190998109775800,366058505257,67,bias-calibration,-4544,1408,-2400,,,
190998110779900,366059505174,68,bias-calibration,-4192,1344,-1792,,,
190998111779900,366060505382,69,bias-calibration,-4832,1056,-1952,,,
190998112780700,366061505382,70,bias-calibration,-5056,1568,-2560,,,
190998113780000,366062505216,71,bias-calibration,-4736,1568,-2688,,,
190998114778200,366063505216,72,bias-calibration,-4736,928,-1824,,,
190998115780200,366064505341,73,bias-calibration,-4832,1312,-2208,,,
190998116779800,366065507174,74,bias-calibration,-4800,1664,-2848,,,
190998117779900,366066505299,75,bias-calibration,-4768,1696,-2656,,,
190998118779700,366067505341,76,bias-calibration,-5152,1536,-2016,,,
190998119779800,366068505174,77,bias-calibration,-4096,1376,-2336,,,
190998120779100,366069505341,78,bias-calibration,-5184,1696,-1888,,,
190998121784100,366070505591,79,bias-calibration,-5120,1280,-2816,,,
190998122866600,366071505341,80,bias-calibration,-4576,1408,-2048,,,
190998123880800,366072505591,81,bias-calibration,-5056,1344,-2592,,,
190998124907600,366073505216,82,bias-calibration,-4864,1472,-1888,,,
190998125846400,366074505049,83,bias-calibration,-4288,1024,-1984,,,
190998126887700,366075505341,84,bias-calibration,-4960,1184,-2656,,,
190998127893500,366076505257,85,bias-calibration,-4928,1280,-1952,,,
190998128852000,366077505299,86,bias-calibration,-4704,1312,-2400,,,
190998129876600,366078505216,87,bias-calibration,-4416,1120,-1952,,,
190998130890000,366079505216,88,bias-calibration,-4960,1472,-2464,,,
190998131899600,366080506924,89,bias-calibration,-4960,1504,-1984,,,
190998132875900,366081505257,90,bias-calibration,-4640,1280,-2208,,,
190998133863900,366082506174,91,bias-calibration,-4896,1408,-2816,,,
190998134883400,366083505257,92,bias-calibration,-4640,1504,-2016,,,
190998135887800,366084505049,93,bias-calibration,-4288,1248,-2528,,,
190998136843000,366085505382,94,bias-calibration,-4832,1632,-2656,,,
190998137775000,366086505257,95,bias-calibration,-4800,1280,-2144,,,
190998138822900,366087505382,96,bias-calibration,-4672,928,-2400,,,
190998139860200,366088505257,97,bias-calibration,-4416,1088,-2144,,,
190998140867600,366089505424,98,bias-calibration,-4384,1536,-1952,,,
190998141890700,366090506049,99,bias-calibration,-5088,1408,-2784,,,
190998142864300,366091505799,100,bias-calibration,-4800,1440,-2880,,,
190998143907300,366092506716,101,bias-calibration,-4896,1280,-1920,,,
190998144867400,366093505174,102,bias-calibration,-4096,1312,-2112,,,
190998145868200,366094505382,103,bias-calibration,-4928,1248,-2560,,,
190998146906800,366095505257,104,bias-calibration,-4768,1600,-2464,,,
190998147864800,366096505341,105,bias-calibration,-4864,992,-1952,,,
190998148941500,366097506757,106,bias-calibration,-4512,928,-2688,,,
190998149862300,366098505216,107,bias-calibration,-4960,1504,-2784,,,
190998150882100,366099505049,108,bias-calibration,-4864,992,-2816,,,
190998151774600,366100505507,109,bias-calibration,-4160,1408,-1824,,,
190998152882800,366101505299,110,bias-calibration,-5856,1536,-2592,,,
190998153849600,366102505341,111,bias-calibration,-4416,1728,-2656,,,
190998154772200,366103505257,112,bias-calibration,-5184,1824,-2368,,,
190998155867300,366104506799,113,bias-calibration,-4288,1280,-1536,,,
190998156773000,366105505466,114,bias-calibration,-4992,1440,-2016,,,
190998157779200,366106505299,115,bias-calibration,-4480,1920,-2368,,,
190998158777000,366107505257,116,bias-calibration,-4192,1056,-2304,,,
190998159777900,366108505299,117,bias-calibration,-4736,1664,-2688,,,
190998160777800,366109505424,118,bias-calibration,-5248,1536,-3072,,,
190998161777800,366110505299,119,bias-calibration,-4576,1216,-1920,,,
190998162777800,366111505341,120,bias-calibration,-4736,1632,-2976,,,
190998163777700,366112505299,121,bias-calibration,-4736,1152,-1888,,,
190998164777700,366113505132,122,bias-calibration,-4608,1600,-1920,,,
190998165777500,366114505466,123,bias-calibration,-5088,1440,-2592,,,
190998166776200,366115505382,124,bias-calibration,-5216,1376,-2496,,,
190998167777800,366116505257,125,bias-calibration,-4448,1248,-2208,,,
190998168775700,366117505216,126,bias-calibration,-4384,1600,-2656,,,
190998169831400,366118505174,127,bias-calibration,-4512,1600,-1952,,,
190998170780400,366119505382,128,bias-calibration,-5024,672,-2080,,,
190998171804300,366120505549,129,bias-calibration,-4288,1696,-2304,,,
190998172778900,366121505924,130,bias-calibration,-4544,1440,-2112,,,
190998173776200,366122505882,131,bias-calibration,-4992,1088,-2944,,,
190998174778000,366123505216,132,bias-calibration,-4000,1216,-2400,,,
190998175777800,366124505424,133,bias-calibration,-5248,1568,-2688,,,
190998176778200,366125505216,134,bias-calibration,-4608,1216,-2304,,,
190998177778300,366126506132,135,bias-calibration,-4608,1152,-1984,,,
190998178778200,366127505341,136,bias-calibration,-4416,1344,-2336,,,
190998179777900,366128505132,137,bias-calibration,-4320,1024,-2016,,,
190998180776800,366129505341,138,bias-calibration,-4960,1824,-2848,,,
190998181777800,366130505382,139,bias-calibration,-4896,1312,-2592,,,
190998182778000,366131506174,140,bias-calibration,-4704,928,-2368,,,
190998183777800,366132506507,141,bias-calibration,-4864,1536,-2464,,,
190998184778100,366133505091,142,bias-calibration,-4448,1184,-2624,,,
190998185778900,366134505382,143,bias-calibration,-4832,1408,-1856,,,
190998186772300,366135505382,144,bias-calibration,-5120,1664,-2144,,,
190998187778600,366136505757,145,bias-calibration,-4512,1312,-2400,,,
190998188778300,366137506341,146,bias-calibration,-5376,1696,-2752,,,
190998189778400,366138505132,147,bias-calibration,-4416,1216,-2496,,,
190998190778200,366139505466,148,bias-calibration,-4640,2048,-2592,,,
190998191777200,366140505341,149,bias-calibration,-4480,1824,-2560,,,
190998192778100,366141507591,150,bias-calibration,-4576,1472,-2208,,,
190998193777700,366142505257,151,bias-calibration,-5056,1472,-2176,,,
190998194777700,366143505091,152,bias-calibration,-4640,1408,-2560,,,
190998195776100,366144505341,153,bias-calibration,-4928,1728,-2880,,,
190998196778100,366145505299,154,bias-calibration,-4928,1504,-2592,,,
190998197777900,366146505049,155,bias-calibration,-4448,1344,-2048,,,
190998198778300,366147505299,156,bias-calibration,-5056,1600,-2432,,,
190998199778100,366148505174,157,bias-calibration,-4896,1984,-2432,,,
190998200778000,366149505466,158,bias-calibration,-4512,1664,-2432,,,
190998201783400,366150505424,159,bias-calibration,-5056,1312,-2560,,,
190998202797100,366151507174,160,bias-calibration,-4896,1408,-2272,,,
190998203776400,366152505091,161,bias-calibration,-4544,1312,-1632,,,
190998204790900,366153505049,162,bias-calibration,-4896,1440,-2304,,,
190998205778500,366154505424,163,bias-calibration,-5440,1440,-2560,,,
190998206778300,366155505341,164,bias-calibration,-5152,1088,-2272,,,
190998207778000,366156505424,165,bias-calibration,-4576,1440,-2176,,,
190998208772300,366157505049,166,bias-calibration,-4704,1120,-1824,,,
190998209771200,366158505132,167,bias-calibration,-4576,1184,-2624,,,
190998210776300,366159505382,168,bias-calibration,-4800,1664,-3040,,,
190998211776100,366160505341,169,bias-calibration,-4832,1248,-2496,,,
190998212777800,366161505591,170,bias-calibration,-4608,1376,-1952,,,
190998213776600,366162505132,171,bias-calibration,-5696,1696,-2592,,,
190998214777700,366163505132,172,bias-calibration,-4736,1248,-2720,,,
190998215777800,366164505507,173,bias-calibration,-5248,1632,-2688,,,
190998216777700,366165506757,174,bias-calibration,-5120,1536,-2336,,,
190998217778300,366166505382,175,bias-calibration,-4864,1376,-2080,,,
190998218781900,366167505299,176,bias-calibration,-4768,1728,-2688,,,
190998219778100,366168507591,177,bias-calibration,-5376,1472,-2496,,,
190998220778000,366169505591,178,bias-calibration,-5216,1696,-2144,,,
190998221775900,366170505382,179,bias-calibration,-4608,1216,-2016,,,
190998222777800,366171505341,180,bias-calibration,-4544,1760,-2400,,,
190998223775600,366172505174,181,bias-calibration,-5216,1600,-2368,,,
190998224776700,366173505174,182,bias-calibration,-4480,1248,-2048,,,
190998225777700,366174505424,183,bias-calibration,-4096,1280,-1792,,,
190998226925800,366175506716,184,bias-calibration,-5472,1504,-2144,,,
190998227770400,366176505257,185,bias-calibration,-4448,1568,-2272,,,
190998228777600,366177505049,186,bias-calibration,-5216,1696,-2656,,,
190998229775600,366178507632,187,bias-calibration,-4448,992,-2368,,,
190998230777300,366179505341,188,bias-calibration,-4672,1216,-2400,,,
190998231777700,366180505007,189,bias-calibration,-5248,1792,-2528,,,
190998232777500,366181505299,190,bias-calibration,-4576,1216,-1952,,,
190998233775400,366182505174,191,bias-calibration,-4960,1760,-2272,,,
190998234781300,366183506716,192,bias-calibration,-4416,1120,-2304,,,
190998235784400,366184505466,193,bias-calibration,-5184,1568,-2848,,,
190998236784600,366185507091,194,bias-calibration,-5248,1728,-2304,,,
190998237776900,366186505341,195,bias-calibration,-5024,1440,-2720,,,
190998238776800,366187505132,196,bias-calibration,-4704,1120,-2368,,,
190998239778200,366188506466,197,bias-calibration,-4448,1152,-2144,,,
190998240777500,366189505382,198,bias-calibration,-5376,1344,-2208,,,
190998241777600,366190505716,199,bias-calibration,-4416,1440,-1888,,,
190998242777400,366191506007,200,bias-calibration,-5408,1440,-2144,,,
190998243777400,366192505174,201,bias-calibration,-4960,1280,-2304,,,
190998244777500,366193505132,202,bias-calibration,-4416,1504,-2080,,,
190998245777500,366194505382,203,bias-calibration,-4576,1536,-2048,,,
190998246775700,366195505299,204,bias-calibration,-4384,1216,-2624,,,
190998247777600,366196505257,205,bias-calibration,-5248,1312,-2272,,,
190998248777500,366197505216,206,bias-calibration,-3872,1088,-1856,,,
190998249773600,366198505341,207,bias-calibration,-4480,1280,-1664,,,
190998250780500,366199505216,208,bias-calibration,-4832,1088,-1696,,,
190998251772400,366200505257,209,bias-calibration,-5120,1408,-2112,,,
190998252772700,366201505299,210,bias-calibration,-4800,1696,-3040,,,
190998253772200,366202505424,211,bias-calibration,-5056,1472,-2080,,,
190998254770800,366203505716,212,bias-calibration,-4896,1440,-2400,,,
190998255771300,366204505382,213,bias-calibration,-5344,1312,-2144,,,
190998256771900,366205505216,214,bias-calibration,-4832,928,-1920,,,
190998257774500,366206505257,215,bias-calibration,-5184,1216,-2240,,,
190998258773800,366207505257,216,bias-calibration,-5632,1536,-2784,,,
190998259772300,366208505341,217,bias-calibration,-4960,1568,-2240,,,
190998260772000,366209505341,218,bias-calibration,-5184,1184,-2176,,,
190998261771800,366210506799,219,bias-calibration,-4864,1408,-3136,,,
190998262772800,366211505257,220,bias-calibration,-4992,1280,-2816,,,
190998263771700,366212505216,221,bias-calibration,-4352,1056,-2272,,,
190998264772300,366213505341,222,bias-calibration,-4928,1280,-2560,,,
190998265776100,366214505382,223,bias-calibration,-4640,1376,-2272,,,
190998266779400,366215505299,224,bias-calibration,-4768,1312,-2272,,,
190998267776000,366216505341,225,bias-calibration,-5248,1248,-1984,,,
190998268775600,366217505799,226,bias-calibration,-5056,1504,-2176,,,
190998269775200,366218505507,227,bias-calibration,-4896,1248,-1952,,,
190998270778300,366219505341,228,bias-calibration,-4544,1376,-2048,,,
190998271778000,366220509924,229,bias-calibration,-5024,1088,-2048,,,
190998272777900,366221506757,230,bias-calibration,-4832,1152,-2144,,,
190998273776000,366222505174,231,bias-calibration,-5216,1184,-2304,,,
190998274776100,366223505382,232,bias-calibration,-4608,928,-2112,,,
190998275777700,366224505424,233,bias-calibration,-5504,1280,-2080,,,
190998276777800,366225504882,234,bias-calibration,-4928,896,-2080,,,
190998277777800,366226505424,235,bias-calibration,-5120,1408,-3200,,,
190998278777700,366227505299,236,bias-calibration,-4512,1568,-2048,,,
190998279777800,366228505299,237,bias-calibration,-4928,1152,-2528,,,
190998280792500,366229505299,238,bias-calibration,-4544,1056,-2656,,,
190998281775300,366230506382,239,bias-calibration,-4736,1248,-2080,,,
190998282784900,366231505299,240,bias-calibration,-4832,1440,-2464,,,
190998283778900,366232505174,241,bias-calibration,-4768,1024,-2688,,,
190998284779600,366233507966,242,bias-calibration,-5024,1312,-1792,,,
190998285777100,366234505424,243,bias-calibration,-5120,1600,-2720,,,
190998286781200,366235505299,244,bias-calibration,-4384,1280,-2272,,,
190998287779600,366236505216,245,bias-calibration,-5152,1600,-2272,,,
190998288775600,366237505216,246,bias-calibration,-5024,1120,-2048,,,
190998289779100,366238505966,247,bias-calibration,-5184,1792,-2720,,,
190998290780300,366239505216,248,bias-calibration,-4960,1248,-2496,,,
190998291778600,366240506966,249,bias-calibration,-4704,1696,-2208,,,
190998292779700,366241505257,250,bias-calibration,-4416,1792,-2560,,,
190998293782800,366242505132,251,bias-calibration,-4288,864,-2272,,,
190998294782800,366243505382,252,bias-calibration,-5088,1248,-2208,,,
190998295782200,366244506757,253,bias-calibration,-5024,1344,-2752,,,
190998296827400,366245504924,254,bias-calibration,-4928,1472,-2528,,,
190998297778600,366246505299,255,bias-calibration,-4608,1600,-2112,,,
190998298780500,366247505257,0,bias-calibration,-4480,1472,-2368,,,
190998299781400,366248505424,1,bias-calibration,-5280,1440,-2400,,,
190998300778600,366249505341,2,bias-calibration,-5120,1312,-2560,,,
190998301779300,366250507257,3,bias-calibration,-5024,1088,-1760,,,
190998303035700,366251505299,4,bias-calibration,-5184,1376,-2528,,,
190998303783600,366252505174,5,bias-calibration,-4896,1408,-3040,,,
190998304938900,366253505424,6,bias-calibration,-4576,1152,-1856,,,
190998305779300,366254505216,7,bias-calibration,-4768,1664,-2400,,,
190998306779900,366255505299,8,bias-calibration,-4928,1920,-2464,,,
190998307780400,366256505216,9,bias-calibration,-5664,992,-2656,,,
190998308923800,366257506591,10,bias-calibration,-3968,1088,-1952,,,
190998309778100,366258505382,11,bias-calibration,-4896,1600,-1728,,,
190998310780100,366259505424,12,bias-calibration,-5216,896,-2784,,,
190998311779500,366260505299,13,bias-calibration,-4608,1664,-2528,,,
190998312777400,366261506091,14,bias-calibration,-4544,1504,-2240,,,
190998313775800,366262505757,15,bias-calibration,-4896,1248,-2400,,,
190998314779200,366263506799,16,bias-calibration,-5568,1504,-2656,,,
190998315776700,366264505299,17,bias-calibration,-4736,1184,-2240,,,
190998316780100,366265505507,18,bias-calibration,-4864,1376,-2144,,,
190998317776300,366266505382,19,bias-calibration,-4992,1344,-1952,,,
190998318778600,366267505132,20,bias-calibration,-5024,1856,-2656,,,
190998319774400,366268505966,21,bias-calibration,-4256,1280,-1824,,,
190998320778200,366269505299,22,bias-calibration,-4576,1184,-2528,,,
190998321778000,366270505507,23,bias-calibration,-4960,1344,-2080,,,
190998322777700,366271505257,24,bias-calibration,-4864,1344,-2496,,,
190998323777600,366272505216,25,bias-calibration,-4384,1408,-1568,,,
190998324775500,366273505382,26,bias-calibration,-5120,1632,-2336,,,
190998325777900,366274506341,27,bias-calibration,-4800,736,-2208,,,
190998326770400,366275506716,28,bias-calibration,-5696,1536,-2496,,,
190998327771400,366276505257,29,bias-calibration,-5024,1376,-1472,,,
190998328825700,366277505091,30,bias-calibration,-5184,1408,-2336,,,
190998329909800,366278505424,31,bias-calibration,-4960,1280,-2112,,,
190998330785600,366279505466,32,bias-calibration,-4992,1120,-2464,,,
190998331780600,366280505216,33,bias-calibration,-4448,1248,-2272,,,
190998332786000,366281505216,34,bias-calibration,-4864,1568,-1888,,,
190998333778400,366282504674,35,bias-calibration,-5376,1664,-2688,,,
190998334777500,366283505382,36,bias-calibration,-4096,1344,-1984,,,
190998335775600,366284505257,37,bias-calibration,-4320,992,-2272,,,
190998336774700,366285505257,38,bias-calibration,-4896,1568,-2560,,,
190998337777800,366286505299,39,bias-calibration,-4992,1344,-2112,,,
190998338778100,366287505257,40,bias-calibration,-5152,1568,-2848,,,
190998339777700,366288505507,41,bias-calibration,-4448,1376,-2816,,,
190998340775400,366289505257,42,bias-calibration,-4960,1696,-2432,,,
190998341775700,366290506091,43,bias-calibration,-4384,1280,-1984,,,
190998342777600,366291505091,44,bias-calibration,-4928,1312,-2144,,,
190998343777800,366292505257,45,bias-calibration,-4864,1312,-2752,,,
190998344780600,366293505507,46,bias-calibration,-4960,1440,-1952,,,
190998345775500,366294505424,47,bias-calibration,-5376,1568,-2848,,,
190998346776700,366295505299,48,bias-calibration,-4416,1248,-2400,,,
190998347778100,366296505174,49,bias-calibration,-4896,992,-2176,,,
190998348778300,366297505257,50,bias-calibration,-4896,2240,-2368,,,
190998349777800,366298505424,51,bias-calibration,-4640,1632,-2560,,,
190998350777800,366299505341,52,bias-calibration,-5024,1088,-2080,,,
190998351775800,366300505341,53,bias-calibration,-4416,1312,-2304,,,
190998352801500,366301505257,54,bias-calibration,-4736,1280,-2720,,,
190998353773900,366302505174,55,bias-calibration,-4864,1536,-2016,,,
190998354778400,366303505841,56,bias-calibration,-4800,1760,-2368,,,
190998355778300,366304505132,57,bias-calibration,-4640,1248,-2208,,,
190998356777700,366305505257,58,bias-calibration,-4480,1856,-2080,,,
190998357776800,366306505174,59,bias-calibration,-4352,1184,-1600,,,
190998358775900,366307505757,60,bias-calibration,-4576,1408,-1632,,,
190998359776000,366308505341,61,bias-calibration,-4832,1280,-2208,,,
190998360775600,366309505216,62,bias-calibration,-5024,1088,-2272,,,
190998361770600,366310508299,63,bias-calibration,-4480,1504,-2496,,,
190998362782400,366311505174,64,bias-calibration,-4704,1152,-2272,,,
190998363780100,366312505216,65,bias-calibration,-4512,1568,-1664,,,
190998364777300,366313505341,66,bias-calibration,-5056,1376,-2272,,,
190998365779200,366314505716,67,bias-calibration,-4960,1344,-1792,,,
190998366779200,366315505299,68,bias-calibration,-4736,1536,-2752,,,
190998367780400,366316505216,69,bias-calibration,-4928,1440,-2368,,,
190998368778000,366317506591,70,bias-calibration,-4096,1376,-2112,,,
190998369796000,366318505382,71,bias-calibration,-4640,1376,-2240,,,
190998370788000,366319504924,72,bias-calibration,-5056,1440,-2528,,,
190998371777500,366320505382,73,bias-calibration,-5056,1216,-3104,,,
190998372777200,366321505299,74,bias-calibration,-4384,1472,-2400,,,
190998373777000,366322505174,75,bias-calibration,-4384,1408,-2592,,,
190998374775300,366323505257,76,bias-calibration,-4864,1536,-2880,,,
190998375775100,366324505174,77,bias-calibration,-4768,1408,-2112,,,
190998376771300,366325505299,78,bias-calibration,-5184,1184,-2752,,,
190998377772500,366326505174,79,bias-calibration,-4736,1248,-2720,,,
190998378775800,366327505132,80,bias-calibration,-5024,1632,-2848,,,
190998379773900,366328505299,81,bias-calibration,-4256,1184,-1888,,,
190998380771400,366329507132,82,bias-calibration,-4992,1280,-2400,,,
190998381772300,366330505341,83,bias-calibration,-4864,1568,-2496,,,
190998382775700,366331506257,84,bias-calibration,-4640,1568,-2464,,,
190998383772900,366332505257,85,bias-calibration,-4448,960,-1696,,,
190998384771900,366333507966,86,bias-calibration,-4896,1504,-2464,,,
190998385784600,366334505841,87,bias-calibration,-4640,1792,-2464,,,
190998386782700,366335505299,88,bias-calibration,-4064,1824,-2656,,,
190998387780000,366336505132,89,bias-calibration,-4512,1408,-1888,,,
190998388779200,366337505466,90,bias-calibration,-5024,1280,-2752,,,
190998389779300,366338505424,91,bias-calibration,-4224,1472,-1856,,,
190998390775400,366339505757,92,bias-calibration,-4544,1216,-2688,,,
190998391774800,366340505216,93,bias-calibration,-5120,1120,-3392,,,
190998392789900,366341505174,94,bias-calibration,-4608,1216,-2528,,,
190998393781200,366342506549,95,bias-calibration,-4864,1312,-2656,,,
190998394779100,366343505341,96,bias-calibration,-4896,1440,-2528,,,
190998395779100,366344505382,97,bias-calibration,-4576,992,-2528,,,
190998396777200,366345505299,98,bias-calibration,-5056,1248,-2304,,,
190998397779100,366346505132,99,bias-calibration,-4608,1600,-2624,,,
190998398779000,366347505341,100,bias-calibration,-4832,1312,-3168,,,
190998399779100,366348505341,101,bias-calibration,-4768,1312,-1568,,,
190998400777200,366349505257,102,bias-calibration,-4096,1088,-2144,,,
190998401779000,366350505299,103,bias-calibration,-4608,1344,-2432,,,
190998403113000,366351505174,104,bias-calibration,-5088,1440,-2432,,,
190998403773200,366352505466,105,bias-calibration,-4416,1120,-1280,,,
190998404778900,366353505257,106,bias-calibration,-5504,1408,-2560,,,
190998405778900,366354505382,107,bias-calibration,-4352,1504,-1568,,,
190998406775300,366355505132,108,bias-calibration,-4512,1024,-1792,,,
190998407773700,366356505757,109,bias-calibration,-4352,1440,-3264,,,
190998409626100,366357505341,110,bias-calibration,-4416,1472,-2848,,,
190998409771000,366358505216,111,bias-calibration,-4128,1440,-1600,,,
190998410771100,366359505299,112,bias-calibration,-5056,1664,-3008,,,
190998411769900,366360505257,113,bias-calibration,-4352,1632,-2752,,,
190998412768600,366361505174,114,bias-calibration,-4288,1536,-1504,,,
190998413779500,366362508382,115,bias-calibration,-5056,1408,-2048,,,
190998414779400,366363505257,116,bias-calibration,-4544,1600,-2048,,,
190998415777100,366364506716,117,bias-calibration,-4608,1440,-2592,,,
190998416779000,366365508382,118,bias-calibration,-4288,768,-2880,,,
190998417778900,366366508216,119,bias-calibration,-4448,1248,-2048,,,
190998418778900,366367505841,120,bias-calibration,-5312,1920,-2400,,,
190998419773900,366368507257,121,bias-calibration,-4832,1440,-2272,,,
190998420779500,366369507841,122,bias-calibration,-4544,1280,-2496,,,
190998421779000,366370505299,123,bias-calibration,-4288,1280,-2144,,,
190998422774000,366371505257,124,bias-calibration,-4800,1600,-2496,,,
190998423774600,366372505382,125,bias-calibration,-5120,1280,-2464,,,
190998424768900,366373505257,126,bias-calibration,-4800,832,-1664,,,
190998425780000,366374505341,127,bias-calibration,-4864,1376,-2944,,,
190998426781700,366375506632,128,bias-calibration,-4544,1696,-2784,,,
190998427777600,366376505091,129,bias-calibration,-4640,1312,-2016,,,
190998428779100,366377505341,130,bias-calibration,-4288,1376,-1792,,,
190998429777600,366378505216,131,bias-calibration,-5280,1376,-2208,,,
190998430779400,366379505341,132,bias-calibration,-4608,1248,-1504,,,
190998431779100,366380505216,133,bias-calibration,-4768,1248,-2208,,,
190998432779300,366381505174,134,bias-calibration,-4800,1152,-3104,,,
190998433779000,366382505341,135,bias-calibration,-4864,1344,-2368,,,
190998434779100,366383505257,136,bias-calibration,-4384,1248,-2240,,,
190998435778300,366384506716,137,bias-calibration,-4384,1472,-2208,,,
190998436773200,366385505216,138,bias-calibration,-4544,1248,-2752,,,
190998437779600,366386504841,139,bias-calibration,-5024,1600,-2624,,,
190998438775200,366387505382,140,bias-calibration,-5056,1696,-2400,,,
190998439774600,366388505216,141,bias-calibration,-4928,1504,-2304,,,
190998440768400,366389506341,142,bias-calibration,-4608,1696,-2528,,,
190998441770700,366390505299,143,bias-calibration,-4544,1856,-2528,,,
190998442766600,366391505091,144,bias-calibration,-4320,1440,-2624,,,
190998443765300,366392505341,145,bias-calibration,-4896,1056,-2016,,,
190998444767700,366393505257,146,bias-calibration,-4416,1216,-1984,,,
190998445777100,366394505299,147,bias-calibration,-5184,1280,-2272,,,
190998446778000,366395505216,148,bias-calibration,-4704,1440,-2208,,,
190998447779400,366396506091,149,bias-calibration,-5184,1216,-2272,,,
190998448777200,366397505466,150,bias-calibration,-4960,1312,-2304,,,
190998449779300,366398505341,151,bias-calibration,-5152,1760,-2304,,,
190998450779700,366399506549,152,bias-calibration,-4352,1344,-2176,,,
190998451777300,366400508091,153,bias-calibration,-4864,1088,-2432,,,
190998452779200,366401511132,154,bias-calibration,-4928,992,-2592,,,
190998453779200,366402512174,155,bias-calibration,-4512,1376,-2016,,,
190998454775300,366403516216,156,bias-calibration,-4736,1792,-2400,,,
190998455772800,366404509716,157,bias-calibration,-4928,1408,-2112,,,
190998456765900,366405513382,158,bias-calibration,-5120,1440,-2880,,,
190998457780000,366406513757,159,bias-calibration,-4672,1088,-1696,,,
190998458785300,366407513966,160,bias-calibration,-4064,1120,-2368,,,
190998459782100,366408512924,161,bias-calibration,-5152,1440,-2336,,,
190998460779400,366409513507,162,bias-calibration,-4384,1344,-2176,,,
190998461779100,366410507507,163,bias-calibration,-5120,1088,-2496,,,
190998462779000,366411509174,164,bias-calibration,-4480,640,-1984,,,
190998463777400,366412509591,165,bias-calibration,-5184,1344,-2464,,,
190998464779400,366413511299,166,bias-calibration,-4448,1312,-2304,,,
190998465777200,366414512174,167,bias-calibration,-4896,1600,-2016,,,
190998466779100,366415508132,168,bias-calibration,-4736,1088,-2496,,,
190998467778900,366416508466,169,bias-calibration,-4928,1408,-2368,,,
190998468778200,366417507299,170,bias-calibration,-3904,1152,-2208,,,
190998469779000,366418508299,171,bias-calibration,-4800,1312,-2048,,,
190998470775500,366419512757,172,bias-calibration,-5088,832,-1920,,,
190998471773000,366420510091,173,bias-calibration,-4448,1120,-2624,,,
190998472770500,366421507466,174,bias-calibration,-4928,960,-2400,,,
190998473772200,366422510716,175,bias-calibration,-4512,1632,-2464,,,
190998474778700,366423509757,176,bias-calibration,-4160,832,-2144,,,
190998475781600,366424509632,177,bias-calibration,-4992,896,-2272,,,
190998476779400,366425510299,178,bias-calibration,-4416,1376,-2208,,,
190998477779400,366426511382,179,bias-calibration,-5056,1408,-2304,,,
190998478779300,366427510382,180,bias-calibration,-4992,1376,-2048,,,
190998479777000,366428509591,181,bias-calibration,-4768,1504,-1728,,,
190998480936600,366429507632,182,bias-calibration,-4608,1024,-1984,,,
190998481975000,366430506299,183,bias-calibration,-4384,960,-2176,,,
190998482772200,366431508591,184,bias-calibration,-5216,1696,-2784,,,
190998483777400,366432506799,185,bias-calibration,-4416,768,-2240,,,
190998484779200,366433511382,186,bias-calibration,-4320,1056,-1760,,,
190998485779100,366434512174,187,bias-calibration,-4864,1344,-2112,,,
190998486775300,366435508049,188,bias-calibration,-5024,1408,-2624,,,
190998487774600,366436506216,189,bias-calibration,-4736,1408,-2464,,,
190998488769900,366437511299,190,bias-calibration,-5344,1728,-3328,,,
190998490087200,366438510007,191,bias-calibration,-4704,1344,-2240,,,
190998491614700,366439513007,192,bias-calibration,-4704,1216,-2400,,,
190998491772600,366440510591,193,bias-calibration,-5248,1472,-2272,,,
190998492777000,366441512716,194,bias-calibration,-4960,1152,-1824,,,
190998493862700,366442506632,195,bias-calibration,-5312,1376,-2304,,,
190998494781300,366443510507,196,bias-calibration,-4608,1440,-2080,,,
190998495780300,366444508091,197,bias-calibration,-4960,1280,-1760,,,
190998496779400,366445509841,198,bias-calibration,-4800,1152,-2240,,,
190998497779400,366446509382,199,bias-calibration,-4384,928,-2976,,,
190998498779300,366447510091,200,bias-calibration,-5024,1248,-2496,,,
190998499779100,366448505966,201,bias-calibration,-4672,1472,-1856,,,
190998500779300,366449505216,202,bias-calibration,-4992,1216,-2208,,,
190998501777500,366450508674,203,bias-calibration,-4512,1440,-2272,,,
190998502775300,366451510424,204,bias-calibration,-4832,1088,-2240,,,
190998503774800,366452510341,205,bias-calibration,-5472,1312,-2176,,,
190998504781000,366453511882,206,bias-calibration,-4800,1216,-2368,,,
190998505769800,366454513674,207,bias-calibration,-5056,1408,-2944,,,
190998506773300,366455507716,208,bias-calibration,-4992,1376,-2240,,,
190998507769500,366456509591,209,bias-calibration,-4640,1408,-2624,,,
190998509810800,366457507841,210,bias-calibration,-4576,1568,-2080,,,
190998509905200,366458505299,211,bias-calibration,-5408,1472,-2560,,,
190998510802000,366459505174,212,bias-calibration,-5248,1600,-2592,,,
190998511811400,366460505174,213,bias-calibration,-4416,1312,-2528,,,
190998512809500,366461505466,214,bias-calibration,-4992,1856,-2592,,,
190998513803000,366462505257,215,bias-calibration,-5056,1088,-3072,,,
190998514800000,366463505299,216,bias-calibration,-4960,992,-2080,,,
190998515796900,366464505216,217,bias-calibration,-4992,1472,-2208,,,
190998516799600,366465505382,218,bias-calibration,-4576,1376,-1856,,,
190998517882500,366466505216,219,bias-calibration,-4832,1184,-2048,,,
190998518887500,366467505424,220,bias-calibration,-5184,1184,-2304,,,
190998519901300,366468505799,221,bias-calibration,-4672,1280,-2336,,,
190998520794200,366469505174,222,bias-calibration,-5120,1152,-2016,,,
190998521791500,366470504799,223,bias-calibration,-5600,1216,-2304,,,
190998522791100,366471505466,224,bias-calibration,-4736,1408,-2272,,,
190998523797300,366472505382,225,bias-calibration,-5280,1088,-1856,,,
190998524814900,366473506674,226,bias-calibration,-4896,1024,-2016,,,
190998525797100,366474505091,227,bias-calibration,-4864,1056,-2176,,,
190998526806800,366475505132,228,bias-calibration,-5024,1120,-2080,,,
190998527876000,366476505341,229,bias-calibration,-4576,1184,-2336,,,
190998528879400,366477505299,230,bias-calibration,-4416,1312,-2432,,,
190998529889200,366478505216,231,bias-calibration,-4672,1568,-2464,,,
190998530915700,366479507341,232,bias-calibration,-4416,1504,-2080,,,
190998531865800,366480505924,233,bias-calibration,-4352,1088,-1728,,,
190998532887300,366481505382,234,bias-calibration,-5248,1280,-2656,,,
190998533897800,366482505257,235,bias-calibration,-4608,1504,-2400,,,
190998534918500,366483505424,236,bias-calibration,-4640,1312,-2432,,,
190998535866600,366484505091,237,bias-calibration,-5120,1472,-2752,,,
190998536885600,366485505216,238,bias-calibration,-4896,1248,-3008,,,
190998537895200,366486505341,239,bias-calibration,-4160,1248,-2464,,,
190998538881100,366487505257,240,bias-calibration,-4896,1344,-1728,,,
190998539877700,366488506174,241,bias-calibration,-4832,1344,-2048,,,
190998540884200,366489505132,242,bias-calibration,-4480,1504,-2240,,,
190998541897300,366490506507,243,bias-calibration,-4576,800,-2080,,,
190998542881900,366491505382,244,bias-calibration,-4992,1632,-2080,,,
190998543952500,366492505257,245,bias-calibration,-4800,1376,-2336,,,
190998544869800,366493505341,246,bias-calibration,-5184,1312,-2400,,,
190998545905500,366494505132,247,bias-calibration,-4544,1344,-2464,,,
190998546870400,366495505174,248,bias-calibration,-4864,960,-1664,,,
190998547881100,366496505257,249,bias-calibration,-4736,1568,-2464,,,
190998548772500,366497506799,250,bias-calibration,-4864,1760,-2272,,,
190998549775100,366498505216,251,bias-calibration,-4672,1024,-2656,,,
190998550772200,366499505216,252,bias-calibration,-4800,1504,-2304,,,
190998551773900,366500505216,253,bias-calibration,-4832,1632,-2272,,,
190998552789400,366501505341,254,bias-calibration,-5056,1600,-1696,,,
190998553785300,366502505382,255,bias-calibration,-4768,1728,-2560,,,
190998554779100,366503508216,0,bias-calibration,-5088,992,-1536,,,
190998555780300,366504505174,1,bias-calibration,-4416,1312,-2048,,,
190998556778000,366505505257,2,bias-calibration,-4640,1216,-2208,,,
190998557779700,366506505257,3,bias-calibration,-5120,1664,-2336,,,
190998558779700,366507505882,4,bias-calibration,-4512,1248,-2336,,,
190998559779800,366508505299,5,bias-calibration,-5280,1568,-2048,,,
190998560779500,366509505132,6,bias-calibration,-4448,672,-2144,,,
190998561777800,366510506632,7,bias-calibration,-4960,1504,-2624,,,
190998562779400,366511505341,8,bias-calibration,-4960,1440,-2208,,,
190998563779800,366512505257,9,bias-calibration,-4608,960,-1952,,,
190998564779700,366513505382,10,bias-calibration,-4800,1376,-2976,,,
190998565775500,366514505216,11,bias-calibration,-5088,1920,-2336,,,
190998566774900,366515509341,12,bias-calibration,-4288,928,-1824,,,
190998567775200,366516505382,13,bias-calibration,-5184,1440,-2400,,,
190998568820400,366517505341,14,bias-calibration,-4768,1408,-2336,,,
190998569794200,366518505216,15,bias-calibration,-4704,1632,-2016,,,
190998570783600,366519505132,16,bias-calibration,-4448,1440,-1728,,,
190998571780700,366520505216,17,bias-calibration,-4960,1600,-1792,,,
190998572779600,366521505382,18,bias-calibration,-4768,1472,-2720,,,
190998573777300,366522505257,19,bias-calibration,-4896,1632,-2336,,,
190998574779000,366523505174,20,bias-calibration,-4960,1408,-2720,,,
190998575779200,366524505007,21,bias-calibration,-5472,1504,-1696,,,
190998576779200,366525505091,22,bias-calibration,-5184,1376,-2368,,,
190998577779100,366526505299,23,bias-calibration,-5536,1632,-1696,,,
190998578779300,366527505257,24,bias-calibration,-4480,1376,-2368,,,
190998579778200,366528505216,25,bias-calibration,-5504,1728,-2848,,,
190998580779100,366529505174,26,bias-calibration,-4416,1600,-2336,,,
190998581775100,366530505299,27,bias-calibration,-5088,1504,-2176,,,
190998582772800,366531505299,28,bias-calibration,-4320,1376,-2016,,,
190998583774800,366532505382,29,bias-calibration,-5376,1376,-2464,,,
190998584787300,366533506632,30,bias-calibration,-5376,1504,-2560,,,
190998585785900,366534505049,31,bias-calibration,-4928,1632,-2336,,,
190998586779700,366535505257,32,bias-calibration,-4256,1344,-2368,,,
190998587777900,366536505341,33,bias-calibration,-5312,1696,-2304,,,
190998588779500,366537505341,34,bias-calibration,-4704,1856,-2560,,,
190998589779800,366538505216,35,bias-calibration,-5056,1568,-2688,,,
190998590778600,366539506799,36,bias-calibration,-5568,1440,-2752,,,
190998591780700,366540505341,37,bias-calibration,-4320,1632,-1888,,,
190998592779700,366541505466,38,bias-calibration,-4992,1792,-2752,,,
190998593779800,366542505174,39,bias-calibration,-5504,1344,-2080,,,
190998594779600,366543505133,40,bias-calibration,-4576,1504,-1920,,,
190998595779300,366544507549,41,bias-calibration,-4768,1408,-2368,,,
190998596779500,366545505091,42,bias-calibration,-4960,1440,-2496,,,
190998597775400,366546505258,43,bias-calibration,-4256,1408,-2112,,,
190998598775200,366547505299,44,bias-calibration,-5216,1344,-2592,,,
190998599775300,366548505174,45,bias-calibration,-5184,1632,-2496,,,
190998600792600,366549505174,46,bias-calibration,-4352,1568,-1632,,,
190998601787300,366550506174,47,bias-calibration,-4384,1440,-2240,,,
190998602779500,366551506799,48,bias-calibration,-4672,1504,-2304,,,
190998603776300,366552505216,49,bias-calibration,-4128,1664,-1792,,,
190998604645400,366553505174,50,bias-calibration,-4416,2144,-3040,,,
190998605777800,366554505716,51,bias-calibration,-4256,1440,-2240,,,
190998606777800,366555506591,52,bias-calibration,-4416,1344,-2976,,,
190998607777700,366556506174,53,bias-calibration,-4608,1728,-1952,,,
190998608776600,366557506633,54,bias-calibration,-4384,896,-1920,,,
190998609646300,366558505133,55,bias-calibration,-5152,800,-3008,,,
190998610773200,366559505591,56,bias-calibration,-4672,1120,-2208,,,
190998611777700,366560505174,57,bias-calibration,-4992,1600,-2432,,,
190998612775200,366561505299,58,bias-calibration,-4832,1440,-2080,,,
190998613773400,366562505383,59,bias-calibration,-5248,1632,-2944,,,
190998614771200,366563505133,60,bias-calibration,-4768,1664,-2560,,,
190998615771300,366564505133,61,bias-calibration,-4544,1536,-2048,,,
190998616790600,366565506049,62,bias-calibration,-4704,1440,-2464,,,
190998617783400,366566505341,63,bias-calibration,-4960,1984,-2656,,,
190998618778700,366567505383,64,bias-calibration,-4896,1504,-2208,,,
190998619777900,366568506049,65,bias-calibration,-5152,1504,-3072,,,
190998620778000,366569505133,66,bias-calibration,-4608,1792,-2400,,,
190998621777600,366570505133,67,bias-calibration,-4576,1344,-2432,,,
190998622777700,366571504799,68,bias-calibration,-5120,1536,-2464,,,
190998623776800,366572505299,69,bias-calibration,-4512,1120,-2304,,,
190998624777500,366573505091,70,bias-calibration,-4480,1664,-2560,,,
190998625775900,366574506633,71,bias-calibration,-4672,1568,-2400,,,
190998626645800,366575505133,72,bias-calibration,-4416,1312,-2432,,,
190998627777500,366576504924,73,bias-calibration,-4064,1056,-2016,,,
190998628777300,366577505174,74,bias-calibration,-4992,1056,-2688,,,
190998629640800,366578505091,75,bias-calibration,-4480,1536,-2016,,,
190998630773700,366579505133,76,bias-calibration,-4800,960,-1792,,,
190998631773600,366580515716,77,bias-calibration,-5056,1632,-2368,,,
190998632784100,366581506716,78,bias-calibration,-4704,1152,-2304,,,
190998633778900,366582505216,79,bias-calibration,-4736,1312,-2496,,,
190998634771100,366583505008,80,bias-calibration,-4736,1536,-1920,,,
190998635765800,366584505174,81,bias-calibration,-4736,1696,-2080,,,
190998636782000,366585505174,82,bias-calibration,-5248,1472,-2016,,,
190998637769800,366586505841,83,bias-calibration,-4384,1056,-2464,,,
190998638770000,366587505299,84,bias-calibration,-4480,1280,-1888,,,
190998639643700,366588505216,85,bias-calibration,-4512,1184,-1856,,,
190998640767500,366589505174,86,bias-calibration,-5120,1440,-2560,,,
190998641768200,366590506924,87,bias-calibration,-4544,1568,-2464,,,
190998642766900,366591506091,88,bias-calibration,-4992,1184,-2144,,,
190998643766300,366592505216,89,bias-calibration,-5312,1728,-2112,,,
190998644767200,366593506508,90,bias-calibration,-4768,1248,-2528,,,
190998645767500,366594505133,91,bias-calibration,-5056,1312,-2240,,,
190998646767000,366595505383,92,bias-calibration,-4672,1184,-2176,,,
190998647894600,366596505466,93,bias-calibration,-4768,1792,-3008,,,
190998648782600,366597506341,94,bias-calibration,-5088,1536,-2304,,,
190998649778700,366598505091,95,bias-calibration,-4544,1600,-1888,,,
190998650767200,366599505133,96,bias-calibration,-4544,1760,-2400,,,
190998651770200,366600505341,97,bias-calibration,-4800,1536,-1824,,,
190998652764300,366601505133,98,bias-calibration,-4064,896,-2240,,,
190998653767800,366602505799,99,bias-calibration,-4736,1664,-2496,,,
190998654764200,366603505591,100,bias-calibration,-4736,1600,-2528,,,
190998655767000,366604506591,101,bias-calibration,-5056,1504,-2624,,,
190998656641400,366605505341,102,bias-calibration,-4480,1312,-2176,,,
190998657769700,366606505341,103,bias-calibration,-4960,1664,-2272,,,
190998658643200,366607505091,104,bias-calibration,-4384,1216,-1984,,,
190998659767600,366608505091,105,bias-calibration,-4896,1120,-2048,,,
190998660768100,366609505299,106,bias-calibration,-4576,1280,-2176,,,
190998661766500,366610505424,107,bias-calibration,-4608,1312,-2272,,,
190998662764800,366611505341,108,bias-calibration,-4256,1152,-2400,,,
190998663659500,366612506258,109,bias-calibration,-4064,1184,-2080,,,
190998664789500,366613507424,110,bias-calibration,-4928,1568,-2176,,,
190998665666700,366614505133,111,bias-calibration,-4768,1440,-2368,,,
190998666781900,366615506174,112,bias-calibration,-4768,1600,-2176,,,
190998667766900,366616506841,113,bias-calibration,-4256,1376,-1760,,,
190998668662200,366617505258,114,bias-calibration,-4960,1408,-1984,,,
190998669787500,366618504758,115,bias-calibration,-4736,1600,-2880,,,
190998670792500,366619505049,116,bias-calibration,-4640,1376,-2112,,,
190998671887200,366620505841,117,bias-calibration,-4640,1088,-2176,,,
190998672860500,366621505258,118,bias-calibration,-4896,864,-1920,,,
190998673739900,366622505924,119,bias-calibration,-4160,1248,-2624,,,
190998674877300,366623505216,120,bias-calibration,-4320,1376,-2528,,,
190998675871700,366624505133,121,bias-calibration,-4768,1120,-1536,,,
190998676745900,366625505299,122,bias-calibration,-5472,1728,-2688,,,
190998677879600,366626505216,123,bias-calibration,-5056,1184,-1952,,,
190998678911500,366627506841,124,bias-calibration,-5216,1536,-2592,,,
190998679784000,366628507883,125,bias-calibration,-4512,1216,-2240,,,
190998680824100,366629505049,126,bias-calibration,-4992,1344,-2720,,,
190998681880800,366630505258,127,bias-calibration,-4544,1376,-2560,,,
190998682733400,366631505299,128,bias-calibration,-4672,1344,-2336,,,
190998683888400,366632505216,129,bias-calibration,-4928,1472,-2336,,,
190998684862700,366633505258,130,bias-calibration,-4256,1280,-2112,,,
190998685733100,366634505091,131,bias-calibration,-4480,1440,-2208,,,
190998686860700,366635506008,132,bias-calibration,-4672,1152,-2016,,,
190998687647800,366636505383,133,bias-calibration,-4768,1088,-2880,,,
190998688650500,366637505258,134,bias-calibration,-4480,928,-1792,,,
190998689777300,366638505674,135,bias-calibration,-5024,1024,-2272,,,
190998690777300,366639505091,136,bias-calibration,-5184,1472,-2368,,,
190998691775200,366640505799,137,bias-calibration,-4512,1600,-2880,,,
190998692777000,366641505341,138,bias-calibration,-4896,1248,-2048,,,
190998693642400,366642505258,139,bias-calibration,-4320,1024,-2144,,,
190998694772800,366643505216,140,bias-calibration,-4960,1088,-2208,,,
190998695656800,366644505383,141,bias-calibration,-4736,1408,-2784,,,
190998696783200,366645505299,142,bias-calibration,-4992,1696,-2432,,,
190998697780900,366646505341,143,bias-calibration,-5152,1088,-2048,,,
190998698648400,366647505258,144,bias-calibration,-4512,1088,-2112,,,
190998699652500,366648505216,145,bias-calibration,-5056,896,-2464,,,
190998700777300,366649505466,146,bias-calibration,-4160,896,-2144,,,
190998701777400,366650505883,147,bias-calibration,-4992,896,-2016,,,
190998702777200,366651505341,148,bias-calibration,-4736,1728,-2976,,,
190998703646300,366652505258,149,bias-calibration,-4512,1152,-2816,,,
190998704652300,366653505133,150,bias-calibration,-5088,1536,-2112,,,
190998705651900,366654505133,151,bias-calibration,-5248,1472,-2400,,,
190998706777200,366655505008,152,bias-calibration,-5184,1088,-2624,,,
190998707775000,366656506799,153,bias-calibration,-4672,1024,-2208,,,
190998708645300,366657505174,154,bias-calibration,-5152,1280,-1888,,,
190998709767700,366658505174,155,bias-calibration,-5312,1344,-2848,,,
190998710643300,366659505174,156,bias-calibration,-4320,1152,-2336,,,
190998711777100,366660505008,157,bias-calibration,-4480,864,-2208,,,
190998712791800,366661505299,158,bias-calibration,-4832,1248,-2592,,,
190998713779700,366662505216,159,bias-calibration,-4960,960,-2592,,,
190998714775600,366663505174,160,bias-calibration,-4768,1152,-2624,,,
190998715777100,366664505216,161,bias-calibration,-4704,1024,-2208,,,
190998716776700,366665507674,162,bias-calibration,-5184,896,-2144,,,
190998717645200,366666505466,163,bias-calibration,-4832,1280,-2368,,,
190998718649600,366667505174,164,bias-calibration,-4896,1504,-2176,,,
190998719777000,366668505133,165,bias-calibration,-5056,1696,-2496,,,
190998720776800,366669505049,166,bias-calibration,-5088,1312,-2816,,,
190998721776800,366670506966,167,bias-calibration,-4096,1344,-1888,,,
190998722645200,366671505258,168,bias-calibration,-4800,992,-2176,,,
190998723650600,366672505091,169,bias-calibration,-5344,1760,-2912,,,
190998724776500,366673505299,170,bias-calibration,-4672,1568,-1696,,,
190998725772700,366674505008,171,bias-calibration,-5024,1472,-2592,,,
190998726772600,366675505966,172,bias-calibration,-4608,1216,-2080,,,
190998727661400,366676505258,173,bias-calibration,-4736,1632,-2176,,,
190998728780300,366677505216,174,bias-calibration,-3616,1376,-2368,,,
190998729778100,366678505174,175,bias-calibration,-5152,960,-2560,,,
190998730777100,366679508924,176,bias-calibration,-4768,736,-2208,,,
190998731776700,366680506424,177,bias-calibration,-4768,1696,-2496,,,
190998732645200,366681505299,178,bias-calibration,-4576,1216,-1856,,,
190998733777200,366682505216,179,bias-calibration,-4864,1184,-3008,,,
190998734775200,366683505258,180,bias-calibration,-4768,1024,-2208,,,
190998735645200,366684504966,181,bias-calibration,-5152,1152,-2144,,,
190998736777200,366685505549,182,bias-calibration,-5184,1536,-2656,,,
190998737644700,366686505383,183,bias-calibration,-3936,1376,-2240,,,
190998738650700,366687505174,184,bias-calibration,-4672,960,-1920,,,
190998739776900,366688505133,185,bias-calibration,-4832,1152,-2304,,,
190998740641500,366689505091,186,bias-calibration,-4640,1280,-2208,,,
190998741770800,366690505341,187,bias-calibration,-5024,800,-2048,,,
190998742772800,366691505258,188,bias-calibration,-4736,1184,-2560,,,
190998743661800,366692505174,189,bias-calibration,-5120,1280,-2176,,,
190998744783900,366693505133,190,bias-calibration,-5024,1152,-2368,,,
190998745778000,366694506174,191,bias-calibration,-4768,1152,-1760,,,
190998746646000,366695505216,192,bias-calibration,-4320,1344,-2400,,,
190998747652300,366696505216,193,bias-calibration,-4608,1088,-2784,,,
190998748775200,366697506299,194,bias-calibration,-4448,1472,-2528,,,
190998749776900,366698505133,195,bias-calibration,-4928,1408,-2144,,,
190998750645700,366699505133,196,bias-calibration,-5344,1440,-2784,,,
190998751777100,366700506049,197,bias-calibration,-4512,1312,-2464,,,
190998752645800,366701505299,198,bias-calibration,-4512,1248,-2272,,,
190998753777700,366702505049,199,bias-calibration,-5248,1632,-2592,,,
190998754777000,366703506508,200,bias-calibration,-4832,1664,-2496,,,
190998755645300,366704505008,201,bias-calibration,-5120,1824,-3008,,,
190998756647300,366705505258,202,bias-calibration,-4704,1664,-1952,,,
190998757646100,366706505258,203,bias-calibration,-4608,1344,-2464,,,
190998758804100,366707505049,204,bias-calibration,-4768,1088,-2464,,,
190998759787800,366708505174,205,bias-calibration,-4896,1408,-2400,,,
190998760784900,366709505049,206,bias-calibration,-4512,1312,-2080,,,
190998761781500,366710506258,207,bias-calibration,-4736,896,-2560,,,
190998762654600,366711505258,208,bias-calibration,-4672,1344,-1824,,,
190998763783900,366712504716,209,bias-calibration,-4416,896,-2624,,,
190998764782500,366713505174,210,bias-calibration,-4896,1088,-2272,,,
190998765783400,366714505508,211,bias-calibration,-4672,1152,-2560,,,
190998766781700,366715508133,212,bias-calibration,-4256,1568,-2912,,,
190998767783000,366716506716,213,bias-calibration,-4960,1472,-2144,,,
190998768783700,366717505216,214,bias-calibration,-4096,1216,-2144,,,
190998769788300,366718505341,215,bias-calibration,-4864,1248,-3232,,,
190998770659400,366719505424,216,bias-calibration,-4384,1120,-2272,,,
190998771789700,366720505299,217,bias-calibration,-4576,1248,-1888,,,
190998772782200,366721505299,218,bias-calibration,-4512,1344,-1696,,,
190998773784100,366722505216,219,bias-calibration,-4768,1600,-3104,,,
190998774710600,366723505091,220,bias-calibration,-4352,896,-2560,,,
190998775792200,366724504966,221,bias-calibration,-3872,832,-2368,,,
190998776785200,366725505299,222,bias-calibration,-5280,1344,-1952,,,
190998777657600,366726506133,223,bias-calibration,-4960,1472,-2240,,,
190998778791100,366727506591,224,bias-calibration,-4544,992,-2336,,,
190998779658100,366728505091,225,bias-calibration,-4672,1312,-2688,,,
190998780657100,366729505341,226,bias-calibration,-4832,1376,-2272,,,
190998781660000,366730505299,227,bias-calibration,-4768,1152,-2240,,,
190998782655100,366731505216,228,bias-calibration,-4960,1344,-2912,,,
190998783788900,366732505258,229,bias-calibration,-5024,960,-2176,,,
190998784783300,366733505174,230,bias-calibration,-5152,1504,-2720,,,
190998785659800,366734505299,231,bias-calibration,-5088,1568,-2624,,,
190998786662400,366735505174,232,bias-calibration,-4352,1344,-2784,,,
190998787677400,366736505133,233,bias-calibration,-4832,1056,-2528,,,
190998788657600,366737505258,234,bias-calibration,-4480,1216,-2048,,,
190998789797900,366738505216,235,bias-calibration,-4768,1408,-2336,,,
190998790792900,366739505716,236,bias-calibration,-4640,1024,-2272,,,
190998791782100,366740505383,237,bias-calibration,-4960,1632,-1888,,,
190998792778800,366741505174,238,bias-calibration,-4608,1760,-3200,,,
190998793647500,366742505299,239,bias-calibration,-4960,1664,-2176,,,
190998794649000,366743505008,240,bias-calibration,-4256,1120,-1728,,,
190998795776000,366744505216,241,bias-calibration,-5056,1056,-2368,,,
190998796773800,366745505424,242,bias-calibration,-5120,1440,-2848,,,
190998797648600,366746505258,243,bias-calibration,-4640,1280,-2144,,,
190998798649100,366747505216,244,bias-calibration,-4864,1664,-1760,,,
190998799650800,366748505174,245,bias-calibration,-4736,1024,-2528,,,
190998800774900,366749504883,246,bias-calibration,-5024,1184,-2048,,,
190998801776200,366750506049,247,bias-calibration,-5312,992,-2208,,,
190998802824000,366751505299,248,bias-calibration,-4544,1280,-2176,,,
190998803777600,366752505174,249,bias-calibration,-5280,1792,-2368,,,
190998804641300,366753505174,250,bias-calibration,-4352,1344,-1824,,,
190998805647200,366754506091,251,bias-calibration,-4704,928,-2720,,,
190998806660100,366755505383,252,bias-calibration,-4352,1216,-2304,,,
190998807797400,366756505216,253,bias-calibration,-4896,1376,-2240,,,
190998808787400,366757505174,254,bias-calibration,-4640,1568,-2176,,,
190998809690500,366758505008,255,bias-calibration,-4544,1440,-1632,,,
190998810798900,366759505258,0,bias-calibration,-5184,1184,-2208,,,
190998811801100,366760506591,1,bias-calibration,-4640,1696,-2432,,,
190998812793500,366761505216,2,bias-calibration,-4800,1888,-2784,,,
190998813678400,366762505216,3,bias-calibration,-4768,832,-2560,,,
190998814668700,366763505049,4,bias-calibration,-4992,1088,-2528,,,
190998815797200,366764505091,5,bias-calibration,-4864,1184,-1600,,,
190998816806600,366765509216,6,bias-calibration,-4608,1504,-2016,,,
190998817699600,366766505091,7,bias-calibration,-4832,1728,-2880,,,
190998818786000,366767505091,8,bias-calibration,-5152,1248,-2304,,,
190998819674600,366768505049,9,bias-calibration,-4480,1024,-2560,,,
190998820822600,366769504966,10,bias-calibration,-4512,1792,-2208,,,
190998821865200,366770505341,11,bias-calibration,-4704,1760,-2176,,,
190998822736900,366771505216,12,bias-calibration,-4384,1280,-2656,,,
190998823715400,366772505216,13,bias-calibration,-4352,1728,-2592,,,
190998824857600,366773505091,14,bias-calibration,-4448,1344,-2432,,,
190998825877100,366774505008,15,bias-calibration,-4736,1056,-2304,,,
190998826861700,366775506841,16,bias-calibration,-4672,1184,-2592,,,
190998827715100,366776505216,17,bias-calibration,-4640,1600,-2400,,,
190998828763500,366777505174,18,bias-calibration,-4800,704,-2176,,,
190998829745400,366778505091,19,bias-calibration,-5280,1088,-2848,,,
190998830747100,366779507216,20,bias-calibration,-4352,1376,-2240,,,
190998831859900,366780505216,21,bias-calibration,-4960,1472,-2368,,,
190998832712600,366781505133,22,bias-calibration,-4384,1408,-2336,,,
190998833763800,366782505258,23,bias-calibration,-4640,1312,-1728,,,
190998834716600,366783505008,24,bias-calibration,-4608,1600,-1728,,,
190998835858200,366784505424,25,bias-calibration,-4768,1760,-2624,,,
190998836857100,366785505258,26,bias-calibration,-4576,1472,-2176,,,
190998837710400,366786505674,27,bias-calibration,-4800,1504,-2624,,,
190998838667200,366787505091,28,bias-calibration,-4832,1280,-2880,,,
190998839658200,366788505133,29,bias-calibration,-5504,1632,-2112,,,
190998840772500,366789505299,30,bias-calibration,-4896,1664,-2240,,,
190998841774100,366790514799,31,bias-calibration,-5184,1472,-2144,,,
190998842768700,366791505633,32,bias-calibration,-5408,1600,-2048,,,
190998843775900,366792505216,33,bias-calibration,-4800,1312,-2400,,,
190998844646800,366793505133,34,bias-calibration,-4576,1408,-2336,,,
190998845649600,366794505424,35,bias-calibration,-4448,1504,-2464,,,
190998846650600,366795506758,36,bias-calibration,-5184,1216,-2400,,,
190998847775600,366796505133,37,bias-calibration,-5152,1568,-2336,,,
190998848773600,366797505341,38,bias-calibration,-5632,1600,-2752,,,
190998849775600,366798505049,39,bias-calibration,-4832,1088,-1920,,,
190998850773400,366799505299,40,bias-calibration,-4768,1408,-2720,,,
190998851775200,366800506591,41,bias-calibration,-5024,1216,-1824,,,
190998852792100,366801505966,42,bias-calibration,-5120,1888,-2272,,,
190998853773800,366802505174,43,bias-calibration,-4224,1440,-2816,,,
190998854788800,366803505091,44,bias-calibration,-4672,1088,-2240,,,
190998855657000,366804505383,45,bias-calibration,-5472,1888,-2624,,,
190998856770600,366805505216,46,bias-calibration,-4416,1632,-2368,,,
190998857645600,366806505091,47,bias-calibration,-4032,1376,-1536,,,
190998858652800,366807505258,48,bias-calibration,-4928,1120,-2176,,,
190998859653100,366808504966,49,bias-calibration,-4736,1280,-2048,,,
190998860777800,366809506758,50,bias-calibration,-4512,1312,-2208,,,
190998861645800,366810505174,51,bias-calibration,-4608,1472,-1920,,,
190998862653000,366811505174,52,bias-calibration,-4768,960,-2048,,,
190998863650400,366812505091,53,bias-calibration,-5248,1760,-2400,,,
190998864650700,366813505008,54,bias-calibration,-4288,1280,-2208,,,
190998865650400,366814505216,55,bias-calibration,-4448,1664,-2272,,,
190998866773300,366815506716,56,bias-calibration,-4640,1536,-2912,,,
190998867774300,366816504799,57,bias-calibration,-4864,1440,-2400,,,
190998868643600,366817505174,58,bias-calibration,-5120,1504,-2464,,,
190998869653800,366818505049,59,bias-calibration,-4768,1120,-2432,,,
190998870664700,366819505258,60,bias-calibration,-4960,1440,-2400,,,
190998871791200,366820505508,61,bias-calibration,-4960,1056,-2368,,,
190998872773800,366821504966,62,bias-calibration,-4448,1504,-2240,,,
190998873646200,366822505216,63,bias-calibration,-4960,1344,-2272,,,
190998874653000,366823505008,64,bias-calibration,-4736,1152,-2080,,,
190998875648600,366824505174,65,bias-calibration,-4480,1344,-2176,,,
190998876658600,366825505049,66,bias-calibration,-4704,1472,-1792,,,
190998877776400,366826504758,67,bias-calibration,-4608,1120,-1984,,,
190998878776700,366827505633,68,bias-calibration,-4640,1248,-2848,,,
190998879645300,366828505549,69,bias-calibration,-4896,1760,-2528,,,
190998880650700,366829505258,70,bias-calibration,-5120,1120,-2368,,,
190998881777400,366830505299,71,bias-calibration,-5152,960,-2272,,,
190998882645300,366831505508,72,bias-calibration,-5376,1408,-2400,,,
190998883773800,366832506008,73,bias-calibration,-4736,1504,-2304,,,
190998884776000,366833504924,74,bias-calibration,-5312,1536,-2208,,,
190998885777300,366834505258,75,bias-calibration,-4704,1408,-2464,,,
190998886660300,366835505174,76,bias-calibration,-5152,1056,-2368,,,
190998887649200,366836505091,77,bias-calibration,-4224,1120,-2080,,,
190998888778700,366837505174,78,bias-calibration,-5472,1856,-2400,,,
190998889645300,366838504966,79,bias-calibration,-4224,1440,-2496,,,
190998890653300,366839505258,80,bias-calibration,-4352,1344,-2272,,,
190998891776600,366840505091,81,bias-calibration,-4992,1472,-2144,,,
190998892778000,366841504841,82,bias-calibration,-4416,800,-1760,,,
190998893645900,366842505091,83,bias-calibration,-4480,1440,-2592,,,
190998894653300,366843504924,84,bias-calibration,-4960,864,-2528,,,
190998895778100,366844505799,85,bias-calibration,-5504,1472,-2656,,,
190998896778200,366845506258,86,bias-calibration,-5088,1216,-3360,,,
190998897645700,366846505216,87,bias-calibration,-5376,992,-1920,,,
190998898651000,366847505133,88,bias-calibration,-4960,1408,-1952,,,
190998899652900,366848505299,89,bias-calibration,-5472,1440,-2496,,,
190998900651000,366849505383,90,bias-calibration,-4768,1568,-1760,,,
190998901775900,366850505466,91,bias-calibration,-4736,1472,-2592,,,
190998902819700,366851505299,92,bias-calibration,-4672,1376,-2240,,,
190998903660500,366852505258,93,bias-calibration,-4736,1664,-2080,,,
190998904779200,366853505341,94,bias-calibration,-4992,1632,-2528,,,
190998905645700,366854505258,95,bias-calibration,-4480,1280,-1952,,,
190998906654900,366855505091,96,bias-calibration,-5312,1472,-2336,,,
190998907779100,366856505133,97,bias-calibration,-4928,1536,-2112,,,
190998908649900,366857505133,98,bias-calibration,-5120,1248,-2304,,,
190998909770400,366858505174,99,bias-calibration,-4960,1536,-1984,,,
190998910641900,366859505299,100,bias-calibration,-5376,1216,-1888,,,
190998911654400,366860505216,101,bias-calibration,-5216,1152,-2848,,,
190998912653900,366861505174,102,bias-calibration,-4768,1504,-2432,,,
190998913776600,366862505174,103,bias-calibration,-4736,1600,-2336,,,
190998914649500,366863506299,104,bias-calibration,-5024,1472,-2560,,,
190998915651700,366864505341,105,bias-calibration,-5024,960,-2432,,,
190998916648300,366865509216,106,bias-calibration,-5024,1440,-2464,,,
190998917645900,366866505133,107,bias-calibration,-5024,1216,-2144,,,
190998918662700,366867505091,108,bias-calibration,-4640,1248,-2048,,,
190998919781500,366868506841,109,bias-calibration,-5216,1184,-2176,,,
190998920777500,366869505341,110,bias-calibration,-4992,1344,-2176,,,
190998921645800,366870505174,111,bias-calibration,-4288,1344,-2208,,,
190998922650200,366871505133,112,bias-calibration,-4768,1280,-1824,,,
190998923650200,366872505133,113,bias-calibration,-4736,1312,-2272,,,
190998924777100,366873504966,114,bias-calibration,-4800,1536,-2656,,,
190998925644200,366874505216,115,bias-calibration,-4672,1248,-1984,,,
190998926776800,366875505174,116,bias-calibration,-4544,1568,-2208,,,
190998927645700,366876505008,117,bias-calibration,-4832,1184,-2752,,,
190998928651600,366877505133,118,bias-calibration,-4736,1344,-2816,,,
190998929652100,366878505633,119,bias-calibration,-4576,1376,-2144,,,
190998930776600,366879505508,120,bias-calibration,-4896,1120,-2240,,,
190998931645200,366880505091,121,bias-calibration,-4832,1472,-2016,,,
190998932647000,366881505216,122,bias-calibration,-4864,1312,-2176,,,
190998933645900,366882505091,123,bias-calibration,-5024,1248,-2400,,,
190998934671700,366883505258,124,bias-calibration,-5120,1440,-2368,,,
190998935664700,366884505174,125,bias-calibration,-5248,1728,-2144,,,
190998936779000,366885505133,126,bias-calibration,-5280,864,-1856,,,
190998937778200,366886506799,127,bias-calibration,-5216,1280,-2912,,,
190998938776800,366887505841,128,bias-calibration,-5248,1408,-2656,,,
190998939646600,366888504966,129,bias-calibration,-4960,1248,-2080,,,
190998940651600,366889505299,130,bias-calibration,-4544,1696,-2592,,,
190998941651800,366890505174,131,bias-calibration,-5152,1600,-1760,,,
190998942776600,366891505258,132,bias-calibration,-4672,1536,-2400,,,
190998943778200,366892506341,133,bias-calibration,-4576,960,-1952,,,
190998944775700,366893507133,134,bias-calibration,-4960,896,-2080,,,
190998945645400,366894505258,135,bias-calibration,-5568,1632,-2368,,,
190998946651400,366895505216,136,bias-calibration,-4832,1632,-2656,,,
190998947651700,366896505133,137,bias-calibration,-4992,1568,-2560,,,
190998948773000,366897505091,138,bias-calibration,-5184,1248,-2688,,,
190998949773000,366898508216,139,bias-calibration,-5600,1344,-2656,,,
190998950657300,366899505133,140,bias-calibration,-4320,1216,-2208,,,
190998951656400,366900504924,141,bias-calibration,-5088,1280,-2048,,,
190998952832900,366901505133,142,bias-calibration,-5280,928,-2592,,,
190998953673100,366902505091,143,bias-calibration,-5152,1280,-2464,,,
190998954791000,366903505299,144,bias-calibration,-4960,960,-1920,,,
190998955659400,366904506008,145,bias-calibration,-4544,1056,-1568,,,
190998956777100,366905504924,146,bias-calibration,-5152,1536,-2848,,,
190998957645000,366906505174,147,bias-calibration,-4704,1216,-2240,,,
190998958651000,366907505091,148,bias-calibration,-4992,1408,-1984,,,
190998959651100,366908505299,149,bias-calibration,-5216,1120,-1440,,,
190998960776300,366909505133,150,bias-calibration,-4288,1504,-2752,,,
190998961774000,366910509049,151,bias-calibration,-4512,1152,-2048,,,
190998962776000,366911505133,152,bias-calibration,-4768,1248,-2304,,,
190998963648000,366912504966,153,bias-calibration,-4704,1408,-2176,,,
190998964645500,366913505258,154,bias-calibration,-5216,1536,-2880,,,
190998965647100,366914505174,155,bias-calibration,-4672,1056,-2112,,,
190998966789200,366915507341,156,bias-calibration,-5216,1088,-2272,,,
190998967650600,366916505299,157,bias-calibration,-5216,1632,-2560,,,
190998968778800,366917504924,158,bias-calibration,-4576,1664,-2624,,,
190998969649000,366918505341,159,bias-calibration,-4672,1536,-1920,,,
190998970656500,366919505174,160,bias-calibration,-4960,1312,-2144,,,
190998971649900,366920508049,161,bias-calibration,-4800,1536,-2720,,,
190998972776800,366921506299,162,bias-calibration,-4896,1824,-2976,,,
190998973643200,366922505008,163,bias-calibration,-5024,1024,-2464,,,
190998974649700,366923505383,164,bias-calibration,-4096,1376,-2208,,,
190998975651700,366924505299,165,bias-calibration,-5088,1568,-2496,,,
190998976651600,366925505966,166,bias-calibration,-4448,1184,-2240,,,
190998977776600,366926505216,167,bias-calibration,-4480,1312,-2048,,,
190998978645400,366927504924,168,bias-calibration,-5280,1664,-2752,,,
190998979774800,366928505341,169,bias-calibration,-4608,1024,-1792,,,
190998980644600,366929505174,170,bias-calibration,-4736,1344,-2080,,,
190998981644100,366930504883,171,bias-calibration,-5184,1504,-2880,,,
190998982668400,366931505216,172,bias-calibration,-5408,1408,-2304,,,
190998983795200,366932505258,173,bias-calibration,-4448,1824,-2208,,,
190998984782900,366933505341,174,bias-calibration,-5280,1600,-2496,,,
190998985644200,366934505174,175,bias-calibration,-4896,1728,-1920,,,
190998986645500,366935505174,176,bias-calibration,-4576,1760,-2208,,,
190998987652600,366936505174,177,bias-calibration,-4928,1344,-2656,,,
190998988652200,366937505091,178,bias-calibration,-4736,1504,-1888,,,
190998989777400,366938506424,179,bias-calibration,-4288,992,-2048,,,
190998990777200,366939505133,180,bias-calibration,-5216,1248,-2368,,,
190998991777000,366940505299,181,bias-calibration,-5280,1696,-2944,,,
190998992649600,366941505049,182,bias-calibration,-4192,1312,-1600,,,
190998993652000,366942505008,183,bias-calibration,-5088,1376,-3040,,,
190998994651900,366943505341,184,bias-calibration,-4672,1472,-1824,,,
190998995650100,366944505174,185,bias-calibration,-4608,1472,-2336,,,
190998996773600,366945506049,186,bias-calibration,-4544,1344,-2176,,,
190998997642300,366946505049,187,bias-calibration,-5312,1536,-2656,,,
190998998657700,366947505008,188,bias-calibration,-4768,1408,-2688,,,
190998999660600,366948505341,189,bias-calibration,-4288,1536,-2080,,,
190999000783000,366949505133,190,bias-calibration,-5216,960,-2496,,,
190999001781900,366950506758,191,bias-calibration,-4672,1408,-2208,,,
190999002780300,366951505091,192,bias-calibration,-4960,1504,-3264,,,
190999003657700,366952505091,193,bias-calibration,-4384,1472,-2528,,,
190999004659500,366953505383,194,bias-calibration,-5184,1440,-2784,,,
190999005657100,366954505258,195,bias-calibration,-4384,1312,-2688,,,
190999006654800,366955505174,196,bias-calibration,-5088,1824,-2592,,,
190999007661000,366956505133,197,bias-calibration,-5152,1152,-2272,,,
190999009653400,366957505049,198,bias-calibration,-5024,1504,-1888,,,
190999009724600,366958505424,199,bias-calibration,-4640,1312,-2208,,,
190999010825400,366959505133,200,bias-calibration,-4288,1440,-2080,,,
190999011657200,366960504758,201,bias-calibration,-4800,1440,-2720,,,
190999012661200,366961505091,202,bias-calibration,-5280,1600,-2752,,,
190999013656900,366962505133,203,bias-calibration,-4864,1440,-2656,,,
190999014665100,366963505258,204,bias-calibration,-4544,1856,-1824,,,
190999015659900,366964505174,205,bias-calibration,-4896,1376,-2368,,,
190999016786000,366965507174,206,bias-calibration,-4768,1408,-2304,,,
190999017662400,366966505216,207,bias-calibration,-4576,1792,-2272,,,
190999018659700,366967505008,208,bias-calibration,-4928,1536,-2752,,,
190999019782500,366968505424,209,bias-calibration,-4928,1024,-2336,,,
190999020662300,366969505216,210,bias-calibration,-4256,1760,-2144,,,
190999021661200,366970505216,211,bias-calibration,-4224,1056,-2272,,,
190999022658100,366971505174,212,bias-calibration,-4896,928,-2432,,,
190999023663600,366972507799,213,bias-calibration,-4768,1344,-2176,,,
190999024643100,366973505299,214,bias-calibration,-4352,1120,-2208,,,
190999025640200,366974505133,215,bias-calibration,-5120,1024,-2496,,,
190999026657300,366975505299,216,bias-calibration,-4832,1504,-2656,,,
190999027659600,366976505049,217,bias-calibration,-4704,864,-2368,,,
190999028658600,366977506008,218,bias-calibration,-4384,1376,-2560,,,
190999029662500,366978505299,219,bias-calibration,-5024,1248,-2592,,,
190999030664900,366979505216,220,bias-calibration,-4800,1088,-3008,,,
190999031792400,366980506174,221,bias-calibration,-4704,1408,-1792,,,
190999032789800,366981505091,222,bias-calibration,-4512,1664,-2272,,,
190999033659900,366982505133,223,bias-calibration,-4352,1600,-1856,,,
190999034663300,366983505424,224,bias-calibration,-5120,1344,-2240,,,
190999035663000,366984505174,225,bias-calibration,-5088,1472,-3040,,,
190999036683100,366985505258,226,bias-calibration,-4416,1056,-2368,,,
190999037664100,366986505049,227,bias-calibration,-5056,1280,-2624,,,
190999038665300,366987505383,228,bias-calibration,-4768,1632,-2592,,,
190999039666300,366988505299,229,bias-calibration,-5024,1696,-3040,,,
190999040665600,366989505216,230,bias-calibration,-4896,1504,-2336,,,
190999041669600,366990505133,231,bias-calibration,-5216,1056,-2272,,,
190999042792800,366991505008,232,bias-calibration,-4416,1440,-2656,,,
190999043790100,366992505424,233,bias-calibration,-4352,1312,-2976,,,
190999044791600,366993506758,234,bias-calibration,-4608,1184,-2048,,,
190999045669100,366994505091,235,bias-calibration,-5088,1472,-2656,,,
190999046665000,366995505091,236,bias-calibration,-4704,992,-2656,,,
190999047666500,366996505049,237,bias-calibration,-5056,1440,-2592,,,
190999048792900,366997505216,238,bias-calibration,-4544,1376,-2016,,,
190999049795400,366998506508,239,bias-calibration,-4704,1440,-2112,,,
190999050664900,366999505133,240,bias-calibration,-4768,1216,-2592,,,
190999051667500,367000505133,241,bias-calibration,-4448,1504,-2496,,,
190999052654500,367001505049,242,bias-calibration,-5248,1472,-2304,,,
190999053668500,367002505216,243,bias-calibration,-5056,1120,-2304,,,
190999054860300,367003505424,244,bias-calibration,-4704,1632,-2496,,,
190999055748700,367004505049,245,bias-calibration,-4416,1280,-2848,,,
190999056661200,367005505174,246,bias-calibration,-4736,1280,-2176,,,
190999057648700,367006504966,247,bias-calibration,-4768,1440,-1536,,,
190999058642500,367007505258,248,bias-calibration,-4512,1632,-2560,,,
190999059656600,367008505216,249,bias-calibration,-4576,1376,-2144,,,
190999060778400,367009505133,250,bias-calibration,-4704,1312,-2624,,,
190999061844900,367010506674,251,bias-calibration,-4832,1952,-2880,,,
190999062706700,367011505008,252,bias-calibration,-4544,1376,-2272,,,
190999063664300,367012505341,253,bias-calibration,-4640,1088,-2176,,,
190999064786700,367013505091,254,bias-calibration,-4928,1568,-2048,,,
190999065661300,367014504841,255,bias-calibration,-5568,1792,-2592,,,
190999066663400,367015506591,0,bias-calibration,-4928,1088,-2336,,,
190999067674700,367016505008,1,bias-calibration,-5248,1664,-2656,,,
190999068709800,367017505216,2,bias-calibration,-4352,1184,-2240,,,
190999069657100,367018505174,3,bias-calibration,-4960,608,-1920,,,
190999070659900,367019507133,4,bias-calibration,-4512,1472,-2208,,,
190999071679200,367020505174,5,bias-calibration,-4576,928,-1952,,,
190999072665500,367021505133,6,bias-calibration,-5280,1504,-2816,,,
190999073670900,367022506716,7,bias-calibration,-4736,1600,-2944,,,
190999074670600,367023505174,8,bias-calibration,-4448,1120,-1920,,,
190999075657000,367024504674,9,bias-calibration,-4896,1632,-2944,,,
190999076664900,367025505133,10,bias-calibration,-3584,1344,-2560,,,
190999077679000,367026505174,11,bias-calibration,-4576,1472,-2720,,,
190999078804000,367027505549,12,bias-calibration,-4832,800,-2592,,,
190999079654900,367028505174,13,bias-calibration,-4928,1184,-1856,,,
190999080776100,367029508049,14,bias-calibration,-4544,864,-2048,,,
190999081670500,367030505216,15,bias-calibration,-4704,1120,-2880,,,
190999082654900,367031505049,16,bias-calibration,-4576,1152,-1792,,,
190999083670700,367032505424,17,bias-calibration,-4384,1472,-2208,,,
190999084658100,367033505174,18,bias-calibration,-5184,1632,-2496,,,
190999085647300,367034505174,19,bias-calibration,-4160,1376,-2592,,,
190999086673400,367035505049,20,bias-calibration,-4864,960,-2368,,,
190999087725100,367036505008,21,bias-calibration,-4768,1504,-3200,,,
190999088716900,367037505174,22,bias-calibration,-5056,1472,-2240,,,
190999089725100,367038505133,23,bias-calibration,-4704,1408,-2720,,,
190999090860900,367039505966,24,bias-calibration,-4096,992,-2720,,,
190999091857900,367040505008,25,bias-calibration,-4864,1152,-2656,,,
190999092837900,367041504966,26,bias-calibration,-5152,1216,-2208,,,
190999093670000,367042505424,27,bias-calibration,-4672,1056,-1728,,,
190999094739300,367043505091,28,bias-calibration,-4704,1056,-2688,,,
190999095666200,367044505133,29,bias-calibration,-4672,1504,-2944,,,
190999096799800,367045505008,30,bias-calibration,-4640,992,-2016,,,
190999097673100,367046505091,31,bias-calibration,-4448,1376,-2176,,,
190999098693100,367047505216,32,bias-calibration,-4640,1568,-2176,,,
190999099658400,367048505049,33,bias-calibration,-4832,1344,-2304,,,
190999100666400,367049505174,34,bias-calibration,-5120,1696,-2272,,,
190999101735500,367050505591,35,bias-calibration,-4896,1440,-2240,,,
190999102790400,367051506799,36,bias-calibration,-4832,1248,-2848,,,
190999103663200,367052506716,37,bias-calibration,-4640,1600,-2400,,,
190999104658300,367053505258,38,bias-calibration,-5248,1600,-2560,,,
190999105648400,367054505091,39,bias-calibration,-4576,1216,-1760,,,
190999106733600,367055505133,40,bias-calibration,-4928,960,-2688,,,
190999107777800,367056504674,41,bias-calibration,-4736,992,-1792,,,
190999108797000,367057505966,42,bias-calibration,-4480,1376,-2144,,,
190999109680200,367058505299,43,bias-calibration,-4800,1088,-2368,,,
190999111183300,367059505216,44,bias-calibration,-4544,1280,-2368,,,
190999111750900,367060505091,45,bias-calibration,-4896,1280,-2240,,,
190999112784600,367061504674,46,bias-calibration,-4512,1472,-2560,,,
190999113650100,367062505508,47,bias-calibration,-4928,1344,-2944,,,
190999114654200,367063505174,48,bias-calibration,-4672,1536,-2400,,,
190999115664000,367064505216,49,bias-calibration,-5056,1024,-2048,,,
190999116754500,367065505383,50,bias-calibration,-4768,1408,-1792,,,
190999117656300,367066505091,51,bias-calibration,-4768,1216,-2464,,,
190999118748300,367067505383,52,bias-calibration,-5088,1152,-2176,,,
190999119660100,367068505049,53,bias-calibration,-4928,1440,-2720,,,
190999120663300,367069505091,54,bias-calibration,-4960,1344,-2304,,,
190999121780100,367070507966,55,bias-calibration,-4768,1088,-1952,,,
190999122651100,367071504966,56,bias-calibration,-4512,928,-2016,,,
190999123656500,367072505216,57,bias-calibration,-5024,1088,-2752,,,
190999124650500,367073505049,58,bias-calibration,-4928,1216,-2272,,,
190999125779600,367074505216,59,bias-calibration,-4480,960,-2560,,,
190999126654000,367075505008,60,bias-calibration,-4928,1504,-2496,,,
190999127656700,367076505049,61,bias-calibration,-4768,1376,-2560,,,
190999128804600,367077505216,62,bias-calibration,-5120,1440,-2240,,,
190999129757900,367078505133,63,bias-calibration,-4736,1056,-1664,,,
190999130721900,367079505341,64,bias-calibration,-4320,1184,-2208,,,
190999131828300,367080505174,65,bias-calibration,-4512,1184,-1984,,,
190999132766700,367081505174,66,bias-calibration,-4640,1440,-3072,,,
190999133687000,367082505258,67,bias-calibration,-4544,1024,-2176,,,
190999134762000,367083506299,68,bias-calibration,-4416,992,-2368,,,
190999135758100,367084505258,69,bias-calibration,-5568,1248,-2432,,,
190999136772900,367085505008,70,bias-calibration,-4576,960,-2720,,,
190999137751800,367086505049,71,bias-calibration,-4992,992,-2080,,,
190999138797200,367087505174,72,bias-calibration,-4256,736,-2528,,,
190999139672800,367088506466,73,bias-calibration,-4608,1344,-2016,,,
190999140659000,367089505091,74,bias-calibration,-5056,1312,-2592,,,
190999141659100,367090505133,75,bias-calibration,-4352,1472,-1952,,,
190999143338500,367091506174,76,bias-calibration,-5120,1216,-2560,,,
190999143702600,367092505133,77,bias-calibration,-4800,960,-2720,,,
190999144897800,367093505799,78,bias-calibration,-5056,1152,-2496,,,
190999145748600,367094506549,79,bias-calibration,-5280,992,-1344,,,
190999146723100,367095505049,80,bias-calibration,-5024,1184,-2080,,,
190999147747800,367096505008,81,bias-calibration,-5248,1120,-2656,,,
190999148664700,367097505216,82,bias-calibration,-4544,1568,-2560,,,
190999149655900,367098505133,83,bias-calibration,-5088,1152,-2592,,,
190999150664600,367099505341,84,bias-calibration,-4928,1568,-2432,,,
190999151745400,367100505133,85,bias-calibration,-4448,1248,-2688,,,
190999152742500,367101505008,86,bias-calibration,-5120,1376,-2816,,,
190999153909800,367102505216,87,bias-calibration,-4512,1696,-2464,,,
190999154740400,367103505716,88,bias-calibration,-4768,1280,-2368,,,
190999155705900,367104505049,89,bias-calibration,-4768,1344,-2336,,,
190999156651200,367105504966,90,bias-calibration,-5152,1376,-2240,,,
190999157655900,367106505299,91,bias-calibration,-5056,800,-2208,,,
190999158654200,367107505174,92,bias-calibration,-4800,1216,-2368,,,
190999159653400,367108505133,93,bias-calibration,-4864,1504,-1952,,,
190999160647100,367109505091,94,bias-calibration,-4640,1088,-2240,,,
190999161651500,367110505091,95,bias-calibration,-4416,1568,-1888,,,
190999162660700,367111505258,96,bias-calibration,-5056,1408,-2368,,,
190999163723800,367112505341,97,bias-calibration,-4320,1088,-2112,,,
190999164663200,367113505133,98,bias-calibration,-5184,1312,-2112,,,
190999165656600,367114505049,99,bias-calibration,-4704,1504,-2624,,,
190999166781900,367115506633,100,bias-calibration,-4736,1216,-2144,,,
190999167775300,367116505133,101,bias-calibration,-5088,1504,-2272,,,
190999168647100,367117505258,102,bias-calibration,-4928,1856,-2144,,,
190999169656000,367118505258,103,bias-calibration,-4320,1536,-2464,,,
190999170717200,367119505133,104,bias-calibration,-5376,1632,-2560,,,
190999171781200,367120506591,105,bias-calibration,-5024,1248,-2144,,,
190999172647500,367121505466,106,bias-calibration,-4608,1632,-1888,,,
190999173639600,367122505133,107,bias-calibration,-5248,1408,-2944,,,
190999174640600,367123505174,108,bias-calibration,-4704,1280,-2144,,,
190999175643500,367124505008,109,bias-calibration,-4864,1344,-2976,,,
190999176774400,367125504883,110,bias-calibration,-5312,1312,-2816,,,
190999177640500,367126505216,111,bias-calibration,-4512,1248,-2240,,,
190999178644000,367127505133,112,bias-calibration,-4512,1696,-2432,,,
190999179643300,367128505133,113,bias-calibration,-4640,1472,-2432,,,
190999180646500,367129505008,114,bias-calibration,-4640,1376,-2112,,,
190999181656400,367130506174,115,bias-calibration,-5152,1504,-2912,,,
190999182670700,367131505299,116,bias-calibration,-4768,1376,-2560,,,
190999183733200,367132505133,117,bias-calibration,-4416,864,-2400,,,
190999184698000,367133505216,118,bias-calibration,-5056,1280,-2560,,,
190999185733100,367134505008,119,bias-calibration,-4800,1312,-2656,,,
190999186673800,367135507758,120,bias-calibration,-4352,1440,-1888,,,
190999187661600,367136505341,121,bias-calibration,-5152,1440,-2176,,,
190999188648200,367137505174,122,bias-calibration,-4256,1600,-2208,,,
190999189654500,367138505258,123,bias-calibration,-4992,1792,-2656,,,
190999190776800,367139506258,124,bias-calibration,-5152,1440,-1888,,,
190999191654000,367140505174,125,bias-calibration,-5184,1504,-1408,,,
190999192776000,367141511466,126,bias-calibration,-4640,1760,-3008,,,
190999193655000,367142505174,127,bias-calibration,-4896,1152,-2176,,,
190999194647700,367143505216,128,bias-calibration,-4960,1152,-2336,,,
190999195655400,367144505008,129,bias-calibration,-5472,1632,-2592,,,
190999196776700,367145506549,130,bias-calibration,-5056,1440,-2496,,,
190999197741300,367146505383,131,bias-calibration,-5504,1376,-2112,,,
190999198747500,367147505258,132,bias-calibration,-4800,1376,-2336,,,
190999199680000,367148505049,133,bias-calibration,-5184,1568,-2432,,,
190999200661500,367149505049,134,bias-calibration,-5056,1216,-2624,,,
190999201844400,367150504924,135,bias-calibration,-4480,1280,-2208,,,
190999202681800,367151507008,136,bias-calibration,-4736,1472,-2688,,,
190999203775100,367152505174,137,bias-calibration,-4960,1504,-2912,,,
190999204757400,367153505174,138,bias-calibration,-4704,1408,-2656,,,
190999205772100,367154505133,139,bias-calibration,-4416,1152,-1696,,,
190999206747600,367155505049,140,bias-calibration,-4448,1888,-2816,,,
190999207728000,367156505216,141,bias-calibration,-4640,1056,-2272,,,
190999208881300,367157505091,142,bias-calibration,-5024,1536,-2528,,,
190999209650900,367158505174,143,bias-calibration,-4096,1152,-1568,,,
190999210644800,367159505091,144,bias-calibration,-4928,1472,-1728,,,
190999211645500,367160505091,145,bias-calibration,-4480,1120,-2400,,,
190999212651600,367161505258,146,bias-calibration,-4928,960,-2080,,,
190999213651500,367162505174,147,bias-calibration,-5312,1024,-2112,,,
190999214651200,367163506716,148,bias-calibration,-4672,1280,-2432,,,
190999215661200,367164505008,149,bias-calibration,-4032,1344,-2848,,,
190999216651500,367165505174,150,bias-calibration,-4096,1376,-2176,,,
190999217651200,367166505258,151,bias-calibration,-4544,1536,-2720,,,
190999218649300,367167505091,152,bias-calibration,-5056,1728,-3104,,,
190999219777200,367168505674,153,bias-calibration,-4800,1248,-2048,,,
190999220790300,367169507008,154,bias-calibration,-4928,1504,-2272,,,
190999221779700,367170506174,155,bias-calibration,-5440,1216,-2240,,,
190999222645900,367171505258,156,bias-calibration,-5056,1216,-1856,,,
190999223652100,367172505174,157,bias-calibration,-4416,1248,-1792,,,
190999224791900,367173505174,158,bias-calibration,-4640,1184,-2304,,,
190999225660000,367174505174,159,bias-calibration,-5056,1696,-2304,,,
190999226659300,367175507383,160,bias-calibration,-4736,1664,-1920,,,
190999227655300,367176505133,161,bias-calibration,-5024,1472,-2912,,,
190999228652300,367177505091,162,bias-calibration,-4768,2144,-2048,,,
190999229652400,367178505174,163,bias-calibration,-4672,1312,-2720,,,
190999230653800,367179505091,164,bias-calibration,-4256,960,-1792,,,
190999231653600,367180505508,165,bias-calibration,-5184,1536,-1792,,,
190999232653700,367181505758,166,bias-calibration,-5696,1344,-2144,,,
190999233653600,367182504799,167,bias-calibration,-4608,1504,-2624,,,
190999234654100,367183506341,168,bias-calibration,-4416,1152,-2208,,,
190999235956800,367184505008,169,bias-calibration,-4384,1312,-1984,,,
190999236659200,367185504966,170,bias-calibration,-4000,1536,-2016,,,
190999237653000,367186505216,171,bias-calibration,-5984,1472,-2368,,,
190999238654500,367187505549,172,bias-calibration,-4416,1376,-2848,,,
190999239654600,367188505216,173,bias-calibration,-4864,992,-1728,,,
190999240650500,367189505049,174,bias-calibration,-4864,1376,-2432,,,
190999241653900,367190505049,175,bias-calibration,-4064,1088,-1696,,,
190999242652100,367191505258,176,bias-calibration,-4672,1600,-2304,,,
190999243774400,367192505258,177,bias-calibration,-4960,1408,-1920,,,
190999244777500,367193505216,178,bias-calibration,-4864,1440,-2176,,,
190999245650700,367194506383,179,bias-calibration,-5184,1184,-3008,,,
190999246654000,367195504966,180,bias-calibration,-4896,1248,-1600,,,
190999247653200,367196505091,181,bias-calibration,-5120,1312,-2176,,,
190999248652800,367197506133,182,bias-calibration,-4512,1504,-2400,,,
190999249653400,367198505508,183,bias-calibration,-5344,1184,-2112,,,
190999250653000,367199504966,184,bias-calibration,-4832,1344,-2112,,,
190999251681100,367200505091,185,bias-calibration,-5376,2112,-2688,,,
190999252662900,367201505966,186,bias-calibration,-4384,1376,-1920,,,
190999253690100,367202504924,187,bias-calibration,-4960,1728,-2304,,,
190999254787000,367203505424,188,bias-calibration,-4992,1728,-1728,,,
190999255669600,367204505174,189,bias-calibration,-4800,1312,-2656,,,
190999256785800,367205505049,190,bias-calibration,-4640,1248,-2336,,,
190999257651800,367206505216,191,bias-calibration,-4352,1280,-2432,,,
190999258778000,367207505216,192,bias-calibration,-5344,1440,-2912,,,
190999259648900,367208505133,193,bias-calibration,-4480,1568,-2912,,,
190999260652400,367209505091,194,bias-calibration,-4960,1536,-1984,,,
190999261777100,367210506383,195,bias-calibration,-4512,1248,-2432,,,
190999262648800,367211506716,196,bias-calibration,-4928,1280,-2464,,,
190999263652200,367212505216,197,bias-calibration,-4576,1504,-1984,,,
190999264742600,367213505174,198,bias-calibration,-4416,1472,-2272,,,
190999265762300,367214504966,199,bias-calibration,-4448,1312,-2464,,,
190999266723200,367215504924,200,bias-calibration,-5248,1568,-1920,,,
190999267736200,367216506633,201,bias-calibration,-4608,1568,-2624,,,
190999268767400,367217505091,202,bias-calibration,-4448,960,-2080,,,
190999269736800,367218505174,203,bias-calibration,-5312,1632,-3200,,,
190999270758900,367219505008,204,bias-calibration,-4832,1024,-1920,,,
190999271736500,367220505049,205,bias-calibration,-4864,1408,-2400,,,
190999272783400,367221505174,206,bias-calibration,-5088,1600,-1984,,,
190999273777700,367222505258,207,bias-calibration,-4704,1472,-2432,,,
190999274648200,367223505174,208,bias-calibration,-4928,1632,-2272,,,
190999275651500,367224505008,209,bias-calibration,-4704,1248,-2368,,,
190999276652900,367225505299,210,bias-calibration,-4832,1280,-1952,,,
190999277650400,367226505216,211,bias-calibration,-4192,960,-1792,,,
190999278651300,367227505174,212,bias-calibration,-4800,1120,-2528,,,
190999279652400,367228509424,213,bias-calibration,-4864,1696,-2624,,,
190999280651400,367229507716,214,bias-calibration,-4672,1376,-2016,,,
190999281651600,367230505091,215,bias-calibration,-4736,1312,-1536,,,
190999282651400,367231505174,216,bias-calibration,-4352,1152,-2240,,,
190999283786500,367232505258,217,bias-calibration,-5760,1376,-3072,,,
190999284966700,367233505258,218,bias-calibration,-4384,1600,-1728,,,
190999285823200,367234505008,219,bias-calibration,-4928,928,-2176,,,
190999286841500,367235505008,220,bias-calibration,-5248,1600,-2528,,,
190999287826700,367236505174,221,bias-calibration,-5120,1344,-2304,,,
190999288951600,367237505216,222,bias-calibration,-4288,1152,-1408,,,
190999289815900,367238505091,223,bias-calibration,-4672,1152,-2272,,,
190999290844900,367239505924,224,bias-calibration,-4896,1376,-2432,,,
190999291962700,367240510341,225,bias-calibration,-4640,1376,-2368,,,
190999292752100,367241506716,226,bias-calibration,-4896,1440,-2464,,,
190999293769000,367242505300,227,bias-calibration,-4576,1024,-2080,,,
190999294763900,367243505091,228,bias-calibration,-5248,1184,-2112,,,
190999295905100,367244505050,229,bias-calibration,-4288,1952,-2496,,,
190999296726800,367245505300,230,bias-calibration,-4320,1440,-1888,,,
190999297772100,367246505133,231,bias-calibration,-5088,1472,-3136,,,
190999298759600,367247505175,232,bias-calibration,-4864,1568,-2048,,,
190999299729900,367248505008,233,bias-calibration,-4832,1376,-2080,,,
190999300800400,367249506716,234,bias-calibration,-5024,1152,-2592,,,
190999301727400,367250505425,235,bias-calibration,-4224,1120,-2080,,,
190999302897900,367251505383,236,bias-calibration,-4480,832,-2048,,,
190999303742300,367252505133,237,bias-calibration,-5056,1184,-2176,,,
190999304852100,367253505008,238,bias-calibration,-4544,1440,-2400,,,
190999305752500,367254505050,239,bias-calibration,-4992,1536,-2208,,,
190999306750500,367255505216,240,bias-calibration,-4768,1536,-2208,,,
190999307779000,367256505216,241,bias-calibration,-5248,1760,-2560,,,
190999308853000,367257505091,242,bias-calibration,-4512,1312,-2624,,,
190999309724600,367258505008,243,bias-calibration,-4544,1312,-2080,,,
190999310777100,367259505341,244,bias-calibration,-4096,1120,-2304,,,
190999311651400,367260505341,245,bias-calibration,-5088,1312,-2624,,,
190999312653700,367261505216,246,bias-calibration,-4512,1600,-2176,,,
190999313650500,367262505091,247,bias-calibration,-4512,1504,-1760,,,
190999314649900,367263506425,248,bias-calibration,-5024,1376,-1984,,,
190999315653800,367264504758,249,bias-calibration,-4416,1536,-1984,,,
190999316644300,367265505008,250,bias-calibration,-4704,1408,-2176,,,
190999317654200,367266505008,251,bias-calibration,-4992,1600,-1920,,,
190999318653000,367267505133,252,bias-calibration,-5024,1504,-2976,,,
190999319653300,367268505008,253,bias-calibration,-5120,1728,-2400,,,
190999320778800,367269504883,254,bias-calibration,-4352,1280,-2304,,,
190999321649900,367270506716,255,bias-calibration,-4896,1248,-2336,,,
190999322653300,367271505133,0,bias-calibration,-4672,1344,-2304,,,
190999323652900,367272505133,1,bias-calibration,-4800,1408,-2208,,,
190999324654900,367273504966,2,bias-calibration,-4928,1312,-2144,,,
190999325654700,367274504925,3,bias-calibration,-4960,1600,-2656,,,
190999326652200,367275506216,4,bias-calibration,-4928,1312,-2496,,,
190999327651900,367276505050,5,bias-calibration,-5056,1472,-2368,,,
190999328652100,367277505258,6,bias-calibration,-4544,1056,-2080,,,
190999329653700,367278505091,7,bias-calibration,-4576,1088,-1984,,,
190999330640100,367279505008,8,bias-calibration,-5184,1280,-2816,,,
190999331661700,367280505300,9,bias-calibration,-4448,960,-1696,,,
190999332652100,367281505091,10,bias-calibration,-5024,1248,-2592,,,
190999333649300,367282505258,11,bias-calibration,-5088,1120,-2752,,,
190999334651600,367283505008,12,bias-calibration,-4608,1664,-2624,,,
190999335653000,367284505133,13,bias-calibration,-5120,1376,-1888,,,
190999336649600,367285505216,14,bias-calibration,-4928,1216,-2560,,,
190999337775100,367286505175,15,bias-calibration,-5120,992,-2368,,,
190999338653000,367287505133,16,bias-calibration,-5088,992,-1952,,,
190999339655700,367288505008,17,bias-calibration,-4864,1472,-2816,,,
190999340654700,367289505008,18,bias-calibration,-5088,1600,-3072,,,
190999341650600,367290505258,19,bias-calibration,-4288,1280,-1856,,,
190999342650400,367291507716,20,bias-calibration,-4768,1344,-2144,,,
190999343652500,367292505800,21,bias-calibration,-4672,1472,-2112,,,
190999344650300,367293507758,22,bias-calibration,-4192,1120,-2112,,,
190999345779200,367294505008,23,bias-calibration,-5312,1696,-2560,,,
190999346687300,367295505216,24,bias-calibration,-4480,1408,-2464,,,
190999347656800,367296505341,25,bias-calibration,-4864,1344,-1632,,,
190999348652100,367297505216,26,bias-calibration,-4896,1504,-2304,,,
190999349777000,367298505050,27,bias-calibration,-4672,1760,-2784,,,
190999350777500,367299505008,28,bias-calibration,-4864,960,-1888,,,
190999351645000,367300505216,29,bias-calibration,-4832,1536,-2688,,,
190999352774600,367301507383,30,bias-calibration,-4448,1440,-2464,,,
190999353646100,367302505091,31,bias-calibration,-4704,1120,-2432,,,
190999354649000,367303505008,32,bias-calibration,-5024,1408,-2336,,,
190999355649400,367304505008,33,bias-calibration,-5024,1312,-2240,,,
190999356649600,367305505133,34,bias-calibration,-4576,1344,-2304,,,
190999357649300,367306505175,35,bias-calibration,-4288,1440,-2336,,,
190999358649400,367307505050,36,bias-calibration,-4736,1408,-2560,,,
190999359649500,367308505008,37,bias-calibration,-4736,928,-2080,,,
190999360649400,367309504925,38,bias-calibration,-5024,1472,-2336,,,
190999361771400,367310505966,39,bias-calibration,-4608,1312,-2464,,,
190999362669900,367311505091,40,bias-calibration,-5088,1408,-1920,,,
190999363652500,367312504966,41,bias-calibration,-5120,1312,-2144,,,
190999364654000,367313506216,42,bias-calibration,-4640,1120,-2176,,,
190999365652200,367314505050,43,bias-calibration,-4224,992,-2144,,,
190999366651900,367315505675,44,bias-calibration,-4992,1088,-2272,,,
190999367650100,367316506716,45,bias-calibration,-4800,1280,-2368,,,
190999368653600,367317505091,46,bias-calibration,-5088,1440,-1952,,,
190999369650800,367318505050,47,bias-calibration,-4416,768,-1856,,,
190999370651900,367319505258,48,bias-calibration,-4864,1600,-2496,,,
190999371777100,367320505133,49,bias-calibration,-4768,1472,-2848,,,
190999372646200,367321505966,50,bias-calibration,-4768,1120,-2560,,,
190999373651700,367322505050,51,bias-calibration,-4704,1056,-2016,,,
190999374651200,367323505175,52,bias-calibration,-4992,1248,-2400,,,
190999375649800,367324504966,53,bias-calibration,-4864,1376,-3040,,,
190999376654300,367325505008,54,bias-calibration,-4448,1504,-2464,,,
190999377649400,367326505091,55,bias-calibration,-5088,992,-2560,,,
190999378746000,367327505300,56,bias-calibration,-4320,1024,-2080,,,
190999379660500,367328507675,57,bias-calibration,-4576,1120,-2592,,,
190999380680400,367329504966,58,bias-calibration,-4960,1568,-2144,,,
190999381669600,367330506675,59,bias-calibration,-4672,1536,-2432,,,
190999382659000,367331505175,60,bias-calibration,-4928,1184,-2432,,,
190999383659200,367332505716,61,bias-calibration,-4384,1184,-2304,,,
190999384730300,367333505008,62,bias-calibration,-4800,1248,-2048,,,
190999385743500,367334505258,63,bias-calibration,-5088,1376,-2176,,,
190999386666400,367335505216,64,bias-calibration,-5504,1376,-2656,,,
190999387672100,367336505133,65,bias-calibration,-4576,960,-2752,,,
190999388676300,367337505050,66,bias-calibration,-4896,960,-2208,,,
190999389677100,367338505341,67,bias-calibration,-4544,1376,-2048,,,
190999390671100,367339504925,68,bias-calibration,-4512,1248,-2336,,,
190999391799900,367340506591,69,bias-calibration,-4224,1568,-2080,,,
190999392664900,367341505133,70,bias-calibration,-4352,1120,-1824,,,
190999393659100,367342505050,71,bias-calibration,-4160,1024,-2208,,,
190999394662600,367343505216,72,bias-calibration,-4832,1536,-2272,,,
190999395659900,367344504883,73,bias-calibration,-4608,1408,-1760,,,
190999396794700,367345506258,74,bias-calibration,-5248,1600,-2688,,,
190999397685300,367346505216,75,bias-calibration,-4640,1312,-2560,,,
190999398671100,367347505050,76,bias-calibration,-4864,1408,-2144,,,
190999399665500,367348505008,77,bias-calibration,-4992,1568,-2368,,,
190999400654300,367349505175,78,bias-calibration,-5024,1504,-2528,,,
190999401652800,367350505216,79,bias-calibration,-5024,1312,-2080,,,
190999402646900,367351505175,80,bias-calibration,-4384,1056,-1920,,,
190999403657700,367352505091,81,bias-calibration,-5536,1440,-2656,,,
190999404672300,367353505008,82,bias-calibration,-4704,1152,-2464,,,
190999405671800,367354505133,83,bias-calibration,-5280,1344,-2848,,,
190999406673800,367355505091,84,bias-calibration,-4832,1344,-1920,,,
190999407656800,367356505133,85,bias-calibration,-5632,1440,-1568,,,
190999408652900,367357504966,86,bias-calibration,-5088,1152,-1984,,,
190999409667600,367358504966,87,bias-calibration,-4928,1664,-2592,,,
190999410650900,367359504841,88,bias-calibration,-5024,1664,-2368,,,
190999411649300,367360507633,89,bias-calibration,-4544,992,-1984,,,
190999412658900,367361506508,90,bias-calibration,-4192,1536,-2496,,,
190999413653900,367362505925,91,bias-calibration,-5088,1568,-2240,,,
190999414654200,367363505050,92,bias-calibration,-4832,992,-2016,,,
190999415651400,367364505258,93,bias-calibration,-4832,1664,-2016,,,
190999416778600,367365505800,94,bias-calibration,-4672,1248,-2080,,,
190999417645700,367366505258,95,bias-calibration,-4992,1568,-2720,,,
190999418653200,367367505050,96,bias-calibration,-4320,1216,-2464,,,
190999419681800,367368505008,97,bias-calibration,-5248,1312,-2272,,,
190999420659600,367369505800,98,bias-calibration,-4928,1184,-2176,,,
190999421657600,367370506425,99,bias-calibration,-4544,992,-2304,,,
190999422651100,367371505883,100,bias-calibration,-4640,1120,-2368,,,
190999423661200,367372505008,101,bias-calibration,-4960,1600,-2752,,,
190999424674100,367373505050,102,bias-calibration,-4544,1152,-2560,,,
190999425681800,367374505216,103,bias-calibration,-4960,1312,-1888,,,
190999426691400,367375508300,104,bias-calibration,-5088,1024,-2272,,,
190999427653300,367376505133,105,bias-calibration,-5120,1248,-2528,,,
190999428653600,367377505008,106,bias-calibration,-4416,896,-1888,,,
190999429653500,367378505008,107,bias-calibration,-4416,1344,-1984,,,
190999430652200,367379505133,108,bias-calibration,-4896,1440,-1792,,,
190999431652500,367380505300,109,bias-calibration,-4896,1504,-1920,,,
190999432776500,367381505133,110,bias-calibration,-4864,1344,-2176,,,
190999433646400,367382504966,111,bias-calibration,-5056,1088,-2208,,,
190999434652400,367383505050,112,bias-calibration,-5152,1056,-1984,,,
190999435652200,367384505175,113,bias-calibration,-4512,1664,-2368,,,
190999436646800,367385505008,114,bias-calibration,-5088,1760,-2592,,,
190999437651100,367386505008,115,bias-calibration,-4832,1536,-2272,,,
190999438654000,367387505050,116,bias-calibration,-4896,1600,-2528,,,
190999439649800,367388505050,117,bias-calibration,-5024,1696,-2656,,,
190999440650100,367389505258,118,bias-calibration,-4672,1152,-2176,,,
190999441662500,367390505175,119,bias-calibration,-5024,1344,-2496,,,
190999442658500,367391505008,120,bias-calibration,-4736,992,-2048,,,
190999443654200,367392505258,121,bias-calibration,-5120,1120,-2272,,,
190999444655000,367393505300,122,bias-calibration,-4992,1600,-2304,,,
190999445653800,367394505216,123,bias-calibration,-4704,1088,-1984,,,
190999446654100,367395506216,124,bias-calibration,-4800,1152,-2592,,,
190999447653900,367396505091,125,bias-calibration,-4864,1504,-2080,,,
190999448779000,367397505008,126,bias-calibration,-5120,1504,-2496,,,
190999449778800,367398505008,127,bias-calibration,-4832,1824,-2528,,,
190999450648000,367399506633,128,bias-calibration,-4736,1504,-2976,,,
190999451653600,367400505966,129,bias-calibration,-4768,1504,-2848,,,
190999452647900,367401504966,130,bias-calibration,-4544,1152,-2176,,,
190999453646000,367402504966,131,bias-calibration,-4992,1696,-2976,,,
190999454659700,367403505050,132,bias-calibration,-4736,1120,-2048,,,
190999455655300,367404505091,133,bias-calibration,-4512,1312,-1984,,,
190999456660000,367405506591,134,bias-calibration,-5600,1408,-2880,,,
190999457649900,367406505008,135,bias-calibration,-4352,1504,-2560,,,
190999458641400,367407505091,136,bias-calibration,-5216,1184,-1920,,,
190999459641300,367408505008,137,bias-calibration,-5024,864,-1952,,,
190999460642100,367409505133,138,bias-calibration,-4576,1152,-2112,,,
190999461655300,367410505216,139,bias-calibration,-4736,1376,-2912,,,
190999462655600,367411505008,140,bias-calibration,-4608,1472,-1984,,,
190999463652500,367412505133,141,bias-calibration,-4832,960,-1344,,,
190999464779400,367413504966,142,bias-calibration,-5056,960,-2752,,,
190999465647300,367414505133,143,bias-calibration,-4352,1344,-2624,,,
190999466654300,367415506216,144,bias-calibration,-5024,1408,-1920,,,
190999467653900,367416505050,145,bias-calibration,-5088,1184,-2016,,,
190999468651800,367417506508,146,bias-calibration,-4448,1504,-2048,,,
190999469763000,367418504925,147,bias-calibration,-4480,1504,-1792,,,
190999470647000,367419505216,148,bias-calibration,-4832,1472,-3008,,,
190999471650100,367420505300,149,bias-calibration,-5152,1280,-2144,,,
190999472647400,367421505008,150,bias-calibration,-4800,1760,-2912,,,
190999473652100,367422505091,151,bias-calibration,-4928,1664,-2176,,,
190999474657200,367423505008,152,bias-calibration,-5344,1664,-2176,,,
190999475655900,367424508508,153,bias-calibration,-4800,1472,-2240,,,
190999476652300,367425506008,154,bias-calibration,-4640,1600,-2752,,,
190999477654200,367426505091,155,bias-calibration,-4224,1120,-1728,,,
190999478654100,367427505050,156,bias-calibration,-4064,1536,-2080,,,
190999479653900,367428505550,157,bias-calibration,-4448,1504,-2880,,,
190999480919900,367429504758,158,bias-calibration,-4672,1440,-2240,,,
190999482256500,367430505091,159,bias-calibration,-4800,1216,-2528,,,
190999482650600,367431504966,160,bias-calibration,-4512,992,-1760,,,
190999483654400,367432505091,161,bias-calibration,-4256,1664,-2208,,,
190999484653900,367433504966,162,bias-calibration,-4480,1312,-2144,,,
190999485654200,367434506300,163,bias-calibration,-5152,1216,-2688,,,
190999486646100,367435505175,164,bias-calibration,-4832,1312,-1952,,,
190999487652600,367436505008,165,bias-calibration,-4544,1440,-2272,,,
190999488645300,367437504966,166,bias-calibration,-4128,1056,-1984,,,
190999489762000,367438504925,167,bias-calibration,-5216,1632,-2528,,,
190999490651400,367439505425,168,bias-calibration,-4832,1152,-2624,,,
190999491648800,367440505258,169,bias-calibration,-5024,1280,-2144,,,
190999492654500,367441505258,170,bias-calibration,-4992,1728,-2784,,,
190999493654200,367442505050,171,bias-calibration,-4640,1408,-2368,,,
190999494654500,367443504966,172,bias-calibration,-4928,1760,-2816,,,
190999495654300,367444505258,173,bias-calibration,-4960,1184,-3104,,,
190999496652100,367445505216,174,bias-calibration,-5024,1696,-1408,,,
190999497654400,367446504966,175,bias-calibration,-4448,1376,-2464,,,
190999498652300,367447505050,176,bias-calibration,-4608,1088,-2816,,,
190999499654300,367448504883,177,bias-calibration,-4992,1536,-1568,,,
190999500654200,367449505133,178,bias-calibration,-4352,1184,-1760,,,
190999501654300,367450515383,179,bias-calibration,-5152,1568,-2112,,,
190999503121600,367451505050,180,bias-calibration,-5024,1568,-2560,,,
190999503648800,367452509966,181,bias-calibration,-4768,1376,-2176,,,
190999504662900,367453505216,182,bias-calibration,-5216,1152,-2656,,,
190999505656600,367454505133,183,bias-calibration,-4864,1696,-1952,,,
190999506647900,367455505133,184,bias-calibration,-4928,1088,-2304,,,
190999507771500,367456507175,185,bias-calibration,-3968,1280,-2016,,,
190999508779100,367457510216,186,bias-calibration,-4480,1248,-2528,,,
190999509774000,367458507675,187,bias-calibration,-4992,1504,-1888,,,
190999511753600,367459509091,188,bias-calibration,-4864,1024,-1888,,,
190999511768200,367460510966,189,bias-calibration,-4704,1312,-1984,,,
190999512767500,367461514966,190,bias-calibration,-5504,1664,-2592,,,
190999513765100,367462514966,191,bias-calibration,-4832,1728,-2048,,,
190999514767300,367463512883,192,bias-calibration,-4864,1600,-2912,,,
190999515766500,367464509758,193,bias-calibration,-4704,1536,-2176,,,
190999516766000,367465505050,194,bias-calibration,-4960,1472,-2560,,,
190999517788100,367466511675,195,bias-calibration,-4992,1344,-2400,,,
190999518780400,367467510050,196,bias-calibration,-4640,1216,-2208,,,
190999519775500,367468513466,197,bias-calibration,-4736,1344,-2400,,,
190999520779000,367469510925,198,bias-calibration,-4672,1312,-2528,,,
190999521778700,367470510966,199,bias-calibration,-4864,1440,-2432,,,
190999522779500,367471511841,200,bias-calibration,-5088,1536,-2816,,,
190999523779300,367472509675,201,bias-calibration,-4800,1472,-2528,,,
190999524777700,367473513841,202,bias-calibration,-4960,1280,-2560,,,
190999525778000,367474508883,203,bias-calibration,-4576,1664,-2528,,,
190999526780600,367475510508,204,bias-calibration,-5216,1504,-2272,,,
190999527782600,367476510425,205,bias-calibration,-4736,1312,-1664,,,
190999528780500,367477511300,206,bias-calibration,-4832,1472,-2528,,,
190999529782500,367478509758,207,bias-calibration,-5056,1792,-2304,,,
190999530782900,367479506925,208,bias-calibration,-5216,1280,-2400,,,
190999531782800,367480510591,209,bias-calibration,-5056,1088,-2624,,,
190999532782400,367481509216,210,bias-calibration,-4704,928,-2720,,,
190999533780700,367482508258,211,bias-calibration,-4096,1024,-2080,,,
190999534780600,367483507841,212,bias-calibration,-5024,1792,-2592,,,
190999535782400,367484506633,213,bias-calibration,-4736,1408,-2496,,,
190999536780000,367485509300,214,bias-calibration,-4288,1056,-2080,,,
190999537786400,367486510383,215,bias-calibration,-4736,1536,-1984,,,
190999538772300,367487507091,216,bias-calibration,-5056,928,-2848,,,
190999539791300,367488509008,217,bias-calibration,-4352,992,-1952,,,
190999540779400,367489507466,218,bias-calibration,-4544,1440,-2432,,,
190999541779900,367490509216,219,bias-calibration,-4832,2112,-2688,,,
190999542777800,367491508466,220,bias-calibration,-5280,1376,-2368,,,
190999543779300,367492509466,221,bias-calibration,-4608,1312,-2240,,,
190999544778100,367493508175,222,bias-calibration,-4512,1280,-2144,,,
190999546215000,367494511966,223,bias-calibration,-5056,1280,-2016,,,
190999546773600,367495508383,224,bias-calibration,-5056,1696,-2400,,,
190999547775500,367496507383,225,bias-calibration,-4864,1376,-2080,,,
190999548779200,367497511800,226,bias-calibration,-4832,1280,-2176,,,
190999549779900,367498511966,227,bias-calibration,-4928,1344,-2848,,,
190999550779200,367499512716,228,bias-calibration,-4448,1536,-2080,,,
190999551779000,367500515508,229,bias-calibration,-4352,1792,-2400,,,
190999552882600,367501513841,230,bias-calibration,-4960,1088,-2304,,,
190999553838600,367502505591,231,bias-calibration,-4992,1216,-2112,,,
190999554893000,367503509425,232,bias-calibration,-5056,1408,-2240,,,
190999555876000,367504510216,233,bias-calibration,-4448,1312,-1600,,,
190999556847600,367505508925,234,bias-calibration,-4768,1440,-2080,,,
190999557878000,367506509216,235,bias-calibration,-4352,1376,-2112,,,
190999558876900,367507513300,236,bias-calibration,-4928,1504,-2176,,,
190999559898700,367508510425,237,bias-calibration,-4480,1664,-2496,,,
190999560848800,367509510216,238,bias-calibration,-5120,1216,-2144,,,
190999561859200,367510507925,239,bias-calibration,-4864,928,-2688,,,
190999562870600,367511511383,240,bias-calibration,-4992,1312,-2304,,,
190999563892700,367512509966,241,bias-calibration,-4928,1152,-2368,,,
190999564872900,367513511466,242,bias-calibration,-5280,1664,-2848,,,
190999565842600,367514506008,243,bias-calibration,-4160,1600,-2336,,,
190999566715800,367515506758,244,bias-calibration,-5440,1536,-2752,,,
190999567859600,367516506550,245,bias-calibration,-4192,1280,-1984,,,
190999568647500,367517504841,246,bias-calibration,-5056,1856,-2304,,,
190999569755800,367518506091,247,bias-calibration,-4640,1312,-2080,,,
190999570728600,367519505175,248,bias-calibration,-4928,2112,-2432,,,
190999571731700,367520505091,249,bias-calibration,-4576,1664,-1920,,,
190999572752900,367521505050,250,bias-calibration,-4384,1824,-2112,,,
190999573742300,367522504966,251,bias-calibration,-5120,1632,-2304,,,
190999574744500,367523505300,252,bias-calibration,-4992,1312,-2144,,,
190999575719200,367524505175,253,bias-calibration,-4800,1248,-2496,,,
190999576751100,367525505008,254,bias-calibration,-4832,1248,-1920,,,
190999577649900,367526505008,255,bias-calibration,-4736,1728,-2624,,,
190999578652500,367527504966,0,bias-calibration,-4448,1120,-1792,,,
190999579652100,367528507341,1,bias-calibration,-4480,1312,-2400,,,
190999580777000,367529505133,2,bias-calibration,-4832,1440,-2112,,,
190999581645200,367530508425,3,bias-calibration,-4928,1344,-2400,,,
190999582650000,367531506466,4,bias-calibration,-4160,1344,-2176,,,
190999583649900,367532505966,5,bias-calibration,-3936,1344,-1920,,,
190999584655200,367533506550,6,bias-calibration,-5152,1120,-2880,,,
190999585654300,367534505091,7,bias-calibration,-4352,928,-1792,,,
190999586654600,367535504966,8,bias-calibration,-4704,1184,-2560,,,
190999587652300,367536504966,9,bias-calibration,-4512,1216,-2432,,,
190999588652500,367537504966,10,bias-calibration,-5056,1376,-1952,,,
190999589650400,367538505425,11,bias-calibration,-4576,1152,-1696,,,
190999590652300,367539506425,12,bias-calibration,-4992,1408,-2336,,,
190999591650400,367540505050,13,bias-calibration,-4512,1184,-1728,,,
190999592652300,367541505050,14,bias-calibration,-4608,1280,-2848,,,
190999593652500,367542504883,15,bias-calibration,-4832,640,-2208,,,
190999594652600,367543504883,16,bias-calibration,-4640,1632,-2112,,,
190999595652200,367544505716,17,bias-calibration,-4384,1344,-2432,,,
190999596652400,367545504966,18,bias-calibration,-4832,1344,-2432,,,
190999597652400,367546504966,19,bias-calibration,-4960,1024,-1920,,,
190999598650500,367547504925,20,bias-calibration,-5024,1216,-1856,,,
190999599652300,367548505133,21,bias-calibration,-4576,1248,-1920,,,
190999600646900,367549505133,22,bias-calibration,-5696,1664,-2464,,,
190999601779900,367550505091,23,bias-calibration,-4800,1408,-2208,,,
190999602779000,367551506383,24,bias-calibration,-4320,1504,-2464,,,
190999603645700,367552504883,25,bias-calibration,-4544,1664,-2656,,,
190999604652200,367553505258,26,bias-calibration,-4576,1120,-1728,,,
190999605652000,367554505133,27,bias-calibration,-4576,1248,-2848,,,
190999606652200,367555506300,28,bias-calibration,-4896,1344,-2912,,,
190999607652200,367556505050,29,bias-calibration,-4960,1088,-2368,,,
190999608652000,367557504966,30,bias-calibration,-4800,1600,-2848,,,
190999609651100,367558505133,31,bias-calibration,-4992,1440,-2976,,,
190999610709900,367559505091,32,bias-calibration,-4512,1216,-2208,,,
190999611648000,367560506175,33,bias-calibration,-4608,1184,-2016,,,
190999612646100,367561505008,34,bias-calibration,-4768,1504,-2656,,,
190999613652000,367562505008,35,bias-calibration,-4224,1344,-2080,,,
190999614652000,367563505133,36,bias-calibration,-4960,1120,-2624,,,
190999615652000,367564505091,37,bias-calibration,-5088,1536,-2208,,,
190999616654800,367565504550,38,bias-calibration,-4480,1568,-2720,,,
190999617646400,367566505008,39,bias-calibration,-4672,928,-2176,,,
190999618653000,367567504841,40,bias-calibration,-4864,1184,-2624,,,
190999619652300,367568506550,41,bias-calibration,-4416,1088,-1568,,,
190999620651200,367569505008,42,bias-calibration,-4992,960,-2464,,,
190999621652000,367570509050,43,bias-calibration,-4736,1344,-2176,,,
190999622652000,367571505008,44,bias-calibration,-4992,1728,-2880,,,
190999623664300,367572504925,45,bias-calibration,-4192,1120,-1600,,,
190999624652300,367573505133,46,bias-calibration,-4800,1248,-2624,,,
190999625652100,367574505133,47,bias-calibration,-4832,1216,-2368,,,
190999626650400,367575506508,48,bias-calibration,-4480,1248,-1888,,,
190999627650100,367576505050,49,bias-calibration,-4640,1440,-2496,,,
190999628652100,367577505050,50,bias-calibration,-4896,1472,-2368,,,
190999629701200,367578505175,51,bias-calibration,-4864,1248,-2112,,,
190999630653800,367579505133,52,bias-calibration,-5248,1408,-2048,,,
190999631649400,367580505508,53,bias-calibration,-4608,1248,-2336,,,
190999632650300,367581504925,54,bias-calibration,-5472,1312,-2720,,,
190999633648700,367582505091,55,bias-calibration,-4928,1632,-1824,,,
190999634733000,367583505050,56,bias-calibration,-4416,1376,-2528,,,
190999635654600,367584505091,57,bias-calibration,-5088,1504,-2496,,,
190999636645700,367585505091,58,bias-calibration,-4832,1504,-1728,,,
190999637643400,367586505133,59,bias-calibration,-4768,1248,-2368,,,
190999638643400,367587508133,60,bias-calibration,-4288,1184,-1536,,,
190999639643700,367588505216,61,bias-calibration,-5056,1792,-2272,,,
190999640646300,367589505091,62,bias-calibration,-4864,1216,-2176,,,
190999641649000,367590505050,63,bias-calibration,-4512,1312,-1536,,,
190999642653400,367591505008,64,bias-calibration,-4544,1632,-2592,,,
190999643770000,367592505258,65,bias-calibration,-5024,1280,-2496,,,
190999644652900,367593505133,66,bias-calibration,-5248,800,-2528,,,
190999645653000,367594505008,67,bias-calibration,-4192,992,-1792,,,
190999646652700,367595505008,68,bias-calibration,-4448,1344,-2336,,,
190999647651600,367596505008,69,bias-calibration,-4704,1024,-1696,,,
190999648775900,367597505883,70,bias-calibration,-5472,1440,-2784,,,
190999649648400,367598506550,71,bias-calibration,-4896,1632,-1920,,,
190999650647500,367599505050,72,bias-calibration,-5056,1088,-2272,,,
190999651651200,367600505008,73,bias-calibration,-4288,1440,-2112,,,
190999652656300,367601504966,74,bias-calibration,-5216,1888,-2144,,,
190999653648600,367602505466,75,bias-calibration,-4928,1344,-2496,,,
190999654644800,367603505091,76,bias-calibration,-4704,1248,-1984,,,
190999655657800,367604504966,77,bias-calibration,-4512,1280,-2496,,,
190999656655000,367605505133,78,bias-calibration,-4896,1632,-2240,,,
190999657644300,367606504883,79,bias-calibration,-4448,1600,-2528,,,
190999658653500,367607505133,80,bias-calibration,-4992,1024,-2720,,,
190999659645900,367608505133,81,bias-calibration,-4736,1376,-1952,,,
190999660645500,367609505091,82,bias-calibration,-4800,1376,-2368,,,
190999661645500,367610506550,83,bias-calibration,-4832,1248,-2944,,,
190999662645900,367611506300,84,bias-calibration,-4320,1664,-2080,,,
190999663658100,367612505133,85,bias-calibration,-4416,1344,-2112,,,
190999664648700,367613505133,86,bias-calibration,-5248,1376,-3232,,,
190999665646400,367614505008,87,bias-calibration,-4416,1568,-2144,,,
190999666769500,367615506091,88,bias-calibration,-5024,736,-2080,,,
190999667920500,367616506383,89,bias-calibration,-4960,1024,-2208,,,
190999668650300,367617505466,90,bias-calibration,-4672,1024,-1984,,,
190999669653300,367618505133,91,bias-calibration,-4800,1344,-2592,,,
190999670651800,367619504925,92,bias-calibration,-4576,1536,-2272,,,
190999671652000,367620505091,93,bias-calibration,-4128,1184,-2176,,,
190999672643500,367621505008,94,bias-calibration,-5216,1184,-2016,,,
190999673651700,367622508091,95,bias-calibration,-4736,768,-1632,,,
190999674643300,367623505133,96,bias-calibration,-5376,1440,-2144,,,
190999675651400,367624505175,97,bias-calibration,-4736,960,-1536,,,
190999676651400,367625505050,98,bias-calibration,-5280,1568,-2656,,,
190999677649500,367626505841,99,bias-calibration,-5120,1280,-2112,,,
190999678651200,367627505883,100,bias-calibration,-5280,1312,-2304,,,
190999679662900,367628505175,101,bias-calibration,-5376,1504,-2304,,,
190999680670200,367629505550,102,bias-calibration,-4544,1408,-2656,,,
190999681670900,367630505091,103,bias-calibration,-4800,992,-2432,,,
190999682684000,367631504883,104,bias-calibration,-4992,1568,-1984,,,
190999683662600,367632505258,105,bias-calibration,-5024,1632,-2976,,,
190999684655300,367633505258,106,bias-calibration,-4672,1504,-2048,,,
190999685652500,367634506466,107,bias-calibration,-5024,1088,-2272,,,
190999687040600,367635504966,108,bias-calibration,-4352,1568,-2272,,,
190999687645200,367636504966,109,bias-calibration,-5088,1600,-2592,,,
190999688654200,367637505133,110,bias-calibration,-4512,1088,-2336,,,
190999689652000,367638505133,111,bias-calibration,-4544,896,-2176,,,
190999690650000,367639505050,112,bias-calibration,-4864,1792,-2688,,,
190999691651700,367640505008,113,bias-calibration,-4608,1088,-1984,,,
190999692651900,367641504841,114,bias-calibration,-4608,1088,-1856,,,
190999693651600,367642505175,115,bias-calibration,-5184,1344,-2816,,,
190999694652000,367643505050,116,bias-calibration,-4960,1632,-2208,,,
190999695671900,367644504800,117,bias-calibration,-4480,1472,-2048,,,
190999696654000,367645505133,118,bias-calibration,-4896,1536,-3200,,,
190999697651800,367646504925,119,bias-calibration,-4096,1536,-2176,,,
190999698651800,367647505133,120,bias-calibration,-4320,1632,-1984,,,
190999699652800,367648505050,121,bias-calibration,-4608,1600,-2048,,,
190999700652400,367649505133,122,bias-calibration,-4800,1408,-2304,,,
190999701652500,367650504925,123,bias-calibration,-4672,1664,-2048,,,
190999702652800,367651504883,124,bias-calibration,-4768,1184,-2080,,,
190999703650800,367652505258,125,bias-calibration,-4384,736,-2816,,,
190999704652500,367653505091,126,bias-calibration,-5056,1984,-2720,,,
190999705652400,367654505133,127,bias-calibration,-4128,2048,-2176,,,
190999706652400,367655504800,128,bias-calibration,-4416,1376,-2176,,,
190999707652300,367656504800,129,bias-calibration,-4992,1376,-2144,,,
190999708650800,367657505300,130,bias-calibration,-4128,1088,-2112,,,
190999709651300,367658505133,131,bias-calibration,-4608,1376,-2816,,,
190999710652200,367659506050,132,bias-calibration,-5376,1088,-2048,,,
190999711656000,367660505050,133,countdown,-4640,1888,-3200,148.108,532.396,-876.563
190999712653100,367661506675,134,countdown,-4608,1184,-2688,180.108,-171.604,-364.563
190999713636800,367662505133,135,countdown,-4832,1472,-2688,-43.8921,116.396,-364.563
190999714656300,367663505300,136,countdown,-4928,1440,-2656,-139.892,84.3956,-332.563
190999715654700,367664504966,137,countdown,-4128,1728,-2880,660.108,372.396,-556.563
190999716653900,367665504466,138,countdown,-5184,1248,-2208,-395.892,-107.604,115.437
190999717652600,367666504800,139,countdown,-4608,1408,-2592,180.108,52.3956,-268.563
190999718652400,367667505216,140,countdown,-5248,1376,-2944,-459.892,20.3956,-620.563
190999719661000,367668505091,141,countdown,-4576,1408,-2560,212.108,52.3956,-236.563
190999720793900,367669505050,142,countdown,-4448,1344,-2080,340.108,-11.6044,243.437
190999721657200,367670504925,143,countdown,-4544,1184,-2272,244.108,-171.604,51.4366
190999722654700,367671504966,144,countdown,-4576,1408,-2560,212.108,52.3956,-236.563
190999723653300,367672505216,145,countdown,-4992,1536,-2272,-203.892,180.396,51.4366
190999724652400,367673505050,146,countdown,-4768,1344,-2752,20.1079,-11.6044,-428.563
190999725650300,367674505050,147,countdown,-5056,1664,-2336,-267.892,308.396,-12.5634
190999726652300,367675504966,148,countdown,-5152,1312,-2208,-363.892,-43.6044,115.437
190999727656800,367676506383,149,countdown,-4544,1376,-2016,244.108,20.3956,307.437
190999728656600,367677505841,150,countdown,-4640,1280,-2304,148.108,-75.6044,19.4366
190999729652800,367678505050,151,countdown,-4352,1536,-2208,436.108,180.396,115.437
190999730652700,367679505008,152,countdown,-4448,864,-1856,340.108,-491.604,467.437
190999731651400,367680505050,153,countdown,-4064,1184,-1536,724.108,-171.604,787.437
190999732652500,367681507550,154,countdown,-4480,1120,-2880,308.108,-235.604,-556.563
190999733648800,367682505133,155,countdown,-4544,1504,-2944,244.108,148.396,-620.563
190999734651000,367683504966,156,countdown,-4480,1312,-2656,308.108,-43.6044,-332.563
190999735651000,367684505091,157,countdown,-4896,1280,-2656,-107.892,-75.6044,-332.563
190999736646300,367685504966,158,countdown,-4544,1504,-1888,244.108,148.396,435.437
190999737656800,367686505050,159,countdown,-5536,1536,-2816,-747.892,180.396,-492.563
190999738652900,367687506550,160,countdown,-4608,928,-2048,180.108,-427.604,275.437
190999739653000,367688505716,161,countdown,-5024,1760,-3200,-235.892,404.396,-876.563
190999740652400,367689505091,162,countdown,-4704,1376,-2304,84.1079,20.3956,19.4366
190999741652000,367690516300,163,countdown,-4512,1216,-2624,276.108,-139.604,-300.563
190999742651100,367691505008,164,countdown,-3936,704,-1888,852.108,-651.604,435.437
190999743658600,367692505133,165,countdown,-4928,1376,-2048,-139.892,20.3956,275.437
190999744658300,367693504966,166,countdown,-4608,1056,-2496,180.108,-299.604,-172.563
190999745654200,367694505050,167,countdown,-4448,1504,-2272,340.108,148.396,51.4366
190999746651700,367695504925,168,countdown,-4768,1152,-2208,20.1079,-203.604,115.437
190999747653300,367696505175,169,countdown,-4512,1120,-1952,276.108,-235.604,371.437
190999748652800,367697505091,170,countdown,-4224,1344,-2624,564.108,-11.6044,-300.563
190999749652800,367698505091,171,countdown,-5120,1248,-2944,-331.892,-107.604,-620.563
190999750774100,367699505508,172,countdown,-4576,1536,-2112,212.108,180.396,211.437
190999751646000,367700505508,173,countdown,-4928,1248,-2624,-139.892,-107.604,-300.563
190999752749600,367701505133,174,countdown,-5024,1184,-1888,-235.892,-171.604,435.437
190999753647200,367702505133,175,countdown,-4768,1536,-2112,20.1079,180.396,211.437
190999754651000,367703505175,176,countdown,-5120,1120,-2080,-331.892,-235.604,243.437
190999755652800,367704504966,177,countdown,-5056,1120,-2560,-267.892,-235.604,-236.563
190999756652800,367705504925,178,countdown,-4992,1536,-1728,-203.892,180.396,595.437
190999757650800,367706504883,179,countdown,-4128,1536,-2272,660.108,180.396,51.4366
190999758650700,367707505008,180,countdown,-5184,1344,-2368,-395.892,-11.6044,-44.5634
190999759652600,367708505050,181,countdown,-5024,1600,-2304,-235.892,244.396,19.4366
190999760653300,367709504966,182,countdown,-4352,1024,-2208,436.108,-331.604,115.437
190999761777300,367710504966,183,countdown,-4832,1056,-2336,-43.8921,-299.604,-12.5634
190999762645300,367711505258,184,countdown,-5152,1440,-2432,-363.892,84.3956,-108.563
190999763651900,367712506758,185,countdown,-4704,864,-2176,84.1079,-491.604,147.437
190999764651200,367713505050,186,countdown,-4736,1024,-2528,52.1079,-331.604,-204.563
190999765652300,367714504925,187,countdown,-4864,864,-2272,-75.8921,-491.604,51.4366
190999766777000,367715504675,188,countdown,-5120,1440,-2720,-331.892,84.3956,-396.563
190999767645100,367716506758,189,countdown,-4832,1248,-2752,-43.8921,-107.604,-428.563
190999768652300,367717505133,190,countdown,-4704,1600,-2080,84.1079,244.396,243.437
190999769652200,367718505091,191,countdown,-5248,896,-1536,-459.892,-459.604,787.437
190999770652100,367719505008,192,countdown,-4672,1376,-2464,116.108,20.3956,-140.563
190999771652200,367720509300,193,countdown,-4704,1312,-2432,84.1079,-43.6044,-108.563
190999772645400,367721505216,194,countdown,-4960,1280,-2560,-171.892,-75.6044,-236.563
190999773645100,367722505050,195,countdown,-4992,1056,-2144,-203.892,-299.604,179.437
190999774645300,367723505091,196,countdown,-4544,1376,-2400,244.108,20.3956,-76.5634
190999775654000,367724505008,197,countdown,-5056,1568,-2432,-267.892,212.396,-108.563
190999776655600,367725504883,198,countdown,-5248,1600,-2720,-459.892,244.396,-396.563
190999777653200,367726505216,199,countdown,-5344,1312,-2400,-555.892,-43.6044,-76.5634
190999778650700,367727505091,200,countdown,-4704,1440,-2496,84.1079,84.3956,-172.563
190999779652200,367728505091,201,countdown,-4576,1472,-2784,212.108,116.396,-460.563
190999780652400,367729504966,202,countdown,-5216,1408,-2272,-427.892,52.3956,51.4366
190999781650200,367730504966,203,countdown,-4736,992,-2464,52.1079,-363.604,-140.563
190999782652200,367731505133,204,countdown,-4544,1760,-2272,244.108,404.396,51.4366
190999783652300,367732505091,205,countdown,-4480,1056,-2208,308.108,-299.604,115.437
190999784652500,367733505091,206,countdown,-4544,1472,-2272,244.108,116.396,51.4366
190999785652300,367734505050,207,countdown,-4960,1152,-2528,-171.892,-203.604,-204.563
190999786652100,367735504925,208,countdown,-4320,960,-2048,468.108,-395.604,275.437
190999787652000,367736505133,209,countdown,-4544,1120,-2272,244.108,-235.604,51.4366
190999788652100,367737505133,210,countdown,-5152,1248,-2560,-363.892,-107.604,-236.563
190999789652000,367738505008,211,countdown,-4288,1184,-1984,500.108,-171.604,339.437
190999790645900,367739505050,212,countdown,-5312,1408,-2624,-523.892,52.3956,-300.563
190999791776400,367740506341,213,countdown,-4800,1152,-2464,-11.8921,-203.604,-140.563
190999792643500,367741505175,214,countdown,-5600,1376,-2208,-811.892,20.3956,115.437
190999793653100,367742505050,215,countdown,-4352,1536,-2208,436.108,180.396,115.437
190999794652400,367743505008,216,countdown,-4416,1120,-2560,372.108,-235.604,-236.563
190999795652300,367744504925,217,countdown,-4704,864,-2368,84.1079,-491.604,-44.5634
190999796652100,367745504966,218,countdown,-4800,1152,-2880,-11.8921,-203.604,-556.563
190999797652400,367746505216,219,countdown,-4352,1472,-2624,436.108,116.396,-300.563
190999798650400,367747504966,220,countdown,-4672,1472,-3264,116.108,116.396,-940.563
190999799652200,367748504966,221,countdown,-4800,832,-2368,-11.8921,-523.604,-44.5634
190999800652000,367749504841,222,countdown,-4448,1408,-1728,340.108,52.3956,595.437
190999801652200,367750504966,223,countdown,-4608,1312,-2656,180.108,-43.6044,-332.563
190999802814900,367751505133,224,countdown,-5024,1344,-2432,-235.892,-11.6044,-108.563
190999803646800,367752505050,225,countdown,-4736,1312,-2112,52.1079,-43.6044,211.437
190999804652600,367753504966,226,countdown,-4864,896,-2912,-75.8921,-459.604,-588.563
190999805652200,367754504966,227,countdown,-4608,1632,-2336,180.108,276.396,-12.5634
190999806642700,367755505966,228,countdown,-4960,1408,-2400,-171.892,52.3956,-76.5634
190999807650900,367756504966,229,countdown,-4768,864,-1952,20.1079,-491.604,371.437
190999808653900,367757505050,230,countdown,-4896,1216,-2720,-107.892,-139.604,-396.563
190999809650700,367758505050,231,countdown,-4992,1568,-3040,-203.892,212.396,-716.563
190999810652200,367759504925,232,countdown,-5088,1344,-2496,-299.892,-11.6044,-172.563
190999811645700,367760505966,233,countdown,-4896,1312,-2304,-107.892,-43.6044,19.4366
190999812644500,367761505008,234,countdown,-4768,1248,-2304,20.1079,-107.604,19.4366
190999813650700,367762505008,235,countdown,-4704,1664,-2784,84.1079,308.396,-460.563
190999814652000,367763505758,236,countdown,-4608,1568,-2592,180.108,212.396,-268.563
190999815652000,367764507050,237,countdown,-5376,1600,-2272,-587.892,244.396,51.4366
190999816652300,367765504591,238,countdown,-4448,1120,-2400,340.108,-235.604,-76.5634
190999817651000,367766505258,239,countdown,-4096,864,-2624,692.108,-491.604,-300.563
190999818652200,367767507341,240,countdown,-4928,1568,-2240,-139.892,212.396,83.4366
190999819649100,367768505091,241,countdown,-4928,1248,-2560,-139.892,-107.604,-236.563
190999820655200,367769505008,242,countdown,-4512,1504,-2144,276.108,148.396,179.437
190999821650200,367770504966,243,countdown,-4704,1280,-2144,84.1079,-75.6044,179.437
190999822643300,367771505091,244,countdown,-4928,1312,-2368,-139.892,-43.6044,-44.5634
190999823649500,367772505133,245,countdown,-4384,960,-2016,404.108,-395.604,307.437
190999824645300,367773505050,246,countdown,-4896,1088,-2656,-107.892,-267.604,-332.563
190999825645400,367774504966,247,countdown,-4288,832,-2176,500.108,-523.604,147.437
190999826645900,367775504800,248,countdown,-5216,1088,-2208,-427.892,-267.604,115.437
190999827648600,367776505050,249,countdown,-4608,1152,-3040,180.108,-203.604,-716.563
190999828650000,367777505175,250,countdown,-4896,1376,-2016,-107.892,20.3956,307.437
190999829650300,367778505050,251,countdown,-4736,1184,-2144,52.1079,-171.604,179.437
190999830647800,367779504925,252,countdown,-4384,1056,-2048,404.108,-299.604,275.437
190999831646800,367780504883,253,countdown,-5408,1536,-2560,-619.892,180.396,-236.563
190999832649800,367781505175,254,countdown,-5472,1408,-2080,-683.892,52.3956,243.437
190999833649300,367782505091,255,countdown,-4512,1024,-1824,276.108,-331.604,499.437
190999834646500,367783505008,0,countdown,-4832,1152,-2784,-43.8921,-203.604,-460.563
190999835652800,367784504966,1,countdown,-4928,1408,-1376,-139.892,52.3956,947.437
190999836650800,367785505008,2,countdown,-4992,1600,-2240,-203.892,244.396,83.4366
190999837651200,367786505133,3,countdown,-4928,1248,-1952,-139.892,-107.604,371.437
190999838651900,367787505716,4,countdown,-5120,800,-2240,-331.892,-555.604,83.4366
190999839653700,367788505175,5,countdown,-5280,1120,-2304,-491.892,-235.604,19.4366
190999840650900,367789504841,6,countdown,-4832,1568,-2016,-43.8921,212.396,307.437
190999841661400,367790505050,7,countdown,-5120,1632,-2560,-331.892,276.396,-236.563
190999842652100,367791505133,8,countdown,-5184,1632,-2208,-395.892,276.396,115.437
190999843647100,367792505091,9,countdown,-4864,800,-2208,-75.8921,-555.604,115.437
190999844647000,367793506341,10,countdown,-5120,1792,-2944,-331.892,436.396,-620.563
190999845648200,367794504508,11,countdown,-4928,1344,-2752,-139.892,-11.6044,-428.563
190999846645800,367795504925,12,countdown,-5056,1024,-1984,-267.892,-331.604,339.437
190999847666200,367796505008,13,countdown,-4832,1440,-2528,-43.8921,84.3956,-204.563
190999848666400,367797505050,14,countdown,-3936,1216,-2240,852.108,-139.604,83.4366
190999849664000,367798504883,15,countdown,-5088,1408,-2880,-299.892,52.3956,-556.563
190999850788200,367799505800,16,countdown,-4544,1632,-2720,244.108,276.396,-396.563
190999851657800,367800505050,17,countdown,-5024,1472,-2752,-235.892,116.396,-428.563
190999852651500,367801505050,18,countdown,-5056,1504,-2016,-267.892,148.396,307.437
190999853649200,367802504633,19,countdown,-5088,1472,-2976,-299.892,116.396,-652.563
190999854667500,367803505008,20,countdown,-4736,1216,-2144,52.1079,-139.604,179.437
190999855661500,367804505050,21,countdown,-4768,992,-2528,20.1079,-363.604,-204.563
190999856650400,367805505008,22,countdown,-4544,1568,-1952,244.108,212.396,371.437
190999857647100,367806505050,23,countdown,-4608,1248,-2432,180.108,-107.604,-108.563
190999858666100,367807505175,24,countdown,-5536,896,-2400,-747.892,-459.604,-76.5634
190999859657900,367808504925,25,countdown,-4192,1504,-2304,596.108,148.396,19.4366
190999860651000,367809504966,26,countdown,-5120,1408,-2368,-331.892,52.3956,-44.5634
190999861658800,367810505050,27,countdown,-4832,1248,-1856,-43.8921,-107.604,467.437
190999862654600,367811506550,28,countdown,-4768,1728,-2560,20.1079,372.396,-236.563
190999863652200,367812505091,29,countdown,-4928,1568,-2592,-139.892,212.396,-268.563
190999864650700,367813504925,30,countdown,-5696,1440,-2400,-907.892,84.3956,-76.5634
190999865649300,367814505050,31,countdown,-4384,768,-2240,404.108,-587.604,83.4366
190999866651600,367815504800,32,countdown,-4640,1088,-2240,148.108,-267.604,83.4366
190999867651500,367816505258,33,countdown,-5440,1504,-2208,-651.892,148.396,115.437
190999868651900,367817506425,34,countdown,-4992,1312,-2240,-203.892,-43.6044,83.4366
190999869651400,367818505966,35,countdown,-4960,1408,-1984,-171.892,52.3956,339.437
190999870667400,367819505341,36,countdown,-4992,1600,-2208,-203.892,244.396,115.437
190999871661200,367820505133,37,countdown,-5184,1184,-2656,-395.892,-171.604,-332.563
190999872654500,367821505091,38,countdown,-5056,1440,-2176,-267.892,84.3956,147.437
190999873652800,367822505216,39,countdown,-5056,1280,-2336,-267.892,-75.6044,-12.5634
190999874652600,367823504925,40,countdown,-4768,1184,-2368,20.1079,-171.604,-44.5634
190999875652000,367824504966,41,countdown,-5056,1888,-2368,-267.892,532.396,-44.5634
190999876652400,367825504925,42,countdown,-4992,1536,-2592,-203.892,180.396,-268.563
190999877652300,367826504966,43,countdown,-4864,1440,-2688,-75.8921,84.3956,-364.563
190999878650900,367827505008,44,countdown,-4448,1408,-2784,340.108,52.3956,-460.563
190999879652500,367828505008,45,countdown,-4832,1120,-2336,-43.8921,-235.604,-12.5634
190999880652300,367829504966,46,countdown,-4192,1120,-2368,596.108,-235.604,-44.5634
190999881652500,367830505091,47,countdown,-5120,1344,-2656,-331.892,-11.6044,-332.563
190999882654100,367831504966,48,countdown,-4864,1184,-2112,-75.8921,-171.604,211.437
190999883651900,367832505133,49,countdown,-4512,1472,-2592,276.108,116.396,-268.563
190999884651900,367833505008,50,countdown,-4192,1600,-2464,596.108,244.396,-140.563
190999885650000,367834504591,51,countdown,-4928,1344,-2080,-139.892,-11.6044,243.437
190999886656100,367835505133,52,countdown,-4544,1312,-2784,244.108,-43.6044,-460.563
190999887657300,367836505008,53,countdown,-4672,1504,-2528,116.108,148.396,-204.563
190999888654500,367837505050,54,countdown,-4544,1376,-2880,244.108,20.3956,-556.563
190999889653200,367838504925,55,countdown,-4320,1312,-2592,468.108,-43.6044,-268.563
190999890653000,367839505091,56,countdown,-4288,1312,-2240,500.108,-43.6044,83.4366
190999891650900,367840505133,57,countdown,-4736,1408,-2432,52.1079,52.3956,-108.563
190999892652900,367841506425,58,countdown,-4384,1312,-2496,404.108,-43.6044,-172.563
190999893653000,367842505133,59,countdown,-5056,864,-1760,-267.892,-491.604,563.437
190999894653000,367843504966,60,countdown,-5024,1600,-2784,-235.892,244.396,-460.563
190999895652800,367844504966,61,countdown,-5184,1376,-2336,-395.892,20.3956,-12.5634
190999896652900,367845505175,62,countdown,-4288,800,-2592,500.108,-555.604,-268.563
190999897652000,367846505216,63,countdown,-5024,1440,-2656,-235.892,84.3956,-332.563
190999898652700,367847505091,64,countdown,-4704,1312,-2368,84.1079,-43.6044,-44.5634
190999899650500,367848504966,65,countdown,-4640,1376,-2208,148.108,20.3956,115.437
190999900652600,367849505008,66,countdown,-4256,1280,-2272,532.108,-75.6044,51.4366
190999901651200,367850505216,67,countdown,-5120,1024,-2592,-331.892,-331.604,-268.563
190999902652400,367851507008,68,countdown,-4192,1280,-2016,596.108,-75.6044,307.437
190999903644100,367852508050,69,countdown,-4960,1664,-2656,-171.892,308.396,-332.563
190999904648900,367853505008,70,countdown,-3968,1440,-2432,820.108,84.3956,-108.563
190999905650800,367854504966,71,countdown,-4832,1728,-2464,-43.8921,372.396,-140.563
190999906653000,367855505091,72,countdown,-4448,1504,-2080,340.108,148.396,243.437
190999907652400,367856505008,73,countdown,-5056,768,-2240,-267.892,-587.604,83.4366
190999908651300,367857505258,74,countdown,-4896,1376,-2720,-107.892,20.3956,-396.563
190999909650600,367858506425,75,countdown,-4832,1632,-2784,-43.8921,276.396,-460.563
190999910652400,367859504966,76,countdown,-4832,1696,-2048,-43.8921,340.396,275.437
190999911644000,367860505175,77,countdown,-4608,1344,-2080,180.108,-11.6044,243.437
190999912644000,367861505383,78,countdown,-4544,1280,-2592,244.108,-75.6044,-268.563
190999913645700,367862505175,79,countdown,-4320,1408,-2272,468.108,52.3956,51.4366
190999914652500,367863505050,80,countdown,-4896,1184,-2560,-107.892,-171.604,-236.563
190999915652400,367864506466,81,countdown,-4704,1344,-1856,84.1079,-11.6044,467.437
190999916652200,367865505175,82,countdown,-5600,1504,-2464,-811.892,148.396,-140.563
190999917650300,367866505466,83,countdown,-4672,1472,-2208,116.108,116.396,115.437
190999918665300,367867505091,84,countdown,-4704,1376,-2496,84.1079,20.3956,-172.563
190999919657000,367868504966,85,countdown,-5088,1056,-2752,-299.892,-299.604,-428.563
190999920653600,367869505508,86,countdown,-4544,1376,-2656,244.108,20.3956,-332.563
190999921651000,367870514550,87,countdown,-4896,1504,-2560,-107.892,148.396,-236.563
190999922651200,367871506258,88,countdown,-4864,1088,-1632,-75.8921,-267.604,691.437
190999923653000,367872505133,89,countdown,-5376,1216,-2304,-587.892,-139.604,19.4366
190999924652600,367873504966,90,countdown,-4768,1408,-2592,20.1079,52.3956,-268.563
190999925652800,367874504925,91,countdown,-4928,1696,-2432,-139.892,340.396,-108.563
190999926652900,367875505925,92,countdown,-4512,1376,-1920,276.108,20.3956,403.437
190999927652800,367876505175,93,countdown,-5216,1184,-2624,-427.892,-171.604,-300.563
190999928652800,367877505050,94,countdown,-4288,1472,-1920,500.108,116.396,403.437
190999929652800,367878505008,95,countdown,-4832,1056,-2656,-43.8921,-299.604,-332.563
190999930652700,367879504966,96,countdown,-4864,1376,-2464,-75.8921,20.3956,-140.563
190999931652600,367880505133,97,countdown,-4928,1376,-2624,-139.892,20.3956,-300.563
190999932652200,367881505633,98,countdown,-4544,1856,-1952,244.108,500.396,371.437
190999933652400,367882504883,99,countdown,-4480,1600,-2144,308.108,244.396,179.437
190999934652200,367883504841,100,countdown,-5088,1120,-2560,-299.892,-235.604,-236.563
190999935654500,367884504925,101,countdown,-5248,1696,-1920,-459.892,340.396,403.437
190999936654500,367885505008,102,countdown,-4384,1248,-1856,404.108,-107.604,467.437
190999937652600,367886505133,103,countdown,-5088,1472,-1952,-299.892,116.396,371.437
190999938652900,367887504925,104,countdown,-5216,1696,-2528,-427.892,340.396,-204.563
190999939652300,367888506675,105,countdown,-4512,1216,-2400,276.108,-139.604,-76.5634
190999940650700,367889504925,106,countdown,-4832,1728,-2400,-43.8921,372.396,-76.5634
190999941652500,367890505091,107,countdown,-4928,1408,-2304,-139.892,52.3956,19.4366
190999942652700,367891505050,108,countdown,-4224,1312,-1856,564.108,-43.6044,467.437
190999943652300,367892505175,109,countdown,-4672,1184,-2784,116.108,-171.604,-460.563
190999944650400,367893505508,110,countdown,-5024,1344,-1792,-235.892,-11.6044,531.437
190999945652500,367894506383,111,countdown,-3936,1312,-2208,852.108,-43.6044,115.437
190999946652500,367895504966,112,countdown,-4960,960,-2272,-171.892,-395.604,51.4366
190999947650500,367896505091,113,countdown,-5536,1696,-2720,-747.892,340.396,-396.563
190999948652400,367897506383,114,countdown,-4576,1472,-2496,212.108,116.396,-172.563
190999949652300,367898504925,115,countdown,-5472,1728,-2528,-683.892,372.396,-204.563
190999950681900,367899505008,116,countdown,-4288,1408,-2560,500.108,52.3956,-236.563
190999951659800,367900507800,117,countdown,-4384,1312,-2592,404.108,-43.6044,-268.563
190999952658500,367901505050,118,countdown,-5536,1728,-2848,-747.892,372.396,-524.563
190999953654600,367902504883,119,countdown,-4416,1408,-1792,372.108,52.3956,531.437
190999954654700,367903507216,120,countdown,-5056,1664,-2784,-267.892,308.396,-460.563
190999955652600,367904505508,121,countdown,-5312,1472,-2528,-523.892,116.396,-204.563
190999957008300,367905507341,122,countdown,-4480,960,-1856,308.108,-395.604,467.437
190999957659100,367906506383,123,countdown,-4896,1120,-2880,-107.892,-235.604,-556.563
190999958656300,367907506133,124,countdown,-5248,1632,-3200,-459.892,276.396,-876.563
190999959651500,367908504925,125,countdown,-4672,1024,-2080,116.108,-331.604,243.437
190999960653100,367909504925,126,countdown,-4576,832,-2656,212.108,-523.604,-332.563
190999961653100,367910505966,127,countdown,-5056,1408,-2176,-267.892,52.3956,147.437
190999962652800,367911504966,128,countdown,-4160,1056,-2464,628.108,-299.604,-140.563
190999963653300,367912504841,129,countdown,-5056,1280,-2208,-267.892,-75.6044,115.437
190999964653200,367913505591,130,countdown,-4640,1664,-2176,148.108,308.396,147.437
190999965651100,367914504800,131,countdown,-4544,1344,-2688,244.108,-11.6044,-364.563
190999966656200,367915507675,132,countdown,-4864,1024,-2112,-75.8921,-331.604,211.437
190999967661600,367916505175,133,countdown,-4832,1376,-2336,-43.8921,20.3956,-12.5634
190999968658600,367917504966,134,countdown,-4736,1408,-2496,52.1079,52.3956,-172.563
190999971918300,367918505716,135,countdown,-4320,1696,-2400,468.108,340.396,-76.5634
190999971941300,367919504883,136,countdown,-4576,1376,-2496,212.108,20.3956,-172.563
190999971948000,367920505008,137,countdown,-5056,1120,-2336,-267.892,-235.604,-12.5634
190999972661500,367921505216,138,countdown,-4704,1152,-2688,84.1079,-203.604,-364.563
190999973649300,367922505008,139,countdown,-4992,1408,-2656,-203.892,52.3956,-332.563
190999974650900,367923506466,140,countdown,-4352,1440,-2176,436.108,84.3956,147.437
190999975650900,367924505800,141,countdown,-4768,1696,-1952,20.1079,340.396,371.437
190999976650100,367925505550,142,countdown,-5024,1440,-2272,-235.892,84.3956,51.4366
190999977650300,367926505133,143,countdown,-4672,1280,-2144,116.108,-75.6044,179.437
190999978652100,367927504966,144,countdown,-4384,1472,-2464,404.108,116.396,-140.563
190999979652000,367928505050,145,countdown,-5728,1280,-2912,-939.892,-75.6044,-588.563
190999980650300,367929504758,146,countdown,-4864,1088,-2016,-75.8921,-267.604,307.437
190999981643100,367930508091,147,countdown,-4544,1120,-2176,244.108,-235.604,147.437
190999982659600,367931505091,148,countdown,-5248,1760,-2560,-459.892,404.396,-236.563
190999983672000,367932504966,149,countdown,-5216,1024,-2048,-427.892,-331.604,275.437
190999984659500,367933504883,150,countdown,-4640,1344,-1824,148.108,-11.6044,499.437
190999985661600,367934504883,151,countdown,-4736,1280,-1568,52.1079,-75.6044,755.437
190999986656300,367935504716,152,countdown,-5152,928,-1536,-363.892,-427.604,787.437
190999987645700,367936505175,153,countdown,-5056,800,-2592,-267.892,-555.604,-268.563
190999988660100,367937505008,154,countdown,-5280,1824,-2240,-491.892,468.396,83.4366
190999989658500,367938505050,155,countdown,-4864,1568,-2560,-75.8921,212.396,-236.563
190999990656300,367939505133,156,countdown,-5056,992,-2528,-267.892,-363.604,-204.563
190999991670900,367940509008,157,countdown,-4768,1248,-2752,20.1079,-107.604,-428.563
190999992675200,367941505133,158,countdown,-4960,1440,-2400,-171.892,84.3956,-76.5634
190999993659700,367942504842,159,countdown,-4704,1376,-2336,84.1079,20.3956,-12.5634
190999994653100,367943505008,160,countdown,-4672,1312,-2816,116.108,-43.6044,-492.563
190999995652700,367944505008,161,countdown,-5184,1536,-1824,-395.892,180.396,499.437
190999996652600,367945505675,162,countdown,-4736,1408,-1888,52.1079,52.3956,435.437
190999997651800,367946505050,163,countdown,-4384,1184,-1760,404.108,-171.604,563.437
190999998657900,367947504967,164,countdown,-4320,1216,-2208,468.108,-139.604,115.437
190999999655100,367948504883,165,countdown,-5216,928,-2560,-427.892,-427.604,-236.563
191000000656900,367949504675,166,countdown,-4608,896,-2208,180.108,-459.604,115.437
191000001654600,367950505383,167,countdown,-4608,1120,-2144,180.108,-235.604,179.437
191000002848200,367951505300,168,countdown,-4736,1632,-2080,52.1079,276.396,243.437
191000003647500,367952505550,169,countdown,-5184,1696,-2464,-395.892,340.396,-140.563
191000004654000,367953504925,170,countdown,-4864,1344,-2176,-75.8921,-11.6044,147.437
191000005656100,367954505133,171,countdown,-4576,1792,-2272,212.108,436.396,51.4366
191000006651800,367955504967,172,countdown,-5152,736,-2720,-363.892,-619.604,-396.563
191000007652000,367956505883,173,countdown,-5056,1536,-1984,-267.892,180.396,339.437
191000008652500,367957504967,174,countdown,-4672,736,-2240,116.108,-619.604,83.4366
191000009651600,367958505050,175,countdown,-4896,1344,-2880,-107.892,-11.6044,-556.563
191000010653600,367959507383,176,countdown,-5120,1568,-3264,-331.892,212.396,-940.563
191000011646100,367960505092,177,countdown,-4416,1472,-2048,372.108,116.396,275.437
191000012641300,367961504800,178,countdown,-4800,1440,-2560,-11.8921,84.3956,-236.563
191000013643000,367962504883,179,countdown,-4352,1184,-2624,436.108,-171.604,-300.563
191000014660400,367963505717,180,countdown,-4864,1056,-2304,-75.8921,-299.604,19.4366
191000015668600,367964506508,181,countdown,-4672,992,-2048,116.108,-363.604,275.437
191000016669500,367965505967,182,countdown,-5024,1536,-2400,-235.892,180.396,-76.5634
191000017664800,367966505008,183,countdown,-4960,1248,-1600,-171.892,-107.604,723.437
191000018657300,367967504967,184,countdown,-5312,1184,-2208,-523.892,-171.604,115.437
191000019655500,367968505050,185,countdown,-4320,1024,-1888,468.108,-331.604,435.437
191000020652600,367969505092,186,countdown,-4544,1440,-2144,244.108,84.3956,179.437
191000021655600,367970507050,187,countdown,-5376,1600,-1920,-587.892,244.396,403.437
191000022654500,367971504967,188,countdown,-4352,1472,-2048,436.108,116.396,275.437
191000023652100,367972507967,189,countdown,-4800,1536,-2464,-11.8921,180.396,-140.563
191000024651900,367973505008,190,countdown,-4928,1120,-2560,-139.892,-235.604,-236.563
191000025652100,367974505008,191,countdown,-4352,1440,-2816,436.108,84.3956,-492.563
191000026653900,367975505925,192,countdown,-4832,1184,-1664,-43.8921,-171.604,659.437
191000027650100,367976506425,193,countdown,-4832,1120,-2336,-43.8921,-235.604,-12.5634
191000028649400,367977504592,194,countdown,-4832,1280,-2368,-43.8921,-75.6044,-44.5634
191000029649500,367978504967,195,countdown,-5216,1440,-2400,-427.892,84.3956,-76.5634
191000030662600,367979505133,196,countdown,-5056,1120,-2272,-267.892,-235.604,51.4366
191000031666600,367980505008,197,countdown,-4064,1248,-2368,724.108,-107.604,-44.5634
191000032657900,367981505050,198,countdown,-4672,1632,-2624,116.108,276.396,-300.563
191000033655300,367982505467,199,countdown,-5152,1440,-2656,-363.892,84.3956,-332.563
191000034654600,367983505008,200,countdown,-4896,1536,-2304,-107.892,180.396,19.4366
191000035652500,367984505050,201,countdown,-4608,1536,-2432,180.108,180.396,-108.563
191000036652400,367985505008,202,countdown,-4736,1056,-2144,52.1079,-299.604,179.437
191000037654100,367986505633,203,countdown,-4512,1280,-1664,276.108,-75.6044,659.437
191000038654000,367987505133,204,countdown,-4992,1440,-2464,-203.892,84.3956,-140.563
191000039651700,367988504883,205,countdown,-5280,1184,-2592,-491.892,-171.604,-268.563
191000040653700,367989504925,206,countdown,-4032,1152,-2496,756.108,-203.604,-172.563
191000041652400,367990505092,207,countdown,-4704,1472,-2752,84.1079,116.396,-428.563
191000042651600,367991504967,208,countdown,-5024,1472,-1504,-235.892,116.396,819.437
191000043650000,367992505175,209,countdown,-4192,1792,-2304,596.108,436.396,19.4366
191000044649500,367993506425,210,countdown,-4640,960,-2336,148.108,-395.604,-12.5634
191000045649100,367994505050,211,countdown,-5344,1792,-1824,-555.892,436.396,499.437
191000046654700,367995504967,212,countdown,-5536,1792,-2464,-747.892,436.396,-140.563
191000047662600,367996505842,213,countdown,-4736,960,-2112,52.1079,-395.604,211.437
191000048655700,367997505842,214,countdown,-4832,1504,-2336,-43.8921,148.396,-12.5634
191000049654500,367998504925,215,countdown,-4736,1440,-1664,52.1079,84.3956,659.437
191000050652400,367999505092,216,countdown,-4320,1344,-2336,468.108,-11.6044,-12.5634
191000051779400,368000505133,217,countdown,-5568,1888,-2784,-779.892,532.396,-460.563
191000052794700,368001504883,218,countdown,-4832,1280,-2048,-43.8921,-75.6044,275.437
191000053648600,368002505175,219,countdown,-4512,1504,-2432,276.108,148.396,-108.563
191000054654100,368003504800,220,countdown,-4448,1408,-2272,340.108,52.3956,51.4366
191000055654000,368004504925,221,countdown,-5184,1504,-2560,-395.892,148.396,-236.563
191000056777000,368005505133,222,countdown,-4480,1504,-2048,308.108,148.396,275.437
191000057645100,368006504883,223,countdown,-4960,1248,-2240,-171.892,-107.604,83.4366
191000058653800,368007504883,224,countdown,-4736,1408,-2304,52.1079,52.3956,19.4366
191000059648200,368008504925,225,countdown,-5152,1760,-3360,-363.892,404.396,-1036.56
191000060647800,368009505050,226,countdown,-4896,1728,-2304,-107.892,372.396,19.4366
191000061647700,368010505300,227,countdown,-4608,1696,-2112,180.108,340.396,211.437
191000063062500,368011504925,228,countdown,-5120,1216,-2368,-331.892,-139.604,-44.5634
191000063655600,368012505092,229,countdown,-4608,1568,-2496,180.108,212.396,-172.563
191000064656300,368013504842,230,countdown,-4128,1376,-2208,660.108,20.3956,115.437
191000065652500,368014507550,231,countdown,-4800,800,-2144,-11.8921,-555.604,179.437
191000066654000,368015504633,232,countdown,-5024,1344,-2240,-235.892,-11.6044,83.4366
191000067654200,368016504842,233,countdown,-4544,1248,-1792,244.108,-107.604,531.437
191000068654000,368017505092,234,countdown,-4512,1120,-2208,276.108,-235.604,115.437
191000069647000,368018504842,235,countdown,-5120,1248,-2720,-331.892,-107.604,-396.563
191000070657800,368019506008,236,countdown,-4768,1184,-2176,20.1079,-171.604,147.437
191000071654000,368020506300,237,countdown,-4192,1152,-2400,596.108,-203.604,-76.5634
191000072651800,368021504842,238,countdown,-4544,1152,-1664,244.108,-203.604,659.437
191000073653600,368022504967,239,countdown,-4992,1312,-2112,-203.892,-43.6044,211.437
191000074653700,368023504842,240,countdown,-4416,1472,-2656,372.108,116.396,-332.563
191000075649700,368024505008,241,countdown,-4512,1472,-2304,276.108,116.396,19.4366
191000076649700,368025504967,242,countdown,-4992,704,-2048,-203.892,-651.604,275.437
191000077649400,368026504883,243,countdown,-5184,1760,-2816,-395.892,404.396,-492.563
191000078987400,368027504883,244,countdown,-4512,1280,-2400,276.108,-75.6044,-76.5634
191000079647800,368028504842,245,countdown,-4928,1312,-2624,-139.892,-43.6044,-300.563
191000080645700,368029505342,246,countdown,-4832,1376,-2848,-43.8921,20.3956,-524.563
191000081645300,368030505050,247,countdown,-4032,1216,-1952,756.108,-139.604,371.437
191000082646800,368031504925,248,countdown,-4576,1472,-2816,212.108,116.396,-492.563
191000083645200,368032504925,249,countdown,-4512,1728,-2400,276.108,372.396,-76.5634
191000084645200,368033504717,250,countdown,-4800,1536,-2144,-11.8921,180.396,179.437
191000085645600,368034506800,251,countdown,-4480,992,-1792,308.108,-363.604,531.437
191000086656700,368035505008,252,countdown,-5312,1632,-2528,-523.892,276.396,-204.563
191000087656100,368036504842,253,countdown,-4512,1216,-2560,276.108,-139.604,-236.563
191000088654300,368037504967,254,countdown,-4800,1216,-2368,-11.8921,-139.604,-44.5634
191000089653900,368038504842,255,countdown,-5056,1312,-1792,-267.892,-43.6044,531.437
191000090651700,368039505008,0,countdown,-5024,1344,-2016,-235.892,-11.6044,307.437
191000091649800,368040505592,1,countdown,-4864,1216,-2208,-75.8921,-139.604,115.437
191000092649400,368041506050,2,countdown,-4384,1664,-2400,404.108,308.396,-76.5634
191000093649500,368042504967,3,countdown,-5248,1472,-2944,-459.892,116.396,-620.563
191000094661800,368043504883,4,countdown,-5248,1312,-2656,-459.892,-43.6044,-332.563
191000095657900,368044504967,5,countdown,-5056,1696,-2592,-267.892,340.396,-268.563
191000096661100,368045505008,6,countdown,-4800,992,-1728,-11.8921,-363.604,595.437
191000097660800,368046504592,7,countdown,-4928,1248,-2240,-139.892,-107.604,83.4366
191000098657800,368047504967,8,countdown,-4832,1440,-2656,-43.8921,84.3956,-332.563
191000099665700,368048504800,9,countdown,-4352,1568,-2720,436.108,212.396,-396.563
191000100669600,368049504925,10,countdown,-4192,1216,-2336,596.108,-139.604,-12.5634
191000101673500,368050505092,11,countdown,-4832,1440,-3040,-43.8921,84.3956,-716.563
191000102660200,368051505967,12,countdown,-4544,1568,-2368,244.108,212.396,-44.5634
191000103672400,368052509175,13,countdown,-5024,1216,-2208,-235.892,-139.604,115.437
191000104663800,368053504842,14,countdown,-4544,1440,-2272,244.108,84.3956,51.4366
191000105644500,368054505050,15,countdown,-5088,1568,-2304,-299.892,212.396,19.4366
191000106645600,368055504925,16,countdown,-4576,1280,-2080,212.108,-75.6044,243.437
191000107647800,368056505508,17,countdown,-4704,1536,-1888,84.1079,180.396,435.437
191000108642500,368057505217,18,countdown,-5376,1312,-2496,-587.892,-43.6044,-172.563
191000109766500,368058505050,19,countdown,-5024,1248,-2464,-235.892,-107.604,-140.563
191000110845000,368059506550,20,countdown,-4192,928,-1952,596.108,-427.604,371.437
191000111653100,368060505050,21,countdown,-4768,1088,-2528,20.1079,-267.604,-204.563
191000113022000,368061506050,22,countdown,-4768,1536,-2624,20.1079,180.396,-300.563
191000113731200,368062504842,23,countdown,-4864,1344,-1888,-75.8921,-11.6044,435.437
191000114718200,368063504967,24,countdown,-4544,1280,-2176,244.108,-75.6044,147.437
191000115646600,368064506592,25,countdown,-4672,832,-2304,116.108,-523.604,19.4366
191000116646500,368065504633,26,countdown,-4480,1408,-2368,308.108,52.3956,-44.5634
191000117646200,368066505050,27,countdown,-4864,1728,-2784,-75.8921,372.396,-460.563
191000118652900,368067504925,28,countdown,-4704,1600,-2336,84.1079,244.396,-12.5634
191000119650700,368068505175,29,countdown,-5024,1248,-1824,-235.892,-107.604,499.437
191000120652900,368069505092,30,countdown,-4544,1440,-2080,244.108,84.3956,243.437
191000121653000,368070505092,31,countdown,-5632,1440,-3424,-843.892,84.3956,-1100.56
191000122651500,368071505050,32,countdown,-5440,2112,-2272,-651.892,756.396,51.4366
191000123647400,368072505008,33,countdown,-4032,1376,-2048,756.108,20.3956,275.437
191000124647000,368073505092,34,countdown,-4928,992,-2048,-139.892,-363.604,275.437
191000125649100,368074505133,35,countdown,-4864,1280,-2240,-75.8921,-75.6044,83.4366
191000126673200,368075504883,36,countdown,-4928,1408,-2720,-139.892,52.3956,-396.563
191000127666500,368076505092,37,countdown,-4960,1728,-2656,-171.892,372.396,-332.563
191000128663200,368077504883,38,countdown,-4736,1472,-2208,52.1079,116.396,115.437
191000129667200,368078505092,39,countdown,-5024,1216,-2432,-235.892,-139.604,-108.563
191000130665400,368079504967,40,countdown,-5056,1568,-2656,-267.892,212.396,-332.563
191000131647400,368080504925,41,countdown,-4576,1216,-2720,212.108,-139.604,-396.563
191000132644700,368081504925,42,countdown,-4928,1440,-2240,-139.892,84.3956,83.4366
191000133646500,368082504883,43,countdown,-4960,1248,-2208,-171.892,-107.604,115.437
191000134721100,368083505133,44,countdown,-4640,1120,-2080,148.108,-235.604,243.437
191000135738500,368084505133,45,countdown,-5056,1088,-2528,-267.892,-267.604,-204.563
191000136752500,368085504967,46,countdown,-4640,1568,-2784,148.108,212.396,-460.563
191000137738300,368086505092,47,countdown,-4160,992,-2176,628.108,-363.604,147.437
191000138754500,368087504967,48,countdown,-4576,1376,-2368,212.108,20.3956,-44.5634
191000139736200,368088504675,49,countdown,-4544,1792,-2368,244.108,436.396,-44.5634
191000140755800,368089505008,50,countdown,-4864,1856,-2976,-75.8921,500.396,-652.563
191000141720800,368090504925,51,countdown,-4544,1312,-2272,244.108,-43.6044,51.4366
191000142663800,368091504967,52,countdown,-4480,896,-1568,308.108,-459.604,755.437
191000143719200,368092504925,53,countdown,-4480,1408,-2304,308.108,52.3956,19.4366
191000144717900,368093505258,54,countdown,-5056,1408,-2464,-267.892,52.3956,-140.563
191000145740800,368094505050,55,countdown,-4864,896,-1888,-75.8921,-459.604,435.437
191000146765700,368095504842,56,countdown,-4064,1152,-2592,724.108,-203.604,-268.563
191000147772300,368096505050,57,countdown,-5152,1248,-2016,-363.892,-107.604,307.437
191000148733900,368097504883,58,countdown,-5216,1408,-1824,-427.892,52.3956,499.437
191000149749400,368098505092,59,countdown,-4448,1632,-2336,340.108,276.396,-12.5634
191000150745500,368099505133,60,countdown,-4832,960,-2496,-43.8921,-395.604,-172.563
191000151738500,368100504883,61,countdown,-4832,1280,-2112,-43.8921,-75.6044,211.437
191000152832500,368101506258,62,countdown,-5152,1824,-2080,-363.892,468.396,243.437
191000153757300,368102504883,63,countdown,-4832,1568,-2208,-43.8921,212.396,115.437
191000154659600,368103505092,64,countdown,-4704,1120,-2752,84.1079,-235.604,-428.563
191000155712100,368104504967,65,countdown,-4448,1248,-1856,340.108,-107.604,467.437
191000156652800,368105505467,66,countdown,-4672,1600,-2528,116.108,244.396,-204.563
191000157676900,368106505133,67,countdown,-4736,1120,-1472,52.1079,-235.604,851.437
191000158656700,368107504925,68,countdown,-4480,1184,-2336,308.108,-171.604,-12.5634
191000159655700,368108505133,69,countdown,-4832,1632,-2112,-43.8921,276.396,211.437
191000160652900,368109504925,70,countdown,-4576,1536,-2784,212.108,180.396,-460.563
191000161652800,368110504925,71,countdown,-4640,1280,-2368,148.108,-75.6044,-44.5634
191000162650400,368111506467,72,countdown,-5056,1568,-2560,-267.892,212.396,-236.563
191000163651800,368112504883,73,countdown,-4576,1568,-2624,212.108,212.396,-300.563
191000164652500,368113505175,74,countdown,-4608,1184,-2272,180.108,-171.604,51.4366
191000165652700,368114504967,75,countdown,-5216,1568,-2464,-427.892,212.396,-140.563
191000166652700,368115505342,76,countdown,-5312,1760,-3264,-523.892,404.396,-940.563
191000167652400,368116505050,77,countdown,-4672,736,-2592,116.108,-619.604,-268.563
191000168652500,368117504758,78,countdown,-4832,1088,-3296,-43.8921,-267.604,-972.563
191000169650000,368118505008,79,countdown,-4960,1376,-2688,-171.892,20.3956,-364.563
191000170655500,368119505008,80,countdown,-4576,1280,-2144,212.108,-75.6044,179.437
191000171661200,368120504925,81,countdown,-5056,1440,-2624,-267.892,84.3956,-300.563
191000172655900,368121505717,82,countdown,-4640,1568,-2432,148.108,212.396,-108.563
191000173663500,368122504800,83,countdown,-4672,1120,-2080,116.108,-235.604,243.437
191000174649600,368123505092,84,countdown,-5184,1312,-2208,-395.892,-43.6044,115.437
191000175653900,368124506425,85,countdown,-4384,1536,-2688,404.108,180.396,-364.563
191000176651100,368125504967,86,countdown,-5184,1184,-2560,-395.892,-171.604,-236.563
191000177652900,368126505008,87,countdown,-4608,1408,-2112,180.108,52.3956,211.437
191000178652700,368127504758,88,countdown,-4736,992,-2624,52.1079,-363.604,-300.563
191000179650700,368128505175,89,countdown,-4640,544,-1600,148.108,-811.604,723.437
191000180652700,368129506175,90,countdown,-4768,1600,-1664,20.1079,244.396,659.437
191000181653100,368130504925,91,countdown,-5216,1440,-3200,-427.892,84.3956,-876.563
191000182650800,368131505592,92,countdown,-4800,1248,-2240,-11.8921,-107.604,83.4366
191000183652400,368132504758,93,countdown,-4640,960,-2144,148.108,-395.604,179.437
191000184652600,368133505133,94,countdown,-5280,1536,-2400,-491.892,180.396,-76.5634
191000185650700,368134505050,95,countdown,-4864,1696,-2336,-75.8921,340.396,-12.5634
191000186644500,368135506008,96,countdown,-4608,1408,-3200,180.108,52.3956,-876.563
191000187652700,368136504758,97,countdown,-4544,1248,-2720,244.108,-107.604,-396.563
191000188652700,368137506133,98,countdown,-5024,1536,-2656,-235.892,180.396,-332.563
191000189664700,368138505092,99,countdown,-4448,1216,-2272,340.108,-139.604,51.4366
191000190653100,368139505050,100,countdown,-4320,1696,-2176,468.108,340.396,147.437
191000191655400,368140504925,101,countdown,-5024,1056,-1920,-235.892,-299.604,403.437
191000192653700,368141504883,102,countdown,-5024,1408,-2752,-235.892,52.3956,-428.563
191000193651200,368142504675,103,countdown,-4768,1408,-2720,20.1079,52.3956,-396.563
191000194653000,368143505217,104,countdown,-4896,1504,-2304,-107.892,148.396,19.4366
191000195651200,368144505008,105,countdown,-4800,1024,-2400,-11.8921,-331.604,-76.5634
191000196652000,368145504925,106,countdown,-4992,1280,-2240,-203.892,-75.6044,83.4366
191000197653000,368146504883,107,countdown,-4608,1312,-2560,180.108,-43.6044,-236.563
191000198652900,368147507133,108,countdown,-4480,1184,-1952,308.108,-171.604,371.437
191000199653000,368148505925,109,countdown,-4928,1312,-2016,-139.892,-43.6044,307.437
191000200653000,368149505717,110,countdown,-5152,992,-2720,-363.892,-363.604,-396.563
191000201651000,368150504967,111,countdown,-4480,1184,-1728,308.108,-171.604,595.437
191000202642500,368151504925,112,countdown,-5280,1088,-2464,-491.892,-267.604,-140.563
191000203645300,368152504883,113,countdown,-5536,1600,-2688,-747.892,244.396,-364.563
191000204651100,368153505092,114,countdown,-4960,1280,-2592,-171.892,-75.6044,-268.563
191000205670300,368154505008,115,countdown,-4384,1472,-2336,404.108,116.396,-12.5634
191000206656000,368155504967,116,countdown,-4896,1600,-2688,-107.892,244.396,-364.563
191000207678700,368156504800,117,countdown,-5472,1056,-2848,-683.892,-299.604,-524.563
191000208653400,368157507050,118,countdown,-4928,1408,-2208,-139.892,52.3956,115.437
191000209649800,368158505008,119,countdown,-4576,1408,-1952,212.108,52.3956,371.437
191000210653500,368159504967,120,countdown,-5536,1472,-2624,-747.892,116.396,-300.563
191000211675700,368160504883,121,countdown,-4896,1696,-3168,-107.892,340.396,-844.563
191000212669000,368161504800,122,countdown,-4576,1376,-2176,212.108,20.3956,147.437
191000213655200,368162504883,123,countdown,-4544,1568,-1728,244.108,212.396,595.437
191000214666000,368163504967,124,countdown,-5024,1408,-2112,-235.892,52.3956,211.437
191000215671800,368164504925,125,countdown,-4864,1664,-2144,-75.8921,308.396,179.437
191000216654500,368165505800,126,countdown,-4576,896,-2624,212.108,-459.604,-300.563
191000217671200,368166504842,127,countdown,-4544,1280,-2656,244.108,-75.6044,-332.563
191000218669800,368167505133,128,countdown,-4896,1184,-1856,-107.892,-171.604,467.437
191000219642600,368168505092,129,countdown,-5440,1024,-2592,-651.892,-331.604,-268.563
191000220662200,368169505133,130,countdown,-4448,1312,-2560,340.108,-43.6044,-236.563
191000221666900,368170504967,131,countdown,-5088,2080,-2656,-299.892,724.396,-332.563
191000222672500,368171506217,132,countdown,-4896,1344,-2080,-107.892,-11.6044,243.437
191000223673700,368172505050,133,countdown,-4896,1568,-2464,-107.892,212.396,-140.563
191000224673200,368173505092,134,countdown,-4288,1408,-2208,500.108,52.3956,115.437
191000225678700,368174504883,135,countdown,-4384,1408,-2432,404.108,52.3956,-108.563
191000226674000,368175504842,136,countdown,-4704,768,-2368,84.1079,-587.604,-44.5634
191000227673300,368176504925,137,countdown,-4864,1632,-2656,-75.8921,276.396,-332.563
191000228671800,368177504967,138,countdown,-4608,1056,-1984,180.108,-299.604,339.437
191000229675700,368178505008,139,countdown,-4128,1792,-2400,660.108,436.396,-76.5634
191000230676400,368179504925,140,countdown,-4992,1632,-2432,-203.892,276.396,-108.563
191000231666000,368180504800,141,countdown,-4448,1536,-2368,340.108,180.396,-44.5634
191000232668100,368181504883,142,countdown,-5088,1632,-2112,-299.892,276.396,211.437
191000233669600,368182505258,143,countdown,-4608,1504,-2336,180.108,148.396,-12.5634
191000234675300,368183505008,144,countdown,-5056,2080,-2784,-267.892,724.396,-460.563
191000235677800,368184505967,145,countdown,-4064,960,-2016,724.108,-395.604,307.437
191000236676100,368185504925,146,countdown,-4608,1280,-2880,180.108,-75.6044,-556.563
191000237756400,368186504883,147,countdown,-4768,1696,-2400,20.1079,340.396,-76.5634
191000238727600,368187505175,148,countdown,-5056,1408,-2336,-267.892,52.3956,-12.5634
191000239669500,368188505092,149,countdown,-4544,928,-2048,244.108,-427.604,275.437
191000240671900,368189505758,150,countdown,-4384,1024,-2208,404.108,-331.604,115.437
191000241672600,368190504925,151,countdown,-4832,1632,-2752,-43.8921,276.396,-428.563
191000242671200,368191504883,152,countdown,-4640,1568,-2752,148.108,212.396,-428.563
191000243663900,368192504967,153,countdown,-4672,1056,-2048,116.108,-299.604,275.437
191000244669200,368193504925,154,countdown,-4672,1152,-1408,116.108,-203.604,915.437
191000245667100,368194508258,155,countdown,-5024,1632,-2496,-235.892,276.396,-172.563
191000246659600,368195504925,156,countdown,-4960,1280,-2112,-171.892,-75.6044,211.437
191000247669700,368196504758,157,countdown,-4800,1472,-1664,-11.8921,116.396,659.437
191000248677400,368197505092,158,countdown,-4896,1472,-1600,-107.892,116.396,723.437
191000249675500,368198505008,159,countdown,-5536,1504,-2976,-747.892,148.396,-652.563
191000250670400,368199505050,160,countdown,-4608,1632,-2080,180.108,276.396,243.437
191000251670800,368200506508,161,countdown,-5408,1696,-2752,-619.892,340.396,-428.563
191000252653800,368201505342,162,countdown,-4672,1088,-2464,116.108,-267.604,-140.563
191000253723900,368202505050,163,countdown,-4864,2112,-2720,-75.8921,756.396,-396.563
191000254667200,368203505717,164,countdown,-4928,1024,-1856,-139.892,-331.604,467.437
191000255669500,368204505925,165,countdown,-5088,1248,-2784,-299.892,-107.604,-460.563
191000256652600,368205505008,166,countdown,-5024,1312,-2560,-235.892,-43.6044,-236.563
191000257660300,368206504800,167,countdown,-4736,1376,-1824,52.1079,20.3956,499.437
191000258664900,368207505425,168,countdown,-4640,1440,-1952,148.108,84.3956,371.437
191000259673000,368208506508,169,countdown,-5120,1408,-2496,-331.892,52.3956,-172.563
191000260658800,368209506092,170,countdown,-4320,1536,-2400,468.108,180.396,-76.5634
191000261675400,368210504842,171,countdown,-4800,1504,-2848,-11.8921,148.396,-524.563
191000262672800,368211504883,172,countdown,-5056,1056,-1952,-267.892,-299.604,371.437
191000263662300,368212505092,173,countdown,-4544,1408,-2464,244.108,52.3956,-140.563
191000264658400,368213505008,174,countdown,-4352,1216,-1952,436.108,-139.604,371.437
191000265663400,368214505800,175,countdown,-4928,1536,-2592,-139.892,180.396,-268.563
191000266662800,368215505425,176,countdown,-4448,1504,-2624,340.108,148.396,-300.563
191000267663100,368216505592,177,countdown,-4544,1376,-1984,244.108,20.3956,339.437
191000268651900,368217505175,178,countdown,-4608,1152,-2336,180.108,-203.604,-12.5634
191000269678800,368218506467,179,countdown,-4768,1376,-2496,20.1079,20.3956,-172.563
191000270758100,368219505008,180,countdown,-4416,1344,-2048,372.108,-11.6044,275.437
191000271749500,368220505092,181,countdown,-5024,1344,-2464,-235.892,-11.6044,-140.563
191000272768400,368221504467,182,countdown,-4736,1600,-2688,52.1079,244.396,-364.563
191000273746000,368222505133,183,countdown,-5312,1568,-2112,-523.892,212.396,211.437
191000274730400,368223505592,184,countdown,-4448,1248,-2336,340.108,-107.604,-12.5634
191000275757900,368224505383,185,countdown,-4864,1248,-1984,-75.8921,-107.604,339.437
191000276741500,368225504842,186,countdown,-4928,1536,-2400,-139.892,180.396,-76.5634
191000277767500,368226504925,187,countdown,-4640,992,-1920,148.108,-363.604,403.437
191000278756700,368227505092,188,countdown,-4928,1728,-2624,-139.892,372.396,-300.563
191000279757100,368228505467,189,countdown,-5344,1440,-2336,-555.892,84.3956,-12.5634
191000280753800,368229506258,190,countdown,-4800,1376,-2848,-11.8921,20.3956,-524.563
191000281787600,368230504883,191,countdown,-4448,1568,-1920,340.108,212.396,403.437
191000282763200,368231504842,192,countdown,-4896,1472,-2464,-107.892,116.396,-140.563
191000283738400,368232504967,193,countdown,-4992,1280,-2336,-203.892,-75.6044,-12.5634
191000284707900,368233504842,194,countdown,-4992,1536,-1856,-203.892,180.396,467.437
191000285672300,368234504967,195,countdown,-4864,704,-2272,-75.8921,-651.604,51.4366
191000286669200,368235505300,196,countdown,-4992,1600,-2112,-203.892,244.396,211.437
191000287671800,368236507425,197,countdown,-4832,1376,-2464,-43.8921,20.3956,-140.563
191000288650600,368237505008,198,countdown,-4704,1440,-1824,84.1079,84.3956,499.437
191000289668700,368238504842,199,countdown,-4768,1376,-1984,20.1079,20.3956,339.437
191000290652100,368239505008,200,countdown,-5152,1472,-2592,-363.892,116.396,-268.563
191000291669900,368240504883,201,countdown,-4928,1056,-1952,-139.892,-299.604,371.437
191000292654400,368241504800,202,countdown,-4896,1312,-2080,-107.892,-43.6044,243.437
191000293655300,368242504967,203,countdown,-5056,1408,-2912,-267.892,52.3956,-588.563
191000294732600,368243505758,204,countdown,-4416,1536,-2688,372.108,180.396,-364.563
191000295656800,368244504925,205,countdown,-4896,1728,-1792,-107.892,372.396,531.437
191000296654900,368245504842,206,countdown,-5152,1504,-2240,-363.892,148.396,83.4366
191000297667200,368246504842,207,countdown,-4896,1472,-2816,-107.892,116.396,-492.563
191000298668600,368247505050,208,countdown,-4416,1312,-2496,372.108,-43.6044,-172.563
191000299676300,368248504633,209,countdown,-5056,1376,-2112,-267.892,20.3956,211.437
191000300671700,368249504925,210,countdown,-4416,1600,-2720,372.108,244.396,-396.563
191000301665500,368250504883,211,countdown,-4832,1088,-2752,-43.8921,-267.604,-428.563
191000302826100,368251504800,212,countdown,-5056,1568,-2240,-267.892,212.396,83.4366
191000303657800,368252505092,213,countdown,-5056,1184,-2816,-267.892,-171.604,-492.563
191000304751100,368253505925,214,countdown,-5248,1696,-2688,-459.892,340.396,-364.563
191000305666300,368254504967,215,countdown,-4864,1088,-2304,-75.8921,-267.604,19.4366
191000306649000,368255504842,216,countdown,-4960,1824,-2944,-171.892,468.396,-620.563
191000307645600,368256505008,217,countdown,-4544,1344,-2016,244.108,-11.6044,307.437
191000308658700,368257505092,218,countdown,-4384,1376,-2624,404.108,20.3956,-300.563
191000309654700,368258505258,219,countdown,-4448,1120,-2496,340.108,-235.604,-172.563
191000310658100,368259504925,220,countdown,-4992,1504,-2656,-203.892,148.396,-332.563
191000311668100,368260506300,221,countdown,-5152,1824,-2560,-363.892,468.396,-236.563
191000312652600,368261505675,222,countdown,-4224,1312,-2144,564.108,-43.6044,179.437
191000313663900,368262505008,223,countdown,-4320,1280,-2176,468.108,-75.6044,147.437
191000314655400,368263505008,224,countdown,-4448,1312,-2080,340.108,-43.6044,243.437
191000315687900,368264504883,225,countdown,-5088,1056,-2368,-299.892,-299.604,-44.5634
191000316659000,368265506175,226,countdown,-4928,1504,-2688,-139.892,148.396,-364.563
191000317676700,368266504883,227,countdown,-4096,1440,-1792,692.108,84.3956,531.437
191000318654000,368267505008,228,countdown,-4960,1440,-2624,-171.892,84.3956,-300.563
191000319658300,368268505467,229,countdown,-4960,1760,-2144,-171.892,404.396,179.437
191000320677600,368269504883,230,countdown,-4224,2080,-2848,564.108,724.396,-524.563
191000321672000,368270505467,231,countdown,-4224,1120,-2176,564.108,-235.604,147.437
191000322674700,368271506550,232,countdown,-4704,992,-2592,84.1079,-363.604,-268.563
191000323652700,368272505008,233,countdown,-4672,736,-1568,116.108,-619.604,755.437
191000324668600,368273505050,234,countdown,-4704,1664,-2944,84.1079,308.396,-620.563
191000325660000,368274504925,235,countdown,-5088,1408,-1856,-299.892,52.3956,467.437
191000326652000,368275504550,236,countdown,-5152,1632,-2720,-363.892,276.396,-396.563
191000327651200,368276505133,237,countdown,-5120,1440,-2496,-331.892,84.3956,-172.563
191000328650600,368277505050,238,countdown,-4512,1568,-1920,276.108,212.396,403.437
191000329663500,368278504967,239,countdown,-5056,1344,-1760,-267.892,-11.6044,563.437
191000330656100,368279504842,240,countdown,-4864,1696,-2528,-75.8921,340.396,-204.563
191000331652900,368280504633,241,countdown,-5344,1568,-2400,-555.892,212.396,-76.5634
191000332646800,368281505008,242,countdown,-4288,1184,-1536,500.108,-171.604,787.437
191000333646600,368282504842,243,countdown,-4832,960,-2016,-43.8921,-395.604,307.437
191000334649100,368283505092,244,countdown,-4992,1376,-1984,-203.892,20.3956,339.437
191000335651000,368284504883,245,countdown,-5280,1248,-2528,-491.892,-107.604,-204.563
191000336649400,368285505008,246,countdown,-5024,1664,-1952,-235.892,308.396,371.437
191000337646400,368286504925,247,countdown,-4384,1440,-1376,404.108,84.3956,947.437
191000338645900,368287505175,248,countdown,-4576,1024,-1824,212.108,-331.604,499.437
191000339656600,368288504925,249,countdown,-4768,1280,-1728,20.1079,-75.6044,595.437
191000340656700,368289504842,250,countdown,-4960,1408,-2464,-171.892,52.3956,-140.563
191000341643000,368290504758,251,countdown,-5184,1536,-3072,-395.892,180.396,-748.563
191000342648800,368291505092,252,countdown,-4832,1632,-2432,-43.8921,276.396,-108.563
191000343647100,368292505008,253,countdown,-4448,1152,-2208,340.108,-203.604,115.437
191000344664600,368293505092,254,countdown,-4832,1248,-2304,-43.8921,-107.604,19.4366
191000345661700,368294505800,255,countdown,-4512,1408,-2080,276.108,52.3956,243.437
191000346658000,368295506383,0,countdown,-4416,1440,-2496,372.108,84.3956,-172.563
191000347652300,368296505050,1,countdown,-4736,1696,-1568,52.1079,340.396,755.437
191000348674700,368297504967,2,countdown,-4768,1120,-2496,20.1079,-235.604,-172.563
191000349661000,368298504883,3,countdown,-5280,1248,-2144,-491.892,-107.604,179.437
191000350655800,368299504800,4,countdown,-4192,1024,-2048,596.108,-331.604,275.437
191000351657100,368300508092,5,countdown,-4416,1760,-2272,372.108,404.396,51.4366
191000352651500,368301504925,6,countdown,-4992,1440,-2240,-203.892,84.3956,83.4366
191000353646300,368302505550,7,countdown,-4224,1312,-2048,564.108,-43.6044,275.437
191000354644400,368303505050,8,countdown,-5248,1408,-2976,-459.892,52.3956,-652.563
191000355655800,368304504842,9,countdown,-5184,1632,-2400,-395.892,276.396,-76.5634
191000356646600,368305504925,10,countdown,-5280,1568,-2240,-491.892,212.396,83.4366
191000357667000,368306505008,11,countdown,-4576,1344,-2496,212.108,-11.6044,-172.563
191000358658300,368307504592,12,countdown,-4864,1024,-2624,-75.8921,-331.604,-300.563
191000359645400,368308504967,13,countdown,-4576,1952,-1920,212.108,596.396,403.437
191000360648200,368309504842,14,countdown,-4640,1088,-2176,148.108,-267.604,147.437
191000361651400,368310504883,15,countdown,-4672,1344,-2272,116.108,-11.6044,51.4366
191000362660400,368311505217,16,countdown,-5280,1536,-2624,-491.892,180.396,-300.563
191000363648800,368312505008,17,countdown,-4928,1472,-1856,-139.892,116.396,467.437
191000364646400,368313505008,18,countdown,-4800,1408,-2560,-11.8921,52.3956,-236.563
191000365645700,368314504717,19,countdown,-4288,1408,-1824,500.108,52.3956,499.437
191000366643500,368315507467,20,countdown,-4896,1312,-2016,-107.892,-43.6044,307.437
191000367646200,368316505092,21,countdown,-3936,1312,-2336,852.108,-43.6044,-12.5634
191000368652500,368317505092,22,countdown,-4896,832,-2880,-107.892,-523.604,-556.563
191000369673200,368318504967,23,countdown,-5024,1376,-2048,-235.892,20.3956,275.437
191000370655300,368319504842,24,countdown,-5312,1344,-2496,-523.892,-11.6044,-172.563
191000371647500,368320504758,25,countdown,-5120,1088,-2176,-331.892,-267.604,147.437
191000372659400,368321506008,26,countdown,-4992,1984,-2720,-203.892,628.396,-396.563
191000373658200,368322505008,27,countdown,-4512,1280,-2336,276.108,-75.6044,-12.5634
191000374649900,368323504925,28,countdown,-5376,1536,-2912,-587.892,180.396,-588.563
191000375647300,368324504758,29,countdown,-4448,1024,-1088,340.108,-331.604,1235.44
191000376647500,368325504758,30,countdown,-4512,1376,-3104,276.108,20.3956,-780.563
191000377644400,368326504967,31,countdown,-4960,1440,-2752,-171.892,84.3956,-428.563
191000378646500,368327504925,32,countdown,-5024,2048,-2272,-235.892,692.396,51.4366
191000379671100,368328504842,33,countdown,-4864,1536,-3072,-75.8921,180.396,-748.563
191000380652900,368329504800,34,countdown,-4640,1024,-2464,148.108,-331.604,-140.563
191000381663500,368330506383,35,countdown,-4512,1376,-2016,276.108,20.3956,307.437
191000382653700,368331504925,36,countdown,-5216,1248,-2464,-427.892,-107.604,-140.563
191000383667200,368332504508,37,countdown,-4192,1248,-2592,596.108,-107.604,-268.563
191000384643800,368333505717,38,countdown,-4480,992,-1984,308.108,-363.604,339.437
191000385658400,368334504842,39,countdown,-4800,1440,-1760,-11.8921,84.3956,563.437
191000386654400,368335506092,40,countdown,-4992,1312,-2624,-203.892,-43.6044,-300.563
191000387657900,368336505133,41,countdown,-4320,1312,-2400,468.108,-43.6044,-76.5634
191000388673800,368337505008,42,countdown,-5184,1152,-2976,-395.892,-203.604,-652.563
191000389920000,368338504883,43,countdown,-4736,1536,-2528,52.1079,180.396,-204.563
191000390751000,368339504758,44,countdown,-4864,1472,-2688,-75.8921,116.396,-364.563
191000391746000,368340505050,45,countdown,-4640,1632,-3104,148.108,276.396,-780.563
191000392735400,368341504967,46,countdown,-4352,1056,-2240,436.108,-299.604,83.4366
191000393722300,368342505008,47,countdown,-4512,1408,-2208,276.108,52.3956,115.437
191000394771100,368343504925,48,countdown,-4704,1312,-2144,84.1079,-43.6044,179.437
191000395727600,368344506550,49,countdown,-4992,1248,-2400,-203.892,-107.604,-76.5634
191000396749200,368345504883,50,countdown,-4544,1184,-2176,244.108,-171.604,147.437
191000397763300,368346504967,51,countdown,-5088,1568,-2496,-299.892,212.396,-172.563
191000398727200,368347505675,52,countdown,-4992,1440,-2752,-203.892,84.3956,-428.563
191000399805000,368348506467,53,countdown,-4768,1344,-2752,20.1079,-11.6044,-428.563
191000400719700,368349505550,54,countdown,-4608,1600,-2336,180.108,244.396,-12.5634
191000401776700,368350505008,55,countdown,-4448,1152,-1696,340.108,-203.604,627.437
191000402761700,368351504925,56,countdown,-4928,1344,-3072,-139.892,-11.6044,-748.563
191000403756600,368352506300,57,countdown,-4704,1120,-2464,84.1079,-235.604,-140.563
191000404699400,368353504842,58,countdown,-4928,1280,-1312,-139.892,-75.6044,1011.44
191000405751500,368354504550,59,countdown,-5088,1568,-2272,-299.892,212.396,51.4366
191000406760600,368355504883,60,countdown,-4640,1472,-2656,148.108,116.396,-332.563
191000407737000,368356504883,61,countdown,-4768,1568,-2048,20.1079,212.396,275.437
191000408777500,368357504925,62,countdown,-4928,1312,-2016,-139.892,-43.6044,307.437
191000409736600,368358504842,63,countdown,-4384,832,-2208,404.108,-523.604,115.437
191000410731100,368359504883,64,countdown,-4576,1408,-2528,212.108,52.3956,-204.563
191000411736800,368360504842,65,countdown,-4640,1504,-2592,148.108,148.396,-268.563
191000412653000,368361504967,66,countdown,-4800,1600,-2432,-11.8921,244.396,-108.563
191000413679700,368362504925,67,countdown,-4832,1440,-2464,-43.8921,84.3956,-140.563
191000414658800,368363504883,68,countdown,-4960,1760,-2240,-171.892,404.396,83.4366
191000415656000,368364505425,69,countdown,-5056,1056,-2432,-267.892,-299.604,-108.563
191000416654300,368365506133,70,countdown,-4736,1472,-2432,52.1079,116.396,-108.563
191000417650200,368366504967,71,countdown,-4736,1216,-2848,52.1079,-139.604,-524.563
191000418649000,368367506008,72,countdown,-4384,1504,-2080,404.108,148.396,243.437
191000419649800,368368504925,73,countdown,-5152,1280,-2720,-363.892,-75.6044,-396.563
191000420655000,368369504383,74,countdown,-4576,1120,-2304,212.108,-235.604,19.4366
191000421716400,368370504883,75,countdown,-4576,992,-2656,212.108,-363.604,-332.563
191000422655400,368371504967,76,countdown,-4608,1184,-2112,180.108,-171.604,211.437
191000423665400,368372504883,77,countdown,-5152,1440,-2272,-363.892,84.3956,51.4366
191000424754300,368373506217,78,countdown,-5088,768,-2304,-299.892,-587.604,19.4366
191000425654500,368374504550,79,countdown,-4928,1792,-2752,-139.892,436.396,-428.563
191000426719500,368375504800,80,countdown,-4576,960,-2112,212.108,-395.604,211.437
191000427768800,368376505175,81,countdown,-4704,1312,-1760,84.1079,-43.6044,563.437
191000428756700,368377504967,82,countdown,-4352,960,-2048,436.108,-395.604,275.437
191000429719800,368378504883,83,countdown,-4480,1472,-2720,308.108,116.396,-396.563
191000430752900,368379504758,84,countdown,-3968,1248,-1760,820.108,-107.604,563.437
191000431728600,368380505092,85,countdown,-4832,1760,-2272,-43.8921,404.396,51.4366
191000432756200,368381504800,86,countdown,-4992,1888,-2464,-203.892,532.396,-140.563
191000433719400,368382504967,87,countdown,-4928,1952,-2208,-139.892,596.396,115.437
191000434729100,368383504717,88,countdown,-4768,1568,-2400,20.1079,212.396,-76.5634
191000435733900,368384504883,89,countdown,-4768,1600,-2752,20.1079,244.396,-428.563
191000436687000,368385504925,90,countdown,-4640,1376,-2624,148.108,20.3956,-300.563
191000437725900,368386505508,91,countdown,-4384,736,-1536,404.108,-619.604,787.437
191000438735700,368387505008,92,countdown,-4512,1120,-1888,276.108,-235.604,435.437
191000439713700,368388504842,93,countdown,-4128,1856,-2368,660.108,500.396,-44.5634
191000440649400,368389504717,94,countdown,-4704,1376,-1952,84.1079,20.3956,371.437
191000441652800,368390506467,95,countdown,-4512,1504,-2464,276.108,148.396,-140.563
191000442652400,368391504883,96,countdown,-4896,1696,-2592,-107.892,340.396,-268.563
191000443652400,368392505008,97,countdown,-4896,1216,-2400,-107.892,-139.604,-76.5634
191000444650300,368393504925,98,countdown,-4928,1856,-1952,-139.892,500.396,371.437
191000445650300,368394506217,99,countdown,-4736,1344,-2336,52.1079,-11.6044,-12.5634
191000446650400,368395504967,100,countdown,-5024,1216,-2144,-235.892,-139.604,179.437
191000447650400,368396504967,101,countdown,-4992,1696,-2624,-203.892,340.396,-300.563
191000448652000,368397505008,102,countdown,-4896,1696,-2368,-107.892,340.396,-44.5634
191000449650200,368398504800,103,countdown,-4928,1280,-1696,-139.892,-75.6044,627.437
191000450652200,368399504842,104,countdown,-4928,1728,-2944,-139.892,372.396,-620.563
191000451651300,368400505092,105,countdown,-5088,1152,-2848,-299.892,-203.604,-524.563
191000452661200,368401507383,106,countdown,-4992,1408,-1920,-203.892,52.3956,403.437
191000453654900,368402506383,107,countdown,-4768,992,-2112,20.1079,-363.604,211.437
191000454653800,368403504800,108,countdown,-4448,1376,-2560,340.108,20.3956,-236.563
191000455652800,368404504800,109,countdown,-4832,1344,-2368,-43.8921,-11.6044,-44.5634
191000456652800,368405504967,110,countdown,-4832,832,-1696,-43.8921,-523.604,627.437
191000457652800,368406505092,111,countdown,-4960,1600,-2880,-171.892,244.396,-556.563
191000458652800,368407508133,112,countdown,-4192,1632,-2368,596.108,276.396,-44.5634
191000459652800,368408504842,113,countdown,-4928,1472,-2016,-139.892,116.396,307.437
191000460652400,368409504842,114,countdown,-4864,1632,-2592,-75.8921,276.396,-268.563
191000461652600,368410505050,115,countdown,-5248,1184,-2912,-459.892,-171.604,-588.563
191000462651600,368411505050,116,countdown,-5280,1152,-2208,-491.892,-203.604,115.437
191000463652400,368412505217,117,countdown,-4320,1184,-2208,468.108,-171.604,115.437
191000464650600,368413504842,118,countdown,-4864,1600,-2336,-75.8921,244.396,-12.5634
191000465652500,368414504800,119,countdown,-4608,1664,-2112,180.108,308.396,211.437
191000466650800,368415505008,120,countdown,-5184,1280,-2240,-395.892,-75.6044,83.4366
191000467652400,368416504967,121,countdown,-4896,1696,-2080,-107.892,340.396,243.437
191000468645300,368417504883,122,countdown,-4768,1472,-2080,20.1079,116.396,243.437
191000469654200,368418507550,123,countdown,-4544,1184,-2112,244.108,-171.604,211.437
191000470654800,368419504842,124,countdown,-5184,1248,-2368,-395.892,-107.604,-44.5634
191000471653600,368420505092,125,countdown,-4512,1280,-2208,276.108,-75.6044,115.437
191000472654000,368421505008,126,countdown,-4640,1536,-2432,148.108,180.396,-108.563
191000473651600,368422504925,127,countdown,-5248,1760,-2848,-459.892,404.396,-524.563
191000474650600,368423505258,128,countdown,-4576,1088,-2208,212.108,-267.604,115.437
191000475650600,368424507508,129,countdown,-4832,1344,-2240,-43.8921,-11.6044,83.4366
191000476652200,368425505967,130,countdown,-5216,1376,-2592,-427.892,20.3956,-268.563
191000477652400,368426504967,131,countdown,-4192,1152,-1952,596.108,-203.604,371.437
191000478652500,368427504925,132,countdown,-4448,928,-2304,340.108,-427.604,19.4366
191000479652300,368428505008,133,countdown,-4896,1568,-2432,-107.892,212.396,-108.563
191000480652300,368429505050,134,countdown,-4960,1504,-2912,-171.892,148.396,-588.563
191000481648300,368430505467,135,countdown,-4832,1376,-1792,-43.8921,20.3956,531.437
191000482647900,368431504967,136,countdown,-4864,1568,-2432,-75.8921,212.396,-108.563
191000483646400,368432504800,137,countdown,-4672,1536,-2368,116.108,180.396,-44.5634
191000484648200,368433504550,138,countdown,-4896,1312,-2560,-107.892,-43.6044,-236.563
191000485652100,368434504842,139,countdown,-4928,1280,-2176,-139.892,-75.6044,147.437
191000486650700,368435504925,140,countdown,-4544,1632,-1696,244.108,276.396,627.437
191000487652700,368436505008,141,countdown,-5248,1280,-2944,-459.892,-75.6044,-620.563
191000488652300,368437504883,142,countdown,-4672,1312,-2752,116.108,-43.6044,-428.563
191000489650400,368438504925,143,countdown,-5472,1440,-2976,-683.892,84.3956,-652.563
191000490652100,368439504758,144,countdown,-4640,1472,-2336,148.108,116.396,-12.5634
191000491652400,368440504842,145,countdown,-5120,1024,-2048,-331.892,-331.604,275.437
191000492652200,368441505217,146,countdown,-4480,1664,-2112,308.108,308.396,211.437
191000493652000,368442506258,147,countdown,-4672,1312,-2016,116.108,-43.6044,307.437
191000494650100,368443504883,148,countdown,-4768,1280,-1536,20.1079,-75.6044,787.437
191000495652400,368444504758,149,countdown,-5216,1664,-2432,-427.892,308.396,-108.563
191000496650300,368445507383,150,countdown,-4352,1504,-2720,436.108,148.396,-396.563
191000497652400,368446504967,151,countdown,-4960,1056,-2432,-171.892,-299.604,-108.563
191000498652900,368447505050,152,countdown,-5376,1184,-2592,-587.892,-171.604,-268.563
191000499643400,368448504758,153,countdown,-4320,1536,-2048,468.108,180.396,275.437
191000501114000,368449504758,154,countdown,-4480,2304,-3136,308.108,948.396,-812.563
191000501656500,368450505592,155,countdown,-4160,1536,-2016,628.108,180.396,307.437
191000502863400,368451505008,156,countdown,-4896,1408,-2656,-107.892,52.3956,-332.563
191000503653400,368452504842,157,countdown,-4544,1408,-2496,244.108,52.3956,-172.563
191000504660400,368453505050,158,countdown,-4288,1664,-1760,500.108,308.396,563.437
191000505655000,368454504842,159,countdown,-4768,960,-2336,20.1079,-395.604,-12.5634
191000506652400,368455504967,160,countdown,-4416,1472,-2048,372.108,116.396,275.437
191000507652600,368456505008,161,countdown,-4864,1376,-2016,-75.8921,20.3956,307.437
191000508652200,368457504842,162,countdown,-4800,1824,-2336,-11.8921,468.396,-12.5634
191000509650500,368458504800,163,countdown,-4832,1216,-2912,-43.8921,-139.604,-588.563
191000510652300,368459504800,164,countdown,-4768,1312,-2240,20.1079,-43.6044,83.4366
191000511652300,368460507508,165,countdown,-4448,1376,-2464,340.108,20.3956,-140.563
191000512647200,368461505050,166,countdown,-4832,1248,-2624,-43.8921,-107.604,-300.563
191000513646400,368462504883,167,countdown,-4384,1280,-1600,404.108,-75.6044,723.437
191000514645800,368463504883,168,countdown,-4992,1440,-1696,-203.892,84.3956,627.437
191000515675100,368464504758,169,countdown,-4576,1056,-2592,212.108,-299.604,-268.563
191000516664900,368465509050,170,countdown,-5504,1440,-2624,-715.892,84.3956,-300.563
191000517649500,368466504883,171,countdown,-5440,1856,-2016,-651.892,500.396,307.437
191000518653600,368467504717,172,countdown,-4672,1184,-2176,116.108,-171.604,147.437
191000519657200,368468504883,173,countdown,-4288,1184,-1984,500.108,-171.604,339.437
191000520655100,368469504925,174,countdown,-4800,1056,-2528,-11.8921,-299.604,-204.563
191000521655900,368470504925,175,countdown,-5088,1184,-2432,-299.892,-171.604,-108.563
191000522646700,368471504967,176,countdown,-4832,1312,-2368,-43.8921,-43.6044,-44.5634
191000523645600,368472504800,177,countdown,-4416,1024,-2592,372.108,-331.604,-268.563
191000524643400,368473504800,178,countdown,-5024,1280,-2848,-235.892,-75.6044,-524.563
191000525643700,368474504883,179,countdown,-5120,1152,-2688,-331.892,-203.604,-364.563
191000526645500,368475505717,180,countdown,-5344,1600,-2048,-555.892,244.396,275.437
191000527645700,368476504967,181,countdown,-4608,1312,-2368,180.108,-43.6044,-44.5634
191000528652200,368477505425,182,countdown,-4672,1504,-2592,116.108,148.396,-268.563
191000529650200,368478504842,183,countdown,-4896,1536,-2112,-107.892,180.396,211.437
191000530651900,368479504758,184,countdown,-4800,1408,-2432,-11.8921,52.3956,-108.563
191000531653600,368480505383,185,countdown,-4736,1536,-2336,52.1079,180.396,-12.5634
191000532655000,368481504967,186,countdown,-4448,1696,-1824,340.108,340.396,499.437
191000533647700,368482505633,187,countdown,-5216,1856,-2624,-427.892,500.396,-300.563
191000534641600,368483506425,188,countdown,-5024,1440,-1664,-235.892,84.3956,659.437
191000535639700,368484505133,189,countdown,-4928,1344,-2144,-139.892,-11.6044,179.437
191000536641500,368485505008,190,countdown,-4864,1440,-2560,-75.8921,84.3956,-236.563
191000537642700,368486504883,191,countdown,-4320,1344,-2464,468.108,-11.6044,-140.563
191000538827700,368487507133,192,countdown,-4704,1056,-2112,84.1079,-299.604,211.437
191000539644200,368488504883,193,countdown,-4800,1312,-2240,-11.8921,-43.6044,83.4366
191000540643700,368489506425,194,countdown,-5120,1376,-2272,-331.892,20.3956,51.4366
191000541792100,368490504925,195,countdown,-4928,1088,-2688,-139.892,-267.604,-364.563
191000542879300,368491504883,196,countdown,-4928,1184,-2080,-139.892,-171.604,243.437
191000543644400,368492504842,197,countdown,-4800,1088,-2304,-11.8921,-267.604,19.4366
191000544644500,368493504925,198,countdown,-4192,928,-2080,596.108,-427.604,243.437
191000545737100,368494504758,199,countdown,-4480,1312,-2912,308.108,-43.6044,-588.563
191000546641300,368495505092,200,countdown,-4928,1248,-2432,-139.892,-107.604,-108.563
191000547686500,368496504883,201,countdown,-4608,1440,-2464,180.108,84.3956,-140.563
191000548641500,368497506175,202,countdown,-4800,1344,-2368,-11.8921,-11.6044,-44.5634
191000549648400,368498504967,203,countdown,-4640,1216,-2496,148.108,-139.604,-172.563
191000550640800,368499506342,204,countdown,-4480,1248,-2400,308.108,-107.604,-76.5634
191000551640200,368500505258,205,countdown,-4864,1536,-3232,-75.8921,180.396,-908.563
191000552641100,368501504842,206,countdown,-4256,1440,-1856,532.108,84.3956,467.437
191000553641700,368502504383,207,countdown,-4832,1472,-2304,-43.8921,116.396,19.4366
191000554642100,368503504842,208,countdown,-5152,1120,-2688,-363.892,-235.604,-364.563
191000555639300,368504505050,209,countdown,-4992,1696,-2272,-203.892,340.396,51.4366
191000556641200,368505504883,210,countdown,-4448,1536,-2048,340.108,180.396,275.437
191000557645700,368506504883,211,countdown,-4544,1376,-2016,244.108,20.3956,307.437
191000558641200,368507506842,212,countdown,-4800,1216,-2592,-11.8921,-139.604,-268.563
191000559641000,368508504883,213,countdown,-4672,1152,-2464,116.108,-203.604,-140.563
191000560641500,368509505008,214,countdown,-4544,768,-2368,244.108,-587.604,-44.5634
191000561641800,368510505008,215,countdown,-4608,1824,-2496,180.108,468.396,-172.563
191000562657500,368511504842,216,countdown,-4896,1408,-2080,-107.892,52.3956,243.437
191000563644800,368512505425,217,countdown,-4768,1248,-2528,20.1079,-107.604,-204.563
191000564657800,368513506342,218,countdown,-4896,1440,-2208,-107.892,84.3956,115.437
191000565783100,368514508258,219,countdown,-5248,1120,-2208,-459.892,-235.604,115.437
191000566794200,368515508758,220,countdown,-4512,1536,-2464,276.108,180.396,-140.563
191000567768700,368516510175,221,countdown,-4992,1664,-2272,-203.892,308.396,51.4366
191000568766300,368517514467,222,countdown,-5120,1504,-2464,-331.892,148.396,-140.563
191000569774000,368518516258,223,countdown,-4288,1056,-1792,500.108,-299.604,531.437
191000570639400,368519506675,224,countdown,-5056,1376,-2368,-267.892,20.3956,-44.5634
191000571767600,368520509717,225,countdown,-4640,1280,-2272,148.108,-75.6044,51.4366
191000572766400,368521510092,226,countdown,-4768,1664,-2816,20.1079,308.396,-492.563
191000573766900,368522510758,227,countdown,-4416,1280,-2560,372.108,-75.6044,-236.563
191000574766300,368523511508,228,countdown,-5120,1312,-2464,-331.892,-43.6044,-140.563
191000575766700,368524513508,229,countdown,-4576,992,-1824,212.108,-363.604,499.437
191000576641600,368525508175,230,countdown,-4960,1280,-2368,-171.892,-75.6044,-44.5634
191000577764900,368526513217,231,countdown,-4512,1472,-2624,276.108,116.396,-300.563
191000578806800,368527508633,232,countdown,-4800,1152,-2336,-11.8921,-203.604,-12.5634
191000579778300,368528510092,233,countdown,-5280,1536,-2208,-491.892,180.396,115.437
191000580781600,368529511008,234,countdown,-4864,1472,-2048,-75.8921,116.396,275.437
191000581778200,368530509800,235,countdown,-5120,1376,-2336,-331.892,20.3956,-12.5634
191000582648500,368531508758,236,countdown,-5184,1120,-2304,-395.892,-235.604,19.4366
191000583780400,368532508883,237,countdown,-4672,1024,-1952,116.108,-331.604,371.437
191000584779500,368533512092,238,countdown,-4928,1696,-2240,-139.892,340.396,83.4366
191000585779800,368534508217,239,countdown,-4832,1408,-2688,-43.8921,52.3956,-364.563
191000586780800,368535508342,240,countdown,-4608,1248,-1568,180.108,-107.604,755.437
191000587779900,368536508258,241,countdown,-4864,864,-2176,-75.8921,-491.604,147.437
191000588646800,368537508508,242,countdown,-4800,1344,-2720,-11.8921,-11.6044,-396.563
191000589779400,368538511008,243,countdown,-4736,1696,-2080,52.1079,340.396,243.437
191000590779300,368539510883,244,countdown,-4768,1312,-2464,20.1079,-43.6044,-140.563
191000591776900,368540510925,245,countdown,-4832,1344,-2720,-43.8921,-11.6044,-396.563
191000592778900,368541508675,246,countdown,-5056,1280,-2112,-267.892,-75.6044,211.437
191000593644400,368542508258,247,countdown,-4448,1408,-2240,340.108,52.3956,83.4366
191000594647400,368543506092,248,countdown,-4416,1216,-2144,372.108,-139.604,179.437
191000595777900,368544506883,249,countdown,-4576,992,-1920,212.108,-363.604,403.437
191000596790500,368545511050,250,countdown,-4672,1408,-2272,116.108,52.3956,51.4366
191000597782100,368546510925,251,countdown,-4096,992,-2048,692.108,-363.604,275.437
191000598646600,368547508717,252,countdown,-4512,1312,-2272,276.108,-43.6044,51.4366
191000599769700,368548509258,253,countdown,-4864,1376,-2400,-75.8921,20.3956,-76.5634
191000600775500,368549510258,254,countdown,-4128,1344,-2176,660.108,-11.6044,147.437
191000601770800,368550509008,255,countdown,-4352,1472,-2016,436.108,116.396,307.437
191000602645300,368551507842,0,countdown,-4576,1376,-2752,212.108,20.3956,-428.563
191000603771700,368552512217,1,countdown,-4544,1568,-2848,244.108,212.396,-524.563
191000604768900,368553508842,2,countdown,-4864,832,-2688,-75.8921,-523.604,-364.563
191000605777400,368554511550,3,countdown,-4352,1184,-2368,436.108,-171.604,-44.5634
191000606776100,368555512008,4,countdown,-4928,1184,-1984,-139.892,-171.604,339.437
191000607777500,368556515383,5,countdown,-4832,1056,-2400,-43.8921,-299.604,-76.5634
191000608645500,368557506508,6,countdown,-4640,1120,-2336,148.108,-235.604,-12.5634
191000609777700,368558506800,7,countdown,-4608,1376,-2240,180.108,20.3956,83.4366
191000610774900,368559510342,8,countdown,-4736,1312,-1920,52.1079,-43.6044,403.437
191000611785900,368560508633,9,countdown,-4864,1248,-2912,-75.8921,-107.604,-588.563
191000612773900,368561512758,10,countdown,-4480,1440,-2016,308.108,84.3956,307.437
191000613772100,368562509217,11,countdown,-4672,1312,-1984,116.108,-43.6044,339.437
191000614647600,368563506425,12,countdown,-4896,1440,-1696,-107.892,84.3956,627.437
191000615777500,368564513467,13,countdown,-4512,1568,-1792,276.108,212.396,531.437
191000616779000,368565514342,14,countdown,-5408,1728,-2208,-619.892,372.396,115.437
191000617776700,368566512508,15,countdown,-4992,1536,-2496,-203.892,180.396,-172.563
191000618778300,368567511175,16,countdown,-4544,1632,-1888,244.108,276.396,435.437
191000619771300,368568515258,17,countdown,-4832,1664,-2592,-43.8921,308.396,-268.563
191000620646100,368569505050,18,countdown,-4160,1344,-2080,628.108,-11.6044,243.437
191000621651600,368570506342,19,countdown,-5056,1344,-2400,-267.892,-11.6044,-76.5634
191000622651000,368571505508,20,countdown,-4864,1664,-2208,-75.8921,308.396,115.437
191000623653400,368572504758,21,countdown,-4928,1568,-2656,-139.892,212.396,-332.563
191000624653200,368573504800,22,countdown,-4864,1056,-2272,-75.8921,-299.604,51.4366
191000625653400,368574505967,23,countdown,-5056,1408,-3136,-267.892,52.3956,-812.563
191000626652500,368575504800,24,countdown,-4992,1472,-2368,-203.892,116.396,-44.5634
191000627648200,368576504842,25,countdown,-4576,1408,-2528,212.108,52.3956,-204.563
191000628640800,368577504758,26,countdown,-4448,1856,-2528,340.108,500.396,-204.563
191000629640700,368578504675,27,countdown,-4768,1472,-2624,20.1079,116.396,-300.563
191000630640900,368579504925,28,countdown,-4384,1024,-2496,404.108,-331.604,-172.563
191000631650800,368580504883,29,countdown,-4672,1280,-2304,116.108,-75.6044,19.4366
191000632655000,368581504925,30,countdown,-5216,1600,-2176,-427.892,244.396,147.437
191000633654000,368582504633,31,countdown,-4992,1120,-2176,-203.892,-235.604,147.437
191000634651900,368583505717,32,countdown,-5088,1472,-2912,-299.892,116.396,-588.563
191000635653800,368584504925,33,countdown,-5024,928,-2528,-235.892,-427.604,-204.563
191000636650500,368585504883,34,countdown,-4960,1184,-2112,-171.892,-171.604,211.437
191000637654000,368586504883,35,countdown,-5280,1344,-2336,-491.892,-11.6044,-12.5634
191000638653800,368587504758,36,countdown,-5056,1984,-2624,-267.892,628.396,-300.563
191000639653700,368588505008,37,countdown,-4608,1568,-2336,180.108,212.396,-12.5634
191000640647900,368589504883,38,countdown,-4896,1440,-2240,-107.892,84.3956,83.4366
191000641647700,368590504925,39,countdown,-5248,1536,-2080,-459.892,180.396,243.437
191000642641300,368591504925,40,countdown,-4864,1664,-2400,-75.8921,308.396,-76.5634
191000643649100,368592504717,41,countdown,-4512,1472,-2304,276.108,116.396,19.4366
191000644653300,368593505050,42,countdown,-4640,1216,-3168,148.108,-139.604,-844.563
191000645653900,368594504967,43,countdown,-4672,1312,-2144,116.108,-43.6044,179.437
191000646654100,368595504925,44,countdown,-3552,768,-1856,1236.11,-587.604,467.437
191000647654000,368596504842,45,countdown,-3872,768,-2368,916.108,-587.604,-44.5634
191000648653900,368597504800,46,countdown,-3520,608,-2464,1268.11,-747.604,-140.563
191000649653900,368598504967,47,countdown,-3744,800,-2144,1044.11,-555.604,179.437
191000650653900,368599504883,48,countdown,-3328,928,-2624,1460.11,-427.604,-300.563
191000651652000,368600507133,49,countdown,-3584,544,-2048,1204.11,-811.604,275.437
191000653111300,368601506258,50,countdown,-4000,704,-2176,788.108,-651.604,147.437
191000653644500,368602504633,51,countdown,-3424,960,-2464,1364.11,-395.604,-140.563
191000655671600,368603505133,52,countdown,-4000,416,-2240,788.108,-939.604,83.4366
191000655691600,368604504883,53,countdown,-3360,384,-2208,1428.11,-971.604,115.437
191000656812800,368605505008,54,countdown,-3168,-224,-1216,1620.11,-1579.6,1107.44
191000657648400,368606504800,55,countdown,-3488,96,-2240,1300.11,-1259.6,83.4366
191000659129900,368607504675,56,countdown,-3136,-192,-1760,1652.11,-1547.6,563.437
191000660443000,368608505050,57,countdown,-3520,-800,-1568,1268.11,-2155.6,755.437
191000660646700,368609504883,58,countdown,-3360,-544,-1504,1428.11,-1899.6,819.437
191000661643000,368610507133,59,countdown,-4224,-416,-1280,564.108,-1771.6,1043.44
191000662646400,368611504883,60,countdown,-4416,-512,-1056,372.108,-1867.6,1267.44
191000663654700,368612505633,61,countdown,-4480,-320,-1056,308.108,-1675.6,1267.44
191000664655800,368613504967,62,countdown,-4384,-576,-1184,404.108,-1931.6,1139.44
191000665654300,368614504883,63,countdown,-3808,-32,-608,980.108,-1387.6,1715.44
191000666653800,368615504258,64,countdown,-5312,64,-2464,-523.892,-1291.6,-140.563
191000667652200,368616504967,65,countdown,-4960,704,-2240,-171.892,-651.604,83.4366
191000668653900,368617504758,66,countdown,-4832,640,-2144,-43.8921,-715.604,179.437
191000669785200,368618505050,67,countdown,-5792,1280,-2880,-1003.89,-75.6044,-556.563
191000670648100,368619504883,68,countdown,-5920,1184,-1856,-1131.89,-171.604,467.437
191000671650200,368620504967,69,countdown,-6144,2176,-2528,-1355.89,820.396,-204.563
191000672649600,368621504883,70,countdown,-5920,2720,-2784,-1131.89,1364.4,-460.563
191000673647600,368622504758,71,countdown,-6080,2368,-2560,-1291.89,1012.4,-236.563
191000674643200,368623504925,72,countdown,-5568,3616,-2688,-779.892,2260.4,-364.563
191000675647100,368624504925,73,countdown,-5440,3264,-3584,-651.892,1908.4,-1260.56
191000676647600,368625504967,74,countdown,-5472,3360,-3040,-683.892,2004.4,-716.563
191000677647700,368626504842,75,countdown,-6560,3808,-3616,-1771.89,2452.4,-1292.56
191000678646400,368627504717,76,countdown,-5792,3680,-3552,-1003.89,2324.4,-1228.56
191000679657100,368628505050,77,countdown,-5248,4160,-3712,-459.892,2804.4,-1388.56
191000680661100,368629504925,78,countdown,-5856,4544,-3712,-1067.89,3188.4,-1388.56
191000681656500,368630506342,79,countdown,-5792,4384,-3744,-1003.89,3028.4,-1420.56
191000682651800,368631504758,80,countdown,-5696,4576,-4256,-907.892,3220.4,-1932.56
191000683651800,368632508675,81,countdown,-4512,4192,-2400,276.108,2836.4,-76.5634
191000684653800,368633505008,82,countdown,-4864,4160,-3680,-75.8921,2804.4,-1356.56
191000685653600,368634504842,83,countdown,-4224,3712,-3520,564.108,2356.4,-1196.56
191000686649500,368635504883,84,countdown,-3104,3168,-3328,1684.11,1812.4,-1004.56
191000687650200,368636504758,85,countdown,-3200,2720,-3424,1588.11,1364.4,-1100.56
191000688647500,368637504592,86,countdown,-2656,1600,-2272,2132.11,244.396,51.4366
191000689649200,368638505008,87,countdown,-1952,864,-1984,2836.11,-491.604,339.437
191000690753400,368639504883,88,countdown,-2112,896,-2048,2676.11,-459.604,275.437
191000691735400,368640504884,89,countdown,-1760,-544,-1184,3028.11,-1899.6,1139.44
191000692725800,368641504759,90,countdown,-960,-1184,-928,3828.11,-2539.6,1395.44
191000693743100,368642505759,91,countdown,-832,-1824,-448,3956.11,-3179.6,1875.44
191000694748500,368643505050,92,countdown,-352,-2048,-480,4436.11,-3403.6,1843.44
191000695759200,368644504925,93,countdown,-1120,-2368,-416,3668.11,-3723.6,1907.44
191000696731300,368645504884,94,countdown,-768,-2464,0,4020.11,-3819.6,2323.44
191000697769600,368646504759,95,countdown,-672,-2784,-704,4116.11,-4139.6,1619.44
191000698730100,368647507217,96,countdown,-352,-2720,-256,4436.11,-4075.6,2067.44
191000699733700,368648505009,97,countdown,-384,-2560,-864,4404.11,-3915.6,1459.44
191000700770800,368649504884,98,countdown,-96,-2304,64,4692.11,-3659.6,2387.44
191000701760100,368650504884,99,countdown,-960,-1728,-256,3828.11,-3083.6,2067.44
191000702716600,368651504842,100,countdown,-448,-2432,-288,4340.11,-3787.6,2035.44
191000703728200,368652504884,101,countdown,-1152,-2112,-704,3636.11,-3467.6,1619.44
191000704734500,368653505925,102,countdown,-1440,-2016,-160,3348.11,-3371.6,2163.44
191000705914100,368654504967,103,countdown,-2016,-1600,-416,2772.11,-2955.6,1907.44
191000706735200,368655504884,104,countdown,-3008,-1024,-1632,1780.11,-2379.6,691.437
191000707646600,368656504884,105,countdown,-2976,-640,-1376,1812.11,-1995.6,947.437
191000708658100,368657505425,106,countdown,-3872,-288,-2048,916.108,-1643.6,275.437
191000709650400,368658505009,107,countdown,-4416,320,-2144,372.108,-1035.6,179.437
191000710658400,368659504842,108,countdown,-4928,1344,-2784,-139.892,-11.6044,-460.563
191000711781000,368660504967,109,countdown,-6048,1408,-2784,-1259.89,52.3956,-460.563
191000712660700,368661504717,110,countdown,-5856,1824,-3232,-1067.89,468.396,-908.563
191000713650000,368662504800,111,countdown,-6912,2272,-4096,-2123.89,916.396,-1772.56
191000714714500,368663504967,112,countdown,-6400,2688,-4224,-1611.89,1332.4,-1900.56
191000715733200,368664509050,113,countdown,-6464,2720,-5024,-1675.89,1364.4,-2700.56
191000716745500,368665504967,114,countdown,-6624,3168,-5184,-1835.89,1812.4,-2860.56
191000717725600,368666504759,115,countdown,-6496,3488,-5088,-1707.89,2132.4,-2764.56
191000718651600,368667504842,116,countdown,-7136,3904,-5920,-2347.89,2548.4,-3596.56
191000719652600,368668504967,117,countdown,-6336,3136,-5216,-1547.89,1780.4,-2892.56
191000720650000,368669505009,118,countdown,-6624,2688,-5632,-1835.89,1332.4,-3308.56
191000721651900,368670505050,119,countdown,-6912,2624,-5824,-2123.89,1268.4,-3500.56
191000722651800,368671504842,120,countdown,-6240,1888,-4512,-1451.89,532.396,-2188.56
191000723643400,368672506259,121,countdown,-6336,1888,-4800,-1547.89,532.396,-2476.56
191000725025900,368673504925,122,countdown,-6144,1408,-5504,-1355.89,52.3956,-3180.56
191000725827400,368674504550,123,countdown,-5504,1152,-4384,-715.892,-203.604,-2060.56
191000726726100,368675504842,124,countdown,-5088,1056,-3552,-299.892,-299.604,-1228.56
191000727758500,368676504759,125,countdown,-4928,704,-4096,-139.892,-651.604,-1772.56
191000728721300,368677504884,126,countdown,-4544,32,-2976,244.108,-1323.6,-652.563
191000729654500,368678504967,127,countdown,-4096,160,-2848,692.108,-1195.6,-524.563
191000730652500,368679505550,128,countdown,-4224,160,-3328,564.108,-1195.6,-1004.56
191000731650300,368680504967,129,countdown,-3616,-384,-3008,1172.11,-1739.6,-684.563
191000732650100,368681504717,130,countdown,-3936,-832,-3200,852.108,-2187.6,-876.563
191000733652000,368682505050,131,countdown,-3488,-1056,-2464,1300.11,-2411.6,-140.563
191000734652100,368683504884,132,countdown,-3328,-1920,-2976,1460.11,-3275.6,-652.563
191000735650000,368684504925,133,countdown,-2272,-1440,-2848,2516.11,-2795.6,-524.563
191000736648500,368685504925,134,countdown,-2720,-1664,-1408,2068.11,-3019.6,915.437
191000737986400,368686504759,135,countdown,-3200,-1088,-2208,1588.11,-2443.6,115.437
191000738717100,368687504759,136,countdown,-3456,-1184,-2368,1332.11,-2539.6,-44.5634
191000739654600,368688506050,137,countdown,-3488,-736,-2048,1300.11,-2091.6,275.437
191000740646500,368689504967,138,countdown,-3168,-448,-1536,1620.11,-1803.6,787.437
191000741652600,368690504884,139,countdown,-3488,0,-2112,1300.11,-1355.6,211.437
191000742648200,368691504759,140,countdown,-3040,0,-2688,1748.11,-1355.6,-364.563
191000743646200,368692504717,141,countdown,-2912,96,-2720,1876.11,-1259.6,-396.563
191000744646600,368693505300,142,countdown,-3808,864,-3296,980.108,-491.604,-972.563
191000745644200,368694506634,143,countdown,-3840,736,-3008,948.108,-619.604,-684.563
191000746646600,368695504925,144,countdown,-4160,992,-4256,628.108,-363.604,-1932.56
191000747654300,368696504717,145,countdown,-4704,1344,-4480,84.1079,-11.6044,-2156.56
191000748656600,368697505050,146,countdown,-4512,1888,-4544,276.108,532.396,-2220.56
191000749656500,368698504884,147,countdown,-5952,1728,-4512,-1163.89,372.396,-2188.56
191000750656100,368699505384,148,countdown,-5376,2048,-5024,-587.892,692.396,-2700.56
191000751648400,368700505925,149,countdown,-5984,1824,-5376,-1195.89,468.396,-3052.56
191000752656800,368701505092,150,countdown,-6112,1920,-5024,-1323.89,564.396,-2700.56
191000753654700,368702504925,151,countdown,-6336,1856,-5600,-1547.89,500.396,-3276.56
191000754710000,368703504842,152,countdown,-6112,1888,-5440,-1323.89,532.396,-3116.56
191000755649800,368704505467,153,countdown,-6368,1472,-5120,-1579.89,116.396,-2796.56
191000756651100,368705504884,154,countdown,-6240,1344,-5024,-1451.89,-11.6044,-2700.56
191000757656100,368706505092,155,countdown,-6336,992,-5056,-1547.89,-363.604,-2732.56
191000758723400,368707504800,156,countdown,-6784,1120,-5312,-1995.89,-235.604,-2988.56
191000759768400,368708504884,157,countdown,-5824,-128,-5088,-1035.89,-1483.6,-2764.56
191000760712000,368709504925,158,countdown,-5920,160,-4640,-1131.89,-1195.6,-2316.56
191000761712100,368710504925,159,countdown,-6336,-256,-4768,-1547.89,-1611.6,-2444.56
191000762652300,368711504800,160,countdown,-6208,-352,-4928,-1419.89,-1707.6,-2604.56
191000763649500,368712504967,161,countdown,-5696,-640,-4128,-907.892,-1995.6,-1804.56
191000764647300,368713504884,162,countdown,-5984,-1024,-3872,-1195.89,-2379.6,-1548.56
191000765655600,368714504967,163,countdown,-5408,-768,-4480,-619.892,-2123.6,-2156.56
191000766744500,368715504759,164,countdown,-5056,-1472,-2688,-267.892,-2827.6,-364.563
191000767646500,368716504800,165,countdown,-5056,-640,-3104,-267.892,-1995.6,-780.563
191000768655400,368717504967,166,countdown,-4224,-832,-2784,564.108,-2187.6,-460.563
191000769689100,368718504967,167,countdown,-4544,-960,-2912,244.108,-2315.6,-588.563
191000770650000,368719505050,168,countdown,-4128,-1024,-2400,660.108,-2379.6,-76.5634
191000771653000,368720504842,169,countdown,-4352,-992,-3456,436.108,-2347.6,-1132.56
191000772651100,368721507009,170,countdown,-3456,-448,-2016,1332.11,-1803.6,307.437
191000773650100,368722505967,171,countdown,-3680,-256,-3264,1108.11,-1611.6,-940.563
191000774660400,368723504884,172,countdown,-2368,-32,-3008,2420.11,-1387.6,-684.563
191000775652200,368724504842,173,countdown,-3200,0,-3424,1588.11,-1355.6,-1100.56
191000776649900,368725504967,174,countdown,-3040,192,-2848,1748.11,-1163.6,-524.563
191000777649800,368726505634,175,countdown,-2752,64,-3168,2036.11,-1291.6,-844.563
191000778650100,368727504967,176,countdown,-2720,992,-3104,2068.11,-363.604,-780.563
191000779652000,368728504925,177,countdown,-2848,704,-3968,1940.11,-651.604,-1644.56
191000780651800,368729504925,178,countdown,-3264,992,-4288,1524.11,-363.604,-1964.56
191000781650300,368730504842,179,countdown,-3424,1440,-4672,1364.11,84.3956,-2348.56
191000782652000,368731504717,180,countdown,-3488,960,-4928,1300.11,-395.604,-2604.56
191000783651800,368732504967,181,countdown,-3712,2016,-4448,1076.11,660.396,-2124.56
191000784651900,368733504842,182,countdown,-4224,1792,-4960,564.108,436.396,-2636.56
191000785647900,368734505050,183,countdown,-3840,2400,-4800,948.108,1044.4,-2476.56
191000786678800,368735506259,184,countdown,-4096,2176,-5344,692.108,820.396,-3020.56
191000787652700,368736504717,185,countdown,-4960,2112,-5984,-171.892,756.396,-3660.56
191000788651000,368737504925,186,countdown,-4896,1952,-5440,-107.892,596.396,-3116.56
191000789652200,368738509425,187,countdown,-5600,1760,-5504,-811.892,404.396,-3180.56
191000790652200,368739505009,188,countdown,-6112,1920,-5856,-1323.89,564.396,-3532.56
191000791652100,368740504884,189,countdown,-5792,1728,-5632,-1003.89,372.396,-3308.56
191000792652200,368741504759,190,countdown,-6240,1568,-5856,-1451.89,212.396,-3532.56
191000793652200,368742505050,191,countdown,-6624,864,-5184,-1835.89,-491.604,-2860.56
191000794652000,368743505425,192,countdown,-6240,992,-5856,-1451.89,-363.604,-3532.56
191000795652200,368744504925,193,countdown,-6880,384,-5184,-2091.89,-971.604,-2860.56
191000796650200,368745504759,194,countdown,-7168,736,-5408,-2379.89,-619.604,-3084.56
191000797652200,368746504842,195,countdown,-7200,32,-5056,-2411.89,-1323.6,-2732.56
191000798645300,368747504967,196,countdown,-7840,-96,-4960,-3051.89,-1451.6,-2636.56
191000799650100,368748504842,197,countdown,-7648,-416,-5024,-2859.89,-1771.6,-2700.56
191000800652300,368749505717,198,countdown,-8320,-448,-4960,-3531.89,-1803.6,-2636.56
191000801645000,368750504884,199,countdown,-7872,-256,-5376,-3083.89,-1611.6,-3052.56
191000802655200,368751504842,200,countdown,-6496,-576,-4800,-1707.89,-1931.6,-2476.56
191000803652900,368752506009,201,countdown,-7936,-768,-4960,-3147.89,-2123.6,-2636.56
191000804652600,368753506009,202,countdown,-7808,-800,-4928,-3019.89,-2155.6,-2604.56
191000805652300,368754504759,203,countdown,-7264,-800,-4768,-2475.89,-2155.6,-2444.56
191000806652500,368755504759,204,countdown,-6592,-448,-4224,-1803.89,-1803.6,-1900.56
191000807652100,368756504717,205,countdown,-6368,-448,-4128,-1579.89,-1803.6,-1804.56
191000808652100,368757504884,206,countdown,-6592,64,-4928,-1803.89,-1291.6,-2604.56
191000809652000,368758504925,207,countdown,-4832,-576,-3744,-43.8921,-1931.6,-1420.56
191000810652100,368759504759,208,countdown,-5664,0,-4768,-875.892,-1355.6,-2444.56
191000811652100,368760504759,209,countdown,-5120,320,-4384,-331.892,-1035.6,-2060.56
191000812650000,368761505509,210,countdown,-4448,352,-4416,340.108,-1003.6,-2092.56
191000813651600,368762504967,211,countdown,-4224,1344,-4736,564.108,-11.6044,-2412.56
191000814642900,368763504925,212,countdown,-4256,1056,-4128,532.108,-299.604,-1804.56
191000815653100,368764504800,213,countdown,-3808,1728,-4928,980.108,372.396,-2604.56
191000816652200,368765506259,214,countdown,-3520,1472,-4320,1268.11,116.396,-1996.56
191000817647400,368766504884,215,countdown,-2976,2112,-4576,1812.11,756.396,-2252.56
191000818644300,368767504925,216,countdown,-3744,2720,-5056,1044.11,1364.4,-2732.56
191000819645500,368768504967,217,countdown,-2528,2016,-4896,2260.11,660.396,-2572.56
191000820655600,368769504842,218,countdown,-2496,3008,-4896,2292.11,1652.4,-2572.56
191000821653300,368770504800,219,countdown,-2336,2688,-4736,2452.11,1332.4,-2412.56
191000822652200,368771504634,220,countdown,-2240,2784,-4896,2548.11,1428.4,-2572.56
191000823651700,368772504884,221,countdown,-2880,2624,-4576,1908.11,1268.4,-2252.56
191000824652100,368773504925,222,countdown,-3424,2912,-4736,1364.11,1556.4,-2412.56
191000825651800,368774504800,223,countdown,-2528,2624,-4512,2260.11,1268.4,-2188.56
191000826650100,368775505509,224,countdown,-2816,2432,-4448,1972.11,1076.4,-2124.56
191000827652200,368776504800,225,countdown,-4480,2560,-4704,308.108,1204.4,-2380.56
191000828651000,368777504842,226,countdown,-3328,2144,-4864,1460.11,788.396,-2540.56
191000829652000,368778505009,227,countdown,-4128,1664,-4608,660.108,308.396,-2284.56
191000830651100,368779504759,228,countdown,-3680,1408,-4480,1108.11,52.3956,-2156.56
191000831651800,368780504717,229,countdown,-4192,1472,-4608,596.108,116.396,-2284.56
191000832651900,368781504675,230,countdown,-4352,992,-5024,436.108,-363.604,-2700.56
191000833645400,368782504509,231,countdown,-6080,736,-4608,-1291.89,-619.604,-2284.56
191000834645900,368783504967,232,countdown,-5280,512,-4160,-491.892,-843.604,-1836.56
191000835645300,368784504759,233,countdown,-5408,480,-4576,-619.892,-875.604,-2252.56
191000836646500,368785504842,234,countdown,-5280,160,-4128,-491.892,-1195.6,-1804.56
191000837656100,368786504717,235,countdown,-5952,480,-3904,-1163.89,-875.604,-1580.56
191000838648500,368787505550,236,countdown,-5856,352,-4800,-1067.89,-1003.6,-2476.56
191000839647300,368788504925,237,countdown,-5504,-192,-4032,-715.892,-1547.6,-1708.56
191000840645800,368789505009,238,countdown,-6528,-192,-4128,-1739.89,-1547.6,-1804.56
191000841645100,368790504800,239,countdown,-6208,-416,-3648,-1419.89,-1771.6,-1324.56
191000842646700,368791504759,240,countdown,-6368,-32,-4928,-1579.89,-1387.6,-2604.56
191000843647600,368792505884,241,countdown,-6272,320,-4704,-1483.89,-1035.6,-2380.56
191000844649700,368793505134,242,countdown,-5600,480,-4224,-811.892,-875.604,-1900.56
191000845650500,368794506175,243,countdown,-6272,480,-4128,-1483.89,-875.604,-1804.56
191000846653500,368795504800,244,countdown,-6048,224,-4352,-1259.89,-1131.6,-2028.56
191000847652400,368796504675,245,countdown,-5536,320,-4672,-747.892,-1035.6,-2348.56
191000848650100,368797505092,246,countdown,-4768,1024,-4224,20.1079,-331.604,-1900.56
191000849643800,368798504967,247,countdown,-6208,928,-4928,-1419.89,-427.604,-2604.56
191000850655800,368799504842,248,countdown,-5504,896,-4960,-715.892,-459.604,-2636.56
191000851657600,368800506259,249,countdown,-4352,1184,-4128,436.108,-171.604,-1804.56
191000852821800,368801504800,250,countdown,-4512,1408,-3808,276.108,52.3956,-1484.56
191000853647500,368802504884,251,countdown,-4608,1824,-4704,180.108,468.396,-2380.56
191000854659400,368803504842,252,countdown,-4576,1664,-4736,212.108,308.396,-2412.56
191000855651200,368804504842,253,countdown,-3808,2016,-4640,980.108,660.396,-2316.56
191000856652200,368805504800,254,countdown,-4256,2432,-4864,532.108,1076.4,-2540.56
191000857652000,368806506425,255,countdown,-3968,2176,-4544,820.108,820.396,-2220.56
191000858652100,368807506300,0,countdown,-3552,2688,-4544,1236.11,1332.4,-2220.56
191000859652000,368808505634,1,countdown,-3392,2464,-4352,1396.11,1108.4,-2028.56
191000860650100,368809504842,2,countdown,-3584,2112,-4032,1204.11,756.396,-1708.56
191000861651100,368810504800,3,countdown,-3840,2304,-4352,948.108,948.396,-2028.56
191000862651900,368811505092,4,countdown,-3200,2112,-3904,1588.11,756.396,-1580.56
191000863649900,368812505009,5,countdown,-4096,2368,-3872,692.108,1012.4,-1548.56
191000864651900,368813504842,6,countdown,-3296,2048,-3872,1492.11,692.396,-1548.56
191000865641800,368814504759,7,countdown,-2912,2176,-3872,1876.11,820.396,-1548.56
191000866652500,368815504425,8,countdown,-3008,2208,-3520,1780.11,852.396,-1196.56
191000867652900,368816505092,9,countdown,-3424,2112,-3584,1364.11,756.396,-1260.56
191000868653000,368817504967,10,countdown,-2816,2176,-3808,1972.11,820.396,-1484.56
191000869644700,368818504800,11,countdown,-2976,1472,-3968,1812.11,116.396,-1644.56
191000870655300,368819504759,12,countdown,-2880,1504,-3392,1908.11,148.396,-1068.56
191000871652600,368820504884,13,countdown,-3360,1600,-3520,1428.11,244.396,-1196.56
191000872651100,368821505009,14,countdown,-2560,1312,-3680,2228.11,-43.6044,-1356.56
191000873652000,368822504884,15,countdown,-2944,1472,-3296,1844.11,116.396,-972.563
191000874652500,368823505050,16,countdown,-3392,1344,-3328,1396.11,-11.6044,-1004.56
191000875652300,368824506634,17,countdown,-2688,1344,-3104,2100.11,-11.6044,-780.563
191000876652200,368825504759,18,countdown,-3040,1536,-3552,1748.11,180.396,-1228.56
191000877652100,368826504884,19,countdown,-3488,928,-3232,1300.11,-427.604,-908.563
191000878650300,368827504800,20,countdown,-3936,1344,-3360,852.108,-11.6044,-1036.56
191000879652100,368828504800,21,countdown,-3392,1216,-3872,1396.11,-139.604,-1548.56
191000880652000,368829505092,22,countdown,-3584,864,-3520,1204.11,-491.604,-1196.56
191000881640900,368830505217,23,countdown,-3328,1312,-4032,1460.11,-43.6044,-1708.56
191000882651200,368831504925,24,countdown,-3776,1248,-4064,1012.11,-107.604,-1740.56
191000883652600,368832505009,25,countdown,-3808,1184,-4000,980.108,-171.604,-1676.56
191000884652500,368833504842,26,countdown,-4320,1248,-3968,468.108,-107.604,-1644.56
191000885652500,368834504759,27,countdown,-3936,1152,-3520,852.108,-203.604,-1196.56
191000886652500,368835504759,28,countdown,-4288,1408,-4448,500.108,52.3956,-2124.56
191000887650100,368836504884,29,countdown,-5024,1408,-4160,-235.892,52.3956,-1836.56
191000888652100,368837504800,30,countdown,-4992,1792,-4096,-203.892,436.396,-1772.56
191000889652100,368838504884,31,countdown,-4832,1568,-3520,-43.8921,212.396,-1196.56
191000890652200,368839505884,32,countdown,-4864,1440,-4320,-75.8921,84.3956,-1996.56
191000891652100,368840504884,33,countdown,-5248,1696,-4384,-459.892,340.396,-2060.56
191000892651800,368841504884,34,countdown,-4576,1504,-3520,212.108,148.396,-1196.56
191000893650400,368842504967,35,countdown,-5696,1792,-4704,-907.892,436.396,-2380.56
191000894651100,368843504884,36,countdown,-5184,1056,-3840,-395.892,-299.604,-1516.56
191000895650300,368844504634,37,countdown,-5728,1568,-3872,-939.892,212.396,-1548.56
191000896652000,368845504759,38,countdown,-4992,1600,-4096,-203.892,244.396,-1772.56
191000897642600,368846504967,39,countdown,-4672,1600,-3328,116.108,244.396,-1004.56
191000898653100,368847504967,40,countdown,-5216,1440,-3808,-427.892,84.3956,-1484.56
191000899651800,368848504759,41,countdown,-4160,1536,-3904,628.108,180.396,-1580.56
191000900652500,368849505925,42,countdown,-4544,1600,-3456,244.108,244.396,-1132.56
191000901652600,368850504800,43,countdown,-3712,1408,-3328,1076.11,52.3956,-1004.56
191000902652600,368851504842,44,countdown,-4576,1504,-3552,212.108,148.396,-1228.56
191000903652200,368852505134,45,countdown,-4128,2048,-3712,660.108,692.396,-1388.56
191000904652200,368853504800,46,countdown,-4000,1664,-3520,788.108,308.396,-1196.56
191000905650100,368854504717,47,countdown,-3776,2176,-3936,1012.11,820.396,-1612.56
191000906652300,368855504634,48,countdown,-3840,1696,-3904,948.108,340.396,-1580.56
191000907650100,368856504550,49,countdown,-2720,1472,-3328,2068.11,116.396,-1004.56
191000908650100,368857504884,50,countdown,-3104,1888,-3552,1684.11,532.396,-1228.56
191000909651900,368858504842,51,countdown,-3072,1600,-4000,1716.11,244.396,-1676.56
191000910652100,368859504759,52,countdown,-2592,1792,-2976,2196.11,436.396,-652.563
191000911651900,368860516592,53,countdown,-2784,1568,-2816,2004.11,212.396,-492.563
191000912651900,368861504925,54,countdown,-3520,2112,-3424,1268.11,756.396,-1100.56
191000914700700,368862504925,55,countdown,-2400,1760,-2624,2388.11,404.396,-300.563
191000914718800,368863505884,56,countdown,-3264,1536,-3296,1524.11,180.396,-972.563
191000915641600,368864505467,57,countdown,-2720,1664,-3328,2068.11,308.396,-1004.56
191000916640200,368865504467,58,countdown,-2752,1344,-3168,2036.11,-11.6044,-844.563
191000917637900,368866504967,59,countdown,-3232,1440,-3136,1556.11,84.3956,-812.563
191000918638800,368867505050,60,countdown,-3264,1408,-3328,1524.11,52.3956,-1004.56
191000919641300,368868504717,61,countdown,-3200,1312,-2912,1588.11,-43.6044,-588.563
191000920649700,368869504800,62,countdown,-3520,1600,-3712,1268.11,244.396,-1388.56
191000921652300,368870506134,63,countdown,-3712,1056,-2208,1076.11,-299.604,115.437
191000922654200,368871504925,64,countdown,-4064,832,-2528,724.108,-523.604,-204.563
191000923654000,368872505259,65,countdown,-3840,1344,-2432,948.108,-11.6044,-108.563
191000924653400,368873504842,66,countdown,-4160,1280,-2944,628.108,-75.6044,-620.563
191000925653600,368874504842,67,countdown,-4576,960,-2880,212.108,-395.604,-556.563
191000926654800,368875504634,68,countdown,-4544,544,-2656,244.108,-811.604,-332.563
191000927649900,368876505134,69,countdown,-4544,544,-3136,244.108,-811.604,-812.563
191000928647300,368877504925,70,countdown,-4864,992,-3008,-75.8921,-363.604,-684.563
191000929646400,368878504759,71,countdown,-5248,352,-3264,-459.892,-1003.6,-940.563
191000930651700,368879504717,72,countdown,-4960,576,-3680,-171.892,-779.604,-1356.56
191000931656500,368880504717,73,countdown,-5056,544,-3232,-267.892,-811.604,-908.563
191000932654300,368881507175,74,countdown,-5536,704,-3392,-747.892,-651.604,-1068.56
191000933654000,368882504759,75,countdown,-5472,960,-3328,-683.892,-395.604,-1004.56
191000934654100,368883504717,76,countdown,-5472,704,-2528,-683.892,-651.604,-204.563
191000935653600,368884504842,77,countdown,-5600,608,-2976,-811.892,-747.604,-652.563
191000936651700,368885504717,78,countdown,-5056,1056,-3072,-267.892,-299.604,-748.563
191000937653900,368886504884,79,countdown,-5248,1408,-3360,-459.892,52.3956,-1036.56
191000938653600,368887504925,80,countdown,-5376,1152,-3776,-587.892,-203.604,-1452.56
191000939653500,368888506759,81,countdown,-4960,928,-3136,-171.892,-427.604,-812.563
191000940651600,368889504800,82,countdown,-5312,1472,-3040,-523.892,116.396,-716.563
191000941653600,368890504759,83,countdown,-5184,1504,-3392,-395.892,148.396,-1068.56
191000942652400,368891504925,84,countdown,-5056,1184,-3200,-267.892,-171.604,-876.563
191000943649600,368892504884,85,countdown,-5280,2016,-3296,-491.892,660.396,-972.563
191000944649600,368893505134,86,countdown,-4640,1056,-3584,148.108,-299.604,-1260.56
191000945639500,368894504800,87,countdown,-5184,1792,-3392,-395.892,436.396,-1068.56
191000946652800,368895504759,88,countdown,-4384,1760,-3168,404.108,404.396,-844.563
191000947655000,368896504925,89,countdown,-4576,1728,-2720,212.108,372.396,-396.563
191000948652300,368897504925,90,countdown,-4064,1248,-2016,724.108,-107.604,307.437
191000949654000,368898505425,91,countdown,-4064,1344,-2528,724.108,-11.6044,-204.563
191000950651800,368899504759,92,countdown,-4544,1536,-3008,244.108,180.396,-684.563
191000951651700,368900507634,93,countdown,-4288,1184,-2944,500.108,-171.604,-620.563
191000952651800,368901505009,94,countdown,-4512,1088,-2656,276.108,-267.604,-332.563
191000953653500,368902504842,95,countdown,-4736,1088,-2368,52.1079,-267.604,-44.5634
191000954653500,368903504842,96,countdown,-4096,768,-1856,692.108,-587.604,467.437
191000955653500,368904504759,97,countdown,-4096,1472,-2656,692.108,116.396,-332.563
191000956653600,368905504675,98,countdown,-4320,800,-1792,468.108,-555.604,531.437
191000957653700,368906504925,99,countdown,-4288,544,-1376,500.108,-811.604,947.437
191000958653500,368907505342,100,countdown,-4160,640,-2336,628.108,-715.604,-12.5634
191000959649600,368908504842,101,countdown,-4032,448,-1856,756.108,-907.604,467.437
191000960649200,368909504634,102,countdown,-3712,640,-1568,1076.11,-715.604,755.437
191000961641600,368910504967,103,countdown,-4640,800,-2048,148.108,-555.604,275.437
191000962653700,368911505467,104,countdown,-4416,768,-1952,372.108,-587.604,371.437
191000963656900,368912504884,105,countdown,-4128,576,-1664,660.108,-779.604,659.437
191000964652700,368913505009,106,countdown,-4288,544,-1664,500.108,-811.604,659.437
191000965654000,368914504842,107,countdown,-4384,704,-1440,404.108,-651.604,883.437
191000966653800,368915504550,108,countdown,-4576,736,-2336,212.108,-619.604,-12.5634
191000967653800,368916505009,109,countdown,-4832,896,-2336,-43.8921,-459.604,-12.5634
191000968653700,368917506300,110,countdown,-4736,384,-1952,52.1079,-971.604,371.437
191000969653800,368918505384,111,countdown,-4064,736,-2080,724.108,-619.604,243.437
191000970653800,368919504759,112,countdown,-4896,1056,-2336,-107.892,-299.604,-12.5634
191000971644700,368920504634,113,countdown,-5216,1088,-2272,-427.892,-267.604,51.4366
191000972638800,368921504967,114,countdown,-4992,1088,-2624,-203.892,-267.604,-300.563
191000973655000,368922504842,115,countdown,-4992,1408,-2112,-203.892,52.3956,211.437
191000974653900,368923505342,116,countdown,-5056,1376,-1952,-267.892,20.3956,371.437
191000975649800,368924506134,117,countdown,-4960,960,-2464,-171.892,-395.604,-140.563
191000976649600,368925504925,118,countdown,-5216,1440,-2368,-427.892,84.3956,-44.5634
191000977661600,368926504884,119,countdown,-4320,1376,-2752,468.108,20.3956,-428.563
191000978652000,368927504759,120,countdown,-4608,1632,-1984,180.108,276.396,339.437
191000979653500,368928504842,121,countdown,-5792,1856,-2272,-1003.89,500.396,51.4366
191000980654600,368929504675,122,countdown,-5248,1056,-2432,-459.892,-299.604,-108.563
191000981648100,368930508050,123,countdown,-5696,1376,-2752,-907.892,20.3956,-428.563
191000982646300,368931504967,124,countdown,-5920,1728,-2112,-1131.89,372.396,211.437
191000983653200,368932504800,125,countdown,-5440,1792,-2112,-651.892,436.396,211.437
191000984653800,368933504842,126,countdown,-5280,1312,-2592,-491.892,-43.6044,-268.563
191000985654000,368934504925,127,countdown,-6208,1696,-2912,-1419.89,340.396,-588.563
191000986651900,368935504592,128,countdown,-5632,1472,-2304,-843.892,116.396,19.4366
191000987651300,368936504925,129,countdown,-5600,864,-2208,-811.892,-491.604,115.437
191000988651500,368937504842,130,countdown,-6240,1728,-2208,-1451.89,372.396,115.437
191000989651500,368938504675,131,countdown,-5728,1184,-2240,-939.892,-171.604,83.4366
191000990649600,368939504717,132,countdown,-6048,1632,-1920,-1259.89,276.396,403.437
191000991647800,368940504800,133,countdown,-5760,864,-1888,-971.892,-491.604,435.437
191000992645600,368941505842,134,countdown,-6240,896,-2368,-1451.89,-459.604,-44.5634
191000993641700,368942504759,135,countdown,-6112,896,-1760,-1323.89,-459.604,563.437
191000994652500,368943504842,136,countdown,-6528,512,-1984,-1739.89,-843.604,339.437
191000995654300,368944504717,137,countdown,-6368,800,-1792,-1579.89,-555.604,531.437
191000996652400,368945504884,138,countdown,-5312,544,-1792,-523.892,-811.604,531.437
191000997652000,368946505050,139,countdown,-6048,416,-1440,-1259.89,-939.604,883.437
191000998651900,368947504717,140,countdown,-5600,480,-1152,-811.892,-875.604,1171.44
191000999651700,368948504800,141,countdown,-5504,704,-1568,-715.892,-651.604,755.437
191001000650200,368949504675,142,countdown,-5024,288,-1536,-235.892,-1067.6,787.437
191001001651700,368950504925,143,countdown,-5696,704,-1664,-907.892,-651.604,659.437
191001002649700,368951504884,144,countdown,-5152,704,-1280,-363.892,-651.604,1043.44
191001003651600,368952504842,145,countdown,-4896,352,-1408,-107.892,-1003.6,915.437
191001004651700,368953504842,146,countdown,-4352,640,-1824,436.108,-715.604,499.437
191001005649800,368954504717,147,countdown,-4032,864,-1312,756.108,-491.604,1011.44
191001006652000,368955504925,148,countdown,-4736,1280,-1600,52.1079,-75.6044,723.437
191001007645900,368956504800,149,countdown,-4512,704,-1312,276.108,-651.604,1011.44
191001008647800,368957504800,150,countdown,-3968,864,-1088,820.108,-491.604,1235.44
191001009658700,368958504800,151,countdown,-4512,1056,-1184,276.108,-299.604,1139.44
191001010642000,368959504675,152,countdown,-4064,1440,-1824,724.108,84.3956,499.437
191001011646800,368960505509,153,countdown,-4256,1280,-2048,532.108,-75.6044,275.437
191001012644800,368961504925,154,countdown,-4320,1376,-1216,468.108,20.3956,1107.44
191001013857500,368962505425,155,countdown,-3712,1344,-832,1076.11,-11.6044,1491.44
191001014923700,368963504967,156,countdown,-4448,1632,-1920,340.108,276.396,403.437
191001015639700,368964504634,157,countdown,-3872,1664,-1888,916.108,308.396,435.437
191001016642100,368965504634,158,countdown,-4224,1248,-1088,564.108,-107.604,1235.44
191001017645800,368966504800,159,countdown,-3904,1664,-960,884.108,308.396,1363.44
191001018639300,368967504842,160,countdown,-4672,1568,-992,116.108,212.396,1331.44
191001019637900,368968504717,161,countdown,-4192,1568,-1536,596.108,212.396,787.437
191001020639000,368969504592,162,countdown,-4928,1664,-1120,-139.892,308.396,1203.44
191001021640200,368970506134,163,countdown,-5216,1664,-1152,-427.892,308.396,1171.44
191001022639600,368971504842,164,countdown,-4736,1664,-1728,52.1079,308.396,595.437
191001023639700,368972505134,165,countdown,-5632,1696,-1952,-843.892,340.396,371.437
191001024639700,368973504884,166,countdown,-5248,1600,-1280,-459.892,244.396,1043.44
191001025641800,368974504634,167,countdown,-5856,1696,-1952,-1067.89,340.396,371.437
191001026642500,368975505592,168,countdown,-5440,1600,-1472,-651.892,244.396,851.437
191001027639600,368976504925,169,countdown,-5568,1024,-1440,-779.892,-331.604,883.437
191001028639400,368977505425,170,countdown,-6112,1376,-1504,-1323.89,20.3956,819.437
191001029639900,368978506217,171,countdown,-6080,928,-2240,-1291.89,-427.604,83.4366
191001030637800,368979504717,172,countdown,-6336,1120,-1792,-1547.89,-235.604,531.437
191001031640400,368980504925,173,countdown,-5984,832,-1600,-1195.89,-523.604,723.437
191001032639900,368981504884,174,countdown,-6464,1280,-1632,-1675.89,-75.6044,691.437
191001033824600,368982504842,175,countdown,-6816,1216,-1248,-2027.89,-139.604,1075.44
191001034737300,368983504925,176,countdown,-6752,640,-1760,-1963.89,-715.604,563.437
191001035764800,368984504675,177,countdown,-6848,1248,-1792,-2059.89,-107.604,531.437
191001037026200,368985504967,178,countdown,-6656,832,-1792,-1867.89,-523.604,531.437
191001037718800,368986504884,179,countdown,-6912,800,-1856,-2123.89,-555.604,467.437
191001038763000,368987506217,180,countdown,-6112,960,-1600,-1323.89,-395.604,723.437
191001039747300,368988505800,181,countdown,-6240,1472,-1472,-1451.89,116.396,851.437
191001040792100,368989504634,182,countdown,-6464,1664,-1344,-1675.89,308.396,979.437
191001041734900,368990505050,183,countdown,-5952,1248,-2144,-1163.89,-107.604,179.437
191001042738400,368991504759,184,countdown,-5408,1088,-1248,-619.892,-267.604,1075.44
191001043736900,368992505009,185,countdown,-5472,1408,-1248,-683.892,52.3956,1075.44
191001044789900,368993504884,186,countdown,-6400,2080,-1760,-1611.89,724.396,563.437
191001045722700,368994506175,187,countdown,-5504,1440,-1216,-715.892,84.3956,1107.44
191001046740600,368995504925,188,countdown,-4992,1216,-1280,-203.892,-139.604,1043.44
191001047739800,368996504842,189,countdown,-5216,1888,-1536,-427.892,532.396,787.437
191001048756100,368997505800,190,countdown,-4928,2048,-1408,-139.892,692.396,915.437
191001049752100,368998504800,191,countdown,-4576,2400,-1696,212.108,1044.4,627.437
191001050759100,368999504717,192,countdown,-4512,2048,-320,276.108,692.396,2003.44
191001051751400,369000504925,193,countdown,-4544,2336,-864,244.108,980.396,1459.44
191001052835600,369001504717,194,countdown,-4896,2464,-1408,-107.892,1108.4,915.437
191001053662200,369002504800,195,countdown,-4832,2624,-1024,-43.8921,1268.4,1299.44
191001054649900,369003504634,196,countdown,-4288,2432,-672,500.108,1076.4,1651.44
191001055652000,369004504592,197,countdown,-4672,2592,-1184,116.108,1236.4,1139.44
191001056657100,369005504925,198,countdown,-3904,1824,-864,884.108,468.396,1459.44
191001057657700,369006504884,199,countdown,-4096,2272,-736,692.108,916.396,1587.44
191001058654000,369007506300,200,countdown,-4224,2496,-736,564.108,1140.4,1587.44
191001059646900,369008506300,201,countdown,-4352,2592,-1152,436.108,1236.4,1171.44
191001060651100,369009504550,202,countdown,-4416,1824,-704,372.108,468.396,1619.44
191001061651200,369010505009,203,countdown,-3424,2016,0,1364.11,660.396,2323.44
191001062651200,369011504925,204,countdown,-4672,2080,-896,116.108,724.396,1427.44
191001063651000,369012504759,205,countdown,-4064,1984,-960,724.108,628.396,1363.44
191001064649100,369013504759,206,countdown,-4160,2112,-288,628.108,756.396,2035.44
191001065651000,369014504592,207,countdown,-4544,1440,-832,244.108,84.3956,1491.44
191001066651000,369015505717,208,countdown,-4448,1792,-928,340.108,436.396,1395.44
191001067650900,369016504800,209,countdown,-4160,1568,-288,628.108,212.396,2035.44
191001068648900,369017504967,210,countdown,-4832,1760,-288,-43.8921,404.396,2035.44
191001069775600,369018504675,211,countdown,-5088,1760,-608,-299.892,404.396,1715.44
191001070655500,369019505009,212,countdown,-5184,1408,-640,-395.892,52.3956,1683.44
191001071652100,369020505009,213,countdown,-5152,1408,-864,-363.892,52.3956,1459.44
191001072669300,369021504842,214,countdown,-4640,1888,-1248,148.108,532.396,1075.44
191001073663100,369022504759,215,countdown,-5728,1536,-672,-939.892,180.396,1651.44
191001074655300,369023505342,216,countdown,-5152,2176,-704,-363.892,820.396,1619.44
191001075646800,369024505009,217,countdown,-5536,1760,-320,-747.892,404.396,2003.44
191001076652900,369025504884,218,countdown,-5696,2112,-512,-907.892,756.396,1811.44
191001077651100,369026504675,219,countdown,-5440,1856,-704,-651.892,500.396,1619.44
191001078649500,369027504759,220,countdown,-5600,1664,-160,-811.892,308.396,2163.44
191001079650800,369028504592,221,countdown,-5280,2080,-320,-491.892,724.396,2003.44
191001080650800,369029504884,222,countdown,-5216,2240,-160,-427.892,884.396,2163.44
191001081650800,369030505967,223,countdown,-5024,1984,-672,-235.892,628.396,1651.44
191001082650800,369031504884,224,countdown,-5184,2336,-512,-395.892,980.396,1811.44
191001083646000,369032504759,225,countdown,-4864,2560,-960,-75.8921,1204.4,1363.44
191001084651100,369033504717,226,countdown,-4864,2336,-768,-75.8921,980.396,1555.44
191001085651000,369034505175,227,countdown,-4800,2528,-896,-11.8921,1172.4,1427.44
191001086643600,369035505675,228,countdown,-4704,2560,128,84.1079,1204.4,2451.44
191001087647100,369036504717,229,countdown,-4608,2624,-256,180.108,1268.4,2067.44
191001088665500,369037504759,230,countdown,-4096,2592,64,692.108,1236.4,2387.44
191001089653600,369038504550,231,countdown,-4480,2496,-192,308.108,1140.4,2131.44
191001090654100,369039506342,232,countdown,-3584,2784,-384,1204.11,1428.4,1939.44
191001091652700,369040504800,233,countdown,-3808,2816,-128,980.108,1460.4,2195.44
191001092650100,369041504884,234,countdown,-4288,2944,288,500.108,1588.4,2611.44
191001093652200,369042504800,235,countdown,-3680,2560,-96,1108.11,1204.4,2227.44
191001094652600,369043504634,236,countdown,-3744,2560,256,1044.11,1204.4,2579.44
191001095649900,369044504925,237,countdown,-3360,2304,704,1428.11,948.396,3027.44
191001096652100,369045504842,238,countdown,-3392,2656,64,1396.11,1300.4,2387.44
191001097651900,369046507009,239,countdown,-3328,2464,768,1460.11,1108.4,3091.44
191001098652000,369047504925,240,countdown,-3520,2400,992,1268.11,1044.4,3315.44
191001099652300,369048504717,241,countdown,-4320,3136,64,468.108,1780.4,2387.44
191001100652100,369049504842,242,countdown,-3232,1856,992,1556.11,500.396,3315.44
191001101648000,369050504967,243,countdown,-3552,2336,704,1236.11,980.396,3027.44
191001102806800,369051504925,244,countdown,-3616,2528,1056,1172.11,1172.4,3379.44
191001103643200,369052504800,245,countdown,-3488,2624,640,1300.11,1268.4,2963.44
191001104724300,369053504634,246,countdown,-4064,2368,704,724.108,1012.4,3027.44
191001105718500,369054506050,247,countdown,-3840,2528,1184,948.108,1172.4,3507.44
191001106664100,369055504884,248,countdown,-3552,2080,480,1236.11,724.396,2803.44
191001107665700,369056504467,249,countdown,-3968,2432,736,820.108,1076.4,3059.44
191001109115300,369057504759,250,countdown,-3520,2592,352,1268.11,1236.4,2675.44
191001109659400,369058504634,251,countdown,-3936,2560,1536,852.108,1204.4,3859.44
191001110810000,369059504884,252,countdown,-3904,2432,928,884.108,1076.4,3251.44
191001111779800,369060504925,253,countdown,-4096,2176,608,692.108,820.396,2931.44
191001112716100,369061504842,254,countdown,-4480,2304,480,308.108,948.396,2803.44
191001113664800,369062504759,255,countdown,-3584,2720,992,1204.11,1364.4,3315.44
191001115126400,369063504592,0,countdown,-3904,2528,512,884.108,1172.4,2835.44
191001115654100,369064504967,1,countdown,-4768,2912,-64,20.1079,1556.4,2259.44
191001116667200,369065504925,2,countdown,-4288,2272,512,500.108,916.396,2835.44
191001117649900,369066504925,3,countdown,-3648,2496,864,1140.11,1140.4,3187.44
191001118651800,369067504800,4,countdown,-4960,2176,480,-171.892,820.396,2803.44
191001119645200,369068504675,5,countdown,-4288,2752,1120,500.108,1396.4,3443.44
191001120662100,369069504967,6,countdown,-4576,2848,544,212.108,1492.4,2867.44
191001121658100,369070504842,7,countdown,-4288,2720,800,500.108,1364.4,3123.44
191001122654000,369071504384,8,countdown,-4512,3168,288,276.108,1812.4,2611.44
191001123653400,369072504717,9,countdown,-4032,2784,640,756.108,1428.4,2963.44
191001124659100,369073504634,10,countdown,-4192,2432,1472,596.108,1076.4,3795.44
191001125653300,369074504884,11,countdown,-4224,2432,992,564.108,1076.4,3315.44
191001126653300,369075504884,12,countdown,-4992,2400,992,-203.892,1044.4,3315.44
191001127652300,369076505592,13,countdown,-4192,2432,960,596.108,1076.4,3283.44
191001128653100,369077504717,14,countdown,-3584,2432,1376,1204.11,1076.4,3699.44
191001129653100,369078504634,15,countdown,-3840,2464,1696,948.108,1108.4,4019.44
191001130653200,369079505009,16,countdown,-4000,2752,736,788.108,1396.4,3059.44
191001131649400,369080504842,17,countdown,-4000,2560,1216,788.108,1204.4,3539.44
191001132659100,369081504884,18,countdown,-4032,2592,1504,756.108,1236.4,3827.44
191001133640600,369082504675,19,countdown,-4000,2208,1728,788.108,852.396,4051.44
191001134647500,369083504467,20,countdown,-4160,2016,1856,628.108,660.396,4179.44
191001135648700,369084504925,21,countdown,-3232,2144,1888,1556.11,788.396,4211.44
191001136658500,369085504842,22,countdown,-3936,2016,1440,852.108,660.396,3763.44
191001137664100,369086504884,23,countdown,-4128,2240,1664,660.108,884.396,3987.44
191001138656400,369087504800,24,countdown,-3136,1632,2368,1652.11,276.396,4691.44
191001139654400,369088504842,25,countdown,-3328,2208,2336,1460.11,852.396,4659.44
191001140652400,369089504884,26,countdown,-3872,1792,2272,916.108,436.396,4595.44
191001141653900,369090504842,27,countdown,-3552,2112,1920,1236.11,756.396,4243.44
191001142653500,369091504842,28,countdown,-2400,1664,2848,2388.11,308.396,5171.44
191001143653300,369092504800,29,countdown,-3808,2336,1760,980.108,980.396,4083.44
191001144653400,369093504717,30,countdown,-3904,2272,1856,884.108,916.396,4179.44
191001145653200,369094506592,31,countdown,-3424,2112,2368,1364.11,756.396,4691.44
191001146653300,369095504800,32,countdown,-3584,2464,2080,1204.11,1108.4,4403.44
191001147653600,369096504842,33,countdown,-4032,2752,2176,756.108,1396.4,4499.44
191001148653600,369097504675,34,countdown,-3232,2272,2144,1556.11,916.396,4467.44
191001149648600,369098504634,35,countdown,-4512,2848,1984,276.108,1492.4,4307.44
191001150649100,369099504842,36,countdown,-4000,2560,2208,788.108,1204.4,4531.44
191001151647100,369100505425,37,countdown,-3456,2752,2368,1332.11,1396.4,4691.44
191001152663000,369101506217,38,countdown,-4928,3328,1792,-139.892,1972.4,4115.44
191001153661300,369102504634,39,countdown,-4128,2816,1920,660.108,1460.4,4243.44
191001154661800,369103504259,40,countdown,-4608,2592,2112,180.108,1236.4,4435.44
191001155653800,369104504759,41,countdown,-4384,2624,2560,404.108,1268.4,4883.44
191001156654200,369105504759,42,countdown,-4800,2848,1952,-11.8921,1492.4,4275.44
191001157651700,369106506175,43,countdown,-4448,2912,2208,340.108,1556.4,4531.44
191001158653200,369107504800,44,countdown,-4416,3360,2112,372.108,2004.4,4435.44
191001159653300,369108507467,45,countdown,-4352,2944,2144,436.108,1588.4,4467.44
191001160651200,369109504925,46,countdown,-4864,2880,2080,-75.8921,1524.4,4403.44
191001161653200,369110504842,47,countdown,-4928,1952,1632,-139.892,596.396,3955.44
191001162651300,369111504884,48,countdown,-4800,2016,2784,-11.8921,660.396,5107.44
191001163638600,369112504759,49,countdown,-5376,2560,2272,-587.892,1204.4,4595.44
191001164643500,369113504967,50,countdown,-4736,1664,2560,52.1079,308.396,4883.44
191001165649600,369114504884,51,countdown,-4608,2336,2400,180.108,980.396,4723.44
191001166648700,369115504550,52,countdown,-4896,2176,2144,-107.892,820.396,4467.44
191001167646900,369116504842,53,countdown,-4960,1472,2688,-171.892,116.396,5011.44
191001168659100,369117504800,54,countdown,-4832,1600,2816,-43.8921,244.396,5139.44
191001169665800,369118504675,55,countdown,-4544,2080,2112,244.108,724.396,4435.44
191001170666800,369119504884,56,countdown,-4480,1600,2752,308.108,244.396,5075.44
191001171660200,369120505009,57,countdown,-4928,1600,2240,-139.892,244.396,4563.44
191001172668800,369121504759,58,countdown,-5024,1632,2528,-235.892,276.396,4851.44
191001173665600,369122504800,59,countdown,-4000,1984,3264,788.108,628.396,5587.44
191001174654500,369123508467,60,countdown,-4032,1728,3200,756.108,372.396,5523.44
191001175653700,369124506967,61,countdown,-4064,1920,3040,724.108,564.396,5363.44
191001176653200,369125505925,62,countdown,-3936,1824,3264,852.108,468.396,5587.44
191001177651100,369126505759,63,countdown,-4256,1536,3264,532.108,180.396,5587.44
191001178651200,369127505634,64,countdown,-4896,2176,2656,-107.892,820.396,4979.44
191001179653100,369128504967,65,countdown,-3904,1536,2976,884.108,180.396,5299.44
191001180651200,369129504675,66,countdown,-4672,2144,2752,116.108,788.396,5075.44
191001181649200,369130505467,67,countdown,-4416,2144,3232,372.108,788.396,5555.44
191001182648100,369131504800,68,countdown,-5088,2240,2720,-299.892,884.396,5043.44
191001183648900,369132504717,69,countdown,-4512,2016,3232,276.108,660.396,5555.44
191001184666200,369133504925,70,countdown,-4512,2080,3296,276.108,724.396,5619.44
191001185645900,369134504842,71,countdown,-4192,2240,2976,596.108,884.396,5299.44
191001186649400,369135504259,72,countdown,-4864,2464,3104,-75.8921,1108.4,5427.44
191001187654200,369136504884,73,countdown,-4480,2784,3072,308.108,1428.4,5395.44
191001188652400,369137504675,74,countdown,-4992,2400,3008,-203.892,1044.4,5331.44
191001189651800,369138504884,75,countdown,-4608,2208,3648,180.108,852.396,5971.44
191001190653800,369139504800,76,countdown,-5024,1824,2784,-235.892,468.396,5107.44
191001191651700,369140506550,77,countdown,-5056,1920,3360,-267.892,564.396,5683.44
191001192653700,369141504717,78,countdown,-5120,2304,3072,-331.892,948.396,5395.44
191001193652900,369142504634,79,countdown,-5120,2400,2848,-331.892,1044.4,5171.44
191001194653600,369143504925,80,countdown,-5600,2144,2848,-811.892,788.396,5171.44
191001195653800,369144504800,81,countdown,-5120,1856,3712,-331.892,500.396,6035.44
191001196653700,369145504884,82,countdown,-5632,2144,2976,-843.892,788.396,5299.44
191001197647600,369146504800,83,countdown,-5184,2176,3008,-395.892,820.396,5331.44
191001198645300,369147504675,84,countdown,-5600,2304,2848,-811.892,948.396,5171.44
191001199647400,369148504925,85,countdown,-5888,2208,3392,-1099.89,852.396,5715.44
191001200660900,369149505842,86,countdown,-5824,2336,2816,-1035.89,980.396,5139.44
191001201658400,369150504384,87,countdown,-5472,1696,3616,-683.892,340.396,5939.44
191001202798800,369151504759,88,countdown,-5760,1984,3008,-971.892,628.396,5331.44
191001203658100,369152506134,89,countdown,-5568,1984,3104,-779.892,628.396,5427.44
191001204655800,369153505050,90,countdown,-5408,2144,3936,-619.892,788.396,6259.44
191001205652200,369154504759,91,countdown,-5568,1888,3136,-779.892,532.396,5459.44
191001206652100,369155504759,92,countdown,-5472,1664,4192,-683.892,308.396,6515.44
191001207652000,369156504884,93,countdown,-5312,1856,3296,-523.892,500.396,5619.44
191001208653600,369157504634,94,countdown,-5248,1696,3488,-459.892,340.396,5811.44
191001209651900,369158504967,95,countdown,-5440,1696,3488,-651.892,340.396,5811.44
191001210651800,369159504884,96,countdown,-4480,1312,4448,308.108,-43.6044,6771.44
191001211652200,369160504759,97,countdown,-5056,1728,4256,-267.892,372.396,6579.44
191001212652000,369161504592,98,countdown,-5728,1472,4448,-939.892,116.396,6771.44
191001213648000,369162504175,99,countdown,-4736,1632,3936,52.1079,276.396,6259.44
191001214641100,369163504967,100,countdown,-4896,1760,3936,-107.892,404.396,6259.44
191001215643100,369164504925,101,countdown,-4928,1632,4416,-139.892,276.396,6739.44
191001216667100,369165504550,102,countdown,-5568,1728,3584,-779.892,372.396,5907.44
191001217666700,369166504800,103,countdown,-4672,2112,3680,116.108,756.396,6003.44
191001218649800,369167504634,104,countdown,-4704,1856,4000,84.1079,500.396,6323.44
191001219802100,369168504925,105,countdown,-4992,1696,3648,-203.892,340.396,5971.44
191001220656900,369169504717,106,countdown,-5024,1504,3744,-235.892,148.396,6067.44
191001221643400,369170504800,107,countdown,-5056,1728,4352,-267.892,372.396,6675.44
191001222647700,369171504717,108,countdown,-5344,2496,4064,-555.892,1140.4,6387.44
191001223656000,369172506175,109,countdown,-5152,1728,3744,-363.892,372.396,6067.44
191001224654300,369173507967,110,countdown,-5792,1728,4288,-1003.89,372.396,6611.44
191001225654000,369174505759,111,countdown,-5856,1792,4160,-1067.89,436.396,6483.44
191001226652000,369175504717,112,countdown,-6240,1824,4096,-1451.89,468.396,6419.44
191001227654000,369176505259,113,countdown,-5632,1760,4320,-843.892,404.396,6643.44
191001228649700,369177505384,114,countdown,-5600,1696,4192,-811.892,340.396,6515.44
191001229647900,369178504967,115,countdown,-6304,1888,3648,-1515.89,532.396,5971.44
191001230647700,369179504925,116,countdown,-5824,2048,4064,-1035.89,692.396,6387.44
191001231645800,369180504842,117,countdown,-5632,2528,3744,-843.892,1172.4,6067.44
191001232661100,369181504717,118,countdown,-5856,2464,3712,-1067.89,1108.4,6035.44
191001233664100,369182504384,119,countdown,-6144,1952,4480,-1355.89,596.396,6803.44
191001234663900,369183505634,120,countdown,-6272,1920,3328,-1483.89,564.396,5651.44
191001235654900,369184504800,121,countdown,-5920,2272,3968,-1131.89,916.396,6291.44
191001236653900,369185504925,122,countdown,-6496,2176,3520,-1707.89,820.396,5843.44
191001237653500,369186504634,123,countdown,-5696,1728,4096,-907.892,372.396,6419.44
191001238653600,369187505342,124,countdown,-6752,2272,3072,-1963.89,916.396,5395.44
191001239649400,369188505009,125,countdown,-6272,2080,4064,-1483.89,724.396,6387.44
191001240651100,369189504842,126,countdown,-6304,1792,3936,-1515.89,436.396,6259.44
191001241651200,369190505717,127,countdown,-6656,2368,4224,-1867.89,1012.4,6547.44
191001242651000,369191504759,128,countdown,-6816,1984,3520,-2027.89,628.396,5843.44
191001243649200,369192504634,129,countdown,-6272,1952,3296,-1483.89,596.396,5619.44
191001244651100,369193504925,130,countdown,-6464,1984,4384,-1675.89,628.396,6707.44
191001245647500,369194504717,131,countdown,-6432,1760,4064,-1643.89,404.396,6387.44
191001246645400,369195507175,132,countdown,-6400,1984,4480,-1611.89,628.396,6803.44
191001247647200,369196504634,133,countdown,-6176,1760,4512,-1387.89,404.396,6835.44
191001248659400,369197504717,134,countdown,-5792,2464,3968,-1003.89,1108.4,6291.44
191001249661900,369198504800,135,countdown,-5664,1664,3712,-875.892,308.396,6035.44
191001250655500,369199504717,136,countdown,-6080,1952,4448,-1291.89,596.396,6771.44
191001251652500,369200505384,137,countdown,-5760,1984,4992,-971.892,628.396,7315.44
191001252652000,369201505342,138,countdown,-5568,1888,4160,-779.892,532.396,6483.44
191001253651700,369202504717,139,countdown,-5568,2240,4032,-779.892,884.396,6355.44
191001254651500,369203504842,140,countdown,-5792,1984,4480,-1003.89,628.396,6803.44
191001255651200,369204504717,141,countdown,-5184,1952,4224,-395.892,596.396,6547.44
191001256651600,369205504800,142,countdown,-5344,1632,4448,-555.892,276.396,6771.44
191001257651200,369206504675,143,countdown,-5792,2464,4128,-1003.89,1108.4,6451.44
191001258651200,369207504759,144,countdown,-5344,2240,5216,-555.892,884.396,7539.44
191001259651300,369208505134,145,countdown,-5632,2176,4224,-843.892,820.396,6547.44
191001260650300,369209505884,146,countdown,-5376,1728,4672,-587.892,372.396,6995.44
191001261647900,369210506550,147,countdown,-5952,2432,4064,-1163.89,1076.4,6387.44
191001262648900,369211504759,148,countdown,-5824,2240,4864,-1035.89,884.396,7187.44
191001263645400,369212504925,149,countdown,-5696,2464,4448,-907.892,1108.4,6771.44
191001264655300,369213506134,150,countdown,-6528,2976,3840,-1739.89,1620.4,6163.44
191001265654400,369214508259,151,countdown,-6368,2560,4256,-1579.89,1204.4,6579.44
191001266652400,369215507050,152,countdown,-6208,2304,4256,-1419.89,948.396,6579.44
191001267651700,369216504884,153,countdown,-6240,2752,4672,-1451.89,1396.4,6995.44
191001268651700,369217504717,154,countdown,-6240,2400,4224,-1451.89,1044.4,6547.44
191001269651300,369218505009,155,countdown,-6240,2816,4608,-1451.89,1460.4,6931.44
191001270649400,369219504300,156,countdown,-6656,2912,3904,-1867.89,1556.4,6227.44
191001271650300,369220504842,157,countdown,-6848,2400,3680,-2059.89,1044.4,6003.44
191001272651400,369221504634,158,countdown,-6112,2592,3392,-1323.89,1236.4,5715.44
191001273651200,369222504925,159,countdown,-6880,2592,4192,-2091.89,1236.4,6515.44
191001274651300,369223504800,160,countdown,-7200,2624,3712,-2411.89,1268.4,6035.44
191001275651400,369224506967,161,countdown,-7168,2368,3968,-2379.89,1012.4,6291.44
191001276651400,369225504717,162,countdown,-6880,2240,3584,-2091.89,884.396,5907.44
191001277647800,369226504509,163,countdown,-6752,2816,4608,-1963.89,1460.4,6931.44
191001278647400,369227504925,164,countdown,-7328,2656,3808,-2539.89,1300.4,6131.44
191001279645500,369228504759,165,countdown,-7040,2720,3616,-2251.89,1364.4,5939.44
191001280657100,369229504800,166,countdown,-6240,2560,3776,-1451.89,1204.4,6099.44
191001281654200,369230504634,167,countdown,-7808,3072,3584,-3019.89,1716.4,5907.44
191001282650800,369231506009,168,countdown,-6624,2848,4192,-1835.89,1492.4,6515.44
191001283651200,369232505967,169,countdown,-7328,2944,4512,-2539.89,1588.4,6835.44
191001284650900,369233504842,170,countdown,-6848,2880,3808,-2059.89,1524.4,6131.44
191001285651100,369234504425,171,countdown,-7072,2880,3936,-2283.89,1524.4,6259.44
191001286651000,369235504800,172,countdown,-6944,2912,3552,-2155.89,1556.4,5875.44
191001287651100,369236504634,173,countdown,-6912,2624,3552,-2123.89,1268.4,5875.44
191001288651200,369237504884,174,countdown,-6688,2560,4320,-1899.89,1204.4,6643.44
191001289651200,369238504800,175,countdown,-6336,2560,4096,-1547.89,1204.4,6419.44
191001290651000,369239504717,176,countdown,-6944,2784,3872,-2155.89,1428.4,6195.44
191001291649100,369240504842,177,countdown,-6496,2880,4480,-1707.89,1524.4,6803.44
191001292650900,369241504592,178,countdown,-6912,2272,4448,-2123.89,916.396,6771.44
191001293645300,369242506384,179,countdown,-6752,3328,4224,-1963.89,1972.4,6547.44
191001294644900,369243504759,180,countdown,-6592,3232,4256,-1803.89,1876.4,6579.44
191001295647400,369244504759,181,countdown,-6016,2848,4704,-1227.89,1492.4,7027.44
191001296665800,369245504800,182,countdown,-6496,3520,3936,-1707.89,2164.4,6259.44
191001297659800,369246504717,183,countdown,-6912,3232,3872,-2123.89,1876.4,6195.44
191001298653600,369247504925,184,countdown,-6208,3648,3936,-1419.89,2292.4,6259.44
191001299650100,369248504884,185,countdown,-6560,3616,4192,-1771.89,2260.4,6515.44
191001300651900,369249504759,186,countdown,-5856,3616,4160,-1067.89,2260.4,6483.44
191001301651800,369250505467,187,countdown,-5344,3296,4384,-555.892,1940.4,6707.44
191001302651700,369251504467,188,countdown,-6144,3744,4000,-1355.89,2388.4,6323.44
191001303649700,369252504967,189,countdown,-5824,3168,4544,-1035.89,1812.4,6867.44
191001304650700,369253504884,190,countdown,-6272,3840,3712,-1483.89,2484.4,6035.44
191001305651800,369254505342,191,countdown,-5952,3680,3712,-1163.89,2324.4,6035.44
191001306651800,369255506175,192,countdown,-5792,3584,3776,-1003.89,2228.4,6099.44
191001307651500,369256504717,193,countdown,-6464,3104,4224,-1675.89,1748.4,6547.44
191001308649900,369257504925,194,countdown,-5920,3648,3968,-1131.89,2292.4,6291.44
191001309648000,369258504800,195,countdown,-6016,3328,4032,-1227.89,1972.4,6355.44
191001310647700,369259505634,196,countdown,-6464,3232,4352,-1675.89,1876.4,6675.44
191001311647700,369260506259,197,countdown,-5600,3104,3936,-811.892,1748.4,6259.44
191001312659300,369261504550,198,countdown,-6400,3392,4096,-1611.89,2036.4,6419.44
191001313655000,369262504884,199,countdown,-6336,3488,3648,-1547.89,2132.4,5971.44
191001315432500,369263504759,200,countdown,-6432,3424,4064,-1643.89,2068.4,6387.44
191001315646000,369264505592,201,countdown,-6560,3648,3712,-1771.89,2292.4,6035.44
191001316663300,369265505884,202,countdown,-6432,3712,3904,-1643.89,2356.4,6227.44
191001317659300,369266505509,203,countdown,-6432,3424,3712,-1643.89,2068.4,6035.44
191001318651700,369267504925,204,countdown,-6880,3392,3296,-2091.89,2036.4,5619.44
191001319657300,369268504759,205,countdown,-6592,2752,3392,-1803.89,1396.4,5715.44
191001320656300,369269504759,206,countdown,-6432,3584,3168,-1643.89,2228.4,5491.44
191001321660300,369270514342,207,countdown,-7456,2816,3776,-2667.89,1460.4,6099.44
191001322658100,369271506384,208,countdown,-7104,3328,4224,-2315.89,1972.4,6547.44
191001323676900,369272504884,209,countdown,-6880,2976,3936,-2091.89,1620.4,6259.44
191001324672000,369273504842,210,countdown,-7328,3328,4032,-2539.89,1972.4,6355.44
191001325654900,369274504842,211,countdown,-6880,3360,3360,-2091.89,2004.4,5683.44
191001326649600,369275504675,212,countdown,-6336,3456,3648,-1547.89,2100.4,5971.44
191001327648100,369276504634,213,countdown,-7712,3264,2848,-2923.89,1908.4,5171.44
191001328658100,369277505217,214,countdown,-8064,3488,2944,-3275.89,2132.4,5267.44
191001329660500,369278504842,215,countdown,-7744,3648,3104,-2955.89,2292.4,5427.44
191001330654400,369279504925,216,countdown,-7328,3872,2848,-2539.89,2516.4,5171.44
191001331651300,369280504717,217,countdown,-7392,3584,3680,-2603.89,2228.4,6003.44
191001332650800,369281504717,218,countdown,-7680,3904,2944,-2891.89,2548.4,5267.44
191001333650300,369282504842,219,countdown,-7392,3776,2624,-2603.89,2420.4,4947.44
191001334651400,369283504467,220,countdown,-7136,3392,2880,-2347.89,2036.4,5203.44
191001335650300,369284504675,221,countdown,-7872,3840,2592,-3083.89,2484.4,4915.44
191001336645400,369285504550,222,countdown,-7360,3776,2720,-2571.89,2420.4,5043.44
191001337649300,369286504675,223,countdown,-7232,4256,2816,-2443.89,2900.4,5139.44
191001338650300,369287504759,224,countdown,-7040,4384,2400,-2251.89,3028.4,4723.44
191001339650200,369288508050,225,countdown,-6656,4192,2528,-1867.89,2836.4,4851.44
191001340647700,369289504675,226,countdown,-6336,3712,2944,-1547.89,2356.4,5267.44
191001341649900,369290504717,227,countdown,-6848,4352,2496,-2059.89,2996.4,4819.44
191001342647800,369291504717,228,countdown,-7552,4032,2112,-2763.89,2676.4,4435.44
191001343649900,369292504842,229,countdown,-6304,3744,3072,-1515.89,2388.4,5395.44
191001344655500,369293504425,230,countdown,-6816,4224,2144,-2027.89,2868.4,4467.44
191001345663000,369294504925,231,countdown,-7232,3936,3008,-2443.89,2580.4,5331.44
191001346654200,369295504592,232,countdown,-7008,3968,2208,-2219.89,2612.4,4531.44
191001347651600,369296504634,233,countdown,-6624,4128,2368,-1835.89,2772.4,4691.44
191001348649500,369297504967,234,countdown,-6464,4224,2304,-1675.89,2868.4,4627.44
191001349651400,369298504800,235,countdown,-6656,3872,2816,-1867.89,2516.4,5139.44
191001350648700,369299504717,236,countdown,-7456,3840,1856,-2667.89,2484.4,4179.44
191001351650700,369300505259,237,countdown,-6528,4032,2208,-1739.89,2676.4,4531.44
191001352642500,369301504550,238,countdown,-7296,3968,1856,-2507.89,2612.4,4179.44
191001353644500,369302506217,239,countdown,-6944,3808,2176,-2155.89,2452.4,4499.44
191001354650300,369303504800,240,countdown,-6976,3936,2592,-2187.89,2580.4,4915.44
191001355650000,369304504675,241,countdown,-6688,3296,2656,-1899.89,1940.4,4979.44
191001356648200,369305504550,242,countdown,-6656,3520,2528,-1867.89,2164.4,4851.44
191001357648100,369306504717,243,countdown,-6976,3488,3008,-2187.89,2132.4,5331.44
191001358648200,369307506467,244,countdown,-6976,3616,1728,-2187.89,2260.4,4051.44
191001359650500,369308509592,245,countdown,-6720,3648,2656,-1931.89,2292.4,4979.44
191001360658100,369309504717,246,countdown,-6784,3488,2016,-1995.89,2132.4,4339.44
191001361660200,369310504634,247,countdown,-7264,3552,2176,-2475.89,2196.4,4499.44
191001362664200,369311504884,248,countdown,-7296,3680,1856,-2507.89,2324.4,4179.44
191001363655700,369312504884,249,countdown,-6848,3328,2304,-2059.89,1972.4,4627.44
191001364652700,369313505717,250,countdown,-7616,3520,2432,-2827.89,2164.4,4755.44
191001365651600,369314504675,251,countdown,-7328,3424,2560,-2539.89,2068.4,4883.44
191001366651500,369315506050,252,countdown,-7040,3392,1472,-2251.89,2036.4,3795.44
191001367650800,369316504800,253,countdown,-7040,3552,2080,-2251.89,2196.4,4403.44
191001368650800,369317504800,254,countdown,-7424,3168,1760,-2635.89,1812.4,4083.44
191001369646300,369318504759,255,countdown,-7264,3072,1824,-2475.89,1716.4,4147.44
191001370644900,369319504634,0,countdown,-7776,3488,2240,-2987.89,2132.4,4563.44
191001371653100,369320505175,1,countdown,-7104,3648,1696,-2315.89,2292.4,4019.44
191001372658300,369321504967,2,countdown,-7712,3168,1760,-2923.89,1812.4,4083.44
191001373650600,369322504759,3,countdown,-7648,3328,1312,-2859.89,1972.4,3635.44
191001374650700,369323504884,4,countdown,-7296,3392,1664,-2507.89,2036.4,3987.44
191001375650600,369324504884,5,countdown,-7680,3264,1984,-2891.89,1908.4,4307.44
191001376655800,369325505259,6,countdown,-7488,3552,1248,-2699.89,2196.4,3571.44
191001377650300,369326504925,7,countdown,-7488,3648,1824,-2699.89,2292.4,4147.44
191001378642000,369327506175,8,countdown,-6880,3840,800,-2091.89,2484.4,3123.44
191001379639600,369328504759,9,countdown,-7296,3328,1344,-2507.89,1972.4,3667.44
191001380648600,369329504717,10,countdown,-6976,3744,1184,-2187.89,2388.4,3507.44
191001381643700,369330505092,11,countdown,-7264,3552,960,-2475.89,2196.4,3283.44
191001382644500,369331504967,12,countdown,-6944,3840,1312,-2155.89,2484.4,3635.44
191001383644400,369332505592,13,countdown,-6112,3392,1280,-1323.89,2036.4,3603.44
191001384641500,369333504800,14,countdown,-6464,3680,960,-1675.89,2324.4,3283.44
191001385640500,369334504759,15,countdown,-6496,3392,1344,-1707.89,2036.4,3667.44
191001386641900,369335504550,16,countdown,-6976,3744,1280,-2187.89,2388.4,3603.44
191001387644300,369336504967,17,countdown,-7136,3328,1184,-2347.89,1972.4,3507.44
191001388647000,369337504759,18,countdown,-6400,3264,512,-1611.89,1908.4,2835.44
191001389643900,369338504759,19,countdown,-6976,3456,1280,-2187.89,2100.4,3603.44
191001390640500,369339504592,20,countdown,-6752,3552,1088,-1963.89,2196.4,3411.44
191001391660100,369340504676,21,countdown,-6656,3328,960,-1867.89,1972.4,3283.44
191001392654500,369341504967,22,countdown,-6720,3136,992,-1931.89,1780.4,3315.44
191001393651300,369342505009,23,countdown,-6176,3904,1120,-1387.89,2548.4,3443.44
191001394644500,369343504759,24,countdown,-6240,3488,992,-1451.89,2132.4,3315.44
191001395642700,369344504759,25,countdown,-6784,3136,1056,-1995.89,1780.4,3379.44
191001396660200,369345504592,26,countdown,-6176,3104,928,-1387.89,1748.4,3251.44
191001397674200,369346504842,27,countdown,-6848,3200,1280,-2059.89,1844.4,3603.44
191001398666000,369347504842,28,countdown,-6560,2944,1472,-1771.89,1588.4,3795.44
191001399673000,369348506134,29,countdown,-6432,3104,480,-1643.89,1748.4,2803.44
191001400658500,369349504592,30,countdown,-6688,3296,512,-1899.89,1940.4,2835.44
191001401668100,369350504717,31,countdown,-6464,3008,1152,-1675.89,1652.4,3475.44
191001402662800,369351504884,32,countdown,-7040,3264,96,-2251.89,1908.4,2419.44
191001403667900,369352504717,33,countdown,-6400,3168,416,-1611.89,1812.4,2739.44
191001404667600,369353504926,34,countdown,-6144,3136,768,-1355.89,1780.4,3091.44
191001405667600,369354504676,35,countdown,-6144,2624,992,-1355.89,1268.4,3315.44
191001406733000,369355504676,36,countdown,-7200,3072,544,-2411.89,1716.4,2867.44
191001407675200,369356504842,37,countdown,-6656,2624,320,-1867.89,1268.4,2643.44
191001408655700,369357504426,38,countdown,-7392,3136,448,-2603.89,1780.4,2771.44
191001409667300,369358504759,39,countdown,-6880,3104,192,-2091.89,1748.4,2515.44
191001410663600,369359504676,40,countdown,-6656,2752,160,-1867.89,1396.4,2483.44
191001411667600,369360507259,41,countdown,-6656,2848,320,-1867.89,1492.4,2643.44
191001412669000,369361504884,42,countdown,-6144,2432,416,-1355.89,1076.4,2739.44
191001413666000,369362504509,43,countdown,-6656,2656,832,-1867.89,1300.4,3155.44
191001415100100,369363504842,44,countdown,-6720,2944,32,-1931.89,1588.4,2355.44
191001415701500,369364504676,45,countdown,-6368,3072,-384,-1579.89,1716.4,1939.44
191001416667100,369365504176,46,countdown,-6112,2880,608,-1323.89,1524.4,2931.44
191001417664900,369366505592,47,countdown,-6528,2976,-64,-1739.89,1620.4,2259.44
191001418665500,369367504926,48,countdown,-6112,2560,416,-1323.89,1204.4,2739.44
191001419712800,369368504884,49,countdown,-6560,3296,64,-1771.89,1940.4,2387.44
191001420668400,369369504759,50,countdown,-6304,2976,416,-1515.89,1620.4,2739.44
191001421665600,369370504717,51,countdown,-5984,2464,160,-1195.89,1108.4,2483.44
191001422664300,369371504801,52,countdown,-5952,2624,-224,-1163.89,1268.4,2099.44
191001423665800,369372506176,53,countdown,-6176,2944,-352,-1387.89,1588.4,1971.44
191001424668600,369373504676,54,countdown,-6144,2208,288,-1355.89,852.396,2611.44
191001425669500,369374504634,55,countdown,-5888,2720,-320,-1099.89,1364.4,2003.44
191001426777800,369375506134,56,countdown,-6016,2720,-352,-1227.89,1364.4,1971.44
191001427668600,369376504884,57,countdown,-5440,2496,224,-651.892,1140.4,2547.44
191001428788700,369377505717,58,countdown,-5952,2816,-352,-1163.89,1460.4,1971.44
191001429758900,369378504801,59,countdown,-6080,2464,-224,-1291.89,1108.4,2099.44
191001430778800,369379504634,60,countdown,-5344,2592,224,-555.892,1236.4,2547.44
191001431834100,369380504676,61,countdown,-5760,2336,-320,-971.892,980.396,2003.44
191001432660400,369381504842,62,countdown,-5600,2272,-384,-811.892,916.396,1939.44
191001433673700,369382504801,63,countdown,-5728,2208,64,-939.892,852.396,2387.44
191001434671000,369383505176,64,countdown,-5696,2272,-320,-907.892,916.396,2003.44
191001435670900,369384504717,65,countdown,-4928,2336,192,-139.892,980.396,2515.44
191001436664100,369385504759,66,countdown,-5216,1824,384,-427.892,468.396,2707.44
191001437654400,369386504884,67,countdown,-5088,2496,640,-299.892,1140.4,2963.44
191001438647300,369387504301,68,countdown,-5664,2368,-960,-875.892,1012.4,1363.44
191001439672500,369388504717,69,countdown,-5472,2400,-288,-683.892,1044.4,2035.44
191001440666100,369389505009,70,countdown,-5856,2368,-832,-1067.89,1012.4,1491.44
191001441675700,369390504676,71,countdown,-4960,2496,-416,-171.892,1140.4,1907.44
191001442662700,369391504717,72,countdown,-5760,1984,192,-971.892,628.396,2515.44
191001443649000,369392504759,73,countdown,-5216,1792,-320,-427.892,436.396,2003.44
191001444646600,369393504801,74,countdown,-4736,2528,-224,52.1079,1172.4,2099.44
191001445657900,369394504634,75,countdown,-4928,2464,-672,-139.892,1108.4,1651.44
191001446655800,369395504676,76,countdown,-4576,1984,480,212.108,628.396,2803.44
191001447649300,369396504801,77,countdown,-4800,2240,-480,-11.8921,884.396,1843.44
191001448674300,369397504717,78,countdown,-4992,2144,-32,-203.892,788.396,2291.44
191001449666300,369398504676,79,countdown,-5568,1600,-384,-779.892,244.396,1939.44
191001450667100,369399504676,80,countdown,-5280,1888,-576,-491.892,532.396,1747.44
191001451658500,369400504801,81,countdown,-5312,2176,-704,-523.892,820.396,1619.44
191001452662200,369401504842,82,countdown,-5120,2048,-384,-331.892,692.396,1939.44
191001453664500,369402504842,83,countdown,-5280,2176,-224,-491.892,820.396,2099.44
191001454672000,369403504676,84,countdown,-5280,1792,-768,-491.892,436.396,1555.44
191001455666700,369404504801,85,countdown,-5024,2048,-1440,-235.892,692.396,883.437
191001456665200,369405504717,86,countdown,-5280,1952,-960,-491.892,596.396,1363.44
191001457675200,369406504842,87,countdown,-5408,2112,-1088,-619.892,756.396,1235.44
191001458674600,369407504676,88,countdown,-4576,2016,-896,212.108,660.396,1427.44
191001459683300,369408504634,89,countdown,-5504,1728,-800,-715.892,372.396,1523.44
191001460677000,369409504717,90,countdown,-5024,1664,-1056,-235.892,308.396,1267.44
191001461679400,369410504967,91,countdown,-5056,2016,-1216,-267.892,660.396,1107.44
191001462666100,369411504801,92,countdown,-4992,1504,-672,-203.892,148.396,1651.44
191001463685800,369412504884,93,countdown,-5376,2240,-1888,-587.892,884.396,435.437
191001464672800,369413506009,94,countdown,-4800,1568,-1152,-11.8921,212.396,1171.44
191001465689400,369414504676,95,countdown,-4672,1632,-832,116.108,276.396,1491.44
191001466671300,369415510592,96,countdown,-5248,1440,-1856,-459.892,84.3956,467.437
191001467687200,369416504842,97,countdown,-5088,1856,-2144,-299.892,500.396,179.437
191001468672300,369417504926,98,countdown,-4864,1792,-1696,-75.8921,436.396,627.437
191001469705600,369418504801,99,countdown,-4896,1088,-960,-107.892,-267.604,1363.44
191001470673400,369419504842,100,countdown,-4928,1216,-1760,-139.892,-139.604,563.437
191001472192400,369420504801,101,countdown,-5024,1632,-1920,-235.892,276.396,403.437
191001472665400,369421504842,102,countdown,-4992,1216,-1312,-203.892,-139.604,1011.44
191001473674700,369422504926,103,countdown,-4320,1376,-1664,468.108,20.3956,659.437
191001474671300,369423504759,104,countdown,-4608,1536,-1536,180.108,180.396,787.437
191001475672200,369424504676,105,countdown,-4224,1152,-928,564.108,-203.604,1395.44
191001476674400,369425506384,106,countdown,-5024,1440,-1472,-235.892,84.3956,851.437
191001477674500,369426504967,107,countdown,-4352,928,-1056,436.108,-427.604,1267.44
191001478661200,369427504842,108,countdown,-4608,1344,-1344,180.108,-11.6044,979.437
191001479646600,369428504717,109,countdown,-4768,1344,-1344,20.1079,-11.6044,979.437
191001480670900,369429504634,110,countdown,-4384,1216,-1504,404.108,-139.604,819.437
191001481667700,369430504801,111,countdown,-3968,736,-896,820.108,-619.604,1427.44
191001482699000,369431506342,112,countdown,-4096,1312,-1888,692.108,-43.6044,435.437
191001483849400,369432504676,113,countdown,-4288,1056,-1376,500.108,-299.604,947.437
191001484660500,369433504634,114,countdown,-4320,800,-1600,468.108,-555.604,723.437
191001485750400,369434504759,115,countdown,-4160,1024,-1536,628.108,-331.604,787.437
191001486660700,369435504884,116,countdown,-3552,1120,-1792,1236.11,-235.604,531.437
191001487656200,369436504967,117,countdown,-3808,1216,-1952,980.108,-139.604,371.437
191001488787200,369437504759,118,countdown,-4000,800,-1952,788.108,-555.604,371.437
191001489740300,369438504592,119,countdown,-3488,1344,-2016,1300.11,-11.6044,307.437
191001490752200,369439504634,120,countdown,-3552,960,-1280,1236.11,-395.604,1043.44
191001491768000,369440505592,121,countdown,-3808,1120,-1472,980.108,-235.604,851.437
191001492667000,369441504842,122,countdown,-2624,960,-1696,2164.11,-395.604,627.437
191001493673700,369442504842,123,countdown,-3904,1184,-1920,884.108,-171.604,403.437
191001494662400,369443504592,124,countdown,-3840,864,-1312,948.108,-491.604,1011.44
191001495723400,369444504676,125,countdown,-3872,1344,-1888,916.108,-11.6044,435.437
191001496729100,369445504884,126,countdown,-4416,512,-2400,372.108,-843.604,-76.5634
191001497662400,369446504426,127,countdown,-3840,608,-1504,948.108,-747.604,819.437
191001498647600,369447504842,128,countdown,-3712,512,-1888,1076.11,-843.604,435.437
191001499762200,369448504634,129,countdown,-4192,928,-2592,596.108,-427.604,-268.563
191001500734500,369449504634,130,countdown,-3968,896,-2304,820.108,-459.604,19.4366
191001501655200,369450504926,131,countdown,-3936,896,-2112,852.108,-459.604,211.437
191001502656200,369451504842,132,countdown,-4000,736,-1888,788.108,-619.604,435.437
191001503730000,369452504759,133,countdown,-4064,640,-2720,724.108,-715.604,-396.563
191001504654200,369453504592,134,countdown,-4416,896,-2880,372.108,-459.604,-556.563
191001505674000,369454506259,135,countdown,-4192,768,-2176,596.108,-587.604,147.437
191001506658800,369455504884,136,countdown,-4064,672,-2336,724.108,-683.604,-12.5634
191001507675300,369456504676,137,countdown,-4288,480,-2496,500.108,-875.604,-172.563
191001508658300,369457504801,138,countdown,-4416,672,-2848,372.108,-683.604,-524.563
191001509675600,369458504676,139,countdown,-4352,288,-2624,436.108,-1067.6,-300.563
191001510675600,369459504801,140,countdown,-4320,0,-2848,468.108,-1355.6,-524.563
191001511651300,369460504884,141,countdown,-4160,512,-2848,628.108,-843.604,-524.563
191001512731800,369461504801,142,countdown,-4384,704,-3104,404.108,-651.604,-780.563
191001513678300,369462504676,143,countdown,-4096,480,-2432,692.108,-875.604,-108.563
191001514654600,369463504717,144,countdown,-4128,448,-2784,660.108,-907.604,-460.563
191001515721400,369464504676,145,countdown,-3840,-320,-3072,948.108,-1675.6,-748.563
191001516670300,369465507051,146,countdown,-4608,416,-2752,180.108,-939.604,-428.563
191001517653400,369466504967,147,countdown,-4288,544,-2720,500.108,-811.604,-396.563
191001518662600,369467504717,148,countdown,-4288,896,-2560,500.108,-459.604,-236.563
191001519672900,369468505509,149,countdown,-4512,384,-3040,276.108,-971.604,-716.563
191001520648500,369469504592,150,countdown,-3744,256,-3040,1044.11,-1099.6,-716.563
191001521653600,369470504801,151,countdown,-4000,832,-2400,788.108,-523.604,-76.5634
191001522701600,369471504801,152,countdown,-3968,384,-2816,820.108,-971.604,-492.563
191001523663500,369472506176,153,countdown,-4320,32,-3072,468.108,-1323.6,-748.563
191001524677000,369473504259,154,countdown,-3616,416,-2368,1172.11,-939.604,-44.5634
191001525673000,369474504592,155,countdown,-3488,32,-2208,1300.11,-1323.6,115.437
191001526654300,369475504801,156,countdown,-4256,960,-3328,532.108,-395.604,-1004.56
191001527649200,369476504842,157,countdown,-3168,96,-2592,1620.11,-1259.6,-268.563
191001528650500,369477504967,158,countdown,-3200,480,-2912,1588.11,-875.604,-588.563
191001529652900,369478505759,159,countdown,-4096,384,-3680,692.108,-971.604,-1356.56
191001530650900,369479504676,160,countdown,-2144,-96,-2880,2644.11,-1451.6,-556.563
191001531645600,369480506134,161,countdown,-3456,192,-2816,1332.11,-1163.6,-492.563
191001532645100,369481504884,162,countdown,-3232,192,-3072,1556.11,-1163.6,-748.563
191001533658900,369482504592,163,countdown,-3552,256,-3104,1236.11,-1099.6,-780.563
191001534650600,369483504676,164,countdown,-3168,320,-2976,1620.11,-1035.6,-652.563
191001535659300,369484504551,165,countdown,-2848,256,-2912,1940.11,-1099.6,-588.563
191001536663200,369485504384,166,countdown,-3328,256,-2752,1460.11,-1099.6,-428.563
191001537660200,369486504884,167,countdown,-3040,288,-3456,1748.11,-1067.6,-1132.56
191001538659200,369487504676,168,countdown,-3072,320,-2880,1716.11,-1035.6,-556.563
191001539669000,369488504676,169,countdown,-3232,160,-3648,1556.11,-1195.6,-1324.56
191001540677500,369489504676,170,countdown,-3744,224,-3264,1044.11,-1131.6,-940.563
191001541664800,369490505842,171,countdown,-3456,448,-2752,1332.11,-907.604,-428.563
191001542666500,369491504884,172,countdown,-3264,416,-3456,1524.11,-939.604,-1132.56
191001543677800,369492504759,173,countdown,-3168,32,-2912,1620.11,-1323.6,-588.563
191001544676200,369493504759,174,countdown,-3200,256,-3520,1588.11,-1099.6,-1196.56
191001545654700,369494504551,175,countdown,-3872,704,-3136,916.108,-651.604,-812.563
191001546669500,369495504926,176,countdown,-3520,-448,-3424,1268.11,-1803.6,-1100.56
191001547655600,369496504884,177,countdown,-3904,0,-3808,884.108,-1355.6,-1484.56
191001548647600,369497504759,178,countdown,-3616,224,-3456,1172.11,-1131.6,-1132.56
191001549649600,369498504759,179,countdown,-3584,-192,-3776,1204.11,-1547.6,-1452.56
191001550647200,369499504551,180,countdown,-4096,-160,-3872,692.108,-1515.6,-1548.56
191001551658500,369500505592,181,countdown,-3808,288,-4064,980.108,-1067.6,-1740.56
191001552651700,369501504967,182,countdown,-4352,-128,-3616,436.108,-1483.6,-1292.56
191001553647000,369502504592,183,countdown,-3392,-128,-4064,1396.11,-1483.6,-1740.56
191001554644900,369503504676,184,countdown,-4128,96,-4160,660.108,-1259.6,-1836.56
191001555648600,369504504551,185,countdown,-4000,160,-3904,788.108,-1195.6,-1580.56
191001556661600,369505504884,186,countdown,-3744,416,-4064,1044.11,-939.604,-1740.56
191001557650700,369506504842,187,countdown,-4000,128,-4352,788.108,-1227.6,-2028.56
191001558646300,369507504634,188,countdown,-3552,-384,-3776,1236.11,-1739.6,-1452.56
191001559645700,369508504759,189,countdown,-3808,-32,-4128,980.108,-1387.6,-1804.56
191001560645000,369509504634,190,countdown,-4064,192,-4512,724.108,-1163.6,-2188.56
191001561644400,369510504801,191,countdown,-3776,96,-4032,1012.11,-1259.6,-1708.56
191001562645800,369511504842,192,countdown,-4192,32,-4256,596.108,-1323.6,-1932.56
191001563659400,369512504634,193,countdown,-4512,0,-4608,276.108,-1355.6,-2284.56
191001564650800,369513504717,194,countdown,-4096,-352,-3904,692.108,-1707.6,-1580.56
191001565644600,369514504634,195,countdown,-4448,64,-4256,340.108,-1291.6,-1932.56
191001566710800,369515504426,196,countdown,-4288,128,-3648,500.108,-1227.6,-1324.56
191001567667900,369516504884,197,countdown,-3648,-160,-4416,1140.11,-1515.6,-2092.56
191001568650800,369517504634,198,countdown,-4768,0,-4288,20.1079,-1355.6,-1964.56
191001569644300,369518504759,199,countdown,-4128,-320,-4064,660.108,-1675.6,-1740.56
191001570644300,369519504509,200,countdown,-3968,352,-3968,820.108,-1003.6,-1644.56
191001571644900,369520504842,201,countdown,-4128,256,-4640,660.108,-1099.6,-2316.56
191001572643100,369521504717,202,countdown,-3904,224,-3840,884.108,-1131.6,-1516.56
191001573650600,369522504634,203,countdown,-4416,192,-4096,372.108,-1163.6,-1772.56
191001574672600,369523504634,204,countdown,-4000,480,-5024,788.108,-875.604,-2700.56
191001575658300,369524504592,205,countdown,-4032,160,-3744,756.108,-1195.6,-1420.56
191001576655400,369525504717,206,countdown,-3744,32,-4384,1044.11,-1323.6,-2060.56
191001577664600,369526504759,207,countdown,-4128,320,-4192,660.108,-1035.6,-1868.56
191001578651500,369527504301,208,countdown,-3904,320,-4320,884.108,-1035.6,-1996.56
191001579657500,369528504634,209,countdown,-4032,-32,-4704,756.108,-1387.6,-2380.56
191001580655100,369529504717,210,countdown,-3264,288,-4192,1524.11,-1067.6,-1868.56
191001581668100,369530504842,211,countdown,-3552,-64,-4352,1236.11,-1419.6,-2028.56
191001582658400,369531505384,212,countdown,-4416,576,-5248,372.108,-779.604,-2924.56
191001583665400,369532505426,213,countdown,-3264,608,-3840,1524.11,-747.604,-1516.56
191001584663900,369533505551,214,countdown,-4128,416,-3968,660.108,-939.604,-1644.56
191001585652700,369534504717,215,countdown,-3840,0,-4832,948.108,-1355.6,-2508.56
191001586650100,369535504842,216,countdown,-3456,480,-4416,1332.11,-875.604,-2092.56
191001587947300,369536505051,217,countdown,-3776,128,-4064,1012.11,-1227.6,-1740.56
191001588655100,369537504676,218,countdown,-4384,416,-4224,404.108,-939.604,-1900.56
191001589663800,369538504592,219,countdown,-4224,640,-4576,564.108,-715.604,-2252.56
191001590663500,369539504884,220,countdown,-4096,544,-5056,692.108,-811.604,-2732.56
191001591654300,369540506467,221,countdown,-4128,160,-4768,660.108,-1195.6,-2444.56
191001592651000,369541504676,222,countdown,-4832,416,-4800,-43.8921,-939.604,-2476.56
191001593651500,369542504717,223,countdown,-4384,736,-4928,404.108,-619.604,-2604.56
191001594650000,369543504759,224,countdown,-4032,608,-4512,756.108,-747.604,-2188.56
191001595651400,369544507426,225,countdown,-4224,480,-4608,564.108,-875.604,-2284.56
191001596651600,369545504884,226,countdown,-4352,288,-4416,436.108,-1067.6,-2092.56
191001597649300,369546504676,227,countdown,-4128,384,-4672,660.108,-971.604,-2348.56
191001598656000,369547504717,228,countdown,-4416,224,-4672,372.108,-1131.6,-2348.56
191001599659900,369548504717,229,countdown,-4160,96,-4448,628.108,-1259.6,-2124.56
191001600653700,369549506384,230,countdown,-4256,352,-4416,532.108,-1003.6,-2092.56
191001601652300,369550506384,231,countdown,-5088,960,-5408,-299.892,-395.604,-3084.56
191001602647800,369551504801,232,countdown,-4576,448,-4352,212.108,-907.604,-2028.56
191001603661300,369552504884,233,countdown,-4352,640,-4480,436.108,-715.604,-2156.56
191001604650100,369553504759,234,countdown,-4480,544,-5024,308.108,-811.604,-2700.56
191001605718600,369554504801,235,countdown,-4160,352,-4384,628.108,-1003.6,-2060.56
191001606658900,369555504884,236,countdown,-4256,256,-4192,532.108,-1099.6,-1868.56
191001607652200,369556504634,237,countdown,-4064,256,-4864,724.108,-1099.6,-2540.56
191001608650700,369557504717,238,countdown,-5152,640,-4352,-363.892,-715.604,-2028.56
191001609651600,369558504551,239,countdown,-4416,672,-4800,372.108,-683.604,-2476.56
191001610651700,369559504801,240,countdown,-4320,960,-4288,468.108,-395.604,-1964.56
191001611651400,369560504842,241,countdown,-4320,160,-4928,468.108,-1195.6,-2604.56
191001612651100,369561506176,242,countdown,-3840,288,-4672,948.108,-1067.6,-2348.56
191001613651200,369562505384,243,countdown,-4000,480,-4320,788.108,-875.604,-1996.56
191001614677500,369563504676,244,countdown,-4160,512,-4320,628.108,-843.604,-1996.56
191001615655400,369564504926,245,countdown,-3712,416,-4224,1076.11,-939.604,-1900.56
191001616657200,369565509926,246,countdown,-4160,352,-4384,628.108,-1003.6,-2060.56
191001617670000,369566504717,247,countdown,-3680,480,-4480,1108.11,-875.604,-2156.56
191001618653200,369567504717,248,countdown,-4448,512,-4416,340.108,-843.604,-2092.56
191001619673500,369568504592,249,countdown,-3904,736,-4704,884.108,-619.604,-2380.56
191001620778200,369569508634,250,countdown,-4064,800,-4544,724.108,-555.604,-2220.56
191001621776100,369570509717,251,countdown,-4096,448,-4672,692.108,-907.604,-2348.56
191001622774400,369571512342,252,countdown,-3680,704,-5088,1108.11,-651.604,-2764.56
191001623647700,369572506426,253,countdown,-4416,896,-4128,372.108,-459.604,-1804.56
191001624774700,369573516342,254,countdown,-3648,736,-4416,1140.11,-619.604,-2092.56
191001625775600,369574512259,255,countdown,-4832,864,-4640,-43.8921,-491.604,-2316.56
191001626776100,369575516509,0,countdown,-3424,416,-4224,1364.11,-939.604,-1900.56
191001627776200,369576510717,1,countdown,-4192,928,-4672,596.108,-427.604,-2348.56
191001628776900,369577509134,2,countdown,-4160,1344,-4832,628.108,-11.6044,-2508.56
191001629646500,369578507217,3,countdown,-3936,1120,-4320,852.108,-235.604,-1996.56
191001630667000,369579509759,4,countdown,-4160,544,-4832,628.108,-811.604,-2508.56
191001631788200,369580510967,5,countdown,-4512,1056,-4000,276.108,-299.604,-1676.56
191001632780700,369581511301,6,countdown,-4800,1248,-4960,-11.8921,-107.604,-2636.56
191001633776300,369582509176,7,countdown,-4736,1024,-4160,52.1079,-331.604,-1836.56
191001634778000,369583513217,8,countdown,-4704,1216,-4448,84.1079,-139.604,-2124.56
191001635647200,369584507926,9,countdown,-4160,1024,-5056,628.108,-331.604,-2732.56
191001636649100,369585505801,10,countdown,-4608,1440,-3936,180.108,84.3956,-1612.56
191001637650700,369586506884,11,countdown,-4576,800,-4192,212.108,-555.604,-1868.56
191001638773700,369587507467,12,countdown,-3776,992,-3936,1012.11,-363.604,-1612.56
191001639775400,369588509342,13,countdown,-4096,864,-3936,692.108,-491.604,-1612.56
191001640647400,369589507842,14,countdown,-4800,1280,-4608,-11.8921,-75.6044,-2284.56
191001641775400,369590506926,15,countdown,-4064,1600,-4608,724.108,244.396,-2284.56
191001642646900,369591504759,16,countdown,-4544,1408,-4640,244.108,52.3956,-2316.56
191001643650300,369592505634,17,countdown,-4576,1344,-4256,212.108,-11.6044,-1932.56
191001644773200,369593511717,18,countdown,-4640,1312,-4416,148.108,-43.6044,-2092.56
191001645646700,369594507967,19,countdown,-4000,1088,-4288,788.108,-267.604,-1964.56
191001646676100,369595511134,20,countdown,-4896,1120,-4928,-107.892,-235.604,-2604.56
191001647661000,369596512676,21,countdown,-4576,1152,-4672,212.108,-203.604,-2348.56
191001648653600,369597506426,22,countdown,-4896,1344,-4864,-107.892,-11.6044,-2540.56
191001649650700,369598509342,23,countdown,-3744,1440,-5184,1044.11,84.3956,-2860.56
191001650652200,369599505759,24,countdown,-4576,1184,-4384,212.108,-171.604,-2060.56
191001651774800,369600512176,25,countdown,-4256,960,-4192,532.108,-395.604,-1868.56
191001652647300,369601509676,26,countdown,-4512,1248,-4480,276.108,-107.604,-2156.56
191001653647900,369602510926,27,countdown,-4736,1248,-4512,52.1079,-107.604,-2188.56
191001654651500,369603508926,28,countdown,-4320,1664,-4672,468.108,308.396,-2348.56
191001655649200,369604506384,29,countdown,-3936,1472,-3648,852.108,116.396,-1324.56
191001656649400,369605509551,30,countdown,-4576,1408,-4384,212.108,52.3956,-2060.56
191001657774300,369606509634,31,countdown,-5216,1088,-4448,-427.892,-267.604,-2124.56
191001658647500,369607509676,32,countdown,-4192,1344,-4928,596.108,-11.6044,-2604.56
191001659776200,369608511967,33,countdown,-4480,1344,-3968,308.108,-11.6044,-1644.56
191001660647500,369609510926,34,countdown,-4608,1056,-4256,180.108,-299.604,-1932.56
191001661651200,369610508717,35,countdown,-4832,1312,-4128,-43.8921,-43.6044,-1804.56
191001662643900,369611510176,36,countdown,-4864,1376,-4064,-75.8921,20.3956,-1740.56
191001663789000,369612512342,37,countdown,-4832,2016,-5088,-43.8921,660.396,-2764.56
191001664772500,369613514426,38,countdown,-4512,1568,-4576,276.108,212.396,-2252.56
191001665643000,369614509884,39,countdown,-4928,1696,-3808,-139.892,340.396,-1484.56
191001666883000,369615514009,40,countdown,-5472,1760,-4672,-683.892,404.396,-2348.56
191001667659900,369616506301,41,countdown,-5248,1440,-3744,-459.892,84.3956,-1420.56
191001668670200,369617505217,42,countdown,-5024,1856,-4352,-235.892,500.396,-2028.56
191001669773100,369618510967,43,countdown,-4768,1920,-4384,20.1079,564.396,-2060.56
191001670658400,369619508717,44,countdown,-5344,1664,-4192,-555.892,308.396,-1868.56
191001671778500,369620511842,45,countdown,-5376,2432,-5056,-587.892,1076.4,-2732.56
191001672777000,369621511134,46,countdown,-5504,1728,-4416,-715.892,372.396,-2092.56
191001673776700,369622511467,47,countdown,-4672,1856,-3680,116.108,500.396,-1356.56
191001674648100,369623509801,48,countdown,-5696,1632,-4256,-907.892,276.396,-1932.56
191001675651400,369624507509,49,countdown,-6240,2240,-4736,-1451.89,884.396,-2412.56
191001676785100,369625507926,50,countdown,-4576,1952,-4480,212.108,596.396,-2156.56
191001677647700,369626507801,51,countdown,-5952,2208,-4352,-1163.89,852.396,-2028.56
191001678698400,369627504592,52,countdown,-5600,2208,-4960,-811.892,852.396,-2636.56
191001679817300,369628504634,53,countdown,-5056,2112,-4320,-267.892,756.396,-1996.56
191001680659500,369629504884,54,countdown,-5408,2560,-4608,-619.892,1204.4,-2284.56
191001681652900,369630504717,55,countdown,-5024,2528,-4256,-235.892,1172.4,-1932.56
191001682652500,369631505509,56,countdown,-5280,2208,-4096,-491.892,852.396,-1772.56
191001683651700,369632504592,57,countdown,-5280,1952,-3552,-491.892,596.396,-1228.56
191001684978000,369633504551,58,countdown,-5184,2304,-4448,-395.892,948.396,-2124.56
191001685645000,369634504717,59,countdown,-5248,2016,-4032,-459.892,660.396,-1708.56
191001686655600,369635505051,60,countdown,-5184,2400,-4288,-395.892,1044.4,-1964.56
191001687652400,369636504717,61,countdown,-5024,1824,-4096,-235.892,468.396,-1772.56
191001688649600,369637504592,62,countdown,-5248,2016,-3872,-459.892,660.396,-1548.56
191001689649300,369638504801,63,countdown,-4928,1568,-3808,-139.892,212.396,-1484.56
191001690650900,369639504676,64,countdown,-4992,2208,-4256,-203.892,852.396,-1932.56
191001691650900,369640504426,65,countdown,-5152,1728,-4256,-363.892,372.396,-1932.56
191001692649800,369641504759,66,countdown,-4288,1376,-3776,500.108,20.3956,-1452.56
191001693650800,369642504551,67,countdown,-4512,1888,-3936,276.108,532.396,-1612.56
191001694665100,369643504967,68,countdown,-4800,1280,-4064,-11.8921,-75.6044,-1740.56
191001695652000,369644504801,69,countdown,-4192,1696,-3936,596.108,340.396,-1612.56
191001696638700,369645504717,70,countdown,-4384,1312,-3520,404.108,-43.6044,-1196.56
191001697641400,369646504759,71,countdown,-4800,1248,-3584,-11.8921,-107.604,-1260.56
191001698640600,369647504634,72,countdown,-4288,1760,-3648,500.108,404.396,-1324.56
191001699640900,369648505634,73,countdown,-4672,1120,-3264,116.108,-235.604,-940.563
191001700639000,369649504717,74,countdown,-4448,1184,-3232,340.108,-171.604,-908.563
191001701642000,369650504551,75,countdown,-5184,1664,-3808,-395.892,308.396,-1484.56
191001702641700,369651504676,76,countdown,-5440,1248,-3680,-651.892,-107.604,-1356.56
191001703640000,369652504634,77,countdown,-5312,1376,-3168,-523.892,20.3956,-844.563
191001704640800,369653504801,78,countdown,-5568,1952,-3232,-779.892,596.396,-908.563
191001705640800,369654504717,79,countdown,-5280,1408,-4096,-491.892,52.3956,-1772.56
191001706641600,369655504717,80,countdown,-5600,1536,-3360,-811.892,180.396,-1036.56
191001707642100,369656504717,81,countdown,-5984,1504,-4352,-1195.89,148.396,-2028.56
191001708639600,369657504634,82,countdown,-5888,1344,-3936,-1099.89,-11.6044,-1612.56
191001709641800,369658504967,83,countdown,-6592,1760,-4032,-1803.89,404.396,-1708.56
191001710649100,369659504634,84,countdown,-6944,1792,-4352,-2155.89,436.396,-2028.56
191001711640000,369660506801,85,countdown,-7264,1792,-4224,-2475.89,436.396,-1900.56
191001712640700,369661504676,86,countdown,-6880,1856,-3840,-2091.89,500.396,-1516.56
191001713640400,369662504509,87,countdown,-7392,2240,-4608,-2603.89,884.396,-2284.56
191001714639600,369663504884,88,countdown,-7328,2176,-4032,-2539.89,820.396,-1708.56
191001715640600,369664504759,89,countdown,-7584,2656,-4640,-2795.89,1300.4,-2316.56
191001716640600,369665504509,90,countdown,-7520,2528,-4608,-2731.89,1172.4,-2284.56
191001717640200,369666506676,91,countdown,-7296,2784,-4288,-2507.89,1428.4,-1964.56
191001718640500,369667505217,92,countdown,-7712,3136,-4544,-2923.89,1780.4,-2220.56
191001719640600,369668504842,93,countdown,-6880,3104,-4192,-2091.89,1748.4,-1868.56
191001720640700,369669504717,94,countdown,-6592,3200,-4832,-1803.89,1844.4,-2508.56
191001721640500,369670504676,95,countdown,-6880,3456,-4256,-2091.89,2100.4,-1932.56
191001722638900,369671504967,96,countdown,-6304,2848,-3712,-1515.89,1492.4,-1388.56
191001723640800,369672505842,97,countdown,-6624,3456,-4960,-1835.89,2100.4,-2636.56
191001724641800,369673504926,98,countdown,-6720,3552,-4352,-1931.89,2196.4,-2028.56
191001725641000,369674504717,99,countdown,-6656,2944,-4064,-1867.89,1588.4,-1740.56
191001727060800,369675504759,100,countdown,-5888,2816,-3776,-1099.89,1460.4,-1452.56
191001728578600,369676504551,101,countdown,-5472,3424,-3968,-683.892,2068.4,-1644.56
191001728761000,369677504592,102,countdown,-5728,3136,-3968,-939.892,1780.4,-1644.56
191001729764000,369678504842,103,countdown,-5216,2720,-3200,-427.892,1364.4,-876.563
191001730847700,369679504717,104,countdown,-4928,2592,-3680,-139.892,1236.4,-1356.56
191001731855500,369680504759,105,countdown,-4288,2464,-3200,500.108,1108.4,-876.563
191001732811800,369681504676,106,countdown,-4128,2592,-3040,660.108,1236.4,-716.563
191001733828300,369682504592,107,countdown,-4224,1984,-2944,564.108,628.396,-620.563
191001734883600,369683506176,108,countdown,-3808,1824,-2368,980.108,468.396,-44.5634
191001735828900,369684504676,109,countdown,-3584,1440,-2624,1204.11,84.3956,-300.563
191001739908800,369685504801,110,countdown,-3488,1536,-2048,1300.11,180.396,275.437
191001739934600,369686504676,111,countdown,-3552,1120,-2272,1236.11,-235.604,51.4366
191001739942600,369687504051,112,countdown,-4000,480,-1824,788.108,-875.604,499.437
191001739948900,369688505009,113,countdown,-3840,864,-2592,948.108,-491.604,-268.563
191001740770300,369689504759,114,countdown,-4416,768,-1824,372.108,-587.604,499.437
191001741743300,369690504717,115,countdown,-4544,544,-1856,244.108,-811.604,467.437
191001742805200,369691504509,116,countdown,-4896,352,-2240,-107.892,-1003.6,83.4366
191001743764500,369692504634,117,countdown,-4672,832,-2016,116.108,-523.604,307.437
191001744785500,369693504801,118,countdown,-4864,640,-2016,-75.8921,-715.604,307.437
191001745856600,369694504801,119,countdown,-5568,672,-1952,-779.892,-683.604,371.437
191001746835900,369695504842,120,countdown,-5920,416,-2432,-1131.89,-939.604,-108.563
191001747821100,369696504592,121,countdown,-5632,832,-2176,-843.892,-523.604,147.437
191001748855600,369697505676,122,countdown,-6496,1120,-2368,-1707.89,-235.604,-44.5634
191001750306600,369698504884,123,countdown,-6848,896,-3296,-2059.89,-459.604,-972.563
191001750821900,369699508092,124,countdown,-7328,1536,-2880,-2539.89,180.396,-556.563
191001751841800,369700504759,125,countdown,-7840,1600,-3456,-3051.89,244.396,-1132.56
191001754935900,369701504509,126,countdown,-7840,1696,-4000,-3051.89,340.396,-1676.56
191001754961600,369702504592,127,countdown,-7744,2304,-3840,-2955.89,948.396,-1516.56
191001754970100,369703504842,128,countdown,-8448,2592,-3840,-3659.89,1236.4,-1516.56
191001755683800,369704504301,129,countdown,-8160,2496,-3904,-3371.89,1140.4,-1580.56
191001756761800,369705504759,130,countdown,-8800,3008,-4288,-4011.89,1652.4,-1964.56
191001757655800,369706504467,131,countdown,-8160,3072,-3840,-3371.89,1716.4,-1516.56
191001758650900,369707504592,132,countdown,-8672,3360,-4320,-3883.89,2004.4,-1996.56
191001759650000,369708504842,133,countdown,-8672,3200,-4224,-3883.89,1844.4,-1900.56
191001760649500,369709504676,134,countdown,-8224,3456,-4032,-3435.89,2100.4,-1708.56
191001761652500,369710504759,135,countdown,-7712,3200,-3904,-2923.89,1844.4,-1580.56
191001762651300,369711504592,136,countdown,-8032,3264,-3968,-3243.89,1908.4,-1644.56
191001763726500,369712504551,137,countdown,-6976,3136,-4192,-2187.89,1780.4,-1868.56
191001764746800,369713507676,138,countdown,-7136,2976,-3968,-2347.89,1620.4,-1644.56
191001765754000,369714504634,139,countdown,-6688,2656,-3072,-1899.89,1300.4,-748.563
191001766741100,369715506342,140,countdown,-6880,2720,-2528,-2091.89,1364.4,-204.563
191001767750100,369716504592,141,countdown,-5600,2688,-2528,-811.892,1332.4,-204.563
191001768755700,369717504551,142,countdown,-5952,2528,-2496,-1163.89,1172.4,-172.563
191001769670000,369718504717,143,countdown,-5280,1952,-2976,-491.892,596.396,-652.563
191001770735800,369719504301,144,countdown,-5824,2496,-2496,-1035.89,1140.4,-172.563
191001771766400,369720505592,145,countdown,-4576,1568,-1728,212.108,212.396,595.437
191001772759500,369721504509,146,countdown,-4480,1472,-1536,308.108,116.396,787.437
191001773665200,369722504551,147,countdown,-3712,1760,-1312,1076.11,404.396,1011.44
191001774750500,369723505509,148,countdown,-3360,1024,-1152,1428.11,-331.604,1171.44
191001775752800,369724504634,149,countdown,-2432,640,-416,2356.11,-715.604,1907.44
191001776758700,369725504592,150,countdown,-2784,1408,-1344,2004.11,52.3956,979.437
191001777777900,369726504676,151,countdown,-2368,960,-352,2420.11,-395.604,1971.44
191001778741500,369727504634,152,countdown,-2848,640,-704,1940.11,-715.604,1619.44
191001779729500,369728504717,153,countdown,-3328,448,-512,1460.11,-907.604,1811.44
191001780728400,369729504759,154,countdown,-2688,544,-96,2100.11,-811.604,2227.44
191001781784100,369730504759,155,countdown,-2912,640,-896,1876.11,-715.604,1427.44
191001782795700,369731505092,156,countdown,-3200,768,-608,1588.11,-587.604,1715.44
191001783756800,369732505926,157,countdown,-3168,1024,-960,1620.11,-331.604,1363.44
191001784651600,369733504801,158,countdown,-3456,992,-1216,1332.11,-363.604,1107.44
191001785652500,369734504884,159,countdown,-3104,1088,-416,1684.11,-267.604,1907.44
191001786651800,369735504551,160,countdown,-4320,1472,-1408,468.108,116.396,915.437
191001787651800,369736506301,161,countdown,-4832,2144,-1600,-43.8921,788.396,723.437
191001788649700,369737504759,162,countdown,-4224,1408,-1280,564.108,52.3956,1043.44
191001789716300,369738504717,163,countdown,-4192,2048,-1856,596.108,692.396,467.437
191001790653900,369739504717,164,countdown,-4928,1824,-1376,-139.892,468.396,947.437
191001791654200,369740504717,165,countdown,-5952,2592,-2112,-1163.89,1236.4,211.437
191001792652900,369741504926,166,countdown,-6368,2816,-2304,-1579.89,1460.4,19.4366
191001793651900,369742504801,167,countdown,-6272,2272,-2400,-1483.89,916.396,-76.5634
191001794651600,369743504676,168,countdown,-7040,2688,-2880,-2251.89,1332.4,-556.563
191001795650200,369744505509,169,countdown,-7488,2816,-2528,-2699.89,1460.4,-204.563
191001796645900,369745504551,170,countdown,-7040,2368,-2688,-2251.89,1012.4,-364.563
191001797652000,369746506134,171,countdown,-7872,2368,-2720,-3083.89,1012.4,-396.563
191001798649900,369747505217,172,countdown,-8416,2592,-3264,-3627.89,1236.4,-940.563
191001799651700,369748504592,173,countdown,-7360,2464,-2528,-2571.89,1108.4,-204.563
191001800652400,369749504676,174,countdown,-8128,2304,-2880,-3339.89,948.396,-556.563
191001801651500,369750504759,175,countdown,-7680,2272,-2624,-2891.89,916.396,-300.563
191001802649700,369751504551,176,countdown,-7936,1600,-2912,-3147.89,244.396,-588.563
191001803651600,369752504801,177,countdown,-7712,1696,-2272,-2923.89,340.396,51.4366
191001804652200,369753504467,178,countdown,-8000,1728,-2624,-3211.89,372.396,-300.563
191001805661100,369754504801,179,countdown,-7424,1696,-2272,-2635.89,340.396,51.4366
191001806651300,369755504592,180,countdown,-6528,1632,-1056,-1739.89,276.396,1267.44
191001807653300,369756506009,181,countdown,-7360,1568,-2176,-2571.89,212.396,147.437
191001808650100,369757504759,182,countdown,-6272,832,-1120,-1483.89,-523.604,1203.44
191001809651800,369758504759,183,countdown,-6208,1312,-1952,-1419.89,-43.6044,371.437
191001810652600,369759504717,184,countdown,-4640,576,-448,148.108,-779.604,1875.44
191001811649800,369760506467,185,countdown,-5152,800,-1216,-363.892,-555.604,1107.44
191001812652100,369761505426,186,countdown,-4224,608,-480,564.108,-747.604,1843.44
191001813651700,369762504717,187,countdown,-3904,992,-224,884.108,-363.604,2099.44
191001814650400,369763506926,188,countdown,-3968,768,-352,820.108,-587.604,1971.44
191001815652100,369764504801,189,countdown,-2784,896,-608,2004.11,-459.604,1715.44
191001816649500,369765504967,190,countdown,-3104,960,-256,1684.11,-395.604,2067.44
191001817653700,369766506092,191,countdown,-2400,1408,-128,2388.11,52.3956,2195.44
191001818651500,369767504676,192,countdown,-2464,1152,-416,2324.11,-203.604,1907.44
191001819651700,369768504676,193,countdown,-1696,1504,-672,3092.11,148.396,1651.44
191001820650200,369769504676,194,countdown,-1376,1088,-192,3412.11,-267.604,2131.44
191001821653600,369770504676,195,countdown,-1920,1792,-160,2868.11,436.396,2163.44
191001822656800,369771505759,196,countdown,-1472,2080,96,3316.11,724.396,2419.44
191001823654300,369772504717,197,countdown,-1824,2048,-832,2964.11,692.396,1491.44
191001824652100,369773504801,198,countdown,-1248,2016,-160,3540.11,660.396,2163.44
191001825650700,369774504717,199,countdown,-1856,2176,-1056,2932.11,820.396,1267.44
191001826652600,369775504592,200,countdown,-1568,2176,-224,3220.11,820.396,2099.44
191001827651400,369776504551,201,countdown,-2112,2688,-288,2676.11,1332.4,2035.44
191001828652700,369777504926,202,countdown,-2816,2816,-1152,1972.11,1460.4,1171.44
191001829649600,369778505342,203,countdown,-3008,2496,-1152,1780.11,1140.4,1171.44
191001830648900,369779504592,204,countdown,-2688,2464,-1216,2100.11,1108.4,1107.44
191001831650700,369780515926,205,countdown,-4096,2656,-736,692.108,1300.4,1587.44
191001832649400,369781504676,206,countdown,-4000,2176,-1376,788.108,820.396,947.437
191001833649600,369782504884,207,countdown,-4512,1984,-2016,276.108,628.396,307.437
191001834652200,369783504759,208,countdown,-4896,2208,-1984,-107.892,852.396,339.437
191001835651800,369784504676,209,countdown,-4832,2016,-1600,-43.8921,660.396,723.437
191001836648200,369785504676,210,countdown,-5728,1952,-1728,-939.892,596.396,595.437
191001837647800,369786504717,211,countdown,-5792,1248,-1472,-1003.89,-107.604,851.437
191001838647100,369787504842,212,countdown,-6656,960,-1216,-1867.89,-395.604,1107.44
191001839651600,369788504759,213,countdown,-7232,576,-1728,-2443.89,-779.604,595.437
191001840657400,369789506134,214,countdown,-6784,1216,-1536,-1995.89,-139.604,787.437
191001841716100,369790506051,215,countdown,-6784,736,-1952,-1995.89,-619.604,371.437
191001842653900,369791504634,216,countdown,-7168,416,-1024,-2379.89,-939.604,1299.44
191001843652000,369792505801,217,countdown,-7008,544,-1344,-2219.89,-811.604,979.437
191001844650800,369793504801,218,countdown,-7200,160,-1376,-2411.89,-1195.6,947.437
191001845651200,369794505217,219,countdown,-7040,224,-1280,-2251.89,-1131.6,1043.44
191001846652500,369795506051,220,countdown,-7040,-64,-1600,-2251.89,-1419.6,723.437
191001847652500,369796504634,221,countdown,-7200,128,-1408,-2411.89,-1227.6,915.437
191001848653800,369797504759,222,countdown,-6656,-32,-1472,-1867.89,-1387.6,851.437
191001849652900,369798504676,223,countdown,-6528,32,-1120,-1739.89,-1323.6,1203.44
191001850652600,369799504592,224,countdown,-5376,-288,-928,-587.892,-1643.6,1395.44
191001851651600,369800504217,225,countdown,-5440,224,-1024,-651.892,-1131.6,1299.44
191001853010400,369801504759,226,countdown,-5056,704,-1312,-267.892,-651.604,1011.44
191001853759900,369802504676,227,countdown,-4544,320,-1120,244.108,-1035.6,1203.44
191001854656200,369803504759,228,countdown,-4448,576,-544,340.108,-779.604,1779.44
191001855653800,369804504634,229,countdown,-3360,800,-640,1428.11,-555.604,1683.44
191001856651900,369805505009,230,countdown,-3584,960,-512,1204.11,-395.604,1811.44
191001857650600,369806505551,231,countdown,-2944,928,-192,1844.11,-427.604,2131.44
191001858650900,369807504842,232,countdown,-3104,1568,-288,1684.11,212.396,2035.44
191001859652200,369808504717,233,countdown,-1920,1344,-544,2868.11,-11.6044,1779.44
191001860652300,369809504676,234,countdown,-2368,1952,-832,2420.11,596.396,1491.44
191001861651500,369810505926,235,countdown,-1632,1952,-352,3156.11,596.396,1971.44
191001862651900,369811504759,236,countdown,-1760,2432,-448,3028.11,1076.4,1875.44
191001863649700,369812504884,237,countdown,-1312,1952,-384,3476.11,596.396,1939.44
191001864651800,369813504717,238,countdown,-1312,1984,0,3476.11,628.396,2323.44
191001865651500,369814507176,239,countdown,-1408,2400,-640,3380.11,1044.4,1683.44
191001866651700,369815505051,240,countdown,-1856,2272,-640,2932.11,916.396,1683.44
191001867651600,369816504634,241,countdown,-1664,2080,-1024,3124.11,724.396,1299.44
191001868651600,369817504759,242,countdown,-1504,2432,-384,3284.11,1076.4,1939.44
191001869653700,369818504634,243,countdown,-1664,2176,224,3124.11,820.396,2547.44
191001870647700,369819504634,244,countdown,-2144,2144,-800,2644.11,788.396,1523.44
191001871650800,369820504634,245,countdown,-1760,1824,-672,3028.11,468.396,1651.44
191001872652000,369821504801,246,countdown,-3168,2336,-1056,1620.11,980.396,1267.44
191001873652100,369822504592,247,countdown,-2528,1760,-608,2260.11,404.396,1715.44
191001874649900,369823504717,248,countdown,-3040,1472,-1120,1748.11,116.396,1203.44
191001875652200,369824505842,249,countdown,-3904,1472,-1056,884.108,116.396,1267.44
191001876652200,369825506051,250,countdown,-4096,1216,-800,692.108,-139.604,1523.44
191001877651600,369826504467,251,countdown,-3776,1408,-960,1012.11,52.3956,1363.44
191001878650600,369827504676,252,countdown,-4384,512,-768,404.108,-843.604,1555.44
191001879651800,369828505426,253,countdown,-5248,608,-992,-459.892,-747.604,1331.44
191001880650900,369829504551,254,countdown,-6048,544,-832,-1259.89,-811.604,1491.44
191001881652500,369830505134,255,countdown,-5664,544,-1568,-875.892,-811.604,755.437
191001882649700,369831505967,0,countdown,-5760,512,-1248,-971.892,-843.604,1075.44
191001883651800,369832505551,1,countdown,-5920,32,-960,-1131.89,-1323.6,1363.44
191001884649700,369833504759,2,countdown,-6496,448,-1696,-1707.89,-907.604,627.437
191001885649200,369834504801,3,countdown,-6016,-64,-1408,-1227.89,-1419.6,915.437
191001886718400,369835504592,4,countdown,-6080,-320,-1120,-1291.89,-1675.6,1203.44
191001887769900,369836504842,5,countdown,-6176,-64,-1888,-1387.89,-1419.6,435.437
191001888774400,369837504259,6,countdown,-6336,-160,-1568,-1547.89,-1515.6,755.437
191001889738800,369838504717,7,countdown,-5952,-96,-1504,-1163.89,-1451.6,819.437
191001891022000,369839504592,8,countdown,-6720,384,-1536,-1931.89,-971.604,787.437
191001891726400,369840504592,9,countdown,-6400,-256,-1760,-1611.89,-1611.6,563.437
191001892779600,369841504842,10,countdown,-6176,576,-2432,-1387.89,-779.604,-108.563
191001893771400,369842504884,11,countdown,-5888,480,-1408,-1099.89,-875.604,915.437
191001894752900,369843504717,12,countdown,-5088,416,-1248,-299.892,-939.604,1075.44
191001895765200,369844504592,13,countdown,-5312,800,-1728,-523.892,-555.604,595.437
191001896714400,369845504551,14,countdown,-4864,512,-896,-75.8921,-843.604,1427.44
191001897776000,369846504467,15,countdown,-4448,896,-1952,340.108,-459.604,371.437
191001898749100,369847505676,16,countdown,-4256,1280,-1536,532.108,-75.6044,787.437
191001899769800,369848504676,17,countdown,-4224,1248,-1280,564.108,-107.604,1043.44
191001900650400,369849504509,18,countdown,-3968,1152,-896,820.108,-203.604,1427.44
191001901647800,369850504592,19,countdown,-3552,1440,-1216,1236.11,84.3956,1107.44
191001903123000,369851504759,20,countdown,-3680,1824,-1344,1108.11,468.396,979.437
191001903649300,369852504801,21,countdown,-3264,1376,-1376,1524.11,20.3956,947.437
191001904647000,369853504717,22,countdown,-3200,1984,-1408,1588.11,628.396,915.437
191001905648100,369854505801,23,countdown,-2848,1696,-864,1940.11,340.396,1459.44
191001906648900,369855504509,24,countdown,-2976,1920,-768,1812.11,564.396,1555.44
191001907650200,369856504759,25,countdown,-2464,1952,-1152,2324.11,596.396,1171.44
191001908651700,369857504384,26,countdown,-2464,1664,-704,2324.11,308.396,1619.44
191001909646800,369858504717,27,countdown,-2592,1632,-512,2196.11,276.396,1811.44
191001910644100,369859504592,28,countdown,-2784,1760,-960,2004.11,404.396,1363.44
191001911650200,369860506301,29,countdown,-2976,1824,-512,1812.11,468.396,1811.44
191001912649800,369861504759,30,countdown,-2432,1440,-1376,2356.11,84.3956,947.437
191001913650600,369862504676,31,countdown,-2784,1408,-1120,2004.11,52.3956,1203.44
191001914652200,369863504634,32,countdown,-2624,1664,-1888,2164.11,308.396,435.437
191001915662700,369864504509,33,countdown,-2848,1184,-1184,1940.11,-171.604,1139.44
191001916655100,369865505009,34,countdown,-2336,960,-864,2452.11,-395.604,1459.44
191001917645300,369866504801,35,countdown,-2880,832,-736,1908.11,-523.604,1587.44
191001918657600,369867504551,36,countdown,-3680,896,-2144,1108.11,-459.604,179.437
191001919653900,369868504717,37,countdown,-2944,512,-864,1844.11,-843.604,1459.44
191001920734000,369869504592,38,countdown,-2720,544,-1408,2068.11,-811.604,915.437
191001921720700,369870504676,39,countdown,-3936,896,-1248,852.108,-459.604,1075.44
191001922647700,369871504759,40,countdown,-4384,224,-1344,404.108,-1131.6,979.437
191001923646600,369872504342,41,countdown,-4544,320,-1408,244.108,-1035.6,915.437
191001924647300,369873505301,42,countdown,-4672,-160,-768,116.108,-1515.6,1555.44
191001925658900,369874504509,43,countdown,-5088,64,-1824,-299.892,-1291.6,499.437
191001926648300,369875504551,44,countdown,-4992,448,-1984,-203.892,-907.604,339.437
191001927650300,369876504759,45,countdown,-4928,224,-1376,-139.892,-1131.6,947.437
191001928653400,369877506217,46,countdown,-5792,192,-1984,-1003.89,-1163.6,339.437
191001929653700,369878504551,47,countdown,-5184,160,-1824,-395.892,-1195.6,499.437
191001930651900,369879504551,48,countdown,-5792,224,-2016,-1003.89,-1131.6,307.437
191001931651700,369880513759,49,countdown,-5376,-64,-1312,-587.892,-1419.6,1011.44
191001932684500,369881504717,50,countdown,-6304,320,-1888,-1515.89,-1035.6,435.437
191001933673500,369882504926,51,countdown,-5792,32,-2016,-1003.89,-1323.6,307.437
191001934658800,369883504634,52,countdown,-6272,352,-1728,-1483.89,-1003.6,595.437
191001935654400,369884505342,53,countdown,-5920,0,-1952,-1131.89,-1355.6,371.437
191001936654400,369885504676,54,countdown,-5920,576,-1760,-1131.89,-779.604,563.437
191001937654100,369886504717,55,countdown,-6400,416,-2528,-1611.89,-939.604,-204.563
191001938653900,369887504759,56,countdown,-5824,672,-1600,-1035.89,-683.604,723.437
191001939653700,369888504551,57,countdown,-5568,928,-1664,-779.892,-427.604,659.437
191001940653600,369889505926,58,countdown,-5952,1344,-2528,-1163.89,-11.6044,-204.563
191001941651900,369890504592,59,countdown,-6016,1216,-3200,-1227.89,-139.604,-876.563
191001942652800,369891504676,60,countdown,-5408,736,-1952,-619.892,-619.604,371.437
191001943653700,369892504634,61,countdown,-5824,1472,-2272,-1035.89,116.396,51.4366
191001944655000,369893504592,62,countdown,-4992,1280,-2240,-203.892,-75.6044,83.4366
191001945651500,369894505551,63,countdown,-4960,1536,-2208,-171.892,180.396,115.437
191001946653200,369895504676,64,countdown,-4000,992,-2176,788.108,-363.604,147.437
191001947653200,369896504759,65,countdown,-4256,1728,-1952,532.108,372.396,371.437
191001948668500,369897504676,66,countdown,-4832,1568,-2080,-43.8921,212.396,243.437
191001949654200,369898504634,67,countdown,-4192,1568,-1728,596.108,212.396,595.437
191001950656300,369899504634,68,countdown,-3904,1408,-1248,884.108,52.3956,1075.44
191001951652600,369900513801,69,countdown,-3968,1824,-2208,820.108,468.396,115.437
191001952654100,369901506426,70,countdown,-3872,1696,-2112,916.108,340.396,211.437
191001953654300,369902504717,71,countdown,-3264,1888,-2048,1524.11,532.396,275.437
191001954653900,369903504676,72,countdown,-3872,1120,-2272,916.108,-235.604,51.4366
191001955653800,369904504967,73,countdown,-3552,1568,-2592,1236.11,212.396,-268.563
191001956653800,369905504551,74,countdown,-3488,1440,-1728,1300.11,84.3956,595.437
191001957653800,369906504926,75,countdown,-3136,1312,-1504,1652.11,-43.6044,819.437
191001958645700,369907504676,76,countdown,-3808,1504,-2368,980.108,148.396,-44.5634
191001959651800,369908505509,77,countdown,-2976,1184,-2240,1812.11,-171.604,83.4366
191001960653800,369909504509,78,countdown,-3552,1696,-2048,1236.11,340.396,275.437
191001961654000,369910504884,79,countdown,-3808,960,-2400,980.108,-395.604,-76.5634
191001962653600,369911504717,80,countdown,-3776,896,-1472,1012.11,-459.604,851.437
191001963651600,369912504759,81,countdown,-3232,864,-2272,1556.11,-491.604,51.4366
191001964687600,369913504634,82,countdown,-4832,1408,-1888,-43.8921,52.3956,435.437
191001965669200,369914504884,83,countdown,-3968,864,-1696,820.108,-491.604,627.437
191001966653000,369915507967,84,countdown,-4416,768,-1984,372.108,-587.604,339.437
191001967656700,369916504801,85,countdown,-4320,704,-1856,468.108,-651.604,467.437
191001968647300,369917504717,86,countdown,-4160,544,-1728,628.108,-811.604,595.437
191001969646000,369918504592,87,countdown,-4704,832,-2176,84.1079,-523.604,147.437
191001970654200,369919505884,88,countdown,-4320,640,-1728,468.108,-715.604,595.437
191001971646700,369920506134,89,countdown,-4416,736,-1792,372.108,-619.604,531.437
191001972646500,369921504801,90,countdown,-4928,96,-1216,-139.892,-1259.6,1107.44
191001973645000,369922504717,91,countdown,-4640,640,-2016,148.108,-715.604,307.437
191001974654000,369923504592,92,countdown,-5984,672,-2560,-1195.89,-683.604,-236.563
191001975653900,369924505384,93,countdown,-5440,928,-2208,-651.892,-427.604,115.437
191001976653600,369925505509,94,countdown,-5760,1024,-2880,-971.892,-331.604,-556.563
191001977653600,369926504634,95,countdown,-6176,1248,-2944,-1387.89,-107.604,-620.563
191001978653600,369927504717,96,countdown,-6048,768,-2560,-1259.89,-587.604,-236.563
191001979654200,369928504592,97,countdown,-5056,1184,-3168,-267.892,-171.604,-844.563
191001980719100,369929504551,98,countdown,-5952,1088,-2784,-1163.89,-267.604,-460.563
191001981661500,369930505509,99,countdown,-6976,1120,-3136,-2187.89,-235.604,-812.563
191001982773600,369931506134,100,countdown,-5664,1408,-2432,-875.892,52.3956,-108.563
191001983653300,369932504717,101,countdown,-6144,1312,-2720,-1355.89,-43.6044,-396.563
191001984655800,369933505717,102,countdown,-5856,1376,-2784,-1067.89,20.3956,-460.563
191001985654400,369934504759,103,countdown,-5728,1792,-3264,-939.892,436.396,-940.563
191001986653800,369935504676,104,countdown,-5280,1664,-3040,-491.892,308.396,-716.563
191001987654100,369936504884,105,countdown,-5568,1472,-2816,-779.892,116.396,-492.563
191001988652000,369937506509,106,countdown,-5792,1440,-2944,-1003.89,84.3956,-620.563
191001989646300,369938504676,107,countdown,-5792,1856,-2720,-1003.89,500.396,-396.563
191001990653900,369939504676,108,countdown,-5568,1824,-2560,-779.892,468.396,-236.563
191001991652900,369940504759,109,countdown,-5376,1952,-3072,-587.892,596.396,-748.563
191001992653400,369941504717,110,countdown,-4928,1536,-2656,-139.892,180.396,-332.563
191001993653400,369942504926,111,countdown,-5472,1792,-3456,-683.892,436.396,-1132.56
191001994654100,369943506051,112,countdown,-5056,1792,-2464,-267.892,436.396,-140.563
191001995652700,369944504509,113,countdown,-5600,1824,-3200,-811.892,468.396,-876.563
191001996671800,369945504717,114,countdown,-5984,1248,-2432,-1195.89,-107.604,-108.563
191001997673200,369946504759,115,countdown,-4800,1376,-2528,-11.8921,20.3956,-204.563
191001998655800,369947504717,116,countdown,-4640,1504,-1920,148.108,148.396,403.437
191001999658400,369948504467,117,countdown,-5024,1504,-2816,-235.892,148.396,-492.563
191002000650600,369949504509,118,countdown,-4384,1536,-2944,404.108,180.396,-620.563
191002001652300,369950504801,119,countdown,-4416,1312,-2496,372.108,-43.6044,-172.563
191002002650900,369951506509,120,countdown,-4064,1664,-3392,724.108,308.396,-1068.56
191002003650000,369952504634,121,countdown,-4928,1600,-1984,-139.892,244.396,339.437
191002004652200,369953504592,122,countdown,-4032,1248,-2336,756.108,-107.604,-12.5634
191002005651800,369954504634,123,countdown,-4512,864,-2432,276.108,-491.604,-108.563
191002006651300,369955506134,124,countdown,-4416,1216,-2112,372.108,-139.604,211.437
191002007651500,369956504676,125,countdown,-5280,1376,-2336,-491.892,20.3956,-12.5634
191002008649400,369957504592,126,countdown,-4160,928,-2496,628.108,-427.604,-172.563
191002009652100,369958504592,127,countdown,-4608,1568,-2336,180.108,212.396,-12.5634
191002010651600,369959504634,128,countdown,-4544,1440,-2336,244.108,84.3956,-12.5634
191002011651500,369960505967,129,countdown,-4384,1440,-2304,404.108,84.3956,19.4366
191002012647700,369961505592,130,countdown,-4288,1792,-2848,500.108,436.396,-524.563
191002013650500,369962504717,131,countdown,-4608,1600,-2592,180.108,244.396,-268.563
191002014660500,369963504509,132,countdown,-4032,1536,-2656,756.108,180.396,-332.563
191002015679200,369964504467,133,countdown,-4192,1312,-2272,596.108,-43.6044,51.4366
191002016652000,369965504384,134,countdown,-4640,1824,-2400,148.108,468.396,-76.5634
191002017649000,369966505217,135,countdown,-4416,2304,-1600,372.108,948.396,723.437
191002018654400,369967504717,136,countdown,-4960,2112,-2528,-171.892,756.396,-204.563
191002019651000,369968504551,137,countdown,-4896,2016,-2944,-107.892,660.396,-620.563
191002020650500,369969504509,138,countdown,-5152,2112,-3136,-363.892,756.396,-812.563
191002021650700,369970504759,139,countdown,-4448,1728,-2496,340.108,372.396,-172.563
191002022650500,369971505217,140,countdown,-5504,2112,-2464,-715.892,756.396,-140.563
191002023650900,369972504592,141,countdown,-5568,1952,-2720,-779.892,596.396,-396.563
191002024650200,369973504801,142,countdown,-5408,2112,-3456,-619.892,756.396,-1132.56
191002025651000,369974504676,143,countdown,-5312,2016,-2432,-523.892,660.396,-108.563
191002026650600,369975504759,144,countdown,-5824,1728,-2976,-1035.89,372.396,-652.563
191002027650600,369976504717,145,countdown,-5760,2144,-2816,-971.892,788.396,-492.563
191002028654500,369977504717,146,countdown,-5408,1888,-3008,-619.892,532.396,-684.563
191002029651100,369978504509,147,countdown,-6208,1920,-3104,-1419.89,564.396,-780.563
191002030651500,369979504592,148,countdown,-5440,1888,-2656,-651.892,532.396,-332.563
191002031650700,369980506259,149,countdown,-5856,1504,-2880,-1067.89,148.396,-556.563
191002032650600,369981504759,150,countdown,-6336,1312,-2816,-1547.89,-43.6044,-492.563
191002033650800,369982504634,151,countdown,-6464,1376,-3136,-1675.89,20.3956,-812.563
191002034650100,369983504342,152,countdown,-6048,1600,-3616,-1259.89,244.396,-1292.56
191002035648300,369984504634,153,countdown,-5824,1248,-2560,-1035.89,-107.604,-236.563
191002036650300,369985504801,154,countdown,-5504,1824,-2592,-715.892,468.396,-268.563
191002037650400,369986504759,155,countdown,-5632,1280,-2688,-843.892,-75.6044,-364.563
191002038648200,369987504676,156,countdown,-6080,1632,-2496,-1291.89,276.396,-172.563
191002039650400,369988504301,157,countdown,-5824,1152,-2784,-1035.89,-203.604,-460.563
191002040650300,369989504551,158,countdown,-5504,1120,-2592,-715.892,-235.604,-268.563
191002041648200,369990514842,159,countdown,-5568,1440,-3008,-779.892,84.3956,-684.563
191002042649900,369991504717,160,countdown,-5888,1056,-2848,-1099.89,-299.604,-524.563
191002043650300,369992504676,161,countdown,-5600,1504,-2368,-811.892,148.396,-44.5634
191002044712500,369993504634,162,countdown,-5376,1472,-2656,-587.892,116.396,-332.563
191002045649600,369994504551,163,countdown,-5152,1632,-2880,-363.892,276.396,-556.563
191002046650100,369995505134,164,countdown,-5440,1920,-2464,-651.892,564.396,-140.563
191002047648500,369996506051,165,countdown,-5056,1664,-2464,-267.892,308.396,-140.563
191002048650400,369997504634,166,countdown,-4960,2112,-2176,-171.892,756.396,147.437
191002049651900,369998504259,167,countdown,-4480,2048,-2912,308.108,692.396,-588.563
191002050650300,369999504592,168,countdown,-4736,2336,-2144,52.1079,980.396,179.437
191002051650300,370000504759,169,countdown,-4736,2176,-2272,52.1079,820.396,51.4366
191002052648000,370001504717,170,countdown,-4128,2464,-1824,660.108,1108.4,499.437
191002053650200,370002505217,171,countdown,-3968,2368,-2400,820.108,1012.4,-76.5634
191002054650600,370003504717,172,countdown,-4224,2208,-2112,564.108,852.396,211.437
191002055648200,370004504592,173,countdown,-4480,2464,-2624,308.108,1108.4,-300.563
191002056648100,370005504634,174,countdown,-4224,2304,-1952,564.108,948.396,371.437
191002057649400,370006506051,175,countdown,-4000,2368,-2112,788.108,1012.4,211.437
191002058650100,370007504509,176,countdown,-4160,2240,-2304,628.108,884.396,19.4366
191002059701200,370008504592,177,countdown,-4224,2912,-2304,564.108,1556.4,19.4366
191002061640200,370009504467,178,countdown,-3936,1920,-2496,852.108,564.396,-172.563
191002061663000,370010504759,179,countdown,-3712,1792,-2272,1076.11,436.396,51.4366
191002063029000,370011504592,180,countdown,-4448,2144,-2080,340.108,788.396,243.437
191002063647000,370012504551,181,countdown,-4384,1952,-2336,404.108,596.396,-12.5634
191002064644800,370013506217,182,countdown,-4448,2304,-2112,340.108,948.396,211.437
191002065647700,370014505176,183,countdown,-4896,2144,-2528,-107.892,788.396,-204.563
191002066648000,370015517801,184,countdown,-5216,1920,-2144,-427.892,564.396,179.437
191002067643400,370016504842,185,countdown,-4608,1632,-2400,180.108,276.396,-76.5634
191002068640500,370017504676,186,countdown,-5664,2272,-2880,-875.892,916.396,-556.563
191002069646200,370018505634,187,countdown,-4928,1120,-2112,-139.892,-235.604,211.437
191002070648000,370019504467,188,countdown,-4672,1824,-2208,116.108,468.396,115.437
191002071645300,370020509134,189,countdown,-5440,1536,-2688,-651.892,180.396,-364.563
191002072659800,370021504759,190,countdown,-5600,800,-2496,-811.892,-555.604,-172.563
191002073652400,370022504551,191,countdown,-5184,1568,-2464,-395.892,212.396,-140.563
191002074648300,370023504592,192,countdown,-6144,1280,-2464,-1355.89,-75.6044,-140.563
191002075645300,370024504551,193,countdown,-5792,1760,-2656,-1003.89,404.396,-332.563
191002077053300,370025506676,194,countdown,-5824,1696,-3072,-1035.89,340.396,-748.563
191002077642200,370026504717,195,countdown,-5472,1568,-2432,-683.892,212.396,-108.563
191002078653500,370027504551,196,countdown,-6336,1888,-2816,-1547.89,532.396,-492.563
191002079658700,370028504884,197,countdown,-5568,1984,-2304,-779.892,628.396,19.4366
191002080652000,370029504467,198,countdown,-6080,1920,-2112,-1291.89,564.396,211.437
191002081649600,370030504676,199,countdown,-6336,1344,-2560,-1547.89,-11.6044,-236.563
191002082651400,370031506092,200,countdown,-5632,1504,-2368,-843.892,148.396,-44.5634
191002083651400,370032504467,201,countdown,-6208,1536,-2240,-1419.89,180.396,83.4366
191002084651200,370033504592,202,countdown,-5600,1504,-2048,-811.892,148.396,275.437
191002085651200,370034504676,203,countdown,-5952,1952,-2400,-1163.89,596.396,-76.5634
191002086651200,370035505092,204,countdown,-5344,1600,-2656,-555.892,244.396,-332.563
191002087651400,370036504676,205,countdown,-5408,1696,-2112,-619.892,340.396,211.437
191002088649300,370037504509,206,countdown,-4800,1856,-1760,-11.8921,500.396,563.437
191002089649100,370038504551,207,countdown,-5184,1824,-2208,-395.892,468.396,115.437
191002090645800,370039504718,208,countdown,-5248,1920,-2240,-459.892,564.396,83.4366
191002091647000,370040504259,209,countdown,-4448,1824,-1888,340.108,468.396,435.437
191002092640800,370041504634,210,countdown,-4672,1600,-2208,116.108,244.396,115.437
191002093653900,370042506468,211,countdown,-4192,2400,-1952,596.108,1044.4,371.437
191002094652800,370043504509,212,countdown,-4736,2208,-1824,52.1079,852.396,499.437
191002095649500,370044504384,213,countdown,-4160,1728,-1696,628.108,372.396,627.437
191002096650900,370045504843,214,countdown,-4096,2112,-1792,692.108,756.396,531.437
191002097651100,370046504676,215,countdown,-4448,2016,-2016,340.108,660.396,307.437
191002098649100,370047504759,216,countdown,-3968,2240,-1888,820.108,884.396,435.437
191002099651000,370048505218,217,countdown,-3872,1600,-2112,916.108,244.396,211.437
191002100650800,370049504676,218,countdown,-3744,2240,-2048,1044.11,884.396,275.437
191002101652800,370050504801,219,countdown,-4256,1920,-1696,532.108,564.396,627.437
191002102651200,370051504551,220,countdown,-3744,1824,-2080,1044.11,468.396,243.437
191002103650800,370052504384,221,countdown,-3712,2144,-1696,1076.11,788.396,627.437
191002104650800,370053504468,222,countdown,-4288,1216,-1792,500.108,-139.604,531.437
191002105651000,370054504759,223,countdown,-3584,1632,-1664,1204.11,276.396,659.437
191002106647300,370055504843,224,countdown,-4384,1696,-1568,404.108,340.396,755.437
191002107647000,370056504634,225,countdown,-4064,1984,-1472,724.108,628.396,851.437
191002108641500,370057504426,226,countdown,-4448,1792,-1760,340.108,436.396,563.437
191002109645300,370058504593,227,countdown,-4832,1856,-2592,-43.8921,500.396,-268.563
191002110646700,370059504718,228,countdown,-4608,1888,-1760,180.108,532.396,563.437
191002111643600,370060504926,229,countdown,-4960,1408,-2208,-171.892,52.3956,115.437
191002112658100,370061504634,230,countdown,-4928,1600,-1856,-139.892,244.396,467.437
191002113645100,370062504509,231,countdown,-4992,1984,-2592,-203.892,628.396,-268.563
191002114644100,370063504593,232,countdown,-4768,1376,-1472,20.1079,20.3956,851.437
191002115656300,370064504759,233,countdown,-5152,1216,-1984,-363.892,-139.604,339.437
191002117184000,370065509426,234,countdown,-5760,1536,-2816,-971.892,180.396,-492.563
191002117648200,370066504634,235,countdown,-5504,1216,-2336,-715.892,-139.604,-12.5634
191002118651500,370067504968,236,countdown,-5088,1824,-2304,-299.892,468.396,19.4366
191002119650900,370068504551,237,countdown,-5792,1376,-2048,-1003.89,20.3956,275.437
191002120651000,370069504718,238,countdown,-5792,1408,-2048,-1003.89,52.3956,275.437
191002121651200,370070504801,239,countdown,-5792,1376,-2112,-1003.89,20.3956,211.437
191002122647400,370071504551,240,countdown,-6528,1280,-1952,-1739.89,-75.6044,371.437
191002123644700,370072508051,241,countdown,-5952,1568,-2560,-1163.89,212.396,-236.563
191002124644200,370073504593,242,countdown,-6272,1600,-3008,-1483.89,244.396,-684.563
191002125642700,370074504551,243,countdown,-5984,896,-2400,-1195.89,-459.604,-76.5634
191002130441100,370075504718,244,countdown,-5792,1056,-2144,-1003.89,-299.604,179.437
191002130461200,370076504634,245,countdown,-5920,1728,-2816,-1131.89,372.396,-492.563
191002130471000,370077504634,246,countdown,-5376,1248,-2528,-587.892,-107.604,-204.563
191002130477700,370078504426,247,countdown,-4768,1408,-1408,20.1079,52.3956,915.437
191002130639100,370079504634,248,countdown,-5504,1440,-2368,-715.892,84.3956,-44.5634
191002131636800,370080504801,249,countdown,-5408,1536,-2464,-619.892,180.396,-140.563
191002132639100,370081504676,250,countdown,-4832,864,-1344,-43.8921,-491.604,979.437
191002133638300,370082505301,251,countdown,-4864,1216,-2400,-75.8921,-139.604,-76.5634
191002134763000,370083504676,252,countdown,-4768,1504,-1792,20.1079,148.396,531.437
191002135829100,370084504718,253,countdown,-4352,992,-1984,436.108,-363.604,339.437
191002136659600,370085504634,254,countdown,-4320,1408,-2080,468.108,52.3956,243.437
191002137641400,370086504676,255,countdown,-4416,1536,-2336,372.108,180.396,-12.5634
191002138655800,370087505051,0,countdown,-4672,1248,-1792,116.108,-107.604,531.437
191002139680100,370088504468,1,countdown,-3904,1536,-1344,884.108,180.396,979.437
191002141318900,370089504718,2,countdown,-4160,1536,-1984,628.108,180.396,339.437
191002141640800,370090506051,3,countdown,-3808,1248,-1888,980.108,-107.604,435.437
191002142943600,370091504634,4,countdown,-4480,1728,-2016,308.108,372.396,307.437
191002143882300,370092504134,5,countdown,-3648,704,-1504,1140.11,-651.604,819.437
191002144653500,370093504551,6,countdown,-4096,1888,-1888,692.108,532.396,435.437
191002145652700,370094504676,7,countdown,-3968,1696,-1312,820.108,340.396,1011.44
191002146649900,370095504759,8,countdown,-4000,1216,-1280,788.108,-139.604,1043.44
191002147649600,370096504676,9,countdown,-3904,1504,-1472,884.108,148.396,851.437
191002148644500,370097504551,10,countdown,-3968,1152,-1664,820.108,-203.604,659.437
191002149650600,370098504509,11,countdown,-4448,1472,-2336,340.108,116.396,-12.5634
191002150650500,370099504676,12,countdown,-3616,1376,-1632,1172.11,20.3956,691.437
191002151650600,370100504843,13,countdown,-4256,1504,-1248,532.108,148.396,1075.44
191002152650300,370101506009,14,countdown,-4768,1824,-1760,20.1079,468.396,563.437
191002153648600,370102504593,15,countdown,-4224,1280,-2592,564.108,-75.6044,-268.563
191002154646700,370103504426,16,countdown,-4736,1056,-1792,52.1079,-299.604,531.437
191002155646300,370104504301,17,countdown,-4960,1440,-2560,-171.892,84.3956,-236.563
191002156650600,370105505509,18,countdown,-5216,1568,-2592,-427.892,212.396,-268.563
191002157669000,370106504759,19,countdown,-5248,1344,-1600,-459.892,-11.6044,723.437
191002158808200,370107505009,20,countdown,-5152,1280,-2080,-363.892,-75.6044,243.437
191002159661200,370108506676,21,countdown,-5440,1184,-2592,-651.892,-171.604,-268.563
191002160674900,370109504551,22,countdown,-5056,1152,-1504,-267.892,-203.604,819.437
191002161643100,370110514884,23,countdown,-5248,1152,-2592,-459.892,-203.604,-268.563
191002162649300,370111504593,24,countdown,-5824,1024,-2560,-1035.89,-331.604,-236.563
191002163654300,370112504509,25,countdown,-5728,960,-2048,-939.892,-395.604,275.437
191002164652800,370113504718,26,countdown,-5888,1056,-2208,-1099.89,-299.604,115.437
191002165714200,370114504718,27,countdown,-5824,640,-2528,-1035.89,-715.604,-204.563
191002166652200,370115510676,28,countdown,-5952,480,-2400,-1163.89,-875.604,-76.5634
191002167653600,370116504593,29,countdown,-5536,416,-2336,-747.892,-939.604,-12.5634
191002168652300,370117504509,30,countdown,-5504,1088,-2944,-715.892,-267.604,-620.563
191002169858200,370118504468,31,countdown,-5248,736,-2560,-459.892,-619.604,-236.563
191002170868900,370119506134,32,countdown,-5728,992,-2176,-939.892,-363.604,147.437
191002171865200,370120504759,33,countdown,-5312,864,-2368,-523.892,-491.604,-44.5634
191002172876900,370121504468,34,countdown,-5408,1408,-2656,-619.892,52.3956,-332.563
191002173722500,370122504509,35,countdown,-5440,736,-2048,-651.892,-619.604,275.437
191002174737200,370123504426,36,countdown,-4704,800,-1984,84.1079,-555.604,339.437
191002175753200,370124505134,37,countdown,-5216,704,-2304,-427.892,-651.604,19.4366
191002176749700,370125504634,38,countdown,-4704,896,-2560,84.1079,-459.604,-236.563
191002177778200,370126504551,39,countdown,-5568,1504,-2688,-779.892,148.396,-364.563
191002178709100,370127504509,40,countdown,-4288,1088,-1888,500.108,-267.604,435.437
191002179725300,370128504593,41,countdown,-4640,1152,-2016,148.108,-203.604,307.437
191002180741100,370129504343,42,countdown,-4544,1152,-2464,244.108,-203.604,-140.563
191002181753700,370130504676,43,countdown,-5120,1280,-2784,-331.892,-75.6044,-460.563
191002182738000,370131506051,44,countdown,-4608,800,-1984,180.108,-555.604,339.437
191002183713800,370132504509,45,countdown,-3456,640,-1920,1332.11,-715.604,403.437
191002184739000,370133504759,46,countdown,-4096,1472,-2176,692.108,116.396,147.437
191002185734800,370134504509,47,countdown,-4192,1568,-1600,596.108,212.396,723.437
191002186653100,370135504676,48,countdown,-4320,1280,-1984,468.108,-75.6044,339.437
191002187650700,370136505134,49,countdown,-4160,1120,-2560,628.108,-235.604,-236.563
191002188662900,370137504551,50,countdown,-3712,768,-1664,1076.11,-587.604,659.437
191002189659100,370138504718,51,countdown,-4192,928,-1792,596.108,-427.604,531.437
191002190651400,370139504676,52,countdown,-4288,928,-2944,500.108,-427.604,-620.563
191002191652100,370140504759,53,countdown,-4128,1120,-2624,660.108,-235.604,-300.563
191002192652000,370141504551,54,countdown,-4352,1184,-1888,436.108,-171.604,435.437
191002193652000,370142504801,55,countdown,-3936,800,-2112,852.108,-555.604,211.437
191002194650100,370143504759,56,countdown,-4576,928,-2624,212.108,-427.604,-300.563
191002195651600,370144506093,57,countdown,-4352,672,-2848,436.108,-683.604,-524.563
191002196651900,370145504593,58,countdown,-4288,1184,-2784,500.108,-171.604,-460.563
191002197651700,370146504509,59,countdown,-4288,1024,-2112,500.108,-331.604,211.437
191002198651700,370147504509,60,countdown,-4736,1216,-2272,52.1079,-139.604,51.4366
191002199649700,370148505093,61,countdown,-4896,864,-2336,-107.892,-491.604,-12.5634
191002200649800,370149504634,62,countdown,-4672,704,-2816,116.108,-651.604,-492.563
191002201649600,370150504676,63,countdown,-5312,1248,-2624,-523.892,-107.604,-300.563
191002202644600,370151504509,64,countdown,-4576,992,-2368,212.108,-363.604,-44.5634
191002203646000,370152504551,65,countdown,-4896,1184,-2624,-107.892,-171.604,-300.563
191002204659100,370153504634,66,countdown,-4960,1056,-2464,-171.892,-299.604,-140.563
191002205650300,370154506176,67,countdown,-5120,864,-2432,-331.892,-491.604,-108.563
191002206654900,370155504634,68,countdown,-5312,928,-2848,-523.892,-427.604,-524.563
191002207651800,370156504593,69,countdown,-4896,800,-1952,-107.892,-555.604,371.437
191002208650800,370157504468,70,countdown,-4384,1152,-2816,404.108,-203.604,-492.563
191002209652700,370158504676,71,countdown,-5632,1120,-2880,-843.892,-235.604,-556.563
191002210652400,370159504926,72,countdown,-5312,1024,-2176,-523.892,-331.604,147.437
191002211652200,370160505634,73,countdown,-5376,1184,-2528,-587.892,-171.604,-204.563
191002212652600,370161506051,74,countdown,-5152,1184,-2464,-363.892,-171.604,-140.563
191002213652500,370162505426,75,countdown,-4672,672,-2752,116.108,-683.604,-428.563
191002214650300,370163504426,76,countdown,-4576,960,-3264,212.108,-395.604,-940.563
191002215652500,370164504843,77,countdown,-5120,864,-2976,-331.892,-491.604,-652.563
191002216645000,370165507593,78,countdown,-4896,416,-2784,-107.892,-939.604,-460.563
191002217646200,370166505176,79,countdown,-5216,704,-2528,-427.892,-651.604,-204.563
191002218652800,370167505926,80,countdown,-4832,544,-2560,-43.8921,-811.604,-236.563
191002219663000,370168504718,81,countdown,-4352,704,-2464,436.108,-651.604,-140.563
191002220660000,370169504676,82,countdown,-4160,1440,-2624,628.108,84.3956,-300.563
191002221667300,370170504593,83,countdown,-4736,1088,-2592,52.1079,-267.604,-268.563
191002222674200,370171504551,84,countdown,-4160,800,-2624,628.108,-555.604,-300.563
191002223669900,370172504468,85,countdown,-4864,1248,-2400,-75.8921,-107.604,-76.5634
191002224667100,370173505634,86,countdown,-4448,512,-2272,340.108,-843.604,51.4366
191002225653000,370174504634,87,countdown,-4480,512,-2688,308.108,-843.604,-364.563
191002226651900,370175504509,88,countdown,-4192,928,-2400,596.108,-427.604,-76.5634
191002227651900,370176504634,89,countdown,-4672,960,-2976,116.108,-395.604,-652.563
191002228651800,370177504509,90,countdown,-4800,1440,-2080,-11.8921,84.3956,243.437
191002229651800,370178506093,91,countdown,-4128,928,-2848,660.108,-427.604,-524.563
191002230651600,370179504801,92,countdown,-4256,1472,-2912,532.108,116.396,-588.563
191002231651800,370180504718,93,countdown,-4032,1376,-2944,756.108,20.3956,-620.563
191002232649900,370181504551,94,countdown,-4160,1568,-3488,628.108,212.396,-1164.56
191002233651800,370182504551,95,countdown,-4032,1600,-2720,756.108,244.396,-396.563
191002234651900,370183505093,96,countdown,-4992,1056,-2656,-203.892,-299.604,-332.563
191002235666700,370184504634,97,countdown,-4672,896,-2208,116.108,-459.604,115.437
191002236667100,370185505634,98,countdown,-3712,960,-2464,1076.11,-395.604,-140.563
191002237670100,370186504551,99,countdown,-4064,960,-2496,724.108,-395.604,-172.563
191002238677300,370187504468,100,countdown,-4448,736,-2624,340.108,-619.604,-300.563
191002239664600,370188504718,101,countdown,-4000,960,-3328,788.108,-395.604,-1004.56
191002240657700,370189504718,102,countdown,-4320,832,-2528,468.108,-523.604,-204.563
191002241653600,370190506134,103,countdown,-4256,1344,-3040,532.108,-11.6044,-716.563
191002242652900,370191506093,104,countdown,-4960,1056,-3008,-171.892,-299.604,-684.563
191002243650400,370192504509,105,countdown,-4192,832,-2944,596.108,-523.604,-620.563
191002244649700,370193506259,106,countdown,-3936,1184,-2144,852.108,-171.604,179.437
191002245651800,370194504593,107,countdown,-3936,1152,-2208,852.108,-203.604,115.437
191002246651700,370195505093,108,countdown,-4320,896,-2368,468.108,-459.604,-44.5634
191002247651700,370196504509,109,countdown,-4224,1440,-2592,564.108,84.3956,-268.563
191002248651400,370197504551,110,countdown,-4416,1472,-2688,372.108,116.396,-364.563
191002249651600,370198504384,111,countdown,-4608,1184,-2400,180.108,-171.604,-76.5634
191002250649900,370199504634,112,countdown,-4448,512,-2496,340.108,-843.604,-172.563
191002251656000,370200504718,113,countdown,-4224,960,-3200,564.108,-395.604,-876.563
191002252657200,370201504884,114,countdown,-5280,896,-3136,-491.892,-459.604,-812.563
191002253650300,370202504426,115,countdown,-4128,640,-2048,660.108,-715.604,275.437
191002254652600,370203505593,116,countdown,-4832,768,-2528,-43.8921,-587.604,-204.563
191002255652000,370204504634,117,countdown,-4992,512,-1792,-203.892,-843.604,531.437
191002256649400,370205504593,118,countdown,-5120,1216,-3296,-331.892,-139.604,-972.563
191002257650400,370206504551,119,countdown,-4768,992,-2592,20.1079,-363.604,-268.563
191002258649400,370207504593,120,countdown,-4320,960,-2656,468.108,-395.604,-332.563
191002259651400,370208507634,121,countdown,-4448,832,-2816,340.108,-523.604,-492.563
191002260651100,370209504634,122,countdown,-4192,832,-2752,596.108,-523.604,-428.563
191002261651400,370210504468,123,countdown,-4512,960,-3136,276.108,-395.604,-812.563
191002262651300,370211504551,124,countdown,-4576,704,-2976,212.108,-651.604,-652.563
191002263651300,370212505843,125,countdown,-4384,1216,-2784,404.108,-139.604,-460.563
191002264649600,370213504843,126,countdown,-4832,1120,-2880,-43.8921,-235.604,-556.563
191002265649600,370214504676,127,countdown,-4672,1440,-3360,116.108,84.3956,-1036.56
191002266651400,370215510343,128,countdown,-4576,1280,-2688,212.108,-75.6044,-364.563
191002267665300,370216504676,129,countdown,-5056,1280,-3072,-267.892,-75.6044,-748.563
191002268652000,370217504468,130,countdown,-4768,1536,-3008,20.1079,180.396,-684.563
191002269659400,370218504634,131,countdown,-5248,1568,-3136,-459.892,212.396,-812.563
191002270657500,370219504593,132,countdown,-4288,992,-2080,500.108,-363.604,243.437
191002271650900,370220506468,133,countdown,-4928,1504,-2400,-139.892,148.396,-76.5634
191002272652700,370221504551,134,countdown,-3968,1216,-2560,820.108,-139.604,-236.563
191002273652700,370222504468,135,countdown,-4960,1504,-2944,-171.892,148.396,-620.563
191002274652500,370223504759,136,countdown,-4512,928,-2848,276.108,-427.604,-524.563
191002275650600,370224504759,137,countdown,-4544,1024,-3104,244.108,-331.604,-780.563
191002276652800,370225503968,138,countdown,-4448,1440,-2880,340.108,84.3956,-556.563
191002277652300,370226504634,139,countdown,-4384,1472,-3264,404.108,116.396,-940.563
191002278652700,370227504468,140,countdown,-4800,1760,-2368,-11.8921,404.396,-44.5634
191002279651300,370228504676,141,countdown,-4352,1216,-2912,436.108,-139.604,-588.563
191002280652200,370229504718,142,countdown,-4736,1472,-2944,52.1079,116.396,-620.563
191002281652400,370230504593,143,countdown,-4288,1376,-2176,500.108,20.3956,147.437
191002282652300,370231504634,144,countdown,-4352,1216,-2496,436.108,-139.604,-172.563
191002283656800,370232504801,145,countdown,-4640,1632,-2592,148.108,276.396,-268.563
191002284649600,370233504759,146,countdown,-4448,1312,-2944,340.108,-43.6044,-620.563
191002285653300,370234504634,147,countdown,-4576,832,-3040,212.108,-523.604,-716.563
191002286644200,370235504218,148,countdown,-4128,1632,-2880,660.108,276.396,-556.563
191002287650900,370236504593,149,countdown,-4512,1184,-2976,276.108,-171.604,-652.563
191002288652800,370237505509,150,countdown,-3776,1152,-2624,1012.11,-203.604,-300.563
191002289652400,370238504759,151,countdown,-4160,1152,-2752,628.108,-203.604,-428.563
191002290651800,370239504634,152,countdown,-4160,1024,-2496,628.108,-331.604,-172.563
191002291652600,370240505009,153,countdown,-4736,1280,-3520,52.1079,-75.6044,-1196.56
191002292652600,370241504634,154,countdown,-4384,1600,-2592,404.108,244.396,-268.563
191002293650400,370242504676,155,countdown,-4288,1504,-3552,500.108,148.396,-1228.56
191002294654400,370243504676,156,countdown,-4448,768,-2848,340.108,-587.604,-524.563
191002295652500,370244504593,157,countdown,-4160,1504,-2976,628.108,148.396,-652.563
191002296652700,370245504634,158,countdown,-4096,1248,-2432,692.108,-107.604,-108.563
191002297650600,370246504634,159,countdown,-4352,1440,-2432,436.108,84.3956,-108.563
191002298650300,370247504718,160,countdown,-4736,992,-2272,52.1079,-363.604,51.4366
191002299685000,370248504759,161,countdown,-4448,1312,-2944,340.108,-43.6044,-620.563
191002300654300,370249505301,162,countdown,-3680,864,-2048,1108.11,-491.604,275.437
191002301655000,370250504718,163,countdown,-4224,1408,-2080,564.108,52.3956,243.437
191002302647400,370251504593,164,countdown,-4960,1248,-2944,-171.892,-107.604,-620.563
191002303647300,370252504676,165,countdown,-3904,1216,-2880,884.108,-139.604,-556.563
191002304653200,370253504759,166,countdown,-4064,1280,-2272,724.108,-75.6044,51.4366
191002305653000,370254504676,167,countdown,-4928,1408,-2912,-139.892,52.3956,-588.563
191002306653000,370255504968,168,countdown,-4800,1344,-2752,-11.8921,-11.6044,-428.563
191002307651100,370256504551,169,countdown,-4416,768,-2688,372.108,-587.604,-364.563
191002308651100,370257504718,170,countdown,-4032,1376,-2528,756.108,20.3956,-204.563
191002309653900,370258504593,171,countdown,-4768,1312,-2144,20.1079,-43.6044,179.437
191002310652900,370259504676,172,countdown,-4800,1728,-2368,-11.8921,372.396,-44.5634
191002311648900,370260504259,173,countdown,-4544,1376,-2688,244.108,20.3956,-364.563
191002312909000,370261504676,174,countdown,-4896,1600,-2304,-107.892,244.396,19.4366
191002313643300,370262504718,175,countdown,-4800,1376,-2848,-11.8921,20.3956,-524.563
191002314650900,370263504801,176,countdown,-5056,1664,-3168,-267.892,308.396,-844.563
191002315654500,370264504593,177,countdown,-4928,1504,-1952,-139.892,148.396,371.437
191002317536400,370265510884,178,countdown,-5696,1600,-2912,-907.892,244.396,-588.563
191002317649500,370266504968,179,countdown,-4704,1440,-2752,84.1079,84.3956,-428.563
191002318651300,370267504634,180,countdown,-4608,1536,-1568,180.108,180.396,755.437
191002319652200,370268504634,181,countdown,-5056,1568,-2880,-267.892,212.396,-556.563
191002320644100,370269504509,182,countdown,-5472,1120,-2624,-683.892,-235.604,-300.563
191002321651300,370270504634,183,countdown,-5248,1120,-2112,-459.892,-235.604,211.437
191002322650100,370271504468,184,countdown,-4672,1152,-2784,116.108,-203.604,-460.563
191002323648300,370272504551,185,countdown,-4416,1696,-2272,372.108,340.396,51.4366
191002324648900,370273504593,186,countdown,-4832,1568,-3040,-43.8921,212.396,-716.563
191002325650000,370274504593,187,countdown,-4640,1472,-2464,148.108,116.396,-140.563
191002326648000,370275504551,188,countdown,-4512,1888,-2944,276.108,532.396,-620.563
191002327648000,370276504468,189,countdown,-4320,1536,-2688,468.108,180.396,-364.563
191002328648600,370277504718,190,countdown,-4416,1312,-1760,372.108,-43.6044,563.437
191002329650200,370278504759,191,countdown,-4608,1248,-2784,180.108,-107.604,-460.563
191002330650100,370279504509,192,countdown,-4544,1344,-2368,244.108,-11.6044,-44.5634
191002331657000,370280504634,193,countdown,-4064,1408,-1408,724.108,52.3956,915.437
191002332655100,370281504551,194,countdown,-4544,1568,-2848,244.108,212.396,-524.563
191002333653400,370282504301,195,countdown,-4416,1056,-2112,372.108,-299.604,211.437
191002334649400,370283504718,196,countdown,-4512,1024,-2624,276.108,-331.604,-300.563
191002335650200,370284504551,197,countdown,-4032,1504,-2240,756.108,148.396,83.4366
191002336649900,370285504551,198,countdown,-4608,1248,-2400,180.108,-107.604,-76.5634
191002337650100,370286504426,199,countdown,-4576,1344,-1984,212.108,-11.6044,339.437
191002338650000,370287504718,200,countdown,-4544,1632,-2208,244.108,276.396,115.437
191002339648400,370288504634,201,countdown,-4256,1760,-2592,532.108,404.396,-268.563
191002340649800,370289504593,202,countdown,-4640,1568,-2592,148.108,212.396,-268.563
191002341649900,370290504551,203,countdown,-4576,1376,-2848,212.108,20.3956,-524.563
191002342649800,370291504384,204,countdown,-4096,1408,-1792,692.108,52.3956,531.437
191002343650100,370292504426,205,countdown,-4384,1632,-2496,404.108,276.396,-172.563
191002344650900,370293504676,206,countdown,-4896,1568,-2336,-107.892,212.396,-12.5634
191002345649900,370294504551,207,countdown,-5216,1888,-2816,-427.892,532.396,-492.563
191002346649500,370295504551,208,countdown,-4448,2048,-2240,340.108,692.396,83.4366
191002347655900,370296504426,209,countdown,-4480,1568,-2464,308.108,212.396,-140.563
191002348652900,370297504634,210,countdown,-4576,1568,-2464,212.108,212.396,-140.563
191002349652100,370298504676,211,countdown,-4736,1728,-2528,52.1079,372.396,-204.563
191002350650000,370299505718,212,countdown,-4448,1440,-1952,340.108,84.3956,371.437
191002351651400,370300504676,213,countdown,-5088,1568,-2432,-299.892,212.396,-108.563
191002352650900,370301504676,214,countdown,-4928,1568,-2464,-139.892,212.396,-140.563
191002353648600,370302505718,215,countdown,-4864,1600,-2656,-75.8921,244.396,-332.563
191002354649300,370303504718,216,countdown,-5568,1184,-2176,-779.892,-171.604,147.437
191002355650800,370304504509,217,countdown,-4896,1632,-2400,-107.892,276.396,-76.5634
191002356650700,370305504593,218,countdown,-5248,1344,-2880,-459.892,-11.6044,-556.563
191002357648700,370306504509,219,countdown,-5184,832,-2272,-395.892,-523.604,51.4366
191002358648900,370307506301,220,countdown,-5088,2080,-2432,-299.892,724.396,-108.563
191002359651000,370308504634,221,countdown,-4896,992,-2464,-107.892,-363.604,-140.563
191002360650900,370309504593,222,countdown,-5312,1536,-2304,-523.892,180.396,19.4366
191002361652900,370310504468,223,countdown,-5696,1280,-2048,-907.892,-75.6044,275.437
191002362802700,370311504509,224,countdown,-4704,1024,-2272,84.1079,-331.604,51.4366
191002363661400,370312504759,225,countdown,-5408,1280,-2976,-619.892,-75.6044,-652.563
191002364649600,370313504634,226,countdown,-4576,1504,-2624,212.108,148.396,-300.563
191002365662100,370314504134,227,countdown,-5632,1472,-2240,-843.892,116.396,83.4366
191002366659600,370315508968,228,countdown,-4960,1312,-2592,-171.892,-43.6044,-268.563
191002367872600,370316506468,229,countdown,-4512,1344,-2144,276.108,-11.6044,179.437
191002368640900,370317505884,230,countdown,-4992,1088,-1952,-203.892,-267.604,371.437
191002369662300,370318504634,231,countdown,-4672,1344,-2112,116.108,-11.6044,211.437
191002370660500,370319504176,232,countdown,-4512,1856,-2496,276.108,500.396,-172.563
191002371656500,370320505634,233,countdown,-4768,1440,-1888,20.1079,84.3956,435.437
191002372672900,370321504468,234,countdown,-5152,1344,-1728,-363.892,-11.6044,595.437
191002373671100,370322504718,235,countdown,-4960,1504,-2528,-171.892,148.396,-204.563
191002374656200,370323504593,236,countdown,-5024,992,-2272,-235.892,-363.604,51.4366
191002375650900,370324504426,237,countdown,-5408,2112,-1888,-619.892,756.396,435.437
191002376650200,370325505801,238,countdown,-4768,1440,-1792,20.1079,84.3956,531.437
191002377650000,370326506468,239,countdown,-4960,1472,-2720,-171.892,116.396,-396.563
191002379127300,370327504759,240,countdown,-4768,1248,-2368,20.1079,-107.604,-44.5634
191002379656900,370328504509,241,countdown,-4448,1120,-1920,340.108,-235.604,403.437
191002380667600,370329504509,242,countdown,-5056,1856,-2144,-267.892,500.396,179.437
191002381654300,370330504593,243,countdown,-5216,1728,-2336,-427.892,372.396,-12.5634
191002382651700,370331504593,244,countdown,-5024,1216,-2112,-235.892,-139.604,211.437
191002383649400,370332504843,245,countdown,-4640,1504,-1760,148.108,148.396,563.437
191002384645100,370333505551,246,countdown,-5120,1312,-2272,-331.892,-43.6044,51.4366
191002385656600,370334504634,247,countdown,-5120,1568,-2656,-331.892,212.396,-332.563
191002386643300,370335504593,248,countdown,-4768,2016,-1952,20.1079,660.396,371.437
191002387650600,370336504801,249,countdown,-4480,1888,-2176,308.108,532.396,147.437
191002388650300,370337504759,250,countdown,-5216,1856,-2272,-427.892,500.396,51.4366
191002389648100,370338507176,251,countdown,-5024,1440,-2272,-235.892,84.3956,51.4366
191002390650400,370339504551,252,countdown,-4864,1728,-2016,-75.8921,372.396,307.437
191002391648200,370340504468,253,countdown,-5248,1184,-2912,-459.892,-171.604,-588.563
191002392648100,370341504634,254,countdown,-5248,1504,-2112,-459.892,148.396,211.437
191002393649900,370342504676,255,countdown,-5152,1376,-1856,-363.892,20.3956,467.437
191002394673500,370343504551,0,countdown,-5024,1472,-2592,-235.892,116.396,-268.563
191002395670000,370344504259,1,countdown,-5568,1568,-2112,-779.892,212.396,211.437
191002396654000,370345504509,2,countdown,-5504,1536,-2592,-715.892,180.396,-268.563
191002397651800,370346504551,3,countdown,-4704,1344,-1632,84.1079,-11.6044,691.437
191002398651100,370347504634,4,countdown,-4832,1632,-2240,-43.8921,276.396,83.4366
191002399649300,370348504509,5,countdown,-5504,864,-2112,-715.892,-491.604,211.437
191002400650900,370349505509,6,countdown,-4864,1440,-1920,-75.8921,84.3956,403.437
191002401649700,370350504468,7,countdown,-5216,1408,-2240,-427.892,52.3956,83.4366
191002402644400,370351504676,8,countdown,-5056,1216,-1856,-267.892,-139.604,467.437
191002403645600,370352504676,9,countdown,-5440,1056,-1760,-651.892,-299.604,563.437
191002404650500,370353504551,10,countdown,-5248,1312,-2112,-459.892,-43.6044,211.437
191002405650700,370354504426,11,countdown,-5248,832,-2080,-459.892,-523.604,243.437
191002406650200,370355504551,12,countdown,-4768,1344,-2208,20.1079,-11.6044,115.437
191002407650500,370356505509,13,countdown,-5152,736,-2048,-363.892,-619.604,275.437
191002408650100,370357504676,14,countdown,-4992,1312,-2208,-203.892,-43.6044,115.437
191002409650100,370358504593,15,countdown,-4992,1344,-2144,-203.892,-11.6044,179.437
191002410654200,370359504551,16,countdown,-4992,1568,-2176,-203.892,212.396,147.437
191002411654700,370360504509,17,countdown,-5184,1440,-2080,-395.892,84.3956,243.437
191002412650300,370361505051,18,countdown,-5376,1344,-2400,-587.892,-11.6044,-76.5634
191002413643700,370362504676,19,countdown,-5632,1120,-2112,-843.892,-235.604,211.437
191002414646700,370363504551,20,countdown,-5024,1632,-2016,-235.892,276.396,307.437
191002415644400,370364504468,21,countdown,-4992,928,-2816,-203.892,-427.604,-492.563
191002416645400,370365512218,22,countdown,-5792,1344,-1600,-1003.89,-11.6044,723.437
191002417769400,370366505259,23,countdown,-4960,1632,-1504,-171.892,276.396,819.437
191002418643700,370367506176,24,countdown,-4864,1248,-1568,-75.8921,-107.604,755.437
191002419641800,370368504593,25,countdown,-4288,1184,-2848,500.108,-171.604,-524.563
191002420641400,370369504509,26,countdown,-5024,1792,-1696,-235.892,436.396,627.437
191002421643100,370370504634,27,countdown,-4608,1600,-2048,180.108,244.396,275.437
191002422643100,370371504718,28,countdown,-4992,1536,-2368,-203.892,180.396,-44.5634
191002423641200,370372504593,29,countdown,-4672,1568,-2080,116.108,212.396,243.437
191002424641700,370373504426,30,countdown,-4864,832,-1888,-75.8921,-523.604,435.437
191002425641700,370374507509,31,countdown,-5280,1632,-2112,-491.892,276.396,211.437
191002426658600,370375504426,32,countdown,-4576,1632,-1472,212.108,276.396,851.437
191002427658000,370376505051,33,countdown,-4640,1408,-1760,148.108,52.3956,563.437
191002428646000,370377504676,34,countdown,-5088,1696,-1856,-299.892,340.396,467.437
191002429643300,370378504593,35,countdown,-4640,1408,-1600,148.108,52.3956,723.437
191002430653100,370379505468,36,countdown,-5056,1664,-2528,-267.892,308.396,-204.563
191002431654600,370380504551,37,countdown,-5472,1344,-1984,-683.892,-11.6044,339.437
191002432654200,370381504634,38,countdown,-4672,1408,-1920,116.108,52.3956,403.437
191002433651800,370382504593,39,countdown,-5248,1888,-2432,-459.892,532.396,-108.563
191002434653200,370383504884,40,countdown,-5216,1600,-2080,-427.892,244.396,243.437
191002435653300,370384504634,41,countdown,-5120,928,-2080,-331.892,-427.604,243.437
191002436653500,370385505801,42,countdown,-4768,1408,-2272,20.1079,52.3956,51.4366
191002437653700,370386506134,43,countdown,-5280,1536,-1376,-491.892,180.396,947.437
191002438653200,370387504593,44,countdown,-4832,1408,-2208,-43.8921,52.3956,115.437
191002439649300,370388504843,45,countdown,-4576,928,-2336,212.108,-427.604,-12.5634
191002440649000,370389504676,46,countdown,-5152,1600,-2688,-363.892,244.396,-364.563
191002441649100,370390504384,47,countdown,-5248,1504,-2464,-459.892,148.396,-140.563
191002442672300,370391504634,48,countdown,-4960,1376,-2304,-171.892,20.3956,19.4366
191002443653700,370392504593,49,countdown,-4928,1536,-1888,-139.892,180.396,435.437
191002444643900,370393504593,50,countdown,-5280,1536,-2400,-491.892,180.396,-76.5634
191002445641200,370394504509,51,countdown,-5216,1696,-1696,-427.892,340.396,627.437
191002446640800,370395504384,52,countdown,-5600,1376,-2752,-811.892,20.3956,-428.563
191002447643000,370396505176,53,countdown,-5312,1056,-2208,-523.892,-299.604,115.437
191002448646800,370397504509,54,countdown,-5440,1632,-2080,-651.892,276.396,243.437
191002449658400,370398504551,55,countdown,-4928,1440,-1248,-139.892,84.3956,1075.44
191002450655100,370399504426,56,countdown,-5024,1088,-2272,-235.892,-267.604,51.4366
191002451653500,370400504426,57,countdown,-4800,1600,-1792,-11.8921,244.396,531.437
191002452655500,370401504634,58,countdown,-5216,1472,-2720,-427.892,116.396,-396.563
191002453654300,370402504509,59,countdown,-4896,1632,-2272,-107.892,276.396,51.4366
191002454653800,370403504509,60,countdown,-4928,1600,-1728,-139.892,244.396,595.437
191002455649500,370404504551,61,countdown,-4576,1472,-2304,212.108,116.396,19.4366
191002456648300,370405504384,62,countdown,-4288,1664,-1568,500.108,308.396,755.437
191002457649300,370406504676,63,countdown,-4672,1312,-2112,116.108,-43.6044,211.437
191002458656100,370407504634,64,countdown,-4608,1120,-896,180.108,-235.604,1427.44
191002459657600,370408504509,65,countdown,-4768,1536,-2144,20.1079,180.396,179.437
191002460654400,370409504426,66,countdown,-4896,1504,-2432,-107.892,148.396,-108.563
191002461644300,370410504426,67,countdown,-4960,1248,-2432,-171.892,-107.604,-108.563
191002462652200,370411504676,68,countdown,-4992,1440,-2016,-203.892,84.3956,307.437
191002463650400,370412504718,69,countdown,-5216,1568,-2016,-427.892,212.396,307.437
191002464643100,370413504593,70,countdown,-4800,1568,-2048,-11.8921,212.396,275.437
191002465649200,370414504551,71,countdown,-4448,1600,-1888,340.108,244.396,435.437
191002466649400,370415513634,72,countdown,-4896,1792,-2112,-107.892,436.396,211.437
191002467639800,370416504718,73,countdown,-4832,1632,-2272,-43.8921,276.396,51.4366
191002468655600,370417506051,74,countdown,-4320,1856,-2176,468.108,500.396,147.437
191002469654000,370418504509,75,countdown,-4736,1472,-1760,52.1079,116.396,563.437
191002470653400,370419504384,76,countdown,-4160,1728,-1728,628.108,372.396,595.437
191002471647700,370420506093,77,countdown,-4960,1632,-2432,-171.892,276.396,-108.563
191002472649100,370421504718,78,countdown,-4384,1568,-2304,404.108,212.396,19.4366
191002473647200,370422504634,79,countdown,-4992,1472,-2368,-203.892,116.396,-44.5634
191002474668400,370423504593,80,countdown,-5376,1600,-2016,-587.892,244.396,307.437
191002475664700,370424504426,81,countdown,-4352,1664,-2304,436.108,308.396,19.4366
191002476656900,370425504134,82,countdown,-5312,1440,-2080,-523.892,84.3956,243.437
191002477654700,370426505718,83,countdown,-4736,1536,-1888,52.1079,180.396,435.437
191002478653000,370427504509,84,countdown,-4672,1600,-2048,116.108,244.396,275.437
191002479653600,370428504718,85,countdown,-4320,1344,-2208,468.108,-11.6044,115.437
191002480653700,370429504509,86,countdown,-5216,1376,-2752,-427.892,20.3956,-428.563
191002481653500,370430504634,87,countdown,-4800,1056,-2208,-11.8921,-299.604,115.437
191002482656500,370431504676,88,countdown,-4832,1632,-2560,-43.8921,276.396,-236.563
191002483646800,370432504551,89,countdown,-5216,1216,-1856,-427.892,-139.604,467.437
191002484653700,370433504551,90,countdown,-5600,1504,-2240,-811.892,148.396,83.4366
191002485653700,370434504426,91,countdown,-5056,1728,-1984,-267.892,372.396,339.437
191002486651700,370435505468,92,countdown,-4960,1632,-2080,-171.892,276.396,243.437
191002487649500,370436504843,93,countdown,-4224,1440,-2432,564.108,84.3956,-108.563
191002488649100,370437506009,94,countdown,-4768,992,-2240,20.1079,-363.604,83.4366
191002489649300,370438506551,95,countdown,-4768,1600,-1920,20.1079,244.396,403.437
191002490663700,370439504426,96,countdown,-4448,1632,-1984,340.108,276.396,339.437
191002491661700,370440507134,97,countdown,-4864,1216,-1952,-75.8921,-139.604,371.437
191002492655600,370441504634,98,countdown,-4544,1440,-2368,244.108,84.3956,-44.5634
191002493654400,370442504718,99,countdown,-4928,1760,-1792,-139.892,404.396,531.437
191002494654200,370443505301,100,countdown,-5184,1760,-2048,-395.892,404.396,275.437
191002495654200,370444504468,101,countdown,-5056,1920,-2688,-267.892,564.396,-364.563
191002496654000,370445504676,102,countdown,-4192,1600,-2336,596.108,244.396,-12.5634
191002497654100,370446505343,103,countdown,-5280,1216,-2560,-491.892,-139.604,-236.563
191002498654100,370447504551,104,countdown,-4896,1696,-2272,-107.892,340.396,51.4366
191002499653900,370448504593,105,countdown,-4640,1888,-2240,148.108,532.396,83.4366
191002500654100,370449504426,106,countdown,-4352,1344,-2080,436.108,-11.6044,243.437
191002501654100,370450504759,107,countdown,-4480,1824,-2688,308.108,468.396,-364.563
191002502653900,370451504718,108,countdown,-4672,1504,-2400,116.108,148.396,-76.5634
191002503650000,370452504509,109,countdown,-4832,1280,-2144,-43.8921,-75.6044,179.437
191002504647500,370453504551,110,countdown,-5184,1440,-2016,-395.892,84.3956,307.437
191002505649000,370454504468,111,countdown,-4384,1824,-1728,404.108,468.396,595.437
191002506658300,370455504259,112,countdown,-5216,1664,-2080,-427.892,308.396,243.437
191002507648600,370456504676,113,countdown,-4928,1280,-1952,-139.892,-75.6044,371.437
191002508668700,370457504509,114,countdown,-4672,1440,-2304,116.108,84.3956,19.4366
191002509666700,370458504551,115,countdown,-4896,1728,-1920,-107.892,372.396,403.437
191002510657800,370459504468,116,countdown,-4128,1472,-2624,660.108,116.396,-300.563
191002511643300,370460504718,117,countdown,-4736,1504,-2304,52.1079,148.396,19.4366
191002512661200,370461504718,118,countdown,-4992,1376,-2688,-203.892,20.3956,-364.563
191002513663500,370462504551,119,countdown,-4224,1600,-1984,564.108,244.396,339.437
191002514656400,370463505259,120,countdown,-4544,1568,-2880,244.108,212.396,-556.563
191002515668900,370464504468,121,countdown,-4416,1312,-2112,372.108,-43.6044,211.437
191002516672000,370465512843,122,countdown,-4896,1184,-2528,-107.892,-171.604,-204.563
191002518077900,370466504801,123,countdown,-4864,1312,-2112,-75.8921,-43.6044,211.437
191002518650500,370467504468,124,countdown,-5632,1728,-2368,-843.892,372.396,-44.5634
191002519654000,370468504468,125,countdown,-4320,1664,-2464,468.108,308.396,-140.563
191002520651800,370469504426,126,countdown,-4608,1440,-2496,180.108,84.3956,-172.563
191002521652100,370470504759,127,countdown,-4832,1440,-2496,-43.8921,84.3956,-172.563
191002522664100,370471504634,128,countdown,-5120,1312,-1632,-331.892,-43.6044,691.437
191002524667100,370472504551,129,countdown,-4800,1568,-2624,-11.8921,212.396,-300.563
191002524685400,370473504551,130,countdown,-5216,1472,-2400,-427.892,116.396,-76.5634
191002525666900,370474504468,131,countdown,-5088,1408,-2208,-299.892,52.3956,115.437
191002526723900,370475504718,132,countdown,-4544,1504,-2048,244.108,148.396,275.437
191002527665500,370476504551,133,countdown,-4224,1408,-1792,564.108,52.3956,531.437
191002528655500,370477504551,134,countdown,-4992,1664,-2336,-203.892,308.396,-12.5634
191002529650300,370478504426,135,countdown,-4224,1088,-1728,564.108,-267.604,595.437
191002530650000,370479504301,136,countdown,-4992,1696,-1920,-203.892,340.396,403.437
191002531652300,370480504718,137,countdown,-4064,1728,-2016,724.108,372.396,307.437
191002532651800,370481504551,138,countdown,-4576,1600,-2720,212.108,244.396,-396.563
191002533651700,370482504009,139,countdown,-4896,1248,-3552,-107.892,-107.604,-1228.56
191002534651800,370483504634,140,countdown,-4896,1600,-2560,-107.892,244.396,-236.563
191002535651700,370484506343,141,countdown,-5152,1408,-2304,-363.892,52.3956,19.4366
191002536650000,370485507093,142,countdown,-4640,1568,-2624,148.108,212.396,-300.563
191002537649700,370486504551,143,countdown,-4352,1696,-2720,436.108,340.396,-396.563
191002538670100,370487505593,144,countdown,-4672,1440,-2432,116.108,84.3956,-108.563
191002539661000,370488504509,145,countdown,-4416,1344,-2944,372.108,-11.6044,-620.563
191002540655700,370489505468,146,countdown,-4224,1760,-2048,564.108,404.396,275.437
191002541652000,370490506718,147,countdown,-4992,1664,-2656,-203.892,308.396,-332.563
191002542651800,370491504759,148,countdown,-4288,1312,-2624,500.108,-43.6044,-300.563
191002543651500,370492504593,149,countdown,-4256,1824,-2688,532.108,468.396,-364.563
191002544651500,370493504509,150,countdown,-4576,1280,-2784,212.108,-75.6044,-460.563
191002545650600,370494504384,151,countdown,-4032,992,-2368,756.108,-363.604,-44.5634
191002546651200,370495505218,152,countdown,-4768,1344,-2592,20.1079,-11.6044,-268.563
191002547651600,370496504676,153,countdown,-4512,1504,-2368,276.108,148.396,-44.5634
191002548651500,370497505551,154,countdown,-4928,1536,-2464,-139.892,180.396,-140.563
191002549651400,370498504509,155,countdown,-4928,1312,-2976,-139.892,-43.6044,-652.563
191002550649300,370499504426,156,countdown,-4256,1216,-2528,532.108,-139.604,-204.563
191002551641000,370500504759,157,countdown,-4576,960,-2016,212.108,-395.604,307.437
191002552647200,370501504551,158,countdown,-5056,1696,-2688,-267.892,340.396,-364.563
191002553645100,370502505093,159,countdown,-4640,1568,-2144,148.108,212.396,179.437
191002554655700,370503504509,160,countdown,-5056,1248,-2656,-267.892,-107.604,-332.563
191002555656200,370504504468,161,countdown,-4352,1056,-2112,436.108,-299.604,211.437
191002556651600,370505504634,162,countdown,-5408,1504,-2304,-619.892,148.396,19.4366
191002557649500,370506504634,163,countdown,-4704,1472,-2848,84.1079,116.396,-524.563
191002558649200,370507504509,164,countdown,-4896,1408,-2016,-107.892,52.3956,307.437
191002559651000,370508504551,165,countdown,-4672,1152,-2176,116.108,-203.604,147.437
191002560651100,370509504676,166,countdown,-4224,1088,-2720,564.108,-267.604,-396.563
191002561649000,370510504759,167,countdown,-4544,1472,-2560,244.108,116.396,-236.563
191002562651300,370511504509,168,countdown,-5216,1600,-2432,-427.892,244.396,-108.563
191002563649000,370512504509,169,countdown,-4896,1056,-2304,-107.892,-299.604,19.4366
191002564651200,370513504468,170,countdown,-4064,1376,-2624,724.108,20.3956,-300.563
191002565649000,370514504426,171,countdown,-4544,1216,-2432,244.108,-139.604,-108.563
191002566650900,370515513718,172,countdown,-4768,1344,-2432,20.1079,-11.6044,-108.563
191002567646400,370516504593,173,countdown,-4832,1664,-2400,-43.8921,308.396,-76.5634
191002568647200,370517504593,174,countdown,-4672,1600,-2528,116.108,244.396,-204.563
191002569646900,370518504426,175,countdown,-4000,1120,-1696,788.108,-235.604,627.437
191002570655700,370519505843,176,countdown,-4064,1088,-2656,724.108,-267.604,-332.563
191002571660600,370520504759,177,countdown,-4768,960,-2208,20.1079,-395.604,115.437
191002572651700,370521504676,178,countdown,-4640,1600,-2528,148.108,244.396,-204.563
191002573652500,370522504509,179,countdown,-4256,896,-2624,532.108,-459.604,-300.563
191002574651300,370523504509,180,countdown,-4768,1408,-2560,20.1079,52.3956,-236.563
191002575651500,370524506176,181,countdown,-4768,1280,-2176,20.1079,-75.6044,147.437
191002576651100,370525504718,182,countdown,-4736,1344,-2400,52.1079,-11.6044,-76.5634
191002577650800,370526504593,183,countdown,-4384,1088,-3200,404.108,-267.604,-876.563
191002578650100,370527505426,184,countdown,-3968,992,-1696,820.108,-363.604,627.437
191002579651000,370528504426,185,countdown,-5472,1696,-2144,-683.892,340.396,179.437
191002580650900,370529506176,186,countdown,-4480,1120,-2432,308.108,-235.604,-108.563
191002581651200,370530504759,187,countdown,-4736,928,-2176,52.1079,-427.604,147.437
191002582651200,370531504843,188,countdown,-4320,768,-2624,468.108,-587.604,-300.563
191002583647100,370532504551,189,countdown,-4352,864,-2944,436.108,-491.604,-620.563
191002584645200,370533504551,190,countdown,-4480,1376,-2624,308.108,20.3956,-300.563
191002585647100,370534504676,191,countdown,-4160,896,-2720,628.108,-459.604,-396.563
191002586669800,370535504593,192,countdown,-5024,832,-2400,-235.892,-523.604,-76.5634
191002587665200,370536504593,193,countdown,-4864,1440,-2336,-75.8921,84.3956,-12.5634
191002588660900,370537504509,194,countdown,-4320,1184,-1984,468.108,-171.604,339.437
191002589648000,370538505884,195,countdown,-4928,992,-3200,-139.892,-363.604,-876.563
191002590646600,370539504593,196,countdown,-4544,1344,-3136,244.108,-11.6044,-812.563
191002591648600,370540505718,197,countdown,-4704,736,-2720,84.1079,-619.604,-396.563
191002592648000,370541504551,198,countdown,-4256,1280,-2080,532.108,-75.6044,243.437
191002593660400,370542505884,199,countdown,-4384,1088,-2560,404.108,-267.604,-236.563
191002594662600,370543504426,200,countdown,-4288,1088,-2272,500.108,-267.604,51.4366
191002595664900,370544506093,201,countdown,-4768,1184,-2368,20.1079,-171.604,-44.5634
191002596669200,370545504801,202,countdown,-5056,1152,-3136,-267.892,-203.604,-812.563
191002597670100,370546504509,203,countdown,-4288,992,-2144,500.108,-363.604,179.437
191002598664500,370547504509,204,countdown,-5184,1632,-2912,-395.892,276.396,-588.563
191002599669000,370548504509,205,countdown,-4480,928,-2464,308.108,-427.604,-140.563
191002600664400,370549504676,206,countdown,-4800,992,-2432,-11.8921,-363.604,-108.563
191002601671000,370550504718,207,countdown,-5152,1312,-2464,-363.892,-43.6044,-140.563
191002602659900,370551504551,208,countdown,-5312,992,-3008,-523.892,-363.604,-684.563
191002603667500,370552504551,209,countdown,-4544,1056,-2400,244.108,-299.604,-76.5634
191002604670300,370553504343,210,countdown,-4672,736,-2112,116.108,-619.604,211.437
191002605673700,370554504718,211,countdown,-4928,768,-2752,-139.892,-587.604,-428.563
191002606662900,370555504843,212,countdown,-4800,928,-1952,-11.8921,-427.604,371.437
191002607665600,370556504634,213,countdown,-5632,1120,-2976,-843.892,-235.604,-652.563
191002608664900,370557504634,214,countdown,-4800,864,-1792,-11.8921,-491.604,531.437
191002609668500,370558504551,215,countdown,-4864,1152,-2304,-75.8921,-203.604,19.4366
191002610663500,370559504634,216,countdown,-5152,1184,-2432,-363.892,-171.604,-108.563
191002611664700,370560504634,217,countdown,-4512,1088,-2656,276.108,-267.604,-332.563
191002612663800,370561504676,218,countdown,-4896,768,-1760,-107.892,-587.604,563.437
191002613666800,370562505301,219,countdown,-4736,1120,-2464,52.1079,-235.604,-140.563
191002614661300,370563504426,220,countdown,-5152,1088,-2880,-363.892,-267.604,-556.563
191002615663100,370564504676,221,countdown,-4704,928,-1440,84.1079,-427.604,883.437
191002616675900,370565515218,222,countdown,-4928,1152,-2784,-139.892,-203.604,-460.563
191002617664700,370566504593,223,countdown,-4736,1088,-2368,52.1079,-267.604,-44.5634
191002618662600,370567504634,224,countdown,-4704,1248,-2496,84.1079,-107.604,-172.563
191002619670700,370568504426,225,countdown,-4896,832,-2560,-107.892,-523.604,-236.563
191002620663100,370569504634,226,countdown,-4480,896,-2144,308.108,-459.604,179.437
191002621780700,370570504551,227,countdown,-4928,1088,-2368,-139.892,-267.604,-44.5634
191002622666500,370571504509,228,countdown,-4768,1056,-2240,20.1079,-299.604,83.4366
191002623671300,370572504676,229,countdown,-4864,928,-2336,-75.8921,-427.604,-12.5634
191002624647600,370573505884,230,countdown,-4992,768,-2112,-203.892,-587.604,211.437
191002625731100,370574504676,231,countdown,-4640,1280,-2816,148.108,-75.6044,-492.563
191002626698100,370575504551,232,countdown,-4832,992,-2688,-43.8921,-363.604,-364.563
191002627674900,370576504593,233,countdown,-4576,800,-2400,212.108,-555.604,-76.5634
191002628666300,370577504384,234,countdown,-5120,1280,-2336,-331.892,-75.6044,-12.5634
191002629782400,370578504426,235,countdown,-4960,992,-2304,-171.892,-363.604,19.4366
191002630694500,370579505884,236,countdown,-5088,640,-2208,-299.892,-715.604,115.437
191002631660700,370580504593,237,countdown,-5312,1248,-2560,-523.892,-107.604,-236.563
191002632658000,370581504509,238,countdown,-4896,352,-2528,-107.892,-1003.6,-204.563
191002633669800,370582504468,239,countdown,-4896,704,-2656,-107.892,-651.604,-332.563
191002634656900,370583507009,240,countdown,-4960,1056,-2528,-171.892,-299.604,-204.563
191002635665800,370584504718,241,countdown,-5344,1216,-3360,-555.892,-139.604,-1036.56
191002636666400,370585504634,242,countdown,-4672,1056,-2560,116.108,-299.604,-236.563
191002637665300,370586504551,243,countdown,-4992,672,-2144,-203.892,-683.604,179.437
191002638640500,370587504426,244,countdown,-4480,1248,-2080,308.108,-107.604,243.437
191002639658900,370588504509,245,countdown,-4576,1024,-2400,212.108,-331.604,-76.5634
191002640671700,370589504634,246,countdown,-4608,1408,-2592,180.108,52.3956,-268.563
191002641656300,370590504551,247,countdown,-5216,1248,-2432,-427.892,-107.604,-108.563
191002642660000,370591505343,248,countdown,-4960,1184,-2784,-171.892,-171.604,-460.563
191002643665200,370592504551,249,countdown,-4384,1184,-2432,404.108,-171.604,-108.563
191002644664800,370593504468,250,countdown,-4928,1120,-2592,-139.892,-235.604,-268.563
191002645655800,370594504551,251,countdown,-4736,1216,-2304,52.1079,-139.604,19.4366
191002646669800,370595504509,252,countdown,-5024,1440,-2848,-235.892,84.3956,-524.563
191002647669000,370596505009,253,countdown,-5312,640,-2304,-523.892,-715.604,19.4366
191002648667900,370597504551,254,countdown,-4992,1312,-2272,-203.892,-43.6044,51.4366
191002649667400,370598505176,255,countdown,-5056,960,-2144,-267.892,-395.604,179.437
191002650671500,370599505426,0,countdown,-4768,896,-2528,20.1079,-459.604,-204.563
191002651668600,370600504259,1,countdown,-4832,672,-2112,-43.8921,-683.604,211.437
191002652670500,370601504509,2,countdown,-4640,1248,-2240,148.108,-107.604,83.4366
191002653672500,370602504384,3,countdown,-4992,1024,-2720,-203.892,-331.604,-396.563
191002654673000,370603505926,4,countdown,-4384,1056,-2080,404.108,-299.604,243.437
191002655671300,370604504634,5,countdown,-4896,800,-2144,-107.892,-555.604,179.437
191002656669400,370605505134,6,countdown,-4832,832,-1824,-43.8921,-523.604,499.437
191002657672600,370606504634,7,countdown,-4704,832,-2592,84.1079,-523.604,-268.563
191002658647800,370607504343,8,countdown,-4320,768,-2304,468.108,-587.604,19.4366
191002659645900,370608504509,9,countdown,-4640,1184,-2816,148.108,-171.604,-492.563
191002660659400,370609504551,10,countdown,-4224,1024,-2336,564.108,-331.604,-12.5634
191002661651600,370610504134,11,countdown,-4864,1216,-1984,-75.8921,-139.604,339.437
191002662656700,370611504509,12,countdown,-4480,672,-2080,308.108,-683.604,243.437
191002663654800,370612504468,13,countdown,-4864,1568,-3168,-75.8921,212.396,-844.563
191002665046900,370613504759,14,countdown,-4512,1024,-2208,276.108,-331.604,115.437
191002665736800,370614504634,15,countdown,-4064,672,-2624,724.108,-683.604,-300.563
191002666745900,370615514593,16,countdown,-5056,1216,-2464,-267.892,-139.604,-140.563
191002667734200,370616504551,17,countdown,-4480,1440,-2080,308.108,84.3956,243.437
191002668656900,370617504426,18,countdown,-4640,1120,-2976,148.108,-235.604,-652.563
191002669664300,370618504676,19,countdown,-5152,1280,-2848,-363.892,-75.6044,-524.563
191002670654600,370619504551,20,countdown,-4448,1024,-2304,340.108,-331.604,19.4366
191002671660300,370620504551,21,countdown,-4928,1472,-2176,-139.892,116.396,147.437
191002672801100,370621505968,22,countdown,-5568,1728,-2656,-779.892,372.396,-332.563
191002673651500,370622504426,23,countdown,-4704,1024,-2560,84.1079,-331.604,-236.563
191002674645500,370623504676,24,countdown,-4256,896,-1952,532.108,-459.604,371.437
191002675657000,370624504593,25,countdown,-4736,1152,-2528,52.1079,-203.604,-204.563
191002676660300,370625504176,26,countdown,-4480,1280,-2048,308.108,-75.6044,275.437
191002677664800,370626505426,27,countdown,-5088,1408,-2304,-299.892,52.3956,19.4366
191002678727600,370627508884,28,countdown,-4704,928,-2336,84.1079,-427.604,-12.5634
191002679881000,370628509718,29,countdown,-4928,1280,-3008,-139.892,-75.6044,-684.563
191002680657700,370629510343,30,countdown,-5280,1216,-2592,-491.892,-139.604,-268.563
191002681791600,370630517551,31,countdown,-4512,864,-2080,276.108,-491.604,243.437
191002682779100,370631517593,32,countdown,-4928,1152,-2368,-139.892,-203.604,-44.5634
191002683646200,370632505426,33,countdown,-4544,1216,-2400,244.108,-139.604,-76.5634
191002684778000,370633509301,34,countdown,-4768,1440,-2528,20.1079,84.3956,-204.563
191002685663900,370634511509,35,countdown,-4448,992,-2560,340.108,-363.604,-236.563
191002686663400,370635511384,36,countdown,-4896,1152,-2304,-107.892,-203.604,19.4366
191002687782500,370636510718,37,countdown,-4768,1280,-2944,20.1079,-75.6044,-620.563
191002688671100,370637509926,38,countdown,-4608,864,-2272,180.108,-491.604,51.4366
191002689675200,370638506384,39,countdown,-4800,1088,-2592,-11.8921,-267.604,-268.563
191002690656400,370639508926,40,countdown,-4512,1344,-2144,276.108,-11.6044,179.437
191002691665800,370640507176,41,countdown,-4768,896,-2112,20.1079,-459.604,211.437
191002692649500,370641506884,42,countdown,-4992,1696,-2496,-203.892,340.396,-172.563
191002693644300,370642510343,43,countdown,-5312,992,-2272,-523.892,-363.604,51.4366
191002694663500,370643509426,44,countdown,-4800,1376,-1664,-11.8921,20.3956,659.437
191002695670700,370644506926,45,countdown,-5120,1184,-2336,-331.892,-171.604,-12.5634
191002696660400,370645507884,46,countdown,-4352,1312,-2304,436.108,-43.6044,19.4366
191002697667900,370646510009,47,countdown,-5312,1312,-2496,-523.892,-43.6044,-172.563
191002698664100,370647508759,48,countdown,-4704,960,-2144,84.1079,-395.604,179.437
191002699672000,370648507884,49,countdown,-4896,1120,-2240,-107.892,-235.604,83.4366
191002700674500,370649507218,50,countdown,-4960,1312,-2144,-171.892,-43.6044,179.437
191002701669600,370650508801,51,countdown,-4448,1728,-2304,340.108,372.396,19.4366
191002702683900,370651507426,52,countdown,-4576,1344,-2752,212.108,-11.6044,-428.563
191002703674300,370652505009,53,countdown,-5056,1376,-2464,-267.892,20.3956,-140.563
191002705629700,370653509093,54,countdown,-5088,1600,-2752,-299.892,244.396,-428.563
191002705653400,370654510218,55,countdown,-5120,1504,-2912,-331.892,148.396,-588.563
191002706669700,370655511384,56,countdown,-4800,1088,-2208,-11.8921,-267.604,115.437
191002707664300,370656509009,57,countdown,-4640,928,-2336,148.108,-427.604,-12.5634
191002708659800,370657508343,58,countdown,-4672,1120,-2752,116.108,-235.604,-428.563
191002709664100,370658507801,59,countdown,-4576,1184,-2592,212.108,-171.604,-268.563
191002710662200,370659508676,60,countdown,-4928,1408,-1984,-139.892,52.3956,339.437
191002711658900,370660510843,61,countdown,-4768,1472,-2080,20.1079,116.396,243.437
191002712663200,370661511593,62,countdown,-5056,1536,-2080,-267.892,180.396,243.437
191002713720300,370662510218,63,countdown,-4864,1376,-2400,-75.8921,20.3956,-76.5634
191002714654400,370663511593,64,countdown,-4576,1344,-2272,212.108,-11.6044,51.4366
191002715663000,370664505718,65,countdown,-5120,1536,-2720,-331.892,180.396,-396.563
191002716720800,370665530009,66,countdown,-5024,1600,-2464,-235.892,244.396,-140.563
191002717739100,370666510593,67,countdown,-4352,1344,-1888,436.108,-11.6044,435.437
191002718654500,370667512634,68,countdown,-4512,1280,-2528,276.108,-75.6044,-204.563
191002719938400,370668513343,69,countdown,-4896,1184,-2112,-107.892,-171.604,211.437
191002720845900,370669512884,70,countdown,-5216,992,-2144,-427.892,-363.604,179.437
191002721868400,370670505509,71,countdown,-4608,1152,-2624,180.108,-203.604,-300.563
191002722687100,370671509259,72,countdown,-4768,1120,-2688,20.1079,-235.604,-364.563
191002723734600,370672509509,73,countdown,-4544,1216,-2368,244.108,-139.604,-44.5634
191002724662700,370673508009,74,countdown,-4864,1120,-2176,-75.8921,-235.604,147.437
191002725647600,370674506884,75,countdown,-4576,1184,-2400,212.108,-171.604,-76.5634
191002726639700,370675511343,76,countdown,-4864,1472,-2528,-75.8921,116.396,-204.563
191002727780200,370676507426,77,countdown,-5120,1632,-1952,-331.892,276.396,371.437
191002728659500,370677509676,78,countdown,-4832,1440,-2720,-43.8921,84.3956,-396.563
191002729654300,370678508343,79,countdown,-4704,1344,-3040,84.1079,-11.6044,-716.563
191002730783900,370679509051,80,rotation-trial,-5248,1344,-1472,-459.892,-11.6044,851.437
191002731659700,370680507843,81,rotation-trial,-4576,1568,-2592,212.108,212.396,-268.563
191002732651200,370681510634,82,rotation-trial,-5024,1504,-2368,-235.892,148.396,-44.5634
191002733653200,370682506634,83,rotation-trial,-5472,1504,-2784,-683.892,148.396,-460.563
191002734650200,370683506759,84,rotation-trial,-5024,1376,-2496,-235.892,20.3956,-172.563
191002735659200,370684505634,85,rotation-trial,-4256,1504,-2048,532.108,148.396,275.437
191002736657400,370685504468,86,rotation-trial,-4864,1952,-2976,-75.8921,596.396,-652.563
191002737654300,370686504343,87,rotation-trial,-4672,1664,-2720,116.108,308.396,-396.563
191002738656400,370687504509,88,rotation-trial,-4960,1664,-2720,-171.892,308.396,-396.563
191002739656600,370688505468,89,rotation-trial,-4512,1920,-2400,276.108,564.396,-76.5634
191002740655600,370689504759,90,rotation-trial,-4736,1536,-2080,52.1079,180.396,243.437
191002741655100,370690505051,91,rotation-trial,-4960,1760,-2784,-171.892,404.396,-460.563
191002742656000,370691504384,92,rotation-trial,-5152,1792,-2176,-363.892,436.396,147.437
191002743651600,370692504426,93,rotation-trial,-4224,1696,-2080,564.108,340.396,243.437
191002744655500,370693504676,94,rotation-trial,-4768,1696,-1888,20.1079,340.396,435.437
191002745658300,370694505093,95,rotation-trial,-5216,1280,-2432,-427.892,-75.6044,-108.563
191002746651400,370695504551,96,rotation-trial,-4576,1504,-2304,212.108,148.396,19.4366
191002747656700,370696504343,97,rotation-trial,-4640,1632,-2432,148.108,276.396,-108.563
191002748651100,370697504468,98,rotation-trial,-4512,1472,-2976,276.108,116.396,-652.563
191002749650000,370698504634,99,rotation-trial,-4192,1632,-2368,596.108,276.396,-44.5634
191002750646900,370699504551,100,rotation-trial,-4096,1696,-2432,692.108,340.396,-108.563
191002751644700,370700504593,101,rotation-trial,-4672,832,-2176,116.108,-523.604,147.437
191002752646600,370701506343,102,rotation-trial,-4832,1792,-2144,-43.8921,436.396,179.437
191002753654600,370702504634,103,rotation-trial,-4384,1568,-2304,404.108,212.396,19.4366
191002754719300,370703504551,104,rotation-trial,-4704,1312,-2464,84.1079,-43.6044,-140.563
191002755657600,370704504551,105,rotation-trial,-4352,1376,-2688,436.108,20.3956,-364.563
191002756755000,370705504468,106,rotation-trial,-4352,1536,-2080,436.108,180.396,243.437
191002757737100,370706504093,107,rotation-trial,-4768,1472,-2432,20.1079,116.396,-108.563
191002758646300,370707508801,108,rotation-trial,-4704,1120,-2976,84.1079,-235.604,-652.563
191002759650300,370708504551,109,rotation-trial,-4576,1824,-2784,212.108,468.396,-460.563
191002760651100,370709504593,110,rotation-trial,-4736,1536,-1792,52.1079,180.396,531.437
191002761649400,370710505968,111,rotation-trial,-4576,1888,-2144,212.108,532.396,179.437
191002762645500,370711505926,112,rotation-trial,-4800,1376,-2368,-11.8921,20.3956,-44.5634
191002763661100,370712505009,113,rotation-trial,-4416,1920,-1632,372.108,564.396,691.437
191002764646400,370713504509,114,rotation-trial,-4416,1312,-2112,372.108,-43.6044,211.437
191002765652400,370714504551,115,rotation-trial,-5184,1792,-2976,-395.892,436.396,-652.563
191002766640200,370715518718,116,rotation-trial,-4640,1664,-2432,148.108,308.396,-108.563
191002767646700,370716504468,117,rotation-trial,-4992,1600,-2528,-203.892,244.396,-204.563
191002768648300,370717504676,118,rotation-trial,-4448,1248,-1568,340.108,-107.604,755.437
191002769644700,370718504593,119,rotation-trial,-4640,1568,-2176,148.108,212.396,147.437
191002770658800,370719507384,120,rotation-trial,-4832,1952,-1952,-43.8921,596.396,371.437
191002771648700,370720504551,121,rotation-trial,-4864,1728,-1728,-75.8921,372.396,595.437
191002772645100,370721504426,122,rotation-trial,-4288,1856,-1856,500.108,500.396,467.437
191002773734400,370722505718,123,rotation-trial,-4608,1568,-1728,180.108,212.396,595.437
191002774644200,370723504509,124,rotation-trial,-4896,1792,-2624,-107.892,436.396,-300.563
191002775647100,370724504884,125,rotation-trial,-4544,1824,-1632,244.108,468.396,691.437
191002776660900,370725504426,126,rotation-trial,-4992,1440,-2272,-203.892,84.3956,51.4366
191002777646500,370726504426,127,rotation-trial,-4832,1696,-2112,-43.8921,340.396,211.437
191002778725200,370727504634,128,rotation-trial,-4192,1408,-2080,596.108,52.3956,243.437
191002779672300,370728504676,129,rotation-trial,-4992,1632,-2688,-203.892,276.396,-364.563
191002780647000,370729504634,130,rotation-trial,-4832,1600,-2496,-43.8921,244.396,-172.563
191002781644000,370730504634,131,rotation-trial,-4448,1600,-2880,340.108,244.396,-556.563
191002782645000,370731504426,132,rotation-trial,-4704,1792,-1632,84.1079,436.396,691.437
191002783648200,370732505343,133,rotation-trial,-5088,960,-2560,-299.892,-395.604,-236.563
191002784643300,370733504093,134,rotation-trial,-4832,1504,-2560,-43.8921,148.396,-236.563
191002785654800,370734504634,135,rotation-trial,-5472,1696,-2272,-683.892,340.396,51.4366
191002786643100,370735504426,136,rotation-trial,-4480,1312,-1984,308.108,-43.6044,339.437
191002787649100,370736504468,137,rotation-trial,-3936,1280,-1856,852.108,-75.6044,467.437
191002788648000,370737504593,138,rotation-trial,-4768,1856,-3456,20.1079,500.396,-1132.56
191002789648500,370738504593,139,rotation-trial,-5024,1504,-1824,-235.892,148.396,499.437
191002790648600,370739504635,140,rotation-trial,-5120,1376,-2048,-331.892,20.3956,275.437
191002791656200,370740504468,141,rotation-trial,-5344,1248,-1920,-555.892,-107.604,403.437
191002792753400,370741504385,142,rotation-trial,-4960,1696,-2560,-171.892,340.396,-236.563
191002793654000,370742504635,143,rotation-trial,-4864,992,-2016,-75.8921,-363.604,307.437
191002794646200,370743504593,144,rotation-trial,-4320,1408,-2048,468.108,52.3956,275.437
191002795640500,370744504468,145,rotation-trial,-5152,1760,-2336,-363.892,404.396,-12.5634
191002796647700,370745504385,146,rotation-trial,-4800,1184,-2240,-11.8921,-171.604,83.4366
191002797641700,370746504385,147,rotation-trial,-4448,1248,-2112,340.108,-107.604,211.437
191002798640000,370747504635,148,rotation-trial,-5056,1152,-2208,-267.892,-203.604,115.437
191002799637700,370748504551,149,rotation-trial,-5120,1280,-2528,-331.892,-75.6044,-204.563
191002800648100,370749504426,150,rotation-trial,-4928,1824,-1760,-139.892,468.396,563.437
191002801657300,370750505093,151,rotation-trial,-5984,1696,-2304,-1195.89,340.396,19.4366
191002802636500,370751504510,152,rotation-trial,-4544,1760,-2624,244.108,404.396,-300.563
191002803646700,370752504676,153,rotation-trial,-4640,1824,-2240,148.108,468.396,83.4366
191002804646900,370753504510,154,rotation-trial,-4864,1664,-1952,-75.8921,308.396,371.437
191002805644300,370754504843,155,rotation-trial,-4768,1728,-2176,20.1079,372.396,147.437
191002806646900,370755504343,156,rotation-trial,-4736,1312,-2208,52.1079,-43.6044,115.437
191002807645400,370756504510,157,rotation-trial,-4384,1664,-1952,404.108,308.396,371.437
191002808897300,370757504551,158,rotation-trial,-4992,1568,-2016,-203.892,212.396,307.437
191002809863900,370758504551,159,rotation-trial,-5024,1376,-1760,-235.892,20.3956,563.437
191002810860700,370759504426,160,rotation-trial,-5408,1088,-2368,-619.892,-267.604,-44.5634
191002811889700,370760504468,161,rotation-trial,-4992,1376,-1920,-203.892,20.3956,403.437
191002812835300,370761506301,162,rotation-trial,-4256,1056,-1600,532.108,-299.604,723.437
191002813836000,370762504551,163,rotation-trial,-4960,1792,-1824,-171.892,436.396,499.437
191002814876100,370763504510,164,rotation-trial,-4480,1952,-1696,308.108,596.396,627.437
191002815818400,370764504468,165,rotation-trial,-4416,1792,-1792,372.108,436.396,531.437
191002816832400,370765515968,166,rotation-trial,-5024,1600,-1856,-235.892,244.396,467.437
191002817787800,370766506010,167,rotation-trial,-4832,1760,-2176,-43.8921,404.396,147.437
191002818828100,370767504593,168,rotation-trial,-4576,1440,-2432,212.108,84.3956,-108.563
191002819794200,370768504468,169,rotation-trial,-4672,1408,-2112,116.108,52.3956,211.437
191002820837000,370769504468,170,rotation-trial,-4672,1568,-1792,116.108,212.396,531.437
191002821823200,370770504510,171,rotation-trial,-5088,1760,-2048,-299.892,404.396,275.437
191002822832000,370771504468,172,rotation-trial,-4768,1568,-2400,20.1079,212.396,-76.5634
191002823709100,370772505593,173,rotation-trial,-4576,1504,-1984,212.108,148.396,339.437
191002824734500,370773504510,174,rotation-trial,-5120,1088,-2048,-331.892,-267.604,275.437
191002825652000,370774505260,175,rotation-trial,-4480,1472,-2752,308.108,116.396,-428.563
191002826646300,370775505385,176,rotation-trial,-4800,1472,-1888,-11.8921,116.396,435.437
191002827653700,370776504426,177,rotation-trial,-4544,1472,-1920,244.108,116.396,403.437
191002828650200,370777504551,178,rotation-trial,-5024,1632,-2016,-235.892,276.396,307.437
191002829645400,370778504551,179,rotation-trial,-5312,1472,-2624,-523.892,116.396,-300.563
191002830645700,370779504426,180,rotation-trial,-5056,1312,-2240,-267.892,-43.6044,83.4366
191002831647200,370780504510,181,rotation-trial,-5024,1152,-2336,-235.892,-203.604,-12.5634
191002832648800,370781504385,182,rotation-trial,-5184,1248,-2144,-395.892,-107.604,179.437
191002833646800,370782504551,183,rotation-trial,-5312,2176,-2432,-523.892,820.396,-108.563
191002834650000,370783504635,184,rotation-trial,-5280,1792,-3072,-491.892,436.396,-748.563
191002835646100,370784504468,185,rotation-trial,-4704,1280,-1984,84.1079,-75.6044,339.437
191002836649100,370785505510,186,rotation-trial,-5792,1344,-2496,-1003.89,-11.6044,-172.563
191002837648000,370786504676,187,rotation-trial,-4992,1088,-1888,-203.892,-267.604,435.437
191002838647600,370787504635,188,rotation-trial,-5248,1824,-2048,-459.892,468.396,275.437
191002839647000,370788504635,189,rotation-trial,-5088,1376,-2304,-299.892,20.3956,19.4366
191002840668300,370789504301,190,rotation-trial,-4960,1280,-2528,-171.892,-75.6044,-204.563
191002841657500,370790504968,191,rotation-trial,-5184,1440,-2656,-395.892,84.3956,-332.563
191002842647600,370791504426,192,rotation-trial,-4768,1440,-2432,20.1079,84.3956,-108.563
191002843655700,370792504551,193,rotation-trial,-5312,1184,-1760,-523.892,-171.604,563.437
191002844641100,370793504635,194,rotation-trial,-4960,1248,-2336,-171.892,-107.604,-12.5634
191002845641500,370794504468,195,rotation-trial,-5312,1472,-2272,-523.892,116.396,51.4366
191002846647700,370795504635,196,rotation-trial,-4800,1024,-2400,-11.8921,-331.604,-76.5634
191002847669600,370796504551,197,rotation-trial,-4160,1280,-1792,628.108,-75.6044,531.437
191002848648300,370797505343,198,rotation-trial,-4800,864,-1792,-11.8921,-491.604,531.437
191002849649400,370798504551,199,rotation-trial,-4512,1344,-2496,276.108,-11.6044,-172.563
191002850638500,370799504385,200,rotation-trial,-4608,1152,-1920,180.108,-203.604,403.437
191002851645300,370800504468,201,rotation-trial,-4480,1568,-2080,308.108,212.396,243.437
191002852646200,370801504676,202,rotation-trial,-4928,1088,-2240,-139.892,-267.604,83.4366
191002853647100,370802504593,203,rotation-trial,-4480,1152,-2240,308.108,-203.604,83.4366
191002854648600,370803504635,204,rotation-trial,-4928,1344,-2080,-139.892,-11.6044,243.437
191002855789700,370804504468,205,rotation-trial,-4576,1472,-1856,212.108,116.396,467.437
191002856708400,370805504426,206,rotation-trial,-5216,1312,-2976,-427.892,-43.6044,-652.563
191002857665100,370806504551,207,rotation-trial,-4800,1152,-2144,-11.8921,-203.604,179.437
191002858653100,370807504676,208,rotation-trial,-4896,1408,-2880,-107.892,52.3956,-556.563
191002859651800,370808504551,209,rotation-trial,-4032,1088,-1824,756.108,-267.604,499.437
191002860638100,370809504510,210,rotation-trial,-4864,1728,-2560,-75.8921,372.396,-236.563
191002861646300,370810504468,211,rotation-trial,-4928,1536,-2144,-139.892,180.396,179.437
191002862647400,370811505551,212,rotation-trial,-4960,1568,-2112,-171.892,212.396,211.437
191002863646400,370812504676,213,rotation-trial,-4736,1664,-2496,52.1079,308.396,-172.563
191002864670800,370813504510,214,rotation-trial,-4800,1536,-2112,-11.8921,180.396,211.437
191002865646500,370814504510,215,rotation-trial,-4960,1408,-2368,-171.892,52.3956,-44.5634
191002866644800,370815516426,216,rotation-trial,-4928,1408,-2592,-139.892,52.3956,-268.563
191002867643700,370816504593,217,rotation-trial,-4352,1152,-2720,436.108,-203.604,-396.563
191002868644600,370817504760,218,rotation-trial,-5472,1792,-2560,-683.892,436.396,-236.563
191002869763200,370818504468,219,rotation-trial,-4480,1024,-1792,308.108,-331.604,531.437
191002870747600,370819504468,220,rotation-trial,-4960,1408,-3008,-171.892,52.3956,-684.563
191002871648900,370820505926,221,rotation-trial,-4864,1248,-2752,-75.8921,-107.604,-428.563
191002872705300,370821504593,222,rotation-trial,-4384,1056,-1120,404.108,-299.604,1203.44
191002873656700,370822504551,223,rotation-trial,-4928,1600,-2624,-139.892,244.396,-300.563
191002874678000,370823504551,224,rotation-trial,-4896,1120,-2592,-107.892,-235.604,-268.563
191002875660200,370824504301,225,rotation-trial,-5280,1088,-2624,-491.892,-267.604,-300.563
191002876656500,370825504426,226,rotation-trial,-5024,1248,-2144,-235.892,-107.604,179.437
191002877648400,370826504510,227,rotation-trial,-4448,1088,-1984,340.108,-267.604,339.437
191002878647500,370827504510,228,rotation-trial,-4672,1184,-2880,116.108,-171.604,-556.563
191002879646600,370828504426,229,rotation-trial,-4608,896,-2144,180.108,-459.604,179.437
191002880647900,370829504260,230,rotation-trial,-4704,1056,-1632,84.1079,-299.604,691.437
191002881645800,370830504551,231,rotation-trial,-5120,1408,-2112,-331.892,52.3956,211.437
191002882647500,370831504593,232,rotation-trial,-5184,1216,-2176,-395.892,-139.604,147.437
191002883650700,370832504551,233,rotation-trial,-5728,768,-2592,-939.892,-587.604,-268.563
191002884645600,370833504385,234,rotation-trial,-4480,1152,-1888,308.108,-203.604,435.437
191002885653100,370834504176,235,rotation-trial,-5120,1248,-2176,-331.892,-107.604,147.437
191002886647200,370835504385,236,rotation-trial,-4416,1504,-1920,372.108,148.396,403.437
191002887680200,370836504635,237,rotation-trial,-4800,1120,-1632,-11.8921,-235.604,691.437
191002888659700,370837504510,238,rotation-trial,-4896,1408,-2336,-107.892,52.3956,-12.5634
191002889652700,370838505801,239,rotation-trial,-4768,1056,-2080,20.1079,-299.604,243.437
191002890649600,370839504510,240,rotation-trial,-4960,1024,-2048,-171.892,-331.604,275.437
191002891644500,370840504510,241,rotation-trial,-5056,1024,-2688,-267.892,-331.604,-364.563
191002892647300,370841504551,242,rotation-trial,-4992,1024,-2208,-203.892,-331.604,115.437
191002893648500,370842504593,243,rotation-trial,-4832,992,-2336,-43.8921,-363.604,-12.5634
191002894648100,370843504426,244,rotation-trial,-4896,1440,-2272,-107.892,84.3956,51.4366
191002895646000,370844504385,245,rotation-trial,-4992,832,-2272,-203.892,-523.604,51.4366
191002896647300,370845504385,246,rotation-trial,-4704,1248,-1920,84.1079,-107.604,403.437
191002897646400,370846504426,247,rotation-trial,-4736,960,-2208,52.1079,-395.604,115.437
191002898647000,370847504635,248,rotation-trial,-4608,1504,-2400,180.108,148.396,-76.5634
191002899645300,370848505260,249,rotation-trial,-4800,1024,-2304,-11.8921,-331.604,19.4366
191002900646400,370849506093,250,rotation-trial,-4992,1984,-3264,-203.892,628.396,-940.563
191002901644500,370850504468,251,rotation-trial,-4608,1568,-1536,180.108,212.396,787.437
191002902647500,370851504551,252,rotation-trial,-4448,1568,-2400,340.108,212.396,-76.5634
191002903655800,370852504593,253,rotation-trial,-4736,1024,-1952,52.1079,-331.604,371.437
191002904660000,370853504510,254,rotation-trial,-4448,1632,-2656,340.108,276.396,-332.563
191002905648000,370854504426,255,rotation-trial,-4800,1600,-2208,-11.8921,244.396,115.437
191002906648100,370855504426,0,rotation-trial,-4576,1408,-2336,212.108,52.3956,-12.5634
191002907645700,370856504426,1,rotation-trial,-4064,1632,-2048,724.108,276.396,275.437
191002908647700,370857504551,2,rotation-trial,-4480,1504,-2048,308.108,148.396,275.437
191002909644400,370858504426,3,rotation-trial,-4640,1536,-2656,148.108,180.396,-332.563
191002910646000,370859504468,4,rotation-trial,-4576,1312,-2496,212.108,-43.6044,-172.563
191002911645600,370860505426,5,rotation-trial,-5184,1216,-2176,-395.892,-139.604,147.437
191002912643400,370861507468,6,rotation-trial,-4768,1504,-2496,20.1079,148.396,-172.563
191002913644800,370862504760,7,rotation-trial,-4320,1408,-2592,468.108,52.3956,-268.563
191002914646000,370863504426,8,rotation-trial,-4448,1024,-2016,340.108,-331.604,307.437
191002915646300,370864505218,9,rotation-trial,-4832,1472,-1984,-43.8921,116.396,339.437
191002916643400,370865518135,10,rotation-trial,-4640,896,-1920,148.108,-459.604,403.437
191002917645700,370866504968,11,rotation-trial,-5024,1120,-2176,-235.892,-235.604,147.437
191002918757500,370867504510,12,rotation-trial,-4896,1088,-1792,-107.892,-267.604,531.437
191002919639300,370868504426,13,rotation-trial,-4512,1152,-1984,276.108,-203.604,339.437
191002920657900,370869504426,14,rotation-trial,-4736,992,-2336,52.1079,-363.604,-12.5634
191002921657900,370870504385,15,rotation-trial,-4512,800,-1792,276.108,-555.604,531.437
191002922654600,370871504760,16,rotation-trial,-4832,1184,-2816,-43.8921,-171.604,-492.563
191002923647800,370872504968,17,rotation-trial,-5120,1728,-3296,-331.892,372.396,-972.563
191002924647900,370873504301,18,rotation-trial,-4928,1248,-1728,-139.892,-107.604,595.437
191002925648400,370874504468,19,rotation-trial,-4704,1312,-2400,84.1079,-43.6044,-76.5634
191002926724800,370875504260,20,rotation-trial,-5248,1120,-2112,-459.892,-235.604,211.437
191002927710900,370876505510,21,rotation-trial,-4544,896,-2624,244.108,-459.604,-300.563
191002928736200,370877504635,22,rotation-trial,-5024,1376,-2528,-235.892,20.3956,-204.563
191002929750600,370878504468,23,rotation-trial,-4960,1504,-2816,-171.892,148.396,-492.563
191002930740100,370879504426,24,rotation-trial,-4384,1024,-2016,404.108,-331.604,307.437
191002931730500,370880504385,25,rotation-trial,-4960,1888,-2976,-171.892,532.396,-652.563
191002932720500,370881504635,26,rotation-trial,-4832,1216,-2176,-43.8921,-139.604,147.437
191002933725900,370882504510,27,rotation-trial,-4736,1472,-2464,52.1079,116.396,-140.563
191002934657400,370883504551,28,rotation-trial,-4576,1248,-2496,212.108,-107.604,-172.563
191002935773400,370884504510,29,rotation-trial,-4544,992,-2112,244.108,-363.604,211.437
191002936669600,370885504551,30,rotation-trial,-4512,1280,-2176,276.108,-75.6044,147.437
191002937645900,370886505510,31,rotation-trial,-4832,1088,-2624,-43.8921,-267.604,-300.563
191002938656500,370887504426,32,rotation-trial,-4320,1504,-2560,468.108,148.396,-236.563
191002939667300,370888504385,33,rotation-trial,-4512,864,-2336,276.108,-491.604,-12.5634
191002940666500,370889504468,34,rotation-trial,-4128,448,-2112,660.108,-907.604,211.437
191002941652700,370890513676,35,rotation-trial,-4064,832,-2336,724.108,-523.604,-12.5634
191002942804600,370891504676,36,rotation-trial,-4224,1184,-1824,564.108,-171.604,499.437
191002943734500,370892504510,37,rotation-trial,-3520,800,-2080,1268.11,-555.604,243.437
191002944659000,370893504551,38,rotation-trial,-3744,960,-2528,1044.11,-395.604,-204.563
191002945659600,370894504510,39,rotation-trial,-3744,736,-1856,1044.11,-619.604,467.437
191002946653000,370895504510,40,rotation-trial,-4320,640,-2432,468.108,-715.604,-108.563
191002947653100,370896504468,41,rotation-trial,-3840,768,-1568,948.108,-587.604,755.437
191002948662100,370897504551,42,rotation-trial,-3968,960,-2144,820.108,-395.604,179.437
191002949667600,370898504385,43,rotation-trial,-3808,1152,-1440,980.108,-203.604,883.437
191002950655800,370899504426,44,rotation-trial,-3808,288,-1472,980.108,-1067.6,851.437
191002951670100,370900504551,45,rotation-trial,-3872,480,-2048,916.108,-875.604,275.437
191002952768300,370901505260,46,rotation-trial,-4704,288,-2336,84.1079,-1067.6,-12.5634
191002953853000,370902504426,47,rotation-trial,-4672,672,-2816,116.108,-683.604,-492.563
191002954842700,370903504885,48,rotation-trial,-4288,512,-2208,500.108,-843.604,115.437
191002955874400,370904504385,49,rotation-trial,-4832,1024,-2368,-43.8921,-331.604,-44.5634
191002956855100,370905504635,50,rotation-trial,-4608,992,-2208,180.108,-363.604,115.437
191002957890300,370906504551,51,rotation-trial,-4864,1344,-2368,-75.8921,-11.6044,-44.5634
191002958815100,370907504926,52,rotation-trial,-4960,1280,-2432,-171.892,-75.6044,-108.563
191002959662100,370908506010,53,rotation-trial,-4800,1664,-1888,-11.8921,308.396,435.437
191002960719700,370909504343,54,rotation-trial,-5120,1920,-2432,-331.892,564.396,-108.563
191002961766100,370910504635,55,rotation-trial,-5888,1440,-2944,-1099.89,84.3956,-620.563
191002962722500,370911504551,56,rotation-trial,-5056,1664,-2688,-267.892,308.396,-364.563
191002963872900,370912504468,57,rotation-trial,-5088,2144,-2944,-299.892,788.396,-620.563
191002964790800,370913504968,58,rotation-trial,-4704,1920,-2528,84.1079,564.396,-204.563
191002965812000,370914506801,59,rotation-trial,-4640,2016,-2784,148.108,660.396,-460.563
191002966829500,370915519635,60,rotation-trial,-4704,2272,-3296,84.1079,916.396,-972.563
191002967744400,370916505426,61,rotation-trial,-4928,1824,-2560,-139.892,468.396,-236.563
191002968745600,370917504468,62,rotation-trial,-4416,1888,-3552,372.108,532.396,-1228.56
191002969738300,370918504510,63,rotation-trial,-5024,2176,-3200,-235.892,820.396,-876.563
191002970718400,370919504385,64,rotation-trial,-4256,1920,-3584,532.108,564.396,-1260.56
191002971767200,370920506718,65,rotation-trial,-4032,2208,-3040,756.108,852.396,-716.563
191002972745500,370921504593,66,rotation-trial,-3904,1952,-3008,884.108,596.396,-684.563
191002973648000,370922504468,67,rotation-trial,-3840,1984,-2912,948.108,628.396,-588.563
191002974650700,370923504468,68,rotation-trial,-3008,1536,-2816,1780.11,180.396,-492.563
191002975648300,370924504385,69,rotation-trial,-3680,1536,-3104,1108.11,180.396,-780.563
191002976660700,370925504801,70,rotation-trial,-2720,1344,-2496,2068.11,-11.6044,-172.563
191002977652300,370926505843,71,rotation-trial,-2688,864,-2432,2100.11,-491.604,-108.563
191002978651200,370927504426,72,rotation-trial,-2688,736,-2592,2100.11,-619.604,-268.563
191002979650200,370928505885,73,rotation-trial,-2624,416,-2592,2164.11,-939.604,-268.563
191002980650700,370929504343,74,rotation-trial,-2400,352,-1856,2388.11,-1003.6,467.437
191002981644100,370930505051,75,rotation-trial,-2112,-32,-2112,2676.11,-1387.6,211.437
191002982815500,370931506051,76,rotation-trial,-2656,128,-2400,2132.11,-1227.6,-76.5634
191002983763200,370932504385,77,rotation-trial,-2528,-480,-2112,2260.11,-1835.6,211.437
191002984724300,370933504510,78,rotation-trial,-2944,0,-2080,1844.11,-1355.6,243.437
191002985791300,370934505343,79,rotation-trial,-3104,-672,-1952,1684.11,-2027.6,371.437
191002986783900,370935507176,80,rotation-trial,-3008,-544,-2080,1780.11,-1899.6,243.437
191002987715300,370936504551,81,rotation-trial,-3616,-416,-2016,1172.11,-1771.6,307.437
191002988650300,370937504385,82,rotation-trial,-3040,64,-1760,1748.11,-1291.6,563.437
191002989662800,370938504385,83,rotation-trial,-3520,320,-2176,1268.11,-1035.6,147.437
191002990651800,370939504385,84,rotation-trial,-4096,32,-2400,692.108,-1323.6,-76.5634
191002991654100,370940504843,85,rotation-trial,-2912,-256,-2336,1876.11,-1611.6,-12.5634
191002992648600,370941504468,86,rotation-trial,-4000,32,-2880,788.108,-1323.6,-556.563
191002993651400,370942504385,87,rotation-trial,-4192,640,-2592,596.108,-715.604,-268.563
191002994653100,370943504468,88,rotation-trial,-4384,480,-2464,404.108,-875.604,-140.563
191002995653800,370944504343,89,rotation-trial,-4576,864,-2848,212.108,-491.604,-524.563
191002996653400,370945504468,90,rotation-trial,-4736,1056,-3584,52.1079,-299.604,-1260.56
191002997653000,370946504551,91,rotation-trial,-4960,1728,-3680,-171.892,372.396,-1356.56
191002998653300,370947504426,92,rotation-trial,-4480,992,-4000,308.108,-363.604,-1676.56
191002999733600,370948504468,93,rotation-trial,-5120,1440,-4128,-331.892,84.3956,-1804.56
191003000657500,370949504218,94,rotation-trial,-4736,1184,-3360,52.1079,-171.604,-1036.56
191003001647300,370950504718,95,rotation-trial,-5696,1600,-3648,-907.892,244.396,-1324.56
191003002655200,370951504426,96,rotation-trial,-4768,1216,-3648,20.1079,-139.604,-1324.56
191003003656000,370952504301,97,rotation-trial,-4992,1280,-3776,-203.892,-75.6044,-1452.56
191003004652200,370953504468,98,rotation-trial,-5248,1408,-4672,-459.892,52.3956,-2348.56
191003005686600,370954505718,99,rotation-trial,-4896,1376,-4320,-107.892,20.3956,-1996.56
191003006651300,370955504135,100,rotation-trial,-4864,1376,-3680,-75.8921,20.3956,-1356.56
191003007657000,370956504343,101,rotation-trial,-4992,1248,-3744,-203.892,-107.604,-1420.56
191003008654100,370957504343,102,rotation-trial,-5216,1536,-3936,-427.892,180.396,-1612.56
191003009653800,370958504426,103,rotation-trial,-4832,1024,-4224,-43.8921,-331.604,-1900.56
191003010653100,370959504426,104,rotation-trial,-4704,864,-3904,84.1079,-491.604,-1580.56
191003011653700,370960505093,105,rotation-trial,-4832,1280,-3488,-43.8921,-75.6044,-1164.56
191003012653600,370961504510,106,rotation-trial,-4256,480,-4064,532.108,-875.604,-1740.56
191003013651400,370962504343,107,rotation-trial,-4512,704,-3552,276.108,-651.604,-1228.56
191003014652400,370963504510,108,rotation-trial,-3648,352,-3008,1140.11,-1003.6,-684.563
191003015680500,370964504301,109,rotation-trial,-4064,-128,-3712,724.108,-1483.6,-1388.56
191003016665900,370965516968,110,rotation-trial,-3680,160,-3392,1108.11,-1195.6,-1068.56
191003017672000,370966505051,111,rotation-trial,-3840,0,-3680,948.108,-1355.6,-1356.56
191003018650200,370967504176,112,rotation-trial,-3680,-160,-3360,1108.11,-1515.6,-1036.56
191003019665600,370968504510,113,rotation-trial,-3584,-288,-3584,1204.11,-1643.6,-1260.56
191003020655600,370969504301,114,rotation-trial,-3040,-384,-2976,1748.11,-1739.6,-652.563
191003021653600,370970504635,115,rotation-trial,-3264,-480,-2976,1524.11,-1835.6,-652.563
191003022653800,370971504385,116,rotation-trial,-3360,-384,-2688,1428.11,-1739.6,-364.563
191003023651600,370972504551,117,rotation-trial,-3840,-480,-3616,948.108,-1835.6,-1292.56
191003024652100,370973504426,118,rotation-trial,-3648,-768,-3072,1140.11,-2123.6,-748.563
191003025651900,370974504343,119,rotation-trial,-3328,-576,-2720,1460.11,-1931.6,-396.563
191003026653500,370975504593,120,rotation-trial,-3936,-544,-3104,852.108,-1899.6,-780.563
191003027653700,370976504426,121,rotation-trial,-3936,-224,-3360,852.108,-1579.6,-1036.56
191003028653600,370977504343,122,rotation-trial,-4416,-32,-3936,372.108,-1387.6,-1612.56
191003029653600,370978504301,123,rotation-trial,-4544,-640,-3776,244.108,-1995.6,-1452.56
191003030651700,370979504510,124,rotation-trial,-3744,32,-3840,1044.11,-1323.6,-1516.56
191003031666000,370980504593,125,rotation-trial,-4128,-224,-3936,660.108,-1579.6,-1612.56
191003032658200,370981504468,126,rotation-trial,-4704,128,-4768,84.1079,-1227.6,-2444.56
191003033655200,370982504551,127,rotation-trial,-4544,256,-3680,244.108,-1099.6,-1356.56
191003034653900,370983504426,128,rotation-trial,-4544,96,-4480,244.108,-1259.6,-2156.56
191003035652000,370984504510,129,rotation-trial,-4992,608,-4736,-203.892,-747.604,-2412.56
191003036653900,370985504635,130,rotation-trial,-4736,608,-4512,52.1079,-747.604,-2188.56
191003037652000,370986504426,131,rotation-trial,-5568,544,-4576,-779.892,-811.604,-2252.56
191003038653100,370987504510,132,rotation-trial,-5600,672,-4928,-811.892,-683.604,-2604.56
191003039651600,370988504426,133,rotation-trial,-5792,832,-5312,-1003.89,-523.604,-2988.56
191003040653700,370989504760,134,rotation-trial,-5088,736,-4704,-299.892,-619.604,-2380.56
191003041652000,370990504635,135,rotation-trial,-5216,576,-4800,-427.892,-779.604,-2476.56
191003042651900,370991504551,136,rotation-trial,-5344,1248,-4384,-555.892,-107.604,-2060.56
191003043652600,370992504468,137,rotation-trial,-5280,800,-4928,-491.892,-555.604,-2604.56
191003044654500,370993504218,138,rotation-trial,-5728,832,-5344,-939.892,-523.604,-3020.56
191003045651600,370994506885,139,rotation-trial,-6080,320,-4640,-1291.89,-1035.6,-2316.56
191003046651700,370995504510,140,rotation-trial,-5248,608,-4736,-459.892,-747.604,-2412.56
191003047755300,370996505885,141,rotation-trial,-5536,672,-5248,-747.892,-683.604,-2924.56
191003048662000,370997504426,142,rotation-trial,-5440,448,-4672,-651.892,-907.604,-2348.56
191003049657100,370998504260,143,rotation-trial,-5728,-128,-4320,-939.892,-1483.6,-1996.56
191003050652100,370999507635,144,rotation-trial,-5280,224,-4256,-491.892,-1131.6,-1932.56
191003051652300,371000504676,145,rotation-trial,-5056,0,-4672,-267.892,-1355.6,-2348.56
191003052653600,371001504843,146,rotation-trial,-4384,-352,-3904,404.108,-1707.6,-1580.56
191003053651600,371002504343,147,rotation-trial,-4800,64,-4480,-11.8921,-1291.6,-2156.56
191003054653000,371003504301,148,rotation-trial,-3904,96,-4000,884.108,-1259.6,-1676.56
191003055652700,371004504593,149,rotation-trial,-4352,-96,-3648,436.108,-1451.6,-1324.56
191003056652900,371005504468,150,rotation-trial,-4160,-256,-3808,628.108,-1611.6,-1484.56
191003057651100,371006504426,151,rotation-trial,-4128,-704,-3968,660.108,-2059.6,-1644.56
191003058650600,371007504468,152,rotation-trial,-3840,-544,-3392,948.108,-1899.6,-1068.56
191003059653300,371008504343,153,rotation-trial,-3680,-448,-3360,1108.11,-1803.6,-1036.56
191003060650800,371009504635,154,rotation-trial,-4224,-384,-3360,564.108,-1739.6,-1036.56
191003061652800,371010504968,155,rotation-trial,-3424,-992,-3872,1364.11,-2347.6,-1548.56
191003062653100,371011504426,156,rotation-trial,-3712,-512,-3552,1076.11,-1867.6,-1228.56
191003063667100,371012504468,157,rotation-trial,-3200,-384,-3872,1588.11,-1739.6,-1548.56
191003064662400,371013506176,158,rotation-trial,-3264,-320,-3840,1524.11,-1675.6,-1516.56
191003065655600,371014504593,159,rotation-trial,-2496,-352,-3744,2292.11,-1707.6,-1420.56
191003066654300,371015519468,160,rotation-trial,-2944,64,-3936,1844.11,-1291.6,-1612.56
191003067651900,371016504426,161,rotation-trial,-3264,-288,-3776,1524.11,-1643.6,-1452.56
191003068654300,371017504468,162,rotation-trial,-3456,480,-4064,1332.11,-875.604,-1740.56
191003069654000,371018504385,163,rotation-trial,-3264,480,-3936,1524.11,-875.604,-1612.56
191003070653400,371019504593,164,rotation-trial,-3776,320,-4000,1012.11,-1035.6,-1676.56
191003071653400,371020504593,165,rotation-trial,-3712,512,-4896,1076.11,-843.604,-2572.56
191003072653400,371021504385,166,rotation-trial,-3584,736,-4992,1204.11,-619.604,-2668.56
191003073653700,371022504510,167,rotation-trial,-4512,640,-4704,276.108,-715.604,-2380.56
191003074654000,371023504343,168,rotation-trial,-4128,576,-4672,660.108,-779.604,-2348.56
191003075651300,371024504551,169,rotation-trial,-4224,864,-4704,564.108,-491.604,-2380.56
191003076651300,371025504551,170,rotation-trial,-5152,736,-4704,-363.892,-619.604,-2380.56
191003077651200,371026504885,171,rotation-trial,-4224,416,-4992,564.108,-939.604,-2668.56
191003078652900,371027504426,172,rotation-trial,-5280,800,-5024,-491.892,-555.604,-2700.56
191003079666500,371028504343,173,rotation-trial,-5184,704,-4512,-395.892,-651.604,-2188.56
191003080673600,371029504635,174,rotation-trial,-5376,672,-4544,-587.892,-683.604,-2220.56
191003081678100,371030504635,175,rotation-trial,-5248,320,-4256,-459.892,-1035.6,-1932.56
191003082667000,371031507218,176,rotation-trial,-5728,-128,-5280,-939.892,-1483.6,-2956.56
191003083666700,371032504260,177,rotation-trial,-5952,224,-4672,-1163.89,-1131.6,-2348.56
191003084655300,371033504218,178,rotation-trial,-5088,672,-4640,-299.892,-683.604,-2316.56
191003085651800,371034504676,179,rotation-trial,-5344,-64,-4896,-555.892,-1419.6,-2572.56
191003086676800,371035504426,180,rotation-trial,-4864,-512,-4512,-75.8921,-1867.6,-2188.56
191003087692700,371036504635,181,rotation-trial,-5536,608,-5312,-747.892,-747.604,-2988.56
191003088658000,371037505801,182,rotation-trial,-5984,0,-4576,-1195.89,-1355.6,-2252.56
191003089649000,371038504218,183,rotation-trial,-5216,128,-4288,-427.892,-1227.6,-1964.56
191003090647300,371039504718,184,rotation-trial,-5152,-192,-4128,-363.892,-1547.6,-1804.56
191003091647300,371040504343,185,rotation-trial,-5152,-192,-4928,-363.892,-1547.6,-2604.56
191003092646700,371041506468,186,rotation-trial,-4544,-224,-5120,244.108,-1579.6,-2796.56
191003093646900,371042505051,187,rotation-trial,-4640,-64,-4864,148.108,-1419.6,-2540.56
191003094646500,371043504343,188,rotation-trial,-4224,-32,-4896,564.108,-1387.6,-2572.56
191003095651600,371044504676,189,rotation-trial,-3456,-160,-4064,1332.11,-1515.6,-1740.56
191003096648800,371045504551,190,rotation-trial,-3872,32,-4032,916.108,-1323.6,-1708.56
191003097658500,371046504510,191,rotation-trial,-3936,-64,-4096,852.108,-1419.6,-1772.56
191003098647900,371047507051,192,rotation-trial,-3552,576,-4352,1236.11,-779.604,-2028.56
191003099649300,371048506551,193,rotation-trial,-3264,576,-4192,1524.11,-779.604,-1868.56
191003100647000,371049504593,194,rotation-trial,-2848,96,-4224,1940.11,-1259.6,-1900.56
191003101648000,371050504343,195,rotation-trial,-3072,416,-4160,1716.11,-939.604,-1836.56
191003102647900,371051504301,196,rotation-trial,-2144,256,-4096,2644.11,-1099.6,-1772.56
191003103646100,371052504301,197,rotation-trial,-2592,512,-4704,2196.11,-843.604,-2380.56
191003104649200,371053504301,198,rotation-trial,-2368,480,-3808,2420.11,-875.604,-1484.56
191003105646000,371054504635,199,rotation-trial,-2432,576,-4768,2356.11,-779.604,-2444.56
191003106646300,371055504385,200,rotation-trial,-2304,800,-4480,2484.11,-555.604,-2156.56
191003107648000,371056504385,201,rotation-trial,-2048,768,-5024,2740.11,-587.604,-2700.56
191003108648000,371057504260,202,rotation-trial,-2368,640,-4704,2420.11,-715.604,-2380.56
191003109647900,371058504385,203,rotation-trial,-2240,992,-4416,2548.11,-363.604,-2092.56
191003110644900,371059504510,204,rotation-trial,-2304,928,-4672,2484.11,-427.604,-2348.56
191003111659300,371060504468,205,rotation-trial,-2208,1152,-4480,2580.11,-203.604,-2156.56
191003112660400,371061504468,206,rotation-trial,-2144,608,-4800,2644.11,-747.604,-2476.56
191003113660000,371062504301,207,rotation-trial,-2624,384,-4928,2164.11,-971.604,-2604.56
191003114656900,371063505676,208,rotation-trial,-3104,992,-5088,1684.11,-363.604,-2764.56
191003115654400,371064504468,209,rotation-trial,-3776,576,-6016,1012.11,-779.604,-3692.56
191003116661400,371065520426,210,rotation-trial,-3264,576,-4896,1524.11,-779.604,-2572.56
191003117656300,371066504593,211,rotation-trial,-3520,608,-5280,1268.11,-747.604,-2956.56
191003119331100,371067505426,212,rotation-trial,-3904,416,-4896,884.108,-939.604,-2572.56
191003119646600,371068504593,213,rotation-trial,-4416,512,-4640,372.108,-843.604,-2316.56
191003120650200,371069504510,214,rotation-trial,-4480,224,-5568,308.108,-1131.6,-3244.56
191003121649200,371070504010,215,rotation-trial,-4448,-32,-5248,340.108,-1387.6,-2924.56
191003122781400,371071505301,216,rotation-trial,-4224,128,-5312,564.108,-1227.6,-2988.56
191003123652100,371072504468,217,rotation-trial,-4640,0,-5120,148.108,-1355.6,-2796.56
191003124647200,371073505968,218,rotation-trial,-4992,32,-5376,-203.892,-1323.6,-3052.56
191003125671600,371074504468,219,rotation-trial,-4608,-288,-5536,180.108,-1643.6,-3212.56
191003126652100,371075506593,220,rotation-trial,-5152,-448,-6112,-363.892,-1803.6,-3788.56
191003127670700,371076504426,221,rotation-trial,-4768,-32,-6560,20.1079,-1387.6,-4236.56
191003128839200,371077504343,222,rotation-trial,-5440,-640,-5792,-651.892,-1995.6,-3468.56
191003129666600,371078504801,223,rotation-trial,-4960,-768,-6176,-171.892,-2123.6,-3852.56
191003130656100,371079505176,224,rotation-trial,-4960,-512,-5728,-171.892,-1867.6,-3404.56
191003131640600,371080504510,225,rotation-trial,-5440,-192,-5728,-651.892,-1547.6,-3404.56
191003132659100,371081504593,226,rotation-trial,-5504,-160,-6272,-715.892,-1515.6,-3948.56
191003133649300,371082504343,227,rotation-trial,-5184,-64,-7104,-395.892,-1419.6,-4780.56
191003134720300,371083504551,228,rotation-trial,-4960,-256,-6560,-171.892,-1611.6,-4236.56
191003135660100,371084504593,229,rotation-trial,-4416,-576,-5888,372.108,-1931.6,-3564.56
191003136647100,371085506385,230,rotation-trial,-5536,64,-6432,-747.892,-1291.6,-4108.56
191003137644800,371086504551,231,rotation-trial,-4576,96,-5888,212.108,-1259.6,-3564.56
191003138642700,371087504385,232,rotation-trial,-4256,320,-5952,532.108,-1035.6,-3628.56
191003139644700,371088504593,233,rotation-trial,-4640,224,-6336,148.108,-1131.6,-4012.56
191003140644500,371089504468,234,rotation-trial,-4384,320,-6304,404.108,-1035.6,-3980.56
191003141642800,371090505801,235,rotation-trial,-3872,640,-5920,916.108,-715.604,-3596.56
191003142719100,371091505801,236,rotation-trial,-4064,544,-6528,724.108,-811.604,-4204.56
191003143766500,371092504343,237,rotation-trial,-3392,640,-6432,1396.11,-715.604,-4108.56
191003144731400,371093504635,238,rotation-trial,-3520,832,-6080,1268.11,-523.604,-3756.56
191003145731200,371094504510,239,rotation-trial,-3072,320,-6080,1716.11,-1035.6,-3756.56
191003146766600,371095504551,240,rotation-trial,-3328,736,-6752,1460.11,-619.604,-4428.56
191003147727400,371096504343,241,rotation-trial,-2464,256,-5664,2324.11,-1099.6,-3340.56
191003148753300,371097504385,242,rotation-trial,-2624,320,-6624,2164.11,-1035.6,-4300.56
191003149730500,371098504551,243,rotation-trial,-3008,320,-7008,1780.11,-1035.6,-4684.56
191003150744000,371099504385,244,rotation-trial,-2848,640,-6656,1940.11,-715.604,-4332.56
191003151720200,371100504510,245,rotation-trial,-1952,224,-5728,2836.11,-1131.6,-3404.56
191003152741100,371101504593,246,rotation-trial,-2912,672,-6400,1876.11,-683.604,-4076.56
191003153718900,371102505676,247,rotation-trial,-2240,128,-6368,2548.11,-1227.6,-4044.56
191003154724200,371103504718,248,rotation-trial,-2432,352,-6368,2356.11,-1003.6,-4044.56
191003155738800,371104504510,249,rotation-trial,-2784,64,-6816,2004.11,-1291.6,-4492.56
191003156716200,371105504551,250,rotation-trial,-2496,-160,-6304,2292.11,-1515.6,-3980.56
191003157715700,371106504385,251,rotation-trial,-3168,416,-6240,1620.11,-939.604,-3916.56
191003158668000,371107504426,252,rotation-trial,-2912,-256,-6816,1876.11,-1611.6,-4492.56
191003159672200,371108504676,253,rotation-trial,-2592,-32,-7200,2196.11,-1387.6,-4876.56
191003160654500,371109504385,254,rotation-trial,-3136,-544,-7136,1652.11,-1899.6,-4812.56
191003161648500,371110504551,255,rotation-trial,-3200,-192,-7232,1588.11,-1547.6,-4908.56
191003162649300,371111504426,0,rotation-trial,-3200,-480,-7616,1588.11,-1835.6,-5292.56
191003163647800,371112506051,1,rotation-trial,-3520,-448,-6784,1268.11,-1803.6,-4460.56
191003164648800,371113504718,2,rotation-trial,-4256,-480,-7296,532.108,-1835.6,-4972.56
191003165647900,371114507301,3,rotation-trial,-4224,-640,-7680,564.108,-1995.6,-5356.56
191003166647600,371115518635,4,rotation-trial,-3520,-1088,-7552,1268.11,-2443.6,-5228.56
191003167647400,371116504426,5,rotation-trial,-4736,-1184,-8160,52.1079,-2539.6,-5836.56
191003168647300,371117504301,6,rotation-trial,-4992,-1088,-7360,-203.892,-2443.6,-5036.56
191003169647400,371118504510,7,rotation-trial,-4416,-928,-7904,372.108,-2283.6,-5580.56
191003170645400,371119505135,8,rotation-trial,-4832,-608,-8096,-43.8921,-1963.6,-5772.56
191003171646900,371120507301,9,rotation-trial,-4608,-800,-8352,180.108,-2155.6,-6028.56
191003172650300,371121504885,10,rotation-trial,-4896,-1568,-8448,-107.892,-2923.6,-6124.56
191003173647800,371122504218,11,rotation-trial,-5056,-704,-8480,-267.892,-2059.6,-6156.56
191003174723800,371123504676,12,rotation-trial,-5376,-1312,-8704,-587.892,-2667.6,-6380.56
191003175740100,371124504468,13,rotation-trial,-4384,-928,-8320,404.108,-2283.6,-5996.56
191003176760400,371125505301,14,rotation-trial,-4448,-1856,-8224,340.108,-3211.6,-5900.56
191003177747200,371126504343,15,rotation-trial,-5568,-1120,-8864,-779.892,-2475.6,-6540.56
191003178717600,371127504343,16,rotation-trial,-4672,-1024,-8672,116.108,-2379.6,-6348.56
191003179733400,371128504551,17,rotation-trial,-5152,-1024,-9376,-363.892,-2379.6,-7052.56
191003180720400,371129504510,18,rotation-trial,-5056,-1152,-8512,-267.892,-2507.6,-6188.56
191003181729300,371130504593,19,rotation-trial,-5024,-960,-9952,-235.892,-2315.6,-7628.56
191003182727600,371131504426,20,rotation-trial,-4768,-160,-9120,20.1079,-1515.6,-6796.56
191003183738200,371132504426,21,rotation-trial,-5024,-480,-9376,-235.892,-1835.6,-7052.56
191003184739700,371133504593,22,rotation-trial,-4992,-384,-9568,-203.892,-1739.6,-7244.56
191003185719200,371134504426,23,rotation-trial,-4064,-480,-9312,724.108,-1835.6,-6988.56
191003186862400,371135504593,24,rotation-trial,-3776,-928,-9152,1012.11,-2283.6,-6828.56
191003187755500,371136504343,25,rotation-trial,-3680,-832,-9824,1108.11,-2187.6,-7500.56
191003188679500,371137504510,26,rotation-trial,-3904,-224,-9504,884.108,-1579.6,-7180.56
191003189677800,371138504343,27,rotation-trial,-2816,-416,-9440,1972.11,-1771.6,-7116.56
191003190818900,371139504468,28,rotation-trial,-2912,-448,-9664,1876.11,-1803.6,-7340.56
191003191649800,371140504510,29,rotation-trial,-2976,-608,-10208,1812.11,-1963.6,-7884.56
191003192648800,371141504301,30,rotation-trial,-3264,-384,-10592,1524.11,-1739.6,-8268.56
191003193647000,371142506010,31,rotation-trial,-2528,-896,-9856,2260.11,-2251.6,-7532.56
191003194648800,371143504551,32,rotation-trial,-1920,-800,-9728,2868.11,-2155.6,-7404.56
191003195648100,371144504510,33,rotation-trial,-2176,-576,-10144,2612.11,-1931.6,-7820.56
191003196647900,371145504510,34,rotation-trial,-1824,-768,-9920,2964.11,-2123.6,-7596.56
191003197645700,371146504301,35,rotation-trial,-1888,-992,-10528,2900.11,-2347.6,-8204.56
191003198645700,371147504468,36,rotation-trial,-2432,-1088,-9440,2356.11,-2443.6,-7116.56
191003199647000,371148505635,37,rotation-trial,-2144,-992,-10464,2644.11,-2347.6,-8140.56
191003200648000,371149506301,38,rotation-trial,-1536,-896,-10176,3252.11,-2251.6,-7852.56
191003201645400,371150504593,39,rotation-trial,-1056,-1536,-10208,3732.11,-2891.6,-7884.56
191003202647100,371151504385,40,rotation-trial,-2016,-1536,-9920,2772.11,-2891.6,-7596.56
191003203649200,371152504343,41,rotation-trial,-2368,-1856,-10752,2420.11,-3211.6,-8428.56
191003204649500,371153504468,42,rotation-trial,-2048,-1696,-10336,2740.11,-3051.6,-8012.56
191003205649600,371154504468,43,rotation-trial,-2432,-1440,-10240,2356.11,-2795.6,-7916.56
191003206731700,371155504426,44,rotation-trial,-2688,-2368,-11360,2100.11,-3723.6,-9036.56
191003207744000,371156504385,45,rotation-trial,-3008,-2048,-11264,1780.11,-3403.6,-8940.56
191003208666100,371157504343,46,rotation-trial,-3040,-2048,-10656,1748.11,-3403.6,-8332.56
191003209654000,371158504551,47,rotation-trial,-3968,-2048,-11392,820.108,-3403.6,-9068.56
191003210649500,371159504510,48,rotation-trial,-4000,-2464,-10976,788.108,-3819.6,-8652.56
191003211651700,371160504676,49,rotation-trial,-3904,-2144,-11520,884.108,-3499.6,-9196.56
191003212649100,371161504301,50,rotation-trial,-3936,-2304,-11808,852.108,-3659.6,-9484.56
191003213650800,371162504676,51,rotation-trial,-4224,-2368,-10880,564.108,-3723.6,-8556.56
191003214650900,371163504551,52,rotation-trial,-4320,-2016,-11488,468.108,-3371.6,-9164.56
191003215648900,371164504468,53,rotation-trial,-4512,-1696,-12544,276.108,-3051.6,-10220.6
191003216650500,371165519760,54,rotation-trial,-4320,-2432,-11936,468.108,-3787.6,-9612.56
191003217649900,371166504426,55,rotation-trial,-4896,-2272,-12704,-107.892,-3627.6,-10380.6
191003218653500,371167504510,56,rotation-trial,-5536,-1696,-12544,-747.892,-3051.6,-10220.6
191003219735900,371168504426,57,rotation-trial,-5280,-1792,-12416,-491.892,-3147.6,-10092.6
191003220656000,371169504593,58,rotation-trial,-4928,-2144,-13152,-139.892,-3499.6,-10828.6
191003221650500,371170504510,59,rotation-trial,-4512,-2112,-12928,276.108,-3467.6,-10604.6
191003222655200,371171504260,60,rotation-trial,-5056,-1792,-13088,-267.892,-3147.6,-10764.6
191003223659900,371172504593,61,rotation-trial,-5504,-1568,-12992,-715.892,-2923.6,-10668.6
191003224651600,371173504593,62,rotation-trial,-4960,-1728,-13536,-171.892,-3083.6,-11212.6
191003225756400,371174506926,63,rotation-trial,-4928,-1344,-13728,-139.892,-2699.6,-11404.6
191003226688500,371175504385,64,rotation-trial,-4608,-1312,-14144,180.108,-2667.6,-11820.6
191003227752000,371176504260,65,rotation-trial,-4416,-1120,-14048,372.108,-2475.6,-11724.6
191003228786400,371177504593,66,rotation-trial,-4544,-864,-13952,244.108,-2219.6,-11628.6
191003229744800,371178504510,67,rotation-trial,-4352,-1056,-14304,436.108,-2411.6,-11980.6
191003230726100,371179506135,68,rotation-trial,-3328,-1024,-14080,1460.11,-2379.6,-11756.6
191003231740000,371180504301,69,rotation-trial,-3488,-768,-14304,1300.11,-2123.6,-11980.6
191003232740300,371181504218,70,rotation-trial,-3552,-960,-14912,1236.11,-2315.6,-12588.6
191003233738900,371182505385,71,rotation-trial,-2560,-512,-14368,2228.11,-1867.6,-12044.6
191003234738600,371183504676,72,rotation-trial,-2144,-1088,-13728,2644.11,-2443.6,-11404.6
191003235740600,371184504593,73,rotation-trial,-1920,-1440,-14464,2868.11,-2795.6,-12140.6
191003236724800,371185504426,74,rotation-trial,-2208,-1344,-14848,2580.11,-2699.6,-12524.6
191003237733300,371186504301,75,rotation-trial,-1440,-2112,-13696,3348.11,-3467.6,-11372.6
191003238661300,371187504676,76,rotation-trial,-800,-2016,-13344,3988.11,-3371.6,-11020.6
191003239768100,371188504551,77,rotation-trial,-800,-2656,-13888,3988.11,-4011.6,-11564.6
191003240743400,371189504468,78,rotation-trial,-448,-2784,-13696,4340.11,-4139.6,-11372.6
191003241726000,371190504385,79,rotation-trial,-640,-3072,-13728,4148.11,-4427.6,-11404.6
191003242723200,371191504635,80,rotation-trial,-448,-3360,-13536,4340.11,-4715.6,-11212.6
191003243720300,371192504551,81,rotation-trial,-288,-3552,-13920,4500.11,-4907.6,-11596.6
191003244725200,371193504426,82,rotation-trial,-480,-3520,-13760,4308.11,-4875.6,-11436.6
191003245720000,371194504385,83,rotation-trial,-352,-3680,-14240,4436.11,-5035.6,-11916.6
191003246719100,371195505760,84,rotation-trial,576,-3648,-13856,5364.11,-5003.6,-11532.6
191003247722100,371196505135,85,rotation-trial,-96,-4384,-13984,4692.11,-5739.6,-11660.6
191003248720200,371197505968,86,rotation-trial,-1088,-4096,-14208,3700.11,-5451.6,-11884.6
191003249771000,371198504426,87,rotation-trial,-736,-3776,-14560,4052.11,-5131.6,-12236.6
191003250729200,371199504593,88,rotation-trial,-1088,-3712,-14496,3700.11,-5067.6,-12172.6
191003251642800,371200504468,89,rotation-trial,-1856,-3968,-14624,2932.11,-5323.6,-12300.6
191003252868100,371201504176,90,rotation-trial,-1632,-3456,-15008,3156.11,-4811.6,-12684.6
191003253646000,371202504510,91,rotation-trial,-2112,-3424,-15104,2676.11,-4779.6,-12780.6
191003254657300,371203504468,92,rotation-trial,-2208,-3072,-15424,2580.11,-4427.6,-13100.6
191003255645200,371204504426,93,rotation-trial,-2560,-3136,-15488,2228.11,-4491.6,-13164.6
191003256641400,371205504468,94,rotation-trial,-3264,-3008,-16224,1524.11,-4363.6,-13900.6
191003257648900,371206504260,95,rotation-trial,-2944,-2784,-16448,1844.11,-4139.6,-14124.6
191003258644400,371207504676,96,rotation-trial,-3904,-2560,-17472,884.108,-3915.6,-15148.6
191003259641600,371208504385,97,rotation-trial,-3776,-2272,-16832,1012.11,-3627.6,-14508.6
191003260641300,371209504385,98,rotation-trial,-3904,-2432,-17280,884.108,-3787.6,-14956.6
191003261640900,371210504426,99,rotation-trial,-4000,-2272,-17312,788.108,-3627.6,-14988.6
191003262639200,371211504343,100,rotation-trial,-4352,-2688,-17920,436.108,-4043.6,-15596.6
191003263640400,371212504593,101,rotation-trial,-4352,-1760,-18336,436.108,-3115.6,-16012.6
191003264640900,371213504426,102,rotation-trial,-4448,-2016,-18496,340.108,-3371.6,-16172.6
191003265639100,371214505468,103,rotation-trial,-4768,-1952,-18688,20.1079,-3307.6,-16364.6
191003266640300,371215519510,104,rotation-trial,-4096,-1824,-18656,692.108,-3179.6,-16332.6
191003267640700,371216504385,105,rotation-trial,-4736,-1728,-18432,52.1079,-3083.6,-16108.6
191003268641100,371217504593,106,rotation-trial,-3520,-2592,-18592,1268.11,-3947.6,-16268.6
191003269651700,371218504093,107,rotation-trial,-3296,-2784,-19104,1492.11,-4139.6,-16780.6
191003270660500,371219504551,108,rotation-trial,-3104,-2400,-18432,1684.11,-3755.6,-16108.6
191003271664200,371220505301,109,rotation-trial,-2880,-2592,-18240,1908.11,-3947.6,-15916.6
191003272650500,371221504301,110,rotation-trial,-2912,-2880,-18752,1876.11,-4235.6,-16428.6
191003273645700,371222506051,111,rotation-trial,-2176,-3328,-19008,2612.11,-4683.6,-16684.6
191003274645100,371223504135,112,rotation-trial,-2016,-2944,-18080,2772.11,-4299.6,-15756.6
191003275723100,371224504551,113,rotation-trial,-2112,-2816,-18688,2676.11,-4171.6,-16364.6
191003276661900,371225504468,114,rotation-trial,-1536,-3456,-18080,3252.11,-4811.6,-15756.6
191003277659500,371226504343,115,rotation-trial,-1696,-3776,-18880,3092.11,-5131.6,-16556.6
191003278650700,371227504635,116,rotation-trial,-1056,-3232,-17792,3732.11,-4587.6,-15468.6
191003279644700,371228504510,117,rotation-trial,-1280,-3808,-17632,3508.11,-5163.6,-15308.6
191003280646700,371229504426,118,rotation-trial,-768,-3808,-18048,4020.11,-5163.6,-15724.6
191003281647800,371230504426,119,rotation-trial,160,-4128,-18176,4948.11,-5483.6,-15852.6
191003282649900,371231504760,120,rotation-trial,-128,-4000,-18272,4660.11,-5355.6,-15948.6
191003283650600,371232504426,121,rotation-trial,256,-3872,-18080,5044.11,-5227.6,-15756.6
191003284651700,371233504426,122,rotation-trial,416,-4480,-18048,5204.11,-5835.6,-15724.6
191003285653300,371234504343,123,rotation-trial,992,-3712,-18944,5780.11,-5067.6,-16620.6
191003286668100,371235504301,124,rotation-trial,160,-3840,-18720,4948.11,-5195.6,-16396.6
191003287678000,371236504343,125,rotation-trial,800,-4096,-18368,5588.11,-5451.6,-16044.6
191003288701100,371237505885,126,rotation-trial,576,-3392,-19232,5364.11,-4747.6,-16908.6
191003289672200,371238504510,127,rotation-trial,608,-3744,-19296,5396.11,-5099.6,-16972.6
191003290657800,371239504426,128,rotation-trial,256,-3680,-19200,5044.11,-5035.6,-16876.6
191003291650500,371240504343,129,rotation-trial,160,-3424,-19552,4948.11,-4779.6,-17228.6
191003292648100,371241504551,130,rotation-trial,-800,-3104,-20416,3988.11,-4459.6,-18092.6
191003293647600,371242505343,131,rotation-trial,320,-3296,-20288,5108.11,-4651.6,-17964.6
191003294646300,371243504301,132,rotation-trial,-576,-3232,-20544,4212.11,-4587.6,-18220.6
191003295643600,371244505343,133,rotation-trial,-640,-3008,-20320,4148.11,-4363.6,-17996.6
191003296643900,371245504343,134,rotation-trial,-896,-2976,-20896,3892.11,-4331.6,-18572.6
191003297643500,371246504551,135,rotation-trial,-1120,-3136,-21376,3668.11,-4491.6,-19052.6
191003298642000,371247504468,136,rotation-trial,-736,-2784,-21440,4052.11,-4139.6,-19116.6
191003299640600,371248504301,137,rotation-trial,-1440,-2880,-21824,3348.11,-4235.6,-19500.6
191003300645400,371249505885,138,rotation-trial,-2272,-2848,-22112,2516.11,-4203.6,-19788.6
191003301654400,371250506301,139,rotation-trial,-1792,-3040,-21824,2996.11,-4395.6,-19500.6
191003302669800,371251504760,140,rotation-trial,-1664,-3040,-21728,3124.11,-4395.6,-19404.6
191003303650600,371252504468,141,rotation-trial,-2656,-2752,-22752,2132.11,-4107.6,-20428.6
191003304644400,371253504468,142,rotation-trial,-3072,-3072,-22656,1716.11,-4427.6,-20332.6
191003305647400,371254504343,143,rotation-trial,-3008,-3136,-22944,1780.11,-4491.6,-20620.6
191003306649600,371255504135,144,rotation-trial,-2432,-3296,-22464,2356.11,-4651.6,-20140.6
191003307648800,371256504551,145,rotation-trial,-3360,-3488,-22528,1428.11,-4843.6,-20204.6
191003308651200,371257504510,146,rotation-trial,-3136,-3456,-23040,1652.11,-4811.6,-20716.6
191003309649700,371258504385,147,rotation-trial,-3360,-3296,-22720,1428.11,-4651.6,-20396.6
191003310651300,371259504343,148,rotation-trial,-3392,-3904,-22464,1396.11,-5259.6,-20140.6
191003311651200,371260504843,149,rotation-trial,-3296,-4416,-22560,1492.11,-5771.6,-20236.6
191003312651000,371261506010,150,rotation-trial,-2752,-4000,-23104,2036.11,-5355.6,-20780.6
191003313650700,371262504510,151,rotation-trial,-2496,-4096,-22848,2292.11,-5451.6,-20524.6
191003314649900,371263504551,152,rotation-trial,-2560,-4640,-22784,2228.11,-5995.6,-20460.6
191003315650800,371264504385,153,rotation-trial,-1984,-4352,-23360,2804.11,-5707.6,-21036.6
191003316650900,371265520885,154,rotation-trial,-1376,-4736,-22720,3412.11,-6091.6,-20396.6
191003318280700,371266504718,155,rotation-trial,-1344,-4736,-22496,3444.11,-6091.6,-20172.6
191003318665900,371267505843,156,rotation-trial,-1344,-4640,-23072,3444.11,-5995.6,-20748.6
191003319742400,371268504426,157,rotation-trial,-1280,-4192,-23744,3508.11,-5547.6,-21420.6
191003320760200,371269504343,158,rotation-trial,-672,-4448,-22944,4116.11,-5803.6,-20620.6
191003321657200,371270504426,159,rotation-trial,-160,-4096,-23232,4628.11,-5451.6,-20908.6
191003322650600,371271504551,160,rotation-trial,352,-4448,-23616,5140.11,-5803.6,-21292.6
191003323646600,371272504426,161,rotation-trial,224,-4352,-23296,5012.11,-5707.6,-20972.6
191003324646900,371273505885,162,rotation-trial,896,-4544,-23488,5684.11,-5899.6,-21164.6
191003325647400,371274504301,163,rotation-trial,832,-4064,-23488,5620.11,-5419.6,-21164.6
191003326653900,371275504343,164,rotation-trial,1120,-4224,-23904,5908.11,-5579.6,-21580.6
191003327648500,371276504801,165,rotation-trial,1952,-3808,-23392,6740.11,-5163.6,-21068.6
191003328647200,371277504468,166,rotation-trial,2080,-4032,-23648,6868.11,-5387.6,-21324.6
191003329647100,371278504510,167,rotation-trial,1760,-3680,-23712,6548.11,-5035.6,-21388.6
191003330646500,371279504343,168,rotation-trial,2208,-3744,-23808,6996.11,-5099.6,-21484.6
191003331646800,371280504343,169,rotation-trial,2240,-3584,-23584,7028.11,-4939.6,-21260.6
191003332647000,371281504468,170,rotation-trial,1568,-3424,-24320,6356.11,-4779.6,-21996.6
191003333661000,371282504426,171,rotation-trial,1696,-3456,-24288,6484.11,-4811.6,-21964.6
191003334668500,371283504593,172,rotation-trial,1888,-3456,-24448,6676.11,-4811.6,-22124.6
191003335653900,371284504843,173,rotation-trial,1440,-3776,-24384,6228.11,-5131.6,-22060.6
191003336657100,371285504635,174,rotation-trial,1664,-4000,-24128,6452.11,-5355.6,-21804.6
191003337652700,371286504510,175,rotation-trial,1216,-3648,-25568,6004.11,-5003.6,-23244.6
191003338652300,371287504343,176,rotation-trial,320,-3904,-25376,5108.11,-5259.6,-23052.6
191003339649700,371288504468,177,rotation-trial,1344,-3968,-25216,6132.11,-5323.6,-22892.6
191003340652100,371289504301,178,rotation-trial,544,-4416,-25472,5332.11,-5771.6,-23148.6
191003341651900,371290504843,179,rotation-trial,192,-4192,-25920,4980.11,-5547.6,-23596.6
191003342652100,371291504510,180,rotation-trial,800,-4320,-25408,5588.11,-5675.6,-23084.6
191003343652600,371292504343,181,rotation-trial,-64,-4864,-26368,4724.11,-6219.6,-24044.6
191003344652700,371293504426,182,rotation-trial,-832,-4864,-26016,3956.11,-6219.6,-23692.6
191003345651500,371294504301,183,rotation-trial,-1184,-4608,-26944,3604.11,-5963.6,-24620.6
191003346649800,371295505635,184,rotation-trial,-1280,-4736,-26496,3508.11,-6091.6,-24172.6
191003347651100,371296506135,185,rotation-trial,-1152,-4832,-26752,3636.11,-6187.6,-24428.6
191003348650300,371297505301,186,rotation-trial,-1216,-5344,-26528,3572.11,-6699.6,-24204.6
191003349761400,371298504551,187,rotation-trial,-2528,-5056,-27264,2260.11,-6411.6,-24940.6
191003350656500,371299504343,188,rotation-trial,-1920,-5184,-26560,2868.11,-6539.6,-24236.6
191003351649400,371300504385,189,rotation-trial,-2240,-5312,-27392,2548.11,-6667.6,-25068.6
191003352961300,371301504510,190,rotation-trial,-2400,-5408,-27296,2388.11,-6763.6,-24972.6
191003353651900,371302505801,191,rotation-trial,-2464,-4896,-27840,2324.11,-6251.6,-25516.6
191003354647200,371303504426,192,rotation-trial,-2112,-5056,-27808,2676.11,-6411.6,-25484.6
191003355645600,371304504301,193,rotation-trial,-1760,-5600,-27776,3028.11,-6955.6,-25452.6
191003356647000,371305504260,194,rotation-trial,-1888,-5184,-27712,2900.11,-6539.6,-25388.6
191003357646000,371306504593,195,rotation-trial,-2176,-4672,-28256,2612.11,-6027.6,-25932.6
191003358646400,371307506301,196,rotation-trial,-1152,-5312,-27616,3636.11,-6667.6,-25292.6
191003359646500,371308504426,197,rotation-trial,-1088,-4800,-28128,3700.11,-6155.6,-25804.6
191003360646900,371309504343,198,rotation-trial,-1600,-4736,-28448,3188.11,-6091.6,-26124.6
191003361644900,371310504301,199,rotation-trial,-800,-4992,-28064,3988.11,-6347.6,-25740.6
191003362647400,371311505301,200,rotation-trial,-416,-5408,-27616,4372.11,-6763.6,-25292.6
191003363646400,371312504385,201,rotation-trial,-608,-5088,-29312,4180.11,-6443.6,-26988.6
191003364646900,371313504510,202,rotation-trial,-192,-4832,-28320,4596.11,-6187.6,-25996.6
191003365662100,371314504343,203,rotation-trial,96,-5024,-28736,4884.11,-6379.6,-26412.6
191003366672100,371315519718,204,rotation-trial,-32,-4800,-28864,4756.11,-6155.6,-26540.6
191003367660100,371316504343,205,rotation-trial,768,-4864,-28480,5556.11,-6219.6,-26156.6
191003368757600,371317504426,206,rotation-trial,1056,-4704,-28512,5844.11,-6059.6,-26188.6
191003369663200,371318504343,207,rotation-trial,864,-4192,-28544,5652.11,-5547.6,-26220.6
191003370671000,371319504968,208,rotation-trial,1664,-4800,-28608,6452.11,-6155.6,-26284.6
191003371663500,371320507260,209,rotation-trial,1792,-4960,-28512,6580.11,-6315.6,-26188.6
191003372726700,371321504426,210,rotation-trial,2400,-4672,-28512,7188.11,-6027.6,-26188.6
191003373665100,371322506510,211,rotation-trial,1184,-4736,-29184,5972.11,-6091.6,-26860.6
191003374653200,371323504385,212,rotation-trial,2048,-4800,-29216,6836.11,-6155.6,-26892.6
191003375652100,371324503968,213,rotation-trial,2176,-4736,-29440,6964.11,-6091.6,-27116.6
191003376650900,371325504385,214,rotation-trial,2720,-5024,-28544,7508.11,-6379.6,-26220.6
191003377650400,371326504385,215,rotation-trial,1440,-5216,-29472,6228.11,-6571.6,-27148.6
191003378648400,371327504551,216,rotation-trial,1824,-5344,-29536,6612.11,-6699.6,-27212.6
191003379648300,371328504301,217,rotation-trial,1984,-4960,-29664,6772.11,-6315.6,-27340.6
191003380651900,371329506593,218,rotation-trial,1856,-5824,-29024,6644.11,-7179.6,-26700.6
191003381743900,371330504385,219,rotation-trial,1184,-4896,-29056,5972.11,-6251.6,-26732.6
191003382656300,371331504426,220,rotation-trial,1056,-5024,-29984,5844.11,-6379.6,-27660.6
191003383651500,371332504301,221,rotation-trial,1376,-5536,-29792,6164.11,-6891.6,-27468.6
191003384651600,371333504468,222,rotation-trial,1600,-5408,-30304,6388.11,-6763.6,-27980.6
191003385650500,371334506468,223,rotation-trial,1088,-5728,-29824,5876.11,-7083.6,-27500.6
191003386651200,371335504301,224,rotation-trial,736,-5728,-31008,5524.11,-7083.6,-28684.6
191003387650200,371336504426,225,rotation-trial,480,-5888,-30240,5268.11,-7243.6,-27916.6
191003388650800,371337504468,226,rotation-trial,-384,-5984,-30528,4404.11,-7339.6,-28204.6
191003389651000,371338504343,227,rotation-trial,0,-5696,-30880,4788.11,-7051.6,-28556.6
191003390650700,371339504468,228,rotation-trial,-768,-5600,-31840,4020.11,-6955.6,-29516.6
191003391645000,371340504343,229,rotation-trial,-384,-6208,-31264,4404.11,-7563.6,-28940.6
191003392651000,371341504385,230,rotation-trial,-480,-5856,-30784,4308.11,-7211.6,-28460.6
191003393650900,371342505135,231,rotation-trial,-1472,-6144,-31360,3316.11,-7499.6,-29036.6
191003394650500,371343504385,232,rotation-trial,-1024,-6080,-31424,3764.11,-7435.6,-29100.6
191003395650800,371344503843,233,rotation-trial,-1440,-5728,-31840,3348.11,-7083.6,-29516.6
191003396647900,371345504176,234,rotation-trial,-1024,-6016,-31424,3764.11,-7371.6,-29100.6
191003397674600,371346504343,235,rotation-trial,-1280,-6144,-32128,3508.11,-7499.6,-29804.6
191003398655500,371347504301,236,rotation-trial,-704,-5824,-31872,4084.11,-7179.6,-29548.6
191003399649400,371348504260,237,rotation-trial,-1408,-6464,-32736,3380.11,-7819.6,-30412.6
191003400650100,371349504301,238,rotation-trial,-832,-5856,-32608,3956.11,-7211.6,-30284.6
191003401652500,371350505301,239,rotation-trial,-1632,-5856,-33120,3156.11,-7211.6,-30796.6
191003402652000,371351504343,240,rotation-trial,-1216,-6144,-32768,3572.11,-7499.6,-30444.6
191003403756000,371352504385,241,rotation-trial,-384,-5952,-32896,4404.11,-7307.6,-30572.6
191003404650400,371353504301,242,rotation-trial,-640,-6176,-32672,4148.11,-7531.6,-30348.6
191003405647600,371354504260,243,rotation-trial,-576,-6080,-32768,4212.11,-7435.6,-30444.6
191003406648100,371355505676,244,rotation-trial,-1280,-5504,-33312,3508.11,-6859.6,-30988.6
191003407647800,371356504843,245,rotation-trial,96,-6464,-32704,4884.11,-7819.6,-30380.6
191003408648000,371357504510,246,rotation-trial,-288,-5792,-33120,4500.11,-7147.6,-30796.6
191003409645900,371358504426,247,rotation-trial,608,-5888,-32480,5396.11,-7243.6,-30156.6
191003410648300,371359504385,248,rotation-trial,928,-6048,-32864,5716.11,-7403.6,-30540.6
191003411649200,371360504635,249,rotation-trial,640,-6048,-33056,5428.11,-7403.6,-30732.6
191003412649100,371361504968,250,rotation-trial,1568,-5696,-33152,6356.11,-7051.6,-30828.6
191003413886700,371362504426,251,rotation-trial,1792,-6016,-32384,6580.11,-7371.6,-30060.6
191003414751400,371363504343,252,rotation-trial,1664,-5984,-32768,6452.11,-7339.6,-30444.6
191003416214500,371364504343,253,rotation-trial,2080,-6176,-33408,6868.11,-7531.6,-31084.6
191003416756600,371365504468,254,rotation-trial,2528,-5952,-32928,7316.11,-7307.6,-30604.6
191003417753800,371366505510,255,rotation-trial,2624,-6048,-33440,7412.11,-7403.6,-31116.6
191003418749500,371367506926,0,rotation-trial,2368,-6144,-33056,7156.11,-7499.6,-30732.6
191003420266200,371368504343,1,rotation-trial,3200,-6016,-33152,7988.11,-7371.6,-30828.6
191003420662400,371369504343,2,rotation-trial,2688,-5824,-33472,7476.11,-7179.6,-31148.6
191003421743100,371370504510,3,rotation-trial,3072,-6720,-32640,7860.11,-8075.6,-30316.6
191003423185000,371371505426,4,rotation-trial,3008,-6656,-32960,7796.11,-8011.6,-30636.6
191003423743300,371372504551,5,rotation-trial,2240,-6304,-33568,7028.11,-7659.6,-31244.6
191003424778100,371373505843,6,rotation-trial,3488,-6464,-34240,8276.11,-7819.6,-31916.6
191003425744200,371374505093,7,rotation-trial,3104,-6720,-33824,7892.11,-8075.6,-31500.6
191003426768100,371375504426,8,rotation-trial,2432,-7040,-33824,7220.11,-8395.6,-31500.6
191003427737100,371376504801,9,rotation-trial,2400,-7264,-34304,7188.11,-8619.6,-31980.6
191003428766400,371377504510,10,rotation-trial,2688,-7200,-34304,7476.11,-8555.6,-31980.6
191003429642900,371378504301,11,rotation-trial,2336,-7488,-34016,7124.11,-8843.6,-31692.6
191003430642000,371379506801,12,rotation-trial,2016,-7136,-34880,6804.11,-8491.6,-32556.6
191003431642600,371380504593,13,rotation-trial,2080,-7232,-34976,6868.11,-8587.6,-32652.6
191003432640500,371381504510,14,rotation-trial,1664,-7136,-35520,6452.11,-8491.6,-33196.6
191003433672200,371382505510,15,rotation-trial,1408,-7392,-35488,6196.11,-8747.6,-33164.6
191003434726100,371383504385,16,rotation-trial,1120,-7264,-35104,5908.11,-8619.6,-32780.6
191003435724900,371384504343,17,rotation-trial,448,-7680,-35680,5236.11,-9035.6,-33356.6
191003436720100,371385504468,18,rotation-trial,384,-7872,-35840,5172.11,-9227.6,-33516.6
191003437733200,371386504385,19,rotation-trial,32,-7872,-35712,4820.11,-9227.6,-33388.6
191003438664700,371387504426,20,rotation-trial,-128,-7744,-36288,4660.11,-9099.6,-33964.6
191003439662600,371388504301,21,rotation-trial,576,-8096,-36288,5364.11,-9451.6,-33964.6
191003440667600,371389504343,22,rotation-trial,-384,-8320,-36544,4404.11,-9675.6,-34220.6
191003441656100,371390504635,23,rotation-trial,-544,-8192,-36448,4244.11,-9547.6,-34124.6
191003442650800,371391504343,24,rotation-trial,64,-8768,-36512,4852.11,-10123.6,-34188.6
191003443650400,371392504385,25,rotation-trial,-704,-8064,-37344,4084.11,-9419.6,-35020.6
191003444651000,371393504301,26,rotation-trial,-1088,-8288,-36320,3700.11,-9643.6,-33996.6
191003445702900,371394504426,27,rotation-trial,-512,-8448,-37952,4276.11,-9803.6,-35628.6
191003446662300,371395504551,28,rotation-trial,-704,-8192,-37824,4084.11,-9547.6,-35500.6
191003447667600,371396504468,29,rotation-trial,-544,-8224,-37216,4244.11,-9579.6,-34892.6
191003448661000,371397504301,30,rotation-trial,-512,-8640,-37184,4276.11,-9995.6,-34860.6
191003449655300,371398504718,31,rotation-trial,-256,-8192,-38272,4532.11,-9547.6,-35948.6
191003450653300,371399504301,32,rotation-trial,-608,-7904,-38272,4180.11,-9259.6,-35948.6
191003451677000,371400513551,33,rotation-trial,-352,-8416,-38496,4436.11,-9771.6,-36172.6
191003452679500,371401504551,34,rotation-trial,-32,-7648,-38656,4756.11,-9003.6,-36332.6
191003453659800,371402507301,35,rotation-trial,-192,-8032,-38208,4596.11,-9387.6,-35884.6
191003454663300,371403504468,36,rotation-trial,64,-7776,-38720,4852.11,-9131.6,-36396.6
191003455660200,371404504343,37,rotation-trial,352,-8384,-38560,5140.11,-9739.6,-36236.6
191003456659400,371405504593,38,rotation-trial,128,-7616,-38880,4916.11,-8971.6,-36556.6
191003457655300,371406504426,39,rotation-trial,704,-7904,-39072,5492.11,-9259.6,-36748.6
191003458655300,371407504385,40,rotation-trial,960,-7872,-39552,5748.11,-9227.6,-37228.6
191003459654900,371408504260,41,rotation-trial,1184,-7776,-39392,5972.11,-9131.6,-37068.6
191003460673600,371409504301,42,rotation-trial,1216,-7968,-39232,6004.11,-9323.6,-36908.6
191003461677400,371410504385,43,rotation-trial,1952,-7584,-38976,6740.11,-8939.6,-36652.6
191003462667900,371411504385,44,rotation-trial,1536,-8512,-38976,6324.11,-9867.6,-36652.6
191003463649700,371412504218,45,rotation-trial,1920,-8224,-39424,6708.11,-9579.6,-37100.6
191003464647400,371413504426,46,rotation-trial,1568,-8384,-39520,6356.11,-9739.6,-37196.6
191003465648400,371414504385,47,rotation-trial,2784,-8160,-39232,7572.11,-9515.6,-36908.6
191003466645700,371415504510,48,rotation-trial,1696,-8512,-39616,6484.11,-9867.6,-37292.6
191003467645700,371416504635,49,rotation-trial,2848,-8480,-39424,7636.11,-9835.6,-37100.6
191003468645600,371417504510,50,rotation-trial,2304,-8448,-39776,7092.11,-9803.6,-37452.6
191003469646400,371418504301,51,rotation-trial,2496,-8640,-40192,7284.11,-9995.6,-37868.6
191003470647600,371419504176,52,rotation-trial,2368,-8896,-40128,7156.11,-10251.6,-37804.6
191003471646500,371420504551,53,rotation-trial,2656,-9504,-40192,7444.11,-10859.6,-37868.6
191003472679800,371421504426,54,rotation-trial,2432,-9632,-40704,7220.11,-10987.6,-38380.6
191003473737200,371422504385,55,rotation-trial,2400,-9760,-40032,7188.11,-11115.6,-37708.6
191003474745300,371423505468,56,rotation-trial,2560,-9632,-40192,7348.11,-10987.6,-37868.6
191003475751700,371424504926,57,rotation-trial,2016,-9728,-40576,6804.11,-11083.6,-38252.6
191003476651700,371425504426,58,rotation-trial,2720,-10176,-40992,7508.11,-11531.6,-38668.6
191003477720000,371426504635,59,rotation-trial,1824,-10272,-41248,6612.11,-11627.6,-38924.6
191003478718100,371427505718,60,rotation-trial,1312,-9856,-40576,6100.11,-11211.6,-38252.6
191003479714600,371428504343,61,rotation-trial,1696,-10400,-40896,6484.11,-11755.6,-38572.6
191003480766200,371429504510,62,rotation-trial,1088,-9984,-41376,5876.11,-11339.6,-39052.6
191003481782200,371430504510,63,rotation-trial,544,-10688,-41376,5332.11,-12043.6,-39052.6
191003482662200,371431504760,64,rotation-trial,-64,-9856,-42400,4724.11,-11211.6,-40076.6
191003483740800,371432506385,65,rotation-trial,384,-10048,-41984,5172.11,-11403.6,-39660.6
191003484734000,371433504301,66,rotation-trial,-224,-9856,-42816,4564.11,-11211.6,-40492.6
191003485654400,371434504510,67,rotation-trial,-224,-9600,-42368,4564.11,-10955.6,-40044.6
191003486651000,371435506635,68,rotation-trial,-1120,-9856,-43456,3668.11,-11211.6,-41132.6
191003487652500,371436504468,69,rotation-trial,-896,-9280,-43776,3892.11,-10635.6,-41452.6
191003488654100,371437504218,70,rotation-trial,-1216,-9536,-44224,3572.11,-10891.6,-41900.6
191003489653800,371438504385,71,rotation-trial,-928,-9440,-43680,3860.11,-10795.6,-41356.6
191003490653400,371439504385,72,rotation-trial,-1696,-9088,-44416,3092.11,-10443.6,-42092.6
191003491653300,371440504677,73,rotation-trial,-1024,-9568,-44224,3764.11,-10923.6,-41900.6
191003492666700,371441504510,74,rotation-trial,-1024,-9184,-44320,3764.11,-10539.6,-41996.6
191003493659000,371442504302,75,rotation-trial,-1568,-9152,-44960,3220.11,-10507.6,-42636.6
191003494653900,371443504385,76,rotation-trial,-1184,-9376,-45120,3604.11,-10731.6,-42796.6
191003495655600,371444504510,77,rotation-trial,-928,-9664,-45088,3860.11,-11019.6,-42764.6
191003496654200,371445504343,78,rotation-trial,-832,-9504,-44832,3956.11,-10859.6,-42508.6
191003497657600,371446504427,79,rotation-trial,-672,-9440,-45024,4116.11,-10795.6,-42700.6
191003498654400,371447504385,80,rotation-trial,-64,-9600,-45376,4724.11,-10955.6,-43052.6
191003499656800,371448504343,81,rotation-trial,-416,-9760,-45280,4372.11,-11115.6,-42956.6
191003500656200,371449504677,82,rotation-trial,192,-9696,-45024,4980.11,-11051.6,-42700.6
191003501656300,371450504427,83,rotation-trial,672,-9600,-45344,5460.11,-10955.6,-43020.6
191003502656300,371451504343,84,rotation-trial,928,-10016,-44864,5716.11,-11371.6,-42540.6
191003503654000,371452504302,85,rotation-trial,1248,-10144,-45120,6036.11,-11499.6,-42796.6
191003504655800,371453504343,86,rotation-trial,1920,-10528,-45248,6708.11,-11883.6,-42924.6
191003505657000,371454504427,87,rotation-trial,2304,-10336,-45472,7092.11,-11691.6,-43148.6
191003506656300,371455504593,88,rotation-trial,2464,-10176,-46400,7252.11,-11531.6,-44076.6
191003507654200,371456504385,89,rotation-trial,2688,-10528,-45024,7476.11,-11883.6,-42700.6
191003508674500,371457504260,90,rotation-trial,2560,-10656,-45280,7348.11,-12011.6,-42956.6
191003509669800,371458504427,91,rotation-trial,3616,-10912,-45920,8404.11,-12267.6,-43596.6
191003510666200,371459504552,92,rotation-trial,3968,-11072,-44384,8756.11,-12427.6,-42060.6
191003511674500,371460504552,93,rotation-trial,4032,-10592,-45216,8820.11,-11947.6,-42892.6
191003512672300,371461505177,94,rotation-trial,4480,-10976,-44960,9268.11,-12331.6,-42636.6
191003513660800,371462504302,95,rotation-trial,5248,-10848,-44928,10036.1,-12203.6,-42604.6
191003514679100,371463504385,96,rotation-trial,4544,-11008,-45152,9332.11,-12363.6,-42828.6
191003515665600,371464504468,97,rotation-trial,4896,-11136,-44736,9684.11,-12491.6,-42412.6
191003516656100,371465504968,98,rotation-trial,4992,-10912,-45440,9780.11,-12267.6,-43116.6
191003517653600,371466504552,99,rotation-trial,4992,-10432,-45888,9780.11,-11787.6,-43564.6
191003518656900,371467504968,100,rotation-trial,4960,-10624,-45632,9748.11,-11979.6,-43308.6
191003519747900,371468505968,101,rotation-trial,4896,-10496,-45856,9684.11,-11851.6,-43532.6
191003520652800,371469504468,102,rotation-trial,4800,-10304,-46560,9588.11,-11659.6,-44236.6
191003521652800,371470506010,103,rotation-trial,4736,-10304,-46784,9524.11,-11659.6,-44460.6
191003522655000,371471504427,104,rotation-trial,4256,-10176,-46432,9044.11,-11531.6,-44108.6
191003523656000,371472504218,105,rotation-trial,3776,-10080,-47648,8564.11,-11435.6,-45324.6
191003524663900,371473504343,106,rotation-trial,3776,-10432,-47168,8564.11,-11787.6,-44844.6
191003525660500,371474505843,107,rotation-trial,3136,-10208,-47232,7924.11,-11563.6,-44908.6
191003526657300,371475504468,108,rotation-trial,3264,-10144,-47872,8052.11,-11499.6,-45548.6
191003527654100,371476504343,109,rotation-trial,2816,-9984,-48704,7604.11,-11339.6,-46380.6
191003528649100,371477504302,110,rotation-trial,2656,-9920,-48608,7444.11,-11275.6,-46284.6
191003529698700,371478504343,111,rotation-trial,2752,-10176,-48288,7540.11,-11531.6,-45964.6
191003530672500,371479504427,112,rotation-trial,2304,-10208,-48672,7092.11,-11563.6,-46348.6
191003531653700,371480504593,113,rotation-trial,2144,-10880,-49088,6932.11,-12235.6,-46764.6
191003532651200,371481504385,114,rotation-trial,1984,-10688,-48800,6772.11,-12043.6,-46476.6
191003533652900,371482504302,115,rotation-trial,1440,-10752,-49120,6228.11,-12107.6,-46796.6
191003534652100,371483504302,116,rotation-trial,1088,-10368,-49696,5876.11,-11723.6,-47372.6
191003535650600,371484504510,117,rotation-trial,1824,-10816,-49664,6612.11,-12171.6,-47340.6
191003536654500,371485505010,118,rotation-trial,1088,-10496,-50080,5876.11,-11851.6,-47756.6
191003537657300,371486504343,119,rotation-trial,800,-10496,-49664,5588.11,-11851.6,-47340.6
191003538654600,371487504260,120,rotation-trial,736,-10880,-50208,5524.11,-12235.6,-47884.6
191003539654300,371488504177,121,rotation-trial,672,-11264,-50432,5460.11,-12619.6,-48108.6
191003540672700,371489504385,122,rotation-trial,1344,-10912,-50496,6132.11,-12267.6,-48172.6
191003541659600,371490504552,123,rotation-trial,1568,-10944,-50176,6356.11,-12299.6,-47852.6
191003542655100,371491504343,124,rotation-trial,1632,-10560,-49984,6420.11,-11915.6,-47660.6
191003543657600,371492504302,125,rotation-trial,2240,-11424,-50176,7028.11,-12779.6,-47852.6
191003544657200,371493504218,126,rotation-trial,1664,-11008,-51040,6452.11,-12363.6,-48716.6
191003545657200,371494504427,127,rotation-trial,1824,-11136,-50400,6612.11,-12491.6,-48076.6
191003546657900,371495504427,128,rotation-trial,2880,-11552,-50048,7668.11,-12907.6,-47724.6
191003547658600,371496504343,129,rotation-trial,3200,-11552,-50240,7988.11,-12907.6,-47916.6
191003548662500,371497504427,130,rotation-trial,3680,-11328,-50080,8468.11,-12683.6,-47756.6
191003549658900,371498504260,131,rotation-trial,3392,-11232,-50272,8180.11,-12587.6,-47948.6
191003550658300,371499504385,132,rotation-trial,4160,-11360,-50496,8948.11,-12715.6,-48172.6
191003551658400,371500506385,133,rotation-trial,4768,-11424,-50400,9556.11,-12779.6,-48076.6
191003552656000,371501504343,134,rotation-trial,5440,-10624,-50784,10228.1,-11979.6,-48460.6
191003553657000,371502504343,135,rotation-trial,5696,-10880,-50048,10484.1,-12235.6,-47724.6
191003554657900,371503504177,136,rotation-trial,5792,-11360,-51072,10580.1,-12715.6,-48748.6
191003555657700,371504507552,137,rotation-trial,6080,-11168,-50880,10868.1,-12523.6,-48556.6
191003556680000,371505504468,138,rotation-trial,6240,-10880,-50656,11028.1,-12235.6,-48332.6
191003557659400,371506504385,139,rotation-trial,7072,-11200,-50432,11860.1,-12555.6,-48108.6
191003558658700,371507504302,140,rotation-trial,6624,-10784,-51232,11412.1,-12139.6,-48908.6
191003559655900,371508504343,141,rotation-trial,7040,-10944,-50912,11828.1,-12299.6,-48588.6
191003560655500,371509504302,142,rotation-trial,6976,-10496,-51296,11764.1,-11851.6,-48972.6
191003561657300,371510505343,143,rotation-trial,7872,-10432,-51136,12660.1,-11787.6,-48812.6
191003562657100,371511505635,144,rotation-trial,6784,-10848,-51360,11572.1,-12203.6,-49036.6
191003563656800,371512504385,145,rotation-trial,7360,-10592,-51456,12148.1,-11947.6,-49132.6
191003564655800,371513504218,146,rotation-trial,7264,-10432,-51744,12052.1,-11787.6,-49420.6
191003565656400,371514505260,147,rotation-trial,7744,-10592,-51648,12532.1,-11947.6,-49324.6
191003566654200,371515504427,148,rotation-trial,6912,-10624,-51808,11700.1,-11979.6,-49484.6
191003567656400,371516504385,149,rotation-trial,6880,-10464,-52224,11668.1,-11819.6,-49900.6
191003568656800,371517504343,150,rotation-trial,6688,-11008,-52064,11476.1,-12363.6,-49740.6
191003569657200,371518504385,151,rotation-trial,6752,-10944,-52512,11540.1,-12299.6,-50188.6
191003570656800,371519504302,152,rotation-trial,6240,-10912,-52832,11028.1,-12267.6,-50508.6
191003571656500,371520504385,153,rotation-trial,5440,-11232,-52800,10228.1,-12587.6,-50476.6
191003572648200,371521505802,154,rotation-trial,5728,-10976,-52992,10516.1,-12331.6,-50668.6
191003573659100,371522504343,155,rotation-trial,5472,-11040,-53280,10260.1,-12395.6,-50956.6
191003574656500,371523504343,156,rotation-trial,5280,-11488,-53600,10068.1,-12843.6,-51276.6
191003575655300,371524504510,157,rotation-trial,4704,-11616,-53600,9492.11,-12971.6,-51276.6
191003576668600,371525504427,158,rotation-trial,4416,-11296,-54336,9204.11,-12651.6,-52012.6
191003577656400,371526504343,159,rotation-trial,4768,-11840,-53120,9556.11,-13195.6,-50796.6
191003578656000,371527504260,160,rotation-trial,4224,-11712,-53920,9012.11,-13067.6,-51596.6
191003579656100,371528504468,161,rotation-trial,4256,-11904,-54368,9044.11,-13259.6,-52044.6
191003580655800,371529504468,162,rotation-trial,4096,-11776,-53664,8884.11,-13131.6,-51340.6
191003581653800,371530504385,163,rotation-trial,3936,-12288,-54528,8724.11,-13643.6,-52204.6
191003582655600,371531505260,164,rotation-trial,3840,-11744,-55008,8628.11,-13099.6,-52684.6
191003583655600,371532504427,165,rotation-trial,3392,-12512,-54688,8180.11,-13867.6,-52364.6
191003584655700,371533504427,166,rotation-trial,3488,-12384,-54464,8276.11,-13739.6,-52140.6
191003585656000,371534504552,167,rotation-trial,4160,-12256,-54784,8948.11,-13611.6,-52460.6
191003586654400,371535504427,168,rotation-trial,4224,-12512,-54624,9012.11,-13867.6,-52300.6
191003587655600,371536504218,169,rotation-trial,4480,-12160,-55296,9268.11,-13515.6,-52972.6
191003588656500,371537504343,170,rotation-trial,4640,-12384,-55488,9428.11,-13739.6,-53164.6
191003589664800,371538504510,171,rotation-trial,4576,-12160,-54752,9364.11,-13515.6,-52428.6
191003590659900,371539504468,172,rotation-trial,4736,-11616,-55424,9524.11,-12971.6,-53100.6
191003591738700,371540504260,173,rotation-trial,5376,-12192,-55072,10164.1,-13547.6,-52748.6
191003592654300,371541504135,174,rotation-trial,5280,-12224,-54880,10068.1,-13579.6,-52556.6
191003593654100,371542504260,175,rotation-trial,5664,-12160,-55488,10452.1,-13515.6,-53164.6
191003594654000,371543504468,176,rotation-trial,5632,-11776,-55040,10420.1,-13131.6,-52716.6
191003595655300,371544504385,177,rotation-trial,6240,-11808,-56160,11028.1,-13163.6,-53836.6
191003596655500,371545504468,178,rotation-trial,6592,-11744,-55392,11380.1,-13099.6,-53068.6
191003597654400,371546505260,179,rotation-trial,7040,-11776,-55232,11828.1,-13131.6,-52908.6
191003598655200,371547504177,180,rotation-trial,7776,-11904,-55232,12564.1,-13259.6,-52908.6
191003599656000,371548504468,181,rotation-trial,7584,-12000,-55872,12372.1,-13355.6,-53548.6
191003600655100,371549504385,182,rotation-trial,8224,-11872,-55744,13012.1,-13227.6,-53420.6
191003601653800,371550504760,183,rotation-trial,8736,-11968,-55968,13524.1,-13323.6,-53644.6
191003602655200,371551507593,184,rotation-trial,8512,-11584,-55904,13300.1,-12939.6,-53580.6
191003603655400,371552504343,185,rotation-trial,8032,-12000,-56064,12820.1,-13355.6,-53740.6
191003604650800,371553504510,186,rotation-trial,8800,-11776,-55808,13588.1,-13131.6,-53484.6
191003605673800,371554504468,187,rotation-trial,8864,-11744,-56288,13652.1,-13099.6,-53964.6
191003606658900,371555504385,188,rotation-trial,9184,-11936,-56992,13972.1,-13291.6,-54668.6
191003607657200,371556504302,189,rotation-trial,9056,-12736,-55392,13844.1,-14091.6,-53068.6
191003608655200,371557504218,190,rotation-trial,9216,-12320,-56704,14004.1,-13675.6,-54380.6
191003609656100,371558504427,191,rotation-trial,8576,-12320,-56352,13364.1,-13675.6,-54028.6
191003610656200,371559504343,192,rotation-trial,9280,-12096,-57024,14068.1,-13451.6,-54700.6
191003611655600,371560504385,193,rotation-trial,9184,-12544,-57024,13972.1,-13899.6,-54700.6
191003612655800,371561504427,194,rotation-trial,8608,-12448,-56864,13396.1,-13803.6,-54540.6
191003613655900,371562504302,195,rotation-trial,8736,-13184,-56448,13524.1,-14539.6,-54124.6
191003614654900,371563504343,196,rotation-trial,8736,-12672,-57504,13524.1,-14027.6,-55180.6
191003615656600,371564504468,197,rotation-trial,7936,-13344,-57344,12724.1,-14699.6,-55020.6
191003616656300,371565504343,198,rotation-trial,7520,-12992,-57472,12308.1,-14347.6,-55148.6
191003617655700,371566504385,199,rotation-trial,7520,-13120,-58336,12308.1,-14475.6,-56012.6
191003618655400,371567504260,200,rotation-trial,7200,-12832,-58560,11988.1,-14187.6,-56236.6
191003619650000,371568505010,201,rotation-trial,6848,-13088,-58560,11636.1,-14443.6,-56236.6
191003620672300,371569504552,202,rotation-trial,6624,-13440,-58816,11412.1,-14795.6,-56492.6
191003621665600,371570504385,203,rotation-trial,6912,-13792,-58912,11700.1,-15147.6,-56588.6
191003622659700,371571504343,204,rotation-trial,5664,-13472,-59552,10452.1,-14827.6,-57228.6
191003623656300,371572504385,205,rotation-trial,6496,-13888,-59168,11284.1,-15243.6,-56844.6
191003624655500,371573505677,206,rotation-trial,5440,-13856,-59712,10228.1,-15211.6,-57388.6
191003625655500,371574506093,207,rotation-trial,5696,-13440,-59904,10484.1,-14795.6,-57580.6
191003626655000,371575504302,208,rotation-trial,5280,-14048,-60160,10068.1,-15403.6,-57836.6
191003627655000,371576504385,209,rotation-trial,4896,-14144,-60256,9684.11,-15499.6,-57932.6
191003628655100,371577504302,210,rotation-trial,5216,-13568,-60864,10004.1,-14923.6,-58540.6
191003629655700,371578504760,211,rotation-trial,5632,-13696,-60768,10420.1,-15051.6,-58444.6
191003630654900,371579504593,212,rotation-trial,4864,-13952,-60608,9652.11,-15307.6,-58284.6
191003631652900,371580504302,213,rotation-trial,5312,-13920,-61120,10100.1,-15275.6,-58796.6
191003632654700,371581504385,214,rotation-trial,5216,-13632,-60896,10004.1,-14987.6,-58572.6
191003633654700,371582504260,215,rotation-trial,4960,-13760,-61952,9748.11,-15115.6,-59628.6
191003634654700,371583505093,216,rotation-trial,5440,-14048,-60928,10228.1,-15403.6,-58604.6
191003635654500,371584504510,217,rotation-trial,5216,-14112,-61184,10004.1,-15467.6,-58860.6
191003636653400,371585504427,218,rotation-trial,5600,-14048,-61376,10388.1,-15403.6,-59052.6
191003637663800,371586504343,219,rotation-trial,6272,-13888,-61856,11060.1,-15243.6,-59532.6
191003638660200,371587504260,220,rotation-trial,6176,-14272,-61728,10964.1,-15627.6,-59404.6
191003639657400,371588504885,221,rotation-trial,6880,-14208,-61440,11668.1,-15563.6,-59116.6
191003640656900,371589504552,222,rotation-trial,7168,-13856,-61536,11956.1,-15211.6,-59212.6
191003641655800,371590504427,223,rotation-trial,7264,-14112,-61376,12052.1,-15467.6,-59052.6
191003642655100,371591504343,224,rotation-trial,7840,-14560,-61920,12628.1,-15915.6,-59596.6
191003643655300,371592504302,225,rotation-trial,6944,-14016,-62528,11732.1,-15371.6,-60204.6
191003644657700,371593504010,226,rotation-trial,7552,-14464,-61792,12340.1,-15819.6,-59468.6
191003645655100,371594504510,227,rotation-trial,8256,-14944,-61632,13044.1,-16299.6,-59308.6
191003646655100,371595504343,228,rotation-trial,8512,-14688,-62016,13300.1,-16043.6,-59692.6
191003647654900,371596504260,229,rotation-trial,8352,-14336,-62688,13140.1,-15691.6,-60364.6
191003648653100,371597504343,230,rotation-trial,8576,-13792,-62848,13364.1,-15147.6,-60524.6
191003649655000,371598504385,231,rotation-trial,8960,-14912,-61952,13748.1,-16267.6,-59628.6
191003650654800,371599504343,232,rotation-trial,8512,-15104,-62336,13300.1,-16459.6,-60012.6
191003651654800,371600506718,233,rotation-trial,7968,-14528,-63520,12756.1,-15883.6,-61196.6
191003652659900,371601504302,234,rotation-trial,8736,-14528,-62816,13524.1,-15883.6,-60492.6
191003653775500,371602504302,235,rotation-trial,8288,-15168,-63360,13076.1,-16523.6,-61036.6
191003654742700,371603504760,236,rotation-trial,9024,-14528,-63392,13812.1,-15883.6,-61068.6
191003655654400,371604504385,237,rotation-trial,7776,-14816,-63552,12564.1,-16171.6,-61228.6
191003656660200,371605504302,238,rotation-trial,8288,-14912,-63712,13076.1,-16267.6,-61388.6
191003657666700,371606504260,239,rotation-trial,7904,-15136,-64160,12692.1,-16491.6,-61836.6
191003658748300,371607504427,240,rotation-trial,7168,-15296,-64576,11956.1,-16651.6,-62252.6
191003659768700,371608504677,241,rotation-trial,6656,-15328,-64800,11444.1,-16683.6,-62476.6
191003660753100,371609504385,242,rotation-trial,7552,-15200,-64448,12340.1,-16555.6,-62124.6
191003661803500,371610504343,243,rotation-trial,6848,-15552,-64896,11636.1,-16907.6,-62572.6
191003662775600,371611505927,244,rotation-trial,6432,-15168,-64672,11220.1,-16523.6,-62348.6
191003663744300,371612504260,245,rotation-trial,6208,-15520,-65728,10996.1,-16875.6,-63404.6
191003664755500,371613504468,246,rotation-trial,5792,-15456,-65504,10580.1,-16811.6,-63180.6
191003665802900,371614504343,247,rotation-trial,5760,-16256,-65792,10548.1,-17611.6,-63468.6
191003666752000,371615503968,248,rotation-trial,5696,-15776,-66272,10484.1,-17131.6,-63948.6
191003667650000,371616504468,249,rotation-trial,5248,-15616,-67040,10036.1,-16971.6,-64716.6
191003668658600,371617504468,250,rotation-trial,4800,-15840,-66720,9588.11,-17195.6,-64396.6
191003669653200,371618504385,251,rotation-trial,4736,-15936,-67488,9524.11,-17291.6,-65164.6
191003670655400,371619504343,252,rotation-trial,4352,-15840,-67552,9140.11,-17195.6,-65228.6
191003671654100,371620504343,253,rotation-trial,4896,-15584,-67232,9684.11,-16939.6,-64908.6
191003672660300,371621505802,254,rotation-trial,3520,-16160,-67968,8308.11,-17515.6,-65644.6
191003673649000,371622504427,255,rotation-trial,4928,-16416,-67008,9716.11,-17771.6,-64684.6
191003674650200,371623504427,0,rotation-trial,4288,-16000,-67680,9076.11,-17355.6,-65356.6
191003675650900,371624505218,1,rotation-trial,4960,-16128,-67616,9748.11,-17483.6,-65292.6
191003676651900,371625504010,2,rotation-trial,4480,-15968,-68352,9268.11,-17323.6,-66028.6
191003677651600,371626504468,3,rotation-trial,4480,-16224,-68224,9268.11,-17579.6,-65900.6
191003678649700,371627504468,4,rotation-trial,4352,-16288,-68448,9140.11,-17643.6,-66124.6
191003679651400,371628504468,5,rotation-trial,5600,-16832,-67872,10388.1,-18187.6,-65548.6
191003680649300,371629504427,6,rotation-trial,4736,-16320,-68704,9524.11,-17675.6,-66380.6
191003681649600,371630504468,7,rotation-trial,4864,-16192,-69056,9652.11,-17547.6,-66732.6
191003682651500,371631504385,8,rotation-trial,5696,-16480,-69088,10484.1,-17835.6,-66764.6
191003683651500,371632504510,9,rotation-trial,4928,-16544,-68608,9716.11,-17899.6,-66284.6
191003684649700,371633504468,10,rotation-trial,5632,-16928,-68768,10420.1,-18283.6,-66444.6
191003685653800,371634504343,11,rotation-trial,5440,-16160,-69152,10228.1,-17515.6,-66828.6
191003686650700,371635505593,12,rotation-trial,7008,-16512,-69216,11796.1,-17867.6,-66892.6
191003687652100,371636504552,13,rotation-trial,6816,-16672,-68288,11604.1,-18027.6,-65964.6
191003688651700,371637504468,14,rotation-trial,6688,-17024,-69888,11476.1,-18379.6,-67564.6
191003689651700,371638504843,15,rotation-trial,6592,-16384,-69536,11380.1,-17739.6,-67212.6
191003690649700,371639505343,16,rotation-trial,7360,-16128,-68704,12148.1,-17483.6,-66380.6
191003691651700,371640503968,17,rotation-trial,7360,-16320,-69472,12148.1,-17675.6,-67148.6
191003692651600,371641505635,18,rotation-trial,7328,-16352,-70016,12116.1,-17707.6,-67692.6
191003693649700,371642504468,19,rotation-trial,7456,-16544,-70048,12244.1,-17899.6,-67724.6
191003694651400,371643504510,20,rotation-trial,7968,-16864,-69280,12756.1,-18219.6,-66956.6
191003695651600,371644504343,21,rotation-trial,7424,-16896,-69792,12212.1,-18251.6,-67468.6
191003696651600,371645504635,22,rotation-trial,8128,-17376,-70176,12916.1,-18731.6,-67852.6
191003697650500,371646504385,23,rotation-trial,7520,-16768,-69984,12308.1,-18123.6,-67660.6
191003698651600,371647504552,24,rotation-trial,7712,-16544,-70560,12500.1,-17899.6,-68236.6
191003699651400,371648504510,25,rotation-trial,8128,-17024,-70752,12916.1,-18379.6,-68428.6
191003700647400,371649504177,26,rotation-trial,8128,-16544,-70368,12916.1,-17899.6,-68044.6
191003701653700,371650503968,27,rotation-trial,7648,-17024,-70592,12436.1,-18379.6,-68268.6
191003702822000,371651504302,28,rotation-trial,7296,-16704,-70880,12084.1,-18059.6,-68556.6
191003703652500,371652504468,29,rotation-trial,7296,-16960,-70336,12084.1,-18315.6,-68012.6
191003704651000,371653505510,30,rotation-trial,7168,-16768,-70944,11956.1,-18123.6,-68620.6
191003705652000,371654504218,31,rotation-trial,6560,-17280,-71296,11348.1,-18635.6,-68972.6
191003706651800,371655504260,32,rotation-trial,6048,-17696,-71520,10836.1,-19051.6,-69196.6
191003707651800,371656504343,33,rotation-trial,5952,-17376,-72288,10740.1,-18731.6,-69964.6
191003708649600,371657504468,34,rotation-trial,5952,-16896,-71456,10740.1,-18251.6,-69132.6
191003709651900,371658504385,35,rotation-trial,6112,-16928,-72448,10900.1,-18283.6,-70124.6
191003710652000,371659505385,36,rotation-trial,5632,-17280,-72608,10420.1,-18635.6,-70284.6
191003711649700,371660504343,37,rotation-trial,5216,-17440,-73472,10004.1,-18795.6,-71148.6
191003712651700,371661504135,38,rotation-trial,4960,-16896,-72864,9748.11,-18251.6,-70540.6
191003713649800,371662507302,39,rotation-trial,5344,-17248,-72960,10132.1,-18603.6,-70636.6
191003714651800,371663504427,40,rotation-trial,4448,-17216,-73216,9236.11,-18571.6,-70892.6
191003715652000,371664504302,41,rotation-trial,4736,-17568,-73184,9524.11,-18923.6,-70860.6
191003716649000,371665504593,42,rotation-trial,4928,-17440,-73568,9716.11,-18795.6,-71244.6
191003717648000,371666504385,43,rotation-trial,4736,-16832,-73536,9524.11,-18187.6,-71212.6
191003718656300,371667505468,44,rotation-trial,4736,-17120,-73856,9524.11,-18475.6,-71532.6
191003719648000,371668505760,45,rotation-trial,4736,-16864,-74560,9524.11,-18219.6,-72236.6
191003720647300,371669504343,46,rotation-trial,4480,-17088,-74208,9268.11,-18443.6,-71884.6
191003721647300,371670504343,47,rotation-trial,4992,-17056,-74272,9780.11,-18411.6,-71948.6
191003722652600,371671504135,48,rotation-trial,4064,-16896,-75456,8852.11,-18251.6,-73132.6
191003723651900,371672504385,49,rotation-trial,4832,-16896,-75232,9620.11,-18251.6,-72908.6
191003724651800,371673504385,50,rotation-trial,5120,-16608,-74624,9908.11,-17963.6,-72300.6
191003725651800,371674504343,51,rotation-trial,5408,-16736,-75200,10196.1,-18091.6,-72876.6
191003726651800,371675505802,52,rotation-trial,5792,-16768,-74912,10580.1,-18123.6,-72588.6
191003727651800,371676504260,53,rotation-trial,6080,-17024,-74912,10868.1,-18379.6,-72588.6
191003728652000,371677504427,54,rotation-trial,6208,-16928,-75136,10996.1,-18283.6,-72812.6
191003729652000,371678504510,55,rotation-trial,6240,-16576,-75200,11028.1,-17931.6,-72876.6
191003730651000,371679504385,56,rotation-trial,6240,-17056,-75328,11028.1,-18411.6,-73004.6
191003731652000,371680506802,57,rotation-trial,7072,-16992,-75168,11860.1,-18347.6,-72844.6
191003732649500,371681504135,58,rotation-trial,6912,-16480,-75168,11700.1,-17835.6,-72844.6
191003733644100,371682504385,59,rotation-trial,6752,-16736,-75936,11540.1,-18091.6,-73612.6
191003734650200,371683504510,60,rotation-trial,7872,-16992,-74656,12660.1,-18347.6,-72332.6
191003735652000,371684504343,61,rotation-trial,7712,-17344,-75104,12500.1,-18699.6,-72780.6
191003736652000,371685504343,62,rotation-trial,7072,-16768,-75648,11860.1,-18123.6,-73324.6
191003737651800,371686505593,63,rotation-trial,8448,-17728,-74496,13236.1,-19083.6,-72172.6
191003738651700,371687518843,64,rotation-trial,8576,-17184,-75264,13364.1,-18539.6,-72940.6
191003739651700,371688509635,65,rotation-trial,8000,-17440,-75488,12788.1,-18795.6,-73164.6
191003740776800,371689515218,66,rotation-trial,8192,-17472,-75808,12980.1,-18827.6,-73484.6
191003741775500,371690512052,67,rotation-trial,8800,-17440,-75552,13588.1,-18795.6,-73228.6
191003742646300,371691513218,68,rotation-trial,8480,-17184,-76064,13268.1,-18539.6,-73740.6
191003743652000,371692506302,69,rotation-trial,8704,-17472,-75776,13492.1,-18827.6,-73452.6
191003744651800,371693507927,70,rotation-trial,8256,-17568,-76224,13044.1,-18923.6,-73900.6
191003745651700,371694509052,71,rotation-trial,7872,-17248,-76288,12660.1,-18603.6,-73964.6
191003746651900,371695508218,72,rotation-trial,7360,-17280,-76480,12148.1,-18635.6,-74156.6
191003747651500,371696508427,73,rotation-trial,7872,-17664,-76576,12660.1,-19019.6,-74252.6
191003748648700,371697512427,74,rotation-trial,7904,-17280,-76928,12692.1,-18635.6,-74604.6
191003749656500,371698508302,75,rotation-trial,7136,-17792,-76768,11924.1,-19147.6,-74444.6
191003750647200,371699506427,76,rotation-trial,6720,-16768,-77216,11508.1,-18123.6,-74892.6
191003751654600,371700507510,77,rotation-trial,7104,-17184,-77920,11892.1,-18539.6,-75596.6
191003752649000,371701510177,78,rotation-trial,6816,-17792,-77024,11604.1,-19147.6,-74700.6
191003753648400,371702509343,79,rotation-trial,6528,-16928,-77952,11316.1,-18283.6,-75628.6
191003754648500,371703511177,80,rotation-trial,6912,-17216,-77792,11700.1,-18571.6,-75468.6
191003755647800,371704508468,81,rotation-trial,6720,-17120,-78016,11508.1,-18475.6,-75692.6
191003756645800,371705512760,82,rotation-trial,6208,-16960,-78592,10996.1,-18315.6,-76268.6
191003757649400,371706510218,83,rotation-trial,6304,-17184,-78912,11092.1,-18539.6,-76588.6
191003758661000,371707506635,84,rotation-trial,5760,-16672,-78752,10548.1,-18027.6,-76428.6
191003759650100,371708508510,85,rotation-trial,5728,-17120,-78912,10516.1,-18475.6,-76588.6
191003760658400,371709512718,86,rotation-trial,5824,-16448,-78976,10612.1,-17803.6,-76652.6
191003761650500,371710510093,87,rotation-trial,5824,-17472,-78848,10612.1,-18827.6,-76524.6
191003762656100,371711504677,88,rotation-trial,6080,-17120,-79232,10868.1,-18475.6,-76908.6
191003763648800,371712508177,89,rotation-trial,6048,-17024,-79936,10836.1,-18379.6,-77612.6
191003764651700,371713509468,90,rotation-trial,6176,-16416,-79136,10964.1,-17771.6,-76812.6
191003765653300,371714508385,91,rotation-trial,6400,-16896,-79872,11188.1,-18251.6,-77548.6
191003766658000,371715508135,92,rotation-trial,5792,-16896,-79776,10580.1,-18251.6,-77452.6
191003767663100,371716508135,93,rotation-trial,6944,-16640,-79552,11732.1,-17995.6,-77228.6
191003768648100,371717505677,94,rotation-trial,6944,-16768,-80064,11732.1,-18123.6,-77740.6
191003769647100,371718508302,95,rotation-trial,6208,-17152,-80064,10996.1,-18507.6,-77740.6
191003770646700,371719509343,96,rotation-trial,6656,-17216,-79712,11444.1,-18571.6,-77388.6
191003771653300,371720509843,97,rotation-trial,7232,-17056,-79680,12020.1,-18411.6,-77356.6
191003772660100,371721507427,98,rotation-trial,7200,-17696,-79424,11988.1,-19051.6,-77100.6
191003773654100,371722510927,99,rotation-trial,7584,-17024,-80256,12372.1,-18379.6,-77932.6
191003774644600,371723505968,100,rotation-trial,7648,-17216,-79552,12436.1,-18571.6,-77228.6
191003775646500,371724506135,101,rotation-trial,8128,-16992,-79392,12916.1,-18347.6,-77068.6
191003776646000,371725510552,102,rotation-trial,7840,-17504,-79808,12628.1,-18859.6,-77484.6
191003777646300,371726509802,103,rotation-trial,8448,-17568,-80096,13236.1,-18923.6,-77772.6
191003778652100,371727509510,104,rotation-trial,8928,-16992,-79968,13716.1,-18347.6,-77644.6
191003779652600,371728510177,105,rotation-trial,8928,-17408,-79616,13716.1,-18763.6,-77292.6
191003780954200,371729511010,106,rotation-trial,9280,-17632,-80032,14068.1,-18987.6,-77708.6
191003781639700,371730504302,107,rotation-trial,9664,-17536,-80256,14452.1,-18891.6,-77932.6
191003782647200,371731510760,108,rotation-trial,8992,-17312,-80864,13780.1,-18667.6,-78540.6
191003783642400,371732505593,109,rotation-trial,8960,-17184,-80032,13748.1,-18539.6,-77708.6
191003784646200,371733509177,110,rotation-trial,9568,-17312,-79968,14356.1,-18667.6,-77644.6
191003785652300,371734508510,111,rotation-trial,9312,-17248,-80928,14100.1,-18603.6,-78604.6
191003786652100,371735510552,112,rotation-trial,10080,-17568,-80416,14868.1,-18923.6,-78092.6
191003787651600,371736507843,113,rotation-trial,10464,-17920,-79872,15252.1,-19275.6,-77548.6
191003788651700,371737507135,114,rotation-trial,9824,-17280,-80992,14612.1,-18635.6,-78668.6
191003789649600,371738507635,115,rotation-trial,9760,-17216,-80992,14548.1,-18571.6,-78668.6
191003790651700,371739510135,116,rotation-trial,10112,-17344,-80640,14900.1,-18699.6,-78316.6
191003791776700,371740512093,117,rotation-trial,9952,-17312,-81216,14740.1,-18667.6,-78892.6
191003792646100,371741510343,118,rotation-trial,9088,-17088,-81248,13876.1,-18443.6,-78924.6
191003793644900,371742511177,119,rotation-trial,9664,-17056,-81088,14452.1,-18411.6,-78764.6
191003794652100,371743507177,120,rotation-trial,9792,-17280,-81632,14580.1,-18635.6,-79308.6
191003795642900,371744507427,121,rotation-trial,8960,-17632,-81632,13748.1,-18987.6,-79308.6
191003796648400,371745504510,122,rotation-trial,8960,-17024,-81408,13748.1,-18379.6,-79084.6
191003797648600,371746505385,123,rotation-trial,9024,-17440,-81760,13812.1,-18795.6,-79436.6
191003798663200,371747504343,124,rotation-trial,9024,-17344,-82400,13812.1,-18699.6,-80076.6
191003799649700,371748504385,125,rotation-trial,8800,-17152,-82176,13588.1,-18507.6,-79852.6
191003800647900,371749504260,126,rotation-trial,8128,-17344,-82880,12916.1,-18699.6,-80556.6
191003801647800,371750504343,127,rotation-trial,8224,-17504,-82592,13012.1,-18859.6,-80268.6
191003802662000,371751504385,128,rotation-trial,8320,-17408,-82560,13108.1,-18763.6,-80236.6
191003803648000,371752504343,129,rotation-trial,7776,-17664,-82336,12564.1,-19019.6,-80012.6
191003804654000,371753504302,130,rotation-trial,7328,-17664,-83616,12116.1,-19019.6,-81292.6
191003805659700,371754504385,131,rotation-trial,8640,-17984,-82752,13428.1,-19339.6,-80428.6
191003806656600,371755504802,132,rotation-trial,7904,-17664,-83136,12692.1,-19019.6,-80812.6
191003807648800,371756504427,133,rotation-trial,8032,-17888,-83104,12820.1,-19243.6,-80780.6
191003808653600,371757504343,134,rotation-trial,8256,-18208,-83968,13044.1,-19563.6,-81644.6
191003809655300,371758504343,135,rotation-trial,8000,-18016,-83232,12788.1,-19371.6,-80908.6
191003810652800,371759505177,136,rotation-trial,7968,-18112,-82944,12756.1,-19467.6,-80620.6
191003811851100,371760505677,137,rotation-trial,8160,-17664,-83680,12948.1,-19019.6,-81356.6
191003812652400,371761504343,138,rotation-trial,8224,-17952,-83488,13012.1,-19307.6,-81164.6
191003813647700,371762504552,139,rotation-trial,8064,-18208,-83712,12852.1,-19563.6,-81388.6
191003814653000,371763504343,140,rotation-trial,8992,-18368,-83680,13780.1,-19723.6,-81356.6
191003815648400,371764504260,141,rotation-trial,8960,-18560,-83584,13748.1,-19915.6,-81260.6
191003816647800,371765504052,142,rotation-trial,9152,-18688,-83552,13940.1,-20043.6,-81228.6
191003817651500,371766504427,143,rotation-trial,8992,-18304,-83968,13780.1,-19659.6,-81644.6
191003818648500,371767504427,144,rotation-trial,8672,-18272,-83840,13460.1,-19627.6,-81516.6
191003819650100,371768504218,145,rotation-trial,9472,-18240,-83840,14260.1,-19595.6,-81516.6
191003820952200,371769504385,146,rotation-trial,8864,-17824,-84160,13652.1,-19179.6,-81836.6
191003821648200,371770504260,147,rotation-trial,10112,-18400,-83776,14900.1,-19755.6,-81452.6
191003822653200,371771506677,148,rotation-trial,10080,-18336,-83552,14868.1,-19691.6,-81228.6
191003823654000,371772505760,149,rotation-trial,9984,-18304,-84288,14772.1,-19659.6,-81964.6
191003824654200,371773504302,150,rotation-trial,10368,-18560,-84160,15156.1,-19915.6,-81836.6
191003825651500,371774504218,151,rotation-trial,10656,-18176,-83872,15444.1,-19531.6,-81548.6
191003826656700,371775504135,152,rotation-trial,10432,-18240,-84320,15220.1,-19595.6,-81996.6
191003827655400,371776506260,153,rotation-trial,10752,-18112,-84000,15540.1,-19467.6,-81676.6
191003828868200,371777504468,154,rotation-trial,10880,-17952,-84672,15668.1,-19307.6,-82348.6
191003829658300,371778504302,155,rotation-trial,11392,-18304,-84096,16180.1,-19659.6,-81772.6
191003830648300,371779504260,156,rotation-trial,10336,-18464,-84672,15124.1,-19819.6,-82348.6
191003831673700,371780504177,157,rotation-trial,11168,-18432,-85056,15956.1,-19787.6,-82732.6
191003832655700,371781504843,158,rotation-trial,11040,-18560,-85024,15828.1,-19915.6,-82700.6
191003833665300,371782504302,159,rotation-trial,10944,-18912,-84832,15732.1,-20267.6,-82508.6
191003834657100,371783504260,160,rotation-trial,11168,-18816,-85504,15956.1,-20171.6,-83180.6
191003835668700,371784504302,161,rotation-trial,10784,-18688,-85376,15572.1,-20043.6,-83052.6
191003836668500,371785504510,162,rotation-trial,10208,-18624,-85152,14996.1,-19979.6,-82828.6
191003837675700,371786504593,163,rotation-trial,10272,-18784,-85696,15060.1,-20139.6,-83372.6
191003838675200,371787504427,164,rotation-trial,10976,-18784,-85344,15764.1,-20139.6,-83020.6
191003839654300,371788504260,165,rotation-trial,9792,-19008,-86144,14580.1,-20363.6,-83820.6
191003840653000,371789504260,166,rotation-trial,9600,-18912,-86336,14388.1,-20267.6,-84012.6
191003841651000,371790504468,167,rotation-trial,10528,-19232,-85376,15316.1,-20587.6,-83052.6
191003842651500,371791504552,168,rotation-trial,9760,-19360,-86272,14548.1,-20715.6,-83948.6
191003843675600,371792504343,169,rotation-trial,9696,-19360,-85888,14484.1,-20715.6,-83564.6
191003844658600,371793504177,170,rotation-trial,9152,-19328,-86528,13940.1,-20683.6,-84204.6
191003845650800,371794504218,171,rotation-trial,9216,-19328,-86720,14004.1,-20683.6,-84396.6
191003846645200,371795505677,172,rotation-trial,9280,-19520,-86656,14068.1,-20875.6,-84332.6
191003847657500,371796504552,173,rotation-trial,8864,-19424,-86976,13652.1,-20779.6,-84652.6
191003848657400,371797504385,174,rotation-trial,9312,-19424,-87072,14100.1,-20779.6,-84748.6
191003849655400,371798504218,175,rotation-trial,9056,-19552,-86656,13844.1,-20907.6,-84332.6
191003850650200,371799504343,176,rotation-trial,8736,-19392,-87232,13524.1,-20747.6,-84908.6
191003851644600,371800504468,177,rotation-trial,9152,-19776,-86592,13940.1,-21131.6,-84268.6
191003852755100,371801504385,178,rotation-trial,8736,-19712,-87392,13524.1,-21067.6,-85068.6
191003853661300,371802504385,179,rotation-trial,8736,-19808,-87584,13524.1,-21163.6,-85260.6
191003854650800,371803504135,180,rotation-trial,9056,-19840,-87360,13844.1,-21195.6,-85036.6
191003855651000,371804504343,181,rotation-trial,9280,-20064,-87040,14068.1,-21419.6,-84716.6
191003856657000,371805504302,182,rotation-trial,9536,-19840,-87264,14324.1,-21195.6,-84940.6
191003857653800,371806504343,183,rotation-trial,9216,-20064,-87296,14004.1,-21419.6,-84972.6
191003858651400,371807504260,184,rotation-trial,8576,-19680,-87904,13364.1,-21035.6,-85580.6
191003859651200,371808504218,185,rotation-trial,10144,-19488,-87296,14932.1,-20843.6,-84972.6
191003860653500,371809504177,186,rotation-trial,9888,-19584,-88352,14676.1,-20939.6,-86028.6
191003861656400,371810504468,187,rotation-trial,9824,-20000,-87808,14612.1,-21355.6,-85484.6
191003862658100,371811504385,188,rotation-trial,9664,-19904,-87968,14452.1,-21259.6,-85644.6
191003863652200,371812504302,189,rotation-trial,9376,-19936,-88352,14164.1,-21291.6,-86028.6
191003864663200,371813504343,190,rotation-trial,10144,-20128,-88096,14932.1,-21483.6,-85772.6
191003865650500,371814504260,191,rotation-trial,10240,-19936,-88224,15028.1,-21291.6,-85900.6
191003866659000,371815504385,192,rotation-trial,10688,-19840,-87744,15476.1,-21195.6,-85420.6
191003867657200,371816504510,193,rotation-trial,10112,-19680,-87808,14900.1,-21035.6,-85484.6
191003868646800,371817504343,194,rotation-trial,10432,-20384,-87808,15220.1,-21739.6,-85484.6
191003869649500,371818504218,195,rotation-trial,10336,-20192,-88512,15124.1,-21547.6,-86188.6
191003870645700,371819504218,196,rotation-trial,9792,-20032,-88064,14580.1,-21387.6,-85740.6
191003871654900,371820504427,197,rotation-trial,11072,-20096,-88544,15860.1,-21451.6,-86220.6
191003872646000,371821505468,198,rotation-trial,10624,-20512,-88416,15412.1,-21867.6,-86092.6
191003873645500,371822504760,199,rotation-trial,11136,-20480,-87584,15924.1,-21835.6,-85260.6
191003874648400,371823504385,200,rotation-trial,10880,-20736,-88032,15668.1,-22091.6,-85708.6
191003875660900,371824504218,201,rotation-trial,9696,-20512,-88800,14484.1,-21867.6,-86476.6
191003876652400,371825504385,202,rotation-trial,11328,-20832,-88704,16116.1,-22187.6,-86380.6
191003877646400,371826505302,203,rotation-trial,11136,-20576,-88736,15924.1,-21931.6,-86412.6
191003878647200,371827504260,204,rotation-trial,10560,-20544,-88672,15348.1,-21899.6,-86348.6
191003879660000,371828504218,205,rotation-trial,11296,-20832,-88928,16084.1,-22187.6,-86604.6
191003880663200,371829504177,206,rotation-trial,10816,-21280,-88832,15604.1,-22635.6,-86508.6
191003881646900,371830506802,207,rotation-trial,10688,-21088,-88640,15476.1,-22443.6,-86316.6
191003882669500,371831504385,208,rotation-trial,11136,-21888,-88480,15924.1,-23243.6,-86156.6
191003883652200,371832504260,209,rotation-trial,10528,-21408,-88864,15316.1,-22763.6,-86540.6
191003884654100,371833504302,210,rotation-trial,10624,-21376,-89184,15412.1,-22731.6,-86860.6
191003885656200,371834504177,211,rotation-trial,10624,-21376,-88800,15412.1,-22731.6,-86476.6
191003886668300,371835505843,212,rotation-trial,9760,-21216,-90016,14548.1,-22571.6,-87692.6
191003887647300,371836505385,213,rotation-trial,10688,-21568,-89184,15476.1,-22923.6,-86860.6
191003888667400,371837504385,214,rotation-trial,10144,-21248,-89536,14932.1,-22603.6,-87212.6
191003889664900,371838504177,215,rotation-trial,10304,-21120,-90016,15092.1,-22475.6,-87692.6
191003890644900,371839504135,216,rotation-trial,9504,-21248,-89600,14292.1,-22603.6,-87276.6
191003891670300,371840506843,217,rotation-trial,9568,-21632,-89536,14356.1,-22987.6,-87212.6
191003892648800,371841505302,218,rotation-trial,10080,-21536,-89888,14868.1,-22891.6,-87564.6
191003893658400,371842504260,219,rotation-trial,9696,-21376,-90176,14484.1,-22731.6,-87852.6
191003894718600,371843504427,220,rotation-trial,9248,-21376,-90592,14036.1,-22731.6,-88268.6
191003895659500,371844505677,221,rotation-trial,9600,-21504,-90144,14388.1,-22859.6,-87820.6
191003896655000,371845504510,222,rotation-trial,9376,-21792,-90592,14164.1,-23147.6,-88268.6
191003897649400,371846504385,223,rotation-trial,9504,-21568,-90432,14292.1,-22923.6,-88108.6
191003898647000,371847504343,224,rotation-trial,9600,-21504,-90496,14388.1,-22859.6,-88172.6
191003899669700,371848504135,225,rotation-trial,9440,-21984,-90688,14228.1,-23339.6,-88364.6
191003900663900,371849504802,226,rotation-trial,10208,-21248,-90752,14996.1,-22603.6,-88428.6
191003901656200,371850505802,227,rotation-trial,9728,-21408,-90752,14516.1,-22763.6,-88428.6
191003902653600,371851504343,228,rotation-trial,9760,-21312,-90752,14548.1,-22667.6,-88428.6
191003903678000,371852504302,229,rotation-trial,10016,-21632,-90304,14804.1,-22987.6,-87980.6
191003904652200,371853504343,230,rotation-trial,9664,-21536,-91168,14452.1,-22891.6,-88844.6
191003905649500,371854504177,231,rotation-trial,10016,-22240,-90816,14804.1,-23595.6,-88492.6
191003906645200,371855505968,232,rotation-trial,10336,-22080,-90208,15124.1,-23435.6,-87884.6
191003907654400,371856504260,233,rotation-trial,10400,-21344,-91392,15188.1,-22699.6,-89068.6
191003908647800,371857504260,234,rotation-trial,9632,-22048,-90880,14420.1,-23403.6,-88556.6
191003909653100,371858504260,235,rotation-trial,10688,-21216,-90400,15476.1,-22571.6,-88076.6
191003910654000,371859504260,236,rotation-trial,10720,-21792,-90560,15508.1,-23147.6,-88236.6
191003911653700,371860504302,237,rotation-trial,10752,-21856,-90432,15540.1,-23211.6,-88108.6
191003912651400,371861504343,238,rotation-trial,10336,-21728,-90240,15124.1,-23083.6,-87916.6
191003913663300,371862504593,239,rotation-trial,11040,-21664,-90752,15828.1,-23019.6,-88428.6
191003914646200,371863504343,240,rotation-trial,11808,-22496,-90432,16596.1,-23851.6,-88108.6
191003915647700,371864504218,241,rotation-trial,11104,-21856,-90624,15892.1,-23211.6,-88300.6
191003916650700,371865504468,242,rotation-trial,11584,-22336,-90752,16372.1,-23691.6,-88428.6
191003917657100,371866504510,243,rotation-trial,11904,-21888,-90176,16692.1,-23243.6,-87852.6
191003918663500,371867503718,244,rotation-trial,11136,-22016,-90880,15924.1,-23371.6,-88556.6
191003919647500,371868504260,245,rotation-trial,11744,-22432,-90368,16532.1,-23787.6,-88044.6
191003920666200,371869504135,246,rotation-trial,11296,-22080,-91136,16084.1,-23435.6,-88812.6
191003921652000,371870504385,247,rotation-trial,11200,-22208,-90752,15988.1,-23563.6,-88428.6
191003922664600,371871504343,248,rotation-trial,11520,-21856,-90944,16308.1,-23211.6,-88620.6
191003923673200,371872504177,249,rotation-trial,11648,-22144,-90816,16436.1,-23499.6,-88492.6
191003924746900,371873504302,250,rotation-trial,12160,-22304,-91424,16948.1,-23659.6,-89100.6
191003925719200,371874504677,251,rotation-trial,11328,-22016,-91584,16116.1,-23371.6,-89260.6
191003926721800,371875504427,252,rotation-trial,11584,-22080,-90848,16372.1,-23435.6,-88524.6
191003927660200,371876504343,253,rotation-trial,11168,-21760,-92032,15956.1,-23115.6,-89708.6
191003928651200,371877504552,254,rotation-trial,10624,-22144,-91392,15412.1,-23499.6,-89068.6
191003929651900,371878504302,255,rotation-trial,11296,-22144,-90912,16084.1,-23499.6,-88588.6
191003930674600,371879504427,0,rotation-trial,11232,-21664,-91968,16020.1,-23019.6,-89644.6
191003931651200,371880504468,1,rotation-trial,11488,-22016,-90976,16276.1,-23371.6,-88652.6
191003932719800,371881504302,2,rotation-trial,10848,-22016,-91584,15636.1,-23371.6,-89260.6
191003933710200,371882505385,3,rotation-trial,11232,-22240,-91712,16020.1,-23595.6,-89388.6
191003934713000,371883504427,4,rotation-trial,10848,-21888,-92224,15636.1,-23243.6,-89900.6
191003935657700,371884504468,5,rotation-trial,11264,-22336,-90912,16052.1,-23691.6,-88588.6
191003936669200,371885504385,6,rotation-trial,10624,-22144,-92032,15412.1,-23499.6,-89708.6
191003937658200,371886504343,7,rotation-trial,10112,-22016,-91136,14900.1,-23371.6,-88812.6
191003938657900,371887504302,8,rotation-trial,10912,-22816,-91424,15700.1,-24171.6,-89100.6
191003939646600,371888504260,9,rotation-trial,10400,-22240,-92480,15188.1,-23595.6,-90156.6
191003940646300,371889504385,10,rotation-trial,10144,-22016,-92192,14932.1,-23371.6,-89868.6
191003941659000,371890504385,11,rotation-trial,11360,-22496,-91808,16148.1,-23851.6,-89484.6
191003942652300,371891504302,12,rotation-trial,11200,-21888,-92320,15988.1,-23243.6,-89996.6
191003943651900,371892504385,13,rotation-trial,10912,-22336,-91616,15700.1,-23691.6,-89292.6
191003944652700,371893504218,14,rotation-trial,10752,-22176,-91776,15540.1,-23531.6,-89452.6
191003945656800,371894504343,15,rotation-trial,10112,-21696,-92480,14900.1,-23051.6,-90156.6
191003946671800,371895504468,16,rotation-trial,10880,-22368,-93056,15668.1,-23723.6,-90732.6
191003947653000,371896504343,17,rotation-trial,10912,-21952,-91808,15700.1,-23307.6,-89484.6
191003948649700,371897505635,18,rotation-trial,11744,-21696,-91872,16532.1,-23051.6,-89548.6
191003949653100,371898504177,19,rotation-trial,11136,-22016,-92992,15924.1,-23371.6,-90668.6
191003950651900,371899505718,20,rotation-trial,11840,-22080,-92448,16628.1,-23435.6,-90124.6
191003951649900,371900504552,21,rotation-trial,11040,-21600,-92000,15828.1,-22955.6,-89676.6
191003952657400,371901504260,22,rotation-trial,12000,-22016,-91840,16788.1,-23371.6,-89516.6
191003953650500,371902504427,23,rotation-trial,11488,-21760,-92320,16276.1,-23115.6,-89996.6
191003954676800,371903504218,24,rotation-trial,11840,-21600,-92608,16628.1,-22955.6,-90284.6
191003955653200,371904506010,25,rotation-trial,11936,-22080,-92000,16724.1,-23435.6,-89676.6
191003956648600,371905504510,26,rotation-trial,11968,-21856,-91552,16756.1,-23211.6,-89228.6
191003957672400,371906504218,27,rotation-trial,11936,-21920,-92512,16724.1,-23275.6,-90188.6
191003958655100,371907504343,28,rotation-trial,12160,-21824,-92096,16948.1,-23179.6,-89772.6
191003959667700,371908504177,29,rotation-trial,12192,-21952,-92288,16980.1,-23307.6,-89964.6
191003960652800,371909504218,30,rotation-trial,11968,-21824,-92032,16756.1,-23179.6,-89708.6
191003961647900,371910514010,31,rotation-trial,12224,-21760,-92352,17012.1,-23115.6,-90028.6
191003962670900,371911504218,32,rotation-trial,12320,-21888,-92192,17108.1,-23243.6,-89868.6
191003963658900,371912504260,33,rotation-trial,12288,-21888,-91744,17076.1,-23243.6,-89420.6
191003964646900,371913504218,34,rotation-trial,11712,-21952,-92128,16500.1,-23307.6,-89804.6
191003965646300,371914504552,35,rotation-trial,12160,-22336,-91968,16948.1,-23691.6,-89644.6
191003966646200,371915504385,36,rotation-trial,11936,-21856,-92416,16724.1,-23211.6,-90092.6
191003967644500,371916504302,37,rotation-trial,11904,-22144,-92256,16692.1,-23499.6,-89932.6
191003968666100,371917504385,38,rotation-trial,12256,-21664,-92384,17044.1,-23019.6,-90060.6
191003969652500,371918504052,39,rotation-trial,12352,-21600,-92224,17140.1,-22955.6,-89900.6
191003970663900,371919504052,40,rotation-trial,11584,-21664,-92160,16372.1,-23019.6,-89836.6
191003971664500,371920504510,41,rotation-trial,11968,-21632,-92480,16756.1,-22987.6,-90156.6
191003972657800,371921504302,42,rotation-trial,12000,-21824,-93024,16788.1,-23179.6,-90700.6
191003973663300,371922504302,43,rotation-trial,11776,-21440,-92320,16564.1,-22795.6,-89996.6
191003974657300,371923505343,44,rotation-trial,11712,-22112,-92800,16500.1,-23467.6,-90476.6
191003975663800,371924505093,45,rotation-trial,11456,-21856,-92896,16244.1,-23211.6,-90572.6
191003976651800,371925504343,46,rotation-trial,11872,-21536,-93248,16660.1,-22891.6,-90924.6
191003977661600,371926504843,47,rotation-trial,11264,-21824,-92960,16052.1,-23179.6,-90636.6
191003978651900,371927504218,48,rotation-trial,12096,-22048,-92480,16884.1,-23403.6,-90156.6
191003979669900,371928504218,49,rotation-trial,11648,-21888,-93184,16436.1,-23243.6,-90860.6
191003980742400,371929506218,50,rotation-trial,12192,-21440,-92544,16980.1,-22795.6,-90220.6
191003981650500,371930504427,51,rotation-trial,12128,-21984,-93088,16916.1,-23339.6,-90764.6
191003982647800,371931504343,52,rotation-trial,12608,-21888,-93376,17396.1,-23243.6,-91052.6
191003983706300,371932504343,53,rotation-trial,11776,-21536,-92672,16564.1,-22891.6,-90348.6
191003984648900,371933504135,54,rotation-trial,11552,-21344,-93824,16340.1,-22699.6,-91500.6
191003985651900,371934504843,55,rotation-trial,11712,-22272,-93248,16500.1,-23627.6,-90924.6
191003986656300,371935504427,56,rotation-trial,12000,-21376,-92448,16788.1,-22731.6,-90124.6
191003987660400,371936504260,57,rotation-trial,11904,-21184,-93216,16692.1,-22539.6,-90892.6
191003988656400,371937504218,58,rotation-trial,12256,-21952,-92992,17044.1,-23307.6,-90668.6
191003989672000,371938504135,59,rotation-trial,12128,-21664,-92608,16916.1,-23019.6,-90284.6
191003990664200,371939506385,60,rotation-trial,11936,-22016,-92736,16724.1,-23371.6,-90412.6
191003991657200,371940504468,61,rotation-trial,12032,-21792,-93504,16820.1,-23147.6,-91180.6
191003992657500,371941504260,62,rotation-trial,12672,-21728,-92576,17460.1,-23083.6,-90252.6
191003993656700,371942504343,63,rotation-trial,12448,-21728,-92896,17236.1,-23083.6,-90572.6
191003994656800,371943504177,64,rotation-trial,12096,-21408,-93760,16884.1,-22763.6,-91436.6
191003995654900,371944505385,65,rotation-trial,12416,-21568,-93216,17204.1,-22923.6,-90892.6
191003996656000,371945504927,66,rotation-trial,12224,-22112,-93088,17012.1,-23467.6,-90764.6
191003997657100,371946504218,67,rotation-trial,12832,-21536,-92736,17620.1,-22891.6,-90412.6
191003998656500,371947504260,68,rotation-trial,12160,-21888,-93792,16948.1,-23243.6,-91468.6
191003999656700,371948504177,69,rotation-trial,12192,-21888,-94112,16980.1,-23243.6,-91788.6
191004000655000,371949504427,70,rotation-trial,12384,-21568,-93088,17172.1,-22923.6,-90764.6
191004001657000,371950504385,71,rotation-trial,12640,-21792,-93344,17428.1,-23147.6,-91020.6
191004002658000,371951504218,72,rotation-trial,12288,-21440,-93152,17076.1,-22795.6,-90828.6
191004003664300,371952504260,73,rotation-trial,12160,-21728,-93664,16948.1,-23083.6,-91340.6
191004004681800,371953504427,74,rotation-trial,12320,-21440,-93248,17108.1,-22795.6,-90924.6
191004005663300,371954504468,75,rotation-trial,12096,-21696,-93024,16884.1,-23051.6,-90700.6
191004006658000,371955504468,76,rotation-trial,12416,-21696,-93856,17204.1,-23051.6,-91532.6
191004007655400,371956503968,77,rotation-trial,13056,-21280,-93216,17844.1,-22635.6,-90892.6
191004008657200,371957504302,78,rotation-trial,12704,-21344,-93664,17492.1,-22699.6,-91340.6
191004009657600,371958504385,79,rotation-trial,12000,-21824,-93984,16788.1,-23179.6,-91660.6
191004010656900,371959504552,80,rotation-trial,12672,-21568,-93696,17460.1,-22923.6,-91372.6
191004011657000,371960504260,81,rotation-trial,11648,-21984,-93376,16436.1,-23339.6,-91052.6
191004012656700,371961504177,82,rotation-trial,12384,-21344,-93440,17172.1,-22699.6,-91116.6
191004013658200,371962504135,83,rotation-trial,12512,-21408,-93984,17300.1,-22763.6,-91660.6
191004014656800,371963504385,84,rotation-trial,12480,-21568,-94080,17268.1,-22923.6,-91756.6
191004015657000,371964504427,85,rotation-trial,12512,-21152,-94432,17300.1,-22507.6,-92108.6
191004016654300,371965504385,86,rotation-trial,11712,-21344,-94656,16500.1,-22699.6,-92332.6
191004017661800,371966503927,87,rotation-trial,12768,-21344,-94016,17556.1,-22699.6,-91692.6
191004018658900,371967504343,88,rotation-trial,11584,-21280,-94432,16372.1,-22635.6,-92108.6
191004019661500,371968504468,89,rotation-trial,12256,-21376,-93920,17044.1,-22731.6,-91596.6
191004020727100,371969504343,90,rotation-trial,11712,-21824,-93728,16500.1,-23179.6,-91404.6
191004021650100,371970505343,91,rotation-trial,11840,-21280,-94688,16628.1,-22635.6,-92364.6
191004022656300,371971504385,92,rotation-trial,11776,-21728,-94624,16564.1,-23083.6,-92300.6
191004023657600,371972504260,93,rotation-trial,11872,-21440,-93824,16660.1,-22795.6,-91500.6
191004024657300,371973504760,94,rotation-trial,11296,-21440,-94272,16084.1,-22795.6,-91948.6
191004025657300,371974504427,95,rotation-trial,11744,-22080,-94912,16532.1,-23435.6,-92588.6
191004026655300,371975504510,96,rotation-trial,12000,-21888,-93984,16788.1,-23243.6,-91660.6
191004027657000,371976504260,97,rotation-trial,11264,-21536,-94528,16052.1,-22891.6,-92204.6
191004028657200,371977504218,98,rotation-trial,11744,-21472,-94464,16532.1,-22827.6,-92140.6
191004029656100,371978505385,99,rotation-trial,11520,-21632,-94368,16308.1,-22987.6,-92044.6
191004030656900,371979504427,100,rotation-trial,11584,-21184,-94208,16372.1,-22539.6,-91884.6
191004031655200,371980504427,101,rotation-trial,11360,-21440,-94624,16148.1,-22795.6,-92300.6
191004032655100,371981504260,102,rotation-trial,11968,-21984,-94624,16756.1,-23339.6,-92300.6
191004033661400,371982504218,103,rotation-trial,11776,-22016,-94944,16564.1,-23371.6,-92620.6
191004034646700,371983504302,104,rotation-trial,11776,-21536,-95168,16564.1,-22891.6,-92844.6
191004035640400,371984505802,105,rotation-trial,11840,-21760,-95104,16628.1,-23115.6,-92780.6
191004036641000,371985504177,106,rotation-trial,12256,-21568,-95392,17044.1,-22923.6,-93068.6
191004037640500,371986505885,107,rotation-trial,12416,-21824,-94848,17204.1,-23179.6,-92524.6
191004038654600,371987504260,108,rotation-trial,12160,-21696,-94272,16948.1,-23051.6,-91948.6
191004039657400,371988505427,109,rotation-trial,12096,-21824,-94624,16884.1,-23179.6,-92300.6
191004040655600,371989504302,110,rotation-trial,11776,-22080,-94912,16564.1,-23435.6,-92588.6
191004041656100,371990504302,111,rotation-trial,11968,-21728,-94720,16756.1,-23083.6,-92396.6
191004042656000,371991504468,112,rotation-trial,12128,-21888,-94688,16916.1,-23243.6,-92364.6
191004043656100,371992504177,113,rotation-trial,12064,-21536,-94944,16852.1,-22891.6,-92620.6
191004044656300,371993504385,114,rotation-trial,11360,-21856,-95264,16148.1,-23211.6,-92940.6
191004045656100,371994504427,115,rotation-trial,11744,-21824,-94464,16532.1,-23179.6,-92140.6
191004046651600,371995504302,116,rotation-trial,11744,-21600,-94560,16532.1,-22955.6,-92236.6
191004047651700,371996504260,117,rotation-trial,12224,-21824,-95072,17012.1,-23179.6,-92748.6
191004048651600,371997504385,118,rotation-trial,11552,-21568,-95072,16340.1,-22923.6,-92748.6
191004049646600,371998504760,119,rotation-trial,11712,-21408,-95360,16500.1,-22763.6,-93036.6
191004050656500,371999504343,120,rotation-trial,11616,-21376,-95424,16404.1,-22731.6,-93100.6
191004051657900,372000504385,121,rotation-trial,11456,-21440,-95168,16244.1,-22795.6,-92844.6
191004052656400,372001504302,122,rotation-trial,11488,-21824,-95936,16276.1,-23179.6,-93612.6
191004053656300,372002504177,123,rotation-trial,12000,-21568,-95712,16788.1,-22923.6,-93388.6
191004054656000,372003505843,124,rotation-trial,11552,-22112,-95488,16340.1,-23467.6,-93164.6
191004055656000,372004504427,125,rotation-trial,11744,-21888,-95776,16532.1,-23243.6,-93452.6
191004056653900,372005504260,126,rotation-trial,11168,-22336,-95392,15956.1,-23691.6,-93068.6
191004057655900,372006504218,127,rotation-trial,11456,-21664,-95520,16244.1,-23019.6,-93196.6
191004058656100,372007504093,128,rotation-trial,11296,-21632,-95712,16084.1,-22987.6,-93388.6
191004059656000,372008504885,129,rotation-trial,10848,-21984,-96032,15636.1,-23339.6,-93708.6
191004060655900,372009504343,130,rotation-trial,11040,-22240,-95360,15828.1,-23595.6,-93036.6
191004061654300,372010504260,131,rotation-trial,11008,-22016,-95040,15796.1,-23371.6,-92716.6
191004062649900,372011504218,132,rotation-trial,11232,-21888,-96256,16020.1,-23243.6,-93932.6
191004063649400,372012504177,133,rotation-trial,10944,-22016,-96224,15732.1,-23371.6,-93900.6
191004064651300,372013504968,134,rotation-trial,11872,-21888,-95744,16660.1,-23243.6,-93420.6
191004065645000,372014504468,135,rotation-trial,10432,-22432,-96000,15220.1,-23787.6,-93676.6
191004066657300,372015504343,136,rotation-trial,11040,-22272,-95904,15828.1,-23627.6,-93580.6
191004067658200,372016504385,137,rotation-trial,10528,-22400,-96032,15316.1,-23755.6,-93708.6
191004068656400,372017504302,138,rotation-trial,10720,-22272,-95744,15508.1,-23627.6,-93420.6
191004069653900,372018504385,139,rotation-trial,11296,-22240,-96448,16084.1,-23595.6,-94124.6
191004070651200,372019504385,140,rotation-trial,10976,-22304,-95744,15764.1,-23659.6,-93420.6
191004071653200,372020504343,141,rotation-trial,10720,-22304,-95840,15508.1,-23659.6,-93516.6
191004072653300,372021504302,142,rotation-trial,10880,-22240,-95840,15668.1,-23595.6,-93516.6
191004073653000,372022504093,143,rotation-trial,10944,-22048,-96192,15732.1,-23403.6,-93868.6
191004074653000,372023505677,144,rotation-trial,11168,-21728,-96672,15956.1,-23083.6,-94348.6
191004075650900,372024504302,145,rotation-trial,11104,-22272,-95584,15892.1,-23627.6,-93260.6
191004076653400,372025505635,146,rotation-trial,11424,-22304,-95904,16212.1,-23659.6,-93580.6
191004077653100,372026504302,147,rotation-trial,11104,-22464,-96224,15892.1,-23819.6,-93900.6
191004078649400,372027506468,148,rotation-trial,10720,-21824,-96544,15508.1,-23179.6,-94220.6
191004079648800,372028505927,149,rotation-trial,11680,-22560,-96096,16468.1,-23915.6,-93772.6
191004080646900,372029504343,150,rotation-trial,11232,-21728,-96000,16020.1,-23083.6,-93676.6
191004081640200,372030504177,151,rotation-trial,11200,-22464,-95904,15988.1,-23819.6,-93580.6
191004082665400,372031504260,152,rotation-trial,11232,-22784,-95904,16020.1,-24139.6,-93580.6
191004083657200,372032505177,153,rotation-trial,11392,-22272,-96320,16180.1,-23627.6,-93996.6
191004084653800,372033505093,154,rotation-trial,11456,-22560,-96000,16244.1,-23915.6,-93676.6
191004085653300,372034504302,155,rotation-trial,11904,-22560,-95776,16692.1,-23915.6,-93452.6
191004086653100,372035503927,156,rotation-trial,11552,-22624,-96224,16340.1,-23979.6,-93900.6
191004087651200,372036504302,157,rotation-trial,11648,-22336,-96288,16436.1,-23691.6,-93964.6
191004088653100,372037504177,158,rotation-trial,11104,-22976,-96512,15892.1,-24331.6,-94188.6
191004089651200,372038504427,159,rotation-trial,11424,-22656,-96160,16212.1,-24011.6,-93836.6
191004090653400,372039507177,160,rotation-trial,10336,-22688,-96768,15124.1,-24043.6,-94444.6
191004091653100,372040504010,161,rotation-trial,10976,-22464,-96032,15764.1,-23819.6,-93708.6
191004092653200,372041504302,162,rotation-trial,11392,-23040,-96256,16180.1,-24395.6,-93932.6
191004093653000,372042504052,163,rotation-trial,10752,-22816,-96992,15540.1,-24171.6,-94668.6
191004094649300,372043504385,164,rotation-trial,10816,-22912,-96512,15604.1,-24267.6,-94188.6
191004095648800,372044504343,165,rotation-trial,10848,-22752,-96640,15636.1,-24107.6,-94316.6
191004096648000,372045504260,166,rotation-trial,11072,-22976,-96096,15860.1,-24331.6,-93772.6
191004097643200,372046504385,167,rotation-trial,10400,-22688,-96768,15188.1,-24043.6,-94444.6
191004098648100,372047504385,168,rotation-trial,11072,-22752,-96384,15860.1,-24107.6,-94060.6
191004099653900,372048504302,169,rotation-trial,10496,-22848,-97248,15284.1,-24203.6,-94924.6
191004100653700,372049504385,170,rotation-trial,10368,-23008,-97088,15156.1,-24363.6,-94764.6
191004101653500,372050506468,171,rotation-trial,9792,-23104,-96832,14580.1,-24459.6,-94508.6
191004102651700,372051505260,172,rotation-trial,10048,-22912,-97344,14836.1,-24267.6,-95020.6
191004103653800,372052504385,173,rotation-trial,10112,-23040,-96640,14900.1,-24395.6,-94316.6
191004104653700,372053504385,174,rotation-trial,9632,-22752,-97376,14420.1,-24107.6,-95052.6
191004105653200,372054505135,175,rotation-trial,10464,-22880,-97216,15252.1,-24235.6,-94892.6
191004106653200,372055504260,176,rotation-trial,9536,-22656,-97568,14324.1,-24011.6,-95244.6
191004107652100,372056504218,177,rotation-trial,10208,-22688,-97856,14996.1,-24043.6,-95532.6
191004108653100,372057504218,178,rotation-trial,9696,-22560,-97920,14484.1,-23915.6,-95596.6
191004109653300,372058504302,179,rotation-trial,9728,-22976,-97152,14516.1,-24331.6,-94828.6
191004110649300,372059504177,180,rotation-trial,9888,-22208,-98080,14676.1,-23563.6,-95756.6
191004111649200,372060505427,181,rotation-trial,10432,-22944,-97472,15220.1,-24299.6,-95148.6
191004112647000,372061504093,182,rotation-trial,10592,-22656,-97568,15380.1,-24011.6,-95244.6
191004113643200,372062504760,183,rotation-trial,9888,-22656,-97632,14676.1,-24011.6,-95308.6
191004114644100,372063504385,184,rotation-trial,10208,-22752,-97792,14996.1,-24107.6,-95468.6
191004115665700,372064504343,185,rotation-trial,10304,-22720,-96992,15092.1,-24075.6,-94668.6
191004116650600,372065504302,186,rotation-trial,9856,-22752,-98016,14644.1,-24107.6,-95692.6
191004117651000,372066504177,187,rotation-trial,10144,-22944,-97760,14932.1,-24299.6,-95436.6
191004118651200,372067508802,188,rotation-trial,9984,-22944,-97984,14772.1,-24299.6,-95660.6
191004119649900,372068504468,189,rotation-trial,10176,-22752,-97440,14964.1,-24107.6,-95116.6
191004120719500,372069504218,190,rotation-trial,10464,-23136,-97632,15252.1,-24491.6,-95308.6
191004121642600,372070504260,191,rotation-trial,10208,-22528,-97376,14996.1,-23883.6,-95052.6
191004122650300,372071504177,192,rotation-trial,9920,-23360,-97984,14708.1,-24715.6,-95660.6
191004123722100,372072504135,193,rotation-trial,11424,-23328,-97216,16212.1,-24683.6,-94892.6
191004124726200,372073504885,194,rotation-trial,10688,-23296,-97696,15476.1,-24651.6,-95372.6
191004125711300,372074505718,195,rotation-trial,10624,-23552,-97440,15412.1,-24907.6,-95116.6
191004126721900,372075504218,196,rotation-trial,10816,-23200,-98112,15604.1,-24555.6,-95788.6
191004127642800,372076504010,197,rotation-trial,9984,-23168,-98208,14772.1,-24523.6,-95884.6
191004128649500,372077504260,198,rotation-trial,10400,-23008,-98208,15188.1,-24363.6,-95884.6
191004129651700,372078504343,199,rotation-trial,10208,-23200,-98432,14996.1,-24555.6,-96108.6
191004130670600,372079504218,200,rotation-trial,10560,-23264,-98176,15348.1,-24619.6,-95852.6
191004131658200,372080507052,201,rotation-trial,9984,-23392,-98176,14772.1,-24747.6,-95852.6
191004132658800,372081504177,202,rotation-trial,10528,-23360,-98016,15316.1,-24715.6,-95692.6
191004133649500,372082504052,203,rotation-trial,9568,-22816,-98624,14356.1,-24171.6,-96300.6
191004134712100,372083505510,204,rotation-trial,10912,-23200,-98336,15700.1,-24555.6,-96012.6
191004135771800,372084504260,205,rotation-trial,10720,-23776,-98208,15508.1,-25131.6,-95884.6
191004136753800,372085504343,206,rotation-trial,10080,-22912,-98720,14868.1,-24267.6,-96396.6
191004137744900,372086505510,207,rotation-trial,11008,-23392,-98176,15796.1,-24747.6,-95852.6
191004138749000,372087504427,208,rotation-trial,10624,-23104,-98016,15412.1,-24459.6,-95692.6
191004139717800,372088504302,209,rotation-trial,10016,-23296,-97856,14804.1,-24651.6,-95532.6
191004140754500,372089504260,210,rotation-trial,9696,-23488,-97824,14484.1,-24843.6,-95500.6
191004141775300,372090504218,211,rotation-trial,10496,-23072,-98784,15284.1,-24427.6,-96460.6
191004142724500,372091504177,212,rotation-trial,10208,-23424,-98560,14996.1,-24779.6,-96236.6
191004143750200,372092504552,213,rotation-trial,10080,-23456,-98784,14868.1,-24811.6,-96460.6
191004144642600,372093504385,214,rotation-trial,10144,-23872,-98784,14932.1,-25227.6,-96460.6
191004145718300,372094504177,215,rotation-trial,10208,-23360,-98624,14996.1,-24715.6,-96300.6
191004146744300,372095504260,216,rotation-trial,9888,-23488,-98688,14676.1,-24843.6,-96364.6
191004147757900,372096504135,217,rotation-trial,9632,-23712,-98880,14420.1,-25067.6,-96556.6
191004148647200,372097504052,218,rotation-trial,9824,-23648,-99456,14612.1,-25003.6,-97132.6
191004149651600,372098505427,219,rotation-trial,10432,-23520,-98336,15220.1,-24875.6,-96012.6
191004150651200,372099504093,220,rotation-trial,9728,-23520,-98624,14516.1,-24875.6,-96300.6
191004151650000,372100505718,221,rotation-trial,9792,-23360,-98496,14580.1,-24715.6,-96172.6
191004152649000,372101504177,222,rotation-trial,9376,-23488,-99168,14164.1,-24843.6,-96844.6
191004153650900,372102504843,223,rotation-trial,9376,-23648,-99072,14164.1,-25003.6,-96748.6
191004154648900,372103505510,224,rotation-trial,9152,-23392,-98848,13940.1,-24747.6,-96524.6
191004155650700,372104504218,225,rotation-trial,9920,-23584,-98976,14708.1,-24939.6,-96652.6
191004156660100,372105504302,226,rotation-trial,9280,-23136,-99584,14068.1,-24491.6,-97260.6
191004157651300,372106504093,227,rotation-trial,10112,-23200,-98976,14900.1,-24555.6,-96652.6
191004158650800,372107505718,228,rotation-trial,10528,-23584,-98624,15316.1,-24939.6,-96300.6
191004159650700,372108504302,229,rotation-trial,9632,-23616,-99360,14420.1,-24971.6,-97036.6
191004160657100,372109504260,230,rotation-trial,9952,-23744,-98816,14740.1,-25099.6,-96492.6
191004161645000,372110504302,231,rotation-trial,10272,-23424,-99040,15060.1,-24779.6,-96716.6
191004162651300,372111504135,232,rotation-trial,9920,-23968,-99488,14708.1,-25323.6,-97164.6
191004163651200,372112504385,233,rotation-trial,10752,-23680,-99008,15540.1,-25035.6,-96684.6
191004164649200,372113504302,234,rotation-trial,10080,-22976,-98944,14868.1,-24331.6,-96620.6
191004165649200,372114504302,235,rotation-trial,10144,-23520,-99456,14932.1,-24875.6,-97132.6
191004166651300,372115504135,236,rotation-trial,10848,-23584,-98624,15636.1,-24939.6,-96300.6
191004167650900,372116504260,237,rotation-trial,10400,-23264,-99456,15188.1,-24619.6,-97132.6
191004168651000,372117505427,238,rotation-trial,10432,-23616,-99104,15220.1,-24971.6,-96780.6
191004169651000,372118504385,239,rotation-trial,10528,-23616,-99104,15316.1,-24971.6,-96780.6
191004170650900,372119504218,240,rotation-trial,10528,-23552,-99520,15316.1,-24907.6,-97196.6
191004171651100,372120504385,241,rotation-trial,11168,-23264,-99392,15956.1,-24619.6,-97068.6
191004172649100,372121504135,242,rotation-trial,10752,-23328,-99520,15540.1,-24683.6,-97196.6
191004173649900,372122504510,243,rotation-trial,11104,-22976,-99520,15892.1,-24331.6,-97196.6
191004174649100,372123504260,244,rotation-trial,11168,-23072,-99424,15956.1,-24427.6,-97100.6
191004175650900,372124504302,245,rotation-trial,11296,-23200,-99648,16084.1,-24555.6,-97324.6
191004176645000,372125504218,246,rotation-trial,11008,-23392,-99616,15796.1,-24747.6,-97292.6
191004177647700,372126504052,247,rotation-trial,11168,-23456,-99424,15956.1,-24811.6,-97100.6
191004178647800,372127505343,248,rotation-trial,11104,-23072,-100000,15892.1,-24427.6,-97676.6
191004179750200,372128506010,249,rotation-trial,10912,-23328,-100256,15700.1,-24683.6,-97932.6
191004180653700,372129504260,250,rotation-trial,10688,-23008,-99840,15476.1,-24363.6,-97516.6
191004181647200,372130504260,251,rotation-trial,10528,-23168,-100224,15316.1,-24523.6,-97900.6
191004182644300,372131504177,252,rotation-trial,11392,-23680,-100064,16180.1,-25035.6,-97740.6
191004183646600,372132504135,253,rotation-trial,11072,-23424,-99904,15860.1,-24779.6,-97580.6
191004184650700,372133504343,254,rotation-trial,10656,-23424,-99808,15444.1,-24779.6,-97484.6
191004185651600,372134504177,255,rotation-trial,10240,-23744,-100416,15028.1,-25099.6,-98092.6
191004186644400,372135505719,0,rotation-trial,11232,-23616,-99808,16020.1,-24971.6,-97484.6
191004187656100,372136504135,1,rotation-trial,11104,-23936,-99968,15892.1,-25291.6,-97644.6
191004188656200,372137504427,2,rotation-trial,11168,-23136,-99904,15956.1,-24491.6,-97580.6
191004189653400,372138504302,3,rotation-trial,10848,-23584,-100480,15636.1,-24939.6,-98156.6
191004190650700,372139505594,4,rotation-trial,11232,-24000,-100320,16020.1,-25355.6,-97996.6
191004191650600,372140505552,5,rotation-trial,10112,-23936,-99904,14900.1,-25291.6,-97580.6
191004192651900,372141504302,6,rotation-trial,10816,-24064,-100096,15604.1,-25419.6,-97772.6
191004193653000,372142506469,7,rotation-trial,10912,-23904,-99872,15700.1,-25259.6,-97548.6
191004194647400,372143505760,8,rotation-trial,10304,-23840,-100544,15092.1,-25195.6,-98220.6
191004195646600,372144504802,9,rotation-trial,11136,-23616,-100096,15924.1,-24971.6,-97772.6
191004196652600,372145504385,10,rotation-trial,10560,-23840,-100608,15348.1,-25195.6,-98284.6
191004197653200,372146504469,11,rotation-trial,10688,-23872,-100480,15476.1,-25227.6,-98156.6
191004198654100,372147504427,12,rotation-trial,10880,-24032,-100160,15668.1,-25387.6,-97836.6
191004199655100,372148504177,13,rotation-trial,10752,-24224,-100096,15540.1,-25579.6,-97772.6
191004200655800,372149504344,14,rotation-trial,10560,-23744,-100416,15348.1,-25099.6,-98092.6
191004201656700,372150504802,15,rotation-trial,11456,-23424,-100320,16244.1,-24779.6,-97996.6
191004202892900,372151504469,16,rotation-trial,10720,-24064,-100704,15508.1,-25419.6,-98380.6
191004203658800,372152504344,17,rotation-trial,10880,-23808,-100512,15668.1,-25163.6,-98188.6
191004204650100,372153504302,18,rotation-trial,10848,-23904,-100832,15636.1,-25259.6,-98508.6
191004205653000,372154504302,19,rotation-trial,11104,-23456,-100608,15892.1,-24811.6,-98284.6
191004206654400,372155504260,20,rotation-trial,11616,-23488,-100256,16404.1,-24843.6,-97932.6
191004207655800,372156504385,21,rotation-trial,11296,-23360,-101248,16084.1,-24715.6,-98924.6
191004208651100,372157504385,22,rotation-trial,12032,-23584,-101024,16820.1,-24939.6,-98700.6
191004209656300,372158504177,23,rotation-trial,11392,-23104,-101440,16180.1,-24459.6,-99116.6
191004210653200,372159504427,24,rotation-trial,11232,-23104,-101760,16020.1,-24459.6,-99436.6
191004211650800,372160504260,25,rotation-trial,11552,-23904,-101184,16340.1,-25259.6,-98860.6
191004212651000,372161504344,26,rotation-trial,11488,-23552,-100896,16276.1,-24907.6,-98572.6
191004213654000,372162504469,27,rotation-trial,11808,-23552,-101280,16596.1,-24907.6,-98956.6
191004214656300,372163504302,28,rotation-trial,11136,-23520,-101632,15924.1,-24875.6,-99308.6
191004215656200,372164504219,29,rotation-trial,11584,-23264,-101664,16372.1,-24619.6,-99340.6
191004216656500,372165504177,30,rotation-trial,11904,-23136,-101824,16692.1,-24491.6,-99500.6
191004217656200,372166504302,31,rotation-trial,11680,-23328,-101312,16468.1,-24683.6,-98988.6
191004218656200,372167504385,32,rotation-trial,11648,-22944,-101632,16436.1,-24299.6,-99308.6
191004219649500,372168504344,33,rotation-trial,12032,-23392,-101632,16820.1,-24747.6,-99308.6
191004220657600,372169505219,34,rotation-trial,11296,-22976,-102144,16084.1,-24331.6,-99820.6
191004221649100,372170504344,35,rotation-trial,11616,-23360,-101664,16404.1,-24715.6,-99340.6
191004222655200,372171504385,36,rotation-trial,11648,-23072,-101952,16436.1,-24427.6,-99628.6
191004223653300,372172504344,37,rotation-trial,11680,-23616,-102080,16468.1,-24971.6,-99756.6
191004224651700,372173504969,38,rotation-trial,11360,-23584,-102144,16148.1,-24939.6,-99820.6
191004225642700,372174505177,39,rotation-trial,11744,-23488,-102592,16532.1,-24843.6,-100269
191004226650800,372175504177,40,rotation-trial,11776,-23360,-101632,16564.1,-24715.6,-99308.6
191004227644200,372176504344,41,rotation-trial,12128,-23584,-103040,16916.1,-24939.6,-100717
191004228646300,372177504344,42,rotation-trial,12256,-23520,-102656,17044.1,-24875.6,-100333
191004229651200,372178504219,43,rotation-trial,11392,-23104,-101824,16180.1,-24459.6,-99500.6
191004230650800,372179504219,44,rotation-trial,11616,-23808,-102560,16404.1,-25163.6,-100237
191004231650700,372180504177,45,rotation-trial,12320,-24032,-102720,17108.1,-25387.6,-100397
191004232651500,372181504427,46,rotation-trial,12192,-23744,-102240,16980.1,-25099.6,-99916.6
191004233650800,372182504302,47,rotation-trial,12224,-23712,-102848,17012.1,-25067.6,-100525
191004234651300,372183504177,48,rotation-trial,11744,-24000,-103200,16532.1,-25355.6,-100877
191004235650900,372184504302,49,rotation-trial,12192,-24544,-102272,16980.1,-25899.6,-99948.6
191004236647200,372185504260,50,rotation-trial,11904,-24096,-102624,16692.1,-25451.6,-100301
191004237651100,372186504177,51,rotation-trial,12224,-23680,-103136,17012.1,-25035.6,-100813
191004238650900,372187504427,52,rotation-trial,11712,-24704,-102592,16500.1,-26059.6,-100269
191004239650800,372188504177,53,rotation-trial,11776,-24032,-102880,16564.1,-25387.6,-100557
191004240647900,372189504177,54,rotation-trial,12128,-23968,-102816,16916.1,-25323.6,-100493
191004241651300,372190504135,55,rotation-trial,11776,-23744,-103520,16564.1,-25099.6,-101197
191004242653700,372191505385,56,rotation-trial,12416,-24416,-102848,17204.1,-25771.6,-100525
191004243652100,372192504302,57,rotation-trial,12224,-24288,-103328,17012.1,-25643.6,-101005
191004244651200,372193504219,58,rotation-trial,11936,-24352,-103104,16724.1,-25707.6,-100781
191004245651200,372194504135,59,rotation-trial,12320,-24032,-103456,17108.1,-25387.6,-101133
191004246650800,372195504219,60,rotation-trial,12416,-23648,-103072,17204.1,-25003.6,-100749
191004247650900,372196505885,61,rotation-trial,12160,-23936,-103072,16948.1,-25291.6,-100749
191004248648800,372197504552,62,rotation-trial,12480,-23552,-104128,17268.1,-24907.6,-101805
191004249650900,372198504177,63,rotation-trial,12384,-24096,-104096,17172.1,-25451.6,-101773
191004250651200,372199505094,64,rotation-trial,11712,-23776,-103872,16500.1,-25131.6,-101549
191004251650000,372200504177,65,rotation-trial,12384,-24032,-103648,17172.1,-25387.6,-101325
191004252650900,372201504427,66,rotation-trial,12480,-23904,-104000,17268.1,-25259.6,-101677
191004253651200,372202504344,67,rotation-trial,12448,-23872,-104576,17236.1,-25227.6,-102253
191004254651000,372203504177,68,rotation-trial,13280,-23680,-103328,18068.1,-25035.6,-101005
191004255651100,372204505677,69,rotation-trial,12192,-23936,-104064,16980.1,-25291.6,-101741
191004256651800,372205504177,70,rotation-trial,12320,-23488,-104608,17108.1,-24843.6,-102285
191004257648400,372206506510,71,rotation-trial,12416,-24288,-103488,17204.1,-25643.6,-101165
191004258644600,372207504260,72,rotation-trial,12480,-23584,-104256,17268.1,-24939.6,-101933
191004259643700,372208504135,73,rotation-trial,12064,-23936,-104032,16852.1,-25291.6,-101709
191004260646300,372209504510,74,rotation-trial,12576,-23840,-104576,17364.1,-25195.6,-102253
191004261654900,372210504219,75,rotation-trial,12352,-23872,-104256,17140.1,-25227.6,-101933
191004262652400,372211504344,76,rotation-trial,12256,-23968,-104928,17044.1,-25323.6,-102605
191004263651600,372212504260,77,rotation-trial,12288,-24288,-104576,17076.1,-25643.6,-102253
191004264651200,372213503844,78,rotation-trial,12896,-24224,-104192,17684.1,-25579.6,-101869
191004265651900,372214504219,79,rotation-trial,12768,-24608,-104928,17556.1,-25963.6,-102605
191004266644400,372215504177,80,rotation-trial,12288,-24288,-105088,17076.1,-25643.6,-102765
191004267651200,372216505802,81,rotation-trial,12992,-24288,-104736,17780.1,-25643.6,-102413
191004268651100,372217504219,82,rotation-trial,12992,-23904,-105472,17780.1,-25259.6,-103149
191004269651200,372218504177,83,rotation-trial,12832,-24096,-104192,17620.1,-25451.6,-101869
191004270651000,372219504927,84,rotation-trial,12768,-24256,-104736,17556.1,-25611.6,-102413
191004271651100,372220504385,85,rotation-trial,13120,-24128,-104704,17908.1,-25483.6,-102381
191004272657200,372221504302,86,rotation-trial,13312,-24032,-105216,18100.1,-25387.6,-102893
191004273655600,372222506177,87,rotation-trial,13312,-24352,-104224,18100.1,-25707.6,-101901
191004274649500,372223505219,88,rotation-trial,12896,-24800,-105280,17684.1,-26155.6,-102957
191004275654200,372224506177,89,rotation-trial,12992,-24544,-104768,17780.1,-25899.6,-102445
191004276646900,372225504177,90,rotation-trial,13216,-24480,-104768,18004.1,-25835.6,-102445
191004277655200,372226504260,91,rotation-trial,13248,-24448,-105600,18036.1,-25803.6,-103277
191004278652200,372227504510,92,rotation-trial,13472,-24416,-105120,18260.1,-25771.6,-102797
191004279651000,372228505927,93,rotation-trial,12928,-24096,-106400,17716.1,-25451.6,-104077
191004280648800,372229504260,94,rotation-trial,13696,-24992,-105024,18484.1,-26347.6,-102701
191004281651000,372230504385,95,rotation-trial,13248,-24608,-105408,18036.1,-25963.6,-103085
191004282650900,372231504260,96,rotation-trial,13088,-24320,-104864,17876.1,-25675.6,-102541
191004283650600,372232504219,97,rotation-trial,13312,-24640,-106112,18100.1,-25995.6,-103789
191004284649500,372233505719,98,rotation-trial,13952,-24448,-105888,18740.1,-25803.6,-103565
191004285650800,372234504219,99,rotation-trial,13248,-24160,-105312,18036.1,-25515.6,-102989
191004286650700,372235505427,100,rotation-trial,13600,-24704,-105536,18388.1,-26059.6,-103213
191004287650500,372236504385,101,rotation-trial,12928,-24544,-105696,17716.1,-25899.6,-103373
191004288656800,372237504219,102,rotation-trial,12608,-24512,-105280,17396.1,-25867.6,-102957
191004289662000,372238505302,103,rotation-trial,13344,-24704,-105600,18132.1,-26059.6,-103277
191004290653100,372239504302,104,rotation-trial,13472,-24736,-105984,18260.1,-26091.6,-103661
191004291651400,372240504385,105,rotation-trial,13024,-24864,-105568,17812.1,-26219.6,-103245
191004292651000,372241504385,106,rotation-trial,12864,-24512,-106336,17652.1,-25867.6,-104013
191004293650800,372242504260,107,rotation-trial,12992,-24800,-105664,17780.1,-26155.6,-103341
191004294648600,372243504260,108,rotation-trial,13696,-24832,-105920,18484.1,-26187.6,-103597
191004295650400,372244504344,109,rotation-trial,13056,-24640,-105888,17844.1,-25995.6,-103565
191004296650900,372245504344,110,rotation-trial,13344,-24992,-105792,18132.1,-26347.6,-103469
191004297651200,372246504260,111,rotation-trial,13888,-24704,-106048,18676.1,-26059.6,-103725
191004298651000,372247504344,112,rotation-trial,13312,-24768,-106240,18100.1,-26123.6,-103917
191004299650900,372248504219,113,rotation-trial,13696,-24800,-106144,18484.1,-26155.6,-103821
191004300648700,372249504219,114,rotation-trial,13344,-24832,-106752,18132.1,-26187.6,-104429
191004301648800,372250504385,115,rotation-trial,13664,-24480,-106272,18452.1,-25835.6,-103949
191004302650600,372251504344,116,rotation-trial,13472,-24576,-106752,18260.1,-25931.6,-104429
191004303650800,372252504219,117,rotation-trial,12992,-25024,-106656,17780.1,-26379.6,-104333
191004304655000,372253504594,118,rotation-trial,13632,-24864,-106400,18420.1,-26219.6,-104077
191004305655300,372254504135,119,rotation-trial,13568,-24800,-106688,18356.1,-26155.6,-104365
191004306651000,372255504260,120,rotation-trial,14144,-25120,-106176,18932.1,-26475.6,-103853
191004307649200,372256504385,121,rotation-trial,13824,-25024,-106176,18612.1,-26379.6,-103853
191004308649000,372257504219,122,rotation-trial,13728,-24448,-106944,18516.1,-25803.6,-104621
191004309649200,372258504260,123,rotation-trial,13632,-24608,-106560,18420.1,-25963.6,-104237
191004310651300,372259504094,124,rotation-trial,14656,-25120,-106368,19444.1,-26475.6,-104045
191004311649100,372260506260,125,rotation-trial,13792,-25088,-105952,18580.1,-26443.6,-103629
191004312651700,372261504385,126,rotation-trial,14080,-24736,-106784,18868.1,-26091.6,-104461
191004313651000,372262504260,127,rotation-trial,13728,-24864,-107104,18516.1,-26219.6,-104781
191004314648900,372263507094,128,rotation-trial,14080,-24864,-107008,18868.1,-26219.6,-104685
191004315651100,372264505594,129,rotation-trial,13888,-25152,-106816,18676.1,-26507.6,-104493
191004316651300,372265504427,130,rotation-trial,14112,-25312,-106880,18900.1,-26667.6,-104557
191004317650000,372266505260,131,rotation-trial,14624,-24992,-106368,19412.1,-26347.6,-104045
191004318648900,372267504177,132,rotation-trial,14592,-25056,-106720,19380.1,-26411.6,-104397
191004319650800,372268504219,133,rotation-trial,14208,-24768,-107488,18996.1,-26123.6,-105165
191004320746500,372269504219,134,rotation-trial,14144,-24768,-107360,18932.1,-26123.6,-105037
191004321650800,372270504469,135,rotation-trial,14336,-24896,-107072,19124.1,-26251.6,-104749
191004322645100,372271504302,136,rotation-trial,14560,-24992,-106976,19348.1,-26347.6,-104653
191004323649600,372272504219,137,rotation-trial,15040,-25184,-106912,19828.1,-26539.6,-104589
191004324650900,372273504219,138,rotation-trial,14496,-24608,-107488,19284.1,-25963.6,-105165
191004325650900,372274504135,139,rotation-trial,14112,-24896,-107104,18900.1,-26251.6,-104781
191004326650600,372275505760,140,rotation-trial,14656,-24832,-106400,19444.1,-26187.6,-104077
191004327650700,372276504219,141,rotation-trial,13984,-25184,-106944,18772.1,-26539.6,-104621
191004328650000,372277504094,142,rotation-trial,14464,-24896,-107072,19252.1,-26251.6,-104749
191004329650600,372278504177,143,rotation-trial,13984,-25472,-106752,18772.1,-26827.6,-104429
191004330648600,372279504052,144,rotation-trial,14144,-25152,-107584,18932.1,-26507.6,-105261
191004331650800,372280504344,145,rotation-trial,14336,-25184,-107616,19124.1,-26539.6,-105293
191004332650600,372281504302,146,rotation-trial,14528,-25248,-108192,19316.1,-26603.6,-105869
191004333648600,372282504094,147,rotation-trial,14400,-25472,-107712,19188.1,-26827.6,-105389
191004334650500,372283504177,148,rotation-trial,15072,-25184,-107488,19860.1,-26539.6,-105165
191004335648800,372284504094,149,rotation-trial,14240,-25760,-107552,19028.1,-27115.6,-105229
191004336645600,372285504344,150,rotation-trial,14016,-25440,-107424,18804.1,-26795.6,-105101
191004337646600,372286504552,151,rotation-trial,14496,-25856,-107264,19284.1,-27211.6,-104941
191004338651800,372287504094,152,rotation-trial,14592,-26016,-107840,19380.1,-27371.6,-105517
191004339651000,372288504177,153,rotation-trial,14464,-25344,-107520,19252.1,-26699.6,-105197
191004340651300,372289504052,154,rotation-trial,14304,-25920,-107744,19092.1,-27275.6,-105421
191004341650900,372290504344,155,rotation-trial,13856,-25184,-108128,18644.1,-26539.6,-105805
191004342650800,372291504385,156,rotation-trial,14688,-25632,-107104,19476.1,-26987.6,-104781
191004343649200,372292509260,157,rotation-trial,14496,-25440,-107968,19284.1,-26795.6,-105645
191004344650800,372293504177,158,rotation-trial,14464,-25504,-108384,19252.1,-26859.6,-106061
191004345649700,372294504094,159,rotation-trial,14048,-25920,-107648,18836.1,-27275.6,-105325
191004346650800,372295504469,160,rotation-trial,14752,-26368,-107584,19540.1,-27723.6,-105261
191004347648900,372296504302,161,rotation-trial,14496,-25568,-107584,19284.1,-26923.6,-105261
191004348650500,372297503969,162,rotation-trial,14592,-25568,-107456,19380.1,-26923.6,-105133
191004349650800,372298504260,163,rotation-trial,15008,-25600,-108224,19796.1,-26955.6,-105901
191004350650700,372299504135,164,rotation-trial,14976,-25856,-107712,19764.1,-27211.6,-105389
191004351650900,372300505844,165,rotation-trial,15040,-25760,-108032,19828.1,-27115.6,-105709
191004352651900,372301504302,166,rotation-trial,15008,-25568,-107744,19796.1,-26923.6,-105421
191004353654500,372302507469,167,rotation-trial,14304,-26176,-107776,19092.1,-27531.6,-105453
191004354649500,372303504385,168,rotation-trial,15136,-25952,-107904,19924.1,-27307.6,-105581
191004355651100,372304505135,169,rotation-trial,14656,-25952,-107552,19444.1,-27307.6,-105229
191004356651000,372305504385,170,rotation-trial,15104,-25472,-107648,19892.1,-26827.6,-105325
191004357650500,372306504219,171,rotation-trial,14816,-25440,-108224,19604.1,-26795.6,-105901
191004358650800,372307504469,172,rotation-trial,14720,-25600,-107808,19508.1,-26955.6,-105485
191004359651200,372308504302,173,rotation-trial,15104,-26400,-107808,19892.1,-27755.6,-105485
191004360650800,372309504552,174,rotation-trial,14528,-26144,-108800,19316.1,-27499.6,-106477
191004361650600,372310506177,175,rotation-trial,15456,-25952,-108512,20244.1,-27307.6,-106189
191004362648800,372311504344,176,rotation-trial,15296,-25568,-108064,20084.1,-26923.6,-105741
191004363651300,372312506510,177,rotation-trial,14336,-26112,-107616,19124.1,-27467.6,-105293
191004364651000,372313504177,178,rotation-trial,15008,-25824,-108480,19796.1,-27179.6,-106157
191004365650700,372314504344,179,rotation-trial,14976,-26112,-108512,19764.1,-27467.6,-106189
191004366650800,372315504260,180,rotation-trial,14080,-25632,-108544,18868.1,-26987.6,-106221
191004367650700,372316505802,181,rotation-trial,14688,-25600,-108384,19476.1,-26955.6,-106061
191004368641500,372317505010,182,rotation-trial,15104,-25728,-108192,19892.1,-27083.6,-105869
191004369650800,372318504177,183,rotation-trial,14688,-25472,-108736,19476.1,-26827.6,-106413
191004370658300,372319504344,184,rotation-trial,14752,-26016,-108640,19540.1,-27371.6,-106317
191004371655400,372320504344,185,rotation-trial,14816,-26016,-108768,19604.1,-27371.6,-106445
191004372652800,372321504302,186,rotation-trial,14912,-25728,-109152,19700.1,-27083.6,-106829
191004373650500,372322504219,187,rotation-trial,14784,-25760,-108544,19572.1,-27115.6,-106221
191004374652100,372323504219,188,rotation-trial,14976,-26272,-107680,19764.1,-27627.6,-105357
191004375653000,372324505510,189,rotation-trial,14592,-25920,-108832,19380.1,-27275.6,-106509
191004376652300,372325504677,190,rotation-trial,14720,-26144,-108576,19508.1,-27499.6,-106253
191004377652500,372326504177,191,rotation-trial,15264,-26080,-108352,20052.1,-27435.6,-106029
191004378652200,372327504135,192,rotation-trial,14624,-25792,-108864,19412.1,-27147.6,-106541
191004379652600,372328504052,193,rotation-trial,14176,-25856,-109312,18964.1,-27211.6,-106989
191004380651900,372329505260,194,rotation-trial,14528,-26304,-108864,19316.1,-27659.6,-106541
191004381648400,372330504344,195,rotation-trial,15424,-26240,-108608,20212.1,-27595.6,-106285
191004382647800,372331504177,196,rotation-trial,14656,-26592,-108480,19444.1,-27947.6,-106157
191004383648100,372332504135,197,rotation-trial,15136,-26464,-108864,19924.1,-27819.6,-106541
191004384645800,372333504469,198,rotation-trial,14944,-26368,-108768,19732.1,-27723.6,-106445
191004389024500,372334505594,199,rotation-trial,14752,-26656,-108416,19540.1,-28011.6,-106093
191004389048700,372335504385,200,rotation-trial,15200,-26432,-108576,19988.1,-27787.6,-106253
191004389055700,372336504344,201,rotation-trial,14752,-26592,-108928,19540.1,-27947.6,-106605
191004389061300,372337504260,202,rotation-trial,14368,-26496,-109184,19156.1,-27851.6,-106861
191004389640300,372338504260,203,rotation-trial,14912,-26752,-109280,19700.1,-28107.6,-106957
191004390643800,372339504260,204,rotation-trial,14784,-26304,-108832,19572.1,-27659.6,-106509
191004391656800,372340504344,205,rotation-trial,14976,-26624,-108608,19764.1,-27979.6,-106285
191004392654200,372341504177,206,rotation-trial,13984,-26656,-109216,18772.1,-28011.6,-106893
191004393647700,372342505427,207,rotation-trial,14688,-26496,-109024,19476.1,-27851.6,-106701
191004394650700,372343504094,208,rotation-trial,14528,-27168,-109344,19316.1,-28523.6,-107021
191004395651400,372344504260,209,rotation-trial,15296,-26272,-108640,20084.1,-27627.6,-106317
191004396652300,372345505927,210,rotation-trial,14112,-26688,-109632,18900.1,-28043.6,-107309
191004397648400,372346504219,211,rotation-trial,14400,-26752,-108928,19188.1,-28107.6,-106605
191004398647900,372347504219,212,rotation-trial,14336,-26368,-109888,19124.1,-27723.6,-107565
191004399648000,372348504052,213,rotation-trial,15104,-26656,-108576,19892.1,-28011.6,-106253
191004400644700,372349505219,214,rotation-trial,14784,-27104,-108736,19572.1,-28459.6,-106413
191004401641200,372350504594,215,rotation-trial,14336,-26560,-110336,19124.1,-27915.6,-108013
191004403072500,372351505094,216,rotation-trial,15136,-26400,-109024,19924.1,-27755.6,-106701
191004403646700,372352504177,217,rotation-trial,14784,-26528,-109632,19572.1,-27883.6,-107309
191004404648400,372353504094,218,rotation-trial,14912,-26176,-109664,19700.1,-27531.6,-107341
191004405646600,372354504010,219,rotation-trial,15104,-26240,-109472,19892.1,-27595.6,-107149
191004406645900,372355504344,220,rotation-trial,14432,-26912,-110016,19220.1,-28267.6,-107693
191004407644900,372356504260,221,rotation-trial,14880,-26432,-109792,19668.1,-27787.6,-107469
191004408647900,372357505635,222,rotation-trial,14656,-26112,-109696,19444.1,-27467.6,-107373
191004409647100,372358505635,223,rotation-trial,15136,-26688,-110176,19924.1,-28043.6,-107853
191004410648400,372359504344,224,rotation-trial,14656,-26304,-110336,19444.1,-27659.6,-108013
191004411645500,372360504427,225,rotation-trial,14464,-26592,-110016,19252.1,-27947.6,-107693
191004412644300,372361504135,226,rotation-trial,14880,-26784,-109984,19668.1,-28139.6,-107661
191004413646000,372362504219,227,rotation-trial,14784,-26624,-109664,19572.1,-27979.6,-107341
191004414645600,372363504094,228,rotation-trial,14432,-26656,-109920,19220.1,-28011.6,-107597
191004415646200,372364506802,229,rotation-trial,15040,-26976,-109856,19828.1,-28331.6,-107533
191004416645300,372365504344,230,rotation-trial,15264,-26848,-109504,20052.1,-28203.6,-107181
191004417643700,372366505302,231,rotation-trial,14656,-26176,-110464,19444.1,-27531.6,-108141
191004418644600,372367504177,232,rotation-trial,14912,-26752,-110368,19700.1,-28107.6,-108045
191004419773000,372368504135,233,rotation-trial,15008,-26944,-109856,19796.1,-28299.6,-107533
191004420846800,372369504844,234,rotation-trial,14720,-26976,-110752,19508.1,-28331.6,-108429
191004421672300,372370504344,235,rotation-trial,14528,-26880,-110784,19316.1,-28235.6,-108461
191004422647200,372371504177,236,rotation-trial,14496,-27328,-109696,19284.1,-28683.6,-107373
191004423647300,372372504177,237,rotation-trial,14496,-26688,-110496,19284.1,-28043.6,-108173
191004424653700,372373504052,238,rotation-trial,14688,-26656,-110240,19476.1,-28011.6,-107917
191004425651100,372374505760,239,rotation-trial,14624,-26688,-111072,19412.1,-28043.6,-108749
191004426653300,372375504219,240,rotation-trial,14560,-27008,-110752,19348.1,-28363.6,-108429
191004427647800,372376505219,241,rotation-trial,14688,-27008,-110688,19476.1,-28363.6,-108365
191004428647100,372377504260,242,rotation-trial,14176,-27328,-111296,18964.1,-28683.6,-108973
191004429645900,372378504177,243,rotation-trial,15040,-27040,-110656,19828.1,-28395.6,-108333
191004430644800,372379504302,244,rotation-trial,14240,-27264,-110752,19028.1,-28619.6,-108429
191004431644700,372380504260,245,rotation-trial,13888,-26656,-110784,18676.1,-28011.6,-108461
191004432644900,372381504469,246,rotation-trial,14048,-27008,-110400,18836.1,-28363.6,-108077
191004433645100,372382504260,247,rotation-trial,14048,-26912,-111712,18836.1,-28267.6,-109389
191004434654100,372383504135,248,rotation-trial,13824,-27072,-110720,18612.1,-28427.6,-108397
191004435645300,372384504427,249,rotation-trial,13600,-27296,-111584,18388.1,-28651.6,-109261
191004436649200,372385504344,250,rotation-trial,13792,-26880,-111584,18580.1,-28235.6,-109261
191004437649900,372386504010,251,rotation-trial,14112,-27360,-110816,18900.1,-28715.6,-108493
191004438650800,372387504219,252,rotation-trial,14016,-27296,-111328,18804.1,-28651.6,-109005
191004439649700,372388504094,253,rotation-trial,13824,-27104,-111552,18612.1,-28459.6,-109229
191004440650400,372389504260,254,rotation-trial,14112,-27232,-111424,18900.1,-28587.6,-109101
191004441648700,372390504260,255,rotation-trial,14080,-27136,-111776,18868.1,-28491.6,-109453
191004442650500,372391504385,0,rotation-trial,13696,-27232,-112096,18484.1,-28587.6,-109773
191004443650900,372392505802,1,rotation-trial,13856,-27040,-111936,18644.1,-28395.6,-109613
191004444650500,372393504052,2,rotation-trial,13920,-26720,-111584,18708.1,-28075.6,-109261
191004445650400,372394504385,3,rotation-trial,13728,-27168,-112288,18516.1,-28523.6,-109965
191004446650600,372395504177,4,rotation-trial,14208,-27040,-112320,18996.1,-28395.6,-109997
191004447646400,372396504802,5,rotation-trial,13952,-27104,-111936,18740.1,-28459.6,-109613
191004448648300,372397504135,6,rotation-trial,13664,-27072,-112064,18452.1,-28427.6,-109741
191004449652300,372398505677,7,rotation-trial,13728,-27072,-112288,18516.1,-28427.6,-109965
191004450649900,372399504260,8,rotation-trial,14528,-27072,-111968,19316.1,-28427.6,-109645
191004451651200,372400504219,9,rotation-trial,14176,-27008,-111904,18964.1,-28363.6,-109581
191004452644400,372401504469,10,rotation-trial,14272,-26912,-111648,19060.1,-28267.6,-109325
191004453648400,372402504052,11,rotation-trial,13728,-27040,-113088,18516.1,-28395.6,-110765
191004454649300,372403504260,12,rotation-trial,13632,-26816,-112608,18420.1,-28171.6,-110285
191004455650700,372404504927,13,rotation-trial,13344,-26848,-112992,18132.1,-28203.6,-110669
191004456649100,372405504177,14,rotation-trial,14784,-27296,-111680,19572.1,-28651.6,-109357
191004457651000,372406503802,15,rotation-trial,14112,-27360,-112576,18900.1,-28715.6,-110253
191004458650800,372407504177,16,rotation-trial,14496,-27072,-112512,19284.1,-28427.6,-110189
191004459647800,372408504385,17,rotation-trial,14176,-27296,-112512,18964.1,-28651.6,-110189
191004460650900,372409504344,18,rotation-trial,13376,-27040,-112960,18164.1,-28395.6,-110637
191004461648800,372410504302,19,rotation-trial,14208,-27200,-113216,18996.1,-28555.6,-110893
191004462650800,372411504094,20,rotation-trial,14016,-27072,-111872,18804.1,-28427.6,-109549
191004463638600,372412504094,21,rotation-trial,14304,-27392,-112992,19092.1,-28747.6,-110669
191004464651200,372413504385,22,rotation-trial,14080,-27232,-112768,18868.1,-28587.6,-110445
191004465643800,372414504302,23,rotation-trial,13696,-27040,-112640,18484.1,-28395.6,-110317
191004466649800,372415504260,24,rotation-trial,13888,-27424,-112832,18676.1,-28779.6,-110509
191004467651200,372416504260,25,rotation-trial,13728,-26752,-112704,18516.1,-28107.6,-110381
191004468649100,372417504177,26,rotation-trial,14336,-27072,-112448,19124.1,-28427.6,-110125
191004469716000,372418504219,27,rotation-trial,14080,-27104,-113088,18868.1,-28459.6,-110765
191004470642600,372419504344,28,rotation-trial,14048,-26784,-112800,18836.1,-28139.6,-110477
191004471651100,372420513385,29,rotation-trial,13888,-26976,-113888,18676.1,-28331.6,-111565
191004472650000,372421505177,30,rotation-trial,13888,-27104,-112992,18676.1,-28459.6,-110669
191004473650600,372422504177,31,rotation-trial,14112,-26560,-113856,18900.1,-27915.6,-111533
191004474650800,372423504344,32,rotation-trial,13728,-27072,-113056,18516.1,-28427.6,-110733
191004475650600,372424504344,33,rotation-trial,13344,-26848,-113216,18132.1,-28203.6,-110893
191004476651100,372425504260,34,rotation-trial,13888,-27136,-113824,18676.1,-28491.6,-111501
191004477649100,372426504635,35,rotation-trial,14304,-27008,-113984,19092.1,-28363.6,-111661
191004478648800,372427504219,36,rotation-trial,13888,-27168,-114272,18676.1,-28523.6,-111949
191004479644300,372428504344,37,rotation-trial,13632,-27008,-113824,18420.1,-28363.6,-111501
191004480640500,372429504302,38,rotation-trial,13888,-27008,-113728,18676.1,-28363.6,-111405
191004481652000,372430504260,39,rotation-trial,13728,-26720,-113952,18516.1,-28075.6,-111629
191004482650400,372431505094,40,rotation-trial,14048,-27008,-113920,18836.1,-28363.6,-111597
191004483646400,372432504052,41,rotation-trial,13536,-27200,-114432,18324.1,-28555.6,-112109
191004484646600,372433504677,42,rotation-trial,13088,-26880,-114272,17876.1,-28235.6,-111949
191004485650900,372434505469,43,rotation-trial,13920,-27168,-114240,18708.1,-28523.6,-111917
191004486642000,372435504260,44,rotation-trial,13696,-27424,-114016,18484.1,-28779.6,-111693
191004487650700,372436504177,45,rotation-trial,14336,-27200,-113920,19124.1,-28555.6,-111597
191004488642700,372437504219,46,rotation-trial,13888,-27424,-114528,18676.1,-28779.6,-112205
191004489642900,372438504219,47,rotation-trial,14080,-27264,-113664,18868.1,-28619.6,-111341
191004490643100,372439504385,48,rotation-trial,13856,-27712,-114144,18644.1,-29067.6,-111821
191004491651300,372440505010,49,rotation-trial,13888,-27328,-114432,18676.1,-28683.6,-112109
191004492637900,372441504177,50,rotation-trial,14336,-27520,-114272,19124.1,-28875.6,-111949
191004493648800,372442504094,51,rotation-trial,14720,-27488,-114240,19508.1,-28843.6,-111917
191004494642900,372443504302,52,rotation-trial,14560,-27360,-114240,19348.1,-28715.6,-111917
191004495651400,372444504219,53,rotation-trial,14240,-27168,-114944,19028.1,-28523.6,-112621
191004496761500,372445504552,54,rotation-trial,14208,-27584,-113952,18996.1,-28939.6,-111629
191004497639900,372446504177,55,rotation-trial,14368,-27648,-114816,19156.1,-29003.6,-112493
191004498638400,372447504094,56,rotation-trial,14080,-27360,-114976,18868.1,-28715.6,-112653
191004499697700,372448506010,57,rotation-trial,14368,-27584,-114624,19156.1,-28939.6,-112301
191004500641400,372449504427,58,rotation-trial,14240,-27296,-113888,19028.1,-28651.6,-111565
191004501850100,372450504260,59,rotation-trial,14016,-27456,-115488,18804.1,-28811.6,-113165
191004502863800,372451505677,60,rotation-trial,13888,-27552,-115232,18676.1,-28907.6,-112909
191004503760900,372452504135,61,rotation-trial,13664,-27520,-115360,18452.1,-28875.6,-113037
191004504640400,372453504135,62,rotation-trial,13792,-27136,-115616,18580.1,-28491.6,-113293
191004505641900,372454504260,63,rotation-trial,14432,-27424,-114816,19220.1,-28779.6,-112493
191004506701900,372455504260,64,rotation-trial,13664,-27424,-115616,18452.1,-28779.6,-113293
191004507636900,372456504219,65,rotation-trial,13888,-27232,-115296,18676.1,-28587.6,-112973
191004508650700,372457505427,66,rotation-trial,13632,-27488,-115392,18420.1,-28843.6,-113069
191004509650700,372458507052,67,rotation-trial,13120,-27296,-116032,17908.1,-28651.6,-113709
191004510650100,372459504260,68,rotation-trial,13440,-27392,-115808,18228.1,-28747.6,-113485
191004511638900,372460504177,69,rotation-trial,13632,-27168,-115808,18420.1,-28523.6,-113485
191004512651100,372461504177,70,rotation-trial,13408,-27392,-115552,18196.1,-28747.6,-113229
191004513645600,372462504052,71,rotation-trial,12992,-27008,-116320,17780.1,-28363.6,-113997
191004514648800,372463504427,72,rotation-trial,13632,-27264,-116512,18420.1,-28619.6,-114189
191004515646000,372464504219,73,rotation-trial,13376,-27232,-116608,18164.1,-28587.6,-114285
191004516647600,372465504219,74,rotation-trial,13536,-27296,-117088,18324.1,-28651.6,-114765
191004517646900,372466504302,75,rotation-trial,13760,-26880,-116704,18548.1,-28235.6,-114381
191004518644400,372467504052,76,rotation-trial,13248,-27040,-116832,18036.1,-28395.6,-114509
191004519646600,372468504510,77,rotation-trial,13504,-27616,-116704,18292.1,-28971.6,-114381
191004520646700,372469504219,78,rotation-trial,13472,-27552,-117312,18260.1,-28907.6,-114989
191004522066800,372470504177,79,rotation-trial,13568,-27680,-116864,18356.1,-29035.6,-114541
191004522647100,372471504094,80,rotation-trial,13664,-27840,-117632,18452.1,-29195.6,-115309
191004523646600,372472504135,81,rotation-trial,13792,-27456,-117440,18580.1,-28811.6,-115117
191004524646200,372473504302,82,rotation-trial,13472,-27616,-117248,18260.1,-28971.6,-114925
191004525650300,372474504802,83,rotation-trial,13760,-28000,-117664,18548.1,-29355.6,-115341
191004526651100,372475505469,84,rotation-trial,13600,-27680,-117824,18388.1,-29035.6,-115501
191004527635300,372476504135,85,rotation-trial,13888,-27520,-116896,18676.1,-28875.6,-114573
191004528652500,372477503969,86,rotation-trial,13440,-27072,-118080,18228.1,-28427.6,-115757
191004529640900,372478504344,87,rotation-trial,13664,-27680,-117472,18452.1,-29035.6,-115149
191004530639100,372479504135,88,rotation-trial,14016,-27680,-117824,18804.1,-29035.6,-115501
191004531641000,372480505510,89,rotation-trial,13760,-28160,-117664,18548.1,-29515.6,-115341
191004532649100,372481504760,90,rotation-trial,13248,-27968,-118432,18036.1,-29323.6,-116109
191004533654700,372482504219,91,rotation-trial,13760,-27616,-118208,18548.1,-28971.6,-115885
191004534645400,372483504260,92,rotation-trial,14016,-27968,-118176,18804.1,-29323.6,-115853
191004535644000,372484504260,93,rotation-trial,14304,-28192,-117632,19092.1,-29547.6,-115309
191004536643800,372485504177,94,rotation-trial,14176,-27872,-118464,18964.1,-29227.6,-116141
191004537644300,372486504219,95,rotation-trial,14336,-28064,-118080,19124.1,-29419.6,-115757
191004538644600,372487505302,96,rotation-trial,13952,-27968,-118432,18740.1,-29323.6,-116109
191004539642000,372488504302,97,rotation-trial,13760,-27648,-118944,18548.1,-29003.6,-116621
191004540644000,372489504135,98,rotation-trial,13344,-27648,-119424,18132.1,-29003.6,-117101
191004541644000,372490506885,99,rotation-trial,14496,-27648,-119104,19284.1,-29003.6,-116781
191004542660400,372491504177,100,rotation-trial,14016,-28128,-118432,18804.1,-29483.6,-116109
191004543785800,372492504427,101,rotation-trial,14016,-27904,-119328,18804.1,-29259.6,-117005
191004544639500,372493504302,102,rotation-trial,14048,-28480,-119136,18836.1,-29835.6,-116813
191004545634500,372494504219,103,rotation-trial,14048,-28320,-119136,18836.1,-29675.6,-116813
191004546636800,372495505219,104,rotation-trial,13376,-28416,-118784,18164.1,-29771.6,-116461
191004547637200,372496504219,105,rotation-trial,13600,-28672,-119168,18388.1,-30027.6,-116845
191004548637200,372497504260,106,rotation-trial,13760,-28416,-119456,18548.1,-29771.6,-117133
191004549637500,372498504302,107,rotation-trial,14080,-28288,-119456,18868.1,-29643.6,-117133
191004550637800,372499504094,108,rotation-trial,13408,-28768,-119552,18196.1,-30123.6,-117229
191004551637700,372500505510,109,rotation-trial,13440,-28352,-120000,18228.1,-29707.6,-117677
191004552637400,372501504302,110,rotation-trial,14336,-28448,-119488,19124.1,-29803.6,-117165
191004553637700,372502504302,111,rotation-trial,13024,-29056,-120512,17812.1,-30411.6,-118189
191004554637800,372503504260,112,rotation-trial,13024,-28736,-120160,17812.1,-30091.6,-117837
191004555638300,372504504094,113,rotation-trial,13312,-28288,-120288,18100.1,-29643.6,-117965
191004556637800,372505504760,114,rotation-trial,13440,-28480,-120896,18228.1,-29835.6,-118573
191004557636900,372506504135,115,rotation-trial,13184,-28160,-121024,17972.1,-29515.6,-118701
191004558637600,372507504385,116,rotation-trial,13504,-28512,-120672,18292.1,-29867.6,-118349
191004559707300,372508504219,117,rotation-trial,13504,-28512,-121088,18292.1,-29867.6,-118765
191004560654400,372509504135,118,rotation-trial,13184,-28096,-121312,17972.1,-29451.6,-118989
191004561644600,372510504344,119,rotation-trial,13280,-28544,-121120,18068.1,-29899.6,-118797
191004562657000,372511504219,120,rotation-trial,13632,-28512,-120992,18420.1,-29867.6,-118669
191004563660500,372512504344,121,rotation-trial,13472,-28512,-121696,18260.1,-29867.6,-119373
191004564643000,372513504302,122,rotation-trial,14400,-28576,-120992,19188.1,-29931.6,-118669
191004565640500,372514504177,123,rotation-trial,13568,-28544,-121856,18356.1,-29899.6,-119533
191004566642200,372515504177,124,rotation-trial,14112,-28448,-121280,18900.1,-29803.6,-118957
191004567638700,372516504135,125,rotation-trial,14368,-28320,-120832,19156.1,-29675.6,-118509
191004568638800,372517504344,126,rotation-trial,13760,-28768,-121408,18548.1,-30123.6,-119085
191004569640500,372518504219,127,rotation-trial,13632,-28512,-122016,18420.1,-29867.6,-119693
191004570639300,372519504177,128,rotation-trial,13728,-28416,-121696,18516.1,-29771.6,-119373
191004571641500,372520504260,129,rotation-trial,14336,-28864,-121824,19124.1,-30219.6,-119501
191004572640600,372521504094,130,rotation-trial,14560,-28928,-121664,19348.1,-30283.6,-119341
191004573641100,372522504135,131,rotation-trial,13952,-29024,-121632,18740.1,-30379.6,-119309
191004574641500,372523504927,132,rotation-trial,14304,-29344,-122176,19092.1,-30699.6,-119853
191004575751500,372524504094,133,rotation-trial,14176,-28576,-122272,18964.1,-29931.6,-119949
191004576655800,372525504177,134,rotation-trial,14848,-29024,-122112,19636.1,-30379.6,-119789
191004577652600,372526504052,135,rotation-trial,14688,-28832,-122208,19476.1,-30187.6,-119885
191004578646200,372527504260,136,rotation-trial,14784,-29120,-122080,19572.1,-30475.6,-119757
191004579652000,372528505635,137,rotation-trial,15072,-29248,-122784,19860.1,-30603.6,-120461
191004580651100,372529504219,138,rotation-trial,14272,-29120,-122368,19060.1,-30475.6,-120045
191004581651300,372530506760,139,rotation-trial,15072,-29088,-123008,19860.1,-30443.6,-120685
191004582651200,372531504010,140,rotation-trial,14624,-29152,-122624,19412.1,-30507.6,-120301
191004583650200,372532504177,141,rotation-trial,15072,-29216,-122688,19860.1,-30571.6,-120365
191004584650800,372533504302,142,rotation-trial,15232,-29472,-122880,20020.1,-30827.6,-120557
191004585651200,372534505135,143,rotation-trial,15296,-29376,-123168,20084.1,-30731.6,-120845
191004586648900,372535504135,144,rotation-trial,15808,-29600,-122720,20596.1,-30955.6,-120397
191004587650900,372536504135,145,rotation-trial,15520,-29664,-122752,20308.1,-31019.6,-120429
191004588651000,372537504302,146,rotation-trial,14880,-29664,-123264,19668.1,-31019.6,-120941
191004589651400,372538504385,147,rotation-trial,15072,-29568,-123648,19860.1,-30923.6,-121325
191004590650500,372539505927,148,rotation-trial,14496,-30016,-123840,19284.1,-31371.6,-121517
191004591666700,372540504635,149,rotation-trial,15040,-29952,-124064,19828.1,-31307.6,-121741
191004592649400,372541503969,150,rotation-trial,15392,-29440,-124192,20180.1,-30795.6,-121869
191004593655800,372542504427,151,rotation-trial,15520,-30176,-124160,20308.1,-31531.6,-121837
191004594654100,372543504302,152,rotation-trial,15296,-29824,-124384,20084.1,-31179.6,-122061
191004595654500,372544504052,153,rotation-trial,15040,-29984,-124736,19828.1,-31339.6,-122413
191004596652400,372545504177,154,rotation-trial,15872,-29952,-124576,20660.1,-31307.6,-122253
191004597654500,372546504010,155,rotation-trial,14976,-30336,-124576,19764.1,-31691.6,-122253
191004598654000,372547504344,156,rotation-trial,15520,-30240,-124608,20308.1,-31595.6,-122285
191004599653800,372548504177,157,rotation-trial,14624,-30208,-125024,19412.1,-31563.6,-122701
191004600654000,372549504219,158,rotation-trial,14944,-30336,-124800,19732.1,-31691.6,-122477
191004601652100,372550504177,159,rotation-trial,15072,-30496,-124640,19860.1,-31851.6,-122317
191004602653900,372551504385,160,rotation-trial,15008,-30432,-125088,19796.1,-31787.6,-122765
191004603659000,372552504177,161,rotation-trial,15072,-30528,-125088,19860.1,-31883.6,-122765
191004604654600,372553504219,162,rotation-trial,14688,-30272,-125600,19476.1,-31627.6,-123277
191004605652000,372554504052,163,rotation-trial,15360,-30720,-125312,20148.1,-32075.6,-122989
191004606653500,372555504302,164,rotation-trial,15040,-30560,-125248,19828.1,-31915.6,-122925
191004607671900,372556504052,165,rotation-trial,15040,-30464,-125920,19828.1,-31819.6,-123597
191004608658500,372557504302,166,rotation-trial,14784,-30720,-125312,19572.1,-32075.6,-122989
191004609655000,372558504177,167,rotation-trial,15232,-30336,-126240,20020.1,-31691.6,-123917
191004610653600,372559504135,168,rotation-trial,14816,-30752,-125664,19604.1,-32107.6,-123341
191004611653700,372560504177,169,rotation-trial,14912,-29632,-126944,19700.1,-30987.6,-124621
191004612653300,372561504135,170,rotation-trial,15456,-30848,-126208,20244.1,-32203.6,-123885
191004613653400,372562504385,171,rotation-trial,15072,-30368,-126368,19860.1,-31723.6,-124045
191004614653400,372563506010,172,rotation-trial,15296,-29952,-127104,20084.1,-31307.6,-124781
191004615653400,372564511219,173,rotation-trial,15712,-30176,-126304,20500.1,-31531.6,-123981
191004616653200,372565505719,174,rotation-trial,15872,-30400,-127232,20660.1,-31755.6,-124909
191004617653400,372566504385,175,rotation-trial,15552,-30176,-127168,20340.1,-31531.6,-124845
191004618653000,372567504260,176,rotation-trial,16096,-30464,-127296,20884.1,-31819.6,-124973
191004619651900,372568504177,177,rotation-trial,16064,-30144,-127296,20852.1,-31499.6,-124973
191004620655200,372569503760,178,rotation-trial,16096,-30432,-126688,20884.1,-31787.6,-124365
191004621646200,372570504260,179,rotation-trial,15872,-30048,-127168,20660.1,-31403.6,-124845
191004622648500,372571504302,180,rotation-trial,16448,-30016,-127072,21236.1,-31371.6,-124749
191004623665200,372572504302,181,rotation-trial,16064,-30208,-127424,20852.1,-31563.6,-125101
191004624661200,372573504385,182,rotation-trial,16736,-30176,-127104,21524.1,-31531.6,-124781
191004625654100,372574504177,183,rotation-trial,16448,-30176,-128032,21236.1,-31531.6,-125709
191004626654200,372575504135,184,rotation-trial,16928,-30496,-127392,21716.1,-31851.6,-125069
191004627654000,372576504052,185,rotation-trial,17152,-30272,-128064,21940.1,-31627.6,-125741
191004628653600,372577504260,186,rotation-trial,17376,-30464,-127616,22164.1,-31819.6,-125293
191004629651600,372578504177,187,rotation-trial,16768,-30496,-128288,21556.1,-31851.6,-125965
191004630653100,372579504552,188,rotation-trial,17664,-30560,-128000,22452.1,-31915.6,-125677
191004631653400,372580504510,189,rotation-trial,17920,-30400,-127840,22708.1,-31755.6,-125517
191004632653000,372581504302,190,rotation-trial,17440,-31264,-128768,22228.1,-32619.6,-126445
191004633653200,372582504302,191,rotation-trial,17504,-30976,-128672,22292.1,-32331.6,-126349
191004634653500,372583504219,192,rotation-trial,16992,-31008,-128512,21780.1,-32363.6,-126189
191004635651100,372584505802,193,rotation-trial,17664,-30688,-127776,22452.1,-32043.6,-125453
191004636651000,372585505052,194,rotation-trial,17376,-31008,-128800,22164.1,-32363.6,-126477
191004637653000,372586504385,195,rotation-trial,18080,-31616,-128320,22868.1,-32971.6,-125997
191004638653100,372587504385,196,rotation-trial,17440,-31328,-128576,22228.1,-32683.6,-126253
191004639647400,372588504219,197,rotation-trial,17632,-31328,-128960,22420.1,-32683.6,-126637
191004640652200,372589504385,198,rotation-trial,17952,-31232,-128192,22740.1,-32587.6,-125869
191004641654600,372590504094,199,rotation-trial,17760,-31168,-129312,22548.1,-32523.6,-126989
191004642653400,372591505594,200,rotation-trial,17376,-31424,-128704,22164.1,-32779.6,-126381
191004643653000,372592504260,201,rotation-trial,18048,-31264,-128160,22836.1,-32619.6,-125837
191004644652700,372593504260,202,rotation-trial,17376,-31200,-129728,22164.1,-32555.6,-127405
191004645652800,372594504135,203,rotation-trial,17632,-32096,-129248,22420.1,-33451.6,-126925
191004646652800,372595504052,204,rotation-trial,17312,-32288,-129888,22100.1,-33643.6,-127565
191004647652800,372596504219,205,rotation-trial,17600,-31488,-129952,22388.1,-32843.6,-127629
191004649602000,372597504219,206,rotation-trial,17408,-31744,-130400,22196.1,-33099.6,-128077
191004649641100,372598504427,207,rotation-trial,17600,-32192,-129440,22388.1,-33547.6,-127117
191004650659700,372599505552,208,rotation-trial,17824,-31840,-130528,22612.1,-33195.6,-128205
191004651644600,372600504177,209,rotation-trial,17568,-31968,-129696,22356.1,-33323.6,-127373
191004652785600,372601504552,210,rotation-trial,18048,-31776,-129760,22836.1,-33131.6,-127437
191004654050000,372602504344,211,rotation-trial,17376,-32224,-130720,22164.1,-33579.6,-128397
191004654652800,372603504135,212,rotation-trial,17888,-31776,-131008,22676.1,-33131.6,-128685
191004655643400,372604504802,213,rotation-trial,17696,-31904,-130496,22484.1,-33259.6,-128173
191004656654600,372605506219,214,rotation-trial,17952,-31776,-130848,22740.1,-33131.6,-128525
191004657654600,372606505969,215,rotation-trial,17152,-31776,-131456,21940.1,-33131.6,-129133
191004658651300,372607504260,216,rotation-trial,18016,-31808,-131200,22804.1,-33163.6,-128877
191004659653200,372608504219,217,rotation-trial,17824,-31744,-131776,22612.1,-33099.6,-129453
191004660653500,372609504177,218,rotation-trial,17984,-31680,-131648,22772.1,-33035.6,-129325
191004661644200,372610504427,219,rotation-trial,18112,-31776,-131296,22900.1,-33131.6,-128973
191004662645200,372611504260,220,rotation-trial,18080,-31584,-131680,22868.1,-32939.6,-129357
191004663653100,372612504344,221,rotation-trial,18528,-31424,-131936,23316.1,-32779.6,-129613
191004664652800,372613504219,222,rotation-trial,18432,-31296,-131392,23220.1,-32651.6,-129069
191004665650700,372614504177,223,rotation-trial,18720,-31392,-131552,23508.1,-32747.6,-129229
191004666652600,372615504010,224,rotation-trial,18400,-31584,-131648,23188.1,-32939.6,-129325
191004667652500,372616506552,225,rotation-trial,18272,-31520,-131616,23060.1,-32875.6,-129293
191004668648700,372617504260,226,rotation-trial,18976,-32000,-132352,23764.1,-33355.6,-130029
191004669646600,372618504177,227,rotation-trial,19360,-31840,-131712,24148.1,-33195.6,-129389
191004670646700,372619504219,228,rotation-trial,18912,-31968,-132672,23700.1,-33323.6,-130349
191004671640900,372620504094,229,rotation-trial,18912,-31712,-132096,23700.1,-33067.6,-129773
191004672652700,372621504552,230,rotation-trial,19392,-32032,-132064,24180.1,-33387.6,-129741
191004673655200,372622505677,231,rotation-trial,18752,-31584,-132768,23540.1,-32939.6,-130445
191004674640400,372623504094,232,rotation-trial,19072,-32192,-132704,23860.1,-33547.6,-130381
191004675645200,372624504135,233,rotation-trial,19872,-32032,-132896,24660.1,-33387.6,-130573
191004676655100,372625504094,234,rotation-trial,19232,-32160,-132576,24020.1,-33515.6,-130253
191004677653500,372626505260,235,rotation-trial,19360,-32256,-132544,24148.1,-33611.6,-130221
191004678652800,372627504302,236,rotation-trial,19680,-31936,-133504,24468.1,-33291.6,-131181
191004679652800,372628505635,237,rotation-trial,19648,-32544,-132896,24436.1,-33899.6,-130573
191004680650700,372629504135,238,rotation-trial,19648,-32224,-133280,24436.1,-33579.6,-130957
191004681652700,372630504635,239,rotation-trial,19968,-32512,-133120,24756.1,-33867.6,-130797
191004682652600,372631506135,240,rotation-trial,20832,-32800,-133280,25620.1,-34155.6,-130957
191004683651700,372632504969,241,rotation-trial,20224,-32480,-133792,25012.1,-33835.6,-131469
191004684648500,372633504677,242,rotation-trial,20384,-32608,-133248,25172.1,-33963.6,-130925
191004685648400,372634504260,243,rotation-trial,20576,-32704,-133824,25364.1,-34059.6,-131501
191004686648200,372635504260,244,rotation-trial,19808,-32800,-134272,24596.1,-34155.6,-131949
191004687648500,372636504177,245,rotation-trial,19968,-32832,-133760,24756.1,-34187.6,-131437
191004688644700,372637504177,246,rotation-trial,20032,-32640,-134624,24820.1,-33995.6,-132301
191004689691500,372638504052,247,rotation-trial,20096,-32736,-135040,24884.1,-34091.6,-132717
191004690649700,372639504135,248,rotation-trial,20160,-32992,-134272,24948.1,-34347.6,-131949
191004691642500,372640504677,249,rotation-trial,20160,-33280,-134496,24948.1,-34635.6,-132173
191004692648900,372641504760,250,rotation-trial,19808,-32544,-135296,24596.1,-33899.6,-132973
191004693756400,372642504177,251,rotation-trial,20064,-32832,-134720,24852.1,-34187.6,-132397
191004694728800,372643504135,252,rotation-trial,20320,-33184,-135392,25108.1,-34539.6,-133069
191004695761100,372644504094,253,rotation-trial,19648,-33024,-135296,24436.1,-34379.6,-132973
191004696729700,372645504219,254,rotation-trial,20128,-33376,-135328,24916.1,-34731.6,-133005
191004697746100,372646504427,255,rotation-trial,19360,-33312,-135424,24148.1,-34667.6,-133101
191004698737200,372647505844,0,rotation-trial,19712,-33536,-135648,24500.1,-34891.6,-133325
191004699783200,372648504094,1,rotation-trial,18944,-33344,-135904,23732.1,-34699.6,-133581
191004700754400,372649504094,2,rotation-trial,19808,-33408,-136320,24596.1,-34763.6,-133997
191004701781400,372650504427,3,rotation-trial,19200,-33152,-136416,23988.1,-34507.6,-134093
191004702984500,372651504344,4,rotation-trial,19552,-33664,-135872,24340.1,-35019.6,-133549
191004703668800,372652504219,5,rotation-trial,19552,-33376,-136288,24340.1,-34731.6,-133965
191004704664000,372653504135,6,rotation-trial,19264,-33536,-136672,24052.1,-34891.6,-134349
191004705669500,372654504094,7,rotation-trial,19456,-33376,-136512,24244.1,-34731.6,-134189
191004706663200,372655504177,8,rotation-trial,19488,-33504,-137056,24276.1,-34859.6,-134733
191004707778800,372656504302,9,rotation-trial,19008,-33184,-137440,23796.1,-34539.6,-135117
191004708747900,372657504344,10,rotation-trial,19264,-33120,-137824,24052.1,-34475.6,-135501
191004709736700,372658504135,11,rotation-trial,19520,-33344,-138048,24308.1,-34699.6,-135725
191004710755800,372659504010,12,rotation-trial,19424,-33056,-137952,24212.1,-34411.6,-135629
191004711744700,372660504344,13,rotation-trial,19840,-33568,-137184,24628.1,-34923.6,-134861
191004712756900,372661504260,14,rotation-trial,19616,-33120,-138368,24404.1,-34475.6,-136045
191004713774400,372662504052,15,rotation-trial,20032,-33312,-137632,24820.1,-34667.6,-135309
191004714763500,372663504135,16,rotation-trial,20032,-33312,-138144,24820.1,-34667.6,-135821
191004715756700,372664505177,17,rotation-trial,19808,-33440,-138272,24596.1,-34795.6,-135949
191004716738400,372665504219,18,rotation-trial,20704,-33344,-138784,25492.1,-34699.6,-136461
191004717733500,372666504385,19,rotation-trial,19744,-33760,-138816,24532.1,-35115.6,-136493
191004718737300,372667504219,20,rotation-trial,20800,-33216,-138720,25588.1,-34571.6,-136397
191004719668100,372668504177,21,rotation-trial,20640,-33408,-138528,25428.1,-34763.6,-136205
191004720743800,372669504094,22,rotation-trial,20384,-33536,-139360,25172.1,-34891.6,-137037
191004721654500,372670505385,23,rotation-trial,20224,-33440,-138848,25012.1,-34795.6,-136525
191004722664300,372671504302,24,rotation-trial,21152,-33568,-138688,25940.1,-34923.6,-136365
191004723653700,372672504302,25,rotation-trial,21024,-33472,-138912,25812.1,-34827.6,-136589
191004724653200,372673504177,26,rotation-trial,21504,-33600,-138528,26292.1,-34955.6,-136205
191004725650600,372674504177,27,rotation-trial,21408,-33824,-139360,26196.1,-35179.6,-137037
191004726652200,372675503885,28,rotation-trial,20928,-34016,-139200,25716.1,-35371.6,-136877
191004727651100,372676504260,29,rotation-trial,21504,-34048,-139552,26292.1,-35403.6,-137229
191004728652100,372677504302,30,rotation-trial,21472,-34272,-139104,26260.1,-35627.6,-136781
191004729652100,372678504219,31,rotation-trial,21216,-33856,-139552,26004.1,-35211.6,-137229
191004730652000,372679504135,32,rotation-trial,20640,-33760,-139712,25428.1,-35115.6,-137389
191004731651800,372680504302,33,rotation-trial,20928,-34432,-140576,25716.1,-35787.6,-138253
191004732648000,372681504260,34,rotation-trial,21792,-34528,-140032,26580.1,-35883.6,-137709
191004733648100,372682504177,35,rotation-trial,20832,-34240,-140320,25620.1,-35595.6,-137997
191004734648200,372683504177,36,rotation-trial,20832,-34240,-140000,25620.1,-35595.6,-137677
191004735653700,372684504052,37,rotation-trial,20640,-34368,-140384,25428.1,-35723.6,-138061
191004736647800,372685507177,38,rotation-trial,20736,-34624,-140736,25524.1,-35979.6,-138413
191004737653600,372686504427,39,rotation-trial,20832,-34144,-140192,25620.1,-35499.6,-137869
191004738651700,372687504094,40,rotation-trial,20352,-34016,-141056,25140.1,-35371.6,-138733
191004739650500,372688504135,41,rotation-trial,20064,-33856,-141344,24852.1,-35211.6,-139021
191004740652400,372689504010,42,rotation-trial,20544,-34528,-141600,25332.1,-35883.6,-139277
191004741652400,372690504427,43,rotation-trial,20352,-34976,-141376,25140.1,-36331.6,-139053
191004742652200,372691504302,44,rotation-trial,20672,-34368,-141600,25460.1,-35723.6,-139277
191004743652000,372692504219,45,rotation-trial,19552,-34496,-142240,24340.1,-35851.6,-139917
191004744652300,372693504260,46,rotation-trial,20128,-34816,-141920,24916.1,-36171.6,-139597
191004745652600,372694504094,47,rotation-trial,20032,-34336,-141984,24820.1,-35691.6,-139661
191004746652200,372695504302,48,rotation-trial,19040,-34304,-142368,23828.1,-35659.6,-140045
191004747652000,372696504219,49,rotation-trial,19360,-34368,-142240,24148.1,-35723.6,-139917
191004748648200,372697504135,50,rotation-trial,19328,-34240,-143200,24116.1,-35595.6,-140877
191004749645900,372698504177,51,rotation-trial,19456,-34528,-143360,24244.1,-35883.6,-141037
191004750646300,372699504552,52,rotation-trial,19488,-34752,-142784,24276.1,-36107.6,-140461
191004751662900,372700506052,53,rotation-trial,19104,-34496,-143296,23892.1,-35851.6,-140973
191004752655000,372701504302,54,rotation-trial,19456,-34464,-143520,24244.1,-35819.6,-141197
191004753712900,372702504177,55,rotation-trial,18848,-34560,-143808,23636.1,-35915.6,-141485
191004754704300,372703504052,56,rotation-trial,19200,-34144,-143584,23988.1,-35499.6,-141261
191004755703000,372704504719,57,rotation-trial,19872,-34784,-142848,24660.1,-36139.6,-140525
191004756711600,372705507510,58,rotation-trial,19424,-34336,-143776,24212.1,-35691.6,-141453
191004757755000,372706504302,59,rotation-trial,20096,-34176,-143648,24884.1,-35531.6,-141325
191004758732500,372707504219,60,rotation-trial,20352,-34784,-143104,25140.1,-36139.6,-140781
191004759755600,372708504219,61,rotation-trial,20608,-34592,-144352,25396.1,-35947.6,-142029
191004760741000,372709504135,62,rotation-trial,20064,-34272,-144352,24852.1,-35627.6,-142029
191004761783300,372710504802,63,rotation-trial,20448,-34560,-143936,25236.1,-35915.6,-141613
191004762719200,372711504219,64,rotation-trial,20320,-34496,-143616,25108.1,-35851.6,-141293
191004763729000,372712504135,65,rotation-trial,21056,-34816,-143840,25844.1,-36171.6,-141517
191004764745500,372713504177,66,rotation-trial,21248,-34624,-143488,26036.1,-35979.6,-141165
191004765741000,372714503969,67,rotation-trial,20640,-34688,-144608,25428.1,-36043.6,-142285
191004766744500,372715504302,68,rotation-trial,21696,-34400,-143904,26484.1,-35755.6,-141581
191004767721700,372716504385,69,rotation-trial,22048,-34784,-144224,26836.1,-36139.6,-141901
191004768753600,372717504594,70,rotation-trial,20928,-34528,-143808,25716.1,-35883.6,-141485
191004769737900,372718504135,71,rotation-trial,22240,-35104,-143712,27028.1,-36459.6,-141389
191004770756700,372719504052,72,rotation-trial,22176,-34880,-144352,26964.1,-36235.6,-142029
191004771650200,372720504260,73,rotation-trial,22432,-34976,-144352,27220.1,-36331.6,-142029
191004772650600,372721504260,74,rotation-trial,22592,-34944,-144416,27380.1,-36299.6,-142093
191004773652200,372722504427,75,rotation-trial,22784,-35328,-144032,27572.1,-36683.6,-141709
191004774651900,372723504219,76,rotation-trial,22112,-34848,-144160,26900.1,-36203.6,-141837
191004775651800,372724504094,77,rotation-trial,22336,-35136,-145280,27124.1,-36491.6,-142957
191004776651700,372725504302,78,rotation-trial,22208,-35712,-144960,26996.1,-37067.6,-142637
191004777652100,372726504219,79,rotation-trial,22496,-35520,-144736,27284.1,-36875.6,-142413
191004778651500,372727506552,80,rotation-trial,22400,-35584,-144896,27188.1,-36939.6,-142573
191004779651800,372728504760,81,rotation-trial,22048,-35424,-145440,26836.1,-36779.6,-143117
191004780651500,372729504010,82,rotation-trial,22144,-35232,-145056,26932.1,-36587.6,-142733
191004781653400,372730504260,83,rotation-trial,22784,-35264,-145600,27572.1,-36619.6,-143277
191004782651600,372731504177,84,rotation-trial,21248,-35520,-146304,26036.1,-36875.6,-143981
191004783647000,372732504177,85,rotation-trial,21728,-35072,-145824,26516.1,-36427.6,-143501
191004784652500,372733504260,86,rotation-trial,21024,-35392,-146272,25812.1,-36747.6,-143949
191004785651300,372734504344,87,rotation-trial,21056,-35072,-146816,25844.1,-36427.6,-144493
191004786651200,372735504302,88,rotation-trial,21408,-35104,-145760,26196.1,-36459.6,-143437
191004787651200,372736504177,89,rotation-trial,20352,-35360,-147136,25140.1,-36715.6,-144813
191004788651000,372737503802,90,rotation-trial,20960,-35520,-147104,25748.1,-36875.6,-144781
191004789651000,372738504177,91,rotation-trial,19968,-35104,-147680,24756.1,-36459.6,-145357
191004790651100,372739504344,92,rotation-trial,20032,-35328,-146944,24820.1,-36683.6,-144621
191004791651000,372740504260,93,rotation-trial,20512,-35168,-147616,25300.1,-36523.6,-145293
191004792651000,372741504177,94,rotation-trial,19904,-35200,-147648,24692.1,-36555.6,-145325
191004793649100,372742504177,95,rotation-trial,19776,-35392,-148000,24564.1,-36747.6,-145677
191004794650800,372743504094,96,rotation-trial,19488,-35424,-148064,24276.1,-36779.6,-145741
191004795650900,372744506219,97,rotation-trial,20160,-35776,-147776,24948.1,-37131.6,-145453
191004796650800,372745508635,98,rotation-trial,19328,-35008,-148544,24116.1,-36363.6,-146221
191004797651200,372746505677,99,rotation-trial,19936,-35360,-148576,24724.1,-36715.6,-146253
191004798650900,372747508719,100,rotation-trial,20384,-35648,-148448,25172.1,-37003.6,-146125
191004799787300,372748519510,101,rotation-trial,20192,-35712,-148512,24980.1,-37067.6,-146189
191004800788700,372749514219,102,rotation-trial,20544,-36192,-148480,25332.1,-37547.6,-146157
191004801646400,372750509344,103,rotation-trial,19904,-35648,-148256,24692.1,-37003.6,-145933
191004802653200,372751509510,104,rotation-trial,20736,-35584,-148864,25524.1,-36939.6,-146541
191004803652100,372752504427,105,rotation-trial,20416,-36416,-148512,25204.1,-37771.6,-146189
191004804651900,372753505635,106,rotation-trial,20000,-35936,-149024,24788.1,-37291.6,-146701
191004805650000,372754511260,107,rotation-trial,20576,-36224,-148544,25364.1,-37579.6,-146221
191004806651600,372755510094,108,rotation-trial,20736,-36352,-148928,25524.1,-37707.6,-146605
191004807649800,372756511969,109,rotation-trial,21344,-36448,-148416,26132.1,-37803.6,-146093
191004808651700,372757509135,110,rotation-trial,21440,-36128,-149024,26228.1,-37483.6,-146701
191004809651700,372758511302,111,rotation-trial,20928,-36288,-148896,25716.1,-37643.6,-146573
191004810651700,372759505469,112,rotation-trial,21760,-36544,-148416,26548.1,-37899.6,-146093
191004811649800,372760508177,113,rotation-trial,21856,-36448,-148960,26644.1,-37803.6,-146637
191004812651700,372761509885,114,rotation-trial,21248,-36384,-149472,26036.1,-37739.6,-147149
191004813651600,372762510219,115,rotation-trial,21632,-36416,-148704,26420.1,-37771.6,-146381
191004814649400,372763509135,116,rotation-trial,22048,-36608,-149664,26836.1,-37963.6,-147341
191004815653700,372764510469,117,rotation-trial,22080,-36288,-149728,26868.1,-37643.6,-147405
191004816661800,372765505219,118,rotation-trial,22144,-36352,-150272,26932.1,-37707.6,-147949
191004817655200,372766508802,119,rotation-trial,22400,-36384,-150080,27188.1,-37739.6,-147757
191004818653100,372767505260,120,rotation-trial,22240,-36096,-150048,27028.1,-37451.6,-147725
191004819650700,372768509969,121,rotation-trial,21792,-36288,-150176,26580.1,-37643.6,-147853
191004820652700,372769510552,122,rotation-trial,21696,-36064,-149504,26484.1,-37419.6,-147181
191004821644200,372770506885,123,rotation-trial,21632,-36032,-149984,26420.1,-37387.6,-147661
191004822649800,372771507927,124,rotation-trial,21248,-36352,-150208,26036.1,-37707.6,-147885
191004823645700,372772508302,125,rotation-trial,21056,-35776,-150336,25844.1,-37131.6,-148013
191004824652500,372773509510,126,rotation-trial,20864,-36448,-151168,25652.1,-37803.6,-148845
191004825649800,372774510010,127,rotation-trial,21152,-36576,-150848,25940.1,-37931.6,-148525
191004826649900,372775508094,128,rotation-trial,20864,-36288,-150784,25652.1,-37643.6,-148461
191004827650700,372776507927,129,rotation-trial,20448,-36192,-151456,25236.1,-37547.6,-149133
191004828652200,372777505302,130,rotation-trial,20224,-36480,-150752,25012.1,-37835.6,-148429
191004829651600,372778507719,131,rotation-trial,20448,-36576,-151168,25236.1,-37931.6,-148845
191004830651700,372779508219,132,rotation-trial,20384,-36416,-151136,25172.1,-37771.6,-148813
191004831660600,372780509427,133,rotation-trial,19008,-35904,-152416,23796.1,-37259.6,-150093
191004832666400,372781509469,134,rotation-trial,20000,-36704,-152288,24788.1,-38059.6,-149965
191004833654000,372782506427,135,rotation-trial,19488,-36512,-152288,24276.1,-37867.6,-149965
191004834652900,372783506969,136,rotation-trial,19424,-36672,-152320,24212.1,-38027.6,-149997
191004835653900,372784506594,137,rotation-trial,18880,-36160,-153088,23668.1,-37515.6,-150765
191004836652000,372785505510,138,rotation-trial,19680,-36384,-151936,24468.1,-37739.6,-149613
191004837652100,372786508260,139,rotation-trial,18336,-36480,-153024,23124.1,-37835.6,-150701
191004838651100,372787512969,140,rotation-trial,19392,-36576,-152800,24180.1,-37931.6,-150477
191004839652000,372788510552,141,rotation-trial,18784,-36640,-153216,23572.1,-37995.6,-150893
191004840651600,372789509344,142,rotation-trial,18496,-36480,-152576,23284.1,-37835.6,-150253
191004841651900,372790505302,143,rotation-trial,18912,-36928,-153472,23700.1,-38283.6,-151149
191004842649900,372791505969,144,rotation-trial,18432,-36640,-153408,23220.1,-37995.6,-151085
191004843651800,372792507927,145,rotation-trial,19040,-36672,-153152,23828.1,-38027.6,-150829
191004844652100,372793508927,146,rotation-trial,19744,-36672,-152832,24532.1,-38027.6,-150509
191004845649800,372794510094,147,rotation-trial,19264,-36928,-153088,24052.1,-38283.6,-150765
191004846651900,372795511219,148,rotation-trial,19200,-36992,-153280,23988.1,-38347.6,-150957
191004847669300,372796507344,149,rotation-trial,19680,-36448,-153088,24468.1,-37803.6,-150765
191004848660200,372797506052,150,rotation-trial,19616,-36928,-153792,24404.1,-38283.6,-151469
191004849658100,372798508344,151,rotation-trial,20928,-36768,-153632,25716.1,-38123.6,-151309
191004850667400,372799507802,152,rotation-trial,20096,-36960,-153472,24884.1,-38315.6,-151149
191004851665000,372800507427,153,rotation-trial,20256,-36640,-153344,25044.1,-37995.6,-151021
191004852663800,372801508510,154,rotation-trial,20992,-36704,-153664,25780.1,-38059.6,-151341
191004853661300,372802504760,155,rotation-trial,21152,-36864,-153824,25940.1,-38219.6,-151501
191004854660500,372803505094,156,rotation-trial,21024,-36864,-154080,25812.1,-38219.6,-151757
191004855660200,372804505635,157,rotation-trial,21088,-37056,-153440,25876.1,-38411.6,-151117
191004856667900,372805504219,158,rotation-trial,21312,-36544,-154048,26100.1,-37899.6,-151725
191004857662800,372806504969,159,rotation-trial,22240,-36352,-154368,27028.1,-37707.6,-152045
191004858674600,372807504094,160,rotation-trial,21760,-37056,-153184,26548.1,-38411.6,-150861
191004859675300,372808504219,161,rotation-trial,21632,-36896,-154016,26420.1,-38251.6,-151693
191004860667400,372809506344,162,rotation-trial,22144,-36480,-153280,26932.1,-37835.6,-150957
191004861674300,372810504260,163,rotation-trial,22400,-36512,-153568,27188.1,-37867.6,-151245
191004862664300,372811504010,164,rotation-trial,22048,-36992,-153408,26836.1,-38347.6,-151085
191004863667400,372812504219,165,rotation-trial,21696,-36416,-154240,26484.1,-37771.6,-151917
191004864676100,372813503927,166,rotation-trial,22272,-36992,-154240,27060.1,-38347.6,-151917
191004865663400,372814504302,167,rotation-trial,22048,-36544,-154656,26836.1,-37899.6,-152333
191004866658200,372815504094,168,rotation-trial,21984,-36896,-154304,26772.1,-38251.6,-151981
191004867660700,372816504677,169,rotation-trial,22656,-36928,-154464,27444.1,-38283.6,-152141
191004868657500,372817504135,170,rotation-trial,21600,-37248,-155008,26388.1,-38603.6,-152685
191004869659300,372818504094,171,rotation-trial,22528,-36992,-154752,27316.1,-38347.6,-152429
191004870656300,372819504260,172,rotation-trial,21728,-36768,-155264,26516.1,-38123.6,-152941
191004871658200,372820504344,173,rotation-trial,21152,-37376,-155264,25940.1,-38731.6,-152941
191004872673800,372821503969,174,rotation-trial,21088,-37376,-155232,25876.1,-38731.6,-152909
191004873657800,372822504094,175,rotation-trial,21088,-37184,-154912,25876.1,-38539.6,-152589
191004874647500,372823504177,176,rotation-trial,21216,-37152,-154656,26004.1,-38507.6,-152333
191004875646000,372824504260,177,rotation-trial,20352,-37088,-155712,25140.1,-38443.6,-153389
191004876653900,372825504094,178,rotation-trial,20032,-37376,-155680,24820.1,-38731.6,-153357
191004877665100,372826507635,179,rotation-trial,19776,-37280,-155552,24564.1,-38635.6,-153229
191004878663200,372827505552,180,rotation-trial,20096,-37760,-155840,24884.1,-39115.6,-153517
191004879656900,372828504344,181,rotation-trial,20128,-37824,-156064,24916.1,-39179.6,-153741
191004880663600,372829504219,182,rotation-trial,20160,-37536,-156288,24948.1,-38891.6,-153965
191004881655400,372830504594,183,rotation-trial,20256,-37664,-156096,25044.1,-39019.6,-153773
191004882648100,372831504260,184,rotation-trial,20160,-37376,-156224,24948.1,-38731.6,-153901
191004883654300,372832504427,185,rotation-trial,19776,-37888,-156480,24564.1,-39243.6,-154157
191004884651600,372833504969,186,rotation-trial,19808,-37536,-156800,24596.1,-38891.6,-154477
191004885651500,372834504219,187,rotation-trial,19904,-37440,-156160,24692.1,-38795.6,-153837
191004886651100,372835504136,188,rotation-trial,19808,-38016,-156000,24596.1,-39371.6,-153677
191004887651000,372836504052,189,rotation-trial,19872,-37920,-156544,24660.1,-39275.6,-154221
191004888650800,372837504011,190,rotation-trial,19936,-37952,-156416,24724.1,-39307.6,-154093
191004889650800,372838504219,191,rotation-trial,19552,-38272,-155968,24340.1,-39627.6,-153645
191004890651500,372839504761,192,rotation-trial,19872,-37344,-157088,24660.1,-38699.6,-154765
191004891649000,372840504177,193,rotation-trial,20544,-38272,-156160,25332.1,-39627.6,-153837
191004892648900,372841504177,194,rotation-trial,20128,-38240,-157024,24916.1,-39595.6,-154701
191004893649700,372842504094,195,rotation-trial,20160,-38048,-157056,24948.1,-39403.6,-154733
191004894658200,372843505094,196,rotation-trial,20768,-37952,-156128,25556.1,-39307.6,-153805
191004895649100,372844504344,197,rotation-trial,20544,-38016,-156928,25332.1,-39371.6,-154605
191004896653800,372845504177,198,rotation-trial,20576,-38208,-157088,25364.1,-39563.6,-154765
191004897653600,372846504136,199,rotation-trial,20480,-37568,-156672,25268.1,-38923.6,-154349
191004898653600,372847504136,200,rotation-trial,21216,-37248,-157312,26004.1,-38603.6,-154989
191004899653300,372848504344,201,rotation-trial,21056,-37920,-157280,25844.1,-39275.6,-154957
191004900653400,372849504302,202,rotation-trial,21856,-37536,-157664,26644.1,-38891.6,-155341
191004901653300,372850504177,203,rotation-trial,20864,-37792,-157632,25652.1,-39147.6,-155309
191004902644500,372851505552,204,rotation-trial,20672,-37696,-157440,25460.1,-39051.6,-155117
191004903651100,372852504052,205,rotation-trial,21856,-38272,-157600,26644.1,-39627.6,-155277
191004904653500,372853504302,206,rotation-trial,21472,-37376,-157376,26260.1,-38731.6,-155053
191004905653100,372854504219,207,rotation-trial,22272,-37504,-157792,27060.1,-38859.6,-155469
191004906653400,372855504052,208,rotation-trial,21792,-37632,-158112,26580.1,-38987.6,-155789
191004907653100,372856504136,209,rotation-trial,21888,-37856,-157568,26676.1,-39211.6,-155245
191004908653300,372857504011,210,rotation-trial,21216,-37568,-157792,26004.1,-38923.6,-155469
191004909651000,372858506511,211,rotation-trial,21152,-37472,-158336,25940.1,-38827.6,-156013
191004910659600,372859504302,212,rotation-trial,21440,-37696,-158304,26228.1,-39051.6,-155981
191004911659200,372860504177,213,rotation-trial,21632,-37408,-157952,26420.1,-38763.6,-155629
191004912657400,372861504136,214,rotation-trial,21120,-38048,-158176,25908.1,-39403.6,-155853
191004913653200,372862505136,215,rotation-trial,21408,-37792,-158752,26196.1,-39147.6,-156429
191004914654300,372863504136,216,rotation-trial,21440,-38144,-158272,26228.1,-39499.6,-155949
191004915654300,372864504136,217,rotation-trial,21472,-37760,-158112,26260.1,-39115.6,-155789
191004916652200,372865504052,218,rotation-trial,21248,-37920,-158336,26036.1,-39275.6,-156013
191004917652000,372866504219,219,rotation-trial,20672,-37792,-159392,25460.1,-39147.6,-157069
191004918653800,372867504011,220,rotation-trial,20640,-38112,-158912,25428.1,-39467.6,-156589
191004919645800,372868507886,221,rotation-trial,20480,-38048,-158912,25268.1,-39403.6,-156589
191004920653900,372869504136,222,rotation-trial,20032,-38176,-159392,24820.1,-39531.6,-157069
191004921652000,372870504094,223,rotation-trial,19808,-38112,-159104,24596.1,-39467.6,-156781
191004922649100,372871504136,224,rotation-trial,20512,-38720,-159360,25300.1,-40075.6,-157037
191004923646900,372872503927,225,rotation-trial,19552,-38368,-159456,24340.1,-39723.6,-157133
191004924653800,372873504177,226,rotation-trial,19904,-38176,-160192,24692.1,-39531.6,-157869
191004925653500,372874504052,227,rotation-trial,19936,-38176,-159680,24724.1,-39531.6,-157357
191004928274900,372875504219,228,rotation-trial,20192,-38144,-159520,24980.1,-39499.6,-157197
191004928293400,372876504136,229,rotation-trial,19904,-38144,-160032,24692.1,-39499.6,-157709
191004930827100,372877504011,230,rotation-trial,19584,-37696,-159936,24372.1,-39051.6,-157613
191004930843600,372878504177,231,rotation-trial,19840,-37984,-159648,24628.1,-39339.6,-157325
191004931036900,372879504261,232,rotation-trial,20064,-38144,-160544,24852.1,-39499.6,-158221
191004931645900,372880506969,233,rotation-trial,20320,-38272,-160352,25108.1,-39627.6,-158029
191004932654800,372881504136,234,rotation-trial,20032,-38368,-160864,24820.1,-39723.6,-158541
191004933652100,372882503969,235,rotation-trial,20608,-38400,-159936,25396.1,-39755.6,-157613
191004934654100,372883504219,236,rotation-trial,20672,-38336,-159584,25460.1,-39691.6,-157261
191004935653900,372884504261,237,rotation-trial,20384,-38528,-159936,25172.1,-39883.6,-157613
191004936652100,372885504761,238,rotation-trial,20864,-38144,-159968,25652.1,-39499.6,-157645
191004937654800,372886504677,239,rotation-trial,20928,-38336,-160032,25716.1,-39691.6,-157709
191004938656200,372887503969,240,rotation-trial,21696,-38432,-159712,26484.1,-39787.6,-157389
191004939661200,372888504219,241,rotation-trial,21472,-39328,-160192,26260.1,-40683.6,-157869
191004940523600,372889504094,242,rotation-trial,21504,-38720,-159840,26292.1,-40075.6,-157517
191004941653800,372890503886,243,rotation-trial,21952,-38976,-160032,26740.1,-40331.6,-157709
191004942650400,372891504136,244,rotation-trial,21632,-38688,-160160,26420.1,-40043.6,-157837
191004943659200,372892504011,245,rotation-trial,22144,-39008,-159584,26932.1,-40363.6,-157261
191004944653700,372893504261,246,rotation-trial,22048,-38944,-160000,26836.1,-40299.6,-157677
191004945653700,372894504177,247,rotation-trial,22688,-38912,-160096,27476.1,-40267.6,-157773
191004946652500,372895504052,248,rotation-trial,22400,-39104,-159616,27188.1,-40459.6,-157293
191004947651500,372896504177,249,rotation-trial,23104,-39136,-160128,27892.1,-40491.6,-157805
191004948651600,372897503927,250,rotation-trial,21984,-38816,-160288,26772.1,-40171.6,-157965
191004949649300,372898504219,251,rotation-trial,22240,-39328,-159520,27028.1,-40683.6,-157197
191004950651100,372899504136,252,rotation-trial,22784,-38720,-159968,27572.1,-40075.6,-157645
191004951651500,372900504177,253,rotation-trial,22208,-39232,-160928,26996.1,-40587.6,-158605
191004952643200,372901504052,254,rotation-trial,22272,-38656,-160704,27060.1,-40011.6,-158381
191004953533000,372902504261,255,rotation-trial,22560,-39360,-160352,27348.1,-40715.6,-158029
191004954647100,372903504344,0,rotation-trial,21760,-39168,-160992,26548.1,-40523.6,-158669
191004955656000,372904504177,1,rotation-trial,22304,-38560,-160384,27092.1,-39915.6,-158061
191004956645100,372905504136,2,rotation-trial,21920,-38688,-160768,26708.1,-40043.6,-158445
191004957652000,372906503927,3,rotation-trial,22208,-38944,-160608,26996.1,-40299.6,-158285
191004958652600,372907504219,4,rotation-trial,21888,-38784,-161440,26676.1,-40139.6,-159117
191004959646200,372908504219,5,rotation-trial,21760,-38848,-160512,26548.1,-40203.6,-158189
191004960650100,372909504719,6,rotation-trial,21536,-38528,-161280,26324.1,-39883.6,-158957
191004961641800,372910505636,7,rotation-trial,21856,-38400,-161408,26644.1,-39755.6,-159085
191004962649600,372911504052,8,rotation-trial,21248,-38656,-161536,26036.1,-40011.6,-159213
191004963518300,372912503969,9,rotation-trial,21056,-38880,-161312,25844.1,-40235.6,-158989
191004964651600,372913504261,10,rotation-trial,21088,-38528,-161376,25876.1,-39883.6,-159053
191004965518500,372914504094,11,rotation-trial,21664,-38496,-162048,26452.1,-39851.6,-159725
191004966646000,372915504177,12,rotation-trial,20672,-38304,-161824,25460.1,-39659.6,-159501
191004967644300,372916504052,13,rotation-trial,21568,-38336,-162336,26356.1,-39691.6,-160013
191004968649500,372917504177,14,rotation-trial,21376,-38592,-161664,26164.1,-39947.6,-159341
191004969643400,372918504511,15,rotation-trial,20672,-38688,-161888,25460.1,-40043.6,-159565
191004970649600,372919504177,16,rotation-trial,20832,-38656,-162144,25620.1,-40011.6,-159821
191004971649700,372920504177,17,rotation-trial,21280,-39232,-161792,26068.1,-40587.6,-159469
191004972651700,372921504011,18,rotation-trial,21568,-39264,-162176,26356.1,-40619.6,-159853
191004973649500,372922504261,19,rotation-trial,21184,-38912,-162400,25972.1,-40267.6,-160077
191004974704000,372923504344,20,rotation-trial,21120,-39392,-161984,25908.1,-40747.6,-159661
191004975524800,372924504261,21,rotation-trial,21408,-39360,-161632,26196.1,-40715.6,-159309
191004976643500,372925504094,22,rotation-trial,21984,-38912,-162048,26772.1,-40267.6,-159725
191004977650800,372926505594,23,rotation-trial,22240,-39168,-162304,27028.1,-40523.6,-159981
191004978652100,372927504219,24,rotation-trial,22272,-39296,-162048,27060.1,-40651.6,-159725
191004979650000,372928504261,25,rotation-trial,22976,-38816,-161664,27764.1,-40171.6,-159341
191004980651500,372929504094,26,rotation-trial,22496,-39328,-162144,27284.1,-40683.6,-159821
191004981649800,372930505677,27,rotation-trial,23104,-39136,-162848,27892.1,-40491.6,-160525
191004982517400,372931504011,28,rotation-trial,23264,-39328,-161216,28052.1,-40683.6,-158893
191004983647600,372932505177,29,rotation-trial,23200,-39456,-161856,27988.1,-40811.6,-159533
191004984645800,372933504219,30,rotation-trial,23552,-39840,-161568,28340.1,-41195.6,-159245
191004985650000,372934504094,31,rotation-trial,23264,-39264,-161888,28052.1,-40619.6,-159565
191004986646000,372935504094,32,rotation-trial,23520,-39264,-161376,28308.1,-40619.6,-159053
191004987518300,372936504052,33,rotation-trial,24064,-39104,-161888,28852.1,-40459.6,-159565
191004988650000,372937504177,34,rotation-trial,23584,-39264,-161792,28372.1,-40619.6,-159469
191004989651500,372938504177,35,rotation-trial,23936,-39488,-162208,28724.1,-40843.6,-159885
191004990530900,372939505219,36,rotation-trial,24256,-39264,-161728,29044.1,-40619.6,-159405
191004991532600,372940504136,37,rotation-trial,24384,-39776,-162176,29172.1,-41131.6,-159853
191004992522200,372941504011,38,rotation-trial,25184,-39360,-161984,29972.1,-40715.6,-159661
191004993645600,372942504177,39,rotation-trial,24640,-39552,-162592,29428.1,-40907.6,-160269
191004994645900,372943504052,40,rotation-trial,24480,-39264,-161728,29268.1,-40619.6,-159405
191004995660800,372944504094,41,rotation-trial,24480,-39744,-161792,29268.1,-41099.6,-159469
191004996677200,372945505011,42,rotation-trial,24448,-39200,-162944,29236.1,-40555.6,-160621
191004997662900,372946503969,43,rotation-trial,24576,-39776,-162592,29364.1,-41131.6,-160269
191004998654600,372947504219,44,rotation-trial,24416,-39648,-162944,29204.1,-41003.6,-160621
191004999540300,372948504094,45,rotation-trial,24768,-40192,-162880,29556.1,-41547.6,-160557
191005000665800,372949504094,46,rotation-trial,24608,-39936,-162848,29396.1,-41291.6,-160525
191005001666000,372950504136,47,rotation-trial,24512,-40000,-163168,29300.1,-41355.6,-160845
191005002652800,372951504594,48,rotation-trial,24256,-40320,-163104,29044.1,-41675.6,-160781
191005003668800,372952504177,49,rotation-trial,24416,-40256,-162624,29204.1,-41611.6,-160301
191005004520500,372953504177,50,rotation-trial,24128,-40192,-163616,28916.1,-41547.6,-161293
191005005656200,372954503719,51,rotation-trial,23648,-40608,-163296,28436.1,-41963.6,-160973
191005006535500,372955504052,52,rotation-trial,22496,-40576,-163200,27284.1,-41931.6,-160877
191005007659900,372956504011,53,rotation-trial,22912,-40480,-164192,27700.1,-41835.6,-161869
191005008656300,372957504219,54,rotation-trial,22816,-40576,-162656,27604.1,-41931.6,-160333
191005009532000,372958504136,55,rotation-trial,22656,-40352,-164000,27444.1,-41707.6,-161677
191005010653700,372959506219,56,rotation-trial,22208,-40128,-164000,26996.1,-41483.6,-161677
191005011675900,372960504177,57,rotation-trial,21504,-40224,-163840,26292.1,-41579.6,-161517
191005012528900,372961504011,58,rotation-trial,21536,-39680,-164608,26324.1,-41035.6,-162285
191005013654700,372962504261,59,rotation-trial,21664,-40224,-164000,26452.1,-41579.6,-161677
191005014538600,372963504136,60,rotation-trial,21536,-39744,-165120,26324.1,-41099.6,-162797
191005015535700,372964504136,61,rotation-trial,21920,-39200,-165120,26708.1,-40555.6,-162797
191005016658500,372965504052,62,rotation-trial,21632,-39296,-164288,26420.1,-40651.6,-161965
191005017529700,372966503927,63,rotation-trial,21440,-39072,-164992,26228.1,-40427.6,-162669
191005018538500,372967504219,64,rotation-trial,21888,-39424,-165248,26676.1,-40779.6,-162925
191005019669400,372968504636,65,rotation-trial,21696,-38784,-165568,26484.1,-40139.6,-163245
191005020661600,372969505511,66,rotation-trial,21280,-39136,-165024,26068.1,-40491.6,-162701
191005021664700,372970504219,67,rotation-trial,21888,-39104,-165184,26676.1,-40459.6,-162861
191005022657300,372971504594,68,rotation-trial,22240,-38752,-165536,27028.1,-40107.6,-163213
191005023609600,372972504219,69,rotation-trial,22016,-38944,-165120,26804.1,-40299.6,-162797
191005024763800,372973504094,70,rotation-trial,21920,-39264,-165696,26708.1,-40619.6,-163373
191005025725200,372974504219,71,rotation-trial,22560,-38944,-164832,27348.1,-40299.6,-162509
191005026562200,372975504094,72,rotation-trial,23104,-39136,-165536,27892.1,-40491.6,-163213
191005027662600,372976503927,73,rotation-trial,23552,-39136,-164928,28340.1,-40491.6,-162605
191005028617700,372977504344,74,rotation-trial,23584,-38816,-165504,28372.1,-40171.6,-163181
191005029623800,372978504052,75,rotation-trial,23168,-39168,-165760,27956.1,-40523.6,-163437
191005030659800,372979504177,76,rotation-trial,23936,-39488,-165632,28724.1,-40843.6,-163309
191005031768900,372980505511,77,rotation-trial,23872,-39584,-165056,28660.1,-40939.6,-162733
191005032742200,372981504302,78,rotation-trial,24224,-39616,-165632,29012.1,-40971.6,-163309
191005033653100,372982504261,79,rotation-trial,25024,-39808,-164512,29812.1,-41163.6,-162189
191005034534600,372983504094,80,rotation-trial,24736,-39936,-164928,29524.1,-41291.6,-162605
191005035615900,372984504052,81,rotation-trial,24288,-40224,-164768,29076.1,-41579.6,-162445
191005036644800,372985504011,82,rotation-trial,25120,-40160,-165184,29908.1,-41515.6,-162861
191005037713500,372986504552,83,rotation-trial,24832,-40352,-164448,29620.1,-41707.6,-162125
191005038677500,372987504427,84,rotation-trial,24672,-40768,-165024,29460.1,-42123.6,-162701
191005039542200,372988504136,85,rotation-trial,25440,-40512,-164032,30228.1,-41867.6,-161709
191005040775300,372989504094,86,rotation-trial,25376,-41248,-164896,30164.1,-42603.6,-162573
191005041625900,372990504011,87,rotation-trial,25472,-41600,-164192,30260.1,-42955.6,-161869
191005042657400,372991504136,88,rotation-trial,24608,-41024,-164544,29396.1,-42379.6,-162221
191005043650400,372992505761,89,rotation-trial,25536,-41280,-164416,30324.1,-42635.6,-162093
191005044536100,372993504094,90,rotation-trial,24960,-41632,-164160,29748.1,-42987.6,-161837
191005045655000,372994504094,91,rotation-trial,25024,-41344,-165312,29812.1,-42699.6,-162989
191005046528000,372995503969,92,rotation-trial,24832,-41664,-164736,29620.1,-43019.6,-162413
191005047663600,372996504219,93,rotation-trial,24480,-41664,-164864,29268.1,-43019.6,-162541
191005048665700,372997504136,94,rotation-trial,24672,-41408,-165152,29460.1,-42763.6,-162829
191005049658900,372998505636,95,rotation-trial,24864,-41440,-164800,29652.1,-42795.6,-162477
191005050648900,372999505469,96,rotation-trial,24672,-41152,-165568,29460.1,-42507.6,-163245
191005051522400,373000504094,97,rotation-trial,24480,-41216,-165472,29268.1,-42571.6,-163149
191005052646500,373001503886,98,rotation-trial,24448,-40864,-166112,29236.1,-42219.6,-163789
191005053547600,373002504177,99,rotation-trial,24256,-41216,-165984,29044.1,-42571.6,-163661
191005054763800,373003504052,100,rotation-trial,23744,-41152,-165728,28532.1,-42507.6,-163405
191005055823200,373004504052,101,rotation-trial,23584,-40928,-165696,28372.1,-42283.6,-163373
191005056617600,373005503927,102,rotation-trial,23424,-41216,-165536,28212.1,-42571.6,-163213
191005057748700,373006507677,103,rotation-trial,23264,-40992,-165728,28052.1,-42347.6,-163405
191005058617800,373007504261,104,rotation-trial,23392,-40640,-165984,28180.1,-41995.6,-163661
191005059649200,373008504011,105,rotation-trial,22592,-40352,-166656,27380.1,-41707.6,-164333
191005060748300,373009504177,106,rotation-trial,23232,-40576,-166432,28020.1,-41931.6,-164109
191005061858700,373010508386,107,rotation-trial,22624,-40192,-165952,27412.1,-41547.6,-163629
191005062888800,373011504886,108,rotation-trial,22912,-39936,-167360,27700.1,-41291.6,-165037
191005063862900,373012504177,109,rotation-trial,23232,-39808,-167616,28020.1,-41163.6,-165293
191005064863400,373013504094,110,rotation-trial,23072,-39936,-167104,27860.1,-41291.6,-164781
191005065597000,373014504094,111,rotation-trial,23200,-40096,-166560,27988.1,-41451.6,-164237
191005066723800,373015504177,112,rotation-trial,22752,-40320,-167712,27540.1,-41675.6,-165389
191005067730700,373016504094,113,rotation-trial,23040,-40128,-167584,27828.1,-41483.6,-165261
191005068621700,373017504219,114,rotation-trial,22912,-39520,-166656,27700.1,-40875.6,-164333
191005069554700,373018504052,115,rotation-trial,22752,-39904,-167392,27540.1,-41259.6,-165069
191005070619300,373019504052,116,rotation-trial,23616,-40288,-167040,28404.1,-41643.6,-164717
191005071602400,373020504094,117,rotation-trial,23552,-39776,-166400,28340.1,-41131.6,-164077
191005072736100,373021504594,118,rotation-trial,23136,-40256,-166496,27924.1,-41611.6,-164173
191005073602900,373022504177,119,rotation-trial,23360,-40000,-166336,28148.1,-41355.6,-164013
191005074546000,373023504011,120,rotation-trial,23488,-40096,-166944,28276.1,-41451.6,-164621
191005075531300,373024504094,121,rotation-trial,24096,-39936,-167296,28884.1,-41291.6,-164973
191005076531800,373025504011,122,rotation-trial,24640,-40064,-166656,29428.1,-41419.6,-164333
191005077780100,373026505094,123,rotation-trial,24160,-40288,-166656,28948.1,-41643.6,-164333
191005078656600,373027505344,124,rotation-trial,25152,-40256,-166816,29940.1,-41611.6,-164493
191005079530400,373028504052,125,rotation-trial,24640,-40000,-166784,29428.1,-41355.6,-164461
191005080660900,373029504094,126,rotation-trial,24992,-39904,-166624,29780.1,-41259.6,-164301
191005081658400,373030503886,127,rotation-trial,24864,-40352,-166880,29652.1,-41707.6,-164557
191005082522400,373031504219,128,rotation-trial,25152,-40480,-166944,29940.1,-41835.6,-164621
191005083663700,373032504094,129,rotation-trial,25056,-40480,-166528,29844.1,-41835.6,-164205
191005084658900,373033506427,130,rotation-trial,25728,-40608,-165696,30516.1,-41963.6,-163373
191005085661700,373034504677,131,rotation-trial,25472,-40512,-167104,30260.1,-41867.6,-164781
191005086523500,373035503969,132,rotation-trial,25248,-40128,-167360,30036.1,-41483.6,-165037
191005087537900,373036505677,133,rotation-trial,25920,-40160,-166432,30708.1,-41515.6,-164109
191005088524400,373037504219,134,rotation-trial,25696,-40768,-166720,30484.1,-42123.6,-164397
191005089524500,373038503927,135,rotation-trial,25376,-40544,-167296,30164.1,-41899.6,-164973
191005090536400,373039504136,136,rotation-trial,26176,-41184,-166176,30964.1,-42539.6,-163853
191005091653600,373040503927,137,rotation-trial,25728,-40608,-166848,30516.1,-41963.6,-164525
191005092649800,373041504302,138,rotation-trial,26304,-40384,-166912,31092.1,-41739.6,-164589
191005093523100,373042504094,139,rotation-trial,25984,-40576,-166752,30772.1,-41931.6,-164429
191005094522200,373043504011,140,rotation-trial,25984,-41312,-166944,30772.1,-42667.6,-164621
191005095656100,373044504094,141,rotation-trial,25632,-41312,-167328,30420.1,-42667.6,-165005
191005096655800,373045504011,142,rotation-trial,25632,-40864,-166976,30420.1,-42219.6,-164653
191005097658300,373046503886,143,rotation-trial,25536,-40992,-167200,30324.1,-42347.6,-164877
191005098529800,373047504094,144,rotation-trial,25440,-41216,-167488,30228.1,-42571.6,-165165
191005099529800,373048504052,145,rotation-trial,25024,-40960,-166944,29812.1,-42315.6,-164621
191005100654100,373049503969,146,rotation-trial,24736,-41152,-166976,29524.1,-42507.6,-164653
191005101665600,373050504261,147,rotation-trial,24960,-41120,-167776,29748.1,-42475.6,-165453
191005102664000,373051504844,148,rotation-trial,24640,-41504,-167840,29428.1,-42859.6,-165517
191005103645200,373052504261,149,rotation-trial,24256,-41568,-168096,29044.1,-42923.6,-165773
191005104659100,373053504011,150,rotation-trial,24608,-41504,-168224,29396.1,-42859.6,-165901
191005105656500,373054504219,151,rotation-trial,25056,-42080,-167104,29844.1,-43435.6,-164781
191005106538900,373055503927,152,rotation-trial,23872,-41888,-168192,28660.1,-43243.6,-165869
191005107528200,373056504219,153,rotation-trial,23456,-42048,-168032,28244.1,-43403.6,-165709
191005108651900,373057504677,154,rotation-trial,23648,-41568,-167744,28436.1,-42923.6,-165421
191005109650300,373058505386,155,rotation-trial,23872,-41696,-167520,28660.1,-43051.6,-165197
191005110530800,373059504136,156,rotation-trial,23872,-41984,-167648,28660.1,-43339.6,-165325
191005111532700,373060504052,157,rotation-trial,23808,-41504,-168416,28596.1,-42859.6,-166093
191005112649400,373061504177,158,rotation-trial,23648,-41664,-168032,28436.1,-43019.6,-165709
191005113655300,373062504636,159,rotation-trial,24256,-41824,-168096,29044.1,-43179.6,-165773
191005114651200,373063505011,160,rotation-trial,24064,-41184,-168288,28852.1,-42539.6,-165965
191005115650600,373064504052,161,rotation-trial,23776,-41152,-169184,28564.1,-42507.6,-166861
191005116653000,373065503927,162,rotation-trial,24224,-41856,-168448,29012.1,-43211.6,-166125
191005117540400,373066504219,163,rotation-trial,23968,-40928,-168352,28756.1,-42283.6,-166029
191005118628900,373067504094,164,rotation-trial,23904,-41088,-169088,28692.1,-42443.6,-166765
191005119663500,373068504136,165,rotation-trial,24544,-40768,-168768,29332.1,-42123.6,-166445
191005120533000,373069504011,166,rotation-trial,24704,-40960,-168480,29492.1,-42315.6,-166157
191005121673100,373070504219,167,rotation-trial,24800,-40576,-169056,29588.1,-41931.6,-166733
191005122647600,373071504177,168,rotation-trial,24192,-39776,-168992,28980.1,-41131.6,-166669
191005123526800,373072504094,169,rotation-trial,24192,-39904,-169280,28980.1,-41259.6,-166957
191005124663900,373073504219,170,rotation-trial,24640,-39872,-168864,29428.1,-41227.6,-166541
191005125651900,373074504094,171,rotation-trial,24736,-40192,-169312,29524.1,-41547.6,-166989
191005126543300,373075505761,172,rotation-trial,24640,-39744,-169184,29428.1,-41099.6,-166861
191005127552100,373076504219,173,rotation-trial,24864,-39904,-169920,29652.1,-41259.6,-167597
191005128666500,373077504052,174,rotation-trial,24928,-40320,-169248,29716.1,-41675.6,-166925
191005129540400,373078504011,175,rotation-trial,24672,-40128,-168992,29460.1,-41483.6,-166669
191005130539000,373079503886,176,rotation-trial,25600,-40256,-169280,30388.1,-41611.6,-166957
191005131654700,373080504302,177,rotation-trial,25120,-40000,-169504,29908.1,-41355.6,-167181
191005132810100,373081504219,178,rotation-trial,25344,-40800,-169376,30132.1,-42155.6,-167053
191005133655300,373082504011,179,rotation-trial,25216,-40480,-168736,30004.1,-41835.6,-166413
191005134539900,373083504011,180,rotation-trial,25856,-40096,-169792,30644.1,-41451.6,-167469
191005135537700,373084503969,181,rotation-trial,25216,-40096,-169120,30004.1,-41451.6,-166797
191005136654700,373085504136,182,rotation-trial,25728,-40672,-169280,30516.1,-42027.6,-166957
191005137668100,373086505802,183,rotation-trial,25600,-40832,-168992,30388.1,-42187.6,-166669
191005138525600,373087504011,184,rotation-trial,25696,-40448,-169600,30484.1,-41803.6,-167277
191005139644000,373088504177,185,rotation-trial,25504,-40672,-169120,30292.1,-42027.6,-166797
191005140523100,373089504052,186,rotation-trial,25664,-40960,-169504,30452.1,-42315.6,-167181
191005141542900,373090505677,187,rotation-trial,25056,-41120,-169088,29844.1,-42475.6,-166765
191005142651200,373091504302,188,rotation-trial,25568,-41248,-169600,30356.1,-42603.6,-167277
191005143667600,373092504719,189,rotation-trial,25696,-41664,-169248,30484.1,-43019.6,-166925
191005144652400,373093504177,190,rotation-trial,25312,-41568,-169504,30100.1,-42923.6,-167181
191005145647200,373094503969,191,rotation-trial,25536,-41600,-169344,30324.1,-42955.6,-167021
191005146646700,373095503761,192,rotation-trial,25344,-41920,-169312,30132.1,-43275.6,-166989
191005147724900,373096504219,193,rotation-trial,25472,-41888,-169024,30260.1,-43243.6,-166701
191005148742800,373097504177,194,rotation-trial,25152,-42080,-169568,29940.1,-43435.6,-167245
191005149666000,373098504052,195,rotation-trial,25216,-42240,-170080,30004.1,-43595.6,-167757
191005150673900,373099504677,196,rotation-trial,25376,-42400,-169312,30164.1,-43755.6,-166989
191005151654600,373100503719,197,rotation-trial,24736,-42688,-169888,29524.1,-44043.6,-167565
191005152534700,373101504219,198,rotation-trial,24480,-42592,-170112,29268.1,-43947.6,-167789
191005153645200,373102504136,199,rotation-trial,24928,-42880,-169632,29716.1,-44235.6,-167309
191005154662700,373103504094,200,rotation-trial,24704,-42400,-170272,29492.1,-43755.6,-167949
191005155538900,373104504011,201,rotation-trial,25088,-42784,-170016,29876.1,-44139.6,-167693
191005156656300,373105504261,202,rotation-trial,24416,-42080,-170144,29204.1,-43435.6,-167821
191005157521800,373106504261,203,rotation-trial,23744,-42560,-170432,28532.1,-43915.6,-168109
191005158519600,373107504011,204,rotation-trial,24832,-42592,-169600,29620.1,-43947.6,-167277
191005159517800,373108504011,205,rotation-trial,25120,-42688,-169568,29908.1,-44043.6,-167245
191005160649400,373109504011,206,rotation-trial,24224,-42912,-170336,29012.1,-44267.6,-168013
191005161651500,373110507302,207,rotation-trial,24640,-43168,-170176,29428.1,-44523.6,-167853
191005162652800,373111504761,208,rotation-trial,24480,-42624,-170528,29268.1,-43979.6,-168205
191005163519800,373112504136,209,rotation-trial,25280,-43168,-170592,30068.1,-44523.6,-168269
191005164526500,373113504052,210,rotation-trial,24384,-43136,-170688,29172.1,-44491.6,-168365
191005165538100,373114504094,211,rotation-trial,24960,-43424,-169920,29748.1,-44779.6,-167597
191005166652100,373115504177,212,rotation-trial,24960,-42912,-170528,29748.1,-44267.6,-168205
191005167664400,373116504927,213,rotation-trial,24640,-43040,-170848,29428.1,-44395.6,-168525
191005168527900,373117504094,214,rotation-trial,25248,-43072,-170528,30036.1,-44427.6,-168205
191005169525900,373118504219,215,rotation-trial,24576,-43008,-170048,29364.1,-44363.6,-167725
191005170527400,373119503969,216,rotation-trial,24448,-42880,-170944,29236.1,-44235.6,-168621
191005171664800,373120508219,217,rotation-trial,24896,-42688,-170784,29684.1,-44043.6,-168461
191005172658100,373121504261,218,rotation-trial,24928,-42464,-170752,29716.1,-43819.6,-168429
191005173549000,373122504011,219,rotation-trial,24864,-42208,-170976,29652.1,-43563.6,-168653
191005174547500,373123504094,220,rotation-trial,25024,-42144,-171872,29812.1,-43499.6,-169549
191005175529500,373124503969,221,rotation-trial,25408,-41888,-171072,30196.1,-43243.6,-168749
191005176657300,373125504011,222,rotation-trial,25600,-41824,-170976,30388.1,-43179.6,-168653
191005177521900,373126504136,223,rotation-trial,25760,-42080,-171008,30548.1,-43435.6,-168685
191005178653100,373127504011,224,rotation-trial,25568,-41600,-171936,30356.1,-42955.6,-169613
191005179653000,373128505511,225,rotation-trial,25280,-41216,-171104,30068.1,-42571.6,-168781
191005180532000,373129503844,226,rotation-trial,25216,-41120,-171776,30004.1,-42475.6,-169453
191005181656800,373130503886,227,rotation-trial,25888,-41440,-171648,30676.1,-42795.6,-169325
191005182528000,373131504261,228,rotation-trial,25536,-41344,-172128,30324.1,-42699.6,-169805
191005183528800,373132504302,229,rotation-trial,25440,-42016,-171648,30228.1,-43371.6,-169325
191005184662000,373133504094,230,rotation-trial,25536,-41952,-171808,30324.1,-43307.6,-169485
191005185533700,373134503969,231,rotation-trial,25600,-41696,-171904,30388.1,-43051.6,-169581
191005186658200,373135505427,232,rotation-trial,25184,-41760,-172416,29972.1,-43115.6,-170093
191005187527300,373136504136,233,rotation-trial,26176,-41696,-172288,30964.1,-43051.6,-169965
191005188529000,373137504177,234,rotation-trial,24544,-41792,-172352,29332.1,-43147.6,-170029
191005189531500,373138504927,235,rotation-trial,24800,-41536,-172800,29588.1,-42891.6,-170477
191005190654400,373139504136,236,rotation-trial,24672,-41920,-172864,29460.1,-43275.6,-170541
191005191652800,373140504302,237,rotation-trial,24896,-41344,-172864,29684.1,-42699.6,-170541
191005192653800,373141504136,238,rotation-trial,24512,-42080,-172416,29300.1,-43435.6,-170093
191005193526800,373142504052,239,rotation-trial,24640,-41792,-172640,29428.1,-43147.6,-170317
191005194531500,373143504052,240,rotation-trial,24832,-41728,-172800,29620.1,-43083.6,-170477
191005195529200,373144504052,241,rotation-trial,25344,-42240,-172448,30132.1,-43595.6,-170125
191005196537000,373145504844,242,rotation-trial,24736,-41952,-173056,29524.1,-43307.6,-170733
191005197531600,373146504136,243,rotation-trial,24960,-42208,-172224,29748.1,-43563.6,-169901
191005198655300,373147504052,244,rotation-trial,24640,-42336,-172928,29428.1,-43691.6,-170605
191005199526900,373148504177,245,rotation-trial,24640,-42816,-172288,29428.1,-44171.6,-169965
191005200527100,373149504219,246,rotation-trial,24512,-42400,-173024,29300.1,-43755.6,-170701
191005201657000,373150504427,247,rotation-trial,24224,-42976,-172928,29012.1,-44331.6,-170605
191005202523700,373151504052,248,rotation-trial,24288,-43264,-173088,29076.1,-44619.6,-170765
191005203647100,373152504136,249,rotation-trial,24640,-43232,-172800,29428.1,-44587.6,-170477
191005204652800,373153504094,250,rotation-trial,24960,-43488,-172992,29748.1,-44843.6,-170669
191005205653800,373154504177,251,rotation-trial,24608,-43648,-173216,29396.1,-45003.6,-170893
191005206523000,373155504219,252,rotation-trial,25056,-43680,-173152,29844.1,-45035.6,-170829
191005207528000,373156504052,253,rotation-trial,25504,-43968,-172960,30292.1,-45323.6,-170637
191005208653100,373157505302,254,rotation-trial,24832,-44192,-172864,29620.1,-45547.6,-170541
191005209525000,373158504094,255,rotation-trial,25056,-43968,-172832,29844.1,-45323.6,-170509
191005210527800,373159504219,0,rotation-trial,25760,-43936,-172768,30548.1,-45291.6,-170445
191005211527600,373160504261,1,rotation-trial,25184,-43296,-172512,29972.1,-44651.6,-170189
191005212615700,373161504094,2,rotation-trial,25728,-43872,-173216,30516.1,-45227.6,-170893
191005213794800,373162503886,3,rotation-trial,25088,-43360,-172768,29876.1,-44715.6,-170445
191005214797000,373163505052,4,rotation-trial,25408,-43840,-172800,30196.1,-45195.6,-170477
191005215672200,373164504052,5,rotation-trial,25376,-44000,-172768,30164.1,-45355.6,-170445
191005216810600,373165504052,6,rotation-trial,26080,-43360,-173344,30868.1,-44715.6,-171021
191005217674700,373166504136,7,rotation-trial,26496,-43424,-172640,31284.1,-44779.6,-170317
191005218806200,373167504594,8,rotation-trial,25568,-43584,-172928,30356.1,-44939.6,-170605
191005219684800,373168504177,9,rotation-trial,25984,-43520,-173504,30772.1,-44875.6,-171181
191005220699000,373169504177,10,rotation-trial,25888,-43328,-173536,30676.1,-44683.6,-171213
191005221693700,373170505719,11,rotation-trial,25984,-43488,-173792,30772.1,-44843.6,-171469
191005222721900,373171504802,12,rotation-trial,26112,-43008,-173152,30900.1,-44363.6,-170829
191005223657400,373172503594,13,rotation-trial,26112,-42592,-173856,30900.1,-43947.6,-171533
191005224830800,373173504177,14,rotation-trial,25728,-42944,-174176,30516.1,-44299.6,-171853
191005225850400,373174504261,15,rotation-trial,25600,-42752,-173696,30388.1,-44107.6,-171373
191005226896600,373175504302,16,rotation-trial,25920,-42656,-174080,30708.1,-44011.6,-171757
191005227821200,373176505511,17,rotation-trial,25856,-42208,-174272,30644.1,-43563.6,-171949
191005228891000,373177504052,18,rotation-trial,26048,-42496,-174464,30836.1,-43851.6,-172141
191005229706700,373178504094,19,rotation-trial,25440,-42048,-174848,30228.1,-43403.6,-172525
191005230734800,373179504136,20,rotation-trial,25248,-41824,-175072,30036.1,-43179.6,-172749
191005231859600,373180504177,21,rotation-trial,24992,-41504,-175360,29780.1,-42859.6,-173037
191005232674800,373181505052,22,rotation-trial,25504,-41632,-174880,30292.1,-42987.6,-172557
191005233801200,373182504386,23,rotation-trial,25440,-41728,-175072,30228.1,-43083.6,-172749
191005234597100,373183504136,24,rotation-trial,24896,-41504,-175776,29684.1,-42859.6,-173453
191005235725300,373184504136,25,rotation-trial,25120,-41696,-174752,29908.1,-43051.6,-172429
191005236600500,373185504136,26,rotation-trial,25248,-42176,-174688,30036.1,-43531.6,-172365
191005237651000,373186503969,27,rotation-trial,24896,-42304,-175584,29684.1,-43659.6,-173261
191005238765500,373187504011,28,rotation-trial,24608,-42112,-175936,29396.1,-43467.6,-173613
191005239629600,373188504011,29,rotation-trial,24224,-41856,-175840,29012.1,-43211.6,-173517
191005240762200,373189504094,30,rotation-trial,24800,-41760,-175680,29588.1,-43115.6,-173357
191005241602700,373190504177,31,rotation-trial,24672,-42016,-176576,29460.1,-43371.6,-174253
191005242684800,373191504094,32,rotation-trial,24000,-41536,-175744,28788.1,-42891.6,-173421
191005243802700,373192504177,33,rotation-trial,24352,-42464,-175648,29140.1,-43819.6,-173325
191005244527300,373193503886,34,rotation-trial,23552,-42496,-176320,28340.1,-43851.6,-173997
191005245534200,373194504052,35,rotation-trial,23520,-42368,-176768,28308.1,-43723.6,-174445
191005246654900,373195504386,36,rotation-trial,23360,-43008,-175904,28148.1,-44363.6,-173581
191005247523700,373196504177,37,rotation-trial,23840,-42752,-176544,28628.1,-44107.6,-174221
191005248528800,373197504552,38,rotation-trial,24096,-42944,-175776,28884.1,-44299.6,-173453
191005249524800,373198505344,39,rotation-trial,23360,-42848,-176032,28148.1,-44203.6,-173709
191005250652200,373199504094,40,rotation-trial,24160,-42368,-176416,28948.1,-43723.6,-174093
191005251654700,373200504219,41,rotation-trial,23616,-42976,-175872,28404.1,-44331.6,-173549
191005252526900,373201504094,42,rotation-trial,23328,-42848,-175968,28116.1,-44203.6,-173645
191005253530500,373202504011,43,rotation-trial,24160,-43296,-175584,28948.1,-44651.6,-173261
191005254655100,373203504094,44,rotation-trial,23904,-43296,-176032,28692.1,-44651.6,-173709
191005255655100,373204505594,45,rotation-trial,24512,-43776,-175520,29300.1,-45131.6,-173197
191005256653000,373205505052,46,rotation-trial,24096,-43968,-175936,28884.1,-45323.6,-173613
191005257525000,373206504052,47,rotation-trial,24640,-44192,-175808,29428.1,-45547.6,-173485
191005258529900,373207504136,48,rotation-trial,24960,-43872,-176288,29748.1,-45227.6,-173965
191005259734300,373208504844,49,rotation-trial,24576,-44288,-175616,29364.1,-45643.6,-173293
191005260996000,373209504511,50,rotation-trial,25376,-44192,-175520,30164.1,-45547.6,-173197
191005261648800,373210504261,51,rotation-trial,25856,-44192,-176256,30644.1,-45547.6,-173933
191005262529800,373211504052,52,rotation-trial,25600,-43712,-176064,30388.1,-45067.6,-173741
191005263532800,373212504011,53,rotation-trial,26112,-43744,-176192,30900.1,-45099.6,-173869
191005264659800,373213503927,54,rotation-trial,26176,-43904,-176384,30964.1,-45259.6,-174061
191005265523800,373214504261,55,rotation-trial,27168,-44096,-176544,31956.1,-45451.6,-174221
191005266653000,373215504136,56,rotation-trial,27456,-44128,-175872,32244.1,-45483.6,-173549
191005267652900,373216505552,57,rotation-trial,26976,-43936,-176480,31764.1,-45291.6,-174157
191005268524900,373217504052,58,rotation-trial,27104,-44416,-176032,31892.1,-45771.6,-173709
191005269530900,373218503886,59,rotation-trial,27328,-44096,-177152,32116.1,-45451.6,-174829
191005270529500,373219505094,60,rotation-trial,27008,-44192,-176480,31796.1,-45547.6,-174157
191005271530900,373220504177,61,rotation-trial,26944,-43776,-176768,31732.1,-45131.6,-174445
191005272655700,373221504052,62,rotation-trial,26112,-43424,-177344,30900.1,-44779.6,-175021
191005273655500,373222505427,63,rotation-trial,27072,-43936,-176192,31860.1,-45291.6,-173869
191005274526900,373223504136,64,rotation-trial,26272,-43072,-177376,31060.1,-44427.6,-175053
191005275537800,373224505552,65,rotation-trial,25984,-43136,-177952,30772.1,-44491.6,-175629
191005276646900,373225504177,66,rotation-trial,25792,-43168,-177312,30580.1,-44523.6,-174989
191005277643900,373226503927,67,rotation-trial,25376,-43584,-177696,30164.1,-44939.6,-175373
191005278733700,373227503969,68,rotation-trial,25056,-43008,-177536,29844.1,-44363.6,-175213
191005279600700,373228506927,69,rotation-trial,24672,-43392,-178688,29460.1,-44747.6,-176365
191005280667200,373229504219,70,rotation-trial,23712,-42432,-178656,28500.1,-43787.6,-176333
191005281642000,373230504261,71,rotation-trial,23648,-42656,-178016,28436.1,-44011.6,-175693
191005282653300,373231503969,72,rotation-trial,23104,-42592,-178784,27892.1,-43947.6,-176461
191005283601100,373232504094,73,rotation-trial,22880,-42272,-179168,27668.1,-43627.6,-176845
191005284773000,373233503927,74,rotation-trial,22016,-42496,-179040,26804.1,-43851.6,-176717
191005285646700,373234504177,75,rotation-trial,22272,-42528,-179136,27060.1,-43883.6,-176813
191005286774500,373235504511,76,rotation-trial,22112,-42368,-179040,26900.1,-43723.6,-176717
191005287588600,373236504094,77,rotation-trial,21792,-42560,-179488,26580.1,-43915.6,-177165
191005288747900,373237504052,78,rotation-trial,21920,-43232,-179616,26708.1,-44587.6,-177293
191005289589500,373238504052,79,rotation-trial,21824,-42400,-179776,26612.1,-43755.6,-177453
191005290654700,373239504094,80,rotation-trial,22016,-42976,-179808,26804.1,-44331.6,-177485
191005291522100,373240504219,81,rotation-trial,21440,-43072,-179584,26228.1,-44427.6,-177261
191005292650100,373241504427,82,rotation-trial,22176,-42784,-179552,26964.1,-44139.6,-177229
191005293531000,373242504052,83,rotation-trial,21824,-42592,-180096,26612.1,-43947.6,-177773
191005294525000,373243504136,84,rotation-trial,22272,-42528,-180416,27060.1,-43883.6,-178093
191005295604100,373244506469,85,rotation-trial,22016,-42336,-179776,26804.1,-43691.6,-177453
191005296656300,373245504177,86,rotation-trial,22272,-42176,-180192,27060.1,-43531.6,-177869
191005297532100,373246505469,87,rotation-trial,22336,-42080,-180480,27124.1,-43435.6,-178157
191005298528800,373247505094,88,rotation-trial,22432,-42048,-180512,27220.1,-43403.6,-178189
191005299528300,373248504219,89,rotation-trial,22496,-42112,-180064,27284.1,-43467.6,-177741
191005300527400,373249504636,90,rotation-trial,23104,-42144,-179840,27892.1,-43499.6,-177517
191005301528700,373250504219,91,rotation-trial,23360,-42336,-180640,28148.1,-43691.6,-178317
191005302527100,373251503969,92,rotation-trial,23968,-42464,-179296,28756.1,-43819.6,-176973
191005303526100,373252504011,93,rotation-trial,23616,-42368,-179616,28404.1,-43723.6,-177293
191005304652600,373253504136,94,rotation-trial,23424,-42464,-179200,28212.1,-43819.6,-176877
191005305523200,373254505511,95,rotation-trial,25024,-42784,-179040,29812.1,-44139.6,-176717
191005306527000,373255504011,96,rotation-trial,24032,-42560,-178688,28820.1,-43915.6,-176365
191005307522300,373256503927,97,rotation-trial,25632,-43392,-178208,30420.1,-44747.6,-175885
191005308654700,373257504052,98,rotation-trial,25568,-43360,-178656,30356.1,-44715.6,-176333
191005309521400,373258504136,99,rotation-trial,25632,-43488,-178400,30420.1,-44843.6,-176077
191005310528600,373259504136,100,rotation-trial,25632,-43808,-177952,30420.1,-45163.6,-175629
191005311528000,373260504052,101,rotation-trial,25632,-44032,-178336,30420.1,-45387.6,-176013
191005312527800,373261504052,102,rotation-trial,25824,-44352,-178464,30612.1,-45707.6,-176141
191005313652700,373262504011,103,rotation-trial,25344,-44096,-178880,30132.1,-45451.6,-176557
191005314521800,373263504177,104,rotation-trial,25632,-43360,-178272,30420.1,-44715.6,-175949
191005315527400,373264504844,105,rotation-trial,25760,-43744,-178592,30548.1,-45099.6,-176269
191005316652600,373265503969,106,rotation-trial,26368,-44000,-177856,31156.1,-45355.6,-175533
191005317650800,373266505386,107,rotation-trial,26240,-43776,-179136,31028.1,-45131.6,-176813
191005318652100,373267503969,108,rotation-trial,26144,-43744,-178496,30932.1,-45099.6,-176173
191005319653100,373268504219,109,rotation-trial,26048,-43872,-179840,30836.1,-45227.6,-177517
191005320768800,373269505511,110,rotation-trial,26304,-44128,-178784,31092.1,-45483.6,-176461
191005321524500,373270504136,111,rotation-trial,25920,-43840,-179008,30708.1,-45195.6,-176685
191005322653700,373271503969,112,rotation-trial,25728,-43776,-179136,30516.1,-45131.6,-176813
191005323526500,373272503886,113,rotation-trial,25792,-44480,-179232,30580.1,-45835.6,-176909
191005324533000,373273504094,114,rotation-trial,26720,-43968,-179136,31508.1,-45323.6,-176813
191005325650800,373274504177,115,rotation-trial,26368,-44032,-178944,31156.1,-45387.6,-176621
191005326651800,373275505094,116,rotation-trial,25152,-44096,-179136,29940.1,-45451.6,-176813
191005327650500,373276503969,117,rotation-trial,25600,-43264,-179936,30388.1,-44619.6,-177613
191005328522000,373277504094,118,rotation-trial,25440,-43456,-180032,30228.1,-44811.6,-177709
191005329527500,373278504177,119,rotation-trial,25248,-43936,-179392,30036.1,-45291.6,-177069
191005330532000,373279504136,120,rotation-trial,24480,-43168,-180480,29268.1,-44523.6,-178157
191005331525700,373280504052,121,rotation-trial,24608,-43040,-180480,29396.1,-44395.6,-178157
191005332652500,373281506469,122,rotation-trial,24032,-42624,-181120,28820.1,-43979.6,-178797
191005333521200,373282503927,123,rotation-trial,23616,-42688,-180640,28404.1,-44043.6,-178317
191005334526100,373283504094,124,rotation-trial,23296,-42944,-180864,28084.1,-44299.6,-178541
191005335527300,373284504094,125,rotation-trial,22752,-42656,-180448,27540.1,-44011.6,-178125
191005336652500,373285503969,126,rotation-trial,23104,-42752,-180512,27892.1,-44107.6,-178189
191005337652500,373286504469,127,rotation-trial,21856,-42848,-180736,26644.1,-44203.6,-178413
191005338705500,373287506886,128,rotation-trial,21344,-41888,-180416,26132.1,-43243.6,-178093
191005339523400,373288504136,129,rotation-trial,21760,-41824,-180736,26548.1,-43179.6,-178413
191005340570600,373289504136,130,rotation-trial,20704,-41728,-181536,25492.1,-43083.6,-179213
191005341529800,373290504094,131,rotation-trial,20928,-41600,-180704,25716.1,-42955.6,-178381
191005342530300,373291504011,132,rotation-trial,20768,-41600,-180736,25556.1,-42955.6,-178413
191005343534800,373292503886,133,rotation-trial,20576,-41216,-181760,25364.1,-42571.6,-179437
191005344537100,373293504177,134,rotation-trial,21216,-42048,-180800,26004.1,-43403.6,-178477
191005345529100,373294505511,135,rotation-trial,21024,-42464,-180352,25812.1,-43819.6,-178029
191005346535600,373295504011,136,rotation-trial,21760,-42464,-181312,26548.1,-43819.6,-178989
191005347536600,373296505802,137,rotation-trial,22208,-42304,-181248,26996.1,-43659.6,-178925
191005348531500,373297503969,138,rotation-trial,22336,-42208,-180704,27124.1,-43563.6,-178381
191005349651000,373298504302,139,rotation-trial,23264,-42624,-180736,28052.1,-43979.6,-178413
191005350525500,373299505177,140,rotation-trial,23520,-42784,-181280,28308.1,-44139.6,-178957
191005351532900,373300504011,141,rotation-trial,24320,-42912,-180704,29108.1,-44267.6,-178381
191005352656400,373301503969,142,rotation-trial,24672,-42400,-179872,29460.1,-43755.6,-177549
191005353518200,373302503969,143,rotation-trial,25088,-42816,-180448,29876.1,-44171.6,-178125
191005354534800,373303503677,144,rotation-trial,25440,-43040,-180288,30228.1,-44395.6,-177965
191005355526900,373304504302,145,rotation-trial,25888,-43360,-179904,30676.1,-44715.6,-177581
191005356527400,373305505427,146,rotation-trial,26592,-43264,-179104,31380.1,-44619.6,-176781
191005357529400,373306504052,147,rotation-trial,26944,-43136,-179616,31732.1,-44491.6,-177293
191005358526300,373307503969,148,rotation-trial,27936,-43008,-179232,32724.1,-44363.6,-176909
191005359524600,373308504219,149,rotation-trial,27712,-42976,-179168,32500.1,-44331.6,-176845
191005360523700,373309504094,150,rotation-trial,28480,-43104,-178080,33268.1,-44459.6,-175757
191005361656600,373310504511,151,rotation-trial,28384,-42688,-178560,33172.1,-44043.6,-176237
191005362851200,373311504052,152,rotation-trial,29760,-43744,-178624,34548.1,-45099.6,-176301
191005363522900,373312503844,153,rotation-trial,29536,-43776,-178208,34324.1,-45131.6,-175885
191005364732700,373313503719,154,rotation-trial,28704,-43680,-178720,33492.1,-45035.6,-176397
191005365531200,373314504136,155,rotation-trial,29088,-44576,-178816,33876.1,-45931.6,-176493
191005366657100,373315504011,156,rotation-trial,30048,-44896,-178496,34836.1,-46251.6,-176173
191005367658400,373316504344,157,rotation-trial,28896,-44928,-178080,33684.1,-46283.6,-175757
191005368653800,373317504011,158,rotation-trial,28992,-45312,-178272,33780.1,-46667.6,-175949
191005369530800,373318503969,159,rotation-trial,28544,-45472,-178048,33332.1,-46827.6,-175725
191005370527800,373319504261,160,rotation-trial,28224,-45824,-177792,33012.1,-47179.6,-175469
191005371653800,373320514052,161,rotation-trial,27904,-45984,-177984,32692.1,-47339.6,-175661
191005372653400,373321504052,162,rotation-trial,26720,-45376,-178272,31508.1,-46731.6,-175949
191005373522900,373322505052,163,rotation-trial,26496,-46400,-177856,31284.1,-47755.6,-175533
191005374520900,373323504219,164,rotation-trial,25568,-46144,-178528,30356.1,-47499.6,-176205
191005375528700,373324504052,165,rotation-trial,25088,-45760,-179168,29876.1,-47115.6,-176845
191005376539500,373325504011,166,rotation-trial,24416,-45536,-178880,29204.1,-46891.6,-176557
191005377537700,373326504052,167,rotation-trial,24032,-46016,-178688,28820.1,-47371.6,-176365
191005378660500,373327504177,168,rotation-trial,23872,-45536,-179648,28660.1,-46891.6,-177325
191005379658400,373328505969,169,rotation-trial,22912,-45216,-180320,27700.1,-46571.6,-177997
191005380526200,373329505636,170,rotation-trial,22528,-44672,-180992,27316.1,-46027.6,-178669
191005381527800,373330504052,171,rotation-trial,22656,-44096,-179936,27444.1,-45451.6,-177613
191005382528800,373331504927,172,rotation-trial,21696,-43872,-180992,26484.1,-45227.6,-178669
191005383528400,373332504177,173,rotation-trial,22048,-43648,-180832,26836.1,-45003.6,-178509
191005384651100,373333503886,174,rotation-trial,21056,-42976,-181248,25844.1,-44331.6,-178925
191005385653400,373334505136,175,rotation-trial,21920,-42016,-181184,26708.1,-43371.6,-178861
191005386526400,373335503969,176,rotation-trial,21728,-42176,-180992,26516.1,-43531.6,-178669
191005387653500,373336506761,177,rotation-trial,21408,-41184,-181888,26196.1,-42539.6,-179565
191005388522500,373337504136,178,rotation-trial,22464,-41504,-181056,27252.1,-42859.6,-178733
191005389528300,373338504261,179,rotation-trial,22048,-41184,-181408,26836.1,-42539.6,-179085
191005390653400,373339504969,180,rotation-trial,23264,-41440,-181184,28052.1,-42795.6,-178861
191005391652800,373340504302,181,rotation-trial,22880,-41664,-181568,27668.1,-43019.6,-179245
191005392521400,373341504011,182,rotation-trial,23648,-41088,-181216,28436.1,-42443.6,-178893
191005393533000,373342504177,183,rotation-trial,23264,-40896,-181472,28052.1,-42251.6,-179149
191005394531100,373343504177,184,rotation-trial,23936,-40992,-181312,28724.1,-42347.6,-178989
191005395530100,373344504927,185,rotation-trial,25120,-40928,-180960,29908.1,-42283.6,-178637
191005396652800,373345504094,186,rotation-trial,25280,-41408,-180832,30068.1,-42763.6,-178509
191005397522600,373346503927,187,rotation-trial,25472,-41056,-180608,30260.1,-42411.6,-178285
191005398526900,373347504052,188,rotation-trial,26336,-41888,-179840,31124.1,-43243.6,-177517
191005399526600,373348504177,189,rotation-trial,26176,-41984,-180192,30964.1,-43339.6,-177869
191005400651200,373349503969,190,rotation-trial,27392,-43072,-179264,32180.1,-44427.6,-176941
191005401527300,373350503969,191,rotation-trial,26976,-43136,-179168,31764.1,-44491.6,-176845
191005402530600,373351504552,192,rotation-trial,28128,-43552,-178112,32916.1,-44907.6,-175789
191005403527900,373352504052,193,rotation-trial,27936,-44416,-178496,32724.1,-45771.6,-176173
191005404525200,373353504969,194,rotation-trial,28896,-44960,-177728,33684.1,-46315.6,-175405
191005405526700,373354504011,195,rotation-trial,28704,-45568,-177760,33492.1,-46923.6,-175437
191005406524700,373355503969,196,rotation-trial,29344,-46368,-176928,34132.1,-47723.6,-174605
191005407526400,373356504011,197,rotation-trial,29632,-46528,-177088,34420.1,-47883.6,-174765
191005408526200,373357504136,198,rotation-trial,29344,-46432,-176704,34132.1,-47787.6,-174381
191005409526400,373358504136,199,rotation-trial,29440,-46752,-177536,34228.1,-48107.6,-175213
191005410527200,373359504094,200,rotation-trial,29536,-47168,-177152,34324.1,-48523.6,-174829
191005411652500,373360504011,201,rotation-trial,29792,-47104,-177024,34580.1,-48459.6,-174701
191005412519400,373361503969,202,rotation-trial,29824,-47072,-177152,34612.1,-48427.6,-174829
191005413526400,373362504219,203,rotation-trial,29120,-46144,-177728,33908.1,-47499.6,-175405
191005414525600,373363504094,204,rotation-trial,29184,-45632,-177408,33972.1,-46987.6,-175085
191005415524500,373364503969,205,rotation-trial,28448,-45312,-178688,33236.1,-46667.6,-176365
191005416649600,373365504719,206,rotation-trial,28192,-45312,-178304,32980.1,-46667.6,-175981
191005417521500,373366504136,207,rotation-trial,27392,-45216,-179072,32180.1,-46571.6,-176749
191005418526500,373367504219,208,rotation-trial,27168,-44864,-178944,31956.1,-46219.6,-176621
191005419521700,373368504136,209,rotation-trial,26592,-44608,-179264,31380.1,-45963.6,-176941
191005420525800,373369503969,210,rotation-trial,26176,-44288,-178976,30964.1,-45643.6,-176653
191005421527300,373370504927,211,rotation-trial,25952,-43808,-179392,30740.1,-45163.6,-177069
191005422526400,373371504011,212,rotation-trial,25696,-43360,-179936,30484.1,-44715.6,-177613
191005423525100,373372504052,213,rotation-trial,25344,-43360,-180128,30132.1,-44715.6,-177805
191005424524800,373373504136,214,rotation-trial,24544,-42656,-179904,29332.1,-44011.6,-177581
191005425719100,373374504344,215,rotation-trial,24384,-42592,-180608,29172.1,-43947.6,-178285
191005426646400,373375503969,216,rotation-trial,24800,-42208,-180128,29588.1,-43563.6,-177805
191005427645100,373376504594,217,rotation-trial,24384,-42496,-180480,29172.1,-43851.6,-178157
191005428522400,373377504177,218,rotation-trial,24416,-43040,-180800,29204.1,-44395.6,-178477
191005429531600,373378504011,219,rotation-trial,24352,-43040,-181024,29140.1,-44395.6,-178701
191005430530000,373379504052,220,rotation-trial,25056,-43328,-181056,29844.1,-44683.6,-178733
191005431654700,373380504052,221,rotation-trial,24192,-43392,-180544,28980.1,-44747.6,-178221
191005432654800,373381506802,222,rotation-trial,24768,-43136,-180800,29556.1,-44491.6,-178477
191005433525100,373382504969,223,rotation-trial,25152,-44160,-180512,29940.1,-45515.6,-178189
191005434529300,373383504011,224,rotation-trial,25216,-44608,-179840,30004.1,-45963.6,-177517
191005435528600,373384504011,225,rotation-trial,25408,-44416,-179616,30196.1,-45771.6,-177293
191005436528500,373385504427,226,rotation-trial,26016,-44768,-179360,30804.1,-46123.6,-177037
191005437655200,373386504052,227,rotation-trial,25824,-45536,-179104,30612.1,-46891.6,-176781
191005438527100,373387504136,228,rotation-trial,26432,-45344,-179200,31220.1,-46699.6,-176877
191005439524700,373388504136,229,rotation-trial,25728,-45568,-178944,30516.1,-46923.6,-176621
191005440524300,373389504219,230,rotation-trial,26592,-45728,-179104,31380.1,-47083.6,-176781
191005441726700,373390513177,231,rotation-trial,27648,-46400,-178656,32436.1,-47755.6,-176333
191005442519100,373391504386,232,rotation-trial,27264,-45920,-178208,32052.1,-47275.6,-175885
191005443524700,373392504136,233,rotation-trial,27360,-45472,-178880,32148.1,-46827.6,-176557
191005444651500,373393504677,234,rotation-trial,27936,-45216,-178176,32724.1,-46571.6,-175853
191005445521100,373394505511,235,rotation-trial,27808,-45216,-177824,32596.1,-46571.6,-175501
191005446520400,373395503719,236,rotation-trial,28032,-45536,-178016,32820.1,-46891.6,-175693
191005447649100,373396504302,237,rotation-trial,28480,-44672,-178016,33268.1,-46027.6,-175693
191005448647100,373397504094,238,rotation-trial,27648,-44064,-178016,32436.1,-45419.6,-175693
191005449649200,373398504094,239,rotation-trial,29056,-44480,-177824,33844.1,-45835.6,-175501
191005450539100,373399503886,240,rotation-trial,28320,-43904,-178176,33108.1,-45259.6,-175853
191005451535100,373400503636,241,rotation-trial,27936,-43808,-178272,32724.1,-45163.6,-175949
191005452530800,373401504052,242,rotation-trial,28352,-43488,-178848,33140.1,-44843.6,-176525
191005453527700,373402504219,243,rotation-trial,27808,-43040,-179168,32596.1,-44395.6,-176845
191005454528700,373403504136,244,rotation-trial,28512,-42912,-179200,33300.1,-44267.6,-176877
191005455524500,373404504052,245,rotation-trial,27232,-42048,-179808,32020.1,-43403.6,-177485
191005456524600,373405504552,246,rotation-trial,27424,-41696,-180192,32212.1,-43051.6,-177869
191005457522400,373406504302,247,rotation-trial,27040,-41376,-180256,31828.1,-42731.6,-177933
191005458521500,373407504094,248,rotation-trial,26560,-41216,-180448,31348.1,-42571.6,-178125
191005459536800,373408504136,249,rotation-trial,26464,-41120,-181664,31252.1,-42475.6,-179341
191005460531000,373409504052,250,rotation-trial,25664,-41312,-181120,30452.1,-42667.6,-178797
191005461528300,373410507177,251,rotation-trial,25760,-41344,-181152,30548.1,-42699.6,-178829
191005462528800,373411504177,252,rotation-trial,24928,-41184,-181472,29716.1,-42539.6,-179149
191005463528200,373412504094,253,rotation-trial,25568,-42016,-181312,30356.1,-43371.6,-178989
191005464653200,373413504136,254,rotation-trial,25568,-42368,-180608,30356.1,-43723.6,-178285
191005465524700,373414503969,255,rotation-trial,24864,-42944,-180544,29652.1,-44299.6,-178221
191005466653600,373415504052,0,rotation-trial,24640,-42944,-180480,29428.1,-44299.6,-178157
191005467653800,373416504302,1,rotation-trial,24576,-43520,-180256,29364.1,-44875.6,-177933
191005468526200,373417505552,2,rotation-trial,24704,-44256,-180192,29492.1,-45611.6,-177869
191005469758500,373418504136,3,rotation-trial,24896,-44000,-180416,29684.1,-45355.6,-178093
191005470527700,373419503969,4,rotation-trial,24800,-45344,-179840,29588.1,-46699.6,-177517
191005471525100,373420504052,5,rotation-trial,24640,-46112,-179776,29428.1,-47467.6,-177453
191005472524200,373421504177,6,rotation-trial,25344,-46368,-179808,30132.1,-47723.6,-177485
191005473522300,373422504136,7,rotation-trial,25824,-46496,-179840,30612.1,-47851.6,-177517
191005474550600,373423504219,8,rotation-trial,25632,-46176,-179744,30420.1,-47531.6,-177421
191005475519200,373424504052,9,rotation-trial,26112,-46432,-179008,30900.1,-47787.6,-176685
191005476658300,373425503927,10,rotation-trial,25696,-46080,-179424,30484.1,-47435.6,-177101
191005477614200,373426504177,11,rotation-trial,26336,-45984,-178720,31124.1,-47339.6,-176397
191005478677000,373427504011,12,rotation-trial,26592,-45952,-178592,31380.1,-47307.6,-176269
191005479652600,373428505511,13,rotation-trial,27008,-46400,-178016,31796.1,-47755.6,-175693
191005480794400,373429504052,14,rotation-trial,26752,-45440,-178496,31540.1,-46795.6,-176173
191005481635500,373430504052,15,rotation-trial,27232,-45728,-178336,32020.1,-47083.6,-176013
191005482637100,373431504261,16,rotation-trial,27456,-46048,-178560,32244.1,-47403.6,-176237
191005483550300,373432504094,17,rotation-trial,27104,-45344,-178432,31892.1,-46699.6,-176109
191005484617300,373433504136,18,rotation-trial,28000,-45184,-178688,32788.1,-46539.6,-176365
191005485614900,373434503969,19,rotation-trial,27616,-44992,-178464,32404.1,-46347.6,-176141
191005486545000,373435503594,20,rotation-trial,27808,-44928,-178592,32596.1,-46283.6,-176269
191005487888000,373436504386,21,rotation-trial,27584,-44672,-178816,32372.1,-46027.6,-176493
191005488638500,373437504094,22,rotation-trial,27296,-44192,-179104,32084.1,-45547.6,-176781
191005489623900,373438503927,23,rotation-trial,27296,-43968,-179616,32084.1,-45323.6,-177293
191005490518600,373439503927,24,rotation-trial,27968,-44224,-179008,32756.1,-45579.6,-176685
191005491645600,373440506969,25,rotation-trial,26432,-43776,-179648,31220.1,-45131.6,-177325
191005492660100,373441504136,26,rotation-trial,26976,-43456,-180032,31764.1,-44811.6,-177709
191005493875000,373442504136,27,rotation-trial,27104,-43424,-180288,31892.1,-44779.6,-177965
191005494617000,373443504052,28,rotation-trial,26400,-43136,-180544,31188.1,-44491.6,-178221
191005495665600,373444503969,29,rotation-trial,25632,-42976,-180992,30420.1,-44331.6,-178669
191005496770200,373445503969,30,rotation-trial,25952,-42592,-180256,30740.1,-43947.6,-177933
191005497666300,373446504094,31,rotation-trial,25760,-42496,-181184,30548.1,-43851.6,-178861
191005498614300,373447504302,32,rotation-trial,24800,-42656,-180640,29588.1,-44011.6,-178317
191005499633400,373448504094,33,rotation-trial,24384,-42784,-180768,29172.1,-44139.6,-178445
191005500631900,373449503927,34,rotation-trial,24320,-42528,-180928,29108.1,-43883.6,-178605
191005501638800,373450504011,35,rotation-trial,23680,-42560,-181088,28468.1,-43915.6,-178765
191005506514500,373451505094,36,rotation-trial,23808,-42880,-180768,28596.1,-44235.6,-178445
191005506542500,373452505469,37,rotation-trial,23904,-42656,-180896,28692.1,-44011.6,-178573
191005506551100,373453504136,38,rotation-trial,23360,-42528,-180928,28148.1,-43883.6,-178605
191005506557200,373454505177,39,rotation-trial,22976,-42464,-180768,27764.1,-43819.6,-178445
191005506563300,373455503927,40,rotation-trial,22816,-42144,-180480,27604.1,-43499.6,-178157
191005507520400,373456505594,41,rotation-trial,23008,-41888,-181056,27796.1,-43243.6,-178733
191005508646800,373457504636,42,rotation-trial,22880,-42208,-180160,27668.1,-43563.6,-177837
191005509519600,373458505552,43,rotation-trial,22560,-41984,-180896,27348.1,-43339.6,-178573
191005510519600,373459503844,44,rotation-trial,23008,-42464,-180512,27796.1,-43819.6,-178189
191005511521500,373460504761,45,rotation-trial,23744,-42560,-180512,28532.1,-43915.6,-178189
191005512644000,373461504136,46,rotation-trial,23360,-42720,-179904,28148.1,-44075.6,-177581
191005513515900,373462504511,47,rotation-trial,23712,-43008,-179488,28500.1,-44363.6,-177165
191005514514000,373463504011,48,rotation-trial,23680,-42784,-179712,28468.1,-44139.6,-177389
191005515615800,373464503927,49,rotation-trial,24192,-43456,-179584,28980.1,-44811.6,-177261
191005517151000,373465503927,50,rotation-trial,24832,-43424,-179264,29620.1,-44779.6,-176941
191005517612900,373466504219,51,rotation-trial,25376,-44064,-178496,30164.1,-45419.6,-176173
191005518665900,373467504136,52,rotation-trial,25632,-43968,-179136,30420.1,-45323.6,-176813
191005519853100,373468504011,53,rotation-trial,25792,-43744,-179168,30580.1,-45099.6,-176845
191005520616700,373469503969,54,rotation-trial,26400,-44736,-177952,31188.1,-46091.6,-175629
191005521627900,373470505302,55,rotation-trial,26976,-44384,-178240,31764.1,-45739.6,-175917
191005522539400,373471504052,56,rotation-trial,27168,-44640,-177696,31956.1,-45995.6,-175373
191005524173000,373472504261,57,rotation-trial,27616,-44832,-177888,32404.1,-46187.6,-175565
191005524515200,373473504136,58,rotation-trial,26976,-44704,-177440,31764.1,-46059.6,-175117
191005525526900,373474504011,59,rotation-trial,27680,-44672,-178080,32468.1,-46027.6,-175757
191005526789700,373475503969,60,rotation-trial,27936,-44576,-178016,32724.1,-45931.6,-175693
191005527616100,373476504136,61,rotation-trial,27776,-44736,-177280,32564.1,-46091.6,-174957
191005528797200,373477504136,62,rotation-trial,27648,-43712,-178432,32436.1,-45067.6,-176109
191005529631500,373478504011,63,rotation-trial,28096,-43456,-178528,32884.1,-44811.6,-176205
191005530657600,373479503844,64,rotation-trial,27808,-44000,-178784,32596.1,-45355.6,-176461
191005531772800,373480504136,65,rotation-trial,28416,-44096,-177888,33204.1,-45451.6,-175565
191005532615200,373481505594,66,rotation-trial,28064,-43936,-178176,32852.1,-45291.6,-175853
191005533637300,373482504136,67,rotation-trial,28000,-44160,-177856,32788.1,-45515.6,-175533
191005534667500,373483504011,68,rotation-trial,27744,-44288,-177440,32532.1,-45643.6,-175117
191005535633100,373484503927,69,rotation-trial,27744,-44288,-177824,32532.1,-45643.6,-175501
191005536562000,373485504219,70,rotation-trial,27488,-44288,-177728,32276.1,-45643.6,-175405
191005537929800,373486505052,71,rotation-trial,27168,-43968,-177824,31956.1,-45323.6,-175501
191005538526800,373487504136,72,rotation-trial,26592,-43744,-178432,31380.1,-45099.6,-176109
191005539605800,373488504011,73,rotation-trial,26592,-43712,-177664,31380.1,-45067.6,-175341
191005540571200,373489504094,74,rotation-trial,26144,-43200,-177824,30932.1,-44555.6,-175501
191005541531600,373490504344,75,rotation-trial,25280,-42304,-178400,30068.1,-43659.6,-176077
191005542572200,373491504094,76,rotation-trial,25504,-42432,-177472,30292.1,-43787.6,-175149
191005543751100,373492504177,77,rotation-trial,24384,-41952,-178400,29172.1,-43307.6,-176077
191005544741200,373493504052,78,rotation-trial,23584,-41440,-179104,28372.1,-42795.6,-176781
191005545621300,373494504011,79,rotation-trial,23136,-41120,-179200,27924.1,-42475.6,-176877
191005546636500,373495504302,80,rotation-trial,23040,-41216,-179232,27828.1,-42571.6,-176909
191005547521800,373496504136,81,rotation-trial,22432,-40864,-178976,27220.1,-42219.6,-176653
191005548597200,373497504052,82,rotation-trial,22688,-40544,-179392,27476.1,-41899.6,-177069
191005549515800,373498504052,83,rotation-trial,22560,-39968,-179584,27348.1,-41323.6,-177261
191005550515900,373499506219,84,rotation-trial,22240,-40576,-178912,27028.1,-41931.6,-176589
191005551516100,373500504261,85,rotation-trial,22624,-40736,-179360,27412.1,-42091.6,-177037
191005552515800,373501504136,86,rotation-trial,22272,-40672,-178368,27060.1,-42027.6,-176045
191005553630700,373502504136,87,rotation-trial,22016,-40000,-178848,26804.1,-41355.6,-176525
191005554607400,373503503927,88,rotation-trial,22112,-40384,-178912,26900.1,-41739.6,-176589
191005555743700,373504504386,89,rotation-trial,22112,-40352,-178944,26900.1,-41707.6,-176621
191005556613200,373505504094,90,rotation-trial,22880,-40864,-178944,27668.1,-42219.6,-176621
191005557635200,373506504052,91,rotation-trial,24064,-41856,-178112,28852.1,-43211.6,-175789
191005558596900,373507504136,92,rotation-trial,24672,-42560,-177984,29460.1,-43915.6,-175661
191005559635800,373508508052,93,rotation-trial,25824,-43104,-177408,30612.1,-44459.6,-175085
191005560749300,373509503969,94,rotation-trial,26368,-43808,-178080,31156.1,-45163.6,-175757
191005561590200,373510504261,95,rotation-trial,27424,-43936,-177024,32212.1,-45291.6,-174701
191005562618700,373511504094,96,rotation-trial,27680,-44512,-177056,32468.1,-45867.6,-174733
191005563637000,373512504094,97,rotation-trial,28544,-44544,-176416,33332.1,-45899.6,-174093
191005564643100,373513503969,98,rotation-trial,29056,-44416,-176352,33844.1,-45771.6,-174029
191005565608500,373514503927,99,rotation-trial,29952,-45376,-175520,34740.1,-46731.6,-173197
191005566765800,373515504219,100,rotation-trial,30240,-45408,-175712,35028.1,-46763.6,-173389
191005567716800,373516504927,101,rotation-trial,30880,-45024,-175840,35668.1,-46379.6,-173517
191005568622400,373517504177,102,rotation-trial,31296,-45152,-175104,36084.1,-46507.6,-172781
191005569956100,373518504011,103,rotation-trial,31328,-45056,-175296,36116.1,-46411.6,-172973
191005570585400,373519504011,104,rotation-trial,31552,-45440,-174496,36340.1,-46795.6,-172173
191005571520600,373520504177,105,rotation-trial,31552,-44768,-174720,36340.1,-46123.6,-172397
191005572539000,373521504719,106,rotation-trial,31232,-44640,-174912,36020.1,-45995.6,-172589
191005573529400,373522504136,107,rotation-trial,31168,-44896,-174752,35956.1,-46251.6,-172429
191005574527800,373523503969,108,rotation-trial,31136,-44288,-174880,35924.1,-45643.6,-172557
191005575526100,373524503969,109,rotation-trial,31392,-44032,-173984,36180.1,-45387.6,-171661
191005576528000,373525504219,110,rotation-trial,29888,-43136,-175680,34676.1,-44491.6,-173357
191005577529600,373526505136,111,rotation-trial,29216,-42720,-175712,34004.1,-44075.6,-173389
191005578529600,373527504094,112,rotation-trial,28320,-42048,-176544,33108.1,-43403.6,-174221
191005579531800,373528503969,113,rotation-trial,27392,-41664,-176800,32180.1,-43019.6,-174477
191005580530600,373529505094,114,rotation-trial,27232,-41184,-176096,32020.1,-42539.6,-173773
191005581531300,373530504219,115,rotation-trial,25952,-40864,-177024,30740.1,-42219.6,-174701
191005582531800,373531504094,116,rotation-trial,24384,-40256,-178848,29172.1,-41611.6,-176525
191005583531400,373532504052,117,rotation-trial,24320,-40672,-177376,29108.1,-42027.6,-175053
191005584529200,373533504011,118,rotation-trial,23232,-40480,-178432,28020.1,-41835.6,-176109
191005585530300,373534504011,119,rotation-trial,23168,-40768,-178784,27956.1,-42123.6,-176461
191005586530100,373535504053,120,rotation-trial,22656,-41184,-179168,27444.1,-42539.6,-176845
191005587527600,373536504928,121,rotation-trial,21472,-41408,-179456,26260.1,-42763.6,-177133
191005588528200,373537505844,122,rotation-trial,21952,-42688,-178976,26740.1,-44043.6,-176653
191005589527700,373538503928,123,rotation-trial,21760,-42656,-179744,26548.1,-44011.6,-177421
191005590528400,373539504011,124,rotation-trial,21024,-43072,-179104,25812.1,-44427.6,-176781
191005591528300,373540504094,125,rotation-trial,20384,-43392,-179392,25172.1,-44747.6,-177069
191005592656200,373541504053,126,rotation-trial,20320,-43680,-179424,25108.1,-45035.6,-177101
191005593526700,373542503969,127,rotation-trial,21088,-43936,-178432,25876.1,-45291.6,-176109
191005594531700,373543503886,128,rotation-trial,19840,-44288,-178496,24628.1,-45643.6,-176173
191005595529300,373544504011,129,rotation-trial,20896,-44896,-178944,25684.1,-46251.6,-176621
191005596531500,373545503928,130,rotation-trial,20864,-44960,-178752,25652.1,-46315.6,-176429
191005597531200,373546503636,131,rotation-trial,21760,-45504,-178336,26548.1,-46859.6,-176013
191005598531600,373547504053,132,rotation-trial,21792,-45728,-177216,26580.1,-47083.6,-174893
191005599531700,373548503886,133,rotation-trial,22112,-46304,-177312,26900.1,-47659.6,-174989
191005600531300,373549503969,134,rotation-trial,22976,-46656,-176800,27764.1,-48011.6,-174477
191005601527400,373550504053,135,rotation-trial,22976,-46016,-177280,27764.1,-47371.6,-174957
191005602521700,373551504178,136,rotation-trial,24096,-45792,-176320,28884.1,-47147.6,-173997
191005603521700,373552503969,137,rotation-trial,24896,-45696,-176256,29684.1,-47051.6,-173933
191005604596000,373553503969,138,rotation-trial,24544,-45504,-176000,29332.1,-46859.6,-173677
191005605522600,373554503969,139,rotation-trial,25312,-44448,-175744,30100.1,-45803.6,-173421
191005606527300,373555504094,140,rotation-trial,26464,-44640,-175040,31252.1,-45995.6,-172717
191005607524600,373556505344,141,rotation-trial,26208,-43680,-174784,30996.1,-45035.6,-172461
191005608598800,373557503969,142,rotation-trial,27232,-43008,-174400,32020.1,-44363.6,-172077
191005609615100,373558505969,143,rotation-trial,27488,-42464,-174816,32276.1,-43819.6,-172493
191005610695500,373559504969,144,rotation-trial,28128,-42752,-174048,32916.1,-44107.6,-171725
191005611594100,373560504136,145,rotation-trial,28128,-42368,-174272,32916.1,-43723.6,-171949
191005612670700,373561504094,146,rotation-trial,28352,-41600,-175072,33140.1,-42955.6,-172749
191005613591500,373562503886,147,rotation-trial,28928,-41312,-174880,33716.1,-42667.6,-172557
191005614645900,373563504094,148,rotation-trial,29728,-42048,-175872,34516.1,-43403.6,-173549
191005615751900,373564504178,149,rotation-trial,29536,-41632,-176032,34324.1,-42987.6,-173709
191005616758500,373565504094,150,rotation-trial,30400,-41184,-175360,35188.1,-42539.6,-173037
191005617616500,373566504136,151,rotation-trial,30208,-41600,-175520,34996.1,-42955.6,-173197
191005618530000,373567503969,152,rotation-trial,30016,-40960,-175680,34804.1,-42315.6,-173357
191005619647800,373568504136,153,rotation-trial,29984,-41152,-176032,34772.1,-42507.6,-173709
191005620753200,373569505803,154,rotation-trial,29120,-41472,-176224,33908.1,-42827.6,-173901
191005621735700,373570509178,155,rotation-trial,29088,-41664,-176032,33876.1,-43019.6,-173709
191005622632900,373571504094,156,rotation-trial,28320,-41792,-176288,33108.1,-43147.6,-173965
191005623612800,373572503928,157,rotation-trial,28672,-41952,-176672,33460.1,-43307.6,-174349
191005624683600,373573503511,158,rotation-trial,28608,-43072,-175680,33396.1,-44427.6,-173357
191005625630700,373574504219,159,rotation-trial,27232,-42816,-177088,32020.1,-44171.6,-174765
191005626591600,373575504011,160,rotation-trial,26944,-43776,-176192,31732.1,-45131.6,-173869
191005627754100,373576505094,161,rotation-trial,25984,-43776,-176896,30772.1,-45131.6,-174573
191005628595200,373577503969,162,rotation-trial,25536,-44480,-176416,30324.1,-45835.6,-174093
191005629604700,373578503678,163,rotation-trial,25248,-44864,-176800,30036.1,-46219.6,-174477
191005630643900,373579504053,164,rotation-trial,24640,-44512,-176608,29428.1,-45867.6,-174285
191005631591200,373580505094,165,rotation-trial,24448,-45120,-176352,29236.1,-46475.6,-174029
191005632602700,373581504094,166,rotation-trial,22688,-44672,-176256,27476.1,-46027.6,-173933
191005633521400,373582503928,167,rotation-trial,22272,-44352,-175648,27060.1,-45707.6,-173325
191005634598100,373583503969,168,rotation-trial,21312,-44608,-176352,26100.1,-45963.6,-174029
191005635617400,373584504303,169,rotation-trial,20736,-44512,-176352,25524.1,-45867.6,-174029
191005636628200,373585504053,170,rotation-trial,20544,-45088,-175488,25332.1,-46443.6,-173165
191005637522500,373586503969,171,rotation-trial,19904,-44096,-175776,24692.1,-45451.6,-173453
191005638651800,373587504261,172,rotation-trial,19648,-44640,-176032,24436.1,-45995.6,-173709
191005639522300,373588503969,173,rotation-trial,19744,-44192,-175520,24532.1,-45547.6,-173197
191005640525900,373589503969,174,rotation-trial,20224,-44864,-175200,25012.1,-46219.6,-172877
191005641525800,373590504094,175,rotation-trial,20032,-43808,-175264,24820.1,-45163.6,-172941
191005642525800,373591504094,176,rotation-trial,20864,-43776,-175008,25652.1,-45131.6,-172685
191005643525600,373592503928,177,rotation-trial,20800,-43520,-175776,25588.1,-44875.6,-173453
191005644525600,373593506761,178,rotation-trial,21248,-43296,-174976,26036.1,-44651.6,-172653
191005645525700,373594503969,179,rotation-trial,22048,-43488,-175168,26836.1,-44843.6,-172845
191005646525500,373595504053,180,rotation-trial,22368,-42720,-175104,27156.1,-44075.6,-172781
191005647524500,373596504094,181,rotation-trial,23232,-42912,-175104,28020.1,-44267.6,-172781
191005648523500,373597504011,182,rotation-trial,24032,-42976,-174208,28820.1,-44331.6,-171885
191005649527900,373598503969,183,rotation-trial,24544,-42592,-174752,29332.1,-43947.6,-172429
191005650530800,373599504178,184,rotation-trial,25376,-42400,-175104,30164.1,-43755.6,-172781
191005651652800,373600505678,185,rotation-trial,26560,-42432,-173696,31348.1,-43787.6,-171373
191005652520400,373601504053,186,rotation-trial,27200,-42336,-174240,31988.1,-43691.6,-171917
191005653525900,373602503886,187,rotation-trial,27904,-42400,-174144,32692.1,-43755.6,-171821
191005654525900,373603504011,188,rotation-trial,28928,-42464,-173568,33716.1,-43819.6,-171245
191005655525700,373604505386,189,rotation-trial,28768,-42112,-173728,33556.1,-43467.6,-171405
191005656651100,373605503719,190,rotation-trial,29184,-41408,-173888,33972.1,-42763.6,-171565
191005657521200,373606504219,191,rotation-trial,29664,-42016,-173600,34452.1,-43371.6,-171277
191005658525000,373607503928,192,rotation-trial,30400,-41664,-173888,35188.1,-43019.6,-171565
191005659526000,373608504011,193,rotation-trial,30336,-41376,-172864,35124.1,-42731.6,-170541
191005660526000,373609504053,194,rotation-trial,30080,-41504,-173216,34868.1,-42859.6,-170893
191005661650700,373610504136,195,rotation-trial,29664,-41344,-173600,34452.1,-42699.6,-171277
191005662518900,373611504594,196,rotation-trial,29920,-41344,-173024,34708.1,-42699.6,-170701
191005663525600,373612505511,197,rotation-trial,29760,-41440,-172256,34548.1,-42795.6,-169933
191005664524200,373613503844,198,rotation-trial,29184,-41216,-172608,33972.1,-42571.6,-170285
191005665519600,373614504261,199,rotation-trial,28128,-40960,-173088,32916.1,-42315.6,-170765
191005666642000,373615504094,200,rotation-trial,28576,-41568,-172480,33364.1,-42923.6,-170157
191005667643900,373616505594,201,rotation-trial,27872,-40736,-173120,32660.1,-42091.6,-170797
191005668530100,373617505011,202,rotation-trial,27232,-41344,-173184,32020.1,-42699.6,-170861
191005669514000,373618505303,203,rotation-trial,26528,-41568,-172352,31316.1,-42923.6,-170029
191005670589900,373619504053,204,rotation-trial,26432,-42208,-173184,31220.1,-43563.6,-170861
191005671603900,373620506844,205,rotation-trial,25472,-41920,-172928,30260.1,-43275.6,-170605
191005673250200,373621504094,206,rotation-trial,24704,-42368,-173248,29492.1,-43723.6,-170925
191005673518700,373622504053,207,rotation-trial,24544,-42304,-173728,29332.1,-43659.6,-171405
191005674522000,373623505219,208,rotation-trial,23488,-42336,-174272,28276.1,-43691.6,-171949
191005676556200,373624504178,209,rotation-trial,23488,-42848,-172800,28276.1,-44203.6,-170477
191005676577000,373625504844,210,rotation-trial,22784,-43328,-173536,27572.1,-44683.6,-171213
191005677832600,373626504094,211,rotation-trial,22560,-43200,-173600,27348.1,-44555.6,-171277
191005678594000,373627503928,212,rotation-trial,21568,-43168,-173952,26356.1,-44523.6,-171629
191005679620800,373628503928,213,rotation-trial,20672,-43232,-174624,25460.1,-44587.6,-172301
191005680693900,373629504761,214,rotation-trial,21152,-42912,-173792,25940.1,-44267.6,-171469
191005681523500,373630505053,215,rotation-trial,21024,-43360,-173856,25812.1,-44715.6,-171533
191005682594600,373631504219,216,rotation-trial,20736,-43136,-174752,25524.1,-44491.6,-172429
191005683619700,373632503969,217,rotation-trial,20608,-43328,-173984,25396.1,-44683.6,-171661
191005684598100,373633503928,218,rotation-trial,20864,-42720,-173728,25652.1,-44075.6,-171405
191005685522500,373634504178,219,rotation-trial,20256,-42048,-174592,25044.1,-43403.6,-172269
191005686632300,373635504094,220,rotation-trial,20384,-42368,-173984,25172.1,-43723.6,-171661
191005687619300,373636504011,221,rotation-trial,20736,-41504,-173600,25524.1,-42859.6,-171277
191005688768200,373637504261,222,rotation-trial,20352,-41216,-173504,25140.1,-42571.6,-171181
191005689612200,373638504136,223,rotation-trial,20640,-40960,-174240,25428.1,-42315.6,-171917
191005690627200,373639504136,224,rotation-trial,20864,-40480,-173600,25652.1,-41835.6,-171277
191005691628900,373640504094,225,rotation-trial,21760,-40288,-173728,26548.1,-41643.6,-171405
191005692635000,373641504011,226,rotation-trial,22720,-40224,-173088,27508.1,-41579.6,-170765
191005693627000,373642503969,227,rotation-trial,22208,-39392,-173792,26996.1,-40747.6,-171469
191005694635100,373643505386,228,rotation-trial,22400,-39296,-174560,27188.1,-40651.6,-172237
191005695589200,373644504053,229,rotation-trial,23616,-39488,-173152,28404.1,-40843.6,-170829
191005696521500,373645504094,230,rotation-trial,23264,-38560,-172960,28052.1,-39915.6,-170637
191005697526900,373646504053,231,rotation-trial,23808,-38912,-172896,28596.1,-40267.6,-170573
191005698527500,373647503928,232,rotation-trial,24448,-39008,-172544,29236.1,-40363.6,-170221
191005699526400,373648504219,233,rotation-trial,24800,-39040,-172192,29588.1,-40395.6,-169869
191005700525900,373649504011,234,rotation-trial,25568,-39136,-172000,30356.1,-40491.6,-169677
191005701524200,373650504053,235,rotation-trial,25728,-39168,-171552,30516.1,-40523.6,-169229
191005702525200,373651504178,236,rotation-trial,25824,-39552,-171648,30612.1,-40907.6,-169325
191005703651100,373652504636,237,rotation-trial,26272,-39776,-170784,31060.1,-41131.6,-168461
191005704649000,373653504219,238,rotation-trial,26656,-40032,-171456,31444.1,-41387.6,-169133
191005705519100,373654504136,239,rotation-trial,27072,-40256,-170944,31860.1,-41611.6,-168621
191005706526100,373655504136,240,rotation-trial,26720,-40064,-171008,31508.1,-41419.6,-168685
191005707525900,373656503844,241,rotation-trial,27840,-40672,-169856,32628.1,-42027.6,-167533
191005708650900,373657504053,242,rotation-trial,27168,-40512,-170368,31956.1,-41867.6,-168045
191005709517000,373658505636,243,rotation-trial,27616,-40704,-170464,32404.1,-42059.6,-168141
191005710523700,373659504053,244,rotation-trial,27840,-40896,-169632,32628.1,-42251.6,-167309
191005711525900,373660504094,245,rotation-trial,26976,-41248,-169888,31764.1,-42603.6,-167565
191005712519300,373661503886,246,rotation-trial,26464,-41664,-169952,31252.1,-43019.6,-167629
191005713525400,373662504428,247,rotation-trial,26208,-41408,-169920,30996.1,-42763.6,-167597
191005714528200,373663504761,248,rotation-trial,25344,-41472,-170080,30132.1,-42827.6,-167757
191005715526700,373664504511,249,rotation-trial,25504,-41408,-170688,30292.1,-42763.6,-168365
191005716651200,373665504053,250,rotation-trial,25120,-42208,-170688,29908.1,-43563.6,-168365
191005717519200,373666504011,251,rotation-trial,24416,-41760,-170112,29204.1,-43115.6,-167789
191005718523800,373667503969,252,rotation-trial,24096,-42112,-170336,28884.1,-43467.6,-168013
191005719526100,373668504136,253,rotation-trial,22912,-42208,-170624,27700.1,-43563.6,-168301
191005720650800,373669504011,254,rotation-trial,22240,-41952,-170816,27028.1,-43307.6,-168493
191005721517500,373670504553,255,rotation-trial,21824,-41120,-171040,26612.1,-42475.6,-168717
191005722523800,373671505344,0,rotation-trial,20992,-41568,-170816,25780.1,-42923.6,-168493
191005723518900,373672505428,1,rotation-trial,20416,-41248,-170944,25204.1,-42603.6,-168621
191005724585300,373673504178,2,rotation-trial,19968,-41344,-171552,24756.1,-42699.6,-169229
191005725520000,373674504094,3,rotation-trial,20288,-41216,-171072,25076.1,-42571.6,-168749
191005726526500,373675503969,4,rotation-trial,19520,-41152,-171744,24308.1,-42507.6,-169421
191005727523600,373676503969,5,rotation-trial,18944,-40352,-171392,23732.1,-41707.6,-169069
191005728522500,373677504011,6,rotation-trial,18944,-40384,-171776,23732.1,-41739.6,-169453
191005729527400,373678504094,7,rotation-trial,18368,-40064,-171840,23156.1,-41419.6,-169517
191005730519000,373679503969,8,rotation-trial,17696,-40384,-171712,22484.1,-41739.6,-169389
191005731519500,373680504136,9,rotation-trial,17600,-40160,-171424,22388.1,-41515.6,-169101
191005732519400,373681504053,10,rotation-trial,17632,-39968,-172000,22420.1,-41323.6,-169677
191005733526000,373682504844,11,rotation-trial,17856,-39520,-171936,22644.1,-40875.6,-169613
191005734526100,373683504053,12,rotation-trial,17696,-39520,-171744,22484.1,-40875.6,-169421
191005735525100,373684503969,13,rotation-trial,18624,-39744,-171776,23412.1,-41099.6,-169453
191005736651000,373685504053,14,rotation-trial,18560,-39904,-171200,23348.1,-41259.6,-168877
191005737519100,373686503969,15,rotation-trial,18720,-39520,-171360,23508.1,-40875.6,-169037
191005738650800,373687503928,16,rotation-trial,18144,-39008,-171648,22932.1,-40363.6,-169325
191005739521800,373688504053,17,rotation-trial,19648,-39552,-170432,24436.1,-40907.6,-168109
191005740526900,373689504136,18,rotation-trial,19616,-39424,-170656,24404.1,-40779.6,-168333
191005741525800,373690504969,19,rotation-trial,20192,-39264,-170656,24980.1,-40619.6,-168333
191005742525900,373691503886,20,rotation-trial,20672,-39328,-170144,25460.1,-40683.6,-167821
191005743526000,373692503886,21,rotation-trial,21888,-39456,-169536,26676.1,-40811.6,-167213
191005744521400,373693504219,22,rotation-trial,21856,-39136,-169376,26644.1,-40491.6,-167053
191005745524300,373694506261,23,rotation-trial,22112,-39328,-169888,26900.1,-40683.6,-167565
191005746528900,373695504011,24,rotation-trial,22912,-39488,-169600,27700.1,-40843.6,-167277
191005747526600,373696504053,25,rotation-trial,23520,-39040,-168768,28308.1,-40395.6,-166445
191005748525900,373697503886,26,rotation-trial,24384,-39328,-168512,29172.1,-40683.6,-166189
191005749523800,373698504094,27,rotation-trial,24768,-38944,-168192,29556.1,-40299.6,-165869
191005750526000,373699506344,28,rotation-trial,25280,-39744,-168032,30068.1,-41099.6,-165709
191005751525900,373700504136,29,rotation-trial,25376,-39936,-167424,30164.1,-41291.6,-165101
191005752525600,373701503928,30,rotation-trial,25600,-39488,-167872,30388.1,-40843.6,-165549
191005753525800,373702503886,31,rotation-trial,25888,-40256,-167008,30676.1,-41611.6,-164685
191005754523600,373703504053,32,rotation-trial,25760,-39968,-166752,30548.1,-41323.6,-164429
191005755525800,373704504094,33,rotation-trial,25024,-39776,-167392,29812.1,-41131.6,-165069
191005756525600,373705503886,34,rotation-trial,24800,-39968,-166752,29588.1,-41323.6,-164429
191005757525600,373706503844,35,rotation-trial,24608,-39520,-167552,29396.1,-40875.6,-165229
191005758525800,373707503844,36,rotation-trial,24416,-39808,-167264,29204.1,-41163.6,-164941
191005759523700,373708504011,37,rotation-trial,23872,-39584,-166464,28660.1,-40939.6,-164141
191005760522300,373709503636,38,rotation-trial,23552,-40000,-166144,28340.1,-41355.6,-163821
191005761518900,373710513511,39,rotation-trial,23136,-40032,-166944,27924.1,-41387.6,-164621
191005762523900,373711503886,40,rotation-trial,22720,-39616,-167296,27508.1,-40971.6,-164973
191005763535900,373712503928,41,rotation-trial,22496,-39744,-166400,27284.1,-41099.6,-164077
191005764567100,373713503969,42,rotation-trial,21888,-39904,-167104,26676.1,-41259.6,-164781
191005765533600,373714504136,43,rotation-trial,21504,-39904,-167136,26292.1,-41259.6,-164813
191005766652500,373715504053,44,rotation-trial,21440,-39712,-166112,26228.1,-41067.6,-163789
191005767517300,373716504136,45,rotation-trial,20832,-39904,-166784,25620.1,-41259.6,-164461
191005768650700,373717505719,46,rotation-trial,20576,-39616,-167584,25364.1,-40971.6,-165261
191005769519000,373718504053,47,rotation-trial,20704,-40192,-167136,25492.1,-41547.6,-164813
191005770517300,373719504053,48,rotation-trial,19840,-40128,-166720,24628.1,-41483.6,-164397
191005771525900,373720504011,49,rotation-trial,19872,-40096,-167200,24660.1,-41451.6,-164877
191005772523700,373721505136,50,rotation-trial,19072,-39968,-167104,23860.1,-41323.6,-164781
191005773525500,373722504219,51,rotation-trial,18976,-40128,-166784,23764.1,-41483.6,-164461
191005774525700,373723504678,52,rotation-trial,19296,-40224,-166496,24084.1,-41579.6,-164173
191005775523500,373724505303,53,rotation-trial,18688,-39328,-167360,23476.1,-40683.6,-165037
191005776609100,373725503844,54,rotation-trial,18720,-40256,-166336,23508.1,-41611.6,-164013
191005777527000,373726503928,55,rotation-trial,18624,-39776,-166944,23412.1,-41131.6,-164621
191005778528900,373727504136,56,rotation-trial,18496,-39744,-166304,23284.1,-41099.6,-163981
191005779526600,373728503928,57,rotation-trial,19744,-39520,-166080,24532.1,-40875.6,-163757
191005780649300,373729504053,58,rotation-trial,18976,-39392,-166080,23764.1,-40747.6,-163757
191005781519200,373730504011,59,rotation-trial,19232,-39424,-166496,24020.1,-40779.6,-164173
191005782524000,373731503928,60,rotation-trial,19168,-39680,-165056,23956.1,-41035.6,-162733
191005783525900,373732504178,61,rotation-trial,19680,-39712,-165248,24468.1,-41067.6,-162925
191005784525900,373733504011,62,rotation-trial,19232,-39296,-165184,24020.1,-40651.6,-162861
191005785524300,373734504178,63,rotation-trial,20384,-39200,-164896,25172.1,-40555.6,-162573
191005786526200,373735503969,64,rotation-trial,20576,-39232,-164512,25364.1,-40587.6,-162189
191005787525900,373736503928,65,rotation-trial,20128,-39008,-164448,24916.1,-40363.6,-162125
191005788525800,373737504094,66,rotation-trial,19808,-39264,-164224,24596.1,-40619.6,-161901
191005789525900,373738505469,67,rotation-trial,20992,-39008,-163200,25780.1,-40363.6,-160877
191005790525900,373739504011,68,rotation-trial,20768,-38752,-163168,25556.1,-40107.6,-160845
191005791525100,373740504053,69,rotation-trial,20736,-39616,-162272,25524.1,-40971.6,-159949
191005792611000,373741503886,70,rotation-trial,21536,-39232,-162208,26324.1,-40587.6,-159885
191005793526100,373742504094,71,rotation-trial,22080,-38912,-162912,26868.1,-40267.6,-160589
191005794529700,373743503969,72,rotation-trial,22176,-38848,-161952,26964.1,-40203.6,-159629
191005795526500,373744504136,73,rotation-trial,22272,-39264,-162400,27060.1,-40619.6,-160077
191005796525900,373745503886,74,rotation-trial,22464,-39104,-161632,27252.1,-40459.6,-159309
191005797525900,373746504094,75,rotation-trial,23136,-39136,-161632,27924.1,-40491.6,-159309
191005798523700,373747504053,76,rotation-trial,22496,-38880,-161632,27284.1,-40235.6,-159309
191005799519700,373748505386,77,rotation-trial,22752,-38816,-161056,27540.1,-40171.6,-158733
191005800650900,373749503928,78,rotation-trial,23552,-39296,-160672,28340.1,-40651.6,-158349
191005801519200,373750503928,79,rotation-trial,23200,-39008,-161184,27988.1,-40363.6,-158861
191005802525000,373751504053,80,rotation-trial,23232,-38752,-160576,28020.1,-40107.6,-158253
191005803525600,373752504053,81,rotation-trial,23808,-39008,-160800,28596.1,-40363.6,-158477
191005804526000,373753504219,82,rotation-trial,23616,-38976,-160096,28404.1,-40331.6,-157773
191005805525600,373754504011,83,rotation-trial,23712,-38592,-160064,28500.1,-39947.6,-157741
191005806523800,373755504011,84,rotation-trial,23360,-38112,-160096,28148.1,-39467.6,-157773
191005807525900,373756503969,85,rotation-trial,22720,-38272,-159968,27508.1,-39627.6,-157645
191005808522700,373757504094,86,rotation-trial,22976,-38560,-159776,27764.1,-39915.6,-157453
191005809518200,373758504178,87,rotation-trial,22784,-38304,-160000,27572.1,-39659.6,-157677
191005810516100,373759504011,88,rotation-trial,22336,-37728,-160096,27124.1,-39083.6,-157773
191005811633900,373760503969,89,rotation-trial,23008,-37952,-159264,27796.1,-39307.6,-156941
191005812588800,373761503928,90,rotation-trial,22304,-38112,-159392,27092.1,-39467.6,-157069
191005813594600,373762504136,91,rotation-trial,22816,-37856,-159456,27604.1,-39211.6,-157133
191005814638000,373763504344,92,rotation-trial,22720,-37728,-159424,27508.1,-39083.6,-157101
191005815765100,373764505344,93,rotation-trial,21856,-37920,-158816,26644.1,-39275.6,-156493
191005816733900,373765503886,94,rotation-trial,21440,-38080,-158880,26228.1,-39435.6,-156557
191005817588800,373766504094,95,rotation-trial,21632,-37728,-158528,26420.1,-39083.6,-156205
191005818629100,373767504053,96,rotation-trial,21344,-37952,-158336,26132.1,-39307.6,-156013
191005819644900,373768503969,97,rotation-trial,20864,-37728,-158272,25652.1,-39083.6,-155949
191005820637200,373769503928,98,rotation-trial,20416,-37792,-157440,25204.1,-39147.6,-155117
191005821770200,373770506219,99,rotation-trial,20864,-37920,-157568,25652.1,-39275.6,-155245
191005822615000,373771505511,100,rotation-trial,20416,-38368,-157312,25204.1,-39723.6,-154989
191005823963800,373772504094,101,rotation-trial,20192,-38176,-156768,24980.1,-39531.6,-154445
191005825116200,373773504094,102,rotation-trial,20128,-38336,-156768,24916.1,-39691.6,-154445
191005825536600,373774504011,103,rotation-trial,20352,-37920,-156992,25140.1,-39275.6,-154669
191005826516600,373775503928,104,rotation-trial,20224,-38272,-155392,25012.1,-39627.6,-153069
191005827514900,373776503928,105,rotation-trial,19808,-38464,-156224,24596.1,-39819.6,-153901
191005828638800,373777504678,106,rotation-trial,20480,-38496,-155872,25268.1,-39851.6,-153549
191005829512800,373778504053,107,rotation-trial,20384,-38112,-155168,25172.1,-39467.6,-152845
191005830593400,373779503969,108,rotation-trial,20256,-38720,-155104,25044.1,-40075.6,-152781
191005831592100,373780505969,109,rotation-trial,20128,-38720,-154336,24916.1,-40075.6,-152013
191005832648500,373781504011,110,rotation-trial,20704,-37888,-154656,25492.1,-39243.6,-152333
191005833610600,373782504053,111,rotation-trial,21280,-38400,-153792,26068.1,-39755.6,-151469
191005834641400,373783504094,112,rotation-trial,21536,-38464,-153056,26324.1,-39819.6,-150733
191005835607600,373784503969,113,rotation-trial,21088,-37856,-154368,25876.1,-39211.6,-152045
191005836635000,373785503928,114,rotation-trial,21856,-37760,-153152,26644.1,-39115.6,-150829
191005837653400,373786503886,115,rotation-trial,21760,-37568,-153120,26548.1,-38923.6,-150797
191005838597800,373787504011,116,rotation-trial,22240,-37952,-152000,27028.1,-39307.6,-149677
191005839841200,373788504178,117,rotation-trial,21728,-37472,-152128,26516.1,-38827.6,-149805
191005840518500,373789503928,118,rotation-trial,22592,-37440,-151680,27380.1,-38795.6,-149357
191005841606800,373790503969,119,rotation-trial,22848,-37024,-151808,27636.1,-38379.6,-149485
191005842644300,373791504219,120,rotation-trial,23264,-36608,-152160,28052.1,-37963.6,-149837
191005843624500,373792504094,121,rotation-trial,23072,-36608,-151136,27860.1,-37963.6,-148813
191005844635800,373793504136,122,rotation-trial,23360,-35968,-151104,28148.1,-37323.6,-148781
191005845616900,373794505386,123,rotation-trial,23936,-36000,-150720,28724.1,-37355.6,-148397
191005846648600,373795504636,124,rotation-trial,24064,-36032,-150176,28852.1,-37387.6,-147853
191005847628200,373796504094,125,rotation-trial,23552,-35808,-150016,28340.1,-37163.6,-147693
191005848641100,373797504053,126,rotation-trial,24224,-35808,-149408,29012.1,-37163.6,-147085
191005849641500,373798504011,127,rotation-trial,24608,-35616,-148608,29396.1,-36971.6,-146285
191005850613700,373799504594,128,rotation-trial,23680,-35424,-149792,28468.1,-36779.6,-147469
191005851647100,373800503969,129,rotation-trial,23744,-35264,-148544,28532.1,-36619.6,-146221
191005852760600,373801503886,130,rotation-trial,23808,-35200,-148672,28596.1,-36555.6,-146349
191005853739600,373802508511,131,rotation-trial,24256,-35360,-147968,29044.1,-36715.6,-145645
191005854743400,373803509428,132,rotation-trial,23488,-34720,-148000,28276.1,-36075.6,-145677
191005855735900,373804511219,133,rotation-trial,22944,-34944,-147616,27732.1,-36299.6,-145293
191005856644900,373805511428,134,rotation-trial,23360,-35264,-147168,28148.1,-36619.6,-144845
191005857645700,373806508386,135,rotation-trial,23072,-36064,-146688,27860.1,-37419.6,-144365
191005858649100,373807511844,136,rotation-trial,22912,-35680,-146496,27700.1,-37035.6,-144173
191005859648900,373808509678,137,rotation-trial,23008,-35424,-145952,27796.1,-36779.6,-143629
191005860650300,373809513303,138,rotation-trial,22176,-35712,-146112,26964.1,-37067.6,-143789
191005861653000,373810512136,139,rotation-trial,22208,-35520,-145376,26996.1,-36875.6,-143053
191005862649700,373811514344,140,rotation-trial,22112,-35392,-145760,26900.1,-36747.6,-143437
191005863646100,373812505928,141,rotation-trial,21792,-34912,-144960,26580.1,-36267.6,-142637
191005864645100,373813510011,142,rotation-trial,21536,-34944,-144800,26324.1,-36299.6,-142477
191005865649500,373814507469,143,rotation-trial,21632,-34656,-145216,26420.1,-36011.6,-142893
191005866647200,373815508761,144,rotation-trial,21440,-34624,-144448,26228.1,-35979.6,-142125
191005867654400,373816515011,145,rotation-trial,20992,-34112,-144224,25780.1,-35467.6,-141901
191005868649000,373817510511,146,rotation-trial,20704,-33984,-144160,25492.1,-35339.6,-141837
191005869650100,373818506136,147,rotation-trial,20864,-34016,-143840,25652.1,-35371.6,-141517
191005870520100,373819504594,148,rotation-trial,20704,-33376,-143904,25492.1,-34731.6,-141581
191005871655300,373820507261,149,rotation-trial,21088,-33216,-144096,25876.1,-34571.6,-141773
191005872680800,373821510178,150,rotation-trial,20384,-32800,-143040,25172.1,-34155.6,-140717
191005873673700,373822507178,151,rotation-trial,20832,-32608,-142976,25620.1,-33963.6,-140653
191005874671800,373823506761,152,rotation-trial,21184,-32448,-142496,25972.1,-33803.6,-140173
191005875676600,373824508886,153,rotation-trial,21344,-32384,-141952,26132.1,-33739.6,-139629
191005876548700,373825504386,154,rotation-trial,21056,-32416,-142304,25844.1,-33771.6,-139981
191005877671200,373826508136,155,rotation-trial,20992,-32384,-141472,25780.1,-33739.6,-139149
191005878760300,373827508803,156,rotation-trial,22080,-32256,-141056,26868.1,-33611.6,-138733
191005879759100,373828508594,157,rotation-trial,22368,-32416,-140736,27156.1,-33771.6,-138413
191005880743500,373829511886,158,rotation-trial,21504,-32352,-140832,26292.1,-33707.6,-138509
191005881743900,373830513136,159,rotation-trial,22592,-32288,-140128,27380.1,-33643.6,-137805
191005882746200,373831508136,160,rotation-trial,22880,-32704,-139136,27668.1,-34059.6,-136813
191005883742100,373832508469,161,rotation-trial,23552,-33024,-138432,28340.1,-34379.6,-136109
191005884743900,373833508636,162,rotation-trial,22784,-33472,-138432,27572.1,-34827.6,-136109
191005885653300,373834512011,163,rotation-trial,23328,-33184,-137920,28116.1,-34539.6,-135597
191005886663500,373835510136,164,rotation-trial,24832,-33792,-136288,29620.1,-35147.6,-133965
191005887691600,373836509719,165,rotation-trial,23968,-33792,-136000,28756.1,-35147.6,-133677
191005888662600,373837507886,166,rotation-trial,25312,-33888,-135712,30100.1,-35243.6,-133389
191005889650800,373838507803,167,rotation-trial,24576,-33664,-135872,29364.1,-35019.6,-133549
191005890645900,373839509136,168,rotation-trial,25408,-33504,-134336,30196.1,-34859.6,-132013
191005891767000,373840509386,169,rotation-trial,25632,-33280,-134208,30420.1,-34635.6,-131885
191005892773400,373841508803,170,rotation-trial,25856,-32992,-133728,30644.1,-34347.6,-131405
191005893746600,373842512094,171,rotation-trial,26432,-32608,-133152,31220.1,-33963.6,-130829
191005894764900,373843508386,172,rotation-trial,25728,-32256,-133408,30516.1,-33611.6,-131085
191005895774100,373844507553,173,rotation-trial,25216,-31904,-132640,30004.1,-33259.6,-130317
191005896766000,373845511094,174,rotation-trial,26112,-31488,-132288,30900.1,-32843.6,-129965
191005897777500,373846517136,175,rotation-trial,26272,-31360,-132416,31060.1,-32715.6,-130093
191005898740400,373847508719,176,rotation-trial,25696,-31136,-131552,30484.1,-32491.6,-129229
191005899761600,373848509469,177,rotation-trial,25920,-30592,-131648,30708.1,-31947.6,-129325
191005900741800,373849509303,178,rotation-trial,26144,-30496,-131232,30932.1,-31851.6,-128909
191005901761800,373850504928,179,rotation-trial,25952,-30112,-131328,30740.1,-31467.6,-129005
191005902763000,373851507219,180,rotation-trial,25056,-29216,-131456,29844.1,-30571.6,-129133
191005903669300,373852508136,181,rotation-trial,25312,-29376,-131040,30100.1,-30731.6,-128717
191005904751800,373853510094,182,rotation-trial,24896,-28384,-131072,29684.1,-29739.6,-128749
191005905753800,373854508303,183,rotation-trial,25024,-27744,-130720,29812.1,-29099.6,-128397
191005906693000,373855513553,184,rotation-trial,24000,-28256,-130272,28788.1,-29611.6,-127949
191005907675000,373856507053,185,rotation-trial,24320,-28064,-130112,29108.1,-29419.6,-127789
191005908542800,373857504553,186,rotation-trial,24000,-27264,-130112,28788.1,-28619.6,-127789
191005909652300,373858507469,187,rotation-trial,23360,-27264,-129728,28148.1,-28619.6,-127405
191005910649400,373859511928,188,rotation-trial,23264,-26848,-130144,28052.1,-28203.6,-127821
191005911650900,373860503969,189,rotation-trial,23584,-27168,-128928,28372.1,-28523.6,-126605
191005912517600,373861504178,190,rotation-trial,22816,-26784,-128480,27604.1,-28139.6,-126157
191005913526400,373862503969,191,rotation-trial,23008,-27040,-128864,27796.1,-28395.6,-126541
191005914525900,373863504261,192,rotation-trial,22240,-27680,-127744,27028.1,-29035.6,-125421
191005915525500,373864504594,193,rotation-trial,22304,-27264,-128224,27092.1,-28619.6,-125901
191005916650400,373865503886,194,rotation-trial,22624,-27264,-126880,27412.1,-28619.6,-124557
191005917517000,373866505178,195,rotation-trial,21568,-27104,-127232,26356.1,-28459.6,-124909
191005918524000,373867504053,196,rotation-trial,22816,-27456,-126240,27604.1,-28811.6,-123917
191005919533400,373868504053,197,rotation-trial,22080,-27296,-125664,26868.1,-28651.6,-123341
191005920663900,373869506303,198,rotation-trial,22272,-27328,-125088,27060.1,-28683.6,-122765
191005921523900,373870503844,199,rotation-trial,22112,-26976,-125216,26900.1,-28331.6,-122893
191005922528000,373871503969,200,rotation-trial,22624,-27584,-124160,27412.1,-28939.6,-121837
191005923532200,373872504094,201,rotation-trial,22272,-27456,-124032,27060.1,-28811.6,-121709
191005924517500,373873503844,202,rotation-trial,23392,-27296,-124320,28180.1,-28651.6,-121997
191005925521200,373874503844,203,rotation-trial,22688,-27424,-122848,27476.1,-28779.6,-120525
191005926526800,373875504803,204,rotation-trial,23456,-27808,-122880,28244.1,-29163.6,-120557
191005927526400,373876504053,205,rotation-trial,23872,-27168,-121632,28660.1,-28523.6,-119309
191005928527800,373877503969,206,rotation-trial,23264,-27328,-122240,28052.1,-28683.6,-119917
191005929524200,373878503844,207,rotation-trial,23744,-27200,-121248,28532.1,-28555.6,-118925
191005930524200,373879503844,208,rotation-trial,23808,-26752,-120896,28596.1,-28107.6,-118573
191005931526300,373880505178,209,rotation-trial,24320,-26720,-120864,29108.1,-28075.6,-118541
191005932651100,373881504594,210,rotation-trial,24416,-26336,-120512,29204.1,-27691.6,-118189
191005933522700,373882504011,211,rotation-trial,24320,-26368,-120128,29108.1,-27723.6,-117805
191005934526000,373883503886,212,rotation-trial,24288,-26208,-120064,29076.1,-27563.6,-117741
191005935534100,373884503886,213,rotation-trial,25088,-25440,-119040,29876.1,-26795.6,-116717
191005936536600,373885504053,214,rotation-trial,24928,-25248,-119296,29716.1,-26603.6,-116973
191005937531800,373886503969,215,rotation-trial,24928,-25056,-119168,29716.1,-26411.6,-116845
191005938531400,373887505469,216,rotation-trial,25312,-24768,-118656,30100.1,-26123.6,-116333
191005939530200,373888503844,217,rotation-trial,25344,-24544,-117312,30132.1,-25899.6,-114989
191005940527600,373889503886,218,rotation-trial,25888,-23712,-118528,30676.1,-25067.6,-116205
191005941527800,373890505053,219,rotation-trial,25184,-24000,-117568,29972.1,-25355.6,-115245
191005942527700,373891503969,220,rotation-trial,24992,-23776,-117472,29780.1,-25131.6,-115149
191005943527200,373892504094,221,rotation-trial,24864,-23680,-117408,29652.1,-25035.6,-115085
191005944527200,373893505219,222,rotation-trial,24736,-23616,-117280,29524.1,-24971.6,-114957
191005945527500,373894503928,223,rotation-trial,24896,-23008,-117216,29684.1,-24363.6,-114893
191005946526300,373895504053,224,rotation-trial,24000,-23168,-116416,28788.1,-24523.6,-114093
191005947525100,373896505511,225,rotation-trial,23840,-23264,-116192,28628.1,-24619.6,-113869
191005948527400,373897503969,226,rotation-trial,22944,-22720,-116512,27732.1,-24075.6,-114189
191005949527100,373898504178,227,rotation-trial,23552,-23104,-115712,28340.1,-24459.6,-113389
191005950527200,373899503886,228,rotation-trial,23424,-22080,-116192,28212.1,-23435.6,-113869
191005951633800,373900504178,229,rotation-trial,23008,-22656,-115040,27796.1,-24011.6,-112717
191005952530600,373901503969,230,rotation-trial,23328,-22912,-115520,28116.1,-24267.6,-113197
191005953522400,373902504053,231,rotation-trial,22944,-23200,-114496,27732.1,-24555.6,-112173
191005954529100,373903503928,232,rotation-trial,22720,-23232,-114496,27508.1,-24587.6,-112173
191005955527900,373904504428,233,rotation-trial,21856,-23200,-114560,26644.1,-24555.6,-112237
191005956527800,373905504011,234,rotation-trial,22752,-23328,-114176,27540.1,-24683.6,-111853
191005957526800,373906505553,235,rotation-trial,22304,-23232,-113664,27092.1,-24587.6,-111341
191005958527500,373907503928,236,rotation-trial,21600,-23648,-113312,26388.1,-25003.6,-110989
191005959525400,373908503886,237,rotation-trial,21472,-23712,-113664,26260.1,-25067.6,-111341
191005960525600,373909503928,238,rotation-trial,20672,-23104,-113408,25460.1,-24459.6,-111085
191005961527700,373910504053,239,rotation-trial,20896,-23776,-111936,25684.1,-25131.6,-109613
191005962652500,373911506136,240,rotation-trial,20704,-23968,-112192,25492.1,-25323.6,-109869
191005963521400,373912503886,241,rotation-trial,20320,-23744,-111552,25108.1,-25099.6,-109229
191005964527300,373913504261,242,rotation-trial,20512,-23360,-111424,25300.1,-24715.6,-109101
191005965525400,373914503969,243,rotation-trial,20032,-23648,-111776,24820.1,-25003.6,-109453
191005966652300,373915504094,244,rotation-trial,19392,-23424,-110560,24180.1,-24779.6,-108237
191005967523500,373916504178,245,rotation-trial,19168,-22944,-110848,23956.1,-24299.6,-108525
191005968525300,373917507303,246,rotation-trial,19136,-23296,-110848,23924.1,-24651.6,-108525
191005969521400,373918503928,247,rotation-trial,19200,-23072,-110528,23988.1,-24427.6,-108205
191005970521200,373919503886,248,rotation-trial,19072,-22784,-110688,23860.1,-24139.6,-108365
191005971528300,373920504053,249,rotation-trial,18464,-22464,-109760,23252.1,-23819.6,-107437
191005972527400,373921504094,250,rotation-trial,18464,-22432,-109856,23252.1,-23787.6,-107533
191005973527300,373922503928,251,rotation-trial,18304,-22528,-109856,23092.1,-23883.6,-107533
191005974527200,373923505594,252,rotation-trial,17536,-21952,-109728,22324.1,-23307.6,-107405
191005975527200,373924503969,253,rotation-trial,17440,-22272,-109248,22228.1,-23627.6,-106925
191005976527200,373925504178,254,rotation-trial,17152,-21664,-109888,21940.1,-23019.6,-107565
191005977525300,373926504053,255,rotation-trial,16800,-21344,-109344,21588.1,-22699.6,-107021
191005978527100,373927503928,0,rotation-trial,16864,-21312,-109056,21652.1,-22667.6,-106733
191005979526300,373928503928,1,rotation-trial,16576,-21568,-108544,21364.1,-22923.6,-106221
191005980526800,373929503803,2,rotation-trial,15776,-21312,-109120,20564.1,-22667.6,-106797
191005981525200,373930504011,3,rotation-trial,15712,-21056,-108160,20500.1,-22411.6,-105837
191005982524900,373931504011,4,rotation-trial,15424,-21184,-109056,20212.1,-22539.6,-106733
191005983522200,373932504761,5,rotation-trial,15680,-21376,-108064,20468.1,-22731.6,-105741
191005984520300,373933506136,6,rotation-trial,14912,-21312,-107968,19700.1,-22667.6,-105645
191005985521900,373934503928,7,rotation-trial,15552,-20864,-108352,20340.1,-22219.6,-106029
191005986520500,373935503969,8,rotation-trial,15232,-21024,-107328,20020.1,-22379.6,-105005
191005987527400,373936504053,9,rotation-trial,14144,-21152,-107744,18932.1,-22507.6,-105421
191005988527000,373937504094,10,rotation-trial,14400,-21504,-107008,19188.1,-22859.6,-104685
191005989526800,373938503928,11,rotation-trial,13920,-21664,-107264,18708.1,-23019.6,-104941
191005990651100,373939504386,12,rotation-trial,13888,-21792,-106560,18676.1,-23147.6,-104237
191005991519700,373940504053,13,rotation-trial,13248,-21728,-105920,18036.1,-23083.6,-103597
191005992526700,373941504136,14,rotation-trial,13280,-22176,-106208,18068.1,-23531.6,-103885
191005993526900,373942503886,15,rotation-trial,13568,-21248,-106176,18356.1,-22603.6,-103853
191005994526800,373943503969,16,rotation-trial,12896,-22176,-105536,17684.1,-23531.6,-103213
191005995524800,373944504094,17,rotation-trial,12608,-21696,-104992,17396.1,-23051.6,-102669
191005996526600,373945503969,18,rotation-trial,12160,-21664,-105312,16948.1,-23019.6,-102989
191005997526800,373946504136,19,rotation-trial,12224,-21888,-104576,17012.1,-23243.6,-102253
191005998526900,373947503886,20,rotation-trial,11552,-21728,-105184,16340.1,-23083.6,-102861
191005999540300,373948503803,21,rotation-trial,11200,-21600,-104000,15988.1,-22955.6,-101677
191006000635700,373949504053,22,rotation-trial,11040,-21344,-104192,15828.1,-22699.6,-101869
191006001589500,373950504094,23,rotation-trial,11040,-21696,-104576,15828.1,-23051.6,-102253
191006002880100,373951504053,24,rotation-trial,11168,-21184,-104960,15956.1,-22539.6,-102637
191006003598800,373952503803,25,rotation-trial,10720,-20992,-104064,15508.1,-22347.6,-101741
191006004636200,373953503886,26,rotation-trial,11328,-21504,-103808,16116.1,-22859.6,-101485
191006005609600,373954503761,27,rotation-trial,9760,-21344,-103392,14548.1,-22699.6,-101069
191006006643600,373955504386,28,rotation-trial,10144,-20864,-103008,14932.1,-22219.6,-100685
191006007586100,373956504011,29,rotation-trial,9888,-21216,-103232,14676.1,-22571.6,-100909
191006008638100,373957505136,30,rotation-trial,10112,-21376,-102688,14900.1,-22731.6,-100365
191006009756500,373958503886,31,rotation-trial,10336,-21152,-102560,15124.1,-22507.6,-100237
191006010609700,373959505469,32,rotation-trial,9600,-20960,-102720,14388.1,-22315.6,-100397
191006011589500,373960504011,33,rotation-trial,9568,-21504,-102304,14356.1,-22859.6,-99980.6
191006012598200,373961503928,34,rotation-trial,9696,-21440,-102080,14484.1,-22795.6,-99756.6
191006013618500,373962503761,35,rotation-trial,9472,-21824,-101792,14260.1,-23179.6,-99468.6
191006014586600,373963503803,36,rotation-trial,9120,-21536,-101696,13908.1,-22891.6,-99372.6
191006015531800,373964505053,37,rotation-trial,8480,-21536,-102176,13268.1,-22891.6,-99852.6
191006016715300,373965504053,38,rotation-trial,8576,-22368,-101184,13364.1,-23723.6,-98860.6
191006017528200,373966503886,39,rotation-trial,8352,-21888,-100608,13140.1,-23243.6,-98284.6
191006018534200,373967503844,40,rotation-trial,7488,-22624,-101152,12276.1,-23979.6,-98828.6
191006019539500,373968503969,41,rotation-trial,7488,-22336,-100608,12276.1,-23691.6,-98284.6
191006020535700,373969504136,42,rotation-trial,6784,-22560,-100608,11572.1,-23915.6,-98284.6
191006021658400,373970504844,43,rotation-trial,6848,-22432,-100128,11636.1,-23787.6,-97804.6
191006022520200,373971504761,44,rotation-trial,6080,-22528,-100608,10868.1,-23883.6,-98284.6
191006023524900,373972504303,45,rotation-trial,6304,-22624,-99808,11092.1,-23979.6,-97484.6
191006024515200,373973503928,46,rotation-trial,5856,-23328,-99072,10644.1,-24683.6,-96748.6
191006025524500,373974504053,47,rotation-trial,5376,-22816,-99136,10164.1,-24171.6,-96812.6
191006026526500,373975504053,48,rotation-trial,5376,-22688,-99264,10164.1,-24043.6,-96940.6
191006027526700,373976503928,49,rotation-trial,4064,-22560,-98528,8852.11,-23915.6,-96204.6
191006028524100,373977504178,50,rotation-trial,4832,-22816,-98304,9620.11,-24171.6,-95980.6
191006029524200,373978503844,51,rotation-trial,4096,-22528,-98176,8884.11,-23883.6,-95852.6
191006030526200,373979504136,52,rotation-trial,3520,-22560,-97440,8308.11,-23915.6,-95116.6
191006031523300,373980504094,53,rotation-trial,3008,-22240,-97440,7796.11,-23595.6,-95116.6
191006032531700,373981504136,54,rotation-trial,2816,-22336,-97920,7604.11,-23691.6,-95596.6
191006033527200,373982504011,55,rotation-trial,3072,-22080,-97376,7860.11,-23435.6,-95052.6
191006034527100,373983503969,56,rotation-trial,2624,-21824,-97408,7412.11,-23179.6,-95084.6
191006035526500,373984504053,57,rotation-trial,2400,-21824,-96736,7188.11,-23179.6,-94412.6
191006036527000,373985504053,58,rotation-trial,2368,-21408,-97024,7156.11,-22763.6,-94700.6
191006037547000,373986503886,59,rotation-trial,2144,-21472,-96896,6932.11,-22827.6,-94572.6
191006038532400,373987504094,60,rotation-trial,2336,-21024,-96480,7124.11,-22379.6,-94156.6
191006039534600,373988503928,61,rotation-trial,2720,-21376,-96000,7508.11,-22731.6,-93676.6
191006040535000,373989504094,62,rotation-trial,2016,-21120,-95904,6804.11,-22475.6,-93580.6
191006041528600,373990504094,63,rotation-trial,2176,-21312,-95648,6964.11,-22667.6,-93324.6
191006042526800,373991503969,64,rotation-trial,2880,-21152,-95360,7668.11,-22507.6,-93036.6
191006043526800,373992505761,65,rotation-trial,2816,-21536,-94752,7604.11,-22891.6,-92428.6
191006044526700,373993504844,66,rotation-trial,1920,-21216,-94336,6708.11,-22571.6,-92012.6
191006045526500,373994504053,67,rotation-trial,2400,-21216,-94432,7188.11,-22571.6,-92108.6
191006046526500,373995504011,68,rotation-trial,2592,-21088,-93888,7380.11,-22443.6,-91564.6
191006048115800,373996503969,69,rotation-trial,2304,-21152,-93632,7092.11,-22507.6,-91308.6
191006048530000,373997503928,70,rotation-trial,2560,-21088,-93568,7348.11,-22443.6,-91244.6
191006049528700,373998503886,71,rotation-trial,2656,-21280,-92800,7444.11,-22635.6,-90476.6
191006050541000,373999505844,72,rotation-trial,3136,-21504,-91680,7924.11,-22859.6,-89356.6
191006051540900,374000505553,73,rotation-trial,2976,-21184,-91744,7764.11,-22539.6,-89420.6
191006053112100,374001503928,74,rotation-trial,2976,-21760,-91904,7764.11,-23115.6,-89580.6
191006053533700,374002503969,75,rotation-trial,3456,-21056,-91168,8244.11,-22411.6,-88844.6
191006054525800,374003504428,76,rotation-trial,3200,-21312,-90880,7988.11,-22667.6,-88556.6
191006055588000,374004504053,77,rotation-trial,3136,-21376,-90688,7924.11,-22731.6,-88364.6
191006056543200,374005504053,78,rotation-trial,3328,-21728,-89888,8116.11,-23083.6,-87564.6
191006057538800,374006503803,79,rotation-trial,3200,-21760,-89472,7988.11,-23115.6,-87148.6
191006058528600,374007504011,80,rotation-trial,3296,-21664,-88576,8084.11,-23019.6,-86252.6
191006059527100,374008503761,81,rotation-trial,3008,-21696,-89184,7796.11,-23051.6,-86860.6
191006060643100,374009504053,82,rotation-trial,2496,-21664,-88192,7284.11,-23019.6,-85868.6
191006061518200,374010504178,83,rotation-trial,3008,-21632,-87808,7796.11,-22987.6,-85484.6
191006062527000,374011504386,84,rotation-trial,2944,-21888,-87072,7732.11,-23243.6,-84748.6
191006063533400,374012504928,85,rotation-trial,2816,-21408,-87680,7604.11,-22763.6,-85356.6
191006064535300,374013503886,86,rotation-trial,2400,-21664,-87168,7188.11,-23019.6,-84844.6
191006065532000,374014504053,87,rotation-trial,3232,-21344,-86528,8020.11,-22699.6,-84204.6
191006066646200,374015504094,88,rotation-trial,2976,-21728,-86240,7764.11,-23083.6,-83916.6
191006067526700,374016503844,89,rotation-trial,3200,-21408,-85824,7988.11,-22763.6,-83500.6
191006068526800,374017505386,90,rotation-trial,3168,-21440,-85664,7956.11,-22795.6,-83340.6
191006069521800,374018503719,91,rotation-trial,2656,-21248,-84960,7444.11,-22603.6,-82636.6
191006070525500,374019504344,92,rotation-trial,2880,-21248,-85440,7668.11,-22603.6,-83116.6
191006071527000,374020504094,93,rotation-trial,2752,-21152,-84512,7540.11,-22507.6,-82188.6
191006072524900,374021503761,94,rotation-trial,3168,-21216,-84672,7956.11,-22571.6,-82348.6
191006073541800,374022505886,95,rotation-trial,3264,-21280,-83392,8052.11,-22635.6,-81068.6
191006074526400,374023503761,96,rotation-trial,2848,-20832,-83104,7636.11,-22187.6,-80780.6
191006075526600,374024504011,97,rotation-trial,2464,-20704,-83680,7252.11,-22059.6,-81356.6
191006076526700,374025503969,98,rotation-trial,2912,-20864,-82496,7700.11,-22219.6,-80172.6
191006077526300,374026503803,99,rotation-trial,3040,-20928,-81888,7828.11,-22283.6,-79564.6
191006078526700,374027504053,100,rotation-trial,2400,-20832,-81664,7188.11,-22187.6,-79340.6
191006079998500,374028504094,101,rotation-trial,3072,-21408,-81472,7860.11,-22763.6,-79148.6
191006080533100,374029505261,102,rotation-trial,3680,-21216,-81088,8468.11,-22571.6,-78764.6
191006081528500,374030504011,103,rotation-trial,2464,-20704,-80704,7252.11,-22059.6,-78380.6
191006082527200,374031504594,104,rotation-trial,2592,-20992,-79904,7380.11,-22347.6,-77580.6
191006083524900,374032503803,105,rotation-trial,2432,-20096,-80256,7220.11,-21451.6,-77932.6
191006084526300,374033504053,106,rotation-trial,2560,-20448,-79552,7348.11,-21803.6,-77228.6
191006085526200,374034504886,107,rotation-trial,1696,-20032,-79296,6484.11,-21387.6,-76972.6
191006086521900,374035503928,108,rotation-trial,1664,-19520,-78336,6452.11,-20875.6,-76012.6
191006087526400,374036503886,109,rotation-trial,2464,-19168,-78560,7252.11,-20523.6,-76236.6
191006088526400,374037503928,110,rotation-trial,2176,-18912,-78016,6964.11,-20267.6,-75692.6
191006089524200,374038504011,111,rotation-trial,2144,-17952,-77568,6932.11,-19307.6,-75244.6
191006090527500,374039504469,112,rotation-trial,2464,-18304,-77184,7252.11,-19659.6,-74860.6
191006091526400,374040504053,113,rotation-trial,3168,-18080,-76544,7956.11,-19435.6,-74220.6
191006092526100,374041503886,114,rotation-trial,3360,-17792,-76128,8148.11,-19147.6,-73804.6
191006093526300,374042503886,115,rotation-trial,3296,-17888,-75296,8084.11,-19243.6,-72972.6
191006094526500,374043503969,116,rotation-trial,3488,-17664,-75136,8276.11,-19019.6,-72812.6
191006095901200,374044504094,117,rotation-trial,4064,-17824,-73856,8852.11,-19179.6,-71532.6
191006096521100,374045503886,118,rotation-trial,4512,-17984,-73568,9300.11,-19339.6,-71244.6
191006097525700,374046503928,119,rotation-trial,4416,-17824,-73728,9204.11,-19179.6,-71404.6
191006098519200,374047503928,120,rotation-trial,4672,-17888,-72960,9460.11,-19243.6,-70636.6
191006099527200,374048504053,121,rotation-trial,4768,-17216,-72704,9556.11,-18571.6,-70380.6
191006100524600,374049504053,122,rotation-trial,5056,-17952,-71840,9844.11,-19307.6,-69516.6
191006101525500,374050503928,123,rotation-trial,4800,-17408,-72320,9588.11,-18763.6,-69996.6
191006102526300,374051503969,124,rotation-trial,4928,-17568,-70880,9716.11,-18923.6,-68556.6
191006103528600,374052503803,125,rotation-trial,5824,-17568,-70752,10612.1,-18923.6,-68428.6
191006104527000,374053503969,126,rotation-trial,6432,-17472,-70208,11220.1,-18827.6,-67884.6
191006105526400,374054504011,127,rotation-trial,5472,-17728,-69344,10260.1,-19083.6,-67020.6
191006106526300,374055503969,128,rotation-trial,6752,-17472,-69056,11540.1,-18827.6,-66732.6
191006107526400,374056503928,129,rotation-trial,6848,-16992,-68992,11636.1,-18347.6,-66668.6
191006108526200,374057503761,130,rotation-trial,6816,-17408,-68192,11604.1,-18763.6,-65868.6
191006109526700,374058504011,131,rotation-trial,6432,-17312,-68416,11220.1,-18667.6,-66092.6
191006110526300,374059503969,132,rotation-trial,7584,-17120,-67392,12372.1,-18475.6,-65068.6
191006111534400,374060503969,133,rotation-trial,6752,-16704,-67232,11540.1,-18059.6,-64908.6
191006112534900,374061503969,134,rotation-trial,7520,-16736,-66688,12308.1,-18091.6,-64364.6
191006113529100,374062503886,135,rotation-trial,7712,-16864,-65600,12500.1,-18219.6,-63276.6
191006114527700,374063504594,136,rotation-trial,7296,-17248,-65280,12084.1,-18603.6,-62956.6
191006115527500,374064504053,137,rotation-trial,7616,-16672,-65120,12404.1,-18027.6,-62796.6
191006116524700,374065503886,138,rotation-trial,7168,-16448,-64608,11956.1,-17803.6,-62284.6
191006117524500,374066503969,139,rotation-trial,7200,-16448,-64000,11988.1,-17803.6,-61676.6
191006118526800,374067503678,140,rotation-trial,7456,-16928,-63296,12244.1,-18283.6,-60972.6
191006119517900,374068506094,141,rotation-trial,7136,-17056,-63008,11924.1,-18411.6,-60684.6
191006120526500,374069504053,142,rotation-trial,7136,-16768,-62752,11924.1,-18123.6,-60428.6
191006121527200,374070505428,143,rotation-trial,7360,-17120,-62464,12148.1,-18475.6,-60140.6
191006122526500,374071505386,144,rotation-trial,7168,-16960,-61696,11956.1,-18315.6,-59372.6
191006123525400,374072503803,145,rotation-trial,6944,-17120,-61504,11732.1,-18475.6,-59180.6
191006124522100,374073504011,146,rotation-trial,6752,-16640,-61536,11540.1,-17995.6,-59212.6
191006125515600,374074503969,147,rotation-trial,6720,-16928,-61088,11508.1,-18283.6,-58764.6
191006126520800,374075503719,148,rotation-trial,5824,-16896,-60704,10612.1,-18251.6,-58380.6
191006127537500,374076505261,149,rotation-trial,6176,-16768,-60352,10964.1,-18123.6,-58028.6
191006128536300,374077503761,150,rotation-trial,6112,-16576,-59392,10900.1,-17931.6,-57068.6
191006129542800,374078504053,151,rotation-trial,6112,-16192,-58976,10900.1,-17547.6,-56652.6
191006130540000,374079503886,152,rotation-trial,6272,-16032,-59360,11060.1,-17387.6,-57036.6
191006131537800,374080503928,153,rotation-trial,6656,-16032,-57920,11444.1,-17387.6,-55596.6
191006132518000,374081504511,154,rotation-trial,6144,-16096,-57856,10932.1,-17451.6,-55532.6
191006133529100,374082503928,155,rotation-trial,5920,-15584,-57760,10708.1,-16939.6,-55436.6
191006134585500,374083504053,156,rotation-trial,6176,-15360,-57440,10964.1,-16715.6,-55116.6
191006135544400,374084503928,157,rotation-trial,6464,-15424,-57216,11252.1,-16779.6,-54892.6
191006136526300,374085503636,158,rotation-trial,6464,-15136,-56992,11252.1,-16491.6,-54668.6
191006137532900,374086504011,159,rotation-trial,6688,-15168,-56288,11476.1,-16523.6,-53964.6
191006138519700,374087503761,160,rotation-trial,6400,-14720,-56960,11188.1,-16075.6,-54636.6
191006139527900,374088504053,161,rotation-trial,6880,-14624,-56512,11668.1,-15979.6,-54188.6
191006140716100,374089503928,162,rotation-trial,6560,-14112,-55584,11348.1,-15467.6,-53260.6
191006141529800,374090503553,163,rotation-trial,6048,-14048,-55264,10836.1,-15403.6,-52940.6
191006142529800,374091503844,164,rotation-trial,6560,-13088,-55552,11348.1,-14443.6,-53228.6
191006143537300,374092503844,165,rotation-trial,6720,-13120,-54304,11508.1,-14475.6,-51980.6
191006144528400,374093504219,166,rotation-trial,6784,-13088,-54048,11572.1,-14443.6,-51724.6
191006145527400,374094506261,167,rotation-trial,7392,-13120,-53664,12180.1,-14475.6,-51340.6
191006146526500,374095506428,168,rotation-trial,7488,-12576,-53568,12276.1,-13931.6,-51244.6
191006147526300,374096503886,169,rotation-trial,7744,-12800,-52768,12532.1,-14155.6,-50444.6
191006148526100,374097504094,170,rotation-trial,8448,-12832,-51712,13236.1,-14187.6,-49388.6
191006149526200,374098504011,171,rotation-trial,8608,-13440,-51616,13396.1,-14795.6,-49292.6
191006150524200,374099504969,172,rotation-trial,8960,-12544,-51712,13748.1,-13899.6,-49388.6
191006151526500,374100503469,173,rotation-trial,8672,-13248,-50400,13460.1,-14603.6,-48076.6
191006152526200,374101503928,174,rotation-trial,9728,-12640,-50016,14516.1,-13995.6,-47692.6
191006153520600,374102503969,175,rotation-trial,9632,-13888,-49280,14420.1,-15243.6,-46956.6
191006154524200,374103503886,176,rotation-trial,9856,-13856,-49312,14644.1,-15211.6,-46988.6
191006155526200,374104503969,177,rotation-trial,9536,-13472,-48256,14324.1,-14827.6,-45932.6
191006156524700,374105504136,178,rotation-trial,9056,-13504,-47520,13844.1,-14859.6,-45196.6
191006157525900,374106503886,179,rotation-trial,9920,-13600,-47904,14708.1,-14955.6,-45580.6
191006158524100,374107503844,180,rotation-trial,9984,-13728,-47264,14772.1,-15083.6,-44940.6
191006159534000,374108504094,181,rotation-trial,9920,-13696,-46560,14708.1,-15051.6,-44236.6
191006160540800,374109503886,182,rotation-trial,9696,-13664,-47392,14484.1,-15019.6,-45068.6
191006161532600,374110503469,183,rotation-trial,9344,-13824,-46624,14132.1,-15179.6,-44300.6
191006162528100,374111503844,184,rotation-trial,10176,-13536,-45600,14964.1,-14891.6,-43276.6
191006163527200,374112503969,185,rotation-trial,9280,-13856,-45504,14068.1,-15211.6,-43180.6
191006164525200,374113504053,186,rotation-trial,9568,-13376,-45280,14356.1,-14731.6,-42956.6
191006165527400,374114504011,187,rotation-trial,9760,-13280,-44864,14548.1,-14635.6,-42540.6
191006166525700,374115503928,188,rotation-trial,10112,-12960,-45152,14900.1,-14315.6,-42828.6
191006167527300,374116503969,189,rotation-trial,10080,-12928,-44192,14868.1,-14283.6,-41868.6
191006168527100,374117503969,190,rotation-trial,10016,-12192,-44192,14804.1,-13547.6,-41868.6
191006169521600,374118504053,191,rotation-trial,9952,-11584,-44608,14740.1,-12939.6,-42284.6
191006170524500,374119503969,192,rotation-trial,10048,-11744,-43968,14836.1,-13099.6,-41644.6
191006171527400,374120503844,193,rotation-trial,10432,-11552,-43072,15220.1,-12907.6,-40748.6
191006172527100,374121503886,194,rotation-trial,10432,-11552,-43328,15220.1,-12907.6,-41004.6
191006173527000,374122504053,195,rotation-trial,9536,-10912,-42496,14324.1,-12267.6,-40172.6
191006174526500,374123504053,196,rotation-trial,9600,-11008,-42048,14388.1,-12363.6,-39724.6
191006175535400,374124503928,197,rotation-trial,9376,-10368,-41920,14164.1,-11723.6,-39596.6
191006176531900,374125504053,198,rotation-trial,9664,-10368,-42336,14452.1,-11723.6,-40012.6
191006177522900,374126503886,199,rotation-trial,9312,-9984,-41856,14100.1,-11339.6,-39532.6
191006178521900,374127504053,200,rotation-trial,9984,-9408,-41920,14772.1,-10763.6,-39596.6
191006179523500,374128504053,201,rotation-trial,8544,-9344,-42016,13332.1,-10699.6,-39692.6
191006180546200,374129504636,202,rotation-trial,9472,-8928,-40928,14260.1,-10283.6,-38604.6
191006181541600,374130503969,203,rotation-trial,9024,-8896,-41600,13812.1,-10251.6,-39276.6
191006183210800,374131503719,204,rotation-trial,8000,-8640,-40768,12788.1,-9995.6,-38444.6
191006184271200,374132504344,205,rotation-trial,8864,-9344,-40512,13652.1,-10699.6,-38188.6
191006184536900,374133504011,206,rotation-trial,8416,-9568,-39648,13204.1,-10923.6,-37324.6
191006185539300,374134503969,207,rotation-trial,8224,-9248,-39328,13012.1,-10603.6,-37004.6
191006186531900,374135503386,208,rotation-trial,8992,-9504,-38944,13780.1,-10859.6,-36620.6
191006187538500,374136503886,209,rotation-trial,8960,-9792,-38432,13748.1,-11147.6,-36108.6
191006188939300,374137504011,210,rotation-trial,8576,-10560,-37664,13364.1,-11915.6,-35340.6
191006189733400,374138503844,211,rotation-trial,8416,-10496,-37408,13204.1,-11851.6,-35084.6
191006191077900,374139503844,212,rotation-trial,8704,-10912,-37280,13492.1,-12267.6,-34956.6
191006191535400,374140504011,213,rotation-trial,8416,-11328,-35776,13204.1,-12683.6,-33452.6
191006192535500,374141505386,214,rotation-trial,8288,-11232,-36032,13076.1,-12587.6,-33708.6
191006193958400,374142503928,215,rotation-trial,8384,-11520,-35872,13172.1,-12875.6,-33548.6
191006194535200,374143503969,216,rotation-trial,7936,-11808,-35456,12724.1,-13163.6,-33132.6
191006195519200,374144503803,217,rotation-trial,7776,-11808,-35040,12564.1,-13163.6,-32716.6
191006196542600,374145503678,218,rotation-trial,8032,-11840,-34880,12820.1,-13195.6,-32556.6
191006198142400,374146503886,219,rotation-trial,8256,-11456,-34944,13044.1,-12811.6,-32620.6
191006198953200,374147504011,220,rotation-trial,7744,-11456,-34048,12532.1,-12811.6,-31724.6
191006199531900,374148503928,221,rotation-trial,8448,-10688,-34112,13236.1,-12043.6,-31788.6
191006200539300,374149503928,222,rotation-trial,7808,-10880,-33120,12596.1,-12235.6,-30796.6
191006201540400,374150503844,223,rotation-trial,7488,-10656,-33472,12276.1,-12011.6,-31148.6
191006202676300,374151503761,224,rotation-trial,7264,-10464,-33792,12052.1,-11819.6,-31468.6
191006203538900,374152504094,225,rotation-trial,7712,-9888,-33408,12500.1,-11243.6,-31084.6
191006204538000,374153504136,226,rotation-trial,6880,-9600,-33152,11668.1,-10955.6,-30828.6
191006205541300,374154503803,227,rotation-trial,6720,-8576,-32928,11508.1,-9931.6,-30604.6
191006206541100,374155503886,228,rotation-trial,6720,-8192,-33120,11508.1,-9547.6,-30796.6
191006207542000,374156503803,229,rotation-trial,6208,-7776,-32544,10996.1,-9131.6,-30220.6
191006208533700,374157504803,230,rotation-trial,6464,-7296,-31904,11252.1,-8651.6,-29580.6
191006209539300,374158505469,231,rotation-trial,6016,-6880,-33088,10804.1,-8235.6,-30764.6
191006210541700,374159503803,232,rotation-trial,6112,-6464,-31584,10900.1,-7819.6,-29260.6
191006211539700,374160505219,233,rotation-trial,6272,-5792,-32000,11060.1,-7147.6,-29676.6
191006212542700,374161503761,234,rotation-trial,5696,-6080,-31616,10484.1,-7435.6,-29292.6
191006213541100,374162507219,235,rotation-trial,5088,-5408,-31296,9876.11,-6763.6,-28972.6
191006214548800,374163504219,236,rotation-trial,4832,-5088,-31712,9620.11,-6443.6,-29388.6
191006215543300,374164505344,237,rotation-trial,4576,-5088,-31168,9364.11,-6443.6,-28844.6
191006216544500,374165503803,238,rotation-trial,5056,-4992,-31104,9844.11,-6347.6,-28780.6
191006217535500,374166503928,239,rotation-trial,4416,-5088,-30880,9204.11,-6443.6,-28556.6
191006218542500,374167504094,240,rotation-trial,4000,-4928,-30880,8788.11,-6283.6,-28556.6
191006219538100,374168503928,241,rotation-trial,3840,-5696,-30144,8628.11,-7051.6,-27820.6
191006220538600,374169503969,242,rotation-trial,3904,-5408,-29568,8692.11,-6763.6,-27244.6
191006221532500,374170504011,243,rotation-trial,3840,-5440,-29408,8628.11,-6795.6,-27084.6
191006222543300,374171504344,244,rotation-trial,3776,-5728,-28608,8564.11,-7083.6,-26284.6
191006223534400,374172504594,245,rotation-trial,3488,-6112,-27936,8276.11,-7467.6,-25612.6
191006224600700,374173504094,246,rotation-trial,3296,-6272,-27616,8084.11,-7627.6,-25292.6
191006225614800,374174503803,247,rotation-trial,3712,-6432,-26816,8500.11,-7787.6,-24492.6
191006226587600,374175503969,248,rotation-trial,3808,-6400,-26944,8596.11,-7755.6,-24620.6
191006227583500,374176508428,249,rotation-trial,3520,-6688,-26400,8308.11,-8043.6,-24076.6
191006228532800,374177503886,250,rotation-trial,3456,-6656,-25312,8244.11,-8011.6,-22988.6
191006229542600,374178504053,251,rotation-trial,2688,-6080,-26240,7476.11,-7435.6,-23916.6
191006230523700,374179503844,252,rotation-trial,3008,-6752,-25376,7796.11,-8107.6,-23052.6
191006231520300,374180504011,253,rotation-trial,2432,-5888,-25824,7220.11,-7243.6,-23500.6
191006232664200,374181504136,254,rotation-trial,2688,-6336,-24448,7476.11,-7691.6,-22124.6
191006233544300,374182504094,255,rotation-trial,2528,-6208,-24928,7316.11,-7563.6,-22604.6
191006234536500,374183503844,0,rotation-trial,2496,-5952,-24352,7284.11,-7307.6,-22028.6
191006235533000,374184507303,1,rotation-trial,2144,-5184,-24864,6932.11,-6539.6,-22540.6
191006236545600,374185503886,2,rotation-trial,1888,-4768,-24608,6676.11,-6123.6,-22284.6
191006237544000,374186504053,3,rotation-trial,1856,-4832,-23968,6644.11,-6187.6,-21644.6
191006238545100,374187504011,4,rotation-trial,832,-4096,-23520,5620.11,-5451.6,-21196.6
191006239606900,374188506594,5,rotation-trial,1408,-3808,-24384,6196.11,-5163.6,-22060.6
191006240542600,374189503886,6,rotation-trial,928,-3488,-23168,5716.11,-4843.6,-20844.6
191006241554200,374190503928,7,rotation-trial,352,-3264,-23072,5140.11,-4619.6,-20748.6
191006242543100,374191504053,8,rotation-trial,736,-2848,-22688,5524.11,-4203.6,-20364.6
191006243547300,374192503969,9,rotation-trial,672,-2432,-22624,5460.11,-3787.6,-20300.6
191006244549600,374193503928,10,rotation-trial,608,-2848,-22144,5396.11,-4203.6,-19820.6
191006245539600,374194503761,11,rotation-trial,0,-2080,-22176,4788.11,-3435.6,-19852.6
191006246535500,374195503928,12,rotation-trial,96,-2272,-22176,4884.11,-3627.6,-19852.6
191006247529000,374196503969,13,rotation-trial,-800,-2048,-22528,3988.11,-3403.6,-20204.6
191006248522100,374197503969,14,rotation-trial,-704,-2112,-21856,4084.11,-3467.6,-19532.6
191006249520500,374198503844,15,rotation-trial,-896,-1984,-20864,3892.11,-3339.6,-18540.6
191006250520800,374199504053,16,rotation-trial,-1472,-2240,-21280,3316.11,-3595.6,-18956.6
191006251521000,374200505386,17,rotation-trial,-1984,-2080,-21024,2804.11,-3435.6,-18700.6
191006252520300,374201503969,18,rotation-trial,-1440,-2752,-20768,3348.11,-4107.6,-18444.6
191006253614500,374202503886,19,rotation-trial,-2464,-2656,-20512,2324.11,-4011.6,-18188.6
191006254541800,374203503844,20,rotation-trial,-2112,-3008,-19712,2676.11,-4363.6,-17388.6
191006255555000,374204503844,21,rotation-trial,-2976,-3072,-20256,1812.11,-4427.6,-17932.6
191006256649600,374205503969,22,rotation-trial,-2592,-3008,-19584,2196.11,-4363.6,-17260.6
191006257686300,374206504011,23,rotation-trial,-3616,-3232,-19552,1172.11,-4587.6,-17228.6
191006258590200,374207504053,24,rotation-trial,-4320,-3040,-19008,468.108,-4395.6,-16684.6
191006259586300,374208504719,25,rotation-trial,-3872,-3104,-18048,916.108,-4459.6,-15724.6
191006261037600,374209503844,26,rotation-trial,-4672,-3008,-18880,116.108,-4363.6,-16556.6
191006261804500,374210503803,27,rotation-trial,-4480,-3072,-17760,308.108,-4427.6,-15436.6
191006262713800,374211506511,28,rotation-trial,-4576,-2944,-17696,212.108,-4299.6,-15372.6
191006263537700,374212504178,29,rotation-trial,-5600,-2688,-18080,-811.892,-4043.6,-15756.6
191006264529100,374213503803,30,rotation-trial,-5344,-3040,-17728,-555.892,-4395.6,-15404.6
191006265527400,374214503761,31,rotation-trial,-6144,-2272,-17856,-1355.89,-3627.6,-15532.6
191006266521900,374215503844,32,rotation-trial,-6176,-2336,-17536,-1387.89,-3691.6,-15212.6
191006267525300,374216504011,33,rotation-trial,-6464,-1920,-17280,-1675.89,-3275.6,-14956.6
191006268518800,374217504094,34,rotation-trial,-6912,-1568,-17376,-2123.89,-2923.6,-15052.6
191006269543300,374218503886,35,rotation-trial,-6400,-1312,-16640,-1611.89,-2667.6,-14316.6
191006270609800,374219503844,36,rotation-trial,-6912,-992,-16736,-2123.89,-2347.6,-14412.6
191006271604300,374220503844,37,rotation-trial,-6368,-960,-16000,-1579.89,-2315.6,-13676.6
191006272630000,374221504594,38,rotation-trial,-6880,-800,-16128,-2091.89,-2155.6,-13804.6
191006273533600,374222504219,39,rotation-trial,-7360,-448,-16896,-2571.89,-1803.6,-14572.6
191006274537600,374223505219,40,rotation-trial,-7328,-128,-15936,-2539.89,-1483.6,-13612.6
191006275629400,374224503886,41,rotation-trial,-6688,-32,-15872,-1899.89,-1387.6,-13548.6
191006276656900,374225503886,42,rotation-trial,-7200,288,-15456,-2411.89,-1067.6,-13132.6
191006277537600,374226505969,43,rotation-trial,-6752,-352,-15360,-1963.89,-1707.6,-13036.6
191006278654300,374227504136,44,rotation-trial,-7264,256,-15680,-2475.89,-1099.6,-13356.6
191006279531400,374228503844,45,rotation-trial,-7008,0,-15040,-2219.89,-1355.6,-12716.6
191006280607400,374229503886,46,rotation-trial,-7744,480,-14976,-2955.89,-875.604,-12652.6
191006281655900,374230503886,47,rotation-trial,-6976,704,-14976,-2187.89,-651.604,-12652.6
191006282604700,374231504094,48,rotation-trial,-7168,736,-14880,-2379.89,-619.604,-12556.6
191006283616400,374232504803,49,rotation-trial,-7072,704,-14528,-2283.89,-651.604,-12204.6
191006284602200,374233503845,50,rotation-trial,-7360,320,-14144,-2571.89,-1035.6,-11820.6
191006285536000,374234503970,51,rotation-trial,-6784,832,-13888,-1995.89,-523.604,-11564.6
191006286534000,374235504886,52,rotation-trial,-7520,480,-13472,-2731.89,-875.604,-11148.6
191006287528800,374236503803,53,rotation-trial,-7616,544,-13600,-2827.89,-811.604,-11276.6
191006288535500,374237503886,54,rotation-trial,-7488,608,-12992,-2699.89,-747.604,-10668.6
191006289668500,374238503886,55,rotation-trial,-7488,608,-13088,-2699.89,-747.604,-10764.6
191006290586900,374239503845,56,rotation-trial,-7392,-128,-12672,-2603.89,-1483.6,-10348.6
191006291617400,374240503886,57,rotation-trial,-7872,416,-12384,-3083.89,-939.604,-10060.6
191006292535300,374241505095,58,rotation-trial,-8448,128,-12192,-3659.89,-1227.6,-9868.56
191006293619000,374242505428,59,rotation-trial,-8576,-160,-11072,-3787.89,-1515.6,-8748.56
191006294530400,374243504261,60,rotation-trial,-9152,-352,-11904,-4363.89,-1707.6,-9580.56
191006295621500,374244503845,61,rotation-trial,-9600,-416,-11232,-4811.89,-1771.6,-8908.56
191006296621400,374245503886,62,rotation-trial,-9696,-512,-11264,-4907.89,-1867.6,-8940.56
191006297559400,374246503970,63,rotation-trial,-9888,-704,-11552,-5099.89,-2059.6,-9228.56
191006298544800,374247504678,64,rotation-trial,-9280,-352,-11232,-4491.89,-1707.6,-8908.56
191006299536600,374248503761,65,rotation-trial,-9664,-992,-10752,-4875.89,-2347.6,-8428.56
191006300528100,374249503970,66,rotation-trial,-10560,-416,-10272,-5771.89,-1771.6,-7948.56
191006301537400,374250504136,67,rotation-trial,-10592,-800,-9952,-5803.89,-2155.6,-7628.56
191006302549100,374251503970,68,rotation-trial,-10112,-864,-9824,-5323.89,-2219.6,-7500.56
191006303529100,374252504178,69,rotation-trial,-11040,-896,-10688,-6251.89,-2251.6,-8364.56
191006304543900,374253503761,70,rotation-trial,-11680,-384,-10144,-6891.89,-1739.6,-7820.56
